<?xml version="1.0" encoding="UTF-8"?><Publication xmlns:dc="http://purl.org/dc/elements/1.1/" xmlns:xsi="http://www.w3.org/2001/XMLSchema-instance" ID="F1042" type="Fiche d'information" xsi:noNamespaceSchemaLocation="../Schemas/3.0/Publication.xsd">
<dc:title>Détention provisoire</dc:title>
<dc:creator>Direction de l'information légale et administrative</dc:creator>
<dc:subject>Justice</dc:subject>
<dc:description>La détention provisoire est l'emprisonnement d'une personne qui n'a pas encore été jugée. Cette détention ne peut être ordonnée que dans les conditions prévues par la loi et pour une durée limitée. La détention provisoire est possible en cas d'information judiciaire, de comparution immédiate, de comparution à délai différé ou de comparution sur reconnaissance préalable de culpabilité (plaider coupable).</dc:description>
<dc:publisher>Direction de l'information légale et administrative</dc:publisher>
<dc:contributor>Direction de l'information légale et administrative (Premier ministre), Ministère chargé de la justice</dc:contributor>
<dc:date>modified 2020-10-20</dc:date>
<dc:type>Fiche pratique</dc:type>
<dc:format>text/xml</dc:format>
<dc:identifier>F1042</dc:identifier>
<dc:source>https://www.legifrance.gouv.fr/codes/id/LEGISCTA000021331523/, https://www.legifrance.gouv.fr/codes/id/LEGISCTA000021331519/, https://www.legifrance.gouv.fr/codes/id/LEGIARTI000038312505/, https://www.legifrance.gouv.fr/codes/id/LEGISCTA000006167486/</dc:source>
<dc:language>Fr</dc:language>
<dc:relation>isPartOf N263</dc:relation>
<dc:coverage>France entière</dc:coverage>
<dc:rights>https://www.service-public.fr/a-propos/mentions-legales</dc:rights>
<SurTitre>Fiche pratique</SurTitre>
<Audience>Particuliers</Audience>
<Canal>www.service-public.fr</Canal>
<FilDAriane>
<Niveau ID="Particuliers">Accueil particuliers</Niveau>
<Niveau ID="N19807">Justice</Niveau>
<Niveau ID="N263">Affaire pénale</Niveau>
<Niveau ID="F1042" type="Fiche d'information">Détention provisoire</Niveau>
</FilDAriane>
<Theme ID="N19807">
<Titre>Justice</Titre>
</Theme>
<SousThemePere ID="N271">Procédures judiciaires</SousThemePere><DossierPere ID="N263">
<Titre>Affaire pénale</Titre><SousDossier ID="N263-1">
<Titre>Mesures alternatives au procès</Titre>
<Fiche ID="F1824">Médiation pénale</Fiche>
<Fiche ID="F1461">Composition pénale</Fiche>
<Fiche ID="F10409">Comparution sur reconnaissance préalable de culpabilité (CRPC)</Fiche>
</SousDossier>
<SousDossier ID="N263-2">
<Titre>Lancement des poursuites</Titre>
<Fiche ID="F1435">Plainte simple</Fiche>
<Fiche ID="F20798">Plainte avec constitution de partie civile</Fiche>
<Fiche ID="F1455">Citation directe</Fiche>
</SousDossier>
<SousDossier ID="N263-3">
<Titre>Enquête</Titre>
<Fiche ID="F14837">Garde à vue</Fiche>
<Fiche ID="F32326">Perquisition</Fiche>
<Fiche ID="F1456">Information judiciaire</Fiche>
<Fiche ID="F1470">Mise en examen</Fiche>
<Fiche ID="F1489">Audition des témoins</Fiche>
</SousDossier>
<SousDossier ID="N263-4">
<Titre>Moyens de contrainte</Titre>
<Fiche ID="F2902">Contrôle judiciaire</Fiche>
<Fiche ID="F2007">Assignation à résidence avec surveillance électronique</Fiche>
<Fiche ID="F1042">Détention provisoire</Fiche>
</SousDossier>
<SousDossier ID="N263-5">
<Titre>Déroulement d'un procès</Titre>
<Fiche ID="F1457">Devant le tribunal de police</Fiche>
<Fiche ID="F1485">Devant le tribunal correctionnel</Fiche>
<Fiche ID="F1487">Devant la cour d'assises</Fiche>
<Fiche ID="F34165">Audition des témoins</Fiche>
</SousDossier>
</DossierPere>

<SousDossierPere>Moyens de contrainte</SousDossierPere>
<Introduction>
<Texte><Paragraphe>La détention provisoire est l'emprisonnement   d'une personne   qui n'a pas encore été jugée. Cette détention  ne peut être ordonnée que dans les conditions prévues par la loi et pour une   durée  limitée. La détention provisoire est possible en cas <LienIntra LienID="R52092" type="Définition de glossaire">d'information judiciaire</LienIntra>,  de comparution immédiate, de <LienIntra LienID="R53499" type="Définition de glossaire">comparution à délai différé</LienIntra> ou de comparution sur reconnaissance préalable de culpabilité (<Expression>plaider coupable</Expression>).</Paragraphe>
</Texte>
</Introduction>
<ListeSituations affichage="sequentiel"><Situation>
<Titre>Information judiciaire</Titre>
<Texte><Paragraphe>Une information judiciaire est une enquête  dirigée par un juge d'instruction. Elle  vise à rassembler les preuves de culpabilité ou d'innocence d'une personne soupçonnée d'avoir commis une  infraction. La personne soupçonnée peut être placée en détention provisoire pendant   l'information judiciaire. Les  conditions de placement en détention provisoire,    la procédure à suivre et la durée de détention sont encadrées  par la loi.</Paragraphe>
<Chapitre>
<Titre>
<Paragraphe>Situations concernées</Paragraphe>
</Titre><Paragraphe>Une personne peut être placée en détention provisoire quand elle est <LienInterne LienPublication="F1470" type="Fiche d'information" audience="Particuliers">mise en examen</LienInterne>  pour une infraction punie d'une peine de prison de 3 ans ou plus.</Paragraphe>
<Paragraphe>Une personne mise en examen peut aussi être placée en détention provisoire  lorsqu'elle ne respecte pas un <LienInterne LienPublication="F2902" type="Fiche d'information" audience="Particuliers">contrôle judiciaire</LienInterne> ou une <LienInterne LienPublication="F2007" type="Fiche d'information" audience="Particuliers">assignation à résidence avec surveillance électronique</LienInterne>.</Paragraphe>

</Chapitre>
<Chapitre>
<Titre>
<Paragraphe>Motifs de détention provisoire</Paragraphe>
</Titre>
				<Paragraphe>La détention provisoire peut être ordonnée uniquement si un <LienInterne LienPublication="F2902" type="Fiche d'information" audience="Particuliers">contrôle judiciaire</LienInterne> ou le <LienInterne LienPublication="F2007" type="Fiche d'information" audience="Particuliers"> port d'un bracelet électronique</LienInterne> ne sont pas suffisants pour parvenir à l'un ou plusieurs des objectifs suivants :</Paragraphe>
				<Liste type="puce">
					<Item>
						<Paragraphe>Conserver les preuves ou les indices</Paragraphe>
					</Item>
					<Item>
						<Paragraphe>Empêcher une pression sur les témoins ou leur famille</Paragraphe>
					</Item>
					<Item>
						<Paragraphe>Empêcher une pression sur les victimes ou leur famille</Paragraphe>
					</Item>
					<Item>
						<Paragraphe>Empêcher une concertation frauduleuse entre la personne mise en cause et ses coauteurs ou complices (par exemple, pour éviter qu'ils se mettent d'accord sur une fausse version des faits)</Paragraphe>
					</Item>
					<Item>
						<Paragraphe>Garantir le maintien de la personne mise en cause à la disposition de la justice</Paragraphe>
					</Item>
					<Item>
						<Paragraphe>Mettre fin à l'infraction ou éviter son renouvellement</Paragraphe>
					</Item>
				</Liste>
			
<Paragraphe>Le juge peut également justifier la détention provisoire en raison du trouble  à <LienIntra LienID="R50177" type="Définition de glossaire">l'ordre public</LienIntra> généré par l'affaire.  Ce motif est valable uniquement pour les <LienIntra LienID="R49230" type="Définition de glossaire">crimes</LienIntra>. La médiatisation de l'affaire ne suffit pas pour justifier un trouble à l'ordre public.</Paragraphe>
<Paragraphe>Le juge doit indiquer dans sa décision quels sont les objectifs qui rendent la détention provisoire nécessaire.</Paragraphe>
<ASavoir>
<Titre>À savoir</Titre><Paragraphe>la détention provisoire peut aussi être ordonnée lorsque la personne mise en examen n'a pas respecté ses obligations de <LienInterne LienPublication="F2902" type="Fiche d'information" audience="Particuliers">contrôle judiciaire</LienInterne> ou <LienInterne LienPublication="F2007" type="Fiche d'information" audience="Particuliers">d'assignation à résidence avec surveillance électronique</LienInterne>.</Paragraphe>
</ASavoir>
</Chapitre>
<Chapitre>
<Titre>
<Paragraphe>Procédure</Paragraphe>
</Titre><SousChapitre>
<Titre>
<Paragraphe>Saisine du juge des libertés et de la détention</Paragraphe>
</Titre>
				<Paragraphe>Le placement en détention provisoire est décidé par le juge des libertés et de la détention (JLD).</Paragraphe>
				<Paragraphe>Pour saisir le JLD, le juge d'instruction rédige une <LienIntra LienID="R1058" type="Définition de glossaire">ordonnance</LienIntra>.</Paragraphe>
				<Paragraphe>C'est le JLD qui examine ensuite la demande de placement en détention provisoire.</Paragraphe>
			

</SousChapitre>
<SousChapitre>
<Titre>
<Paragraphe>Audience devant le juge des libertés et de la détention</Paragraphe>
</Titre><Paragraphe>Le JLD reçoit la personne mise en examen. Elle doit obligatoirement être assistée d'un avocat. Si la personne mise en examen est sans avocat, le juge l'informe qu'elle doit en choisir un. Si la personne ne fait pas de choix, un avocat est désigné par le <LienIntra LienID="R19324" type="Définition de glossaire">bâtonnier</LienIntra>.</Paragraphe>
<Paragraphe>La décision définitive intervient après un <LienIntra LienID="R51968" type="Définition de glossaire">débat contradictoire</LienIntra>. Lors de ce débat, le <LienIntra LienID="R1123" type="Définition de glossaire">procureur de la République</LienIntra>, le mis en examen et son avocat ont la parole à tour de rôle.</Paragraphe>
<ASavoir>
<Titre>À savoir</Titre><Paragraphe>la personne mise en examen a le droit de demander un délai pour préparer sa défense. Dans ce cas, le JLD peut mettre en prison le mis en examen pour une durée maximum de 4 <LienIntra LienID="R17508" type="Définition de glossaire">jours ouvrables</LienIntra>. Une nouvelle audience doit avoir lieu avant la fin du délai.</Paragraphe>
</ASavoir>
</SousChapitre>
<SousChapitre>
<Titre>
<Paragraphe>Décision du juge des libertés et de la détention</Paragraphe>
</Titre><Paragraphe>Le JLD rend une <LienIntra LienID="R1058" type="Définition de glossaire">ordonnance</LienIntra>.</Paragraphe>
<Paragraphe>Dans cette ordonnance, le JLD peut ordonner le placement en  détention provisoire. Dans ce cas, le mis en examen part en prison immédiatement.</Paragraphe>
<Paragraphe>Le JLD peut aussi refuser de placer la personne mise en examen en détention provisoire. Dans ce cas, il peut ordonner un placement sous contrôle judiciaire ou un placement sous bracelet électronique.</Paragraphe>
<Paragraphe>Cette ordonnance est  <LienIntra LienID="R14732" type="Définition de glossaire">notifiée</LienIntra> à la personne mise en examen à la fin de l'audience.</Paragraphe>

</SousChapitre>
<SousChapitre>
<Titre>
<Paragraphe>Recours</Paragraphe>
</Titre><Paragraphe>La personne mise en examen peut faire <LienIntra LienID="R53896" type="Définition de glossaire">appel</LienIntra> de l'ordonnance de placement en détention provisoire.</Paragraphe>
<Paragraphe>L'appel peut être effectué juste après l'audience par déclaration auprès du greffier du JLD.</Paragraphe>
<Paragraphe>Une fois que la personne mise en examen est détenue, l'appel doit être effectué par un formulaire de déclaration d'appel rempli auprès du greffe de l'établissement pénitentiaire.</Paragraphe>
<Paragraphe>La personne mise en examen mis en examen peut aussi charger son avocat de faire appel.</Paragraphe>
<Paragraphe>L'appel est examiné par la chambre de l'instruction de la cour d'appel.</Paragraphe>

</SousChapitre>
</Chapitre>
<Chapitre>
<Titre>
<Paragraphe>Durée de la détention</Paragraphe>
</Titre><Paragraphe>La détention est d'abord prononcée pour une durée initiale. Elle peut être prolongée en cours d'information judiciaire par le juge des libertés et de la détention (JLD).</Paragraphe>
<Paragraphe>La durée de la détention provisoire n'est pas la même pour un <LienIntra LienID="R49229" type="Définition de glossaire"> délit</LienIntra> et pour un <LienIntra LienID="R49230" type="Définition de glossaire">crime</LienIntra>.</Paragraphe>
<BlocCas affichage="onglet"><Cas>
<Titre>
<Paragraphe>Pour un délit</Paragraphe>
</Titre><Paragraphe>La durée initiale de détention est de 4 mois.</Paragraphe>
<Paragraphe>Avant la fin de cette période, la mesure peut être prolongée après un <LienIntra LienID="R45502" type="Définition de glossaire">débat contradictoire</LienIntra> devant le JLD.</Paragraphe>
<ASavoir>
<Titre>À savoir</Titre><Paragraphe>le détenu peut faire <LienIntra LienID="R53896" type="Définition de glossaire">appel</LienIntra> de <LienIntra LienID="R1058" type="Définition de glossaire">l'ordonnance</LienIntra> du JLD qui prolonge la détention provisoire.</Paragraphe>
</ASavoir><Paragraphe>La détention peut être prolongée 2 fois pour une durée de 4 mois à chaque fois.</Paragraphe>
<Paragraphe>La détention provisoire ne peut pas être prolongée au delà des 4 premiers mois quand les 2 conditions suivantes sont remplies :</Paragraphe>
<Liste type="puce">
<Item>
<Paragraphe>La personne mise en examen n'a pas déjà été condamnée à une peine criminelle ou à une peine de prison ferme supérieure à 1 an pour un délit</Paragraphe>
</Item>
<Item>
<Paragraphe>L'infraction pour laquelle la personne est mise en examen doit être punie d'une peine de prison inférieure ou égale à 5 ans</Paragraphe>
</Item>
</Liste>
<Paragraphe>La durée totale de la détention provisoire est de  maximum 1 an.</Paragraphe>
<Paragraphe>Toutefois,  la durée maximale est portée à 2 ans si un fait constitutif de l'infraction a été commis hors de France (par exemple, si un trafiquant a acheté sa marchandise à l'étranger).</Paragraphe>
<Paragraphe>La durée maximale est également portée à 2 ans si l'infraction poursuivie est un délit grave puni de 10 ans de prison. Il s'agit du trafic de stupéfiants, du terrorisme, de l'association de malfaiteurs, du <LienIntra LienID="R56382" type="Définition de glossaire">proxénétisme</LienIntra>, de l'extorsion de fonds, du délit en bande organisée).</Paragraphe>

<ANoter>
<Titre>À noter</Titre><Paragraphe>la chambre de l'instruction de la cour d'appel peut exceptionnellement prolonger  la détention. Cette décision permet de prolonger une dernière fois la détention provisoire pour une durée de 4 mois. La détention peut alors durer au maximum 2 ans et 4 mois.</Paragraphe>
</ANoter>
</Cas>
<Cas>
<Titre>
<Paragraphe>Pour un crime</Paragraphe>
</Titre><Paragraphe>La durée initiale du placement en détention provisoire est de 1 an.</Paragraphe>
<Paragraphe>Après ce délai, la détention provisoire peut être prolongée tous les 6 mois après un <LienIntra LienID="R45502" type="Définition de glossaire">débat contradictoire</LienIntra> devant le JLD.</Paragraphe>
<Paragraphe>Le détenu peut faire <LienIntra LienID="R53896" type="Définition de glossaire">appel</LienIntra> de <LienIntra LienID="R1058" type="Définition de glossaire">l'ordonnance</LienIntra> du JLD qui prolonge la détention provisoire.</Paragraphe>
<Paragraphe>La durée maximale de la détention provisoire dépend des crimes pour lesquels la personne est mise en examen.</Paragraphe>

<BlocCas affichage="radio"><Cas>
<Titre>
<Paragraphe>Crime puni par une peine de prison inférieure à 20 ans</Paragraphe>
</Titre><Paragraphe>La durée totale de la détention est limitée à 2 ans.</Paragraphe>
<Paragraphe>Cette durée est de 3 ans lorsque l'un des faits constitutifs de l'infraction a été commis hors de France (par exemple, si dans une affaire de violences, une partie d'entre elles ont eu lieu à l'étranger).</Paragraphe>
<ANoter>
<Titre>À noter</Titre><Paragraphe>la chambre de l'instruction de la cour d'appel peut prolonger exceptionnellement la détention provisoire de 4 mois supplémentaires, une ou 2 fois.</Paragraphe>
</ANoter>
</Cas>
<Cas>
<Titre>
<Paragraphe>Crimes multiples</Paragraphe>
</Titre><Paragraphe>Si la personne est mise en examen pour plusieurs crimes, la durée totale de la détention est limitée à 4 ans.</Paragraphe>
<Paragraphe>Cette durée est valable pour certains crimes graves : multiples meurtres ou viols, trafic de stupéfiants, terrorisme, <LienIntra LienID="R56382" type="Définition de glossaire">proxénétisme</LienIntra>, extorsion de fonds, crime commis en bande organisée ...</Paragraphe>
<ANoter>
<Titre>À noter</Titre><Paragraphe>la chambre de l'instruction de la cour d'appel peut prolonger exceptionnellement la détention provisoire de 4 mois supplémentaires, une ou 2 fois.</Paragraphe>
</ANoter>
</Cas>
<Cas>
<Titre>
<Paragraphe>Trafic de stupéfiants</Paragraphe>
</Titre><Paragraphe>La durée totale de la détention est limitée à 4 ans.</Paragraphe>
<ANoter>
<Titre>À noter</Titre><Paragraphe>la chambre de l'instruction de la cour d'appel peut prolonger exceptionnellement la détention provisoire de 4 mois supplémentaires, une ou 2 fois.</Paragraphe>
</ANoter>
</Cas>
<Cas>
<Titre>
<Paragraphe>Terrorisme</Paragraphe>
</Titre><Paragraphe>La durée totale de la détention est limitée à 4 ans.</Paragraphe>
<ANoter>
<Titre>À noter</Titre><Paragraphe>la chambre de l'instruction de la cour d'appel peut prolonger exceptionnellement la détention provisoire de 4 mois supplémentaires, une ou 2 fois.</Paragraphe>
</ANoter>
</Cas>
<Cas>
<Titre>
<Paragraphe>Proxénétisme</Paragraphe>
</Titre><Paragraphe>La durée totale de la détention est limitée à 4 ans.</Paragraphe>
<ANoter>
<Titre>À noter</Titre><Paragraphe>la chambre de l'instruction de la cour d'appel peut prolonger exceptionnellement la détention provisoire de 4 mois supplémentaires, une ou 2 fois.</Paragraphe>
</ANoter>
</Cas>
<Cas>
<Titre>
<Paragraphe>Extorsion de fonds</Paragraphe>
</Titre><Paragraphe>La durée totale de la détention est limitée à 4 ans.</Paragraphe>
<ANoter>
<Titre>À noter</Titre><Paragraphe>la chambre de l'instruction de la cour d'appel peut prolonger exceptionnellement la détention provisoire de 4 mois supplémentaires, une ou 2 fois.</Paragraphe>
</ANoter>
</Cas>
<Cas>
<Titre>
<Paragraphe>Crime commis en bande organisée</Paragraphe>
</Titre><Paragraphe>La durée totale de la détention est limitée à 4 ans.</Paragraphe>
<ANoter>
<Titre>À noter</Titre><Paragraphe>la chambre de l'instruction de la cour d'appel peut prolonger exceptionnellement la détention provisoire de 4 mois supplémentaires, une ou 2 fois.</Paragraphe>
</ANoter>
</Cas>
<Cas>
<Titre>
<Paragraphe>Autres cas</Paragraphe>
</Titre><Paragraphe>La durée totale de la détention est limitée à 3 ans.</Paragraphe>
<Paragraphe>Cette durée est de 4 ans lorsque l'un des faits constitutifs de l'infraction a été commis hors de France (par exemple, si dans une affaire de meurtre une partie des violences a été commise à l'étranger).</Paragraphe>
<ANoter>
<Titre>À noter</Titre><Paragraphe>la chambre de l'instruction de la cour d'appel peut prolonger exceptionnellement la détention provisoire de 4 mois supplémentaires, une ou deux fois.</Paragraphe>
</ANoter>
</Cas>
</BlocCas>
</Cas>
</BlocCas>

</Chapitre>
<Chapitre>
<Titre>
<Paragraphe>Droits du détenu</Paragraphe>
</Titre><Paragraphe>La personne mise en examen placée en détention provisoire a des <LienInterne LienPublication="F14149" type="Fiche d'information" audience="Particuliers">droits</LienInterne> (visites, correspondance, ...).</Paragraphe>
<Paragraphe>Certains droits peuvent être limités par le juge d'instruction. Par exemple, il peut interdire au détenu certaines visites extérieures ou encore s'opposer à la communication écrite ou téléphonique du détenu avec certaines personnes extérieures.</Paragraphe>

</Chapitre>
<Chapitre>
<Titre>
<Paragraphe>Remise en liberté</Paragraphe>
</Titre><Paragraphe>À tout moment, le mis en examen détenu peut demander sa mise en liberté. Le juge d'instruction peut également ordonner lui-même la mise en liberté sans demande préalable du détenu.</Paragraphe>

<SousChapitre>
<Titre>
<Paragraphe>Demande</Paragraphe>
</Titre><Paragraphe>La demande se fait par déclaration auprès du greffe de l'établissement pénitentiaire par un formulaire de déclaration d'appel.</Paragraphe>
<Paragraphe>Le détenu peut également charger son avocat de faire la demande de mise en liberté.</Paragraphe>
<ASavoir>
<Titre>À savoir</Titre><Paragraphe>le détenu ou son avocat peut demander une autorisation de sortie provisoire sous escorte pour des raisons exceptionnelles (par exemple le décès d'un proche). En cas de refus du juge d'instruction, le détenu peut faire un recours auprès de la chambre de l'instruction.</Paragraphe>
</ASavoir>
</SousChapitre>
<SousChapitre>
<Titre>
<Paragraphe>Décision</Paragraphe>
</Titre><Paragraphe>Le juge d'instruction doit d'abord communiquer le dossier au procureur de la République. Le procureur prend des <LienIntra LienID="R53627" type="Définition de glossaire">réquisitions</LienIntra>, c'est-à-dire qu'il donne son avis sur l'éventuelle mise en liberté.</Paragraphe>
<Paragraphe>Suite à une demande de mise en liberté du détenu, le juge d'instruction doit prendre sa décision dans les 5 jours qui suivent la communication du dossier au procureur de la République.</Paragraphe>
<Paragraphe>Si le juge d'instruction ordonne la mise en liberté, il peut rendre une ordonnance de mise en liberté. Dans ce cas, le juge des libertés et détention (JLD) n'est pas saisi.</Paragraphe>
<Paragraphe>Dans le cas contraire, s'il ne souhaite pas libérer le détenu, le juge d'instruction doit saisir le JLD.</Paragraphe>
<Paragraphe>Le JLD doit dire s'il libère ou non le détenu dans un délai de 3 <LienIntra LienID="R17508" type="Définition de glossaire">jours ouvrables</LienIntra>. Il n'y a pas d'audience. Le JLD prend sa décision en étudiant le dossier remis par le juge d'instruction.</Paragraphe>
<ASavoir>
<Titre>À savoir</Titre><Paragraphe>si le JLD ne rend pas sa décision dans les 3 jours, le détenu peut saisir la chambre de l'instruction de la cour d'appel par requête.</Paragraphe>
</ASavoir><Paragraphe>Le détenu doit être libéré si les conditions de mise en détention provisoire ne sont plus remplies. Par exemple, si tous les suspects ont été entendus et qu'il n'y a plus de risque de concertation entre eux.</Paragraphe>
<Paragraphe>Le détenu doit également être libéré si la détention provisoire dépasse une durée raisonnable.</Paragraphe>
<Paragraphe>Lors de sa libération, le détenu peut être soumis à un <LienInterne LienPublication="F2902" type="Fiche d'information" audience="Particuliers">contrôle judiciaire</LienInterne> ou à une <LienInterne LienPublication="F2007" type="Fiche d'information" audience="Particuliers">assignation à résidence avec surveillance électronique</LienInterne>.</Paragraphe>

</SousChapitre>
<SousChapitre>
<Titre>
<Paragraphe>Recours</Paragraphe>
</Titre><Paragraphe>Le détenu peut faire <LienIntra LienID="R53896" type="Définition de glossaire">appel</LienIntra> de l'ordonnance  du JLD qui rejette une demande de mise en liberté.</Paragraphe>
<Paragraphe>L'appel doit être effectué par un formulaire de déclaration d'appel rempli auprès du greffe de l'établissement pénitentiaire.</Paragraphe>
<Paragraphe>Le mis en examen peut aussi charger son avocat de faire appel.</Paragraphe>
<Paragraphe>L'appel est examiné par la chambre de l'instruction de la cour d'appel.</Paragraphe>

</SousChapitre>
</Chapitre>
</Texte>
</Situation>
<Situation>
<Titre>Comparution immédiate</Titre>
<Texte><Paragraphe>La  comparution immédiate est une procédure  qui permet de juger une personne le jour où prend fin sa <LienIntra LienID="R54668" type="Définition de glossaire">garde à vue</LienIntra>.  Si la personne ne peut pas être jugée le jour-même, elle peut être mise en détention provisoire en attendant son procès.</Paragraphe>
<Chapitre>
<Titre>
<Paragraphe>Situations concernées</Paragraphe>
</Titre><Paragraphe>En fin de garde à vue, le procureur de la République peut décider de faire juger une personne mise en cause en <LienInterne LienPublication="F32129" type="Fiche Question-réponse" audience="Particuliers">comparution immédiate</LienInterne>. Si la comparution immédiate ne peut pas avoir lieu le jour-même, la personne mise en cause peut être mise en détention provisoire en attendant son procès.</Paragraphe>

</Chapitre>
<Chapitre>
<Titre>
<Paragraphe>Motifs de détention provisoire</Paragraphe>
</Titre>
				<Paragraphe>La détention provisoire peut être ordonnée uniquement si un <LienInterne LienPublication="F2902" type="Fiche d'information" audience="Particuliers">contrôle judiciaire</LienInterne> ou le <LienInterne LienPublication="F2007" type="Fiche d'information" audience="Particuliers"> port d'un bracelet électronique</LienInterne> ne sont pas suffisants pour parvenir à l'un ou plusieurs des objectifs suivants :</Paragraphe>
				<Liste type="puce">
					<Item>
						<Paragraphe>Conserver les preuves ou les indices</Paragraphe>
					</Item>
					<Item>
						<Paragraphe>Empêcher une pression sur les témoins ou leur famille</Paragraphe>
					</Item>
					<Item>
						<Paragraphe>Empêcher une pression sur les victimes ou leur famille</Paragraphe>
					</Item>
					<Item>
						<Paragraphe>Empêcher une concertation frauduleuse entre la personne mise en cause et ses coauteurs ou complices (par exemple, pour éviter qu'ils se mettent d'accord sur une fausse version des faits)</Paragraphe>
					</Item>
					<Item>
						<Paragraphe>Garantir le maintien de la personne mise en cause à la disposition de la justice</Paragraphe>
					</Item>
					<Item>
						<Paragraphe>Mettre fin à l'infraction ou éviter son renouvellement</Paragraphe>
					</Item>
				</Liste>
			

</Chapitre>
<Chapitre>
<Titre>
<Paragraphe>Procédure</Paragraphe>
</Titre><SousChapitre>
<Titre>
<Paragraphe>Saisine du juge des libertés et de la détention</Paragraphe>
</Titre>
				<Paragraphe>La détention provisoire est demandée par le procureur de la République. Il doit saisir le juge des libertés et de la détention (JLD).</Paragraphe>
				<Paragraphe>Ce juge statue sur la demande de placement en détention provisoire après avoir écouté les éventuelles observations de la personne mise en cause ou de son avocat.</Paragraphe>
			
<ASavoir>
<Titre>À savoir</Titre><Paragraphe>si l'audience de comparution immédiate débute mais que l'affaire ne peut finalement pas être jugée, le tribunal correctionnel peut lui-même placer une personne en détention provisoire. Le tribunal n'a pas besoin de  saisir le JLD.</Paragraphe>
</ASavoir>
</SousChapitre>
<SousChapitre>
<Titre>
<Paragraphe>Décision</Paragraphe>
</Titre>
				<Paragraphe>Le JLD rend une <LienIntra LienID="R1058" type="Définition de glossaire">ordonnance</LienIntra> qui est <LienIntra LienID="R14732" type="Définition de glossaire">notifiée</LienIntra> à la personne mise en cause.</Paragraphe>
				<Paragraphe>Cette ordonnance peut prévoir un placement en détention provisoire. Si le juge refuse la détention, il peut rendre une ordonnance de placement sous <LienInterne LienPublication="F2902" type="Fiche d'information" audience="Particuliers">contrôle judiciaire</LienInterne> ou une ordonnance de <LienInterne LienPublication="F2007" type="Fiche d'information" audience="Particuliers">placement sous bracelet électronique</LienInterne>.</Paragraphe>
			
<Paragraphe>Il n'est pas possible de faire <LienIntra LienID="R53896" type="Définition de glossaire">appel</LienIntra> de cette décision.</Paragraphe>

</SousChapitre>
</Chapitre>
<Chapitre>
<Titre>
<Paragraphe>Durée d'une détention provisoire</Paragraphe>
</Titre><Paragraphe>La personne est détenue jusqu'à son procès. Le procès doit avoir lieu dans les 3 <LienIntra LienID="R17508" type="Définition de glossaire">jours ouvrables</LienIntra> qui suivent la décision du juge.</Paragraphe>
<ASavoir>
<Titre>À savoir</Titre><Paragraphe>si la personne n'est pas placée en détention provisoire, le procès doit avoir lieu dans un délai de 10 jours à 6 mois.</Paragraphe>
</ASavoir>
</Chapitre>
<Chapitre>
<Titre>
<Paragraphe>Remise en liberté</Paragraphe>
</Titre><Paragraphe>La personne placée en détention provisoire doit être remise en liberté si le procès n'a pas eu lieu dans les 3 <LienIntra LienID="R17508" type="Définition de glossaire">jours ouvrables</LienIntra> suivant sa mise en détention.</Paragraphe>

</Chapitre>
</Texte>
</Situation>
<Situation>
<Titre>Comparution à délai différé</Titre>
<Texte><Paragraphe>Une comparution à délai différé est une procédure qui permet au procureur de la République de faire juger une personne après sa <LienIntra LienID="R54668" type="Définition de glossaire">garde à vue</LienIntra>. La comparution à délai différé est utilisée si certains actes déterminants pour l'enquête pénale (une expertise par exemple) ne sont pas obtenus avant la fin de la garde à vue. En attendant le procès, la personne mise en cause peut être placée en détention provisoire.</Paragraphe>
<Chapitre>
<Titre>
<Paragraphe>Situations concernées</Paragraphe>
</Titre><Paragraphe>La personne mise en cause peut être placée en détention provisoire avant le procès quand il manque certains résultats de l'enquête ou des résultats d'expertises à la fin de la garde à vue.</Paragraphe>
<Paragraphe>La détention provisoire est possible si l'infraction qui est reprochée à la personne mise en cause est punie d'une peine de prison de 3 ans ou plus.</Paragraphe>

</Chapitre>
<Chapitre>
<Titre>
<Paragraphe>Motifs de détention provisoire</Paragraphe>
</Titre>
				<Paragraphe>La détention provisoire peut être ordonnée uniquement si un <LienInterne LienPublication="F2902" type="Fiche d'information" audience="Particuliers">contrôle judiciaire</LienInterne> ou le <LienInterne LienPublication="F2007" type="Fiche d'information" audience="Particuliers"> port d'un bracelet électronique</LienInterne> ne sont pas suffisants pour parvenir à l'un ou plusieurs des objectifs suivants :</Paragraphe>
				<Liste type="puce">
					<Item>
						<Paragraphe>Conserver les preuves ou les indices</Paragraphe>
					</Item>
					<Item>
						<Paragraphe>Empêcher une pression sur les témoins ou leur famille</Paragraphe>
					</Item>
					<Item>
						<Paragraphe>Empêcher une pression sur les victimes ou leur famille</Paragraphe>
					</Item>
					<Item>
						<Paragraphe>Empêcher une concertation frauduleuse entre la personne mise en cause et ses coauteurs ou complices (par exemple, pour éviter qu'ils se mettent d'accord sur une fausse version des faits)</Paragraphe>
					</Item>
					<Item>
						<Paragraphe>Garantir le maintien de la personne mise en cause à la disposition de la justice</Paragraphe>
					</Item>
					<Item>
						<Paragraphe>Mettre fin à l'infraction ou éviter son renouvellement</Paragraphe>
					</Item>
				</Liste>
			

</Chapitre>
<Chapitre>
<Titre>
<Paragraphe>Procédure</Paragraphe>
</Titre><SousChapitre>
<Titre>
<Paragraphe>Saisine du juge des libertés et de la détention</Paragraphe>
</Titre>
				<Paragraphe>La détention provisoire est demandée par le procureur de la République. Il doit saisir le juge des libertés et de la détention (JLD).</Paragraphe>
				<Paragraphe>Ce juge statue sur la demande de placement en détention provisoire après avoir écouté les éventuelles observations de la personne mise en cause ou de son avocat.</Paragraphe>
			

</SousChapitre>
<SousChapitre>
<Titre>
<Paragraphe>Décision</Paragraphe>
</Titre>
				<Paragraphe>Le JLD rend une <LienIntra LienID="R1058" type="Définition de glossaire">ordonnance</LienIntra> qui est <LienIntra LienID="R14732" type="Définition de glossaire">notifiée</LienIntra> à la personne mise en cause.</Paragraphe>
				<Paragraphe>Cette ordonnance peut prévoir un placement en détention provisoire. Si le juge refuse la détention, il peut rendre une ordonnance de placement sous <LienInterne LienPublication="F2902" type="Fiche d'information" audience="Particuliers">contrôle judiciaire</LienInterne> ou une ordonnance de <LienInterne LienPublication="F2007" type="Fiche d'information" audience="Particuliers">placement sous bracelet électronique</LienInterne>.</Paragraphe>
			

</SousChapitre>
<SousChapitre>
<Titre>
<Paragraphe>Recours</Paragraphe>
</Titre><Paragraphe>La personne mise en détention peut faire <LienIntra LienID="R53896" type="Définition de glossaire">appel</LienIntra> de l'ordonnance rendue dans un délai de 10 jours.</Paragraphe>
<Paragraphe>L'appel peut être effectué juste après l'audience par déclaration auprès du greffier du JLD.</Paragraphe>
<Paragraphe>Une fois que la personne est détenue, l'appel doit être effectué par un formulaire de déclaration d'appel rempli auprès du greffe de l'établissement pénitentiaire.</Paragraphe>
<Paragraphe>Le détenu peut aussi charger son avocat de faire appel.</Paragraphe>
<Paragraphe>L'appel est examiné par la chambre de l'instruction de la cour d'appel.</Paragraphe>

</SousChapitre>
</Chapitre>
<Chapitre>
<Titre>
<Paragraphe>Durée d'une détention provisoire</Paragraphe>
</Titre><Paragraphe>La personne est détenue jusqu'à son procès. Le procès doit avoir lieu au plus tard dans un délai de 2 mois après la décision du juge.</Paragraphe>

</Chapitre>
<Chapitre>
<Titre>
<Paragraphe>Remise en liberté</Paragraphe>
</Titre><Paragraphe>La personne placée en détention provisoire doit être remise en liberté si le procès n'a pas eu lieu dans les 2 mois qui suivent sa mise en détention.</Paragraphe>

</Chapitre>
</Texte>
</Situation>
<Situation>
<Titre>"Plaider coupable"</Titre>
<Texte><Paragraphe>Le "plaider coupable" ou comparution sur reconnaissance préalable de culpabilité (CRPC) est une procédure utilisée en matière pénale. Elle  permet de sanctionner  rapidement l'auteur d'une infraction et d'éviter qu'un procès ait lieu. Le procureur propose une peine à la personne mise en cause qui reconnaît sa culpabilité. La personne qui va être jugée suivant la procédure du "plaider coupable" peut être placée en détention provisoire si elle demande un délai pour réfléchir à la peine proposée.</Paragraphe>
<Chapitre>
<Titre>
<Paragraphe>Situations visées</Paragraphe>
</Titre><Paragraphe>En cas de <LienInterne LienPublication="F10409" type="Fiche d'information" audience="Particuliers">comparution sur reconnaissance préalable de culpabilité</LienInterne>, la personne mise en cause peut demander un délai de réflexion de 10 jours avant d'accepter ou de refuser la sanction proposée par le procureur de la République. Dans ce cas, si la peine proposée est supérieure ou égale à 2 mois de prison, la détention provisoire peut être demandée par le procureur de la République.</Paragraphe>

</Chapitre>
<Chapitre>
<Titre>
<Paragraphe>Motifs de détention provisoire</Paragraphe>
</Titre>
				<Paragraphe>La détention provisoire peut être ordonnée uniquement si un <LienInterne LienPublication="F2902" type="Fiche d'information" audience="Particuliers">contrôle judiciaire</LienInterne> ou le <LienInterne LienPublication="F2007" type="Fiche d'information" audience="Particuliers"> port d'un bracelet électronique</LienInterne> ne sont pas suffisants pour parvenir à l'un ou plusieurs des objectifs suivants :</Paragraphe>
				<Liste type="puce">
					<Item>
						<Paragraphe>Conserver les preuves ou les indices</Paragraphe>
					</Item>
					<Item>
						<Paragraphe>Empêcher une pression sur les témoins ou leur famille</Paragraphe>
					</Item>
					<Item>
						<Paragraphe>Empêcher une pression sur les victimes ou leur famille</Paragraphe>
					</Item>
					<Item>
						<Paragraphe>Empêcher une concertation frauduleuse entre la personne mise en cause et ses coauteurs ou complices (par exemple, pour éviter qu'ils se mettent d'accord sur une fausse version des faits)</Paragraphe>
					</Item>
					<Item>
						<Paragraphe>Garantir le maintien de la personne mise en cause à la disposition de la justice</Paragraphe>
					</Item>
					<Item>
						<Paragraphe>Mettre fin à l'infraction ou éviter son renouvellement</Paragraphe>
					</Item>
				</Liste>
			

</Chapitre>
<Chapitre>
<Titre>
<Paragraphe>Procédure</Paragraphe>
</Titre><SousChapitre>
<Titre>
<Paragraphe>Saisine du juge des libertés et de la détention</Paragraphe>
</Titre>
				<Paragraphe>La détention provisoire est demandée par le procureur de la République. Il doit saisir le juge des libertés et de la détention (JLD).</Paragraphe>
				<Paragraphe>Ce juge statue sur la demande de placement en détention provisoire après avoir écouté les éventuelles observations de la personne mise en cause ou de son avocat.</Paragraphe>
			

</SousChapitre>
<SousChapitre>
<Titre>
<Paragraphe>Décision</Paragraphe>
</Titre>
				<Paragraphe>Le JLD rend une <LienIntra LienID="R1058" type="Définition de glossaire">ordonnance</LienIntra> qui est <LienIntra LienID="R14732" type="Définition de glossaire">notifiée</LienIntra> à la personne mise en cause.</Paragraphe>
				<Paragraphe>Cette ordonnance peut prévoir un placement en détention provisoire. Si le juge refuse la détention, il peut rendre une ordonnance de placement sous <LienInterne LienPublication="F2902" type="Fiche d'information" audience="Particuliers">contrôle judiciaire</LienInterne> ou une ordonnance de <LienInterne LienPublication="F2007" type="Fiche d'information" audience="Particuliers">placement sous bracelet électronique</LienInterne>.</Paragraphe>
			
<Paragraphe>Il n'est pas possible de faire <LienIntra LienID="R53896" type="Définition de glossaire">appel</LienIntra> de cette décision.</Paragraphe>

</SousChapitre>
</Chapitre>
<Chapitre>
<Titre>
<Paragraphe>Durée de la détention provisoire</Paragraphe>
</Titre><Paragraphe>La personne mise en cause reste détenue  jusqu'à la nouvelle audience devant  le procureur de la République. Cette audience doit avoir lieu entre 10 et 20 jours après le placement en détention provisoire.</Paragraphe>

</Chapitre>
<Chapitre>
<Titre>
<Paragraphe>Remise en liberté</Paragraphe>
</Titre><Paragraphe>La personne placée en détention provisoire doit être remise en liberté si le procès n'a pas eu lieu dans les 20 jours après la mise en détention.</Paragraphe>

</Chapitre>
</Texte>
</Situation>
</ListeSituations><VoirAussi important="non">
<Dossier ID="N276" audience="Particuliers">
<Titre>Prison</Titre>
<Theme ID="N19807">
<Titre>Justice</Titre>
</Theme>
</Dossier>
<Fiche ID="F2902" audience="Particuliers">
<Titre>Contrôle judiciaire</Titre>
<Theme ID="N19807">
<Titre>Justice</Titre>
</Theme>
</Fiche>
<Fiche ID="F2007" audience="Particuliers">
<Titre>Bracelet électronique lors d'une assignation à résidence</Titre>
<Theme ID="N19807">
<Titre>Justice</Titre>
</Theme>
</Fiche>
<Fiche ID="F1456" audience="Particuliers">
<Titre>Information judiciaire</Titre>
<Theme ID="N19807">
<Titre>Justice</Titre>
</Theme>
</Fiche>
</VoirAussi>

<OuSAdresser ID="R11621" type="Local personnalisé sur SP">
<Titre>Maison de justice et du droit</Titre>
<Complement>Pour s'informer</Complement>
<PivotLocal>mjd</PivotLocal>
<RessourceWeb URL="http://www.annuaires.justice.gouv.fr/lieux-dacces-aux-droits-10111/"/>
<Source ID="R30663">Ministère chargé de la justice</Source>
</OuSAdresser>
<Reference type="Texte de référence" URL="https://www.legifrance.gouv.fr/codes/id/LEGISCTA000021331523/" ID="R2136">
<Titre>Code de procédure pénale : articles 137 à 137-4</Titre>
<Complement>Détention provisoire lors d'une information judiciaire</Complement>
</Reference>
<Reference type="Texte de référence" URL="https://www.legifrance.gouv.fr/codes/id/LEGISCTA000021331519/" ID="R2137">
<Titre>Code de procédure pénale : articles 143-1 à 148-8</Titre>
<Complement>Détention provisoire lors d'une information judiciaire</Complement>
</Reference>
<Reference type="Texte de référence" URL="https://www.legifrance.gouv.fr/codes/id/LEGIARTI000038312505/" ID="R16418">
<Titre>Code de procédure pénale : articles 393 à 397-7</Titre>
<Complement>Détention provisoire lors d'une comparution immédiate / à délai différé</Complement>
</Reference>
<Reference type="Texte de référence" URL="https://www.legifrance.gouv.fr/codes/id/LEGISCTA000006167486/" ID="R12000">
<Titre>Code de procédure pénale : articles 495-7 à 495-16</Titre>
<Complement>Détention provisoire lors d'un plaider coupable</Complement>
</Reference>
<Definition ID="R19324">
<Titre>Bâtonnier</Titre>
<Texte>
				<Paragraphe>Avocat élu par ses confrères dans chaque barreau pour les représenter et  garantir la déontologie et la discipline de la profession. Il désigne les avocats commis d'office, règle les différends entre eux ou avec leurs clients.</Paragraphe>
			</Texte>
</Definition>
<Definition ID="R56382">
<Titre>Proxénétisme</Titre>
<Texte>
				<Paragraphe>Acte délictuel qui consiste à favoriser la prostitution d'une autre personne ou à tirer un profit de la prostitution d'une autre personne</Paragraphe>
			</Texte>
</Definition>
<Definition ID="R45502">
<Titre>Débat contradictoire</Titre>
<Texte>
				<Paragraphe>Débat où chaque partie est en mesure d'exposer son point de vue et de discuter des preuves, faits, arguments liés à l'affaire concernée</Paragraphe>
			</Texte>
</Definition>
<Definition ID="R53627">
<Titre>Réquisitions</Titre>
<Texte>
				<Paragraphe>Ensemble des demandes adressées par le procureur de la République au juge d'instruction sur l'opportunité  des poursuites</Paragraphe>
			</Texte>
</Definition>
<Definition ID="R52092">
<Titre>Information judiciaire</Titre>
<Texte>
				<Paragraphe>Enquête judiciaire menée dans une affaire pénale et dirigée par un juge d'instruction</Paragraphe>
			</Texte>
</Definition>
<Definition ID="R53499">
<Titre>Comparution à délai différé</Titre>
<Texte>
				<Paragraphe>Procédure pénale  permettant de placer en détention provisoire ou d'assigner à résidence avec surveillance électronique une personne mise en cause dans une enquête pénale, dans l'attente de sa comparution à bref délai devant le tribunal correctionnel</Paragraphe>
			</Texte>
</Definition>
<Definition ID="R51968">
<Titre>Débat contradictoire</Titre>
<Texte>
				<Paragraphe>Débat au cours duquel les différentes parties à un litige ont pu échanger leurs arguments</Paragraphe>
			</Texte>
</Definition>
<Definition ID="R54668">
<Titre>Garde à vue</Titre>
<Texte>
				<Paragraphe>Mesure de privation de liberté prise à l'encontre d'un suspect lors d'une enquête judiciaire en matière pénale</Paragraphe>
			</Texte>
</Definition>
<Definition ID="R17508">
<Titre>Jour ouvrable</Titre>
<Texte>
				<Paragraphe>Correspond à tous les jours de la semaine, à l'exception du jour de repos hebdomadaire (généralement le dimanche) et des jours fériés habituellement non travaillés dans l'entreprise</Paragraphe>
			</Texte>
</Definition>
<Definition ID="R49230">
<Titre>Crime</Titre>
<Texte>
				<Paragraphe>Infraction la plus grave punissable par une peine de prison (homicide volontaire ou  viol par exemple)</Paragraphe>
			</Texte>
</Definition>
<Definition ID="R1058">
<Titre>Ordonnance</Titre>
<Texte>
				<Paragraphe>Nom donné à certaines décisions de justice prises par un magistrat unique (président de juridiction, juge d'instruction, etc.). Par exemple, une ordonnance de renvoi devant le tribunal correctionnel prise par un juge d'instruction.</Paragraphe>
			</Texte>
</Definition>
<Definition ID="R50177">
<Titre>Ordre public</Titre>
<Texte>
				<Paragraphe>Ensemble des règles et principes fondamentaux du droit</Paragraphe>
			</Texte>
</Definition>
<Definition ID="R1123">
<Titre>Procureur de la République</Titre>
<Texte>
				<Paragraphe>Magistrat à la tête du parquet (ou ministère public). Il est destinataire des plaintes et signalements. Il dirige les enquêtes, décide des poursuites et veille à l'application de la loi.</Paragraphe>
			</Texte>
</Definition>
<Definition ID="R49229">
<Titre>Délit</Titre>
<Texte>
				<Paragraphe>Infraction jugée par le tribunal correctionnel et punie principalement d'une amende et/ou  d'une peine d'emprisonnement inférieure à 10 ans</Paragraphe>
			</Texte>
</Definition>
<Definition ID="R14732">
<Titre>Notification</Titre>
<Texte>
				<Paragraphe>Formalité par laquelle un acte de procédure ou une décision est porté à la connaissance d’une personne</Paragraphe>
			</Texte>
</Definition>
<Definition ID="R53896">
<Titre>Appel</Titre>
<Texte>
				<Paragraphe>Voie de recours par laquelle une partie à un procès demande un nouveau jugement de l'affaire par une juridiction  supérieure</Paragraphe>
			</Texte>
</Definition>
<QuestionReponse ID="F13286" audience="Particuliers">Peut-on être indemnisé pour détention ou assignation à résidence injustifiée ?</QuestionReponse>




</Publication>
