<?xml version="1.0" encoding="UTF-8"?><Publication xmlns:dc="http://purl.org/dc/elements/1.1/" xmlns:xsi="http://www.w3.org/2001/XMLSchema-instance" ID="F10477" type="Fiche d'information" xsi:noNamespaceSchemaLocation="../Schemas/3.0/Publication.xsd">
<dc:title>Titulaire et cotitulaires du certificat d'immatriculation (ex-carte grise)</dc:title>
<dc:creator>Direction de l'information légale et administrative</dc:creator>
<dc:subject>Transports</dc:subject>
<dc:description>Un véhicule peut être immatriculé au nom d'un ou de plusieurs titulaires. Ces cotitulaires n'ont pas nécessairement de lien de parenté.</dc:description>
<dc:publisher>Direction de l'information légale et administrative</dc:publisher>
<dc:contributor>Direction de l'information légale et administrative (Premier ministre)</dc:contributor>
<dc:date>modified 2020-01-20</dc:date>
<dc:type>Fiche pratique</dc:type>
<dc:format>text/xml</dc:format>
<dc:identifier>F10477</dc:identifier>
<dc:source>https://www.legifrance.gouv.fr/loda/id/JORFTEXT000020237165</dc:source>
<dc:language>Fr</dc:language>
<dc:relation>isPartOf N367</dc:relation>
<dc:coverage>France entière</dc:coverage>
<dc:rights>https://www.service-public.fr/a-propos/mentions-legales</dc:rights>
<SurTitre>Fiche pratique</SurTitre>
<Audience>Particuliers</Audience>
<Canal>www.service-public.fr</Canal>
<FilDAriane>
<Niveau ID="Particuliers">Accueil particuliers</Niveau>
<Niveau ID="N19812">Transports</Niveau>
<Niveau ID="N367">Carte grise (certificat d'immatriculation)</Niveau>
<Niveau ID="F10477" type="Fiche d'information">Titulaire et cotitulaires du certificat d'immatriculation (ex-carte grise)</Niveau>
</FilDAriane>
<Theme ID="N19812">
<Titre>Transports</Titre>
</Theme><DossierPere ID="N367">
<Titre>Carte grise (certificat d'immatriculation)</Titre><SousDossier ID="N367-1">
<Titre>Vendre (ou donner) un véhicule</Titre>
<Fiche ID="F1707">Démarches à accomplir</Fiche>
<Fiche ID="F1360">Obtenir un certificat de non gage</Fiche>
</SousDossier>
<SousDossier ID="N367-2">
<Titre>Immatriculer un véhicule</Titre>
<Fiche ID="F10293">Immatriculer un véhicule neuf</Fiche>
<Fiche ID="F1050">Immatriculer un véhicule d'occasion</Fiche>
<Fiche ID="F10522">Immatriculer un tracteur ou un véhicule agricole</Fiche>
<Fiche ID="F1480">Hériter d'un véhicule</Fiche>
<Fiche ID="F1726">Demander un duplicata suite à une perte, un vol ou une détérioration</Fiche>
<Fiche ID="F19211">Coût de la carte grise</Fiche>
</SousDossier>
<SousDossier ID="N367-3">
<Titre>Titulaire du certificat et modification de sa situation</Titre>
<Fiche ID="F10477">Titulaire et cotitulaire de la carte grise</Fiche>
<Fiche ID="F12118">Changement d'adresse</Fiche>
<Fiche ID="F10613">Ajouter une autre personne sur sa carte grise</Fiche>
<Fiche ID="F31218">Retirer une personne sur la carte grise</Fiche>
<Fiche ID="F16876">Changement du nom du titulaire</Fiche>
</SousDossier>
<SousDossier ID="N367-4">
<Titre>Modifications du véhicule</Titre>
<Fiche ID="F1754">Véhicule retiré de la circulation</Fiche>
<Fiche ID="F1473">Véhicule accidenté</Fiche>
<Fiche ID="F1478">Véhicule transformé</Fiche>
<Fiche ID="F1468">Véhicule à détruire</Fiche>
</SousDossier>
<SousDossier ID="N367-5">
<Titre>Plaques d'immatriculation</Titre>
<Fiche ID="F20319">Caractéristiques</Fiche>
<Fiche ID="F18679">Vol</Fiche>
<Fiche ID="F34375">Usurpation</Fiche>
</SousDossier>
</DossierPere>

<SousDossierPere>Titulaire du certificat et modification de sa situation</SousDossierPere>
<Introduction>
<Texte><Paragraphe>Un véhicule peut être immatriculé au nom d'un ou de plusieurs titulaires. Ces cotitulaires n'ont pas nécessairement de lien de parenté.</Paragraphe>
</Texte>
</Introduction>
<Texte><Chapitre>
<Titre>
<Paragraphe>Peut-on indiquer plusieurs noms sur le certificat ?</Paragraphe>
</Titre><Paragraphe>Oui, la carte grise, désormais appelée <Expression>certificat d'immatriculation</Expression>, peut être établie au nom de plusieurs personnes, physiques ou morales.</Paragraphe>
<Paragraphe>Le titulaire principal de la carte grise doit être détenteur du permis l'autorisant à conduire le  véhicule à immatriculer. Si ce n'est pas le cas, il faut désigner comme titulaire principal le détenteur du permis.</Paragraphe>
<Paragraphe>Le nombre de cotitulaires apparaît sur la carte dans la rubrique C.4.1.</Paragraphe>
<Paragraphe>Les indications telles que <Citation>Monsieur</Citation>, <Citation>Mademoiselle</Citation>, <Citation>Madame</Citation>, <Citation>Monsieur et Madame</Citation> ou <Citation>Monsieur ou Madame</Citation> ne peuvent plus apparaître sur la carte grise.</Paragraphe>

</Chapitre>
<Chapitre>
<Titre>
<Paragraphe>Quels noms apparaissent sur la carte grise ?</Paragraphe>
</Titre><Paragraphe>Les noms et prénoms de  chaque cotitulaire sont inscrits dans le <LienInterne LienPublication="F17638" type="Fiche Question-réponse" audience="Particuliers">système d'immatriculation des véhicules (SIV)</LienInterne>, mais n'apparaissent pas sur la carte grise.</Paragraphe>
<Paragraphe>Seuls y figurent :</Paragraphe>
<Liste type="puce">
<Item>
<Paragraphe>le nom et le prénom du titulaire principal (rubrique C.1),</Paragraphe>
</Item>
<Item>
<Paragraphe>et le nombre de cotitulaires suivi par le nom du 1<Exposant>er</Exposant> cotitulaire  (rubrique C.4.1).</Paragraphe>
</Item>
</Liste>

</Chapitre>
<Chapitre>
<Titre>
<Paragraphe>Les cotitulaires doivent-ils avoir le même domicile ?</Paragraphe>
</Titre><Paragraphe>Non, les cotitulaires ne sont pas obligés d'avoir la même adresse.</Paragraphe>
<Paragraphe>La carte grise indiquera uniquement l'adresse du titulaire principal.</Paragraphe>

</Chapitre>
<Chapitre>
<Titre>
<Paragraphe>Faut-il avoir le permis de conduire pour immatriculer un véhicule à son nom ?</Paragraphe>
</Titre><Paragraphe>Oui, le titulaire principal de la carte grise doit être détenteur du permis l'autorisant à conduire le  véhicule à immatriculer. Si ce n'est pas le cas, il faut désigner comme titulaire principal le détenteur de ce permis.</Paragraphe>
<Paragraphe>Par exemple, un mineur peut  être titulaire de la carte grise d'un 2 roues de moins de 50 cm<Exposant>3</Exposant> s'il dispose du <LienInterne LienPublication="F2890" type="Fiche d'information" audience="Particuliers">brevet de sécurité routière (BSR)</LienInterne>, mais ne pourra pas être titulaire de la carte grise d'une voiture particulière.</Paragraphe>

</Chapitre>
</Texte><OuSAdresser ID="R49205" type="Centre de contact">
<Titre>34 00 - Informations sur la carte grise ou le permis de conduire</Titre><Texte>
						
								<Paragraphe>Serveur vocal interactif national apportant des réponses automatisées concernant la carte grise, le permis de conduire, la carte nationale d'identité et le passeport. </Paragraphe>
								<Paragraphe>Si l'usager n'obtient pas la réponse à sa question relative à la carte grise ou au permis de conduire, il sera mis en relation avec un conseiller de l'Agence nationale des titres sécurisés (ANTS).</Paragraphe>
							
						<Chapitre>
<Titre>
<Paragraphe>Par téléphone</Paragraphe>
</Titre>
								<Paragraphe>Depuis la métropole :</Paragraphe>
								<Paragraphe>
<MiseEnEvidence>34 00 </MiseEnEvidence>(coût d'un appel local)</Paragraphe>
								<Paragraphe>Depuis l'outre-mer :</Paragraphe>
								<Paragraphe>
<MiseEnEvidence>09 70 83 07 07</MiseEnEvidence>
</Paragraphe>
								<Paragraphe>Depuis l'étranger :</Paragraphe>
								<Paragraphe>
<MiseEnEvidence>+33 9 70 83 07 07</MiseEnEvidence>
</Paragraphe>
							</Chapitre>
					</Texte>
</OuSAdresser>
<Reference type="Texte de référence" URL="https://www.legifrance.gouv.fr/loda/id/JORFTEXT000020237165" ID="R20050">
<Titre>Arrêté du 9 février 2009 relatif aux modalités d'immatriculation des véhicules</Titre>
</Reference>
<QuestionReponse ID="F31853" audience="Particuliers">Carte grise : avec quels documents prouver son identité ? </QuestionReponse>
<QuestionReponse ID="F1028" audience="Particuliers">Carte grise : comment justifier de son domicile en France ?</QuestionReponse>
<QuestionReponse ID="F31529" audience="Particuliers">Quels recours si une demande de carte grise n'aboutit pas ?</QuestionReponse>
<QuestionReponse ID="F17638" audience="Particuliers">Qu'est-ce que le SIV (système d'immatriculation des véhicules) ?</QuestionReponse>
<QuestionReponse ID="F16536" audience="Particuliers">Peut-on choisir l'adresse qui figurera sur sa carte grise ?</QuestionReponse>
</Publication>
