<?xml version="1.0" encoding="UTF-8"?><Publication xmlns:dc="http://purl.org/dc/elements/1.1/" xmlns:xsi="http://www.w3.org/2001/XMLSchema-instance" ID="F10449" type="Fiche Question-réponse" xsi:noNamespaceSchemaLocation="../Schemas/3.0/Publication.xsd">
<dc:title>Quelle est la durée de validité d'un acte d'état civil ?</dc:title>
<dc:creator>Direction de l'information légale et administrative</dc:creator>
<dc:subject>Papiers - Citoyenneté</dc:subject>
<dc:description>La durée de validité des pièces d'état civil n'est pas limitée. Pour les démarches les plus courantes, un acte de naissance récent est toutefois exigé</dc:description>
<dc:publisher>Direction de l'information légale et administrative</dc:publisher>
<dc:contributor>Direction de l'information légale et administrative (Premier ministre)</dc:contributor>
<dc:date>modified 2020-01-06</dc:date>
<dc:type>Question-réponse</dc:type>
<dc:format>text/xml</dc:format>
<dc:identifier>F10449</dc:identifier>
<dc:source>https://www.legifrance.gouv.fr/codes/id/LEGISCTA000006136104, http://www.legifrance.gouv.fr/affichCode.do?idSectionTA=LEGISCTA000031370017&amp;cidTexte=LEGITEXT000031366350, https://www.legifrance.gouv.fr/loda/article_lc/LEGIARTI000033333825, https://www.legifrance.gouv.fr/loda/article_lc/LEGIARTI000034729485, http://www.textes.justice.gouv.fr/art_pix/JUSC1711700C.pdf</dc:source>
<dc:language>Fr</dc:language>
<dc:relation>isPartOf N359</dc:relation>
<dc:coverage>France entière</dc:coverage>
<dc:rights>https://www.service-public.fr/a-propos/mentions-legales</dc:rights>
<SurTitre>Question-réponse</SurTitre>
<Audience>Particuliers</Audience>
<Canal>www.service-public.fr</Canal>
<FilDAriane>
<Niveau ID="Particuliers">Accueil particuliers</Niveau>
<Niveau ID="N19810">Papiers - Citoyenneté</Niveau>
<Niveau ID="N359">Actes d'état civil</Niveau>
<Niveau ID="F10449" type="Fiche Question-réponse">Quelle est la durée de validité d'un acte d'état civil ?</Niveau>
</FilDAriane>
<Theme ID="N19810">
<Titre>Papiers - Citoyenneté</Titre>
</Theme>
<SousThemePere ID="N31785">État civil</SousThemePere><DossierPere ID="N359">
<Titre>Actes d'état civil</Titre>
<Fiche ID="F1427">Acte de naissance</Fiche>
<Fiche ID="F1432">Acte de mariage</Fiche>
<Fiche ID="F1444">Acte de décès</Fiche>
</DossierPere>

<Texte><Paragraphe>D'une façon générale, les pièces d'état civil (extraits et copies intégrales) sont valables quelle que soit leur date de délivrance.</Paragraphe>
<Paragraphe>Un <LienInterne LienPublication="F1427" type="Fiche d'information" audience="Particuliers">acte de naissance</LienInterne>, de <LienInterne LienPublication="F1432" type="Fiche d'information" audience="Particuliers">mariage</LienInterne> ou de <LienInterne LienPublication="F1444" type="Fiche d'information" audience="Particuliers">décès</LienInterne> demeure valable tant que les éléments qui y figurent n'ont pas été modifiés.</Paragraphe>
<Paragraphe>Cependant, pour les démarches les plus courantes, un acte de naissance récent est exigé.</Paragraphe>
<Tableau>
<Colonne largeur="50" type="normal"/>
<Colonne largeur="50" type="normal"/>
<Rangée type="header">
<Cellule>
<Paragraphe>Démarche</Paragraphe>
</Cellule>
<Cellule>
<Paragraphe>Date de délivrance de l'acte de naissance</Paragraphe>
</Cellule>
</Rangée>
<Rangée type="normal">
<Cellule>
<Paragraphe>Carte nationale d'identité</Paragraphe>
</Cellule>
<Cellule>
<Paragraphe>3 mois maximum</Paragraphe>
</Cellule>
</Rangée>
<Rangée type="normal">
<Cellule>
<Paragraphe>Passeport</Paragraphe>
</Cellule>
<Cellule>
<Paragraphe>3 mois maximum</Paragraphe>
</Cellule>
</Rangée>
<Rangée type="normal">
<Cellule>
<Paragraphe>Mariage</Paragraphe>
</Cellule>
<Cellule>
<Paragraphe>3 mois maximum si le service qui délivre l'acte  est français</Paragraphe>
<Paragraphe>6 mois maximum si le service qui délivre l'acte est étranger</Paragraphe>
<Paragraphe>(il n'y a pas de condition de délai si le système du pays ne prévoit pas la mise à jour des actes).</Paragraphe>
</Cellule>
</Rangée>
<Rangée type="normal">
<Cellule>
<Paragraphe>Pacs</Paragraphe>
</Cellule>
<Cellule>
<Paragraphe>3 mois maximum si le service qui délivre l'acte est français</Paragraphe>
<Paragraphe>6 mois maximum si le service qui délivre l'acte est étranger</Paragraphe>
</Cellule>
</Rangée>
</Tableau>

</Texte><VoirAussi important="non">
<Dossier ID="N358" audience="Particuliers">
<Titre>Carte d'identité</Titre>
<Theme ID="N19810">
<Titre>Papiers - Citoyenneté</Titre>
</Theme>
</Dossier>
<Dossier ID="N360" audience="Particuliers">
<Titre>Passeport</Titre>
<Theme ID="N19810">
<Titre>Papiers - Citoyenneté</Titre>
</Theme>
</Dossier>
</VoirAussi>
<Reference type="Texte de référence" URL="https://www.legifrance.gouv.fr/codes/id/LEGISCTA000006136104" ID="R15645">
<Titre>Code civil : articles 63 à 76</Titre>
<Complement>Article 70</Complement>
</Reference>
<Reference type="Texte de référence" URL="http://www.legifrance.gouv.fr/affichCode.do?idSectionTA=LEGISCTA000031370017&amp;cidTexte=LEGITEXT000031366350" ID="R18389">
<Titre>Code des relations entre le public et l'administration : articles R113-5 à R113-9</Titre>
<Complement>Article R113-7</Complement>
</Reference>
<Reference type="Texte de référence" URL="https://www.legifrance.gouv.fr/loda/article_lc/LEGIARTI000033333825" ID="R14934">
<Titre>Décret n°2005-1726 du 30 décembre 2005 relatif au passeport : article 5 - Pièces à fournir pour une première demande</Titre>
</Reference>
<Reference type="Texte de référence" URL="https://www.legifrance.gouv.fr/loda/article_lc/LEGIARTI000034729485" ID="R743">
<Titre>Décret n°55-1397 du 22 octobre 1955 relatif à la carte d'identité : article 4 - Pièces à fournir pour une première demande</Titre>
</Reference>
<Reference type="Texte de référence" URL="http://www.textes.justice.gouv.fr/art_pix/JUSC1711700C.pdf" ID="R47957" format="application/pdf" poids="469.6 KB">
<Titre>Circulaire du 10 mai 2017 relative au transfert des Pacs aux officiers d'état civil</Titre>
</Reference>
<ServiceEnLigne ID="R1406" URL="https://psl.service-public.fr/mademarche/EtatCivil/demarche?action=NAISSANCE" type="Téléservice">
<Titre>Demande d'acte de naissance : copie intégrale ou extrait (naissance en France) - Service gratuit</Titre>
<Source ID="R30608">Direction de l'information légale et administrative (Dila) - Premier ministre</Source>
</ServiceEnLigne>
<ServiceEnLigne ID="R42837" URL="https://psl.service-public.fr/mademarche/EtatCivil/demarche?action=MARIAGE" type="Téléservice">
<Titre>Demande d'acte de mariage (célébré en France) - Service gratuit</Titre>
<Source ID="R30608">Direction de l'information légale et administrative (Dila) - Premier ministre</Source><ServiceEnLigneAnnexe type="Formulaire">
<Titre>Pour un mariage célébré à l'étranger</Titre>
<LienWeb URL="https://pastel.diplomatie.gouv.fr/dali/index2.html"/>
</ServiceEnLigneAnnexe>
</ServiceEnLigne>
<ServiceEnLigne ID="R1405" URL="https://pastel.diplomatie.gouv.fr/dali/index2.html" type="Téléservice">
<Titre>Demande d'acte de naissance : copie intégrale ou extrait (naissance à l'étranger) - Service gratuit</Titre>
<Source ID="R30604">Ministère chargé de l'Europe et des affaires étrangères</Source>
</ServiceEnLigne>
<ServiceEnLigne ID="R42839" URL="https://pastel.diplomatie.gouv.fr/dali/index2.html" type="Téléservice">
<Titre>Demande d'acte de mariage (célébré à l'étranger) - Service gratuit</Titre>
<Source ID="R30604">Ministère chargé de l'Europe et des affaires étrangères</Source>
</ServiceEnLigne>
<QuestionReponse ID="F1429" audience="Particuliers">Qu'est-ce qu'une mention marginale sur un acte d'état civil ?</QuestionReponse>
<QuestionReponse ID="F1431" audience="Particuliers">Comment contester un refus de la mairie en matière d'état civil ?</QuestionReponse>
<QuestionReponse ID="F1608" audience="Particuliers">Comment contester le refus d'enregistrer un Pacs ?</QuestionReponse>
</Publication>
