<?xml version="1.0" encoding="UTF-8"?><Publication xmlns:dc="http://purl.org/dc/elements/1.1/" xmlns:xsi="http://www.w3.org/2001/XMLSchema-instance" ID="F1043" type="Fiche d'information" xsi:noNamespaceSchemaLocation="../Schemas/3.0/Publication.xsd">
<dc:title>Harcèlement sexuel</dc:title>
<dc:creator>Direction de l'information légale et administrative</dc:creator>
<dc:subject>Justice</dc:subject>
<dc:description>Le harcèlement sexuel constitue un délit, quel que soit le lien entre l'auteur et la victime. Toutefois, la loi prévoit une protection spécifique lors d'un harcèlement sexuel pour les salariés du privé, les agents publics et les stagiaires.</dc:description>
<dc:publisher>Direction de l'information légale et administrative</dc:publisher>
<dc:contributor>Direction de l'information légale et administrative (Premier ministre), Ministère chargé de la justice</dc:contributor>
<dc:date>modified 2020-03-31</dc:date>
<dc:type>Fiche pratique</dc:type>
<dc:format>text/xml</dc:format>
<dc:identifier>F1043</dc:identifier>
<dc:source>https://www.legifrance.gouv.fr/affichCode.do?idSectionTA=LEGISCTA000021796946&amp;cidTexte=LEGITEXT000006070719, http://www.legifrance.gouv.fr/affichCode.do?idSectionTA=LEGISCTA000006177846&amp;cidTexte=LEGITEXT000006072050, http://www.legifrance.gouv.fr/affichCode.do?idSectionTA=LEGISCTA000006177847&amp;cidTexte=LEGITEXT000006072050, http://legifrance.gouv.fr/affichTexteArticle.do?idArticle=LEGIARTI000026268442&amp;cidTexte=LEGITEXT000006068812, http://circulaire.legifrance.gouv.fr/pdf/2018/03/cir_43173.pdf, https://juridique.defenseurdesdroits.fr/doc_num.php?explnum_id=6209</dc:source>
<dc:language>Fr</dc:language>
<dc:relation>isPartOf N31146</dc:relation>
<dc:coverage>France entière</dc:coverage>
<dc:rights>https://www.service-public.fr/a-propos/mentions-legales</dc:rights>
<SurTitre>Fiche pratique</SurTitre>
<Audience>Particuliers</Audience>
<Canal>www.service-public.fr</Canal>
<FilDAriane>
<Niveau ID="Particuliers">Accueil particuliers</Niveau>
<Niveau ID="N19807">Justice</Niveau>
<Niveau ID="N31146">Harcèlement</Niveau>
<Niveau ID="F1043" type="Fiche d'information">Harcèlement sexuel</Niveau>
</FilDAriane>
<Theme ID="N19807">
<Titre>Justice</Titre>
</Theme>
<SousThemePere ID="N20326">Infractions</SousThemePere><DossierPere ID="N31146">
<Titre>Harcèlement</Titre>
<Fiche ID="F32235">Harcèlement téléphonique</Fiche>
<Fiche ID="F2354">Harcèlement moral au travail</Fiche>
<Fiche ID="F1043">Harcèlement sexuel</Fiche>
<Fiche ID="F32239">Cyber-harcèlement (harcèlement sur internet)</Fiche>
</DossierPere>

<Introduction>
<Texte><Paragraphe>Le harcèlement sexuel constitue un délit, quel que soit le lien entre l'auteur et la victime.
			Toutefois, la loi prévoit une protection spécifique lors d'un harcèlement sexuel pour les salariés du privé, les agents publics et les stagiaires.</Paragraphe>
</Texte>
</Introduction>
<ListeSituations affichage="onglet"><Situation>
<Titre>Cas général</Titre>
<Texte><Chapitre>
<Titre>
<Paragraphe>De quoi s'agit-il ?</Paragraphe>
</Titre><Paragraphe>Le harcèlement sexuel se caractérise par le fait d'imposer à une personne, de façon répétée, des propos ou comportements à connotation sexuelle ou sexiste, qui :</Paragraphe>
<Liste type="puce">
<Item>
<Paragraphe>portent atteinte à sa dignité en raison de leur caractère dégradant ou humiliant,</Paragraphe>
</Item>
<Item>
<Paragraphe>ou créent à son encontre une situation intimidante, hostile ou offensante.</Paragraphe>
</Item>
</Liste>
<Paragraphe>Est assimilée au harcèlement sexuel toute forme de pression grave (même non répétée) dans le but réel ou apparent d'obtenir un acte sexuel, au profit de l'auteur des faits ou d'un tiers.</Paragraphe>
<Paragraphe>Dans les 2 cas, le harcèlement sexuel est puni quels que soient les liens entre  l'auteur et sa victime, même en dehors du milieu professionnel (harcèlement par un proche, un voisin....).</Paragraphe>
<Paragraphe>Si l'auteur des faits a eu un contact physique avec vous, il pourrait s'agir d'une <LienInterne LienPublication="F1526" type="Fiche d'information" audience="Particuliers">agression sexuelle</LienInterne>, qui est une infraction plus sévèrement punie que le harcèlement sexuel.</Paragraphe>

</Chapitre>
<Chapitre>
<Titre>
<Paragraphe>Que faire dans l'urgence ?</Paragraphe>
</Titre><Paragraphe>Si votre situation nécessite une intervention urgente des forces de l'ordre, vous pouvez alerter la police ou   la gendarmerie.</Paragraphe>

				<Paragraphe>
<MiseEnEvidence>En cas d'urgence</MiseEnEvidence>, et uniquement dans cette situation, il est possible d'alerter la police ou la gendarmerie par appel téléphonique, ou par SMS si vous êtes dans l'incapacité de parler.</Paragraphe>
			<BlocCas affichage="onglet"><Cas>
<Titre>
<Paragraphe>Par téléphone</Paragraphe>
</Titre>
										<Paragraphe>En cas d'urgence, lorsqu'une intervention rapide est nécessaire, vous devez appeler la police-secours.</Paragraphe>
									
										<OuSAdresser ID="R1201" type="Centre de contact">
<Titre>Police secours - 17</Titre>
<Texte>
						<Chapitre>
<Titre>
<Paragraphe>Par téléphone</Paragraphe>
</Titre>
								<Paragraphe>
			
      Composez le
      <MiseEnEvidence>17</MiseEnEvidence>
      en cas d'urgence concernant un accident de la route, un trouble à l'ordre public ou une infraction pénale.
    
		
			Une équipe de policiers ou de gendarmes se rendra  sur les lieux.</Paragraphe>
								<Paragraphe>
			
      Vous pouvez aussi composer le
      <MiseEnEvidence>112</MiseEnEvidence>.</Paragraphe>
								<Paragraphe>
			Si la situation ne relève pas d'une urgence, composez le numéro de votre commissariat ou de votre brigade de gendarmerie.
		</Paragraphe>
							</Chapitre>
						<Chapitre>
<Titre>
<Paragraphe>Par SMS</Paragraphe>
</Titre>
								<Paragraphe>Vous pouvez aussi envoyer un SMS gratuitement au <MiseEnEvidence>114</MiseEnEvidence>. Si vous ne pouvez pas parler (danger, handicap), vous communiquerez alors par écrit avec votre correspondant.</Paragraphe>
							</Chapitre>
					</Texte>
</OuSAdresser>
									
										<OuSAdresser ID="R12069" type="Centre de contact">
<Titre>Numéro d'urgence européen - 112</Titre>
<Texte>
						
								<Paragraphe>
			<MiseEnEvidence>112</MiseEnEvidence>
</Paragraphe>
								<Paragraphe>Numéro d'urgence à utiliser pour un appel depuis un pays européen ou depuis un téléphone mobile </Paragraphe>
								<Paragraphe>24h/24h et 7j/7</Paragraphe>
								<Paragraphe>Appel gratuit</Paragraphe>
							
					</Texte>
</OuSAdresser>
									
</Cas>
<Cas>
<Titre>
<Paragraphe>Par SMS</Paragraphe>
</Titre>
										<Paragraphe>Si vous avez des difficultés à entendre ou parler, vous pouvez aussi envoyer un SMS au <MiseEnEvidence>114</MiseEnEvidence>. Vous communiquerez alors par écrit avec votre correspondant.</Paragraphe>
									
										<OuSAdresser ID="R50233" type="Centre de contact">
<Titre>Numéro d'urgence par SMS - 114</Titre>
<Texte>
						
								<Paragraphe>114</Paragraphe>
							
						<Chapitre>
<Titre>
<Paragraphe>Par SMS</Paragraphe>
</Titre>
								<Paragraphe>Accessible gratuitement 24h/24,  7 jours/7</Paragraphe>
							</Chapitre>
					</Texte>
</OuSAdresser>
									
</Cas>
</BlocCas>


</Chapitre>
<Chapitre>
<Titre>
<Paragraphe>Alerter la police et la gendarmerie par messagerie instantanée</Paragraphe>
</Titre>
				<Paragraphe>Une  messagerie instantanée (chat) vous permet de dialoguer  avec un personnel de police ou de gendarmerie. À tout moment, l'historique de  discussion pourra être effacé de votre ordinateur, téléphone portable ou tablette.</Paragraphe>
			
<ServiceEnLigne ID="R50241" URL="https://www.service-public.fr/cmi" type="Téléservice">
<Titre>Signaler un harcèlement sexuel ou sexiste</Titre>
<Source ID="R30603">Ministère chargé de l'intérieur</Source>
</ServiceEnLigne>


</Chapitre>
<Chapitre>
<Titre>
<Paragraphe>Recours de la victime</Paragraphe>
</Titre><Paragraphe>Vous pouvez <LienInterne LienPublication="F1435" type="Fiche d'information" audience="Particuliers">porter plainte</LienInterne> devant la justice pénale dans un délai de 6 ans après le dernier fait (un geste, un propos...) de harcèlement. La justice prendra en compte tous les éléments constituant le harcèlement même si les faits se sont déroulés sur plusieurs années.</Paragraphe>
<BlocCas affichage="onglet"><Cas>
<Titre>
<Paragraphe>Sur place</Paragraphe>
</Titre>
										<Paragraphe>Vous devez vous adresser à un commissariat de police ou une brigade de gendarmerie de votre choix.</Paragraphe>
										<OuSAdresser ID="R13" type="Local personnalisable">
<Titre>Commissariat ou Gendarmerie</Titre>
<PivotLocal>commissariat_police</PivotLocal>
<RessourceWeb URL="http://www.interieur.gouv.fr/Contact/Contacter-une-brigade-de-gendarmerie-ou-un-commissariat-de-police"/>
</OuSAdresser>
										<Paragraphe>La réception de la plainte ne peut pas vous être refusée.</Paragraphe>
										<Paragraphe>La plainte est ensuite transmise au procureur de la République par la police ou la gendarmerie.</Paragraphe>
									
</Cas>
<Cas>
<Titre>
<Paragraphe>Par courrier</Paragraphe>
</Titre>
				<Paragraphe>Vous pouvez porter plainte directement auprès du procureur de la République. Il faut envoyer une <LienInterne LienPublication="R11469" type="Modèle de document" audience="Particuliers">lettre sur papier libre</LienInterne> au tribunal  judiciaire du lieu de l'infraction ou du domicile de l'auteur de l'infraction.</Paragraphe>
				<Paragraphe>La lettre doit préciser les éléments suivants :</Paragraphe>
				<Liste type="puce">
					<Item>
						<Paragraphe>État civil et coordonnées complètes (adresse et numéro de téléphone)  du plaignant</Paragraphe>
					</Item>
					<Item>
						<Paragraphe>Récit détaillé des faits, date et lieu de l'infraction</Paragraphe>
					</Item>
					<Item>
						<Paragraphe>Nom de l'auteur supposé si vous le connaissez (sinon, la plainte sera déposé plainte contre X)</Paragraphe>
					</Item>
					<Item>
						<Paragraphe>Noms et adresses des éventuels témoins de l'infraction</Paragraphe>
					</Item>
					<Item>
						<Paragraphe>Description et l'estimation provisoire ou définitive du préjudice</Paragraphe>
					</Item>
					<Item>
						<Paragraphe>Documents de preuve  : certificats médicaux , arrêts de travail, factures diverses, constats ....</Paragraphe>
					</Item>
					<Item>
						<Paragraphe>Volonté de se constituer partie civile</Paragraphe>
					</Item>
				</Liste>
			
				<ServiceEnLigne ID="R11469" URL="https://www.service-public.fr/simulateur/calcul/Porter_plainte" type="Modèle de document">
<Titre>Porter plainte auprès du procureur de la République</Titre>
<Source ID="R30608">Direction de l'information légale et administrative (Dila) - Premier ministre</Source>
</ServiceEnLigne>

			
				<OuSAdresser ID="R30" type="Local">
<Titre>Tribunal judiciaire ou de proximité</Titre>
<RessourceWeb URL="https://www.justice.fr/recherche/annuaires"/>
<Source ID="R30663">Ministère chargé de la justice</Source>
</OuSAdresser>
			
				<Paragraphe>Vous pouvez envoyer votre plainte en lettre recommandée avec accusé de réception ou par lettre simple. Vous pouvez aussi déposer votre plainte directement à l'accueil du tribunal. Dans tous les cas, un récépissé vous sera remis dès que les services du procureur de la République auront enregistré votre plainte.</Paragraphe>
			

</Cas>
</BlocCas>

<Paragraphe>Si la plainte est classée sans suite, vous pouvez déposer une <LienInterne LienPublication="F20798" type="Fiche d'information" audience="Particuliers">plainte avec constitution de partie civile</LienInterne>.</Paragraphe>
<Paragraphe>Vous pouvez obtenir l'assistance d'un avocat.</Paragraphe>
<OuSAdresser ID="R14218" type="Local personnalisable">
<Titre>Avocat</Titre>
<PivotLocal>avocat_conseil_national</PivotLocal>
<RessourceWeb URL="http://cnb.avocat.fr/Trouver-un-avocat-en-France_a341.html"/>
<Source ID="R30762">Conseil national des barreaux</Source>
</OuSAdresser>

</Chapitre>
<Chapitre>
<Titre>
<Paragraphe>Saisir le Défenseur des droits</Paragraphe>
</Titre><Paragraphe>Dans la mesure où le sexe est l'un des critères de discrimination interdits par la loi, vous pouvez aussi saisir le Défenseur des droits.</Paragraphe>
<OuSAdresser ID="R37857" type="Centre de contact">
<Titre>Défenseur des droits</Titre>
<Texte>
						<Chapitre>
<Titre>
<Paragraphe>Par téléphone (information générale)</Paragraphe>
</Titre>
								<Paragraphe>
<MiseEnEvidence>09 69 39 00 00</MiseEnEvidence>
</Paragraphe>
								<Paragraphe>Coût d'un appel local</Paragraphe>
								<Paragraphe>Du lundi au vendredi de 8h à 20h</Paragraphe>
							</Chapitre>
						<Chapitre>
<Titre>
<Paragraphe>Par courrier (pour saisir le Défenseur des droits) Par courrier gratuit, sans affranchissement</Paragraphe>
</Titre>
								<Paragraphe>Défenseur des droits</Paragraphe>
								<Paragraphe>Libre réponse 71120</Paragraphe>
								<Paragraphe>75342 Paris cedex 07</Paragraphe>
								<Paragraphe>
<MiseEnEvidence>Attention :</MiseEnEvidence> joindre à votre courrier les photocopies des pièces relatives à votre saisine.</Paragraphe>
							</Chapitre>
						<Chapitre>
<Titre>
<Paragraphe>Par messagerie</Paragraphe>
</Titre>
								<Paragraphe>Accès au <LienExterne URL="https://formulaire.defenseurdesdroits.fr/code/afficher.php?ETAPE=accueil_2016">formulaire de contact</LienExterne>
</Paragraphe>
							</Chapitre>
					</Texte>
</OuSAdresser>

</Chapitre>
<Chapitre>
<Titre>
<Paragraphe>Sanctions encourues</Paragraphe>
</Titre><Paragraphe>Le harcèlement sexuel est un délit punissable d'une peine de :</Paragraphe>
<Liste type="puce">
<Item>
<Paragraphe>2 ans d'emprisonnement,</Paragraphe>
</Item>
<Item>
<Paragraphe>et  <Valeur>30 000 €</Valeur> d'amende.</Paragraphe>
</Item>
</Liste>
<Paragraphe>Ces peines peuvent être portées   à 3 ans d'emprisonnement et <Valeur>45 000 €</Valeur> d'amende,   lorsque les faits sont commis :</Paragraphe>
<Liste type="puce">
<Item>
<Paragraphe>par une personne qui abuse de l'autorité que lui confèrent ses fonctions ;</Paragraphe>
</Item>
<Item>
<Paragraphe>sur un mineur de moins de 15  ans ;</Paragraphe>
</Item>
<Item>
<Paragraphe>sur une personne dont la particulière vulnérabilité, due à son âge, à une maladie, à une infirmité, à une déficience physique ou psychique ou à un état de grossesse, est apparente ou connue de leur auteur ;</Paragraphe>
</Item>
<Item>
<Paragraphe>sur une personne dont la particulière vulnérabilité ou dépendance résultant de la précarité de sa situation économique ou sociale est apparente ou connue de leur auteur ;</Paragraphe>
</Item>
<Item>
<Paragraphe>par plusieurs personnes agissant en qualité d'auteur ou de complice ;</Paragraphe>
</Item>
<Item>
<Paragraphe>par l'utilisation d'un service de communication au public en ligne ou par le biais d'un support numérique ou électronique ;</Paragraphe>
</Item>
<Item>
<Paragraphe>alors qu'un mineur était présent et y a assisté ;</Paragraphe>
</Item>
<Item>
<Paragraphe>par un ascendant ou par toute autre personne ayant sur la victime une autorité de droit ou de fait.</Paragraphe>
</Item>
</Liste>
<Paragraphe>L'auteur de harcèlement sexuel peut également être condamné à  verser des <LienInterne LienPublication="F1422" type="Fiche d'information" audience="Particuliers">dommages-intérêts</LienInterne> à sa victime.</Paragraphe>

</Chapitre>
</Texte>
</Situation>
<Situation>
<Titre>Au travail</Titre>
<Texte><Chapitre>
<Titre>
<Paragraphe>Définition</Paragraphe>
</Titre><Paragraphe>Le harcèlement sexuel se caractérise par le fait d'imposer à une personne, <MiseEnEvidence>de façon répétée</MiseEnEvidence>, des propos ou comportements à connotation sexuelle ou sexiste, qui :</Paragraphe>
<Liste type="puce">
<Item>
<Paragraphe>portent atteinte à sa dignité en raison de leur caractère dégradant ou humiliant,</Paragraphe>
</Item>
<Item>
<Paragraphe>ou créent à son encontre une situation intimidante, hostile ou offensante.</Paragraphe>
</Item>
</Liste>
<Paragraphe>Il y a également harcèlement sexuel lorsque ces propos ou comportements sont imposés à une même victime par plusieurs personnes, de manière concertée ou à l'instigation de l'une d'elles, alors même que chacune de ces personnes n'a pas agi de façon répétée.</Paragraphe>
<Paragraphe>Il en va de même lorsque les propos ou comportements sont imposés à une même victime, successivement, par plusieurs personnes qui, même en l'absence de concertation, savent que ces propos ou comportements caractérisent une répétition.</Paragraphe>
<Paragraphe>Par ailleurs,  toute forme de pression grave (même non répétée) exercée dans le but réel ou apparent d'obtenir un acte sexuel, au profit de l'auteur des faits ou d'un tiers est aussi assimilée au harcèlement sexuel.</Paragraphe>
<Paragraphe>Dans le milieu professionnel, il y a harcèlement sexuel même s'il n'y a aucune relation hiérarchique entre la victime  et l'auteur des faits (entre collègues de même niveau, de services différents...)</Paragraphe>
<Paragraphe>Si l'auteur des faits a eu un contact physique avec vous il peut s'agir d'une <LienInterne LienPublication="F1526" type="Fiche d'information" audience="Particuliers">agression sexuelle</LienInterne>, plus gravement punie.</Paragraphe>

</Chapitre>
<Chapitre>
<Titre>
<Paragraphe>Que faire dans l'urgence ?</Paragraphe>
</Titre><Paragraphe>Si votre situation nécessite une intervention urgente des forces de l'ordre, vous pouvez alerter la police ou   la gendarmerie.</Paragraphe>

				<Paragraphe>
<MiseEnEvidence>En cas d'urgence</MiseEnEvidence>, et uniquement dans cette situation, il est possible d'alerter la police ou la gendarmerie par appel téléphonique, ou par SMS si vous êtes dans l'incapacité de parler.</Paragraphe>
			<BlocCas affichage="onglet"><Cas>
<Titre>
<Paragraphe>Par téléphone</Paragraphe>
</Titre>
										<Paragraphe>En cas d'urgence, lorsqu'une intervention rapide est nécessaire, vous devez appeler la police-secours.</Paragraphe>
									
										<OuSAdresser ID="R1201" type="Centre de contact">
<Titre>Police secours - 17</Titre>
<Texte>
						<Chapitre>
<Titre>
<Paragraphe>Par téléphone</Paragraphe>
</Titre>
								<Paragraphe>
			
      Composez le
      <MiseEnEvidence>17</MiseEnEvidence>
      en cas d'urgence concernant un accident de la route, un trouble à l'ordre public ou une infraction pénale.
    
		
			Une équipe de policiers ou de gendarmes se rendra  sur les lieux.</Paragraphe>
								<Paragraphe>
			
      Vous pouvez aussi composer le
      <MiseEnEvidence>112</MiseEnEvidence>.</Paragraphe>
								<Paragraphe>
			Si la situation ne relève pas d'une urgence, composez le numéro de votre commissariat ou de votre brigade de gendarmerie.
		</Paragraphe>
							</Chapitre>
						<Chapitre>
<Titre>
<Paragraphe>Par SMS</Paragraphe>
</Titre>
								<Paragraphe>Vous pouvez aussi envoyer un SMS gratuitement au <MiseEnEvidence>114</MiseEnEvidence>. Si vous ne pouvez pas parler (danger, handicap), vous communiquerez alors par écrit avec votre correspondant.</Paragraphe>
							</Chapitre>
					</Texte>
</OuSAdresser>
									
										<OuSAdresser ID="R12069" type="Centre de contact">
<Titre>Numéro d'urgence européen - 112</Titre>
<Texte>
						
								<Paragraphe>
			<MiseEnEvidence>112</MiseEnEvidence>
</Paragraphe>
								<Paragraphe>Numéro d'urgence à utiliser pour un appel depuis un pays européen ou depuis un téléphone mobile </Paragraphe>
								<Paragraphe>24h/24h et 7j/7</Paragraphe>
								<Paragraphe>Appel gratuit</Paragraphe>
							
					</Texte>
</OuSAdresser>
									
</Cas>
<Cas>
<Titre>
<Paragraphe>Par SMS</Paragraphe>
</Titre>
										<Paragraphe>Si vous avez des difficultés à entendre ou parler, vous pouvez aussi envoyer un SMS au <MiseEnEvidence>114</MiseEnEvidence>. Vous communiquerez alors par écrit avec votre correspondant.</Paragraphe>
									
										<OuSAdresser ID="R50233" type="Centre de contact">
<Titre>Numéro d'urgence par SMS - 114</Titre>
<Texte>
						
								<Paragraphe>114</Paragraphe>
							
						<Chapitre>
<Titre>
<Paragraphe>Par SMS</Paragraphe>
</Titre>
								<Paragraphe>Accessible gratuitement 24h/24,  7 jours/7</Paragraphe>
							</Chapitre>
					</Texte>
</OuSAdresser>
									
</Cas>
</BlocCas>


</Chapitre>
<Chapitre>
<Titre>
<Paragraphe>Alerter la police et la gendarmerie par messagerie instantanée</Paragraphe>
</Titre>
				<Paragraphe>Une  messagerie instantanée (chat) vous permet de dialoguer  avec un personnel de police ou de gendarmerie. À tout moment, l'historique de  discussion pourra être effacé de votre ordinateur, téléphone portable ou tablette.</Paragraphe>
			
<ServiceEnLigne ID="R50241" URL="https://www.service-public.fr/cmi" type="Téléservice">
<Titre>Signaler un harcèlement sexuel ou sexiste</Titre>
<Source ID="R30603">Ministère chargé de l'intérieur</Source>
</ServiceEnLigne>


</Chapitre>
<Chapitre>
<Titre>
<Paragraphe>Prévenir son employeur</Paragraphe>
</Titre><BlocCas affichage="radio"><Cas>
<Titre>
<Paragraphe>Dans le secteur privé</Paragraphe>
</Titre><Paragraphe>Si vous êtes victime de harcèlement sexuel au travail, vous pouvez signaler les faits aux représentants du personnel et au <LienInterne LienPublication="F34474" type="Fiche d'information" audience="Particuliers">comité social et économique (CSE)</LienInterne>. Vous ne pouvez pas être sanctionné pour avoir dénoncé ces faits, sauf si la dénonciation est basée sur des faits imaginaires.</Paragraphe>

</Cas>
<Cas>
<Titre>
<Paragraphe>Dans la fonction publique</Paragraphe>
</Titre>
				<Paragraphe>Vous pouvez utiliser le  dispositif de signalement des actes de violence, de discrimination, de harcèlement moral ou sexuel et des agissements sexistes dans la fonction publique. Ce dispositif doit être mis en place dans chaque  administration au plus tard le 1<Exposant>er</Exposant> mai 2020. Il prévoit des procédures appropriées  pour recueillir des signalement et orienter l'agent qui se déclare  victime ou témoin.</Paragraphe>
			
				<Paragraphe>Le chef de service doit  informer l'agent placé sous son autorité de  l'existence du  dispositif de signalement,  de son mode d'utilisation. et des procédures qu'il prévoit.</Paragraphe>
			
				<Paragraphe>Le dispositif doit  garantir la stricte confidentialité des informations transmises par la victime ou le  témoin lors du traitement du signalement.</Paragraphe>
			

</Cas>
</BlocCas>

</Chapitre>
<Chapitre>
<Titre>
<Paragraphe>Recours de la victime</Paragraphe>
</Titre><SousChapitre>
<Titre>
<Paragraphe>Contre l'auteur des faits</Paragraphe>
</Titre><Paragraphe>Vous pouvez porter plainte devant la justice pénale dans un délai de 6 ans après le dernier fait (un geste, un propos...) de harcèlement. La justice prendra en compte tous les éléments constituant le harcèlement même si les faits se sont déroulés sur plusieurs années.</Paragraphe>
<BlocCas affichage="onglet"><Cas>
<Titre>
<Paragraphe>Sur place</Paragraphe>
</Titre>
										<Paragraphe>Vous devez vous adresser à un commissariat de police ou une brigade de gendarmerie de votre choix.</Paragraphe>
										<OuSAdresser ID="R13" type="Local personnalisable">
<Titre>Commissariat ou Gendarmerie</Titre>
<PivotLocal>commissariat_police</PivotLocal>
<RessourceWeb URL="http://www.interieur.gouv.fr/Contact/Contacter-une-brigade-de-gendarmerie-ou-un-commissariat-de-police"/>
</OuSAdresser>
										<Paragraphe>La réception de la plainte ne peut pas vous être refusée.</Paragraphe>
										<Paragraphe>La plainte est ensuite transmise au procureur de la République par la police ou la gendarmerie.</Paragraphe>
									
</Cas>
<Cas>
<Titre>
<Paragraphe>Par courrier</Paragraphe>
</Titre>
				<Paragraphe>Vous pouvez porter plainte directement auprès du procureur de la République. Il faut envoyer une <LienInterne LienPublication="R11469" type="Modèle de document" audience="Particuliers">lettre sur papier libre</LienInterne> au tribunal  judiciaire du lieu de l'infraction ou du domicile de l'auteur de l'infraction.</Paragraphe>
				<Paragraphe>La lettre doit préciser les éléments suivants :</Paragraphe>
				<Liste type="puce">
					<Item>
						<Paragraphe>État civil et coordonnées complètes (adresse et numéro de téléphone)  du plaignant</Paragraphe>
					</Item>
					<Item>
						<Paragraphe>Récit détaillé des faits, date et lieu de l'infraction</Paragraphe>
					</Item>
					<Item>
						<Paragraphe>Nom de l'auteur supposé si vous le connaissez (sinon, la plainte sera déposé plainte contre X)</Paragraphe>
					</Item>
					<Item>
						<Paragraphe>Noms et adresses des éventuels témoins de l'infraction</Paragraphe>
					</Item>
					<Item>
						<Paragraphe>Description et l'estimation provisoire ou définitive du préjudice</Paragraphe>
					</Item>
					<Item>
						<Paragraphe>Documents de preuve  : certificats médicaux , arrêts de travail, factures diverses, constats ....</Paragraphe>
					</Item>
					<Item>
						<Paragraphe>Volonté de se constituer partie civile</Paragraphe>
					</Item>
				</Liste>
			
				<ServiceEnLigne ID="R11469" URL="https://www.service-public.fr/simulateur/calcul/Porter_plainte" type="Modèle de document">
<Titre>Porter plainte auprès du procureur de la République</Titre>
<Source ID="R30608">Direction de l'information légale et administrative (Dila) - Premier ministre</Source>
</ServiceEnLigne>

			
				<OuSAdresser ID="R30" type="Local">
<Titre>Tribunal judiciaire ou de proximité</Titre>
<RessourceWeb URL="https://www.justice.fr/recherche/annuaires"/>
<Source ID="R30663">Ministère chargé de la justice</Source>
</OuSAdresser>
			
				<Paragraphe>Vous pouvez envoyer votre plainte en lettre recommandée avec accusé de réception ou par lettre simple. Vous pouvez aussi déposer votre plainte directement à l'accueil du tribunal. Dans tous les cas, un récépissé vous sera remis dès que les services du procureur de la République auront enregistré votre plainte.</Paragraphe>
			

</Cas>
</BlocCas>

<Paragraphe>Si la plainte est classée sans suite, vous pouvez déposer une <LienInterne LienPublication="F20798" type="Fiche d'information" audience="Particuliers">plainte avec constitution de partie civile</LienInterne>.</Paragraphe>
<Paragraphe>Vous pouvez obtenir l'assistance d'un avocat.</Paragraphe>
<OuSAdresser ID="R14218" type="Local personnalisable">
<Titre>Avocat</Titre>
<PivotLocal>avocat_conseil_national</PivotLocal>
<RessourceWeb URL="http://cnb.avocat.fr/Trouver-un-avocat-en-France_a341.html"/>
<Source ID="R30762">Conseil national des barreaux</Source>
</OuSAdresser>

</SousChapitre>
<SousChapitre>
<Titre>
<Paragraphe>Contre l'employeur</Paragraphe>
</Titre><Paragraphe>Dans le privé et dans le public, l'employeur doit prendre toutes les dispositions nécessaires en vue de prévenir les agissements constitutifs de harcèlement sexuel. À cet effet, il porte à la connaissance de ses salariés les textes de loi réprimant le harcèlement sexuel.</Paragraphe>
<Paragraphe>Si le harcèlement a été commis en milieu professionnel, une procédure spécifique peut s'appliquer en plus du dépôt de plainte par la victime :</Paragraphe>
<Liste type="puce">
<Item>
<Paragraphe>si vous relevez du secteur privé, vous pouvez également saisir le <LienInterne LienPublication="F2360" type="Fiche d'information" audience="Particuliers">conseil des prud'hommes</LienInterne> afin d'obtenir une indemnisation,</Paragraphe>
</Item>
<Item>
<Paragraphe>si vous êtes agent public, vous pouvez poursuivre les mêmes objectifs en saisissant également le <LienInterne LienPublication="F2026" type="Fiche d'information" audience="Particuliers">tribunal administratif</LienInterne>. Vous pouvez également bénéficier de la <LienInterne LienPublication="F32574" type="Fiche d'information" audience="Particuliers">protection fonctionnelle</LienInterne>.</Paragraphe>
</Item>
</Liste>
<Paragraphe>Vous pouvez mener une de ces procédures en même temps qu'une plainte au pénal. La plainte peut être déposée sans que la victime soit tenue d'en informer son employeur.  Ces deux actions distinctes et peuvent viser des personnes différentes : par exemple, vous pouvez poursuivre le PDG de votre entreprise aux prud'hommes et votre chef de service, auteur des faits, au pénal. Votre employeur sera alors jugé pour ne pas vous avoir suffisamment protégé.Par exemple, vous pouvez poursuivre le PDG de votre entreprise aux prud'hommes et votre chef de service, auteur des faits, au pénal. Votre employeur sera alors jugé pour ne pas vous avoir suffisamment protégé.</Paragraphe>
<Paragraphe>L'employeur devra lui-même démontrer que les faits présentés par vos soins ne sont pas constitutifs d'un harcèlement sexuel.</Paragraphe>
<Paragraphe>Les personnes dénonçant un harcèlement sexuel ou luttant contre ne peuvent pas être sanctionnées ou licenciées.</Paragraphe>
<ANoter>
<Titre>À noter</Titre><Paragraphe>dans une entreprise, toute organisation syndicale représentative peut, avec l'accord écrit de la personne harcelée, engager à sa place l'action en justice.</Paragraphe>
</ANoter>
</SousChapitre>
<SousChapitre>
<Titre>
<Paragraphe>Saisine du Défenseur des droits</Paragraphe>
</Titre><Paragraphe>Dans la mesure où le sexe est l'un des critères de discrimination interdits   par la loi, et que le travail fait partie des situations dans lesquelles les discriminations sont sanctionnées, vous pouvez aussi saisir le Défenseur des droits tant à l'égard de l'auteur des faits qu'à l'égard de l'employeur.</Paragraphe>
<OuSAdresser ID="R37857" type="Centre de contact">
<Titre>Défenseur des droits</Titre>
<Texte>
						<Chapitre>
<Titre>
<Paragraphe>Par téléphone (information générale)</Paragraphe>
</Titre>
								<Paragraphe>
<MiseEnEvidence>09 69 39 00 00</MiseEnEvidence>
</Paragraphe>
								<Paragraphe>Coût d'un appel local</Paragraphe>
								<Paragraphe>Du lundi au vendredi de 8h à 20h</Paragraphe>
							</Chapitre>
						<Chapitre>
<Titre>
<Paragraphe>Par courrier (pour saisir le Défenseur des droits) Par courrier gratuit, sans affranchissement</Paragraphe>
</Titre>
								<Paragraphe>Défenseur des droits</Paragraphe>
								<Paragraphe>Libre réponse 71120</Paragraphe>
								<Paragraphe>75342 Paris cedex 07</Paragraphe>
								<Paragraphe>
<MiseEnEvidence>Attention :</MiseEnEvidence> joindre à votre courrier les photocopies des pièces relatives à votre saisine.</Paragraphe>
							</Chapitre>
						<Chapitre>
<Titre>
<Paragraphe>Par messagerie</Paragraphe>
</Titre>
								<Paragraphe>Accès au <LienExterne URL="https://formulaire.defenseurdesdroits.fr/code/afficher.php?ETAPE=accueil_2016">formulaire de contact</LienExterne>
</Paragraphe>
							</Chapitre>
					</Texte>
</OuSAdresser>

</SousChapitre>
</Chapitre>
<Chapitre>
<Titre>
<Paragraphe>Sanctions encourues</Paragraphe>
</Titre><Paragraphe>Le harcèlement sexuel est un délit pouvant être puni jusqu'à :</Paragraphe>
<Liste type="puce">
<Item>
<Paragraphe>2 ans de prison,</Paragraphe>
</Item>
<Item>
<Paragraphe>et  <Valeur>30 000 €</Valeur> d'amende.</Paragraphe>
</Item>
</Liste>
<Paragraphe>En cas  d'abus d'autorité (de la part d'un supérieur hiérarchique par exemple), les peines peuvent être portées jusqu'à :</Paragraphe>
<Liste type="puce">
<Item>
<Paragraphe>3 ans de prison,</Paragraphe>
</Item>
<Item>
<Paragraphe>et <Valeur>45 000 €</Valeur> d'amende.</Paragraphe>
</Item>
</Liste>
<Paragraphe>Ces peines aggravées sont également applicables lorsque le harcèlement sexuel a été commis :</Paragraphe>
<Liste type="puce">
<Item>
<Paragraphe>sur une personne dont la particulière vulnérabilité due à une maladie, à une infirmité, à une déficience physique ou psychique ou à un état de grossesse, est apparente ou connue de leur auteur ;</Paragraphe>
</Item>
<Item>
<Paragraphe>sur une personne dont la particulière vulnérabilité ou dépendance résultant de la précarité de sa situation économique ou sociale est apparente ou connue de leur auteur ;</Paragraphe>
</Item>
<Item>
<Paragraphe>par plusieurs personnes agissant en qualité d'auteur ou de complice.</Paragraphe>
</Item>
</Liste>
<Paragraphe>L'auteur de harcèlement sexuel peut également être condamné à verser des <LienInterne LienPublication="F1422" type="Fiche d'information" audience="Particuliers">dommages-intérêts</LienInterne> à sa victime, en réparation de son préjudice.</Paragraphe>
<Paragraphe>De plus, tout salarié du secteur privé ayant commis des agissements de harcèlement sexuel est passible de <LienInterne LienPublication="F2234" type="Fiche d'information" audience="Particuliers">sanctions disciplinaires</LienInterne>.</Paragraphe>
<Paragraphe>Il en va de même pour tout agent public responsable de mêmes agissements, selon les <LienInterne LienPublication="N102" type="Dossier" audience="Particuliers">procédures de sanction applicables au secteur public</LienInterne>.</Paragraphe>

</Chapitre>
</Texte>
</Situation>
</ListeSituations>
<OuSAdresser ID="R11621" type="Local personnalisé sur SP">
<Titre>Maison de justice et du droit</Titre>
<Complement>Pour s'informer</Complement>
<PivotLocal>mjd</PivotLocal>
<RessourceWeb URL="http://www.annuaires.justice.gouv.fr/lieux-dacces-aux-droits-10111/"/>
<Source ID="R30663">Ministère chargé de la justice</Source>
</OuSAdresser>
<OuSAdresser ID="R167" type="Centre de contact">
<Titre>116 006 - Numéro d'aide aux victimes</Titre>
<Complement>Pour être écouté et aidé</Complement>
<Source ID="R30797">France Victimes</Source><Texte>
						
								<Paragraphe>
			
      Écoute, informe et conseille les victimes d'infractions ainsi que leurs proches.</Paragraphe>
							
						<Chapitre>
<Titre>
<Paragraphe>Par téléphone</Paragraphe>
</Titre>
								<Paragraphe>
<MiseEnEvidence>116 006</MiseEnEvidence>
</Paragraphe>
								<Paragraphe>Appel gratuit</Paragraphe>
								<Paragraphe>Ouvert 7 jours sur 7 de 9h à 19h</Paragraphe>
								<Paragraphe>
			Le service est  également accessible en composant le <MiseEnEvidence>+33 (0)1 80 52 33 76 </MiseEnEvidence>(numéro à tarification normale).</Paragraphe>
							</Chapitre>
						<Chapitre>
<Titre>
<Paragraphe>Par courriel</Paragraphe>
</Titre>
								<Paragraphe>victimes@france-victimes.fr</Paragraphe>
							</Chapitre>
					</Texte>
</OuSAdresser>
<Reference type="Texte de référence" URL="https://www.legifrance.gouv.fr/affichCode.do?idSectionTA=LEGISCTA000021796946&amp;cidTexte=LEGITEXT000006070719" ID="R13992">
<Titre>Code pénal : articles 222-32 et 222-33</Titre>
<Complement>Peines en cas de harcèlement sexuel</Complement>
</Reference>
<Reference type="Texte de référence" URL="http://www.legifrance.gouv.fr/affichCode.do?idSectionTA=LEGISCTA000006177846&amp;cidTexte=LEGITEXT000006072050" ID="R19938">
<Titre>Code du travail : articles L1153-1 à L1153-6</Titre>
<Complement>Protection des salariés</Complement>
</Reference>
<Reference type="Texte de référence" URL="http://www.legifrance.gouv.fr/affichCode.do?idSectionTA=LEGISCTA000006177847&amp;cidTexte=LEGITEXT000006072050" ID="R725">
<Titre>Code du travail : articles L1154-1 et L1154-2</Titre>
<Complement>Action devant le conseil des prud'hommes</Complement>
</Reference>
<Reference type="Texte de référence" URL="http://legifrance.gouv.fr/affichTexteArticle.do?idArticle=LEGIARTI000026268442&amp;cidTexte=LEGITEXT000006068812" ID="R37881">
<Titre>Loi n°83-634 du 13 juillet 1983 portant droits et obligations des fonctionnaires : article 6ter</Titre>
<Complement>Protection des agents publics</Complement>
</Reference>
<Reference type="Texte de référence" URL="http://circulaire.legifrance.gouv.fr/pdf/2018/03/cir_43173.pdf" ID="R50410" format="application/pdf" poids="704.6 KB">
<Titre>Circulaire du 9 mars 2018 relative à la lutte contre les violences sexuelles dans la fonction publique</Titre>
</Reference>
<Reference type="Texte de référence" URL="https://juridique.defenseurdesdroits.fr/doc_num.php?explnum_id=6209" ID="R31155" format="application/pdf" poids="0">
<Titre>Circulaire du 12 novembre 2012 relative au harcèlement et à la discrimination au travail</Titre>
</Reference>
<ServiceEnLigne ID="R50241" URL="https://www.service-public.fr/cmi" type="Téléservice">
<Titre>Signaler un harcèlement sexuel ou sexiste</Titre>
<Source ID="R30603">Ministère chargé de l'intérieur</Source>
</ServiceEnLigne>
<PourEnSavoirPlus type="Information pratique" ID="R35961" URL="http://www.interieur.gouv.fr/A-votre-service/Ma-securite/Aide-aux-victimes" audience="Particuliers">
<Titre>Aide aux victimes </Titre>
<Source ID="R30603">Ministère chargé de l'intérieur</Source>
</PourEnSavoirPlus>
<QuestionReponse ID="F32247" audience="Particuliers">Que faire en cas de harcèlement ?</QuestionReponse>




</Publication>
