<?xml version="1.0" encoding="UTF-8"?><Publication xmlns:dc="http://purl.org/dc/elements/1.1/" xmlns:xsi="http://www.w3.org/2001/XMLSchema-instance" ID="F1109" type="Fiche d'information" xsi:noNamespaceSchemaLocation="../Schemas/3.0/Publication.xsd">
<dc:title>Recommandations sanitaires aux voyageurs</dc:title>
<dc:creator>Direction de l'information légale et administrative</dc:creator>
<dc:subject>Social - Santé</dc:subject>
<dc:description>Si vous voyagez à l'étranger, vous devez vous renseigner avant votre départ sur les conditions sanitaires du ou des pays que vous comptez visiter. Si vous partez dans une zone où le risque de transmission du paludisme existe, vous devez consulter un médecin avant de partir afin qu'il vous prescrive un traitement. D'autres précautions sont utiles pour éviter les problèmes de santé (dengue, turista, chikungunya, morsure de serpent ou autre animal ...).</dc:description>
<dc:publisher>Direction de l'information légale et administrative</dc:publisher>
<dc:contributor>Direction de l'information légale et administrative (Premier ministre)</dc:contributor>
<dc:date>modified 2020-10-12</dc:date>
<dc:type>Fiche pratique</dc:type>
<dc:format>text/xml</dc:format>
<dc:identifier>F1109</dc:identifier>
<dc:language>Fr</dc:language>
<dc:relation>isPartOf N423</dc:relation>
<dc:coverage>France entière</dc:coverage>
<dc:rights>https://www.service-public.fr/a-propos/mentions-legales</dc:rights>
<SurTitre>Fiche pratique</SurTitre>
<Audience>Particuliers</Audience>
<Canal>www.service-public.fr</Canal>
<FilDAriane>
<Niveau ID="Particuliers">Accueil particuliers</Niveau>
<Niveau ID="N19811">Social - Santé</Niveau>
<Niveau ID="N423">Assurance maladie et santé d'un Français à l'étranger</Niveau>
<Niveau ID="F1109" type="Fiche d'information">Recommandations sanitaires aux voyageurs</Niveau>
</FilDAriane>
<Theme ID="N19811">
<Titre>Social - Santé</Titre>
</Theme>
<SousThemePere ID="N20272">Sécurité sociale</SousThemePere><DossierPere ID="N423">
<Titre>Assurance maladie et santé d'un Français à l'étranger</Titre>
<Fiche ID="F213">Vacances ou court séjour à l'étranger</Fiche>
<Fiche ID="F407">Installation à l'étranger</Fiche>
<Fiche ID="F1109">Recommandations sanitaires aux voyageurs</Fiche>
<Fiche ID="F720">Vaccinations internationales</Fiche>
</DossierPere>

<Introduction>
<Texte><Paragraphe>Si vous voyagez à l'étranger, vous devez vous renseigner avant votre départ sur les conditions sanitaires du ou des pays que vous comptez visiter.
		
			Si vous partez dans une zone où le risque de transmission du paludisme existe, vous devez consulter un médecin avant de partir afin qu'il vous prescrive un traitement.
		
			D'autres précautions sont utiles pour éviter les problèmes de santé (dengue, turista, chikungunya, morsure de serpent ou autre animal ...).</Paragraphe>
</Texte>
</Introduction>
<Texte><Chapitre>
<Titre>
<Paragraphe>Précautions contre les insectes</Paragraphe>
</Titre><SousChapitre>
<Titre>
<Paragraphe>Avions</Paragraphe>
</Titre><Paragraphe>Les avions <LienExterne URL="https://www.legifrance.gouv.fr/loda/id/JORFTEXT000033825603">en provenance de certains pays</LienExterne>

 sont désinsectisés.</Paragraphe>

</SousChapitre>
<SousChapitre>
<Titre>
<Paragraphe>Prévention du paludisme</Paragraphe>
</Titre><Paragraphe>Le paludisme est une maladie grave, potentiellement mortelle, transmise par certains moustiques (anophèles) et très répandue en zone tropicale.</Paragraphe>
<Paragraphe>Vous devez à la fois vous protéger contre les piqûres de moustiques et prendre un médicament préventif.</Paragraphe>
<Paragraphe>Le traitement antipaludique ne peut être prescrit que par un médecin.</Paragraphe>
<Paragraphe>Ce traitement tiendra compte notamment des critères suivants :</Paragraphe>
<Liste type="puce">
<Item>
<Paragraphe>Zones que vous allez visiter</Paragraphe>
</Item>
<Item>
<Paragraphe>Intensité de la transmission</Paragraphe>
</Item>
<Item>
<Paragraphe>Conditions, durée et période de votre voyage</Paragraphe>
</Item>
<Item>
<Paragraphe>Votre âge</Paragraphe>
</Item>
<Item>
<Paragraphe>Votre état physique et vos antécédents médicaux</Paragraphe>
</Item>
</Liste>
<Paragraphe>En cas de fièvre à votre retour de voyage, vous devez consulter d'urgence un médecin.</Paragraphe>

</SousChapitre>
<SousChapitre>
<Titre>
<Paragraphe>Mesures de protection contre les piqûres de moustiques</Paragraphe>
</Titre><Paragraphe>Pour les voyages vers des destinations à climat chaud ou tropical :</Paragraphe>
<Liste type="puce">
<Item>
<Paragraphe>portez des vêtements légers et couvrants (manches longues, pantalons et chaussures fermées),</Paragraphe>
</Item>
<Item>
<Paragraphe>utilisez des vêtements imprégnés d'insecticide en cas de risques importants,</Paragraphe>
</Item>
<Item>
<Paragraphe>appliquez un produit répulsif
		sur les zones découvertes du corps,</Paragraphe>
</Item>
<Item>
<Paragraphe>dormez la nuit sous une moustiquaire imprégnée d'insecticide.</Paragraphe>
</Item>
</Liste>

</SousChapitre>
<SousChapitre>
<Titre>
<Paragraphe>Prévention de la dengue et du chikungunya</Paragraphe>
</Titre><Paragraphe>La dengue et le chikungunya sont transmises par un autre genre de moustiques que ceux vecteurs du paludisme. Ils piquent habituellement le jour.</Paragraphe>
<Paragraphe>Utilisez des répulsifs cutanés et des vêtements couvrants imprégnés d'insecticide durant la journée.</Paragraphe>

</SousChapitre>
<SousChapitre>
<Titre>
<Paragraphe>Précautions contres les punaises, poux, tiques</Paragraphe>
</Titre><Paragraphe>Les risques liés aux insectes piqueurs autres que les moustiques (punaises, poux, tiques...) sont particulièrement importants en zone rurale et/ou dans des conditions de confort sommaire.</Paragraphe>
<Paragraphe>Prévoyez un insecticide et des répulsifs cutanés.</Paragraphe>

</SousChapitre>
</Chapitre>
<Chapitre>
<Titre>
<Paragraphe>Précautions contre les serpents, scorpions, araignées et autres animaux venimeux</Paragraphe>
</Titre><Paragraphe>Pour éviter leurs morsures :</Paragraphe>
<Liste type="puce">
<Item>
<Paragraphe>portez des chaussures montantes, fermées et un pantalon long, le bas de pantalon serré autour du mollet ou de la cheville,</Paragraphe>
</Item>
<Item>
<Paragraphe>frappez le sol avec un bâton ou faites du bruit en marchant,</Paragraphe>
</Item>
<Item>
<Paragraphe>secouez vos vêtements, chaussures et draps, avant usage.</Paragraphe>
</Item>
</Liste>
<Paragraphe>En cas de bivouac, protégez vos affaires personnelles (vêtements, chaussures...) en les rangeant dans un sac ou un bidon en plastique étanche et bien fermé, contenant des boules insecticides.</Paragraphe>

</Chapitre>
<Chapitre>
<Titre>
<Paragraphe>Prévention de la diarrhée du voyageur (turista)</Paragraphe>
</Titre><Paragraphe>Pour vous prémunir de la diarrhée du voyageur et des autres risques liés à l'alimentation :</Paragraphe>
<Liste type="puce">
<Item>
<Paragraphe>lavez-vous souvent les mains avec du savon, particulièrement avant les repas,</Paragraphe>
</Item>
<Item>
<Paragraphe>consommez uniquement de l'eau en bouteille capsulée (ouverte devant vous) ou de l'eau préalablement désinfectée ou bouillie,</Paragraphe>
</Item>
<Item>
<Paragraphe>buvez du lait pasteurisé ou bouilli,</Paragraphe>
</Item>
<Item>
<Paragraphe>pelez les fruits vous-même,</Paragraphe>
</Item>
<Item>
<Paragraphe>cuisez bien les œufs, la viande, le poisson,</Paragraphe>
</Item>
<Item>
<Paragraphe>évitez les crudités, coquillages, plats réchauffés, glaçons et glaces, jus de fruits frais préparés de façon artisanale,</Paragraphe>
</Item>
<Item>
<Paragraphe>renseignez-vous localement sur les risques de toxicité des poissons de mer,</Paragraphe>
</Item>
<Item>
<Paragraphe>évitez de consommer de la nourriture vendue dans la rue, sauf si elle est bien cuite et le récipient encore fumant.</Paragraphe>
</Item>
</Liste>

</Chapitre>
<Chapitre>
<Titre>
<Paragraphe>Précautions en matière d'hygiène corporelle</Paragraphe>
</Titre><Paragraphe>Une bonne hygiène corporelle en voyage est importante. Lavez-vous les mains à l'eau et au savon et séchez-vous bien. Apportez un soin particulier en cas de plaie ou de blessure cutanée.</Paragraphe>
<Paragraphe> De plus : </Paragraphe>
<Liste type="puce">
<Item>
<Paragraphe>évitez de laisser sécher le linge à l'extérieur ou sur le sol,</Paragraphe>
</Item>
<Item>
<Paragraphe>ne marchez pas pieds nus sur les plages,</Paragraphe>
</Item>
<Item>
<Paragraphe>portez un habillement léger, lavable aisément, perméable,</Paragraphe>
</Item>
<Item>
<Paragraphe>portez des chaussures fermées sur les sols boueux ou humides,</Paragraphe>
</Item>
<Item>
<Paragraphe>ne marchez pas et ne vous baignez pas dans les eaux douces,</Paragraphe>
</Item>
<Item>
<Paragraphe>évitez les contacts avec  les animaux.</Paragraphe>
</Item>
</Liste>

</Chapitre>
<Chapitre>
<Titre>
<Paragraphe>Prévention des risques liés aux soins et à la chaleur</Paragraphe>
</Titre><Paragraphe>Vous devez refuser tout soin sans matériel neuf à usage unique (aiguilles, seringues...) ou sans stérilisation appropriée. Les transfusions sanguines, les soins dentaires, les soins avec injection ou incision représentent un risque majeur dans les pays aux structures sanitaires insuffisantes (hépatite B ou C...).</Paragraphe>
<Paragraphe>Vous devez également :</Paragraphe>
<Liste type="puce">
<Item>
<Paragraphe>vous munir avant le départ, si besoin, de matériel à usage unique,</Paragraphe>
</Item>
<Item>
<Paragraphe>éviter les tatouages et les piercings,</Paragraphe>
</Item>
<Item>
<Paragraphe>éviter l'ensoleillement excessif et vous protéger  du soleil (utiliser un écran solaire adapté à votre phototype, porter des lunettes de soleil, un chapeau...).</Paragraphe>
</Item>
</Liste>
<Paragraphe>Il est préférable de prendre avec vous une trousse à pharmacie  (demander conseil à votre médecin) et d'être titulaire d'un <LienInterne LienPublication="F2169" type="Fiche Question-réponse" audience="Particuliers"> contrat d'assurance ou d'assistance</LienInterne>.</Paragraphe>
<Paragraphe>Enfin, vous pouvez vous inscrire sur l'application Ariane du ministère des affaires étrangères. Cette application vous permet de recevoir des alertes sécuritaires et sanitaires par SMS et courriel.</Paragraphe><ServiceEnLigne ID="R18974" URL="https://pastel.diplomatie.gouv.fr/fildariane/dyn/public/login.html" type="Téléservice">
<Titre>Ariane : pour être alerté en cas de crise lors d'un voyage à l'étranger</Titre>
<Source ID="R30604">Ministère chargé de l'Europe et des affaires étrangères</Source>
</ServiceEnLigne>

<ASavoir>
<Titre>À savoir</Titre><Paragraphe>le  tourisme médical (soins dentaires, chirurgie plastique...) vous expose à des risques particuliers.</Paragraphe>
</ASavoir>
</Chapitre>
</Texte><VoirAussi important="non">
<Fiche ID="F720" audience="Particuliers">
<Titre>Vaccinations en cas de voyage à l'étranger</Titre>
<Theme ID="N19811">
<Titre>Social - Santé</Titre>
</Theme>
</Fiche>
</VoirAussi>
<OuSAdresser ID="R244" type="Centre de contact">
<Titre>Centre médical de l'Institut Pasteur</Titre>
<Complement>Pour une consultation</Complement><Texte>
						
								<Paragraphe>
			Centre de santé proposant </Paragraphe>
								<Liste type="puce">
									<Item>
										<Paragraphe>une offre de soins à destination des voyageurs (vaccination internationale et médecine des voyages) </Paragraphe>
									</Item>
									<Item>
										<Paragraphe>et la prise en charge diagnostique et thérapeutique des maladies infectieuses, tropicales et allergiques.</Paragraphe>
									</Item>
								</Liste>
							
						<Chapitre>
<Titre>
<Paragraphe>Par téléphone</Paragraphe>
</Titre>
								<Paragraphe>
			<MiseEnEvidence>+33 (0)1 45 68 80 88</MiseEnEvidence>
   </Paragraphe>
								<Paragraphe>
			Pour prendre rendez-vous pour une vaccination ou une consultation en médecine des voyage.</Paragraphe>
							</Chapitre>
						<Chapitre>
<Titre>
<Paragraphe>Par messagerie</Paragraphe>
</Titre>
								<Paragraphe>vaccination@pasteur.fr</Paragraphe>
								<Paragraphe>Pour prendre rendez-vous pour une vaccination ou une consultation en médecine des voyages.</Paragraphe>
							</Chapitre>
						<Chapitre>
<Titre>
<Paragraphe>Par courrier ou sur place</Paragraphe>
</Titre>
								<Paragraphe>
		
			209-211 rue de Vaugirard</Paragraphe>
								<Paragraphe>75015 Paris</Paragraphe>
							</Chapitre>
					</Texte>
</OuSAdresser>
<ServiceEnLigne ID="R18974" URL="https://pastel.diplomatie.gouv.fr/fildariane/dyn/public/login.html" type="Téléservice">
<Titre>Ariane : pour être alerté en cas de crise lors d'un voyage à l'étranger</Titre>
<Source ID="R30604">Ministère chargé de l'Europe et des affaires étrangères</Source>
</ServiceEnLigne>
<PourEnSavoirPlus type="Information pratique" ID="R3076" URL="https://www.santepubliquefrance.fr/content/download/278181/2719721" audience="Particuliers" format="application/pdf" poids="2.2 MB">
<Titre>Recommandations sanitaires pour les voyageurs 2020</Titre>
<Source ID="R30732">Institut de veille sanitaire (INVS)</Source>
</PourEnSavoirPlus>
<PourEnSavoirPlus type="Information pratique" ID="R32133" URL="https://www.pasteur.fr/fr/centre-medical/preparer-son-voyage" audience="Particuliers">
<Titre>Vaccination par pays</Titre>
<Source ID="R30657">Institut Pasteur</Source>
</PourEnSavoirPlus>
<PourEnSavoirPlus type="Information pratique" ID="R10180" URL="https://www.pasteur.fr/fr/centre-medical" audience="Particuliers">
<Titre>Informations sur le Centre médical de l'Institut Pasteur</Titre>
<Source ID="R30657">Institut Pasteur</Source>
</PourEnSavoirPlus>
<PourEnSavoirPlus type="Information pratique" ID="R32084" URL="https://www.pasteur.fr/fr/centre-medical/vaccination/recommandations-generales" audience="Particuliers">
<Titre>Vaccinations internationales : recommandations générales</Titre>
<Source ID="R30657">Institut Pasteur</Source>
</PourEnSavoirPlus>
<PourEnSavoirPlus type="Information pratique" ID="R2885" URL="https://www.diplomatie.gouv.fr/fr/conseils-aux-voyageurs/conseils-par-pays-destination/" audience="Particuliers">
<Titre>Conseils aux voyageurs</Titre>
<Source ID="R30604">Ministère chargé de l'Europe et des affaires étrangères</Source>
</PourEnSavoirPlus>
<PourEnSavoirPlus type="Information pratique" ID="R46418" URL="https://www.legifrance.gouv.fr/loda/id/JORFTEXT000033825603" audience="Particuliers">
<Titre>Zones en provenance desquelles les moyens de transport sont désinsectisés</Titre>
<Source ID="R38880">Legifrance</Source>
</PourEnSavoirPlus>
<QuestionReponse ID="F2169" audience="Particuliers">Vacances à l'étranger : comment être bien assuré ?</QuestionReponse>
</Publication>
