<?xml version="1.0" encoding="UTF-8"?><Publication xmlns:dc="http://purl.org/dc/elements/1.1/" xmlns:xsi="http://www.w3.org/2001/XMLSchema-instance" ID="F11144" type="Fiche d'information" xsi:noNamespaceSchemaLocation="../Schemas/3.0/Publication.xsd">
<dc:title>Maintien d'un étranger en zone d'attente</dc:title>
<dc:creator>Direction de l'information légale et administrative</dc:creator>
<dc:subject>Étranger</dc:subject>
<dc:description>Un étranger peut être placé en zone d'attente à son arrivée à la frontière. La procédure de maintien en zone d'attente est encadrée juridiquement et limitée dans le temps (26 jours maximum). Tout au long de la procédure, des droits sont garantis à l'étranger et il bénéficie de voies de recours. À la sortie de la zone d'attente, soit l'étranger doit quitter la France, soit il est autorisé à entrer en France provisoirement.</dc:description>
<dc:publisher>Direction de l'information légale et administrative</dc:publisher>
<dc:contributor>Direction de l'information légale et administrative (Premier ministre)</dc:contributor>
<dc:date>modified 2019-09-30</dc:date>
<dc:type>Fiche pratique</dc:type>
<dc:format>text/xml</dc:format>
<dc:identifier>F11144</dc:identifier>
<dc:source>https://www.legifrance.gouv.fr/affichCode.do?idSectionTA=LEGISCTA000006147751&amp;cidTexte=LEGITEXT000006070158, https://www.legifrance.gouv.fr/affichCode.do?idSectionTA=LEGISCTA000006163223&amp;cidTexte=LEGITEXT000006070158, https://www.legifrance.gouv.fr/affichCode.do?idSectionTA=LEGISCTA000033325887&amp;cidTexte=LEGITEXT000006070158, https://www.legifrance.gouv.fr/affichCode.do?idSectionTA=LEGISCTA000033325889&amp;cidTexte=LEGITEXT000006070158, https://www.legifrance.gouv.fr/affichCode.do?idSectionTA=LEGISCTA000006163257&amp;cidTexte=LEGITEXT000006070158, https://www.legifrance.gouv.fr/affichCode.do?idSectionTA=LEGISCTA000006163258&amp;cidTexte=LEGITEXT000006070158, https://www.legifrance.gouv.fr/affichCode.do?idSectionTA=LEGISCTA000006147753&amp;cidTexte=LEGITEXT000006070158, https://www.legifrance.gouv.fr/affichCode.do?idSectionTA=LEGISCTA000025036855&amp;cidTexte=LEGITEXT000006070158, https://www.legifrance.gouv.fr/affichCode.do?idSectionTA=LEGISCTA000006163261&amp;cidTexte=LEGITEXT000006070158, https://www.legifrance.gouv.fr/affichCode.do?idSectionTA=LEGISCTA000006147754&amp;cidTexte=LEGITEXT000006070158, https://www.legifrance.gouv.fr/affichTexte.do?cidTexte=LEGITEXT000005620562</dc:source>
<dc:language>Fr</dc:language>
<dc:relation>isPartOf N105</dc:relation>
<dc:coverage>France entière</dc:coverage>
<dc:rights>https://www.service-public.fr/a-propos/mentions-legales</dc:rights>
<SurTitre>Fiche pratique</SurTitre>
<Audience>Particuliers</Audience>
<Canal>www.service-public.fr</Canal>
<FilDAriane>
<Niveau ID="Particuliers">Accueil particuliers</Niveau>
<Niveau ID="N19804">Étranger</Niveau>
<Niveau ID="N105">Entrée d'un étranger en France</Niveau>
<Niveau ID="F11144" type="Fiche d'information">Maintien d'un étranger en zone d'attente</Niveau>
</FilDAriane>
<Theme ID="N19804">
<Titre>Étranger</Titre>
</Theme>
<SousThemePere ID="N20306">Étranger en France</SousThemePere><DossierPere ID="N105">
<Titre>Entrée d'un étranger en France</Titre><SousDossier ID="N105-1">
<Titre>Européen</Titre>
<Fiche ID="F13512">Entrée pour un court séjour</Fiche>
<Fiche ID="F2651">Entrée pour un long séjour</Fiche>
<Fiche ID="F13517">Refus d'entrée et expulsion</Fiche>
</SousDossier>
<SousDossier ID="N105-2">
<Titre>Étranger d'un autre pays</Titre>
<Fiche ID="F2191">Attestation d'accueil</Fiche>
<Fiche ID="F16146">Visa de court séjour</Fiche>
<Fiche ID="F16162">Visa de long séjour</Fiche>
<Fiche ID="F2190">Refus d'entrée en France</Fiche>
<Fiche ID="F11144">Zone d'attente</Fiche>
</SousDossier>
</DossierPere>

<SousDossierPere>Étranger d'un autre pays</SousDossierPere>
<Introduction>
<Texte><Paragraphe>Un étranger peut être placé en zone d'attente à son arrivée à la frontière.
		
			La procédure de maintien en zone d'attente est encadrée juridiquement et limitée dans le temps (26 jours maximum). Tout au long de la procédure, des droits sont garantis à l'étranger et il bénéficie de voies de recours. À la sortie de la zone d'attente, soit l'étranger doit quitter la France, soit il est autorisé à entrer en France provisoirement.</Paragraphe>
</Texte>
</Introduction>
<Texte><Paragraphe>Un étranger peut être placé en zone d'attente à son arrivée à la frontière dans les 3 situations suivantes.</Paragraphe>

</Texte>
<ListeSituations affichage="onglet"><Situation>
<Titre>Refus d'entrée en France</Titre>
<Texte>
<Chapitre><Paragraphe>Vous pouvez être placé en zone d'attente si vous</Paragraphe>
<Liste type="puce">
<Item>
<Paragraphe>êtes un étranger arrivant en France par bateau, train ou avion,</Paragraphe>
</Item>
<Item>
<Paragraphe>et  faites l'objet d'un <LienInterne LienPublication="F2190" type="Fiche d'information" audience="Particuliers">refus d'entrée en France</LienInterne>.</Paragraphe>
</Item>
</Liste>
<Attention>
<Titre>Attention</Titre>
				<Paragraphe>cette procédure ne concerne pas un étranger ressortissant d'un <LienIntra LienID="R46210" type="Définition de glossaire">pays européen</LienIntra>, ni  les membres de sa famille vivant en France avec lui.</Paragraphe>
			</Attention>

</Chapitre><Chapitre>
<Titre>
<Paragraphe>De quoi s'agit-il ?</Paragraphe>
</Titre>
				<Paragraphe>La zone d'attente est  un espace bien délimité  situé :</Paragraphe>
				<Liste type="puce">
					<Item>
						<Paragraphe>dans un  aéroport (Roissy, Orly, etc.),</Paragraphe>
					</Item>
					<Item>
						<Paragraphe>ou dans un port ou à proximité d'un lieu de débarquement (Marseille, Calais, etc.),</Paragraphe>
					</Item>
					<Item>
						<Paragraphe>ou une  gare ferroviaire ouverte au trafic international (Paris-Gare du Nord, Lille-Europe, Strasbourg, Nice, Modane, etc.).</Paragraphe>
					</Item>
				</Liste>
				<Paragraphe>Il ne faut pas confondre une zone d'attente et un <LienInterne LienPublication="F2780" type="Fiche d'information" audience="Particuliers">centre de rétention</LienInterne>.</Paragraphe>
				<Paragraphe>La zone s'étend des points d'embarquement et de débarquement aux points où sont effectués les contrôles des voyageurs (zones sous douane). Elle couvre aussi les lieux où vous devez vous rendre dans
        le cadre de la procédure
        de maintien en zone d'attente et en cas de nécessité médicale (devant le tribunal ou à l'hôpital par exemple).</Paragraphe>
				<Paragraphe>Dans l'attente de la décision prise sur votre situation, vous pouvez être hébergé  dans une structure  spécialement aménagée ou dans un hôtel à proximité de votre lieu d'arrivée.</Paragraphe>
			<ANoter>
<Titre>À noter</Titre>
				<Paragraphe>si vous arrivez en groupe (au moins 10 étrangers) en dehors d'un point de passage frontalier, vous pouvez être placé dans une zone d'attente mobile temporaire. Vous serez ensuite transférés vers une zone d'attente normale (rattachée au point frontalier le plus proche).</Paragraphe>
			</ANoter>

</Chapitre>
<Chapitre ID="T10703">
<Titre>
<Paragraphe>Durée du maintien</Paragraphe>
</Titre><SousChapitre>
<Titre>
<Paragraphe>Durée</Paragraphe>
</Titre><Paragraphe>La police aux frontières peut vous maintenir en zone d'attente pendant 4 jours au maximum.</Paragraphe>
<Paragraphe>Il s'agit d'une décision écrite et motivée qui fait l'objet d'une inscription obligatoire sur un registre mentionnant</Paragraphe>
<Liste type="puce">
<Item>
<Paragraphe>votre état civil </Paragraphe>
</Item>
<Item>
<Paragraphe>et la date et l'heure auxquelles la mesure vous a été <LienIntra LienID="R14732" type="Définition de glossaire">notifiée</LienIntra>.</Paragraphe>
</Item>
</Liste>

</SousChapitre>
<SousChapitre>
<Titre>
<Paragraphe>Prolongation</Paragraphe>
</Titre><Paragraphe>Après les 4 jours de maintien administratif, le juge des libertés et de la détention (JLD) du tribunal territorialement compétent est saisi par la police. Il peut prolonger votre placement en zone d'attente pour 8 jours maximum (renouvelable 1 fois).</Paragraphe>
<Paragraphe>Le JLD statue par <LienIntra LienID="R1058" type="Définition de glossaire">ordonnance</LienIntra> dans les 24 heures de sa saisine (ou dans les 48 heures si l'instruction le nécessite). L'ordonnance vous est notifiée, ainsi qu'au préfet et au <LienIntra LienID="R1123" type="Définition de glossaire">procureur de la République</LienIntra>.</Paragraphe>
<Paragraphe>L'audience peut se tenir au tribunal ou dans une salle proche de la zone d'attente.</Paragraphe>
<Paragraphe>Le JLD peut être saisi pour une 2<Exposant>nde</Exposant> prolongation qui ne peut intervenir qu'à titre exceptionnel ou en cas de  volonté délibérée de votre part de faire échec à votre départ.</Paragraphe>
<Paragraphe>Si l'ordonnance met fin à votre maintien en zone d'attente, vous êtes, à partir de sa notification, maintenu à la disposition de la justice pendant 10 heures (sauf décision contraire du procureur). Durant cette période, vous pouvez, si vous le souhaitez, contacter votre avocat et  toute personne de votre choix, rencontrer un médecin et vous alimenter.</Paragraphe>
<Paragraphe>Au total, la durée de votre maintien en zone d'attente ne peut pas dépasser <MiseEnEvidence>20 jours</MiseEnEvidence> (4 jours de maintien administratif + 1<Exposant>re</Exposant> prolongation judiciaire de 8 jours maximum + 2<Exposant>nde</Exposant> prolongation judiciaire de 8 jours maximum).</Paragraphe>
<Paragraphe>Toutefois, dans 2 situations particulières, le maintien  en zone d'attente peut durer jusqu'à <MiseEnEvidence>26 jours</MiseEnEvidence> :</Paragraphe>
<Liste type="puce">
<Item>
<Paragraphe>si vous arrivez avec un groupe (au moins 10 personnes) et êtes placé dans
        une zone mobile,
</Paragraphe>
</Item>
<Item>
<Paragraphe>ou si vous déposez une demande d'asile le 20<Exposant>e</Exposant> jour de votre maintien (car si vous déposez une demande d'asile dans les 6 derniers jours de la dernière période de maintien possible, entre les 14<Exposant>e</Exposant> et 20<Exposant>e</Exposant> jours, la mesure est prolongée de 6 jours).</Paragraphe>
</Item>
</Liste>

</SousChapitre>
<SousChapitre>
<Titre>
<Paragraphe>Recours</Paragraphe>
</Titre><Paragraphe>Vous pouvez contester l'ordonnance du JLD dans les 24 heures de son prononcé. Vous devez saisir le 1<Exposant>er</Exposant> président de la cour d'appel (ou son délégué), qui doit rendre une décision dans les 48 heures de sa saisine.</Paragraphe>
<Paragraphe>Votre appel n'est pas <LienIntra LienID="R19521" type="Définition de glossaire">suspensif</LienIntra> (vous pouvez être reconduit avant la décision du  juge).</Paragraphe>
<OuSAdresser ID="R11624" type="Local personnalisé sur SP">
<Titre>Cour d'appel</Titre>
<PivotLocal>cour_appel</PivotLocal>
<RessourceWeb URL="http://www.annuaires.justice.gouv.fr/annuaires-12162/annuaire-des-cours-dappel-21767.html"/>
<Source ID="R30663">Ministère chargé de la justice</Source>
</OuSAdresser>
<Paragraphe>Ensuite, si vous voulez contester l'ordonnance de la cour d'appel, vous pouvez <LienInterne LienPublication="F1382" type="Fiche d'information" audience="Particuliers">former un recours  en cassation</LienInterne>.</Paragraphe>
<OuSAdresser ID="R182" type="National">
<Titre>Cour de cassation</Titre>
<RessourceWeb URL="https://www.courdecassation.fr/service_accueil_11812.html"/>
</OuSAdresser>

</SousChapitre>
</Chapitre>
<Chapitre ID="T10733">
<Titre>
<Paragraphe>Droits en zone d'attente</Paragraphe>
</Titre><BlocCas affichage="onglet"><Cas>
<Titre>
<Paragraphe>Cas général</Paragraphe>
</Titre><Paragraphe>Vous êtes informé dans les meilleurs délais que vous pouvez demander l'assistance d'un interprète et d'un médecin.</Paragraphe>
<Paragraphe>Vous pouvez communiquer avec un avocat ou toute personne de votre choix.</Paragraphe>
<OuSAdresser ID="R14218" type="Local personnalisable">
<Titre>Avocat</Titre>
<PivotLocal>avocat_conseil_national</PivotLocal>
<RessourceWeb URL="http://cnb.avocat.fr/Trouver-un-avocat-en-France_a341.html"/>
<Source ID="R30762">Conseil national des barreaux</Source>
</OuSAdresser>
<Paragraphe>Si vous ne parlez pas  français, vous devez indiquer à votre entrée en zone d'attente une langue que vous comprenez et si vous savez lire. La langue que vous avez déclaré comprendre est utilisée jusqu'à la fin de la procédure. Sinon, la langue utilisée est le français.</Paragraphe>
<Paragraphe>Le procureur de la République et le juge des libertés et de la détention peuvent se rendre dans les zones d'attente pour vérifier les conditions de maintien des personnes.</Paragraphe>
<Paragraphe>Le <LienInterne LienPublication="F31728" type="Fiche Question-réponse" audience="Particuliers">contrôleur général des lieux de privation des libertés</LienInterne> peut aussi visiter à tout moment les zones d'attente.</Paragraphe>
<Paragraphe>Des agents de l'<LienInterne LienPublication="R31171" type="Acronyme">Ofii</LienInterne> sont présents dans certaines zones d'attente. Ils sont chargés de votre assistance humanitaire.</Paragraphe>
<Paragraphe>Plusieurs <LienInterne LienPublication="F34479" type="Fiche Question-réponse" audience="Particuliers">associations</LienInterne> peuvent aussi vous assister. Il s'agit d'associations spécialisées dans l'aide et l'assistance aux étrangers, la défense des droits de l'homme ou l'assistance médicale ou sociale. Elles peuvent disposer de permanences sur place ou téléphoniques et vous entendre.</Paragraphe>

</Cas>
<Cas>
<Titre>
<Paragraphe>Mineur isolé</Paragraphe>
</Titre><Paragraphe>Si vous êtes mineur et entré en France sans représentant légal, le <LienIntra LienID="R1123" type="Définition de glossaire">procureur de la République</LienIntra> vous désigne sans délai un <Expression>administrateur ad hoc</Expression>.</Paragraphe>
<Paragraphe>Cet administrateur vous assiste et vous représente dans toutes les procédures administratives et juridictionnelles relatives à votre maintien en zone d'attente et à votre entrée en France. Il doit se rendre obligatoirement auprès de vous.</Paragraphe>
<Paragraphe>Vous êtes informé dans les meilleurs délais que vous pouvez demander l'assistance d'un interprète et d'un médecin.</Paragraphe>
<Paragraphe>Vous pouvez communiquer avec un avocat ou toute personne de votre choix.</Paragraphe>
<OuSAdresser ID="R14218" type="Local personnalisable">
<Titre>Avocat</Titre>
<PivotLocal>avocat_conseil_national</PivotLocal>
<RessourceWeb URL="http://cnb.avocat.fr/Trouver-un-avocat-en-France_a341.html"/>
<Source ID="R30762">Conseil national des barreaux</Source>
</OuSAdresser>
<Paragraphe>Si vous ne parlez pas  français, vous devez indiquer à votre entrée en zone d'attente une langue que vous comprenez et si vous savez lire. La langue que vous avez déclaré comprendre est utilisée jusqu'à la fin de la procédure. Sinon, la langue utilisée est le français.</Paragraphe>
<Paragraphe>Le procureur de la République et le juge des libertés et de la détention peuvent se rendre dans les zones d'attente pour vérifier les conditions de maintien des personnes.</Paragraphe>
<Paragraphe>Le <LienInterne LienPublication="F31728" type="Fiche Question-réponse" audience="Particuliers">contrôleur général des lieux de privation des libertés</LienInterne> peut aussi visiter à tout moment les zones d'attente.</Paragraphe>
<Paragraphe>Des agents de l'<LienInterne LienPublication="R31171" type="Acronyme">Ofii</LienInterne> sont présents dans certaines zones d'attente. Ils sont chargés de votre assistance humanitaire.</Paragraphe>
<Paragraphe>Plusieurs <LienInterne LienPublication="F34479" type="Fiche Question-réponse" audience="Particuliers">associations</LienInterne> peuvent aussi vous assister. Il s'agit d'associations spécialisées dans l'aide et l'assistance aux étrangers, la défense des droits de l'homme ou l'assistance médicale ou sociale. Elles peuvent disposer de permanences sur place ou téléphoniques et vous entendre.</Paragraphe>

</Cas>
</BlocCas>

</Chapitre>
<Chapitre ID="T10732">
<Titre>
<Paragraphe>Sortie de la zone d'attente</Paragraphe>
</Titre><Paragraphe>Votre maintien en zone d'attente peut prendre fin de 2 manières :</Paragraphe>
<Liste type="puce">
<Item>
<Paragraphe>soit vous devez quitter la France,</Paragraphe>
</Item>
<Item>
<Paragraphe>soit vous êtes autorisé à entrer temporairement en France.</Paragraphe>
</Item>
</Liste>
<BlocCas affichage="onglet"><Cas>
<Titre>
<Paragraphe>Départ de France</Paragraphe>
</Titre>
<BlocCas affichage="radio"><Cas>
<Titre>
<Paragraphe>Départ volontaire</Paragraphe>
</Titre><Paragraphe>Vous pouvez quitter à tout moment la zone d'attente pour tout pays étranger.</Paragraphe>

</Cas>
<Cas>
<Titre>
<Paragraphe>Départ contraint</Paragraphe>
</Titre><Paragraphe>Vous êtes reconduit vers :</Paragraphe>
<Liste type="puce">
<Item>
<Paragraphe>votre pays d'origine,</Paragraphe>
</Item>
<Item>
<Paragraphe>ou le pays dont vous provenez,</Paragraphe>
</Item>
<Item>
<Paragraphe>ou tout autre pays où vous pouvez être admis.</Paragraphe>
</Item>
</Liste>
<Paragraphe>Vous pouvez être transféré dans une autre zone d'attente si votre renvoi ne peut pas avoir lieu de la gare, de l'aéroport ou du port où vous êtes maintenu. Ce transfert n'interrompt pas la procédure de maintien en zone d'attente.</Paragraphe>

</Cas>
</BlocCas>
</Cas>
<Cas>
<Titre>
<Paragraphe>Entrée légale en France</Paragraphe>
</Titre><Paragraphe>Votre entrée en France peut résulter :</Paragraphe>
<Liste type="puce">
<Item>
<Paragraphe>du refus du JLD de prolonger votre maintien en zone d'attente,</Paragraphe>
</Item>
<Item>
<Paragraphe>de la fin du délai maximum autorisé du maintien en zone d'attente, si votre départ  n'a pas pu avoir lieu.</Paragraphe>
</Item>
</Liste>
<Paragraphe>Un visa de régularisation valable <MiseEnEvidence>8 jours</MiseEnEvidence> (appelé <Expression>sauf-conduit</Expression>)  vous est délivré. Avant l'expiration de ce délai, vous devez :</Paragraphe>
<Liste type="puce">
<Item>
<Paragraphe>soit quitter la France,</Paragraphe>
</Item>
<Item>
<Paragraphe>soit vous rendre en préfecture pour déposer une demande de <LienInterne LienPublication="N110" type="Dossier" audience="Particuliers">carte de séjour</LienInterne>, si vous y êtes autorisé.</Paragraphe>
</Item>
</Liste>
<Paragraphe>Si vous êtes mineur isolé, vous êtes confié à l'aide sociale à l'enfance ou directement à une structure spécialisée dans l’accueil des mineurs.</Paragraphe>

</Cas>
</BlocCas>

</Chapitre>
</Texte>
</Situation>
<Situation>
<Titre>Transit</Titre>
<Texte>
<Chapitre><Paragraphe>Vous pouvez être placé en zone d'attente si :</Paragraphe>
<Liste type="puce">
<Item>
<Paragraphe>vous êtes un étranger arrivant en France par bateau, train ou avion,</Paragraphe>
</Item>
<Item>
<Paragraphe>et l'embarquement vers le pays de votre destination finale vous a été refusé (ou si les autorités de ce pays vous ont refoulé vers la France).</Paragraphe>
</Item>
</Liste>
<Attention>
<Titre>Attention</Titre>
				<Paragraphe>cette procédure ne concerne pas un étranger ressortissant d'un <LienIntra LienID="R46210" type="Définition de glossaire">pays européen</LienIntra>, ni  les membres de sa famille vivant en France avec lui.</Paragraphe>
			</Attention>

</Chapitre><Chapitre>
<Titre>
<Paragraphe>De quoi s'agit-il ?</Paragraphe>
</Titre>
				<Paragraphe>La zone d'attente est  un espace bien délimité  situé :</Paragraphe>
				<Liste type="puce">
					<Item>
						<Paragraphe>dans un  aéroport (Roissy, Orly, etc.),</Paragraphe>
					</Item>
					<Item>
						<Paragraphe>ou dans un port ou à proximité d'un lieu de débarquement (Marseille, Calais, etc.),</Paragraphe>
					</Item>
					<Item>
						<Paragraphe>ou une  gare ferroviaire ouverte au trafic international (Paris-Gare du Nord, Lille-Europe, Strasbourg, Nice, Modane, etc.).</Paragraphe>
					</Item>
				</Liste>
				<Paragraphe>Il ne faut pas confondre une zone d'attente et un <LienInterne LienPublication="F2780" type="Fiche d'information" audience="Particuliers">centre de rétention</LienInterne>.</Paragraphe>
				<Paragraphe>La zone s'étend des points d'embarquement et de débarquement aux points où sont effectués les contrôles des voyageurs (zones sous douane). Elle couvre aussi les lieux où vous devez vous rendre dans
        le cadre de la procédure
        de maintien en zone d'attente et en cas de nécessité médicale (devant le tribunal ou à l'hôpital par exemple).</Paragraphe>
				<Paragraphe>Dans l'attente de la décision prise sur votre situation, vous pouvez être hébergé  dans une structure  spécialement aménagée ou dans un hôtel à proximité de votre lieu d'arrivée.</Paragraphe>
			<ANoter>
<Titre>À noter</Titre>
				<Paragraphe>si vous arrivez en groupe (au moins 10 étrangers) en dehors d'un point de passage frontalier, vous pouvez être placé dans une zone d'attente mobile temporaire. Vous serez ensuite transférés vers une zone d'attente normale (rattachée au point frontalier le plus proche).</Paragraphe>
			</ANoter>

</Chapitre>
<Chapitre>
<Titre>
<Paragraphe>Sortie de la zone d'attente</Paragraphe>
</Titre><Paragraphe>Votre maintien en zone d'attente peut prendre fin de 2 manières :</Paragraphe>
<Liste type="puce">
<Item>
<Paragraphe>soit vous devez quitter la France,</Paragraphe>
</Item>
<Item>
<Paragraphe>soit vous êtes autorisé à entrer temporairement en France.</Paragraphe>
</Item>
</Liste>

<SousChapitre>
<Titre>
<Paragraphe>Départ volontaire ou contraint hors de France</Paragraphe>
</Titre><Paragraphe>Votre maintien en zone d'attente s'achève par votre départ volontaire ou forcé hors de France.</Paragraphe>
<Paragraphe>Vous pouvez être transféré dans une autre zone d'attente si votre renvoi  ne peut pas avoir lieu de la gare, de l'aéroport ou du port où vous êtes maintenu. Ce transfert  n'interrompt pas la procédure.</Paragraphe>
<Paragraphe>Si vous êtes mineur isolé, vous êtes prioritairement reconduit vers votre pays d'origine plutôt que vers votre pays provenance. Une enquête est menée préalablement auprès des autorités de votre pays d'origine.</Paragraphe>

</SousChapitre>
<SousChapitre>
<Titre>
<Paragraphe>Entrée en France</Paragraphe>
</Titre><Paragraphe>Votre entrée en France peut résulter :</Paragraphe>
<Liste type="puce">
<Item>
<Paragraphe>du refus du juge judiciaire de prolonger votre maintien en zone d'attente,</Paragraphe>
</Item>
<Item>
<Paragraphe>de la fin du délai maximum autorisé du maintien en zone d'attente, si votre départ  n'a pas pu avoir lieu.</Paragraphe>
</Item>
</Liste>
<Paragraphe>Un visa de régularisation valable <MiseEnEvidence>8 jours</MiseEnEvidence> (appelé <Expression>sauf-conduit</Expression>)  vous est délivré. Avant l'expiration de ce délai, vous devez :</Paragraphe>
<Liste type="puce">
<Item>
<Paragraphe>soit quitter la France,</Paragraphe>
</Item>
<Item>
<Paragraphe>soit vous rendre en préfecture pour déposer une demande de <LienInterne LienPublication="N110" type="Dossier" audience="Particuliers">carte de séjour</LienInterne>, si vous y êtes autorisé.</Paragraphe>
</Item>
</Liste>
<Paragraphe>Si vous êtes mineur isolé, vous êtes confié à l'aide sociale à l'enfance ou directement à une structure spécialisée dans l’accueil des mineurs.</Paragraphe>

</SousChapitre>
</Chapitre>
<Chapitre ID="T10703">
<Titre>
<Paragraphe>Durée du maintien</Paragraphe>
</Titre><SousChapitre>
<Titre>
<Paragraphe>Durée</Paragraphe>
</Titre><Paragraphe>La police aux frontières peut vous maintenir en zone d'attente pendant 4 jours au maximum.</Paragraphe>
<Paragraphe>Il s'agit d'une décision écrite et motivée qui fait l'objet d'une inscription obligatoire sur un registre mentionnant</Paragraphe>
<Liste type="puce">
<Item>
<Paragraphe>votre état civil </Paragraphe>
</Item>
<Item>
<Paragraphe>et la date et l'heure auxquelles la mesure vous a été <LienIntra LienID="R14732" type="Définition de glossaire">notifiée</LienIntra>.</Paragraphe>
</Item>
</Liste>

</SousChapitre>
<SousChapitre>
<Titre>
<Paragraphe>Prolongation</Paragraphe>
</Titre><Paragraphe>Après les 4 jours de maintien administratif, le juge des libertés et de la détention (JLD) du tribunal territorialement compétent est saisi par la police. Il peut prolonger votre placement en zone d'attente pour 8 jours maximum (renouvelable 1 fois).</Paragraphe>
<Paragraphe>Le JLD statue par <LienIntra LienID="R1058" type="Définition de glossaire">ordonnance</LienIntra> dans les 24 heures de sa saisine (ou dans les 48 heures si l'instruction le nécessite). L'ordonnance vous est notifiée, ainsi qu'au préfet et au <LienIntra LienID="R1123" type="Définition de glossaire">procureur de la République</LienIntra>.</Paragraphe>
<Paragraphe>L'audience peut se tenir au tribunal ou dans une salle proche de la zone d'attente.</Paragraphe>
<Paragraphe>Le JLD peut être saisi pour une 2<Exposant>nde</Exposant> prolongation qui ne peut intervenir qu'à titre exceptionnel ou en cas de  volonté délibérée de votre part de faire échec à votre départ.</Paragraphe>
<Paragraphe>Si l'ordonnance met fin à votre maintien en zone d'attente, vous êtes, à partir de sa notification, maintenu à la disposition de la justice pendant 10 heures (sauf décision contraire du procureur). Durant cette période, vous pouvez, si vous le souhaitez, contacter votre avocat et  toute personne de votre choix, rencontrer un médecin et vous alimenter.</Paragraphe>
<Paragraphe>Au total, la durée de votre maintien en zone d'attente ne peut pas dépasser <MiseEnEvidence>20 jours</MiseEnEvidence> (4 jours de maintien administratif + 1<Exposant>re</Exposant> prolongation judiciaire de 8 jours maximum + 2<Exposant>nde</Exposant> prolongation judiciaire de 8 jours maximum).</Paragraphe>
<Paragraphe>Toutefois, dans 2 situations particulières, le maintien  en zone d'attente peut durer jusqu'à <MiseEnEvidence>26 jours</MiseEnEvidence> :</Paragraphe>
<Liste type="puce">
<Item>
<Paragraphe>si vous arrivez avec un groupe (au moins 10 personnes) et êtes placé dans
        une zone mobile,
</Paragraphe>
</Item>
<Item>
<Paragraphe>ou si vous déposez une demande d'asile le 20<Exposant>e</Exposant> jour de votre maintien (car si vous déposez une demande d'asile dans les 6 derniers jours de la dernière période de maintien possible, entre les 14<Exposant>e</Exposant> et 20<Exposant>e</Exposant> jours, la mesure est prolongée de 6 jours).</Paragraphe>
</Item>
</Liste>

</SousChapitre>
<SousChapitre>
<Titre>
<Paragraphe>Recours</Paragraphe>
</Titre><Paragraphe>Vous pouvez contester l'ordonnance du JLD dans les 24 heures de son prononcé. Vous devez saisir le 1<Exposant>er</Exposant> président de la cour d'appel (ou son délégué), qui doit rendre une décision dans les 48 heures de sa saisine.</Paragraphe>
<Paragraphe>Votre appel n'est pas <LienIntra LienID="R19521" type="Définition de glossaire">suspensif</LienIntra> (vous pouvez être reconduit avant la décision du  juge).</Paragraphe>
<OuSAdresser ID="R11624" type="Local personnalisé sur SP">
<Titre>Cour d'appel</Titre>
<PivotLocal>cour_appel</PivotLocal>
<RessourceWeb URL="http://www.annuaires.justice.gouv.fr/annuaires-12162/annuaire-des-cours-dappel-21767.html"/>
<Source ID="R30663">Ministère chargé de la justice</Source>
</OuSAdresser>
<Paragraphe>Ensuite, si vous voulez contester l'ordonnance de la cour d'appel, vous pouvez <LienInterne LienPublication="F1382" type="Fiche d'information" audience="Particuliers">former un recours  en cassation</LienInterne>.</Paragraphe>
<OuSAdresser ID="R182" type="National">
<Titre>Cour de cassation</Titre>
<RessourceWeb URL="https://www.courdecassation.fr/service_accueil_11812.html"/>
</OuSAdresser>

</SousChapitre>
</Chapitre>
<Chapitre ID="T10733">
<Titre>
<Paragraphe>Droits en zone d'attente</Paragraphe>
</Titre><BlocCas affichage="onglet"><Cas>
<Titre>
<Paragraphe>Cas général</Paragraphe>
</Titre><Paragraphe>Vous êtes informé dans les meilleurs délais que vous pouvez demander l'assistance d'un interprète et d'un médecin.</Paragraphe>
<Paragraphe>Vous pouvez communiquer avec un avocat ou toute personne de votre choix.</Paragraphe>
<OuSAdresser ID="R14218" type="Local personnalisable">
<Titre>Avocat</Titre>
<PivotLocal>avocat_conseil_national</PivotLocal>
<RessourceWeb URL="http://cnb.avocat.fr/Trouver-un-avocat-en-France_a341.html"/>
<Source ID="R30762">Conseil national des barreaux</Source>
</OuSAdresser>
<Paragraphe>Si vous ne parlez pas  français, vous devez indiquer à votre entrée en zone d'attente une langue que vous comprenez et si vous savez lire. La langue que vous avez déclaré comprendre est utilisée jusqu'à la fin de la procédure. Sinon, la langue utilisée est le français.</Paragraphe>
<Paragraphe>Le procureur de la République et le juge des libertés et de la détention peuvent se rendre dans les zones d'attente pour vérifier les conditions de maintien des personnes.</Paragraphe>
<Paragraphe>Le <LienInterne LienPublication="F31728" type="Fiche Question-réponse" audience="Particuliers">contrôleur général des lieux de privation des libertés</LienInterne> peut aussi visiter à tout moment les zones d'attente.</Paragraphe>
<Paragraphe>Des agents de l'<LienInterne LienPublication="R31171" type="Acronyme">Ofii</LienInterne> sont présents dans certaines zones d'attente. Ils sont chargés de votre assistance humanitaire.</Paragraphe>
<Paragraphe>Plusieurs <LienInterne LienPublication="F34479" type="Fiche Question-réponse" audience="Particuliers">associations</LienInterne> peuvent aussi vous assister. Il s'agit d'associations spécialisées dans l'aide et l'assistance aux étrangers, la défense des droits de l'homme ou l'assistance médicale ou sociale. Elles peuvent disposer de permanences sur place ou téléphoniques et vous entendre.</Paragraphe>

</Cas>
<Cas>
<Titre>
<Paragraphe>Mineur isolé</Paragraphe>
</Titre><Paragraphe>Si vous êtes mineur et entré en France sans représentant légal, le <LienIntra LienID="R1123" type="Définition de glossaire">procureur de la République</LienIntra> vous désigne sans délai un <Expression>administrateur ad hoc</Expression>.</Paragraphe>
<Paragraphe>Cet administrateur vous assiste et vous représente dans toutes les procédures administratives et juridictionnelles relatives à votre maintien en zone d'attente et à votre entrée en France. Il doit se rendre obligatoirement auprès de vous.</Paragraphe>
<Paragraphe>Vous êtes informé dans les meilleurs délais que vous pouvez demander l'assistance d'un interprète et d'un médecin.</Paragraphe>
<Paragraphe>Vous pouvez communiquer avec un avocat ou toute personne de votre choix.</Paragraphe>
<OuSAdresser ID="R14218" type="Local personnalisable">
<Titre>Avocat</Titre>
<PivotLocal>avocat_conseil_national</PivotLocal>
<RessourceWeb URL="http://cnb.avocat.fr/Trouver-un-avocat-en-France_a341.html"/>
<Source ID="R30762">Conseil national des barreaux</Source>
</OuSAdresser>
<Paragraphe>Si vous ne parlez pas  français, vous devez indiquer à votre entrée en zone d'attente une langue que vous comprenez et si vous savez lire. La langue que vous avez déclaré comprendre est utilisée jusqu'à la fin de la procédure. Sinon, la langue utilisée est le français.</Paragraphe>
<Paragraphe>Le procureur de la République et le juge des libertés et de la détention peuvent se rendre dans les zones d'attente pour vérifier les conditions de maintien des personnes.</Paragraphe>
<Paragraphe>Le <LienInterne LienPublication="F31728" type="Fiche Question-réponse" audience="Particuliers">contrôleur général des lieux de privation des libertés</LienInterne> peut aussi visiter à tout moment les zones d'attente.</Paragraphe>
<Paragraphe>Des agents de l'<LienInterne LienPublication="R31171" type="Acronyme">Ofii</LienInterne> sont présents dans certaines zones d'attente. Ils sont chargés de votre assistance humanitaire.</Paragraphe>
<Paragraphe>Plusieurs <LienInterne LienPublication="F34479" type="Fiche Question-réponse" audience="Particuliers">associations</LienInterne> peuvent aussi vous assister. Il s'agit d'associations spécialisées dans l'aide et l'assistance aux étrangers, la défense des droits de l'homme ou l'assistance médicale ou sociale. Elles peuvent disposer de permanences sur place ou téléphoniques et vous entendre.</Paragraphe>

</Cas>
</BlocCas>

</Chapitre>
<Chapitre ID="T10732">
<Titre>
<Paragraphe>Sortie de la zone d'attente</Paragraphe>
</Titre><Paragraphe>Votre maintien en zone d'attente peut prendre fin de 2 manières :</Paragraphe>
<Liste type="puce">
<Item>
<Paragraphe>soit vous devez quitter la France,</Paragraphe>
</Item>
<Item>
<Paragraphe>soit vous êtes autorisé à entrer temporairement en France.</Paragraphe>
</Item>
</Liste>
<BlocCas affichage="onglet"><Cas>
<Titre>
<Paragraphe>Départ de France</Paragraphe>
</Titre>
<BlocCas affichage="radio"><Cas>
<Titre>
<Paragraphe>Départ volontaire</Paragraphe>
</Titre><Paragraphe>Vous pouvez quitter à tout moment la zone d'attente pour tout pays étranger.</Paragraphe>

</Cas>
<Cas>
<Titre>
<Paragraphe>Départ contraint</Paragraphe>
</Titre><Paragraphe>Vous êtes reconduit vers :</Paragraphe>
<Liste type="puce">
<Item>
<Paragraphe>votre pays d'origine,</Paragraphe>
</Item>
<Item>
<Paragraphe>ou le pays dont vous provenez,</Paragraphe>
</Item>
<Item>
<Paragraphe>ou tout autre pays où vous pouvez être admis.</Paragraphe>
</Item>
</Liste>
<Paragraphe>Vous pouvez être transféré dans une autre zone d'attente si votre renvoi ne peut pas avoir lieu de la gare, de l'aéroport ou du port où vous êtes maintenu. Ce transfert n'interrompt pas la procédure de maintien en zone d'attente.</Paragraphe>

</Cas>
</BlocCas>
</Cas>
<Cas>
<Titre>
<Paragraphe>Entrée légale en France</Paragraphe>
</Titre><Paragraphe>Votre entrée en France peut résulter :</Paragraphe>
<Liste type="puce">
<Item>
<Paragraphe>du refus du JLD de prolonger votre maintien en zone d'attente,</Paragraphe>
</Item>
<Item>
<Paragraphe>de la fin du délai maximum autorisé du maintien en zone d'attente, si votre départ  n'a pas pu avoir lieu.</Paragraphe>
</Item>
</Liste>
<Paragraphe>Un visa de régularisation valable <MiseEnEvidence>8 jours</MiseEnEvidence> (appelé <Expression>sauf-conduit</Expression>)  vous est délivré. Avant l'expiration de ce délai, vous devez :</Paragraphe>
<Liste type="puce">
<Item>
<Paragraphe>soit quitter la France,</Paragraphe>
</Item>
<Item>
<Paragraphe>soit vous rendre en préfecture pour déposer une demande de <LienInterne LienPublication="N110" type="Dossier" audience="Particuliers">carte de séjour</LienInterne>, si vous y êtes autorisé.</Paragraphe>
</Item>
</Liste>
<Paragraphe>Si vous êtes mineur isolé, vous êtes confié à l'aide sociale à l'enfance ou directement à une structure spécialisée dans l’accueil des mineurs.</Paragraphe>

</Cas>
</BlocCas>

</Chapitre>
</Texte>
</Situation>
<Situation>
<Titre>Demande d'asile</Titre>
<Texte>
<Chapitre><Paragraphe>Vous pouvez être placé en zone d'attente si :</Paragraphe>
<Liste type="puce">
<Item>
<Paragraphe>vous êtes un étranger arrivant en France par bateau, train ou avion,</Paragraphe>
</Item>
<Item>
<Paragraphe>et vous demandez l'asile à la frontière.</Paragraphe>
</Item>
</Liste>
<Attention>
<Titre>Attention</Titre>
				<Paragraphe>cette procédure ne concerne pas un étranger ressortissant d'un <LienIntra LienID="R46210" type="Définition de glossaire">pays européen</LienIntra>, ni  les membres de sa famille vivant en France avec lui.</Paragraphe>
			</Attention>

</Chapitre><Chapitre>
<Titre>
<Paragraphe>De quoi s'agit-il ?</Paragraphe>
</Titre>
				<Paragraphe>La zone d'attente est  un espace bien délimité  situé :</Paragraphe>
				<Liste type="puce">
					<Item>
						<Paragraphe>dans un  aéroport (Roissy, Orly, etc.),</Paragraphe>
					</Item>
					<Item>
						<Paragraphe>ou dans un port ou à proximité d'un lieu de débarquement (Marseille, Calais, etc.),</Paragraphe>
					</Item>
					<Item>
						<Paragraphe>ou une  gare ferroviaire ouverte au trafic international (Paris-Gare du Nord, Lille-Europe, Strasbourg, Nice, Modane, etc.).</Paragraphe>
					</Item>
				</Liste>
				<Paragraphe>Il ne faut pas confondre une zone d'attente et un <LienInterne LienPublication="F2780" type="Fiche d'information" audience="Particuliers">centre de rétention</LienInterne>.</Paragraphe>
				<Paragraphe>La zone s'étend des points d'embarquement et de débarquement aux points où sont effectués les contrôles des voyageurs (zones sous douane). Elle couvre aussi les lieux où vous devez vous rendre dans
        le cadre de la procédure
        de maintien en zone d'attente et en cas de nécessité médicale (devant le tribunal ou à l'hôpital par exemple).</Paragraphe>
				<Paragraphe>Dans l'attente de la décision prise sur votre situation, vous pouvez être hébergé  dans une structure  spécialement aménagée ou dans un hôtel à proximité de votre lieu d'arrivée.</Paragraphe>
			<ANoter>
<Titre>À noter</Titre>
				<Paragraphe>si vous arrivez en groupe (au moins 10 étrangers) en dehors d'un point de passage frontalier, vous pouvez être placé dans une zone d'attente mobile temporaire. Vous serez ensuite transférés vers une zone d'attente normale (rattachée au point frontalier le plus proche).</Paragraphe>
			</ANoter>

</Chapitre>
<Chapitre>
<Titre>
<Paragraphe>Durée</Paragraphe>
</Titre><Paragraphe>Vous restez en zone d'attente le temps nécessaire pour vérifier :</Paragraphe>
<Liste type="puce">
<Item>
<Paragraphe>si l'examen de votre demande relève de la compétence d'un autre État,</Paragraphe>
</Item>
<Item>
<Paragraphe>ou si votre demande n'est pas irrecevable,</Paragraphe>
</Item>
<Item>
<Paragraphe>ou si votre demande n'est pas manifestement infondée.</Paragraphe>
</Item>
</Liste>
<Paragraphe>La police aux frontières peut vous maintenir en zone d'attente pendant 4 jours au maximum.</Paragraphe>
<Paragraphe>Il s'agit d'une décision écrite et motivée qui fait l'objet d'une inscription obligatoire sur un registre mentionnant votre état civil  et la date et l'heure auxquelles la mesure vous a été <LienIntra LienID="R14732" type="Définition de glossaire">notifiée</LienIntra>.</Paragraphe>
<Paragraphe>Lorsque dans le cadre de l'examen de votre demande d'asile, l'<LienInterne LienPublication="R31591" type="Acronyme">Ofpra</LienInterne> considère que votre cas n'est pas compatible avec le maintien en zone d'attente, vous êtes conduit hors de la zone d'attente. C'est notamment le cas :</Paragraphe>
<Liste type="puce">
<Item>
<Paragraphe>parce que vous êtes mineur,</Paragraphe>
</Item>
<Item>
<Paragraphe>ou si vous avez été victime de torture, de viol ou d'une autre forme grave de violence psychologique, physique ou sexuelle.</Paragraphe>
</Item>
</Liste>
<Paragraphe>L'administration vous accorde un visa de régularisation de 8 jours et vous remet une attestation de demande d'asile.</Paragraphe>

<SousChapitre>
<Titre>
<Paragraphe>Prolongation</Paragraphe>
</Titre><Paragraphe>Après les 4 jours de maintien administratif, le juge des libertés et de la détention (JLD) du tribunal territorialement compétent peut prolonger votre placement en zone d'attente pour 8 jours maximum (renouvelable 1 fois), s'il est saisi par l'administration.</Paragraphe>
<Paragraphe>Le JLD statue par <LienIntra LienID="R1058" type="Définition de glossaire">ordonnance</LienIntra> dans les 24 heures de sa saisine (ou dans les 48 heures si l'instruction le nécessite). L'ordonnance vous est notifiée ainsi qu'au préfet et au <LienIntra LienID="R1123" type="Définition de glossaire">procureur de la République</LienIntra>.</Paragraphe>
<Paragraphe>L'audience peut se tenir au tribunal ou dans une salle proche de la zone d'attente.</Paragraphe>
<Paragraphe>Le JLD peut être saisi pour 2<Exposant>nde</Exposant> prolongation qui ne peut intervenir qu'à titre exceptionnel ou en cas de  volonté délibérée de votre part de faire échec à votre départ.</Paragraphe>
<Paragraphe>Si l'ordonnance met fin à votre maintien en zone d'attente, vous êtes, à partir de sa notification, maintenu à la disposition de la justice pendant 10 heures (sauf décision contraire du procureur). Durant cette période, vous pouvez, si vous le souhaitez, contacter votre avocat et toute personne de votre choix, rencontrer un médecin et vous alimenter.</Paragraphe>
<Paragraphe>Au total, la durée de votre maintien en zone d'attente ne peut pas dépasser <MiseEnEvidence>20 jours</MiseEnEvidence> (4 jours de maintien administratif + 1<Exposant>re</Exposant> prolongation judiciaire de 8 jours maximum + 2<Exposant>nde</Exposant> prolongation judiciaire de 8 jours maximum).</Paragraphe>

</SousChapitre>
<SousChapitre>
<Titre>
<Paragraphe>Recours</Paragraphe>
</Titre><Paragraphe>Vous pouvez contester l'ordonnance du JLD dans les 24 heures de son prononcé. Vous devez saisir le 1<Exposant>er</Exposant> président de la cour d'appel (ou son délégué), qui doit rendre une décision dans les 48 heures de sa saisine.</Paragraphe>
<Paragraphe>Votre appel n'est pas <LienIntra LienID="R19521" type="Définition de glossaire">suspensif</LienIntra> (vous pouvez être reconduit avant la décision du  juge).</Paragraphe>
<OuSAdresser ID="R11624" type="Local personnalisé sur SP">
<Titre>Cour d'appel</Titre>
<PivotLocal>cour_appel</PivotLocal>
<RessourceWeb URL="http://www.annuaires.justice.gouv.fr/annuaires-12162/annuaire-des-cours-dappel-21767.html"/>
<Source ID="R30663">Ministère chargé de la justice</Source>
</OuSAdresser>
<Paragraphe>Ensuite, si vous voulez contester l'ordonnance de la cour d'appel, vous pouvez <LienInterne LienPublication="F1382" type="Fiche d'information" audience="Particuliers">former un recours  en cassation</LienInterne>.</Paragraphe>
<OuSAdresser ID="R182" type="National">
<Titre>Cour de cassation</Titre>
<RessourceWeb URL="https://www.courdecassation.fr/service_accueil_11812.html"/>
</OuSAdresser>

</SousChapitre>
</Chapitre>
<Chapitre>
<Titre>
<Paragraphe>Droits en zone d'attente</Paragraphe>
</Titre><BlocCas affichage="onglet"><Cas>
<Titre>
<Paragraphe>Cas général</Paragraphe>
</Titre><Paragraphe>Vous êtes informé dans les meilleurs délais que vous pouvez demander l'assistance d'un interprète et d'un médecin.</Paragraphe>
<Paragraphe>Vous pouvez communiquer avec un avocat ou toute personne de votre choix.</Paragraphe>
<OuSAdresser ID="R14218" type="Local personnalisable">
<Titre>Avocat</Titre>
<PivotLocal>avocat_conseil_national</PivotLocal>
<RessourceWeb URL="http://cnb.avocat.fr/Trouver-un-avocat-en-France_a341.html"/>
<Source ID="R30762">Conseil national des barreaux</Source>
</OuSAdresser>
<Paragraphe>Si vous ne parlez pas  français, vous devez indiquer à votre entrée en zone d'attente une langue que vous comprenez et si vous savez lire. La langue que vous avez déclaré comprendre est utilisée jusqu'à la fin de la procédure. Sinon, la langue utilisée est le français.</Paragraphe>
<Paragraphe>Vous pouvez quitter à tout moment la zone d'attente pour toute destination située hors de France.</Paragraphe>
<Paragraphe>Le procureur de la République et le JLD peuvent se rendre dans les zones d'attente pour vérifier les conditions de maintien des personnes.</Paragraphe>
<Paragraphe>Le <LienInterne LienPublication="F31728" type="Fiche Question-réponse" audience="Particuliers">contrôleur général des lieux de privation des libertés</LienInterne> peut aussi visiter à tout moment les zones d'attente.</Paragraphe>
<Paragraphe>Des agents de l'<LienInterne LienPublication="R31171" type="Acronyme">Ofii</LienInterne> sont présents dans certaines zones d'attente. Ils sont chargés de votre assistance humanitaire.</Paragraphe>
<Paragraphe>Plusieurs <LienInterne LienPublication="F34479" type="Fiche Question-réponse" audience="Particuliers">associations</LienInterne> peuvent aussi vous assister. Il s'agit d'associations spécialisées dans l'aide et l'assistance aux étrangers, la défense des droits de l'homme ou l'assistance médicale ou sociale. Elles peuvent disposer de permanences sur place ou téléphoniques et vous entendre.</Paragraphe>

</Cas>
<Cas>
<Titre>
<Paragraphe>Mineur isolé</Paragraphe>
</Titre><Paragraphe>Si vous êtes mineur et entré en France sans représentant légal, le <LienIntra LienID="R1123" type="Définition de glossaire">procureur de la République</LienIntra> vous désigne sans délai un <Expression>administrateur ad hoc</Expression>.</Paragraphe>
<Paragraphe>Cet administrateur vous assiste et vous représente dans toutes les procédures administratives et juridictionnelles relatives à votre maintien en zone d'attente et à votre entrée en France. Il doit se rendre obligatoirement auprès de vous.</Paragraphe>
<Paragraphe>Vous êtes informé dans les meilleurs délais que vous pouvez demander l'assistance d'un interprète et d'un médecin.</Paragraphe>
<Paragraphe>Vous pouvez communiquer avec un avocat ou toute personne de votre choix.</Paragraphe>
<OuSAdresser ID="R14218" type="Local personnalisable">
<Titre>Avocat</Titre>
<PivotLocal>avocat_conseil_national</PivotLocal>
<RessourceWeb URL="http://cnb.avocat.fr/Trouver-un-avocat-en-France_a341.html"/>
<Source ID="R30762">Conseil national des barreaux</Source>
</OuSAdresser>
<Paragraphe>Le délégué du Haut-Commissariat des Nations Unies pour les réfugiés (UNHCR) et ses représentants ont accès aux zones d'attente. Vous pouvez demander à vous entretenir de façon confidentielle avec eux.</Paragraphe>
<Paragraphe>Si vous ne parlez pas  français, vous devez indiquer à votre entrée en zone d'attente une langue que vous comprenez et si vous savez lire. La langue que vous avez déclaré comprendre est utilisée jusqu'à la fin de la procédure. Sinon, la langue utilisée est le français.</Paragraphe>
<Paragraphe>Le procureur de la République et le JLD peuvent se rendre dans les zones d'attente pour vérifier les conditions de maintien des personnes.</Paragraphe>
<Paragraphe>Le <LienInterne LienPublication="F31728" type="Fiche Question-réponse" audience="Particuliers">contrôleur général des lieux de privation des libertés</LienInterne> peut aussi visiter à tout moment les zones d'attente.</Paragraphe>
<Paragraphe>Des agents de l'<LienInterne LienPublication="R31171" type="Acronyme">Ofii</LienInterne> sont présents dans certaines zones d'attente. Ils sont chargés de votre assistance humanitaire.</Paragraphe>
<Paragraphe>Plusieurs <LienInterne LienPublication="F34479" type="Fiche Question-réponse" audience="Particuliers">associations</LienInterne> peuvent aussi vous assister. Il s'agit d'associations spécialisées dans l'aide et l'assistance aux étrangers, la défense des droits de l'homme ou l'assistance médicale ou sociale. Elles peuvent disposer de permanences sur place ou téléphoniques et vous entendre.</Paragraphe>

</Cas>
</BlocCas>

</Chapitre>
<Chapitre>
<Titre>
<Paragraphe>Sortie de la zone d'attente</Paragraphe>
</Titre><Paragraphe>Votre maintien en zone d'attente peut prendre fin de 2 manières :</Paragraphe>
<Liste type="puce">
<Item>
<Paragraphe>soit vous devez quitter la France,</Paragraphe>
</Item>
<Item>
<Paragraphe>soit vous êtes autorisé à entrer temporairement en France.</Paragraphe>
</Item>
</Liste>
<BlocCas affichage="onglet"><Cas>
<Titre>
<Paragraphe>Départ de France</Paragraphe>
</Titre>
<BlocCas affichage="radio"><Cas>
<Titre>
<Paragraphe>Départ volontaire</Paragraphe>
</Titre><Paragraphe>Vous pouvez quitter à tout moment la zone d'attente pour tout pays étranger.</Paragraphe>

</Cas>
<Cas>
<Titre>
<Paragraphe>Départ contraint</Paragraphe>
</Titre><Paragraphe>Vous êtes reconduit vers :</Paragraphe>
<Liste type="puce">
<Item>
<Paragraphe>votre pays d'origine,</Paragraphe>
</Item>
<Item>
<Paragraphe>ou le pays dont vous provenez,</Paragraphe>
</Item>
<Item>
<Paragraphe>ou tout autre pays où vous pouvez être admis.</Paragraphe>
</Item>
</Liste>
<Paragraphe>Vous pouvez être transféré dans une autre zone d'attente si votre renvoi ne peut pas avoir lieu de la gare, de l'aéroport ou du port où vous êtes maintenu. Ce transfert n'interrompt pas la procédure de maintien en zone d'attente.</Paragraphe>

</Cas>
</BlocCas>
</Cas>
<Cas>
<Titre>
<Paragraphe>Entrée légale en France</Paragraphe>
</Titre><Paragraphe>Votre entrée en France peut résulter :</Paragraphe>
<Liste type="puce">
<Item>
<Paragraphe>du refus du JLD de prolonger votre maintien en zone d'attente,</Paragraphe>
</Item>
<Item>
<Paragraphe>de la fin du délai maximum autorisé du maintien en zone d'attente (20 ou 26 jours) si votre départ  n'a pas pu avoir lieu,</Paragraphe>
</Item>
<Item>
<Paragraphe>d'une décision favorable du ministère de l'intérieur sur le caractère fondé de votre demande d'asile à la frontière ou de votre demande de séjour à titre humanitaire.</Paragraphe>
</Item>
</Liste>
<Paragraphe>Un visa de régularisation valable <MiseEnEvidence>8 jours</MiseEnEvidence> (appelé <Expression>sauf-conduit</Expression>)  vous est délivré. Avant l'expiration de ce délai, vous devez :</Paragraphe>
<Liste type="puce">
<Item>
<Paragraphe>soit quitter la France,</Paragraphe>
</Item>
<Item>
<Paragraphe>soit, si vous y êtes autorisé, vous rendre en préfecture, pour déposer une demande de <LienInterne LienPublication="F17146" type="Fiche Question-réponse" audience="Particuliers">carte de séjour</LienInterne> ou <LienInterne LienPublication="F2232" type="Fiche d'information" audience="Particuliers">faire pré-enregistrer votre demande d'asile</LienInterne>.</Paragraphe>
</Item>
</Liste>
<Paragraphe>Si vous êtes mineur isolé, vous êtes confié à l'aide sociale à l'enfance ou directement à une structure spécialisée dans l’accueil des mineurs.</Paragraphe>

</Cas>
</BlocCas>

</Chapitre>
</Texte>
</Situation>
</ListeSituations><VoirAussi important="non">
<Dossier ID="N106" audience="Particuliers">
<Titre>Demande d'asile (réfugié, protection subsidiaire, apatride)</Titre>
<Theme ID="N19804">
<Titre>Étranger</Titre>
</Theme>
</Dossier>
<Dossier ID="N259" audience="Particuliers">
<Titre>Contestation d'un jugement</Titre>
<Theme ID="N19807">
<Titre>Justice</Titre>
</Theme>
</Dossier>
</VoirAussi>
<OuSAdresser ID="R12546" type="National">
<Titre>Délégation du Haut Commissariat des Nations Unies pour les réfugiés (HCR)</Titre>
<Complement>Pour toute aide si vous avez demandé l'asile à la frontière</Complement><Texte>
						
								<Paragraphe>
			Le Haut-Commissariat des Nations Unies pour les Réfugiés (HCR)</Paragraphe>
								<Paragraphe>Représentation en France</Paragraphe>
								<Paragraphe>7, rue Henri Rochefort</Paragraphe>
								<Paragraphe>
			75017 PARIS</Paragraphe>
								<Paragraphe>
			Téléphone : +33 (0)1 44 43 48 58
		</Paragraphe>
								<Paragraphe>
			Télécopie : +33 (0)1 44 43 48 61
		</Paragraphe>
							
					</Texte>
</OuSAdresser>
<Reference type="Texte de référence" URL="https://www.legifrance.gouv.fr/affichCode.do?idSectionTA=LEGISCTA000006147751&amp;cidTexte=LEGITEXT000006070158" ID="R34706">
<Titre>Code de l'entrée et du séjour des étrangers et du droit d'asile : articles L221-1 à L221-6</Titre>
<Complement>Conditions du maintien en zone d'attente</Complement>
</Reference>
<Reference type="Texte de référence" URL="https://www.legifrance.gouv.fr/affichCode.do?idSectionTA=LEGISCTA000006163223&amp;cidTexte=LEGITEXT000006070158" ID="R34710">
<Titre>Code de l'entrée et du séjour des étrangers et du droit d'asile : articles L222-1 à L222-5</Titre>
<Complement>Décision du juge des libertés et de la détention</Complement>
</Reference>
<Reference type="Texte de référence" URL="https://www.legifrance.gouv.fr/affichCode.do?idSectionTA=LEGISCTA000033325887&amp;cidTexte=LEGITEXT000006070158" ID="R34709">
<Titre>Code de l'entrée et du séjour des étrangers et du droit d'asile : article R221-1</Titre>
<Complement>Délimitation de la zone d'attente</Complement>
</Reference>
<Reference type="Texte de référence" URL="https://www.legifrance.gouv.fr/affichCode.do?idSectionTA=LEGISCTA000033325889&amp;cidTexte=LEGITEXT000006070158" ID="R50218">
<Titre>Code de l'entrée et du séjour des étrangers et du droit d'asile : articles R221-1 et R221-3</Titre>
<Complement>Droits des étrangers maintenus en zone d'attente</Complement>
</Reference>
<Reference type="Texte de référence" URL="https://www.legifrance.gouv.fr/affichCode.do?idSectionTA=LEGISCTA000006163257&amp;cidTexte=LEGITEXT000006070158" ID="R34714">
<Titre>Code de l'entrée et du séjour des étrangers et du droit d'asile : articles R222-1 à R222-3</Titre>
<Complement>Décision du juge des libertés et de la détention</Complement>
</Reference>
<Reference type="Texte de référence" URL="https://www.legifrance.gouv.fr/affichCode.do?idSectionTA=LEGISCTA000006163258&amp;cidTexte=LEGITEXT000006070158" ID="R43047">
<Titre>Code de l'entrée et du séjour des étrangers et du droit d'asile : article R222-4</Titre>
<Complement>Voies de recours</Complement>
</Reference>
<Reference type="Texte de référence" URL="https://www.legifrance.gouv.fr/affichCode.do?idSectionTA=LEGISCTA000006147753&amp;cidTexte=LEGITEXT000006070158" ID="R34713">
<Titre>Code de l'entrée et du séjour des étrangers et du droit d'asile : article L223-1</Titre>
<Complement>Contrôle des droits des étrangers maintenus en zone d'attente</Complement>
</Reference>
<Reference type="Texte de référence" URL="https://www.legifrance.gouv.fr/affichCode.do?idSectionTA=LEGISCTA000025036855&amp;cidTexte=LEGITEXT000006070158" ID="R43048">
<Titre>Code de l'entrée et du séjour des étrangers et du droit d'asile : articles R223-2 à R223-7</Titre>
<Complement>Conditions d'accès du délégué du Haut-Commissariat des Nations unies pour les réfugiés ou de ses représentants</Complement>
</Reference>
<Reference type="Texte de référence" URL="https://www.legifrance.gouv.fr/affichCode.do?idSectionTA=LEGISCTA000006163261&amp;cidTexte=LEGITEXT000006070158" ID="R43049">
<Titre>Code de l'entrée et du séjour des étrangers et du droit d'asile : articles R223-8 à R223-14</Titre>
<Complement>Conditions d'accès des associations humanitaires</Complement>
</Reference>
<Reference type="Texte de référence" URL="https://www.legifrance.gouv.fr/affichCode.do?idSectionTA=LEGISCTA000006147754&amp;cidTexte=LEGITEXT000006070158" ID="R34683">
<Titre>Code de l'entrée et du séjour des étrangers et du droit d'asile : articles L224-1 à L224-4</Titre>
<Complement>Sortie de la zone d'attente</Complement>
</Reference>
<Reference type="Texte de référence" URL="https://www.legifrance.gouv.fr/affichTexte.do?cidTexte=LEGITEXT000005620562" ID="R14410">
<Titre>Arrêté du 28 février 1996 désignant les gares ferroviaires ouvertes au trafic international</Titre>
</Reference>
<Definition ID="R1058">
<Titre>Ordonnance</Titre>
<Texte>
				<Paragraphe>Nom donné à certaines décisions de justice prises par un magistrat unique (président de juridiction, juge d'instruction, etc.). Par exemple, une ordonnance de renvoi devant le tribunal correctionnel prise par un juge d'instruction.</Paragraphe>
			</Texte>
</Definition>
<Definition ID="R19521">
<Titre>Recours juridictionnel suspensif</Titre>
<Texte>
				<Paragraphe>Recours exercé devant un juge qui a pour effet d'empêcher l'exécution d'une mesure ou d'une décision, tant que celui-ci n'a pas statué</Paragraphe>
			</Texte>
</Definition>
<Definition ID="R1123">
<Titre>Procureur de la République</Titre>
<Texte>
				<Paragraphe>Magistrat à la tête du parquet (ou ministère public). Il est destinataire des plaintes et signalements. Il dirige les enquêtes, décide des poursuites et veille à l'application de la loi.</Paragraphe>
			</Texte>
</Definition>
<Definition ID="R46210">
<Titre>Européen (EEE + Suisse)</Titre>
<Texte>
				<Paragraphe>Allemagne, Autriche, Belgique, Bulgarie, Chypre, Croatie, Danemark, Espagne, Estonie, Finlande, Grèce, Hongrie, Irlande, Islande, Italie, Lettonie, Liechtenstein, Lituanie, Luxembourg, Malte, Norvège, Pays-Bas, Pologne, Portugal, République tchèque, Roumanie, Slovaquie, Slovénie, Suède et Suisse. Attention : le Royaume-uni a quitté l'Union européenne, mais le droit européen s'applique aux Britanniques jusqu'au 31 décembre 2020.</Paragraphe>
			</Texte>
</Definition>
<Definition ID="R14732">
<Titre>Notification</Titre>
<Texte>
				<Paragraphe>Formalité par laquelle un acte de procédure ou une décision est porté à la connaissance d’une personne</Paragraphe>
			</Texte>
</Definition>
<Abreviation ID="R31591" type="Acronyme">
<Titre>Ofpra</Titre>
<Texte>
<Paragraphe>Office français de protection des réfugiés et apatrides</Paragraphe>
</Texte>
</Abreviation>
<Abreviation ID="R31171" type="Acronyme">
<Titre>Ofii</Titre>
<Texte>
<Paragraphe>Office français de l'immigration et de l'intégration</Paragraphe>
</Texte>
</Abreviation>
<QuestionReponse ID="F34479" audience="Particuliers">Quelles associations peuvent aider un étranger maintenu en zone d'attente ?</QuestionReponse>
<QuestionReponse ID="F31728" audience="Particuliers">Contrôleur général des prisons : comment y recourir ?</QuestionReponse>





</Publication>
