<?xml version="1.0" encoding="UTF-8"?><Publication xmlns:dc="http://purl.org/dc/elements/1.1/" xmlns:xsi="http://www.w3.org/2001/XMLSchema-instance" ID="F1136" type="Fiche Question-réponse" xsi:noNamespaceSchemaLocation="../Schemas/3.0/Publication.xsd">
<dc:title>Un salarié peut-il refuser de travailler dans une situation dangereuse ?</dc:title>
<dc:creator>Direction de l'information légale et administrative</dc:creator>
<dc:subject>Travail</dc:subject>
<dc:description>Face à un danger grave et imminent, le salarié a le droit de quitter son poste de travail.</dc:description>
<dc:publisher>Direction de l'information légale et administrative</dc:publisher>
<dc:contributor>Direction de l'information légale et administrative (Premier ministre)</dc:contributor>
<dc:date>modified 2020-01-21</dc:date>
<dc:type>Question-réponse</dc:type>
<dc:format>text/xml</dc:format>
<dc:identifier>F1136</dc:identifier>
<dc:source>https://www.legifrance.gouv.fr/affichCode.do?idSectionTA=LEGISCTA000006178068&amp;cidTexte=LEGITEXT000006072050, https://www.legifrance.gouv.fr/affichCode.do?idSectionTA=LEGISCTA000006178069&amp;cidTexte=LEGITEXT000006072050</dc:source>
<dc:language>Fr</dc:language>
<dc:relation>isPartOf N492</dc:relation>
<dc:coverage>France entière</dc:coverage>
<dc:rights>https://www.service-public.fr/a-propos/mentions-legales</dc:rights>
<SurTitre>Question-réponse</SurTitre>
<Audience>Particuliers</Audience>
<Canal>www.service-public.fr</Canal>
<FilDAriane>
<Niveau ID="Particuliers">Accueil particuliers</Niveau>
<Niveau ID="N19806">Travail</Niveau>
<Niveau ID="N492">Conditions de travail dans le secteur privé</Niveau>
<Niveau ID="F1136" type="Fiche Question-réponse">Un salarié peut-il refuser de travailler dans une situation dangereuse ?</Niveau>
</FilDAriane>
<Theme ID="N19806">
<Titre>Travail</Titre>
</Theme>
<SousThemePere ID="N19965">Santé, sécurité et conditions de travail</SousThemePere><DossierPere ID="N492">
<Titre>Conditions de travail dans le secteur privé</Titre><SousDossier ID="N492-1">
<Titre>Hygiène, sécurité et conditions de travail</Titre>
<Fiche ID="F2210">Obligations de l'employeur</Fiche>
<Fiche ID="F35101">Obligations du salarié</Fiche>
<Fiche ID="F2344">Jeunes dans l'entreprise</Fiche>
<Fiche ID="F58">Travailleur à domicile</Fiche>
<Fiche ID="F2211">Médecine du travail</Fiche>
<Fiche ID="F15504">Compte professionnel de prévention (C2P)</Fiche>
<Fiche ID="F13851">Télétravail</Fiche>
</SousDossier>
<SousDossier ID="N492-2">
<Titre>Travail de nuit</Titre>
<Fiche ID="F2212">Principes généraux</Fiche>
<Fiche ID="F1688">Jeune de moins de 18 ans</Fiche>
<Fiche ID="F2691">Pour une salariée enceinte</Fiche>
</SousDossier>
<SousDossier ID="N492-3">
<Titre>Conditions de travail : informations diverses</Titre>
<Fiche ID="F31854">Évaluation du salarié</Fiche>
<Fiche ID="F1905">Règlement intérieur d'une entreprise</Fiche>
<Fiche ID="F78">Convention collective</Fiche>
<Fiche ID="F32031">Lanceur d'alerte dans l'entreprise </Fiche>
<Fiche ID="F35274">Utilisation et aménagement des lieux de travail</Fiche>
</SousDossier>
</DossierPere>

<Texte><Paragraphe>Oui. Un salarié dispose d'un <MiseEnEvidence>droit d'alerte et de retrait</MiseEnEvidence>.</Paragraphe>
<Paragraphe>Lorsque la situation de travail présente un <MiseEnEvidence>
<LienIntra LienID="R55342" type="Définition de glossaire">danger grave et imminent</LienIntra>
</MiseEnEvidence> pour sa vie ou sa santé, le salarié peut quitter son poste de travail ou refuser de s'y installer sans l'accord de l'employeur.</Paragraphe>
<Paragraphe>Il peut alors exercer son droit de retrait et interrompre ses activités, tant que l'employeur n'a pas mis en place les mesures de prévention adaptées.</Paragraphe>
<Paragraphe>L'origine du danger peut être diverse, par exemple :</Paragraphe>
<Liste type="puce">
<Item>
<Paragraphe>Véhicule ou équipement de travail défectueux et non conforme aux normes de sécurité</Paragraphe>
</Item>
<Item>
<Paragraphe>Absence d'équipements de protection collective ou individuelle</Paragraphe>
</Item>
<Item>
<Paragraphe>Processus de fabrication dangereux</Paragraphe>
</Item>
<Item>
<Paragraphe>Risque d'agression.</Paragraphe>
</Item>
</Liste>
<Paragraphe>Le salarié n'a pas à prouver qu'il y a bien un danger, mais doit se sentir potentiellement menacé par un risque de blessure, d'accident ou de maladie. Le risque peut être immédiat ou survenir dans un délai rapproché.</Paragraphe>
<Paragraphe>Le danger peut être<MiseEnEvidence> individuel ou collectif</MiseEnEvidence>. Le retrait du salarié ne doit toutefois pas entraîner une nouvelle situation de danger grave et imminent pour d'autres personnes.</Paragraphe>
<Paragraphe>Le salarié informe alors son employeur ou son responsable hiérarchique par tout moyen. Même si cela n'est pas obligatoire, un écrit (e-mail, courrier en main propre contre signature ou en lettre recommandée avec accusé de réception) est cependant<MiseEnEvidence> préférable</MiseEnEvidence>. Le salarié peut aussi s'adresser aux représentants du personnel au comité économique et social (CSE).</Paragraphe>
<ASavoir>
<Titre>À savoir</Titre><Paragraphe>l'employeur ne peut effectuer <MiseEnEvidence>aucune retenue sur salaire</MiseEnEvidence>, <MiseEnEvidence>ni sanctionner</MiseEnEvidence> un travailleur ou un groupe de travailleurs qui a exercé son droit de retrait de manière légitime.</Paragraphe>
</ASavoir>
</Texte><Reference type="Texte de référence" URL="https://www.legifrance.gouv.fr/affichCode.do?idSectionTA=LEGISCTA000006178068&amp;cidTexte=LEGITEXT000006072050" ID="R36385">
<Titre>Code du travail : articles L4131-1 à L4131-4</Titre>
<Complement>Droits d'alerte et de retrait : principes</Complement>
</Reference>
<Reference type="Texte de référence" URL="https://www.legifrance.gouv.fr/affichCode.do?idSectionTA=LEGISCTA000006178069&amp;cidTexte=LEGITEXT000006072050" ID="R36386">
<Titre>Code du travail : articles L4132-1 à L4132-5</Titre>
<Complement>Droits d'alerte et de retrait : conditions d'exercice</Complement>
</Reference>
<Definition ID="R55342">
<Titre>Danger grave et imminent</Titre>
<Texte>
				<Paragraphe>Événement susceptible de produire, dans un délai brusque ou rapproché, une maladie  ou un accident grave voire mortel</Paragraphe>
			</Texte>
</Definition>
</Publication>
