<?xml version="1.0" encoding="UTF-8"?><Publication xmlns:dc="http://purl.org/dc/elements/1.1/" xmlns:xsi="http://www.w3.org/2001/XMLSchema-instance" ID="F1255" type="Fiche d'information" xsi:noNamespaceSchemaLocation="../Schemas/3.0/Publication.xsd">
<dc:title>Permis de conduire professionnel : contrôle médical obligatoire</dc:title>
<dc:creator>Direction de l'information légale et administrative</dc:creator>
<dc:subject>Transports</dc:subject>
<dc:description>Utiliser le permis de conduire pour des raisons professionnelles nécessite de passer un contrôle médical.</dc:description>
<dc:publisher>Direction de l'information légale et administrative</dc:publisher>
<dc:contributor>Direction de l'information légale et administrative (Premier ministre)</dc:contributor>
<dc:date>modified 2019-11-26</dc:date>
<dc:type>Fiche pratique</dc:type>
<dc:format>text/xml</dc:format>
<dc:identifier>F1255</dc:identifier>
<dc:source>https://www.legifrance.gouv.fr/affichCode.do?idSectionTA=LEGISCTA000032465124&amp;cidTexte=LEGITEXT000006074228, https://www.legifrance.gouv.fr/affichCode.do?idSectionTA=LEGISCTA000032465126&amp;cidTexte=LEGITEXT000006074228, https://www.legifrance.gouv.fr/affichCode.do?idSectionTA=LEGISCTA000026204404&amp;cidTexte=LEGITEXT000006074228, https://www.legifrance.gouv.fr/affichTexte.do?cidTexte=JORFTEXT000032079373&amp;dateTexte=&amp;categorieLien=id, http://www.legifrance.gouv.fr/affichTexte.do?cidTexte=JORFTEXT000026310765, http://www.legifrance.gouv.fr/affichTexte.do?cidTexte=JORFTEXT000025803494, http://legifrance.gouv.fr/affichTexte.do?cidTexte=JORFTEXT000000265763, http://circulaires.legifrance.gouv.fr/pdf/2013/08/cir_37350.pdf, http://circulaires.legifrance.gouv.fr/pdf/2012/09/cir_35829.pdf</dc:source>
<dc:language>Fr</dc:language>
<dc:relation>isPartOf N530</dc:relation>
<dc:coverage>France entière</dc:coverage>
<dc:rights>https://www.service-public.fr/a-propos/mentions-legales</dc:rights>
<SurTitre>Fiche pratique</SurTitre>
<Audience>Particuliers</Audience>
<Canal>www.service-public.fr</Canal>
<FilDAriane>
<Niveau ID="Particuliers">Accueil particuliers</Niveau>
<Niveau ID="N19812">Transports</Niveau>
<Niveau ID="N530">Permis de conduire</Niveau>
<Niveau ID="F1255" type="Fiche d'information">Permis de conduire professionnel : contrôle médical obligatoire</Niveau>
</FilDAriane>
<Theme ID="N19812">
<Titre>Transports</Titre>
</Theme><DossierPere ID="N530">
<Titre>Permis de conduire</Titre><SousDossier ID="N530-1">
<Titre>Attestation et brevet de sécurité routière</Titre>
<Fiche ID="F16511">Attestation de sécurité routière (ASR)</Fiche>
<Fiche ID="F16548">Attestation scolaire de sécurité routière (ASSR)</Fiche>
<Fiche ID="F2890">Brevet de sécurité routière (BSR), catégorie AM du permis de conduire</Fiche>
</SousDossier>
<SousDossier ID="N530-2">
<Titre>Permis moto</Titre>
<Fiche ID="F2832">Permis A1 (permis 125 cm3)</Fiche>
<Fiche ID="F31083">Permis A2 (- de 35 kw)</Fiche>
<Fiche ID="F2830">Permis A (+ de 35 kw)</Fiche>
</SousDossier>
<SousDossier ID="N530-3">
<Titre>Permis B (voiture ou quadricycle lourd)</Titre>
<Fiche ID="F2826">Apprentissage anticipé (à partir de 15 ans)</Fiche>
<Fiche ID="F10036">Conduite encadrée (16 à 18 ans)</Fiche>
<Fiche ID="F21012">Conduite supervisée (18 ans ou plus)</Fiche>
<Fiche ID="F2825">Permis B en candidat libre</Fiche>
<Fiche ID="F2828">Permis B : voiture ou camionnette</Fiche>
<Fiche ID="F2833">Permis B1 : quadricycle lourd à moteur</Fiche>
<Fiche ID="F2845">Permis BE : voiture + remorque de plus de 750 kg</Fiche>
</SousDossier>
<SousDossier ID="N530-4">
<Titre>Permis pour le transport de marchandises et de personnes</Titre>
<Fiche ID="F2843">Permis C (+ de 7,5 t)</Fiche>
<Fiche ID="F2846">Permis CE (+ de 7,5 t avec remorque)</Fiche>
<Fiche ID="F31121">Permis C1 (entre 3,5 t et 7,5 t)</Fiche>
<Fiche ID="F31124">Permis C1E (entre 3,5 t et 7,5 t avec remorque)</Fiche>
<Fiche ID="F2844">Permis D (transport + de 8 passagers)</Fiche>
<Fiche ID="F2848">Permis DE (transport + 8 passagers avec remorque)</Fiche>
<Fiche ID="F31128">Permis D1 (transport de 16 passagers maximum)</Fiche>
<Fiche ID="F31129">Permis D1E (transport de 16 passagers maximum avec remorque)</Fiche>
</SousDossier>
<SousDossier ID="N530-5">
<Titre>Perte, vol ou détérioration du permis de conduire</Titre>
<Fiche ID="F1450">Vol</Fiche>
<Fiche ID="F1727">Perte</Fiche>
<Fiche ID="F20109">Détérioration</Fiche>
</SousDossier>
<SousDossier ID="N530-6">
<Titre>Contrôle médical</Titre>
<Fiche ID="F2727">Après une infraction</Fiche>
<Fiche ID="F2686">Pour raison de santé</Fiche>
<Fiche ID="F1255">Pour un permis professionnel</Fiche>
</SousDossier>
</DossierPere>

<SousDossierPere>Contrôle médical</SousDossierPere><Avertissement ID="R55898" date="2020-11-06">
<Titre>Covid-19/confinement : conséquences pour le permis de conduire</Titre>
<Texte>
				<Paragraphe>Un <LienExterne URL="https://www.legifrance.gouv.fr/jorf/id/JORFTEXT000042475143">décret du 29 octobre 2020</LienExterne>
 interdit tout déplacement de personne hors de son domicile  <LienExterne URL="https://www.gouvernement.fr/info-coronavirus">sauf exceptions</LienExterne>
 et sur <LienInterne LienPublication="R57404" type="Téléservice" audience="Particuliers">attestation</LienInterne> uniquement.</Paragraphe>
				<Paragraphe>Cette mesure s'applique <MiseEnEvidence>du  30 octobre 2020 au 1<Exposant>er</Exposant> décembre 2020 minimum</MiseEnEvidence>.</Paragraphe>
				<Paragraphe>Toutefois, les auto-écoles peuvent accueillir des candidats pour les épreuves du permis de conduire.</Paragraphe>
				<Paragraphe>L'activité des commissions médicales est maintenue.</Paragraphe>
				<Paragraphe>Des réponses aux questions fréquentes sont disponibles sur les sites de <LienExterne URL="https://permisdeconduire.ants.gouv.fr/Questions-frequentes/COVID-19-Je-suis-un-particulier/Reconfinement-consequences-pour-le-permis-de-conduire">l'ANTS</LienExterne>
  et de la <LienExterne URL="https://www.securite-routiere.gouv.fr/covid-19-permis-de-conduire-et-securite-routiere-toutes-les-informations">Sécurité routière</LienExterne>
.</Paragraphe>
			</Texte>
</Avertissement>

<Introduction>
<Texte><Paragraphe>Lorsque vous utilisez votre permis de conduire pour le travail, sa délivrance ou sa prolongation doit être précédée d'un contrôle médical favorable. Ce contrôle s'effectue auprès d'un médecin agréé qui vérifie  votre aptitude physique, <LienIntra LienID="R54905" type="Définition de glossaire">cognitive</LienIntra> et <LienIntra LienID="R54906" type="Définition de glossaire">sensorielle</LienIntra> à conduire. Le médecin peut prescrire des examens complémentaires. La périodicité du contrôle dépend de votre âge et de la catégorie du permis.</Paragraphe>
</Texte>
</Introduction>
<Texte><Chapitre>
<Titre>
<Paragraphe>Personnes concernées</Paragraphe>
</Titre><Paragraphe>Le contrôle médical périodique concerne les personnes souhaitant obtenir ou prolonger la durée de validité des permis  suivants   :</Paragraphe>
<Liste type="puce">
<Item>
<Paragraphe>Permis A utilisé pour une activité de transport de personnes à 2 ou 3 roues</Paragraphe>
</Item>
<Item>
<Paragraphe>Permis B  utilisé pour les activités suivantes :  taxi, voiture de tourisme avec chauffeur (VTC), ambulance,  ramassage scolaire, transport public de personnes</Paragraphe>
</Item>
<Item>
<Paragraphe>Permis C et C1 (poids lourd)</Paragraphe>
</Item>
<Item>
<Paragraphe>Permis D et D1 (transport en commun)</Paragraphe>
</Item>
<Item>
<Paragraphe>Permis  CE, C1E,  DE et D1E (certains véhicules avec remorque)</Paragraphe>
</Item>
</Liste>

</Chapitre>
<Chapitre>
<Titre>
<Paragraphe>Où s'adresser ?</Paragraphe>
</Titre><Paragraphe>Vous devez vous adresser à un médecin de ville agréé par le préfet de votre département.</Paragraphe>
<Paragraphe>Ce médecin ne doit pas être votre médecin traitant.</Paragraphe>
<Paragraphe>Vous pouvez consulter la liste des médecins agréés  sur le site internet de votre  préfecture.</Paragraphe>
<Paragraphe>Elle est également disponible à la  préfecture, sous-préfecture et dans les mairies de certaines communes.</Paragraphe>
<ASavoir>
<Titre>À savoir</Titre>
				<Paragraphe>vous pouvez passer le contrôle médical auprès d'un médecin agréé dans un autre département que celui de votre résidence. Dans ce cas, il est plus prudent de joindre à votre dossier l'explication du recours à un autre médecin que celui de votre département de résidence.</Paragraphe>
			</ASavoir>
<BlocCas affichage="onglet"><Cas>
<Titre>
<Paragraphe>Cas général</Paragraphe>
</Titre><OuSAdresser ID="R2" type="Local personnalisé sur SP">
<Titre>Préfecture</Titre>
<PivotLocal>prefecture</PivotLocal>
<RessourceWeb URL="http://www.interieur.gouv.fr/Le-ministere/Prefectures"/>
<Source ID="R30603">Ministère chargé de l'intérieur</Source>
</OuSAdresser>
<OuSAdresser ID="R14145" type="Local personnalisé sur SP">
<Titre>Sous-préfecture</Titre>
<PivotLocal>sous_pref</PivotLocal>
<RessourceWeb URL="http://www.interieur.gouv.fr/Le-ministere/Prefectures"/>
<Source ID="R30603">Ministère chargé de l'intérieur</Source>
</OuSAdresser>
<OuSAdresser ID="R1" type="Local personnalisé sur SP">
<Titre>Mairie</Titre>
<PivotLocal>mairie</PivotLocal>
<RessourceWeb URL="https://lannuaire.service-public.fr/"/>
</OuSAdresser>

</Cas>
<Cas>
<Titre>
<Paragraphe>À Paris</Paragraphe>
</Titre><OuSAdresser ID="R19575" type="Local personnalisé sur SP">
<Titre>Préfecture de police de Paris - Bureau des permis de conduire</Titre>
<PivotLocal>paris_ppp_permis_conduire</PivotLocal>
<RessourceWeb URL="https://www.prefecturedepolice.interieur.gouv.fr/Demarches/Particulier/Permis-de-conduire-et-immatriculation-du-vehicule/Permis-de-conduire"/>
<Source ID="R30800">Préfecture de police de Paris</Source>
</OuSAdresser>

</Cas>
</BlocCas>

</Chapitre>
<Chapitre>
<Titre>
<Paragraphe>Documents à fournir</Paragraphe>
</Titre><Paragraphe>Vous devez télécharger ou vous procurer en préfecture l'avis médical  et le pré-remplir avant de passer le contrôle médical.</Paragraphe><ServiceEnLigne ID="R14006" URL="https://www.service-public.fr/simulateur/calcul/14880" numerocerfa="14880*02" type="Formulaire">
<Titre>Permis de conduire - Avis médical</Titre>
<Source ID="R30603">Ministère chargé de l'intérieur</Source><NoticeLiee ID="R1449" URL="https://www.formulaires.service-public.fr/gf/getNotice.do?cerfaNotice=51676&amp;cerfaFormulaire=14880" numerocerfa="51676*03" format="application/pdf" poids="51.1 KB">Notice explicative sur le contrôle médical de l'aptitude à la conduite des conducteurs et des candidats au permis de conduire</NoticeLiee>
</ServiceEnLigne>

<Paragraphe>Le jour du contrôle, munissez-vous des pièces suivantes :</Paragraphe>
<Liste type="puce">
<Item>
<Paragraphe>Original d'une pièce d'identité</Paragraphe>
</Item>
<Item>
<Paragraphe>Orignal de votre permis de conduire  si  le contrôle concerne la prolongation de votre permis</Paragraphe>
</Item>
</Liste>

</Chapitre>
<Chapitre>
<Titre>
<Paragraphe>Déroulement du contrôle</Paragraphe>
</Titre><Paragraphe>Le médecin vous informe que le contrôle porte  sur votre aptitude physique, <LienIntra LienID="R54905" type="Définition de glossaire">cognitive</LienIntra> et <LienIntra LienID="R54906" type="Définition de glossaire">sensorielle</LienIntra> à conduire.</Paragraphe>
<Paragraphe>Le médecin  peut prescrire tout examen complémentaire.</Paragraphe>
<Paragraphe>En cas de prescription d'un examen psychotechnique, il est à faire auprès d'un psychologue déclaré auprès du préfet. La liste des psychologues déclarés est disponible sur les sites internet des préfectures.</Paragraphe>
<Paragraphe>Le médecin peut également demander, dans le respect du secret médical, l'avis de professionnels de santé qualifiés dans des domaines particuliers.</Paragraphe>
<Paragraphe>Il peut aussi  demander que vous soyez examiné devant la commission médicale départementale. Vous devez alors prendre rendez-vous auprès de la commission de votre département, sur le site internet de votre préfecture.</Paragraphe>
<OuSAdresser ID="R2" type="Local personnalisé sur SP">
<Titre>Préfecture</Titre>
<PivotLocal>prefecture</PivotLocal>
<RessourceWeb URL="http://www.interieur.gouv.fr/Le-ministere/Prefectures"/>
<Source ID="R30603">Ministère chargé de l'intérieur</Source>
</OuSAdresser>

</Chapitre>
<Chapitre>
<Titre>
<Paragraphe>Coût</Paragraphe>
</Titre><Paragraphe>Le contrôle médical coûte <Valeur>36 €</Valeur>.</Paragraphe>
<Paragraphe>L'assurance maladie ne prend pas en charge les frais du contrôle, ni les  éventuels examens complémentaires.</Paragraphe>

</Chapitre>
<Chapitre>
<Titre>
<Paragraphe>Périodicité</Paragraphe>
</Titre><Paragraphe>La périodicité du contrôle médical dépend de votre âge  et de la catégorie du permis.</Paragraphe>
<Tableau>
<Titre>Périodicité du contrôle médical selon l'âge</Titre>
<Colonne largeur="33" type="header"/>
<Colonne largeur="35" type="normal"/>
<Colonne largeur="35" type="normal"/>
<Colonne largeur="35" type="normal"/>
<Rangée type="header">
<Cellule>
<Paragraphe>Âge</Paragraphe>
</Cellule>
<Cellule>
<Paragraphe>Permis A ou B aménagé</Paragraphe>
</Cellule>
<Cellule>
<Paragraphe>Permis D, DE, D1, D1E</Paragraphe>
</Cellule>
<Cellule>
<Paragraphe>Permis  C, CE, C1, C1E</Paragraphe>
</Cellule>
</Rangée>
<Rangée type="normal">
<Cellule>
<Paragraphe>Moins de 55 ans</Paragraphe>
</Cellule>
<Cellule>
<Paragraphe>5 ans</Paragraphe>
</Cellule>
<Cellule>
<Paragraphe>5 ans</Paragraphe>
</Cellule>
<Cellule>
<Paragraphe>5 ans</Paragraphe>
</Cellule>
</Rangée>
<Rangée type="normal">
<Cellule>
<Paragraphe>De 55 à 60 ans</Paragraphe>
</Cellule>
<Cellule>
<Paragraphe>5 ans ou jusqu'à la date anniversaire des 60 ans</Paragraphe>
</Cellule>
<Cellule>
<Paragraphe>5 ans ou jusqu'à la date anniversaire des 60 ans</Paragraphe>
</Cellule>
<Cellule>
<Paragraphe>5 ans ou jusqu'à la date anniversaire des 60 ans</Paragraphe>
</Cellule>
</Rangée>
<Rangée type="normal">
<Cellule>
<Paragraphe>De 60 à 76 ans</Paragraphe>
</Cellule>
<Cellule>
<Paragraphe>2 ans ou jusqu'à la date anniversaire des 76 ans</Paragraphe>
</Cellule>
<Cellule>
<Paragraphe>1 an</Paragraphe>
</Cellule>
<Cellule>
<Paragraphe>2 ans ou jusqu'à la date anniversaire des 76 ans</Paragraphe>
</Cellule>
</Rangée>
<Rangée type="normal">
<Cellule>
<Paragraphe>Plus de 76 ans</Paragraphe>
</Cellule>
<Cellule>
<Paragraphe>1 an</Paragraphe>
</Cellule>
<Cellule>
<Paragraphe>1 an</Paragraphe>
</Cellule>
<Cellule>
<Paragraphe>1 an</Paragraphe>
</Cellule>
</Rangée>
</Tableau>
<Paragraphe>Votre permis n'est pas annulé si la date limite du contrôle est dépassée, mais il perd sa validité. Vous devez donc passer le contrôle médical sans délai.</Paragraphe>

</Chapitre>
<Chapitre>
<Titre>
<Paragraphe>Résultat</Paragraphe>
</Titre><BlocCas affichage="radio"><Cas>
<Titre>
<Paragraphe>Si l'avis est favorable</Paragraphe>
</Titre><Paragraphe>Le médecin  vous remet l'original de <LienInterne LienPublication="R14006" type="Formulaire" audience="Particuliers">l'avis médical</LienInterne>.</Paragraphe>
<Paragraphe>La demande de permis  se fait en ligne  sur le site de l'<LienInterne LienPublication="R50821" type="Sigle">ANTS</LienInterne>.</Paragraphe>
<Paragraphe>Vous devez joindre la version numérisée de l'avis du médecin aux pièces justificatives demandées.</Paragraphe><ServiceEnLigne ID="R49276" URL="https://permisdeconduire.ants.gouv.fr/Services-associes/Effectuer-une-demande-de-permis-de-conduire" type="Téléservice">
<Titre>Demande en ligne de permis de conduire en cas de fin de validité</Titre>
<Source ID="R30628">Agence nationale des titres sécurisés (ANTS)</Source>
<Introduction>
<Texte><Paragraphe>Accessible avec vos  identifiants.</Paragraphe>
</Texte>
</Introduction>
</ServiceEnLigne>

<Paragraphe>Votre nouveau permis est envoyé par courrier à votre domicile.</Paragraphe>
<Paragraphe>Dès réception, détruisez l'ancien.</Paragraphe>
<ANoter>
<Titre>À noter</Titre><Paragraphe>le préfet n'est pas obligé de suivre l'avis médical. Sa décision est motivée par des enjeux de sécurité routière compte tenu d'informations dont il dispose sur vous.</Paragraphe>
</ANoter>
</Cas>
<Cas>
<Titre>
<Paragraphe>Si l'avis est défavorable</Paragraphe>
</Titre><Paragraphe>Le médecin  vous remet l'original de <LienInterne LienPublication="R14006" type="Formulaire" audience="Particuliers">l'avis médical</LienInterne>.</Paragraphe>
<Paragraphe>Le préfet vous  invite à présenter vos observations.</Paragraphe>
<Paragraphe>À la fin du délai fixé pour recueillir vos observations, le préfet vous <LienIntra LienID="R14732" type="Définition de glossaire">notifie</LienIntra> sa décision par lettre.</Paragraphe>
<Paragraphe>Le préfet peut prendre une décision  d'aptitude temporaire, d'aptitude avec restrictions ou d'inaptitude.</Paragraphe>
<Paragraphe>La lettre précise les voies et délais de recours administratifs et contentieux.</Paragraphe>

</Cas>
</BlocCas>

</Chapitre>
<Chapitre>
<Titre>
<Paragraphe>Recours </Paragraphe>
</Titre>
				<Paragraphe>La lettre vous <LienIntra LienID="R14732" type="Définition de glossaire">notifiant</LienIntra> la décision défavorable du préfet indique les voies et délais de recours.</Paragraphe>
				<Paragraphe>Vous pouvez faire un <LienInterne LienPublication="F2026" type="Fiche d'information" audience="Particuliers">recours contentieux devant le juge administratif</LienInterne>.</Paragraphe>
				<Paragraphe>Vous pouvez aussi saisir la commission médicale d'appel.</Paragraphe>
				<Paragraphe>Cet appel n'empêche pas la décision du préfet de s'appliquer.</Paragraphe>
				<Paragraphe>La commission vous examine, consulte si nécessaire le médecin agréé et transmet son avis au préfet.</Paragraphe>
				<Paragraphe>Si le préfet prend de nouveau une décision défavorable, vous pouvez :</Paragraphe>
				<Liste type="puce">
					<Item>
						<Paragraphe>demander un nouveau contrôle médical dans les 6 mois suivant cette décision,</Paragraphe>
					</Item>
					<Item>
						<Paragraphe>ou faire un <LienInterne LienPublication="F2026" type="Fiche d'information" audience="Particuliers">recours devant le juge administratif</LienInterne>.</Paragraphe>
					</Item>
				</Liste>
			

</Chapitre>
</Texte><VoirAussi important="non">
<Dossier ID="N530" audience="Particuliers">
<Titre>Permis de conduire</Titre>
<Theme ID="N19812">
<Titre>Transports</Titre>
</Theme>
</Dossier>
</VoirAussi>
<Reference type="Texte de référence" URL="https://www.legifrance.gouv.fr/affichCode.do?idSectionTA=LEGISCTA000032465124&amp;cidTexte=LEGITEXT000006074228" ID="R913">
<Titre>Code de la route : articles R221-4 à R221-8</Titre>
<Complement>Délivrance du permis de conduire</Complement>
</Reference>
<Reference type="Texte de référence" URL="https://www.legifrance.gouv.fr/affichCode.do?idSectionTA=LEGISCTA000032465126&amp;cidTexte=LEGITEXT000006074228" ID="R33818">
<Titre>Code de la route : articles R221-9 à R221-13</Titre>
<Complement>Catégories de permis de conduire soumis à avis médical (article R221-10), périodicité des contrôles (article R221-11)</Complement>
</Reference>
<Reference type="Texte de référence" URL="https://www.legifrance.gouv.fr/affichCode.do?idSectionTA=LEGISCTA000026204404&amp;cidTexte=LEGITEXT000006074228" ID="R33819">
<Titre>Code de la route : articles R226-1 à R226-4</Titre>
<Complement>Organisation du contrôle médical de l'aptitude à la conduite</Complement>
</Reference>
<Reference type="Texte de référence" URL="https://www.legifrance.gouv.fr/affichTexte.do?cidTexte=JORFTEXT000032079373&amp;dateTexte=&amp;categorieLien=id" ID="R22522">
<Titre>Arrêté du 1er février 2016 fixant le montant des honoraires des médecins agréés pour le contrôle médical de l'aptitude à la conduite</Titre>
</Reference>
<Reference type="Texte de référence" URL="http://www.legifrance.gouv.fr/affichTexte.do?cidTexte=JORFTEXT000026310765" ID="R31418">
<Titre>Arrêté du 31 juillet 2012 relatif à l'organisation du contrôle médical de l'aptitude à la conduite</Titre>
</Reference>
<Reference type="Texte de référence" URL="http://www.legifrance.gouv.fr/affichTexte.do?cidTexte=JORFTEXT000025803494" ID="R31125">
<Titre>Arrêté du 20 avril 2012 fixant les conditions d'établissement, de délivrance et de validité du permis de conduire</Titre>
</Reference>
<Reference type="Texte de référence" URL="http://legifrance.gouv.fr/affichTexte.do?cidTexte=JORFTEXT000000265763" ID="R2710">
<Titre>Arrêté du 21 décembre 2005 fixant la liste des affections médicales incompatibles avec l'obtention ou le maintien du permis de conduire ou pouvant donner lieu à une validité limitée</Titre>
</Reference>
<Reference type="Texte de référence" URL="http://circulaires.legifrance.gouv.fr/pdf/2013/08/cir_37350.pdf" ID="R33676" format="application/pdf" poids="433.4 KB">
<Titre>Circulaire du 25 juillet 2013 relative à l'organisation du contrôle médical de l'aptitude à la conduite des conducteurs et candidats au permis de conduire</Titre>
<Source ID="R30603">Ministère chargé de l'intérieur</Source>
</Reference>
<Reference type="Texte de référence" URL="http://circulaires.legifrance.gouv.fr/pdf/2012/09/cir_35829.pdf" ID="R22664" format="application/pdf" poids="6.6 MB">
<Titre>Circulaire du 3 août 2012 relative à l'organisation du contrôle médical de l'aptitude à la conduite des conducteurs</Titre>
</Reference>
<ServiceEnLigne ID="R14006" URL="https://www.service-public.fr/simulateur/calcul/14880" numerocerfa="14880*02" type="Formulaire">
<Titre>Permis de conduire - Avis médical</Titre>
<Source ID="R30603">Ministère chargé de l'intérieur</Source><NoticeLiee ID="R1449" URL="https://www.formulaires.service-public.fr/gf/getNotice.do?cerfaNotice=51676&amp;cerfaFormulaire=14880" numerocerfa="51676*03" format="application/pdf" poids="51.1 KB">Notice explicative sur le contrôle médical de l'aptitude à la conduite des conducteurs et des candidats au permis de conduire</NoticeLiee>
</ServiceEnLigne>
<ServiceEnLigne ID="R49276" URL="https://permisdeconduire.ants.gouv.fr/Services-associes/Effectuer-une-demande-de-permis-de-conduire" type="Téléservice">
<Titre>Demande en ligne de permis de conduire en cas de fin de validité</Titre>
<Source ID="R30628">Agence nationale des titres sécurisés (ANTS)</Source>
</ServiceEnLigne>
<PourEnSavoirPlus type="Information pratique" ID="R44922" URL="https://permisdeconduire.ants.gouv.fr/Services-associes/Ou-faire-votre-photo-et-votre-signature-numerisee" audience="Particuliers">
<Titre>Permis de conduire en ligne : où faire la photo et la signature numérisée ?</Titre>
<Source ID="R30603">Ministère chargé de l'intérieur</Source>
</PourEnSavoirPlus>
<Definition ID="R54905">
<Titre>Aptitude cognitive</Titre>
<Texte>
				<Paragraphe>Être capable, en situation normale de conduite, de maîtriser les règles de la circulation et les spécificités de son environnement, pour réagir de manière adaptée aux diverses situations rencontrées</Paragraphe>
			</Texte><Reference type="Texte de référence" URL="http://circulaires.legifrance.gouv.fr/pdf/2012/09/cir_35829.pdf" ID="R22664" format="application/pdf" poids="6.6 MB">
<Titre>Circulaire du 3 août 2012 relative à l'organisation du contrôle médical de l'aptitude à la conduite des conducteurs</Titre>
</Reference>
</Definition>
<Definition ID="R54906">
<Titre>Aptitude sensorielle</Titre>
<Texte>
				<Paragraphe>Avoir des capacités perceptives suffisantes (vue, audition...) pour gérer les différentes situations à risque que pose la conduite</Paragraphe>
			</Texte><Reference type="Texte de référence" URL="http://circulaires.legifrance.gouv.fr/pdf/2012/09/cir_35829.pdf" ID="R22664" format="application/pdf" poids="6.6 MB">
<Titre>Circulaire du 3 août 2012 relative à l'organisation du contrôle médical de l'aptitude à la conduite des conducteurs</Titre>
</Reference>
</Definition>
<Definition ID="R14732">
<Titre>Notification</Titre>
<Texte>
				<Paragraphe>Formalité par laquelle un acte de procédure ou une décision est porté à la connaissance d’une personne</Paragraphe>
			</Texte>
</Definition>
<Abreviation ID="R50821" type="Sigle">
<Titre>ANTS</Titre>
<Texte>
<Paragraphe>Agence nationale des titres sécurisés</Paragraphe>
</Texte>
</Abreviation>


</Publication>
