<?xml version="1.0" encoding="UTF-8"?><Publication xmlns:dc="http://purl.org/dc/elements/1.1/" xmlns:xsi="http://www.w3.org/2001/XMLSchema-instance" ID="F1269" type="Fiche Question-réponse" xsi:noNamespaceSchemaLocation="../Schemas/3.0/Publication.xsd">
<dc:title>PTZ, prêt conventionné, PAS : est-ce réservé à la résidence principale ?</dc:title>
<dc:creator>Direction de l'information légale et administrative</dc:creator>
<dc:subject>Argent</dc:subject>
<dc:description>Le PTZ est destiné exclusivement à l'achat d'une résidence principale. Vous pouvez aussi acheter un logement pour votre départ en retraite prochain.</dc:description>
<dc:publisher>Direction de l'information légale et administrative</dc:publisher>
<dc:contributor>Direction de l'information légale et administrative (Premier ministre)</dc:contributor>
<dc:date>modified 2019-04-24</dc:date>
<dc:type>Question-réponse</dc:type>
<dc:format>text/xml</dc:format>
<dc:identifier>F1269</dc:identifier>
<dc:source>http://www.legifrance.gouv.fr/affichCode.do?idSectionTA=LEGISCTA000023356576&amp;cidTexte=LEGITEXT000006074096, https://www.legifrance.gouv.fr/codes/id/LEGIARTI000031781922/, http://www.legifrance.gouv.fr/affichCode.do?idSectionTA=LEGISCTA000023361850&amp;cidTexte=LEGITEXT000006074096, https://www.legifrance.gouv.fr/affichCode.do;?idSectionTA=LEGISCTA000023361866&amp;cidTexte=LEGITEXT000006074096</dc:source>
<dc:language>Fr</dc:language>
<dc:relation>isPartOf N20373</dc:relation>
<dc:coverage>France entière</dc:coverage>
<dc:rights>https://www.service-public.fr/a-propos/mentions-legales</dc:rights>
<SurTitre>Question-réponse</SurTitre>
<Audience>Particuliers</Audience>
<Canal>www.service-public.fr</Canal>
<FilDAriane>
<Niveau ID="Particuliers">Accueil particuliers</Niveau>
<Niveau ID="N19803">Argent</Niveau>
<Niveau ID="N20373">Crédit immobilier</Niveau>
<Niveau ID="F1269" type="Fiche Question-réponse">PTZ, prêt conventionné, PAS : est-ce réservé à la résidence principale ?</Niveau>
</FilDAriane>
<Theme ID="N19803">
<Titre>Argent</Titre>
</Theme>
<SousThemePere ID="N20369">Crédit et surendettement</SousThemePere><DossierPere ID="N20373">
<Titre>Crédit immobilier</Titre>
<Fiche ID="F16142">Prêt épargne logement à partir d'un plan épargne logement (PEL)</Fiche>
<Fiche ID="F16139">Prêt épargne logement à partir d'un compte épargne logement (CEL)</Fiche>
<Fiche ID="F10871">Prêt à taux zéro (PTZ)</Fiche>
<Fiche ID="F10793">Prêt conventionné</Fiche>
<Fiche ID="F22158">Prêt d'accession sociale (PAS)</Fiche>
<Fiche ID="F10796">Prêts immobiliers complémentaires (Action logement, ...)</Fiche>
</DossierPere>

<Texte><Paragraphe>Oui. Le prêt à taux zéro (PTZ), le prêt conventionné (PC) et le prêt d'accession sociale (PAS) sont réservés à l'achat, la construction ou la réalisation de travaux dans votre résidence principale.</Paragraphe>
<Paragraphe>Pour qu'un logement soit considéré comme votre résidence principale,  vous devez l'occuper au moins 8 mois par an, à l'exception des situations suivantes :</Paragraphe>
<Liste type="puce">
<Item>
<Paragraphe>en cas de force majeur</Paragraphe>
</Item>
<Item>
<Paragraphe>pour raison de santé</Paragraphe>
</Item>
<Item>
<Paragraphe>en cas d'obligation liée à votre activité professionnelle (déplacements réguliers,  logement de fonction, ...).</Paragraphe>
</Item>
</Liste>
<Paragraphe>Le logement concerné par le PTZ, prêt conventionné ou PAS doit :</Paragraphe>
<Liste type="puce">
<Item>
<Paragraphe>soit être  votre résidence principale au plus tard 1 an après  la fin des travaux ou l'achat du logement,</Paragraphe>
</Item>
<Item>
<Paragraphe>soit être votre résidence principale à partir  votre départ à la retraite, qui doit intervenir au plus tard 6 ans après la fin ds travaux ou l'achat du logement. Dans cet intervalle de temps, vous pouvez mettre en location le logement, à la condition de respecter <LienInterne LienPublication="F1275" type="Fiche Question-réponse" audience="Particuliers">certaines obligations</LienInterne>.</Paragraphe>
</Item>
</Liste>
<ANoter>
<Titre>À noter</Titre>
				<Paragraphe>un prêt conventionné   peut aussi  être conclu pour l'achat d'un logement dédié à la mise en location, à la condition que le locataire en fasse sa <LienIntra LienID="R1064" type="Définition de glossaire">résidence principale</LienIntra>. Lorsque ce prêt finance l'achat  d'un logement existant ou des travaux d'amélioration, une <LienExterne URL="http://www.financement-logement-social.logement.gouv.fr/conventionnement-apl-et-loyers-r382.html">convention doit être passée avec l’État</LienExterne>

.</Paragraphe>
			</ANoter>

</Texte><OuSAdresser ID="R5" type="Local personnalisé sur SP">
<Titre>Agence départementale pour l'information sur le logement (Adil)</Titre>
<PivotLocal>adil</PivotLocal>
<RessourceWeb URL="https://www.anil.org/lanil-et-les-adil/votre-adil/"/>
<Source ID="R30676">Agence nationale pour l'information sur le logement (Anil)</Source>
</OuSAdresser>
<Reference type="Texte de référence" URL="http://www.legifrance.gouv.fr/affichCode.do?idSectionTA=LEGISCTA000023356576&amp;cidTexte=LEGITEXT000006074096" ID="R10859">
<Titre>Code de la construction et de l'habitation : articles L31-10-2 à L31-10-5</Titre>
<Complement>Conditions du PTZ</Complement>
</Reference>
<Reference type="Texte de référence" URL="https://www.legifrance.gouv.fr/codes/id/LEGIARTI000031781922/" ID="R46972">
<Titre>Code de la construction et de l'habitation : article L 31-10-6</Titre>
<Complement>Maintien du prêt</Complement>
</Reference>
<Reference type="Texte de référence" URL="http://www.legifrance.gouv.fr/affichCode.do?idSectionTA=LEGISCTA000023361850&amp;cidTexte=LEGITEXT000006074096" ID="R23644">
<Titre>Code de la construction et de l'habitation : article D31-10-2 à D31-10-5</Titre>
<Complement>Condition d'un prêt pour financer la primo-accession à la propriété</Complement>
</Reference>
<Reference type="Texte de référence" URL="https://www.legifrance.gouv.fr/affichCode.do;?idSectionTA=LEGISCTA000023361866&amp;cidTexte=LEGITEXT000006074096" ID="R46973">
<Titre>Code de la construction et de l'habitation : articles R 31-10-6 à R 31-10-7</Titre>
<Complement>Maintien du prêt</Complement>
</Reference>
<ServiceEnLigne ID="R2974" URL="https://www.anil.org/outils/outils-de-calcul/votre-pret-a-taux-zero/" type="Simulateur">
<Titre>Simulateur - Prêt à taux zéro (PTZ)</Titre>
<Source ID="R30676">Agence nationale pour l'information sur le logement (Anil)</Source>
</ServiceEnLigne>
<Definition ID="R1064">
<Titre>Résidence principale du locataire</Titre>
<Texte>
				<Paragraphe>Logement occupé au moins 8 mois par an (sauf obligation professionnelle, raison de santé ou cas de force majeure), soit par le locataire ou la personne avec laquelle il vit, soit par une personne à charge</Paragraphe>
			</Texte><Reference type="Texte de référence" URL="http://www.legifrance.gouv.fr/affichTexteArticle.do?idArticle=LEGIARTI000006475021&amp;cidTexte=LEGITEXT000006069108" ID="R36304">
<Titre>Loi n°89-462 du 6 juillet 1989 relative aux rapports locatifs : article 2</Titre>
</Reference>
</Definition>
<QuestionReponse ID="F1529" audience="Particuliers">A t-on droit au PTZ quand on est déjà propriétaire d'un logement ?</QuestionReponse>
<QuestionReponse ID="F22110" audience="Particuliers">Que devient le PTZ en cas de revente du logement ?</QuestionReponse>
<QuestionReponse ID="F1275" audience="Particuliers">Quand mettre en location un logement acheté par un PTZ ou un prêt conventionné ?</QuestionReponse>


</Publication>
