<?xml version="1.0" encoding="UTF-8"?><Publication xmlns:dc="http://purl.org/dc/elements/1.1/" xmlns:xsi="http://www.w3.org/2001/XMLSchema-instance" ID="F12883" type="Fiche Question-réponse" xsi:noNamespaceSchemaLocation="../Schemas/3.0/Publication.xsd">
<dc:title>Un majeur protégé (tutelle, curatelle...) peut-il demander un titre d'identité ?</dc:title>
<dc:creator>Direction de l'information légale et administrative</dc:creator>
<dc:subject>Papiers - Citoyenneté</dc:subject>
<dc:description>Un majeur sous tutelle, curatelle ou sauvegarde de justice peut posséder une carte d'identité ou un passeport.</dc:description>
<dc:publisher>Direction de l'information légale et administrative</dc:publisher>
<dc:contributor>Direction de l'information légale et administrative (Premier ministre)</dc:contributor>
<dc:date>modified 2020-08-25</dc:date>
<dc:type>Question-réponse</dc:type>
<dc:format>text/xml</dc:format>
<dc:identifier>F12883</dc:identifier>
<dc:source>https://www.legifrance.gouv.fr/loda/article_lc/LEGIARTI000033333782, https://www.legifrance.gouv.fr/loda/article_lc/LEGIARTI000033333855</dc:source>
<dc:language>Fr</dc:language>
<dc:relation>isPartOf N358</dc:relation>
<dc:coverage>France entière</dc:coverage>
<dc:rights>https://www.service-public.fr/a-propos/mentions-legales</dc:rights>
<SurTitre>Question-réponse</SurTitre>
<Audience>Particuliers</Audience>
<Canal>www.service-public.fr</Canal>
<FilDAriane>
<Niveau ID="Particuliers">Accueil particuliers</Niveau>
<Niveau ID="N19810">Papiers - Citoyenneté</Niveau>
<Niveau ID="N358">Carte d'identité</Niveau>
<Niveau ID="F12883" type="Fiche Question-réponse">Un majeur protégé (tutelle, curatelle...) peut-il demander un titre d'identité ?</Niveau>
</FilDAriane>
<Theme ID="N19810">
<Titre>Papiers - Citoyenneté</Titre>
</Theme>
<SousThemePere ID="N103">Identité - Authentification</SousThemePere><DossierPere ID="N358">
<Titre>Carte d'identité</Titre><SousDossier ID="N358-1">
<Titre>Pour un majeur</Titre>
<Fiche ID="F1341">Première demande</Fiche>
<Fiche ID="F21089">Renouvellement</Fiche>
<Fiche ID="F1344">Carte perdue</Fiche>
<Fiche ID="F1759">Carte volée</Fiche>
</SousDossier>
<SousDossier ID="N358-2">
<Titre>Pour un mineur</Titre>
<Fiche ID="F1342">Première demande</Fiche>
<Fiche ID="F21090">Renouvellement</Fiche>
<Fiche ID="F1153">Carte perdue</Fiche>
<Fiche ID="F1794">Carte volée</Fiche>
</SousDossier>
</DossierPere>

<Texte><Paragraphe>Un majeur sous tutelle, curatelle ou sauvegarde de justice peut posséder une carte d'identité ou un passeport. L'intervention de son représentant dépend du type de protection.</Paragraphe>
<BlocCas affichage="onglet"><Cas>
<Titre>
<Paragraphe>Tutelle</Paragraphe>
</Titre><Paragraphe>Seul le  tuteur peut, en tant que représentant légal, faire  la demande de titre d'identité.</Paragraphe>
<Paragraphe>La présence de la personne sous tutelle est également exigée lors du dépôt de la demande pour procéder à la prise d'empreintes.</Paragraphe>

</Cas>
<Cas>
<Titre>
<Paragraphe>Curatelle</Paragraphe>
</Titre><Paragraphe>Le majeur conserve sa capacité juridique. Il peut donc demander un titre d'identité sans avoir besoin d'en demander l'autorisation du curateur.</Paragraphe>

</Cas>
<Cas>
<Titre>
<Paragraphe>Sauvegarde de justice</Paragraphe>
</Titre><Paragraphe>Le majeur conserve sa capacité juridique. Il peut donc demander un titre d'identité sans avoir besoin de demander  l'autorisation à une autre personne.</Paragraphe>

</Cas>
</BlocCas>

</Texte><VoirAussi important="non">
<Dossier ID="N360" audience="Particuliers">
<Titre>Passeport</Titre>
<Theme ID="N19810">
<Titre>Papiers - Citoyenneté</Titre>
</Theme>
</Dossier>
<Dossier ID="N358" audience="Particuliers">
<Titre>Carte d'identité</Titre>
<Theme ID="N19810">
<Titre>Papiers - Citoyenneté</Titre>
</Theme>
</Dossier>
<Dossier ID="N155" audience="Particuliers">
<Titre>Protection juridique (tutelle, curatelle...)</Titre>
<Theme ID="N19805">
<Titre>Famille</Titre>
</Theme>
</Dossier>
</VoirAussi>
<Reference type="Texte de référence" URL="https://www.legifrance.gouv.fr/loda/article_lc/LEGIARTI000033333782" ID="R2176">
<Titre>Décret n°55-1397 du 22 octobre 1955 relatif à la carte nationale d'identité : article 4-4 - Représentant légal</Titre>
</Reference>
<Reference type="Texte de référence" URL="https://www.legifrance.gouv.fr/loda/article_lc/LEGIARTI000033333855" ID="R2303">
<Titre>Décret n°2005-1726 du 30 décembre 2005 relatif aux passeports : article 8 - Représentant légal et présence obligatoire</Titre>
</Reference>
</Publication>
