<?xml version="1.0" encoding="UTF-8"?><Publication xmlns:dc="http://purl.org/dc/elements/1.1/" xmlns:xsi="http://www.w3.org/2001/XMLSchema-instance" ID="F13975" type="Fiche Question-réponse" xsi:noNamespaceSchemaLocation="../Schemas/3.0/Publication.xsd">
<dc:title>Agent public à temps non complet, incomplet et partiel : quelles différences ?</dc:title>
<dc:creator>Direction de l'information légale et administrative</dc:creator>
<dc:subject>Travail</dc:subject>
<dc:description>Un agent public peut exercer ses fonctions sur un emploi à temps non complet ou incomplet ou à temps partiel en occupant un emploi à temps complet.</dc:description>
<dc:publisher>Direction de l'information légale et administrative</dc:publisher>
<dc:contributor>Direction de l'information légale et administrative (Premier ministre)</dc:contributor>
<dc:date>modified 2020-06-29</dc:date>
<dc:type>Question-réponse</dc:type>
<dc:format>text/xml</dc:format>
<dc:identifier>F13975</dc:identifier>
<dc:source>http://www.legifrance.gouv.fr/affichTexte.do?cidTexte=LEGITEXT000006068830, http://www.legifrance.gouv.fr/affichTexte.do?cidTexte=JORFTEXT000000320434, http://www.legifrance.gouv.fr/affichTexte.do?cidTexte=LEGITEXT000006068965, http://legifrance.gouv.fr/affichTexte.do?cidTexte=LEGITEXT000006063839, http://legifrance.gouv.fr/affichTexte.do?cidTexte=JORFTEXT000000718718, http://legifrance.gouv.fr/affichTexte.do;?cidTexte=LEGITEXT000005817645, https://www.legifrance.gouv.fr/affichTexte.do?cidTexte=JORFTEXT000000441035, https://www.legifrance.gouv.fr/affichTexte.do?cidTexte=JORFTEXT000042045575</dc:source>
<dc:language>Fr</dc:language>
<dc:relation>isPartOf N20276</dc:relation>
<dc:coverage>France entière</dc:coverage>
<dc:rights>https://www.service-public.fr/a-propos/mentions-legales</dc:rights>
<SurTitre>Question-réponse</SurTitre>
<Audience>Particuliers</Audience>
<Canal>www.service-public.fr</Canal>
<FilDAriane>
<Niveau ID="Particuliers">Accueil particuliers</Niveau>
<Niveau ID="N19806">Travail</Niveau>
<Niveau ID="N20276">Temps de travail dans la fonction publique</Niveau>
<Niveau ID="F13975" type="Fiche Question-réponse">Agent public à temps non complet, incomplet et partiel : quelles différences ?</Niveau>
</FilDAriane>
<Theme ID="N19806">
<Titre>Travail</Titre>
</Theme>
<SousThemePere ID="N31777">Temps de travail</SousThemePere><DossierPere ID="N20276">
<Titre>Temps de travail dans la fonction publique</Titre><SousDossier ID="N20276-1">
<Titre>Durée du travail</Titre>
<Fiche ID="F471">Fonction publique d'État (FPE)</Fiche>
<Fiche ID="F571">Fonction publique territoriale (FPT)</Fiche>
<Fiche ID="F573">Fonction publique hospitalière (FPH)</Fiche>
<Fiche ID="F34996">Réduction du temps de travail (RTT)</Fiche>
</SousDossier>
<SousDossier ID="N20276-2">
<Titre>Compte épargne-temps (CET)</Titre>
<Fiche ID="F585">Fonction publique d'État (FPE)</Fiche>
<Fiche ID="F10252">Fonction publique territoriale (FPT)</Fiche>
<Fiche ID="F587">Fonction publique hospitalière (FPH)</Fiche>
</SousDossier>
<SousDossier ID="N20276-3">
<Titre>Travail à temps partiel</Titre>
<Fiche ID="F486">Pour un fonctionnaire</Fiche>
<Fiche ID="F18029">Pour un agent contractuel</Fiche>
</SousDossier>
<SousDossier ID="N20276-4">
<Titre>Astreintes et permanences</Titre>
<Fiche ID="F589">Astreintes</Fiche>
<Fiche ID="F21423">Permanences</Fiche>
</SousDossier>
<SousDossier ID="N20276-5">
<Titre>Heures supplémentaires</Titre>
<Fiche ID="F593">Fonction publique d'État (FPE)</Fiche>
<Fiche ID="F32390">Fonction publique territoriale (FPT)</Fiche>
<Fiche ID="F595">Fonction publique hospitalière (FPH)</Fiche>
</SousDossier>
</DossierPere>

<Introduction>
<Texte><Paragraphe>Un agent public peut exercer ses fonctions à temps plein, à temps partiel ou occuper un emploi  à temps non complet ou incomplet.</Paragraphe>
</Texte>
</Introduction>
<Texte><Paragraphe>
<MiseEnEvidence>Temps partiel</MiseEnEvidence>
</Paragraphe>
<Paragraphe>L'agent public à temps partiel est celui qui occupe un emploi à temps complet, c'est-à-dire un emploi créé pour une durée de travail de 35 heures par semaine et qui choisit de travailler moins de 35 heures.</Paragraphe>
<Paragraphe>Le temps partiel s’oppose au temps plein : l'agent à temps plein travaille 35 heures, alors que l'agent à temps partiel choisit de travailler moins de 35 heures.</Paragraphe>
<Paragraphe>Le travail à temps partiel est mis en place à la demande de l'agent.</Paragraphe>
<Paragraphe>Selon le motif pour lequel il est demandé, le temps partiel est accordé si les <LienIntra LienID="R50296" type="Définition de glossaire">nécessités de service</LienIntra> le permettent, c'est-à-dire sur autorisation, ou <Expression>de droit</Expression>, c'est-à-dire qu'il   ne peut pas être refusé par l'administration.</Paragraphe>
<Paragraphe>Le temps partiel s'exprime en pourcentage du temps plein (par exemple, <Valeur>80 %</Valeur>).</Paragraphe>
<Paragraphe>Lorsqu'il est soumis aux nécessités de service, le temps partiel  peut être accordé à <Valeur>50 %</Valeur>, <Valeur>60 %</Valeur>, <Valeur>70 %</Valeur>, <Valeur>80 %</Valeur> ou <Valeur>90 %</Valeur>  d'un temps plein.</Paragraphe>
<Paragraphe>S'il est de droit, il peut être accordé à <Valeur>50 %</Valeur>, <Valeur>60 %</Valeur>, <Valeur>70 %</Valeur>, <Valeur>80 %</Valeur> d'un temps plein.</Paragraphe>
<ANoter>
<Titre>À noter</Titre><Paragraphe>dans certaines administrations, la durée du travail en vigueur à temps complet peut être inférieur à 35 heures.</Paragraphe>
</ANoter><Paragraphe>
<MiseEnEvidence>Temps non complet ou incomplet</MiseEnEvidence>
</Paragraphe>
<Paragraphe>Un emploi à temps incomplet ou à temps non complet est un emploi créé pour une durée de travail inférieure à la durée légale de travail à temps complet (35 heures hebdomadaires).</Paragraphe>
<Paragraphe>On parle d'emploi à temps incomplet dans la fonction publique d’État (FPE) et d'emploi à temps non complet dans les fonctions publiques territoriale et hospitalière (FPT et FPH).</Paragraphe>
<Paragraphe>À la différence du temps partiel, ce n'est donc pas l'agent qui choisit le temps non complet, il s'agit d'une caractéristique de l'emploi qui s'impose à l'agent.</Paragraphe>
<Paragraphe>La durée du travail ne peut être modifiée que par l'administration.</Paragraphe>
<Paragraphe>Dans la FPE, les fonctions qui impliquent un service à temps incomplet d'une durée maximale de <Valeur>70 %</Valeur>  d'un temps complet sont occupées par des agents contractuels. Le contrat peut être à durée déterminée ou indéterminée.</Paragraphe>
<Paragraphe>Dans la FPH, la durée de travail d'un emploi à temps non complet ne peut pas être inférieure à <Valeur>50 %</Valeur>, ni supérieure à <Valeur>70 %</Valeur>  de la durée  de travail à temps complet. La durée de travail d'un agent à temps non complet est donc comprise  entre 17h30 et 24h30 par semaine.</Paragraphe>
<Paragraphe>Dans la FPT et la FPH, les emplois à temps non complet peuvent être occupés par des fonctionnaires ou des contractuels.</Paragraphe>
<Paragraphe>Dans la FPH, un agent  à temps  non complet ne peut bénéficier d'un temps partiel que dans les cas ou celui-ci est accordé de droit, c'est-à-dire qu'il ne peut pas être refusé par l'administration (pour élever un enfant, par exemple).</Paragraphe>
<Paragraphe>Dans la FPT, un agent à temps non complet ne peut pas  bénéficier d'un temps partiel.</Paragraphe>

</Texte><VoirAussi important="oui">
<Fiche ID="F486" audience="Particuliers">
<Titre>Temps partiel pour un fonctionnaire</Titre>
<Theme ID="N19806">
<Titre>Travail</Titre>
</Theme>
</Fiche>
<Fiche ID="F18029" audience="Particuliers">
<Titre>Temps partiel pour un contractuel</Titre>
<Theme ID="N19806">
<Titre>Travail</Titre>
</Theme>
</Fiche>
</VoirAussi>
<Reference type="Texte de référence" URL="http://www.legifrance.gouv.fr/affichTexte.do?cidTexte=LEGITEXT000006068830" ID="R1819">
<Titre>Loi n°84-16 du 11 janvier 1984 portant dispositions statutaires relatives à la FPE</Titre>
<Complement>Articles 6, 37, 37 bis</Complement>
</Reference>
<Reference type="Texte de référence" URL="http://www.legifrance.gouv.fr/affichTexte.do?cidTexte=JORFTEXT000000320434" ID="R1820">
<Titre>Loi n°84-53 du 26 janvier 1984 portant dispositions statutaires relatives à la FPT</Titre>
<Complement>Articles 60, 60 bis, 104 à 108</Complement>
</Reference>
<Reference type="Texte de référence" URL="http://www.legifrance.gouv.fr/affichTexte.do?cidTexte=LEGITEXT000006068965" ID="R1821">
<Titre>Loi n°86-33 du 9 janvier 1986 portant dispositions statutaires relatives à la FPH</Titre>
<Complement>Articles 9, 46, 46-1, 107, 108</Complement>
</Reference>
<Reference type="Texte de référence" URL="http://legifrance.gouv.fr/affichTexte.do?cidTexte=LEGITEXT000006063839" ID="R15179">
<Titre>Décret n°82-624 relatif au temps partiel des fonctionnaires d'Etat</Titre>
</Reference>
<Reference type="Texte de référence" URL="http://legifrance.gouv.fr/affichTexte.do?cidTexte=JORFTEXT000000718718" ID="R727">
<Titre>Décret n°91-298 portant dispositions statutaires applicables aux fonctionnaires territoriaux nommés dans des emplois permanents à temps non complet</Titre>
</Reference>
<Reference type="Texte de référence" URL="http://legifrance.gouv.fr/affichTexte.do;?cidTexte=LEGITEXT000005817645" ID="R15182">
<Titre>Décret n°2004-777 relatif à la mise en œuvre du temps partiel dans la FPT</Titre>
</Reference>
<Reference type="Texte de référence" URL="https://www.legifrance.gouv.fr/affichTexte.do?cidTexte=JORFTEXT000000441035" ID="R50159">
<Titre>Décret n°2004-1063 relatif au temps partiel dans la FPH</Titre>
</Reference>
<Reference type="Texte de référence" URL="https://www.legifrance.gouv.fr/affichTexte.do?cidTexte=JORFTEXT000042045575" ID="R56685">
<Titre>Décret n°2020-791 du 26 juin 2020 fixant les dispositions applicables aux fonctionnaires occupant un emploi à temps non complet dans la fonction publique hospitalière</Titre>
</Reference>
<Definition ID="R50296">
<Titre>Nécessités de service</Titre>
<Texte>
				<Paragraphe>Raisons objectives et particulières, tenant à la continuité du fonctionnement du service, pouvant justifier le refus par l'administration d'un droit ou d'un avantage à un agent public (un temps partiel, un congé, etc.)</Paragraphe>
			</Texte>
</Definition>
</Publication>
