<?xml version="1.0" encoding="UTF-8"?><Publication xmlns:dc="http://purl.org/dc/elements/1.1/" xmlns:xsi="http://www.w3.org/2001/XMLSchema-instance" ID="F13974" type="Fiche d'information" xsi:noNamespaceSchemaLocation="../Schemas/3.0/Publication.xsd">
<dc:title>Télétravail dans le secteur public</dc:title>
<dc:creator>Direction de l'information légale et administrative</dc:creator>
<dc:subject>Travail</dc:subject>
<dc:description>L'agent en télétravail exerce son activité en dehors des locaux de son employeur grâce aux technologies de l'information et de la communication (Tic).</dc:description>
<dc:publisher>Direction de l'information légale et administrative</dc:publisher>
<dc:contributor>Direction de l'information légale et administrative (Premier ministre)</dc:contributor>
<dc:date>modified 2020-05-14</dc:date>
<dc:type>Fiche pratique</dc:type>
<dc:format>text/xml</dc:format>
<dc:identifier>F13974</dc:identifier>
<dc:source>https://www.legifrance.gouv.fr/affichCode.do?idSectionTA=LEGISCTA000025558058&amp;cidTexte=LEGITEXT000006072050, http://legifrance.gouv.fr/affichTexteArticle.do?idArticle=JORFARTI000025490403&amp;cidTexte=JORFTEXT000025489865, https://www.legifrance.gouv.fr/affichTexte.do?cidTexte=JORFTEXT000032036983</dc:source>
<dc:language>Fr</dc:language>
<dc:relation>isPartOf N431</dc:relation>
<dc:coverage>France entière</dc:coverage>
<dc:rights>https://www.service-public.fr/a-propos/mentions-legales</dc:rights>
<SurTitre>Fiche pratique</SurTitre>
<Audience>Particuliers</Audience>
<Canal>www.service-public.fr</Canal>
<FilDAriane>
<Niveau ID="Particuliers">Accueil particuliers</Niveau>
<Niveau ID="N19806">Travail</Niveau>
<Niveau ID="N431">Conditions de travail dans la fonction publique</Niveau>
<Niveau ID="F13974" type="Fiche d'information">Télétravail dans le secteur public</Niveau>
</FilDAriane>
<Theme ID="N19806">
<Titre>Travail</Titre>
</Theme>
<SousThemePere ID="N19965">Santé, sécurité et conditions de travail</SousThemePere><DossierPere ID="N431">
<Titre>Conditions de travail dans la fonction publique</Titre><SousDossier ID="N431-1">
<Titre>Droit des agents publics</Titre>
<Fiche ID="F496">Sécurité et droit de retrait</Fiche>
<Fiche ID="F31472">Surveillance médicale des agents</Fiche>
<Fiche ID="F13974">Télétravail</Fiche>
</SousDossier>
<SousDossier ID="N431-2">
<Titre>Obligations des agents publics</Titre>
<Fiche ID="F530">Réserve, discrétion et secret professionnels</Fiche>
<Fiche ID="F32707">Obéissance hiérarchique</Fiche>
</SousDossier>
<SousDossier ID="N431-3">
<Titre>Protection fonctionnelle</Titre>
<Fiche ID="F32574">Agent public victime</Fiche>
<Fiche ID="F18848">Agent public poursuivi en justice</Fiche>
</SousDossier>
</DossierPere>

<SousDossierPere>Droit des agents publics</SousDossierPere>
<Introduction>
<Texte><Paragraphe>Le télétravail permet à un agent public de travailler hors des locaux de son administration, en utilisant les technologies de l’information et de la communication. Il peut concerner aussi bien l'agent titulaire que contractuel.</Paragraphe>
</Texte>
</Introduction>
<ListeSituations affichage="onglet"><Situation>
<Titre>Fonction publique d'État (FPE)</Titre>
<Texte><Chapitre>
<Titre>
<Paragraphe>De quoi s'agit-il ?</Paragraphe>
</Titre><Paragraphe>Le télétravail est une forme d'organisation du travail qui permet à l'agent de travailler ailleurs que dans son service ou ses locaux habituels grâce aux technologies de l'information et de la communication (Tic).</Paragraphe>
<Paragraphe>Le télétravail est mis en place à la demande de l'agent.</Paragraphe>
<Attention>
<Titre>Attention</Titre><Paragraphe>les astreintes (périodes pendant lesquelles l'agent  doit rester chez lui,  à disposition de son administration) et les interventions pendant une  astreinte ne constituent pas  du télétravail.</Paragraphe>
</Attention>
</Chapitre>
<Chapitre>
<Titre>
<Paragraphe>Qui est concerné ?</Paragraphe>
</Titre><Paragraphe>Tout agent de la fonction publique, fonctionnaire ou contractuel,  peut exercer une partie de son activité en télétravail, si cette activité  peut être réalisée à distance, aux moyens d'outils informatiques.</Paragraphe>

</Chapitre>
<Chapitre>
<Titre>
<Paragraphe>Mise en place</Paragraphe>
</Titre><Paragraphe>Les conditions de mise en place du télétravail sont fixées, après avis du comité technique  compétent par arrêté ministériel.</Paragraphe>
<Paragraphe>Cet arrêté  fixe les points suivants :</Paragraphe>
<Liste type="puce">
<Item>
<Paragraphe>Activités pouvant être exercées en télétravail</Paragraphe>
</Item>
<Item>
<Paragraphe>Liste et  localisation des locaux professionnels éventuellement mis à disposition par l'administration pour l'exercice des fonctions en télétravail, le nombre de postes de travail qui y sont disponibles et leurs équipements</Paragraphe>
</Item>
<Item>
<Paragraphe>Règles à respecter en matière de sécurité des systèmes d'information et de protection des données</Paragraphe>
</Item>
<Item>
<Paragraphe>Règles à respecter en matière de temps de travail, de sécurité et de protection de la santé</Paragraphe>
</Item>
<Item>
<Paragraphe>Conditions d'accès sur le lieu du télétravail aux instances chargées de veiller à la bonne application des règles en matière d'hygiène et de sécurité</Paragraphe>
</Item>
<Item>
<Paragraphe>Conditions de contrôle et de comptabilisation du temps de travail</Paragraphe>
</Item>
<Item>
<Paragraphe>Conditions de prise en charge, par l'administration, des coûts découlant directement de l'exercice du télétravail (matériels, logiciels, abonnements, communications, outils, maintenance de ces équipements)</Paragraphe>
</Item>
<Item>
<Paragraphe>Conditions de formation aux équipements et outils nécessaires au télétravail</Paragraphe>
</Item>
<Item>
<Paragraphe>Conditions d'établissement de l'attestation de conformité des installations aux spécifications techniques quand l'agent télétravaille chez lui ou dans un autre lieu privé.</Paragraphe>
</Item>
</Liste>

</Chapitre>
<Chapitre>
<Titre>
<Paragraphe>Comment s'organise le télétravail ?</Paragraphe>
</Titre><SousChapitre>
<Titre>
<Paragraphe>Télétravail régulier ou ponctuel</Paragraphe>
</Titre><Paragraphe>L'autorisation de télétravail peut être accordée pour un recours régulier ou ponctuel au télétravail.</Paragraphe>
<Paragraphe>Elle peut prévoir l'attribution de jours de télétravail fixes au cours de la semaine ou du mois.</Paragraphe>
<Paragraphe>Elle peut aussi prévoir l'attribution d'un nombre de jours flottants de télétravail par semaine, par mois ou par an que l'agent peut demander à utiliser auprès de son responsable hiérarchique.</Paragraphe>
<Paragraphe>Une même autorisation de télétravail peut prévoir ces différentes possibilités.</Paragraphe>

</SousChapitre>
<SousChapitre>
<Titre>
<Paragraphe>Lieu de télétravail</Paragraphe>
</Titre><Paragraphe>L'agent peut travailler chez lui, dans un autre lieu privé ou dans un autre local professionnel, comme un <LienIntra LienID="R44865" type="Définition de glossaire">télécentre</LienIntra>.</Paragraphe>
<Paragraphe>Une même autorisation de télétravail peut prévoir ces différentes possibilités.</Paragraphe>

</SousChapitre>
<SousChapitre>
<Titre>
<Paragraphe>Nombre de jours de télétravail autorisés</Paragraphe>
</Titre><Paragraphe>L'agent ne peut pas télétravailler plus de 3 jours par semaine.</Paragraphe>
<Paragraphe>Le nombre de jours de travail dans le service ou les locaux habituels ne peut pas être inférieur à 2.</Paragraphe>
<Paragraphe>Ces seuils peuvent être calculés sur une base mensuelle.</Paragraphe>
<Paragraphe>Toutefois, l'agent dont l'état de santé, le handicap ou l'état de grossesse le justifient peut demander à télétravailler plus de 3 jours par semaine. L'autorisation est accordée pour 6 mois après avis du service de médecine préventive ou du médecin du travail. Elle peut être renouvelée après avis du service de médecine préventive ou du médecin du travail.</Paragraphe>
<Paragraphe>L'autorisation de télétravailler plus de 3 jours par semaine peut aussi être accordée à l'agent qui demande à télétravailler temporairement en raison d'une situation exceptionnelle perturbant l'accès au service ou le travail sur site.</Paragraphe>

</SousChapitre>
<SousChapitre>
<Titre>
<Paragraphe>Matériel</Paragraphe>
</Titre><Paragraphe>L'administration prend en charge les coûts découlant directement de l'exercice des fonctions en télétravail : coût des matériels, logiciels, abonnements, communications et outils et de maintenance.</Paragraphe>
<Paragraphe>L'administration n'est pas obligée de prendre en charge le coût de la location d'un espace destiné au télétravail.</Paragraphe>
<Paragraphe>Quand la demande de télétravail est formulée par un agent handicapé, l'administration peut effectuer, sur le lieu de télétravail de l'agent, les aménagements de poste nécessaires. Toutefois, ces aménagements ne doivent pas engendrer des dépenses disproportionnées par rapport aux aides financières dont l'administration peut bénéficier.</Paragraphe>
<Paragraphe>Quand un agent demande l'utilisation des jours flottants de télétravail ou à télétravailler temporairement, l'administration peut l'autoriser à utilisation son équipement informatique personnel.</Paragraphe>

</SousChapitre>
</Chapitre>
<Chapitre>
<Titre>
<Paragraphe>Comment faire la demande ?</Paragraphe>
</Titre><SousChapitre>
<Titre>
<Paragraphe>Demande</Paragraphe>
</Titre><Paragraphe>L'agent formule sa demande de télétravail par écrit.</Paragraphe>
<Paragraphe>Il précise quelles sont les conditions de télétravail qu'il souhaite : recours régulier ou ponctuel, lieu(x), nombre de jours souhaités.</Paragraphe>
<Paragraphe>S'il souhaite télétravailler chez lui ou dans un autre lieu privé, l'agent fournit une attestation de conformité des installations aux spécifications techniques.</Paragraphe>

</SousChapitre>
<SousChapitre>
<Titre>
<Paragraphe>Examen par l'administration</Paragraphe>
</Titre><Paragraphe>L'administration examine la compatibilité de la demande avec la nature des activités exercées et l'intérêt du service.</Paragraphe>
<Paragraphe>L'administration fait connaître sa décision par écrit dans un délai d'1 mois maximum à partir de la date de réception de la demande.</Paragraphe>
<Paragraphe>Lorsque l'administration organise une campagne de recensement des demandes, elle répond dans un délai d'1 mois maximum à partir de la date limite de dépôt des demandes.</Paragraphe>

</SousChapitre>
<SousChapitre>
<Titre>
<Paragraphe>Décision de l'administration</Paragraphe>
</Titre><BlocCas affichage="onglet"><Cas>
<Titre>
<Paragraphe>Acceptation</Paragraphe>
</Titre><Paragraphe>L'autorisation d'exercer ses fonctions en télétravail peut prévoir une période d'adaptation de 3 mois maximum.</Paragraphe>
<Paragraphe>Elle comporte les informations suivantes :</Paragraphe>
<Liste type="puce">
<Item>
<Paragraphe>Fonctions de l'agent exercées en télétravail</Paragraphe>
</Item>
<Item>
<Paragraphe>Lieu(x) de télétravail</Paragraphe>
</Item>
<Item>
<Paragraphe>Conditions de mise en œuvre du télétravail et, s'il y a lieu, durée et plages horaires pendant lesquelles l'agent exerçant ses activités en télétravail est à la disposition de son employeur et peut être joint, conformément au cycle de travail de l'agent ou aux amplitudes horaires de travail habituelles</Paragraphe>
</Item>
<Item>
<Paragraphe>Date de début du télétravail</Paragraphe>
</Item>
</Liste>
<Paragraphe>L'autorisation écrite de télétravail est accompagnée des documents suivants :</Paragraphe>
<Liste type="puce">
<Item>
<Paragraphe>Document d'information indiquant les conditions d'application du télétravail à la situation professionnelle de l'agent. Ce document précise notamment la nature et le fonctionnement des dispositifs de contrôle et de comptabilisation du temps de travail.</Paragraphe>
</Item>
<Item>
<Paragraphe>Il précise également quels sont les équipements mis à disposition de l'agent et leurs conditions d'installation et de restitution. Il précise leurs conditions d'utilisation, de renouvellement et de maintenance et quel est l'appui technique fourni par l'administration.</Paragraphe>
</Item>
<Item>
<Paragraphe>Copie des conditions de mise en place du télétravail fixées par arrêté ministériel</Paragraphe>
</Item>
<Item>
<Paragraphe>Document rappelant les droits et obligations de l'agent en matière de temps de travail et d'hygiène et de sécurité.</Paragraphe>
</Item>
</Liste>

</Cas>
<Cas>
<Titre>
<Paragraphe>Refus</Paragraphe>
</Titre><Paragraphe>Le refus doit être motivé et précédé d'un entretien.</Paragraphe>
<Paragraphe>L'agent peut saisir la <LienInterne LienPublication="R24436" type="Sigle">CAP</LienInterne>, s'il est fonctionnaire, ou la <LienInterne LienPublication="R44305" type="Sigle">CCP</LienInterne>, s'il est contractuel, en cas de refus à une 1<Exposant>re</Exposant> demande ou à une demande de renouvellement de télétravail.</Paragraphe>

</Cas>
</BlocCas>

</SousChapitre>
</Chapitre>
<Chapitre>
<Titre>
<Paragraphe>Droits de l'agent en télétravail</Paragraphe>
</Titre><Paragraphe>L'agent qui exerce ses fonctions en télétravail bénéficie des mêmes droits et obligations que l'agent qui travaille dans les locaux de l'administration.</Paragraphe>
<Paragraphe>L'agent en télétravail ne bénéficie d'aucune prise en charge en matière de restauration.</Paragraphe>
<Paragraphe>Ses frais de repas ces jours-là sont à sa charge. Toutefois, l'employeur peut prévoir des conventionnements spécifiques à des restaurants administratifs proches des télécentres utilisés par l'agent.</Paragraphe>
<Paragraphe>L'agent qui change de fonctions doit présenter une nouvelle demande de télétravail.</Paragraphe>

</Chapitre>
<Chapitre>
<Titre>
<Paragraphe>Fin du télétravail</Paragraphe>
</Titre><Paragraphe>Il peut être mis fin au télétravail, à tout moment, par écrit, à l'initiative de l'administration ou de l'agent, en respectant un délai de prévenance de 2 mois.</Paragraphe>
<Paragraphe>Quand c'est l'administration qui met fin au télétravail, le délai de prévenance peut être réduit en cas de nécessité de service motivée.</Paragraphe>
<Paragraphe>L'interruption du télétravail à l'initiative de l'administration doit être motivé et précédé d'un entretien.</Paragraphe>
<Paragraphe>Quand il est mis fin au télétravail pendant la période d'adaptation, le délai de prévenance est d'1 mois.</Paragraphe>

</Chapitre>
</Texte>
</Situation>
<Situation>
<Titre>Territoriale (FPT)</Titre>
<Texte><Chapitre>
<Titre>
<Paragraphe>De quoi s'agit-il ?</Paragraphe>
</Titre><Paragraphe>Le télétravail est une forme d'organisation du travail qui permet à l'agent de travailler ailleurs que dans son service ou ses locaux habituels grâce aux technologies de l'information et de la communication (Tic).</Paragraphe>
<Paragraphe>Le télétravail est mis en place à la demande de l'agent.</Paragraphe>
<Attention>
<Titre>Attention</Titre><Paragraphe>les astreintes (périodes pendant lesquelles l'agent  doit rester chez lui,  à disposition de son administration) et les interventions pendant une  astreinte ne constituent pas  du télétravail.</Paragraphe>
</Attention>
</Chapitre>
<Chapitre>
<Titre>
<Paragraphe>Qui est concerné ?</Paragraphe>
</Titre><Paragraphe>Tout agent de la fonction publique, fonctionnaire ou contractuel,  peut exercer une partie de son activité en télétravail, si cette activité  peut être réalisée à distance, aux moyens d'outils informatiques.</Paragraphe>

</Chapitre>
<Chapitre>
<Titre>
<Paragraphe>Mise en place</Paragraphe>
</Titre><Paragraphe>Les conditions de mise en place du télétravail sont fixées, après avis du comité technique par délibération.</Paragraphe>
<Paragraphe>Cette délibération  fixe les points suivants :</Paragraphe>
<Liste type="puce">
<Item>
<Paragraphe>Les activités pouvant être exercées en télétravail</Paragraphe>
</Item>
<Item>
<Paragraphe>La liste et la localisation des locaux professionnels éventuellement mis à disposition par l'administration pour l'exercice des fonctions en télétravail, le nombre de postes de travail qui y sont disponibles et leurs équipements</Paragraphe>
</Item>
<Item>
<Paragraphe>Les règles à respecter en matière de sécurité des systèmes d'information et de protection des données</Paragraphe>
</Item>
<Item>
<Paragraphe>Les règles à respecter en matière de temps de travail, de sécurité et de protection de la santé</Paragraphe>
</Item>
<Item>
<Paragraphe>Les conditions d'accès sur le lieu du télétravail aux instances chargées de veiller à la bonne application des règles en matière d'hygiène et de sécurité</Paragraphe>
</Item>
<Item>
<Paragraphe>Les conditions de contrôle et de comptabilisation du temps de travail</Paragraphe>
</Item>
<Item>
<Paragraphe>Les conditions de prise en charge, par l'administration, des coûts découlant directement de l'exercice du télétravail (matériels, logiciels, abonnements, communications, outils, maintenance de ces équipements)</Paragraphe>
</Item>
<Item>
<Paragraphe>Les conditions de formation aux équipements et outils nécessaires au télétravail</Paragraphe>
</Item>
<Item>
<Paragraphe>Les conditions d'établissement de l'attestation de conformité des installations aux spécifications techniques quand l'agent télétravaille chez lui ou dans un autre lieu privé.</Paragraphe>
</Item>
</Liste>

</Chapitre>
<Chapitre>
<Titre>
<Paragraphe>Comment s'organise le télétravail ?</Paragraphe>
</Titre><SousChapitre>
<Titre>
<Paragraphe>Télétravail régulier ou ponctuel</Paragraphe>
</Titre><Paragraphe>L'autorisation de télétravail peut être accordée pour un recours régulier ou ponctuel au télétravail.</Paragraphe>
<Paragraphe>Elle peut prévoir l'attribution de jours de télétravail fixes au cours de la semaine ou du mois.</Paragraphe>
<Paragraphe>Elle peut aussi prévoir l'attribution d'un nombre de jours flottants de télétravail par semaine, par mois ou par an que l'agent peut demander à utiliser auprès de son responsable hiérarchique.</Paragraphe>
<Paragraphe>Une même autorisation de télétravail peut prévoir ces différentes possibilités.</Paragraphe>

</SousChapitre>
<SousChapitre>
<Titre>
<Paragraphe>Lieu de télétravail</Paragraphe>
</Titre><Paragraphe>L'agent peut travailler chez lui, dans un autre lieu privé ou dans un autre local professionnel, comme un <LienIntra LienID="R44865" type="Définition de glossaire">télécentre</LienIntra>.</Paragraphe>
<Paragraphe>Une même autorisation de télétravail peut prévoir ces différentes possibilités.</Paragraphe>

</SousChapitre>
<SousChapitre>
<Titre>
<Paragraphe>Nombre de jours de télétravail autorisés</Paragraphe>
</Titre><Paragraphe>L'agent ne peut pas télétravailler plus de 3 jours par semaine.</Paragraphe>
<Paragraphe>Le nombre de jours de travail dans le service ou les locaux habituels ne peut pas être inférieur à 2.</Paragraphe>
<Paragraphe>Ces seuils peuvent être calculés sur une base mensuelle.</Paragraphe>
<Paragraphe>Toutefois, l'agent dont l'état de santé, le handicap ou l'état de grossesse le justifient peut demander à télétravailler plus de 3 jours par semaine. L'autorisation est accordée pour 6 mois après avis du service de médecine préventive ou du médecin du travail. Elle peut être renouvelée après avis du service de médecine préventive ou du médecin du travail.</Paragraphe>
<Paragraphe>L'autorisation de télétravailler plus de 3 jours par semaine peut aussi être accordée à l'agent qui demande à télétravailler temporairement en raison d'une situation exceptionnelle perturbant l'accès au service ou le travail sur site.</Paragraphe>

</SousChapitre>
<SousChapitre>
<Titre>
<Paragraphe>Matériel</Paragraphe>
</Titre><Paragraphe>L'administration prend en charge les coûts découlant directement de l'exercice des fonctions en télétravail  : coût des matériels, logiciels, abonnements, communications et outils et de maintenance.</Paragraphe>
<Paragraphe>L'administration n'est pas obligée de prendre en charge le coût de la location d'un espace destiné au télétravail.</Paragraphe>
<Paragraphe>Quand la demande de télétravail est formulée par un agent handicapé, l'administration peut effectuer, sur le lieu de télétravail de l'agent, les aménagements de poste nécessaires. Toutefois, ces aménagements ne doivent pas engendrer des dépenses disproportionnées par rapport aux aides financières dont l'administration peut bénéficier.</Paragraphe>
<Paragraphe>Quand un agent demande l'utilisation des jours flottants de télétravail ou à télétravailler temporairement, l'administration peut l'autoriser à utilisation son équipement informatique personnel.</Paragraphe>

</SousChapitre>
</Chapitre>
<Chapitre>
<Titre>
<Paragraphe>Comment faire la demande ?</Paragraphe>
</Titre><SousChapitre>
<Titre>
<Paragraphe>Demande</Paragraphe>
</Titre><Paragraphe>L'agent formule sa demande de télétravail par écrit.</Paragraphe>
<Paragraphe>Il précise quelles sont les conditions de télétravail qu'il souhaite : recours régulier ou ponctuel, lieu(x), nombre de jours souhaités.</Paragraphe>
<Paragraphe>S'il souhaite télétravailler chez lui ou dans un autre lieu privé, l'agent fournit une attestation de conformité des installations aux spécifications techniques.</Paragraphe>

</SousChapitre>
<SousChapitre>
<Titre>
<Paragraphe>Examen par l'administration</Paragraphe>
</Titre><Paragraphe>L'administration examine la compatibilité de la demande avec la nature des activités exercées et l'intérêt du service.</Paragraphe>
<Paragraphe>L'administration fait connaître sa décision par écrit dans un délai d'1 mois maximum à partir de la date de réception de la demande.</Paragraphe>
<Paragraphe>Lorsque l'administration organise une campagne de recensement des demandes, elle répond dans un délai d'1 mois maximum à partir de la date limite de dépôt des demandes.</Paragraphe>

</SousChapitre>
<SousChapitre>
<Titre>
<Paragraphe>Décision de l'administration</Paragraphe>
</Titre><BlocCas affichage="onglet"><Cas>
<Titre>
<Paragraphe>Acceptation</Paragraphe>
</Titre><Paragraphe>L'autorisation d'exercer ses fonctions en télétravail peut prévoir une période d'adaptation de 3 mois maximum.</Paragraphe>
<Paragraphe>Elle comporte les informations suivantes :</Paragraphe>
<Liste type="puce">
<Item>
<Paragraphe>Fonctions de l'agent exercées en télétravail</Paragraphe>
</Item>
<Item>
<Paragraphe>Lieu(x) de télétravail</Paragraphe>
</Item>
<Item>
<Paragraphe>Conditions de mise en œuvre du télétravail et, s'il y a lieu, durée et plages horaires pendant lesquelles l'agent exerçant ses activités en télétravail est à la disposition de son employeur et peut être joint, conformément au cycle de travail de l'agent ou aux amplitudes horaires de travail habituelles</Paragraphe>
</Item>
<Item>
<Paragraphe>Date de début du télétravail</Paragraphe>
</Item>
</Liste>
<Paragraphe>L'autorisation écrite de télétravail est accompagnée des documents suivants :</Paragraphe>
<Liste type="puce">
<Item>
<Paragraphe>Document d'information indiquant les conditions d'application du télétravail à la situation professionnelle de l'agent. Ce document précise notamment la nature et le fonctionnement des dispositifs de contrôle et de comptabilisation du temps de travail.</Paragraphe>
</Item>
<Item>
<Paragraphe>Il précise également quels sont les équipements mis à disposition de l'agent et leurs conditions d'installation et de restitution. Il précise leurs conditions d'utilisation, de renouvellement et de maintenance et quel est l'appui technique fourni par l'administration.</Paragraphe>
</Item>
<Item>
<Paragraphe>Copie des conditions de mise en place du télétravail fixées par délibération</Paragraphe>
</Item>
<Item>
<Paragraphe>Document rappelant les droits et obligations de l'agent en matière de temps de travail et d'hygiène et de sécurité.</Paragraphe>
</Item>
</Liste>

</Cas>
<Cas>
<Titre>
<Paragraphe>Refus</Paragraphe>
</Titre><Paragraphe>Le refus doit être motivé et précédé d'un entretien.</Paragraphe>
<Paragraphe>L'agent peut saisir la <LienInterne LienPublication="R24436" type="Sigle">CAP</LienInterne>, s'il est fonctionnaire, ou la <LienInterne LienPublication="R44305" type="Sigle">CCP</LienInterne>, s'il est contractuel, en cas de refus à une 1<Exposant>re</Exposant> demande ou à une demande de renouvellement de télétravail.</Paragraphe>

</Cas>
</BlocCas>

</SousChapitre>
</Chapitre>
<Chapitre>
<Titre>
<Paragraphe>Droits de l'agent en télétravail</Paragraphe>
</Titre><Paragraphe>L'agent qui exerce ses fonctions en télétravail bénéficie des mêmes droits et obligations que l'agent qui travaille dans les locaux de l'administration.</Paragraphe>
<Paragraphe>L'agent en télétravail ne bénéficie d'aucune prise en charge en matière de restauration.</Paragraphe>
<Paragraphe>Ses frais de repas ces jours-là sont à sa charge. Toutefois, l'employeur peut prévoir des conventionnements spécifiques à des restaurants administratifs proches des télécentres utilisés par l'agent.</Paragraphe>
<Paragraphe>L'agent qui change de fonctions doit présenter une nouvelle demande de télétravail.</Paragraphe>

</Chapitre>
<Chapitre>
<Titre>
<Paragraphe>Fin du télétravail</Paragraphe>
</Titre><Paragraphe>Il peut être mis fin au télétravail, à tout moment, par écrit, à l'initiative de l'administration ou de l'agent, en respectant un délai de prévenance de 2 mois.</Paragraphe>
<Paragraphe>Quand c'est l'administration qui met fin au télétravail, le délai de prévenance peut être réduit en cas de nécessité de service motivée.</Paragraphe>
<Paragraphe>L'interruption du télétravail à l'initiative de l'administration doit être motivé et précédé d'un entretien.</Paragraphe>
<Paragraphe>Quand il est mis fin au télétravail pendant la période d'adaptation, le délai de prévenance est d'1 mois.</Paragraphe>

</Chapitre>
</Texte>
</Situation>
<Situation>
<Titre>Hospitalière (FPH)</Titre>
<Texte><Chapitre>
<Titre>
<Paragraphe>De quoi s'agit-il ?</Paragraphe>
</Titre><Paragraphe>Le télétravail est une forme d'organisation du travail qui permet à l'agent de travailler ailleurs que dans son service ou ses locaux habituels grâce aux technologies de l'information et de la communication (Tic).</Paragraphe>
<Paragraphe>Le télétravail est mis en place à la demande de l'agent.</Paragraphe>
<Attention>
<Titre>Attention</Titre><Paragraphe>les astreintes (périodes pendant lesquelles l'agent  doit rester chez lui,  à disposition de son administration) et les interventions pendant une  astreinte ne constituent pas  du télétravail.</Paragraphe>
</Attention>
</Chapitre>
<Chapitre>
<Titre>
<Paragraphe>Qui est concerné ?</Paragraphe>
</Titre><Paragraphe>Tout agent de la fonction publique, fonctionnaire ou contractuel,  peut exercer une partie de son activité en télétravail, si cette activité  peut être réalisée à distance, aux moyens d'outils informatiques.</Paragraphe>

</Chapitre>
<Chapitre>
<Titre>
<Paragraphe>Mise en place</Paragraphe>
</Titre><Paragraphe>Les conditions de mise en place du télétravail sont fixées, après avis du comité technique ou du comité consultatif national par décision du chef d'établissement dans la fonction publique hospitalière.</Paragraphe>
<Paragraphe>Cette décision fixe les points suivants :</Paragraphe>
<Liste type="puce">
<Item>
<Paragraphe>Les activités pouvant être exercées en télétravail</Paragraphe>
</Item>
<Item>
<Paragraphe>La liste et la localisation des locaux professionnels éventuellement mis à disposition par l'administration pour l'exercice des fonctions en télétravail, le nombre de postes de travail qui y sont disponibles et leurs équipements</Paragraphe>
</Item>
<Item>
<Paragraphe>Les règles à respecter en matière de sécurité des systèmes d'information et de protection des données</Paragraphe>
</Item>
<Item>
<Paragraphe>Les règles à respecter en matière de temps de travail, de sécurité et de protection de la santé</Paragraphe>
</Item>
<Item>
<Paragraphe>Les conditions d'accès sur le lieu du télétravail aux instances chargées de veiller à la bonne application des règles en matière d'hygiène et de sécurité</Paragraphe>
</Item>
<Item>
<Paragraphe>Les conditions de contrôle et de comptabilisation du temps de travail</Paragraphe>
</Item>
<Item>
<Paragraphe>Les conditions de prise en charge, par l'administration, des coûts découlant directement de l'exercice du télétravail (matériels, logiciels, abonnements, communications, outils, maintenance de ces équipements)</Paragraphe>
</Item>
<Item>
<Paragraphe>Les conditions de formation aux équipements et outils nécessaires au télétravail</Paragraphe>
</Item>
<Item>
<Paragraphe>Les conditions d'établissement de l'attestation de conformité des installations aux spécifications techniques quand l'agent télétravaille chez lui ou dans un autre lieu privé.</Paragraphe>
</Item>
</Liste>
<Paragraphe>Pour les personnels de direction de la fonction publique hospitalière gérés par le Centre national de gestion, la décision est prise par :</Paragraphe>
<Liste type="puce">
<Item>
<Paragraphe>le chef d'établissement pour les directeurs adjoints et les directeurs des soins,</Paragraphe>
</Item>
<Item>
<Paragraphe>le directeur général de l'<LienInterne LienPublication="R31273" type="Sigle">ARS</LienInterne> pour les chefs des établissements publics de santé, les chefs des établissements publics locaux accueillant des personnes âgées et les chefs des établissements prenant en charge des mineurs ou adultes handicapés,</Paragraphe>
</Item>
<Item>
<Paragraphe>le préfet du département pour les personnels des autres établissements.</Paragraphe>
</Item>
</Liste>
<Paragraphe>La décision n'est pas soumise à l'avis du comité consultatif national.</Paragraphe>

</Chapitre>
<Chapitre>
<Titre>
<Paragraphe>Comment s'organise le télétravail ?</Paragraphe>
</Titre><SousChapitre>
<Titre>
<Paragraphe>Télétravail régulier ou ponctuel</Paragraphe>
</Titre><Paragraphe>L'autorisation de télétravail peut être accordée pour un recours régulier ou ponctuel au télétravail.</Paragraphe>
<Paragraphe>Elle peut prévoir l'attribution de jours de télétravail fixes au cours de la semaine ou du mois.</Paragraphe>
<Paragraphe>Elle peut aussi prévoir l'attribution d'un nombre de jours flottants de télétravail par semaine, par mois ou par an que l'agent peut demander à utiliser auprès de son responsable hiérarchique.</Paragraphe>
<Paragraphe>Une même autorisation de télétravail peut prévoir ces différentes possibilités.</Paragraphe>

</SousChapitre>
<SousChapitre>
<Titre>
<Paragraphe>Lieu de télétravail</Paragraphe>
</Titre><Paragraphe>L'agent peut travailler chez lui, dans un autre lieu privé ou dans un autre local professionnel, comme un <LienIntra LienID="R44865" type="Définition de glossaire">télécentre</LienIntra>.</Paragraphe>
<Paragraphe>Une même autorisation de télétravail peut prévoir ces différentes possibilités.</Paragraphe>

</SousChapitre>
<SousChapitre>
<Titre>
<Paragraphe>Nombre de jours de télétravail autorisés</Paragraphe>
</Titre><Paragraphe>L'agent ne peut pas télétravailler plus de 3 jours par semaine.</Paragraphe>
<Paragraphe>Le nombre de jours de travail dans le service ou les locaux habituels ne peut pas être inférieur à 2.</Paragraphe>
<Paragraphe>Ces seuils peuvent être calculés sur une base mensuelle.</Paragraphe>
<Paragraphe>Toutefois, l'agent dont l'état de santé, le handicap ou l'état de grossesse le justifient peut demander à télétravailler plus de 3 jours par semaine. L'autorisation est accordée pour 6 mois après avis du service de médecine préventive ou du médecin du travail. Elle peut être renouvelée après avis du service de médecine préventive ou du médecin du travail.</Paragraphe>
<Paragraphe>L'autorisation de télétravailler plus de 3 jours par semaine peut aussi être accordée à l'agent qui demande à télétravailler temporairement en raison d'une situation exceptionnelle perturbant l'accès au service ou le travail sur site.</Paragraphe>

</SousChapitre>
<SousChapitre>
<Titre>
<Paragraphe>Matériel</Paragraphe>
</Titre><Paragraphe>L'administration prend en charge les coûts découlant directement de l'exercice des fonctions en télétravail : coût des matériels, logiciels, abonnements, communications et outils et de maintenance.</Paragraphe>
<Paragraphe>L'administration n'est pas obligée de prendre en charge le coût de la location d'un espace destiné au télétravail.</Paragraphe>
<Paragraphe>Quand la demande de télétravail est formulée par un agent handicapé, l'administration peut effectuer, sur le lieu de télétravail de l'agent, les aménagements de poste nécessaires. Toutefois, ces aménagements ne doivent pas engendrer des dépenses disproportionnées par rapport aux aides financières dont l'administration peut bénéficier.</Paragraphe>
<Paragraphe>Quand un agent demande l'utilisation des jours flottants de télétravail ou à télétravailler temporairement, l'administration peut l'autoriser à utilisation son équipement informatique personnel.</Paragraphe>

</SousChapitre>
</Chapitre>
<Chapitre>
<Titre>
<Paragraphe>Comment faire la demande ?</Paragraphe>
</Titre><SousChapitre>
<Titre>
<Paragraphe>Demande</Paragraphe>
</Titre><Paragraphe>L'agent formule sa demande de télétravail par écrit.</Paragraphe>
<Paragraphe>Il précise quelles sont les conditions de télétravail qu'il souhaite : recours régulier ou ponctuel, lieu(x), nombre de jours souhaités.</Paragraphe>
<Paragraphe>S'il souhaite télétravailler chez lui ou dans un autre lieu privé, l'agent fournit une attestation de conformité des installations aux spécifications techniques.</Paragraphe>

</SousChapitre>
<SousChapitre>
<Titre>
<Paragraphe>Examen par l'administration</Paragraphe>
</Titre><Paragraphe>L'administration examine la compatibilité de la demande avec la nature des activités exercées et l'intérêt du service.</Paragraphe>
<Paragraphe>Pour les personnels de direction de la fonction publique hospitalière gérés par le Centre national de gestion, cet examen est effectué par :</Paragraphe>
<Liste type="puce">
<Item>
<Paragraphe>le chef d'établissement pour les directeurs adjoints et les directeurs des soins,</Paragraphe>
</Item>
<Item>
<Paragraphe>le directeur général de l'<LienInterne LienPublication="R31273" type="Sigle">ARS</LienInterne> pour les chefs des établissements publics de santé, les chefs des établissements publics locaux accueillant des personnes âgées et les chefs des établissements prenant en charge des mineurs ou adultes handicapés,</Paragraphe>
</Item>
<Item>
<Paragraphe>le préfet du département pour les personnels des autres établissements.</Paragraphe>
</Item>
</Liste>
<Paragraphe>L'administration fait connaître sa décision par écrit dans un délai d'un mois maximum à partir de la date de réception de la demande.</Paragraphe>
<Paragraphe>Lorsque l'administration organise une campagne de recensement des demandes, elle répond dans un délai d'un mois maximum à partir de la date limite de dépôt des demandes.</Paragraphe>

</SousChapitre>
<SousChapitre>
<Titre>
<Paragraphe>Décision de l'administration</Paragraphe>
</Titre><BlocCas affichage="onglet"><Cas>
<Titre>
<Paragraphe>Acceptation</Paragraphe>
</Titre><Paragraphe>L'autorisation d'exercer ses fonctions en télétravail peut prévoir une période d'adaptation de 3 mois maximum.</Paragraphe>
<Paragraphe>Elle comporte les informations suivantes :</Paragraphe>
<Liste type="puce">
<Item>
<Paragraphe>Fonctions de l'agent exercées en télétravail</Paragraphe>
</Item>
<Item>
<Paragraphe>Lieu(x) de télétravail</Paragraphe>
</Item>
<Item>
<Paragraphe>Conditions de mise en œuvre du télétravail et, s'il y a lieu, durée et plages horaires pendant lesquelles l'agent exerçant ses activités en télétravail est à la disposition de son employeur et peut être joint, conformément au cycle de travail de l'agent ou aux amplitudes horaires de travail habituelles</Paragraphe>
</Item>
<Item>
<Paragraphe>Date de début du télétravail</Paragraphe>
</Item>
</Liste>
<Paragraphe>L'autorisation écrite de télétravail est accompagnée des documents suivants :</Paragraphe>
<Liste type="puce">
<Item>
<Paragraphe>Document d'information indiquant les conditions d'application du télétravail à la situation professionnelle de l'agent. Ce document précise notamment la nature et le fonctionnement des dispositifs de contrôle et de comptabilisation du temps de travail.</Paragraphe>
</Item>
<Item>
<Paragraphe>Il précise également quels sont les équipements mis à disposition de l'agent et leurs conditions d'installation et de restitution. Il précise leurs conditions d'utilisation, de renouvellement et de maintenance et quel est l'appui technique fourni par l'administration.</Paragraphe>
</Item>
<Item>
<Paragraphe>Copie des conditions de mise en place du télétravail fixées par  décision du chef d'établissement</Paragraphe>
</Item>
<Item>
<Paragraphe>Document rappelant les droits et obligations de l'agent en matière de temps de travail et d'hygiène et de sécurité.</Paragraphe>
</Item>
</Liste>

</Cas>
<Cas>
<Titre>
<Paragraphe>Refus</Paragraphe>
</Titre><Paragraphe>Le refus doit être motivé et précédé d'un entretien.</Paragraphe>
<Paragraphe>L'agent peut saisir la <LienInterne LienPublication="R24436" type="Sigle">CAP</LienInterne>, s'il est fonctionnaire, ou la <LienInterne LienPublication="R44305" type="Sigle">CCP</LienInterne>, s'il est contractuel, en cas de refus à une 1<Exposant>re</Exposant> demande ou à une de renouvellement de télétravail.</Paragraphe>

</Cas>
</BlocCas>

</SousChapitre>
</Chapitre>
<Chapitre>
<Titre>
<Paragraphe>Droits de l'agent en télétravail</Paragraphe>
</Titre><Paragraphe>L'agent qui exerce ses fonctions en télétravail bénéficie des mêmes droits et obligations que l'agent qui travaille dans les locaux de l'administration.</Paragraphe>
<Paragraphe>L'agent en télétravail ne bénéficie d'aucune prise en charge en matière de restauration.</Paragraphe>
<Paragraphe>Ses frais de repas ces jours-là sont à sa charge. Toutefois, l'employeur peut prévoir des conventionnements spécifiques à des restaurants administratifs proches des télécentres utilisés par l'agent.</Paragraphe>
<Paragraphe>L'agent qui change de fonctions doit présenter une nouvelle demande de télétravail.</Paragraphe>

</Chapitre>
<Chapitre>
<Titre>
<Paragraphe>Fin du télétravail</Paragraphe>
</Titre><Paragraphe>Il peut être mis fin au télétravail, à tout moment, par écrit, à l'initiative de l'administration ou de l'agent, en respectant un délai de prévenance de 2 mois.</Paragraphe>
<Paragraphe>Quand c'est l'administration qui met fin au télétravail, le délai de prévenance peut être réduit en cas de nécessité de service motivée.</Paragraphe>
<Paragraphe>L'interruption du télétravail à l'initiative de l'administration doit être motivé et précédé d'un entretien.</Paragraphe>
<Paragraphe>Quand il est mis fin au télétravail pendant la période d'adaptation, le délai de prévenance est d'1 mois.</Paragraphe>

</Chapitre>
</Texte>
</Situation>
</ListeSituations><VoirAussi important="oui">
<Fiche ID="F13851" audience="Particuliers">
<Titre>Dans le secteur privé</Titre>
<Theme ID="N19806">
<Titre>Travail</Titre>
</Theme>
</Fiche>
</VoirAussi>
<Reference type="Texte de référence" URL="https://www.legifrance.gouv.fr/affichCode.do?idSectionTA=LEGISCTA000025558058&amp;cidTexte=LEGITEXT000006072050" ID="R12221">
<Titre>Code du travail : articles L1222-9 à L1222-11</Titre>
</Reference>
<Reference type="Texte de référence" URL="http://legifrance.gouv.fr/affichTexteArticle.do?idArticle=JORFARTI000025490403&amp;cidTexte=JORFTEXT000025489865" ID="R32652">
<Titre>Loi n°2012-347 du 12 mars 2012 relative à l'accès à l'emploi titulaire et à l'amélioration des conditions d'emploi des agents contractuels dans la fonction publique : article 133</Titre>
</Reference>
<Reference type="Texte de référence" URL="https://www.legifrance.gouv.fr/affichTexte.do?cidTexte=JORFTEXT000032036983" ID="R43068">
<Titre>Décret n°2016-151 du 11 février 2016 relatif à la mise en œuvre du télétravail dans la fonction publique et la magistrature</Titre>
</Reference>
<PourEnSavoirPlus type="Information pratique" ID="R44523" URL="http://www.fonction-publique.gouv.fr/files/files/publications/coll_outils_de_la_GRH/guide-teletravail-2016.pdf" audience="Particuliers" format="application/pdf" poids="964.7 KB">
<Titre>Guide du télétravail dans la fonction publique</Titre>
<Source ID="R30602">Ministère chargé de la fonction publique</Source>
</PourEnSavoirPlus>
<Definition ID="R44865">
<Titre>Télécentre</Titre>
<Texte>
				<Paragraphe>Local de bureaux équipés de matériels informatiques et mis à disposition des télétravailleurs de différentes entreprises ou administrations</Paragraphe>
			</Texte>
</Definition>
<Abreviation ID="R24436" type="Sigle">
<Titre>CAP</Titre>
<Texte>
<Paragraphe>Commission administrative paritaire</Paragraphe>
</Texte>
</Abreviation>
<Abreviation ID="R44305" type="Sigle">
<Titre>CCP</Titre>
<Texte>
<Paragraphe>Commission consultative paritaire</Paragraphe>
</Texte>
</Abreviation>
<Abreviation ID="R31273" type="Sigle">
<Titre>ARS</Titre>
<Texte>
<Paragraphe>Agence régionale de santé</Paragraphe>
</Texte>
</Abreviation>
</Publication>
