<?xml version="1.0" encoding="UTF-8"?><Publication xmlns:dc="http://purl.org/dc/elements/1.1/" xmlns:xsi="http://www.w3.org/2001/XMLSchema-instance" ID="F14203" type="Fiche Question-réponse" xsi:noNamespaceSchemaLocation="../Schemas/3.0/Publication.xsd">
<dc:title>Quels abattements et tarifs s'appliquent aux bénéficiaires d'une donation ?</dc:title>
<dc:creator>Direction de l'information légale et administrative</dc:creator>
<dc:subject>Argent</dc:subject>
<dc:description>L'administration fiscale tient compte des donations que le donateur vous a déjà consenties. Mais cette règle ne s'applique pas à certaines donations.</dc:description>
<dc:publisher>Direction de l'information légale et administrative</dc:publisher>
<dc:contributor>Direction de l'information légale et administrative (Premier ministre)</dc:contributor>
<dc:date>modified 2020-10-01</dc:date>
<dc:type>Question-réponse</dc:type>
<dc:format>text/xml</dc:format>
<dc:identifier>F14203</dc:identifier>
<dc:source>http://legifrance.gouv.fr/affichCode.do?idSectionTA=LEGISCTA000006199106&amp;cidTexte=LEGITEXT000006069577, http://legifrance.gouv.fr/affichCode.do?idSectionTA=LEGISCTA000006197326&amp;cidTexte=LEGITEXT000006069577, http://legifrance.gouv.fr/affichCode.do?idSectionTA=LEGISCTA000006199108&amp;cidTexte=LEGITEXT000006069577, http://bofip.impots.gouv.fr/bofip/3351-PGP.html, http://bofip.impots.gouv.fr/bofip/6839-PGP</dc:source>
<dc:language>Fr</dc:language>
<dc:relation>isPartOf N31160</dc:relation>
<dc:coverage>France entière</dc:coverage>
<dc:rights>https://www.service-public.fr/a-propos/mentions-legales</dc:rights>
<SurTitre>Question-réponse</SurTitre>
<Audience>Particuliers</Audience>
<Canal>www.service-public.fr</Canal>
<FilDAriane>
<Niveau ID="Particuliers">Accueil particuliers</Niveau>
<Niveau ID="N19803">Argent</Niveau>
<Niveau ID="N31160">Droits de succession et de donation</Niveau>
<Niveau ID="F14203" type="Fiche Question-réponse">Quels abattements et tarifs s'appliquent aux bénéficiaires d'une donation ?</Niveau>
</FilDAriane>
<Theme ID="N19803">
<Titre>Argent</Titre>
</Theme>
<SousThemePere ID="N20073">Impôts, taxes et douane</SousThemePere><DossierPere ID="N31160">
<Titre>Droits de succession et de donation</Titre><SousDossier ID="N31160-1">
<Titre>Droits de succession</Titre>
<Fiche ID="F80">Déclaration</Fiche>
<Fiche ID="F17456">Biens imposables et principales exonérations</Fiche>
<Fiche ID="F14198">Calcul et paiement</Fiche>
</SousDossier>
<SousDossier ID="N31160-2">
<Titre>Droits de donation</Titre>
<Fiche ID="F10203">Biens imposables et principales exonérations</Fiche>
<Fiche ID="F14205">Calcul et paiement</Fiche>
</SousDossier>
</DossierPere>

<Texte>
				<Paragraphe>Quand vous recevez une donation d'un proche, vous devez verser à l'administration fiscale un impôt appelé <Expression> droits de donation</Expression>.</Paragraphe>
				<Paragraphe>Vous pouvez bénéficier, selon les cas,  d'un <LienIntra LienID="R3018" type="Définition de glossaire">abattement</LienIntra>.</Paragraphe>
				<Paragraphe>Certaines donations sont cependant <LienIntra LienID="R57306" type="Définition de glossaire">exonérées</LienIntra> de ces <Expression>droits de donation</Expression>, notamment :</Paragraphe>
				<Liste type="puce">
					<Item>
						<Paragraphe>
<LienInterne LienPublication="F10203" type="Fiche d'information" audience="Particuliers">Dons familiaux de sommes d'argent</LienInterne>
</Paragraphe>
					</Item>
					<Item>
						<Paragraphe>Donations faites depuis plus de 15 ans (délai applicable aux successions ouvertes depuis le 17 août 2012).</Paragraphe>
					</Item>
				</Liste>
			
				<Paragraphe>Les <Expression>droits de donation</Expression> s'appliquent sur la partie de la  donation qui reste après l'abattement.</Paragraphe>
			<ANoter>
<Titre>Exemple</Titre>
				<Paragraphe>Si vous bénéficiez d'une donation de <Valeur>300 000 €</Valeur> et d'un abattement de <Valeur>100 000 €</Valeur> sur celle-ci, vous devez payer des droits de donation sur la somme de <Valeur>200 000 €</Valeur>.</Paragraphe>
			</ANoter>
				<Paragraphe>Les tarifs des droits de donation dépendent du lien de parenté entre le bénéficiaire de la donation et le <LienIntra LienID="R46107" type="Définition de glossaire">donateur</LienIntra>.</Paragraphe>
			<BlocCas affichage="radio"><Cas>
<Titre>
<Paragraphe>Époux ou partenaire de Pacs</Paragraphe>
</Titre>
										<Paragraphe>
<MiseEnEvidence>Abattement</MiseEnEvidence> :</Paragraphe>
									
										<Paragraphe>
<Valeur>80 724 €</Valeur>
</Paragraphe>
									
										<Paragraphe>
<MiseEnEvidence>Barème</MiseEnEvidence> :</Paragraphe>
									
				<Tableau>
<Titre>Tarifs des droits de donation  entre époux ou partenaires de Pacs</Titre>
<Colonne largeur="41" type="header"/>
<Colonne largeur="40" type="normal"/>
<Rangée type="header">
						<Cellule>
							<Paragraphe>Part taxable après abattement</Paragraphe>
						</Cellule>
						<Cellule>
							<Paragraphe>Barème d'imposition</Paragraphe>
						</Cellule>
					</Rangée>
<Rangée type="normal">
						<Cellule>
							<Paragraphe>Moins de <Valeur>8 072 €</Valeur>
</Paragraphe>
						</Cellule>
						<Cellule>
							<Paragraphe>
<Valeur>5 %</Valeur>
</Paragraphe>
						</Cellule>
					</Rangée>
<Rangée type="normal">
						<Cellule>
							<Paragraphe>Entre <Valeur>8 072 €</Valeur> et <Valeur>15 932 €</Valeur>
</Paragraphe>
						</Cellule>
						<Cellule>
							<Paragraphe>
<Valeur>10 %</Valeur>
</Paragraphe>
						</Cellule>
					</Rangée>
<Rangée type="normal">
						<Cellule>
							<Paragraphe>Entre <Valeur>15 932 €</Valeur> et <Valeur>31 865 €</Valeur>
</Paragraphe>
						</Cellule>
						<Cellule>
							<Paragraphe>
<Valeur>15 %</Valeur>
</Paragraphe>
						</Cellule>
					</Rangée>
<Rangée type="normal">
						<Cellule>
							<Paragraphe>Entre <Valeur>31 865 €</Valeur> et <Valeur>552 324 €</Valeur>
</Paragraphe>
						</Cellule>
						<Cellule>
							<Paragraphe>
<Valeur>20 %</Valeur>
</Paragraphe>
						</Cellule>
					</Rangée>
<Rangée type="normal">
						<Cellule>
							<Paragraphe>Entre <Valeur>552 324 €</Valeur> et <Valeur>902 838 €</Valeur>
</Paragraphe>
						</Cellule>
						<Cellule>
							<Paragraphe>
<Valeur>30 %</Valeur>
</Paragraphe>
						</Cellule>
					</Rangée>
<Rangée type="normal">
						<Cellule>
							<Paragraphe>Entre <Valeur>902 838 €</Valeur> et <Valeur>1 805 677 €</Valeur>
</Paragraphe>
						</Cellule>
						<Cellule>
							<Paragraphe>
<Valeur>40 %</Valeur>
</Paragraphe>
						</Cellule>
					</Rangée>
<Rangée type="normal">
						<Cellule>
							<Paragraphe>Supérieure à <Valeur>1 805 677 €</Valeur>
</Paragraphe>
						</Cellule>
						<Cellule>
							<Paragraphe>
<Valeur>45 %</Valeur>
</Paragraphe>
						</Cellule>
					</Rangée>
</Tableau>
			

</Cas>
<Cas>
<Titre>
<Paragraphe>Enfant</Paragraphe>
</Titre>
										<Paragraphe>
<MiseEnEvidence>Abattement</MiseEnEvidence> :</Paragraphe>
									
										<Paragraphe>
<Valeur>100 000 €</Valeur>
</Paragraphe>
									
										<Paragraphe>L'abattement ne s'applique pas à l'enfant adopté par adoption simple, sauf s'il s'agit de l'enfant issu du 1<Exposant>er</Exposant> mariage de l'époux ou épouse.</Paragraphe>
									
										<Paragraphe>
<MiseEnEvidence>Barème</MiseEnEvidence> :</Paragraphe>
									
				<Tableau>
<Titre>Tarifs des droits de donation en ligne directe</Titre>
<Colonne largeur="41" type="header"/>
<Colonne largeur="40" type="normal"/>
<Rangée type="header">
						<Cellule>
							<Paragraphe>Part taxable après abattement</Paragraphe>
						</Cellule>
						<Cellule>
							<Paragraphe>Barème d'imposition</Paragraphe>
						</Cellule>
					</Rangée>
<Rangée type="normal">
						<Cellule>
							<Paragraphe>Moins de <Valeur>8 072 €</Valeur>
</Paragraphe>
						</Cellule>
						<Cellule>
							<Paragraphe>5%</Paragraphe>
						</Cellule>
					</Rangée>
<Rangée type="normal">
						<Cellule>
							<Paragraphe>Entre <Valeur>8 072 €</Valeur> et <Valeur>12 109 €</Valeur>
</Paragraphe>
						</Cellule>
						<Cellule>
							<Paragraphe>10%</Paragraphe>
						</Cellule>
					</Rangée>
<Rangée type="normal">
						<Cellule>
							<Paragraphe>Entre <Valeur>12 109 €</Valeur> et <Valeur>15 932 €</Valeur>
</Paragraphe>
						</Cellule>
						<Cellule>
							<Paragraphe>15%</Paragraphe>
						</Cellule>
					</Rangée>
<Rangée type="normal">
						<Cellule>
							<Paragraphe>Entre <Valeur>15 932 €</Valeur> et <Valeur>552 324 €</Valeur>
</Paragraphe>
						</Cellule>
						<Cellule>
							<Paragraphe>20%</Paragraphe>
						</Cellule>
					</Rangée>
<Rangée type="normal">
						<Cellule>
							<Paragraphe>Entre <Valeur>552 324 €</Valeur> et <Valeur>902 838 €</Valeur>
</Paragraphe>
						</Cellule>
						<Cellule>
							<Paragraphe>30%</Paragraphe>
						</Cellule>
					</Rangée>
<Rangée type="normal">
						<Cellule>
							<Paragraphe>Entre <Valeur>902 838 €</Valeur> et <Valeur>1 805 677 €</Valeur>
</Paragraphe>
						</Cellule>
						<Cellule>
							<Paragraphe>40%</Paragraphe>
						</Cellule>
					</Rangée>
<Rangée type="normal">
						<Cellule>
							<Paragraphe>Supérieure à <Valeur>1 805 677 €</Valeur>
</Paragraphe>
						</Cellule>
						<Cellule>
							<Paragraphe>45%</Paragraphe>
						</Cellule>
					</Rangée>
</Tableau>
			

</Cas>
<Cas>
<Titre>
<Paragraphe>Petit-enfant</Paragraphe>
</Titre>
										<Paragraphe>
<MiseEnEvidence>Abattement</MiseEnEvidence> :</Paragraphe>
									
										<Paragraphe>
<Valeur>31 865 €</Valeur>
</Paragraphe>
									<ASavoir>
<Titre>À savoir</Titre>
										<Paragraphe>certains <LienInterne LienPublication="F10203" type="Fiche d'information" audience="Particuliers">dons familiaux</LienInterne> sont exonérés de  droits de mutation dans la limite de <Valeur>31 865 €</Valeur>.</Paragraphe>
									</ASavoir>
										<Paragraphe>
<MiseEnEvidence>Barème</MiseEnEvidence> :</Paragraphe>
									
				<Tableau>
<Titre>Tarifs des droits de donation en ligne directe</Titre>
<Colonne largeur="41" type="header"/>
<Colonne largeur="40" type="normal"/>
<Rangée type="header">
						<Cellule>
							<Paragraphe>Part taxable après abattement</Paragraphe>
						</Cellule>
						<Cellule>
							<Paragraphe>Barème d'imposition</Paragraphe>
						</Cellule>
					</Rangée>
<Rangée type="normal">
						<Cellule>
							<Paragraphe>Moins de <Valeur>8 072 €</Valeur>
</Paragraphe>
						</Cellule>
						<Cellule>
							<Paragraphe>5%</Paragraphe>
						</Cellule>
					</Rangée>
<Rangée type="normal">
						<Cellule>
							<Paragraphe>Entre <Valeur>8 072 €</Valeur> et <Valeur>12 109 €</Valeur>
</Paragraphe>
						</Cellule>
						<Cellule>
							<Paragraphe>10%</Paragraphe>
						</Cellule>
					</Rangée>
<Rangée type="normal">
						<Cellule>
							<Paragraphe>Entre <Valeur>12 109 €</Valeur> et <Valeur>15 932 €</Valeur>
</Paragraphe>
						</Cellule>
						<Cellule>
							<Paragraphe>15%</Paragraphe>
						</Cellule>
					</Rangée>
<Rangée type="normal">
						<Cellule>
							<Paragraphe>Entre <Valeur>15 932 €</Valeur> et <Valeur>552 324 €</Valeur>
</Paragraphe>
						</Cellule>
						<Cellule>
							<Paragraphe>20%</Paragraphe>
						</Cellule>
					</Rangée>
<Rangée type="normal">
						<Cellule>
							<Paragraphe>Entre <Valeur>552 324 €</Valeur> et <Valeur>902 838 €</Valeur>
</Paragraphe>
						</Cellule>
						<Cellule>
							<Paragraphe>30%</Paragraphe>
						</Cellule>
					</Rangée>
<Rangée type="normal">
						<Cellule>
							<Paragraphe>Entre <Valeur>902 838 €</Valeur> et <Valeur>1 805 677 €</Valeur>
</Paragraphe>
						</Cellule>
						<Cellule>
							<Paragraphe>40%</Paragraphe>
						</Cellule>
					</Rangée>
<Rangée type="normal">
						<Cellule>
							<Paragraphe>Supérieure à <Valeur>1 805 677 €</Valeur>
</Paragraphe>
						</Cellule>
						<Cellule>
							<Paragraphe>45%</Paragraphe>
						</Cellule>
					</Rangée>
</Tableau>
			

</Cas>
<Cas>
<Titre>
<Paragraphe>Arrière-petit-enfant</Paragraphe>
</Titre>
										<Paragraphe>
<MiseEnEvidence>Abattement</MiseEnEvidence> :</Paragraphe>
									
										<Paragraphe>
<Valeur>5 310 €</Valeur>
</Paragraphe>
									
										<Paragraphe>
<MiseEnEvidence>Barème</MiseEnEvidence> :</Paragraphe>
									
				<Tableau>
<Titre>Tarifs des droits de donation en ligne directe</Titre>
<Colonne largeur="41" type="header"/>
<Colonne largeur="40" type="normal"/>
<Rangée type="header">
						<Cellule>
							<Paragraphe>Part taxable après abattement</Paragraphe>
						</Cellule>
						<Cellule>
							<Paragraphe>Barème d'imposition</Paragraphe>
						</Cellule>
					</Rangée>
<Rangée type="normal">
						<Cellule>
							<Paragraphe>Moins de <Valeur>8 072 €</Valeur>
</Paragraphe>
						</Cellule>
						<Cellule>
							<Paragraphe>5%</Paragraphe>
						</Cellule>
					</Rangée>
<Rangée type="normal">
						<Cellule>
							<Paragraphe>Entre <Valeur>8 072 €</Valeur> et <Valeur>12 109 €</Valeur>
</Paragraphe>
						</Cellule>
						<Cellule>
							<Paragraphe>10%</Paragraphe>
						</Cellule>
					</Rangée>
<Rangée type="normal">
						<Cellule>
							<Paragraphe>Entre <Valeur>12 109 €</Valeur> et <Valeur>15 932 €</Valeur>
</Paragraphe>
						</Cellule>
						<Cellule>
							<Paragraphe>15%</Paragraphe>
						</Cellule>
					</Rangée>
<Rangée type="normal">
						<Cellule>
							<Paragraphe>Entre <Valeur>15 932 €</Valeur> et <Valeur>552 324 €</Valeur>
</Paragraphe>
						</Cellule>
						<Cellule>
							<Paragraphe>20%</Paragraphe>
						</Cellule>
					</Rangée>
<Rangée type="normal">
						<Cellule>
							<Paragraphe>Entre <Valeur>552 324 €</Valeur> et <Valeur>902 838 €</Valeur>
</Paragraphe>
						</Cellule>
						<Cellule>
							<Paragraphe>30%</Paragraphe>
						</Cellule>
					</Rangée>
<Rangée type="normal">
						<Cellule>
							<Paragraphe>Entre <Valeur>902 838 €</Valeur> et <Valeur>1 805 677 €</Valeur>
</Paragraphe>
						</Cellule>
						<Cellule>
							<Paragraphe>40%</Paragraphe>
						</Cellule>
					</Rangée>
<Rangée type="normal">
						<Cellule>
							<Paragraphe>Supérieure à <Valeur>1 805 677 €</Valeur>
</Paragraphe>
						</Cellule>
						<Cellule>
							<Paragraphe>45%</Paragraphe>
						</Cellule>
					</Rangée>
</Tableau>
			

</Cas>
<Cas>
<Titre>
<Paragraphe>Frère ou sœur</Paragraphe>
</Titre>
										<Paragraphe>
<MiseEnEvidence>Abattement</MiseEnEvidence> :</Paragraphe>
									
										<Paragraphe>
<Valeur>15 932 €</Valeur>
</Paragraphe>
									
										<Paragraphe>
<MiseEnEvidence>Barème</MiseEnEvidence> :</Paragraphe>
									
										<Tableau>
<Titre>Tarifs des droits de donation entre frères et sœurs</Titre>
<Colonne largeur="32" type="header"/>
<Colonne largeur="23" type="normal"/>
<Rangée type="header">
												<Cellule>
													<Paragraphe>Part taxable après abattement</Paragraphe>
												</Cellule>
												<Cellule>
													<Paragraphe>Barème d'imposition</Paragraphe>
												</Cellule>
											</Rangée>
<Rangée type="normal">
												<Cellule>
													<Paragraphe>Inférieure à <Valeur>24 430 €</Valeur>
</Paragraphe>
												</Cellule>
												<Cellule>
													<Paragraphe>
<Valeur>35 %</Valeur>
</Paragraphe>
												</Cellule>
											</Rangée>
<Rangée type="normal">
												<Cellule>
													<Paragraphe>Supérieure à <Valeur>24 430 €</Valeur>
</Paragraphe>
												</Cellule>
												<Cellule>
													<Paragraphe>
<Valeur>45 %</Valeur>
</Paragraphe>
												</Cellule>
											</Rangée>
</Tableau>
									
</Cas>
<Cas>
<Titre>
<Paragraphe>Neveu ou nièce</Paragraphe>
</Titre>
										<Paragraphe>
<MiseEnEvidence>Abattement</MiseEnEvidence> :</Paragraphe>
									
										<Paragraphe>
<Valeur>7 967 €</Valeur>
</Paragraphe>
									
										<Paragraphe>
<MiseEnEvidence>Barème</MiseEnEvidence> :</Paragraphe>
									
										<Paragraphe>
<Valeur>55 %</Valeur>
</Paragraphe>
									
</Cas>
<Cas>
<Titre>
<Paragraphe>Autre situation</Paragraphe>
</Titre>
										<Paragraphe>
<MiseEnEvidence>Abattement</MiseEnEvidence> :</Paragraphe>
									
										<Paragraphe>Aucun</Paragraphe>
									
										<Paragraphe>
<MiseEnEvidence>Barème</MiseEnEvidence> :</Paragraphe>
									
										<Tableau>
<Titre>Tarifs des droits de donation en ligne collatérale et entre non-parents</Titre>
<Colonne largeur="50" type="header"/>
<Colonne largeur="50" type="normal"/>
<Rangée type="header">
												<Cellule>
													<Paragraphe>Situation où les montants sont taxables après abattement</Paragraphe>
												</Cellule>
												<Cellule>
													<Paragraphe>Barème d'imposition</Paragraphe>
												</Cellule>
											</Rangée>
<Rangée type="normal">
												<Cellule>
													<Paragraphe>Donation entre parents jusqu'au 4<Exposant>e</Exposant> degré inclus</Paragraphe>
												</Cellule>
												<Cellule>
													<Paragraphe>
<Valeur>55 %</Valeur>
</Paragraphe>
												</Cellule>
											</Rangée>
<Rangée type="normal">
												<Cellule>
													<Paragraphe>Donation entre parents au-delà du  4<Exposant>e</Exposant> degré ou entre personnes non parentes</Paragraphe>
												</Cellule>
												<Cellule>
													<Paragraphe>
<Valeur>60 %</Valeur>
</Paragraphe>
												</Cellule>
											</Rangée>
</Tableau>
									
</Cas>
</BlocCas>

<ANoter>
<Titre>À noter</Titre>
				<Paragraphe>une personne handicapée a droit à un abattement spécifique de <Valeur>159 325 €</Valeur> qui se cumule avec les autres.</Paragraphe>
			</ANoter>

</Texte><VoirAussi important="non">
<Dossier ID="N31160" audience="Particuliers">
<Titre>Droits de succession et de donation</Titre>
<Theme ID="N19803">
<Titre>Argent</Titre>
</Theme>
</Dossier>
<Dossier ID="N133" audience="Particuliers">
<Titre>Adoption</Titre>
<Theme ID="N19805">
<Titre>Famille</Titre>
</Theme>
</Dossier>
</VoirAussi>
<OuSAdresser ID="R15019" type="Local personnalisable">
<Titre>Service en charge des impôts (trésorerie, service des impôts...)</Titre>
<Complement>Pour obtenir des informations sur les droits à régler</Complement>
<PivotLocal>centre_impots</PivotLocal>
<RessourceWeb URL="https://www.impots.gouv.fr/portail/contacts"/>
<Source ID="R30612">Ministère chargé des finances</Source>
</OuSAdresser>
<OuSAdresser ID="R18478" type="Local personnalisable">
<Titre>Notaire</Titre>
<Complement>Pour obtenir des informations sur la procédure</Complement>
<PivotLocal>notaire</PivotLocal>
<RessourceWeb URL="http://www.notaires.fr/fr/annuaires-notaire"/>
</OuSAdresser>
<OuSAdresser ID="R10918" type="Local personnalisable">
<Titre>Chambre départementale des notaires</Titre>
<Complement>Pour trouver un notaire</Complement>
<PivotLocal>chambre_notaire</PivotLocal>
<RessourceWeb URL="https://www.notaires.fr/fr/annuaire-chambre-notaire"/>
</OuSAdresser>
<Reference type="Texte de référence" URL="http://legifrance.gouv.fr/affichCode.do?idSectionTA=LEGISCTA000006199106&amp;cidTexte=LEGITEXT000006069577" ID="R35056">
<Titre>Code général des impôts : articles 779 à 787 C</Titre>
<Complement>Montants des abattements (article 779), donation antérieure (article 784), tarif applicable en cas d'adoption simple (article 786)</Complement>
</Reference>
<Reference type="Texte de référence" URL="http://legifrance.gouv.fr/affichCode.do?idSectionTA=LEGISCTA000006197326&amp;cidTexte=LEGITEXT000006069577" ID="R35055">
<Titre>Code général des impôts : articles 777 à 778 bis</Titre>
<Complement>Tarifs des droits de donation</Complement>
</Reference>
<Reference type="Texte de référence" URL="http://legifrance.gouv.fr/affichCode.do?idSectionTA=LEGISCTA000006199108&amp;cidTexte=LEGITEXT000006069577" ID="R35602">
<Titre>Code général des impôts : articles 790 à 791 ter</Titre>
<Complement>Abattements pour les donations entre époux (article 790 E), entre partenaires de Pacs (article 790 F), aux petits-enfants (article 790 B), aux arrière-petits-enfants (article 790 D) : plafond d'exonération des dons au profit d'un descendant (article 790 G)</Complement>
</Reference>
<Reference type="Texte de référence" URL="http://bofip.impots.gouv.fr/bofip/3351-PGP.html" ID="R38016">
<Titre>Bofip-Impôts n°BOI-ENR-DMTG-20-30-20-20 relatif aux abattements communs aux donations et aux successions et applicables uniquement aux donations</Titre>
<Source ID="R30612">Ministère chargé des finances</Source>
</Reference>
<Reference type="Texte de référence" URL="http://bofip.impots.gouv.fr/bofip/6839-PGP" ID="R35058">
<Titre>Bofip Impôts n°BOI-ENR-DMTG-10-50-80 relatif aux cas particuliers pour les tarifs des droits de mutation</Titre>
</Reference>
<ServiceEnLigne ID="R47789" URL="https://www.service-public.fr/simulateur/calcul/droits-succession" type="Simulateur">
<Titre>Simulateur de calcul des droits de succession</Titre>
<Source ID="R30608">Direction de l'information légale et administrative (Dila) - Premier ministre</Source>
</ServiceEnLigne>
<Definition ID="R3018">
<Titre>Abattement</Titre>
<Texte>
				<Paragraphe>Réduction forfaitaire ou proportionnelle appliquée sur la base de calcul d'un impôt (revenus, valeur d'un bien, etc.)</Paragraphe>
			</Texte>
</Definition>
<Definition ID="R46107">
<Titre>Donateur</Titre>
<Texte>
				<Paragraphe>Personne qui fait une donation, c'est-à-dire qui transmet gratuitement de son vivant  la propriété d'un bien à une autre personne</Paragraphe>
			</Texte>
</Definition>
<Definition ID="R57306">
<Titre>Exonération fiscale</Titre>
<Texte>
				<Paragraphe>Dispense du paiement d'un impôt</Paragraphe>
			</Texte>
</Definition>
<QuestionReponse ID="F32272" audience="Particuliers">Qu'est-ce que le rapport fiscal dans une succession ?</QuestionReponse>


</Publication>
