<?xml version="1.0" encoding="UTF-8"?><Publication xmlns:dc="http://purl.org/dc/elements/1.1/" xmlns:xsi="http://www.w3.org/2001/XMLSchema-instance" ID="F1492" type="Fiche Question-réponse" xsi:noNamespaceSchemaLocation="../Schemas/3.0/Publication.xsd">
<dc:title>Peut-on toucher un salaire différé si on a travaillé à la ferme de ses parents ?</dc:title>
<dc:creator>Direction de l'information légale et administrative</dc:creator>
<dc:subject>Famille</dc:subject>
<dc:description>Oui, sous certaines conditions liées à votre âge et à la manière dont vous avez travaillé à l'exploitation agricole de vos parents.</dc:description>
<dc:publisher>Direction de l'information légale et administrative</dc:publisher>
<dc:contributor>Direction de l'information légale et administrative (Premier ministre)</dc:contributor>
<dc:date>modified 2019-01-01</dc:date>
<dc:type>Question-réponse</dc:type>
<dc:format>text/xml</dc:format>
<dc:identifier>F1492</dc:identifier>
<dc:source>http://www.legifrance.gouv.fr/affichCode.do?idSectionTA=LEGISCTA000006183012&amp;cidTexte=LEGITEXT000022197698</dc:source>
<dc:language>Fr</dc:language>
<dc:relation>isPartOf N171</dc:relation>
<dc:coverage>France entière</dc:coverage>
<dc:rights>https://www.service-public.fr/a-propos/mentions-legales</dc:rights>
<SurTitre>Question-réponse</SurTitre>
<Audience>Particuliers</Audience>
<Canal>www.service-public.fr</Canal>
<FilDAriane>
<Niveau ID="Particuliers">Accueil particuliers</Niveau>
<Niveau ID="N19805">Famille</Niveau>
<Niveau ID="N171">Règlement d'une succession</Niveau>
<Niveau ID="F1492" type="Fiche Question-réponse">Peut-on toucher un salaire différé si on a travaillé à la ferme de ses parents ?</Niveau>
</FilDAriane>
<Theme ID="N19805">
<Titre>Famille</Titre>
</Theme>
<SousThemePere ID="N20090">Succession</SousThemePere><DossierPere ID="N171">
<Titre>Règlement d'une succession</Titre>
<Fiche ID="F1199">Accepter ou renoncer à la succession (option successorale)</Fiche>
<Fiche ID="F1296">Indivision entre les héritiers</Fiche>
<Fiche ID="F16194">Partage des biens</Fiche>
</DossierPere>

<Texte><Paragraphe>Les <LienIntra LienID="R12574" type="Définition de glossaire">descendants</LienIntra> d'un exploitant agricole qui ont participé à la mise en valeur de l'exploitation familiale sans recevoir de rémunération ont droit à un salaire différé sous certaines conditions. Il s'agit d'un  droit de <LienIntra LienID="R12474" type="Définition de glossaire">créance</LienIntra>.</Paragraphe>
<Paragraphe>Pour bénéficier d'un salaire différé, vous devez remplir les conditions suivantes :</Paragraphe>
<Liste type="puce">
<Item>
<Paragraphe>avoir au moins  18 ans à l'époque de la collaboration,</Paragraphe>
</Item>
<Item>
<Paragraphe>avoir effectivement et directement participé à l'exploitation de votre <LienIntra LienID="R12668" type="Définition de glossaire">ascendant</LienIntra> (vous devez prouver la participation effective),</Paragraphe>
</Item>
<Item>
<Paragraphe>ne pas avoir été associé ni aux bénéfices ni aux pertes ,</Paragraphe>
</Item>
<Item>
<Paragraphe>ne pas avoir reçu de salaire en contrepartie de votre collaboration.</Paragraphe>
</Item>
</Liste>
<Paragraphe>Vous bénéficiez du salaire différé :</Paragraphe>
<Liste type="puce">
<Item>
<Paragraphe>au moment de la succession,</Paragraphe>
</Item>
<Item>
<Paragraphe>ou du vivant de votre parent, en cas de <LienInterne LienPublication="F1266" type="Fiche d'information" audience="Particuliers">donation-partage</LienInterne> par exemple.</Paragraphe>
</Item>
</Liste>
<Paragraphe>Le salaire différé doit être revendiqué avant tout acte de partage.</Paragraphe>
<Paragraphe>Vous avez droit, pour chaque année de participation à un montant égal à la formule suivante : (Smic horaire brut x 2080) x 2/3.</Paragraphe>
<Paragraphe>Le montant horaire du Smic à retenir est celui en vigueur :</Paragraphe>
<Liste type="puce">
<Item>
<Paragraphe>au jour du partage suite au décès de l'exploitant,</Paragraphe>
</Item>
</Liste>
<Liste type="puce">
<Item>
<Paragraphe>ou à la date du règlement de la créance s'il intervient du vivant de l'exploitant.</Paragraphe>
</Item>
</Liste>
<Paragraphe>Le salaire différé est plafonné au montant de <LienIntra LienID="R16422" type="Définition de glossaire">l'actif de la succession</LienIntra>. Ainsi, les autres <LienIntra LienID="R12469" type="Définition de glossaire">héritiers</LienIntra> n'ont rien à verser sur leurs fonds propres.</Paragraphe>
<Paragraphe>La période maximale qui peut être payée est de 10 ans.</Paragraphe>
<Attention>
<Titre>Attention</Titre><Paragraphe>le délai de <LienIntra LienID="R16087" type="Définition de glossaire">prescription</LienIntra> pour l'action en paiement du salaire est de 5 ans. Vous devez  réclamer le salaire différé dans les 5 ans suivant le décès de votre ascendant, même si son conjoint est toujours en vie et dispose de l'usufruit.</Paragraphe>
</Attention><Paragraphe>Le régime fiscal du salaire différé varie selon la période de participation à l'exploitation agricole.</Paragraphe>
<BlocCas affichage="radio"><Cas>
<Titre>
<Paragraphe>Vous y avez participé avant le 30 juin 2014</Paragraphe>
</Titre><Paragraphe>Le salaire différé est exonéré de l'impôt sur le revenu (quelle que soit la date de paiement effectif du salaire).</Paragraphe>

</Cas>
<Cas>
<Titre>
<Paragraphe>Vous y avez participé en partie ou entièrement après le 30 juin 2014</Paragraphe>
</Titre><Paragraphe>Le salaire différé est imposable par l'impôt sur le revenu.</Paragraphe>

</Cas>
</BlocCas>

</Texte><VoirAussi important="non">
<Dossier ID="N171" audience="Particuliers">
<Titre>Règlement d'une succession</Titre>
<Theme ID="N19805">
<Titre>Famille</Titre>
</Theme>
</Dossier>
</VoirAussi>
<Reference type="Texte de référence" URL="http://www.legifrance.gouv.fr/affichCode.do?idSectionTA=LEGISCTA000006183012&amp;cidTexte=LEGITEXT000022197698" ID="R15446">
<Titre>Code rural et de la pêche maritime : articles L321-13 à L321-21-1</Titre>
<Complement>Contrat de travail à salaire différé</Complement>
</Reference>
<PourEnSavoirPlus type="Information pratique" ID="R38156" URL="https://www.insee.fr/fr/statistiques/1375188" audience="Particuliers">
<Titre>Évolution du Smic depuis 2001</Titre>
<Source ID="R30605">Institut national de la statistique et des études économiques (Insee)</Source>
</PourEnSavoirPlus>
<Definition ID="R16422">
<Titre>Actif successoral</Titre>
<Texte>
				<Paragraphe>Valeur totale des biens de la succession (actif brut) dont on retranche les dettes du défunt pour obtenir l'actif net</Paragraphe>
			</Texte>
</Definition>
<Definition ID="R12469">
<Titre>Héritier</Titre>
<Texte>
				<Paragraphe>Personne désignée par la loi ou par un testament pour recueillir la succession d'une personne décédée</Paragraphe>
			</Texte>
</Definition>
<Definition ID="R16087">
<Titre>Prescription</Titre>
<Texte>
				<Paragraphe>Expiration d'un droit après un certain délai</Paragraphe>
			</Texte>
</Definition>
<Definition ID="R12668">
<Titre>Ascendant</Titre>
<Texte>
				<Paragraphe>Personne dont on est issu : parents, grands-parents, arrière-grands-parents,... </Paragraphe>
			</Texte>
</Definition>
<Definition ID="R12474">
<Titre>Créance</Titre>
<Texte>
				<Paragraphe>Droit permettant à une personne d'exiger quelque chose d'une autre personne, en général le paiement d'une somme d'argent. Terme souvent utilisé pour désigner la somme due.</Paragraphe>
			</Texte>
</Definition>
<Definition ID="R12574">
<Titre>Descendant</Titre>
<Texte>
				<Paragraphe>Enfant, petit-enfant, arrière petit-enfant</Paragraphe>
			</Texte>
</Definition>
</Publication>
