<?xml version="1.0" encoding="UTF-8"?><Publication xmlns:dc="http://purl.org/dc/elements/1.1/" xmlns:xsi="http://www.w3.org/2001/XMLSchema-instance" ID="F15136" type="Fiche d'information" xsi:noNamespaceSchemaLocation="../Schemas/3.0/Publication.xsd">
<dc:title>Sécurité routière : règles pour conduire en Europe</dc:title>
<dc:creator>Direction de l'information légale et administrative</dc:creator>
<dc:subject>Transports</dc:subject>
<dc:description>Au sein de l'Union européenne (UE), chaque pays dispose de son propre code de la route. Vous devez respecter les règles du pays dans lequel vous conduisez : sens de la circulation, limitations de vitesse, limite d'alcoolémie au volant, équipement obligatoire dans le véhicule...</dc:description>
<dc:publisher>Direction de l'information légale et administrative</dc:publisher>
<dc:contributor>Direction de l'information légale et administrative (Premier ministre)</dc:contributor>
<dc:date>modified 2020-08-17</dc:date>
<dc:type>Fiche pratique</dc:type>
<dc:format>text/xml</dc:format>
<dc:identifier>F15136</dc:identifier>
<dc:source>https://eur-lex.europa.eu/legal-content/FR/TXT/?uri=CELEX:32016D1945, http://eur-lex.europa.eu/legal-content/FR/TXT/PDF/?uri=CELEX:32015L0413&amp;from=FR, http://eur-lex.europa.eu/legal-content/FR/TXT/?uri=celex:32006L0126</dc:source>
<dc:language>Fr</dc:language>
<dc:relation>isPartOf N31345</dc:relation>
<dc:coverage>France entière</dc:coverage>
<dc:rights>https://www.service-public.fr/a-propos/mentions-legales</dc:rights>
<SurTitre>Fiche pratique</SurTitre>
<Audience>Particuliers</Audience>
<Canal>www.service-public.fr</Canal>
<FilDAriane>
<Niveau ID="Particuliers">Accueil particuliers</Niveau>
<Niveau ID="N19812">Transports</Niveau>
<Niveau ID="N31345">Conduire à l'étranger</Niveau>
<Niveau ID="F15136" type="Fiche d'information">Sécurité routière : règles pour conduire en Europe</Niveau>
</FilDAriane>
<Theme ID="N19812">
<Titre>Transports</Titre>
</Theme><DossierPere ID="N31345">
<Titre>Conduire à l'étranger</Titre>
<Fiche ID="F420">Conduire en Europe avec un permis français</Fiche>
<Fiche ID="F11534">Permis international : conduire hors Europe avec le permis français</Fiche>
<Fiche ID="F15136">Sécurité routière : règles pour conduire en Europe</Fiche>
<Fiche ID="F15097">Infraction routière en Europe</Fiche>
</DossierPere>

<Introduction>
<Texte><Paragraphe>Au sein de <LienIntra LienID="R41270" type="Définition de glossaire">l'Union européenne (UE)</LienIntra>, chaque pays dispose de son propre code de la route. Vous devez  respecter les règles du pays dans lequel vous conduisez : sens de la circulation, limitations de vitesse, limite d'alcoolémie au volant, équipement obligatoire dans le véhicule...</Paragraphe>
</Texte>
</Introduction>
<Texte><Chapitre>
<Titre>
<Paragraphe>Âge de conduite</Paragraphe>
</Titre><Paragraphe>L'âge minimal pour conduire une voiture est  de 18 ans dans la plupart des <LienIntra LienID="R41270" type="Définition de glossaire">pays européens</LienIntra>.</Paragraphe>
<Paragraphe>Consultez le site diplomatie.gouv.fr pour avoir des <LienExterne URL="https://www.diplomatie.gouv.fr/fr/conseils-aux-voyageurs/conseils-par-pays-destination/">informations par pays</LienExterne>

 (rubrique Transports).</Paragraphe>
<Attention>
<Titre>Attention</Titre><Paragraphe>la <LienInterne LienPublication="F31901" type="Fiche Question-réponse" audience="Particuliers">conduite accompagnée</LienInterne> n'est possible que sur les routes françaises. La personne qui suit ce mode d'apprentissage ne peut donc pas conduire à l'étranger.</Paragraphe>
</Attention>
</Chapitre>
<Chapitre>
<Titre>
<Paragraphe>Sens de la circulation et signalisation routière</Paragraphe>
</Titre><SousChapitre>
<Titre>
<Paragraphe>Sens de la circulation</Paragraphe>
</Titre><Paragraphe>La conduite se fait à droite dans la plupart des <LienIntra LienID="R41270" type="Définition de glossaire">pays européens</LienIntra>.</Paragraphe>
<Paragraphe>Toutefois, la conduite  se fait à gauche à Chypre, en Irlande, à Malte et au Royaume-Uni.</Paragraphe>
<Paragraphe>Consultez le site diplomatie.gouv.fr pour avoir des <LienExterne URL="https://www.diplomatie.gouv.fr/fr/conseils-aux-voyageurs/conseils-par-pays-destination/">informations par pays</LienExterne>

 (rubrique Transports).</Paragraphe>

</SousChapitre>
<SousChapitre>
<Titre>
<Paragraphe>Signalisation routière</Paragraphe>
</Titre><Paragraphe>La plupart des pays européens utilisent 8 types de panneaux.</Paragraphe>
<Paragraphe>Ils sont quasiment identiques à part le design des pictogrammes et l'utilisation de certaines couleurs.</Paragraphe>
<Paragraphe>Il s'agit des signaux suivants :</Paragraphe>
<Liste type="puce">
<Item>
<Paragraphe>Avertissement de danger</Paragraphe>
</Item>
<Item>
<Paragraphe>Priorité</Paragraphe>
</Item>
<Item>
<Paragraphe>Interdiction</Paragraphe>
</Item>
<Item>
<Paragraphe>Obligation</Paragraphe>
</Item>
<Item>
<Paragraphe>Prescriptions particulières</Paragraphe>
</Item>
<Item>
<Paragraphe>Information, d'installation ou de service</Paragraphe>
</Item>
<Item>
<Paragraphe>Direction, de jalonnement ou d'indication</Paragraphe>
</Item>
</Liste>

</SousChapitre>
</Chapitre>
<Chapitre>
<Titre>
<Paragraphe>Limitations de vitesse</Paragraphe>
</Titre><Paragraphe>Les limitations de vitesse varient suivant les pays et le type de voies.</Paragraphe>
<Paragraphe>Elle va de  80 à 140 km/h sur autoroute pour une voiture.</Paragraphe><ServiceEnLigne ID="R53221" URL="http://ec.europa.eu/transport/road_safety/going_abroad/index_fr.htm" type="Téléservice">
<Titre>Consultez les règles par pays pour conduire en Europe (UE)</Titre>
<Source ID="R30669">Commission européenne</Source>
<Introduction>
<Texte><Paragraphe>Sélectionnez un pays sur la carte pour connaître les règles applicables à la conduite en voiture.</Paragraphe>
</Texte>
</Introduction>
</ServiceEnLigne>


</Chapitre>
<Chapitre>
<Titre>
<Paragraphe>Alcool, drogues et médicaments au volant</Paragraphe>
</Titre><SousChapitre>
<Titre>
<Paragraphe>Seuil d'alcoolémie</Paragraphe>
</Titre><Paragraphe>Le taux maximal d'alcool autorisé  dans le sang  varie selon les pays.</Paragraphe>
<Paragraphe>Dans certains pays, un taux inférieur au taux maximal autorisé ou un taux nul s'applique selon le profil du conducteur. Par exemple, nouveau conducteur, conducteur professionnel.</Paragraphe>
<Paragraphe>Certains pays n'autorisent aucune présence d'alcool dans le sang. Par exemple, la Roumanie.</Paragraphe><ServiceEnLigne ID="R53221" URL="http://ec.europa.eu/transport/road_safety/going_abroad/index_fr.htm" type="Téléservice">
<Titre>Consultez les règles par pays pour conduire en Europe (UE)</Titre>
<Source ID="R30669">Commission européenne</Source>
<Introduction>
<Texte><Paragraphe>Sélectionnez un pays sur la carte pour connaître les règles applicables à la conduite en voiture.</Paragraphe>
</Texte>
</Introduction>
</ServiceEnLigne>


</SousChapitre>
<SousChapitre>
<Titre>
<Paragraphe>Drogues et médicaments</Paragraphe>
</Titre><Paragraphe>La drogue au volant est interdite en <LienIntra LienID="R41270" type="Définition de glossaire">Europe</LienIntra>.</Paragraphe>
<Paragraphe>Selon les États, l'interdiction est globale ou concerne une liste de drogues.</Paragraphe>
<Paragraphe>Certains États pénalisent aussi  l'usage de médicaments qui peuvent altérer la capacité à conduire.</Paragraphe><ServiceEnLigne ID="R53221" URL="http://ec.europa.eu/transport/road_safety/going_abroad/index_fr.htm" type="Téléservice">
<Titre>Consultez les règles par pays pour conduire en Europe (UE)</Titre>
<Source ID="R30669">Commission européenne</Source>
<Introduction>
<Texte><Paragraphe>Sélectionnez un pays sur la carte pour connaître les règles applicables à la conduite en voiture.</Paragraphe>
</Texte>
</Introduction>
</ServiceEnLigne>


</SousChapitre>
</Chapitre>
<Chapitre>
<Titre>
<Paragraphe>Éclairage de jour</Paragraphe>
</Titre><Paragraphe>Selon les pays, l'éclairage de jour est obligatoire, recommandé ou facultatif.</Paragraphe><ServiceEnLigne ID="R53221" URL="http://ec.europa.eu/transport/road_safety/going_abroad/index_fr.htm" type="Téléservice">
<Titre>Consultez les règles par pays pour conduire en Europe (UE)</Titre>
<Source ID="R30669">Commission européenne</Source>
<Introduction>
<Texte><Paragraphe>Sélectionnez un pays sur la carte pour connaître les règles applicables à la conduite en voiture.</Paragraphe>
</Texte>
</Introduction>
</ServiceEnLigne>


</Chapitre>
<Chapitre>
<Titre>
<Paragraphe>Équipements et accessoires</Paragraphe>
</Titre><SousChapitre>
<Titre>
<Paragraphe>Ceinture de sécurité et casque</Paragraphe>
</Titre><Paragraphe>Le port de la ceinture de sécurité et du casque sont  obligatoires en <LienIntra LienID="R41270" type="Définition de glossaire">Europe</LienIntra>.</Paragraphe>
<Liste type="puce">
<Item>
<Paragraphe>Ceinture de sécurité : à l'avant et à l'arrière du véhicule</Paragraphe>
</Item>
<Item>
<Paragraphe>Casque : pour le conducteur de la moto et pour le passager</Paragraphe>
</Item>
</Liste>
<ASavoir>
<Titre>À savoir</Titre><Paragraphe>le port de la ceinture est aussi obligatoire pour les passagers d'autocars et de minibus.</Paragraphe>
</ASavoir>
</SousChapitre>
<SousChapitre>
<Titre>
<Paragraphe>Siège pour enfant</Paragraphe>
</Titre><Paragraphe>L'utilisation de <LienInterne LienPublication="F628" type="Fiche Question-réponse" audience="Particuliers">siège pour enfant (ou d'un système de retenue)</LienInterne> est obligatoire en <LienIntra LienID="R41270" type="Définition de glossaire">Europe</LienIntra>.</Paragraphe>

</SousChapitre>
<SousChapitre>
<Titre>
<Paragraphe>Équipements ou accessoires obligatoires à bord du véhicule</Paragraphe>
</Titre><Paragraphe>La plupart des pays européens exigent d'avoir des  équipements ou accessoires à bord du véhicule.</Paragraphe>
<ANoter>
<Titre>Exemple</Titre><Paragraphe>Gilet de sécurité fluorescent, triangle de signalisation de danger, trousse de secours, extincteur d'incendie, pneus d'hiver.</Paragraphe>
</ANoter><ServiceEnLigne ID="R53221" URL="http://ec.europa.eu/transport/road_safety/going_abroad/index_fr.htm" type="Téléservice">
<Titre>Consultez les règles par pays pour conduire en Europe (UE)</Titre>
<Source ID="R30669">Commission européenne</Source>
<Introduction>
<Texte><Paragraphe>Sélectionnez un pays sur la carte pour connaître les règles applicables à la conduite en voiture.</Paragraphe>
</Texte>
</Introduction>
</ServiceEnLigne>


</SousChapitre>
</Chapitre>
<Chapitre>
<Titre>
<Paragraphe>Téléphone portable et kit mains-libres</Paragraphe>
</Titre><Paragraphe>Tenir en main un  téléphone portable au volant est interdit en <LienIntra LienID="R41270" type="Définition de glossaire">Europe</LienIntra>.</Paragraphe>
<Paragraphe>Toutefois, la majorité des pays autorise  l'utilisation du téléphone portable avec un  kit mains-libres.</Paragraphe><ServiceEnLigne ID="R53221" URL="http://ec.europa.eu/transport/road_safety/going_abroad/index_fr.htm" type="Téléservice">
<Titre>Consultez les règles par pays pour conduire en Europe (UE)</Titre>
<Source ID="R30669">Commission européenne</Source>
<Introduction>
<Texte><Paragraphe>Sélectionnez un pays sur la carte pour connaître les règles applicables à la conduite en voiture.</Paragraphe>
</Texte>
</Introduction>
</ServiceEnLigne>


</Chapitre>
<Chapitre>
<Titre>
<Paragraphe>Permis à points</Paragraphe>
</Titre><Paragraphe>La majorité des <LienIntra LienID="R41270" type="Définition de glossaire">pays européens</LienIntra> utilisent le système du permis à points.</Paragraphe>
<Paragraphe>Il consiste à retirer ou à ajouter un ou ou plusieurs points en cas <LienInterne LienPublication="F15097" type="Fiche d'information" audience="Particuliers">d'infraction routière</LienInterne>.</Paragraphe>

</Chapitre>
</Texte><VoirAussi important="non">
<Dossier ID="N18918" audience="Particuliers">
<Titre>Règles de sécurité routière et infractions routières en France</Titre>
<Theme ID="N19812">
<Titre>Transports</Titre>
</Theme>
</Dossier>
</VoirAussi>
<VoirAussi important="oui">
<Fiche ID="F15097" audience="Particuliers">
<Titre>Infraction routière en Europe</Titre>
<Theme ID="N19812">
<Titre>Transports</Titre>
</Theme>
</Fiche>
<Fiche ID="F420" audience="Particuliers">
<Titre>Conduire en Europe avec un permis français</Titre>
<Theme ID="N19812">
<Titre>Transports</Titre>
</Theme>
</Fiche>
</VoirAussi>
<OuSAdresser ID="R2884" type="Local personnalisable">
<Titre>Ambassade ou consulat étranger en France</Titre>
<PivotLocal>ambassade_etranger_france</PivotLocal>
<RessourceWeb URL="http://www.diplomatie.gouv.fr/fr/le-ministere-et-son-reseau/annuaires-et-adresses-du-ministere/ambassades-et-consulats-etrangers/"/>
<Source ID="R30604">Ministère chargé de l'Europe et des affaires étrangères</Source>
</OuSAdresser>
<OuSAdresser ID="R100" type="Centre de contact">
<Titre>Europe Direct</Titre><Texte>
						
								<Paragraphe>
			Informations générales sur l'Union européenne (UE) et sur les organismes à contacter.</Paragraphe>
								<Paragraphe>Réponses dans toutes les langues officielles de l'UE.</Paragraphe>
							
						<Chapitre>
<Titre>
<Paragraphe>Par téléphone</Paragraphe>
</Titre>
								<Paragraphe>
<MiseEnEvidence>00 800 6 7 8 9 10 11</MiseEnEvidence> depuis n'importe quel pays de l'UE.</Paragraphe>
								<Paragraphe>Ouvert les jours ouvrables de 9h à 18h.</Paragraphe>
								<Paragraphe>Appel gratuit.</Paragraphe>
							</Chapitre>
						<Chapitre>
<Titre>
<Paragraphe>Par messagerie</Paragraphe>
</Titre>
								<Paragraphe>
			
      Accès au <LienExterne URL="http://europa.eu/europedirect/write_to_us/index_fr.htm">formulaire de contact</LienExterne>
 </Paragraphe>
							</Chapitre>
					</Texte>
</OuSAdresser>
<Reference type="Texte de référence" URL="https://eur-lex.europa.eu/legal-content/FR/TXT/?uri=CELEX:32016D1945" ID="R53223">
<Titre>Directive du 14 octobre 2016 concernant les équivalences entre les catégories de permis de conduire</Titre>
</Reference>
<Reference type="Texte de référence" URL="http://eur-lex.europa.eu/legal-content/FR/TXT/PDF/?uri=CELEX:32015L0413&amp;from=FR" ID="R34245" format="application/pdf" poids="516.8 KB">
<Titre>Directive du 11 mars 2015 facilitant l'échange transfrontalier d'informations concernant les infractions en matière de sécurité routière</Titre>
</Reference>
<Reference type="Texte de référence" URL="http://eur-lex.europa.eu/legal-content/FR/TXT/?uri=celex:32006L0126" ID="R16234">
<Titre>Directive 2006/126 du 20 décembre 2006 relative au permis de conduire</Titre>
</Reference>
<ServiceEnLigne ID="R53221" URL="http://ec.europa.eu/transport/road_safety/going_abroad/index_fr.htm" type="Téléservice">
<Titre>Consultez les règles par pays pour conduire en Europe (UE)</Titre>
<Source ID="R30669">Commission européenne</Source>
</ServiceEnLigne>
<PourEnSavoirPlus type="Information pratique" ID="R1779" URL="http://www.europe-consommateurs.eu/fr/quels-sont-vos-droits/vehicules/conduire-en-europe/" audience="Particuliers">
<Titre>Conduire en Europe</Titre>
<Source ID="R30741">Centre européen des consommateurs France</Source>
</PourEnSavoirPlus>
<PourEnSavoirPlus type="Information pratique" ID="R15140" URL="http://erscharter.eu/node_en" audience="Particuliers">
<Titre>Charte européenne de la sécurité routière</Titre>
<Source ID="R30669">Commission européenne</Source>
</PourEnSavoirPlus>
<PourEnSavoirPlus type="Information pratique" ID="R2885" URL="https://www.diplomatie.gouv.fr/fr/conseils-aux-voyageurs/conseils-par-pays-destination/" audience="Particuliers">
<Titre>Conseils aux voyageurs</Titre>
<Source ID="R30604">Ministère chargé de l'Europe et des affaires étrangères</Source>
</PourEnSavoirPlus>
<PourEnSavoirPlus type="Information pratique" ID="R53630" URL="https://brexit.gouv.fr/sites/brexit/accueil/le-brexit-cest-quoi.html" audience="Particuliers">
<Titre>Le Brexit, où en est-on ?</Titre>
<Source ID="R30758">Premier ministre</Source>
</PourEnSavoirPlus>
<Definition ID="R41270">
<Titre>Union européenne (UE)</Titre>
<Texte>
				<Paragraphe>Allemagne, Autriche, Belgique, Bulgarie, Chypre, Croatie, Danemark, Espagne, Estonie, Finlande, France, Grèce, Hongrie, Irlande, Italie, Lituanie, Lettonie, Luxembourg, Malte, Pays-Bas, Pologne, Portugal, République tchèque, Roumanie, Slovaquie, Slovénie, Suède. Attention : le Royaume-Uni a quitté  l'UE, mais le droit européen s'applique encore aux britanniques jusqu'au 31 décembre 2020.</Paragraphe>
			</Texte>
</Definition>
<QuestionReponse ID="F2694" audience="Particuliers">Est-on couvert par l'assurance auto lors d'un voyage à l'étranger ?</QuestionReponse>
<QuestionReponse ID="F628" audience="Particuliers">Ceinture de sécurité, siège auto enfant ou bébé : quelles sont les règles ?</QuestionReponse>
<QuestionReponse ID="F34808" audience="Particuliers">Faut-il un permis international pour conduire à l'étranger ?</QuestionReponse>
<QuestionReponse ID="F18594" audience="Particuliers">Voyage à l'étranger : quels documents faut-il pour conduire ?</QuestionReponse>
</Publication>
