<?xml version="1.0" encoding="UTF-8"?><Publication xmlns:dc="http://purl.org/dc/elements/1.1/" xmlns:xsi="http://www.w3.org/2001/XMLSchema-instance" ID="F1525" type="Fiche Question-réponse" xsi:noNamespaceSchemaLocation="../Schemas/3.0/Publication.xsd">
<dc:title>Que faire en présence d'un terrain non entretenu (en friche ou avec gravats) ?</dc:title>
<dc:creator>Direction de l'information légale et administrative</dc:creator>
<dc:subject>Logement</dc:subject>
<dc:description>Tout propriétaire est obligé d'entretenir son terrain. Si le terrain voisin du vôtre n'est pas entretenu, des recours existent. Les démarches à entreprendre diffèrent selon que le propriétaire de ce terrain est ou non connu.</dc:description>
<dc:publisher>Direction de l'information légale et administrative</dc:publisher>
<dc:contributor>Direction de l'information légale et administrative (Premier ministre)</dc:contributor>
<dc:date>modified 2019-01-31</dc:date>
<dc:type>Question-réponse</dc:type>
<dc:format>text/xml</dc:format>
<dc:identifier>F1525</dc:identifier>
<dc:source>https://www.legifrance.gouv.fr/affichCodeArticle.do?cidTexte=LEGITEXT000006070633&amp;idArticle=LEGIARTI000006390212, http://www.senat.fr/questions/base/2015/qSEQ151219303.html, http://www.legifrance.gouv.fr/affichCode.do?idSectionTA=LEGISCTA000006164567&amp;cidTexte=LEGITEXT000006070633</dc:source>
<dc:language>Fr</dc:language>
<dc:relation>isPartOf N356</dc:relation>
<dc:coverage>France entière</dc:coverage>
<dc:rights>https://www.service-public.fr/a-propos/mentions-legales</dc:rights>
<SurTitre>Question-réponse</SurTitre>
<Audience>Particuliers</Audience>
<Canal>www.service-public.fr</Canal>
<FilDAriane>
<Niveau ID="Particuliers">Accueil particuliers</Niveau>
<Niveau ID="N19808">Logement</Niveau>
<Niveau ID="N356">Troubles de voisinage</Niveau>
<Niveau ID="F1525" type="Fiche Question-réponse">Que faire en présence d'un terrain non entretenu (en friche ou avec gravats) ?</Niveau>
</FilDAriane>
<Theme ID="N19808">
<Titre>Logement</Titre>
</Theme>
<SousThemePere ID="N31029">Vie pratique dans un logement</SousThemePere><DossierPere ID="N356">
<Titre>Troubles de voisinage</Titre>
<Fiche ID="F612">Bruits de voisinage liés au comportement</Fiche>
<Fiche ID="F31117">Bruits d'activités (chantier, discothèque, ...)</Fiche>
<Fiche ID="F19299">Nuisances olfactives (odeurs)</Fiche>
</DossierPere>

<Introduction>
<Texte><Paragraphe>Tout propriétaire est obligé d'entretenir son terrain. Si le terrain voisin du vôtre n'est pas entretenu, des recours existent. Les démarches à entreprendre diffèrent selon que le propriétaire de ce terrain est ou non connu.</Paragraphe>
</Texte>
</Introduction>
<ListeSituations affichage="onglet"><Situation>
<Titre>Propriétaire connu</Titre>
<Texte>
<Chapitre><Paragraphe>Si votre terrain est voisin d'un terrain laissé non entretenu  par son propriétaire privé (en friche, encombré de détritus, gravats, déchets de chantiers), vous pouvez subir un préjudice. Exemple de préjudice :  présence de mauvaises herbes ou d'animaux dits <Expression>nuisibles</Expression>.</Paragraphe>
<Paragraphe>Pour y mettre un terme, il convient d'adresser un courrier au propriétaire du terrain en lui demandant de défricher son terrain.</Paragraphe>
<Paragraphe>Vous pouvez également tenter une médiation, en faisant appel à un <LienInterne LienPublication="F1736" type="Fiche d'information" audience="Particuliers">conciliateur de justice</LienInterne>.</Paragraphe>
<Paragraphe>En cas de refus, il est possible :</Paragraphe>
<Liste type="puce">
<Item>
<Paragraphe>de saisir le tribunal, si un préjudice est causé à votre terrain,</Paragraphe>
</Item>
<Item>
<Paragraphe>ou de saisir le  maire, si le terrain non entretenu est situé dans une zone d'habitation ou à moins de 50 mètres d'une habitation. Le maire peut adresser au propriétaire  une mise en demeure de remettre en  état le terrain puis, si nécessaire, faire  réaliser d'office ces travaux aux frais du propriétaire.</Paragraphe>
</Item>
</Liste>
<OuSAdresser ID="R30" type="Local">
<Titre>Tribunal judiciaire ou de proximité</Titre>
<RessourceWeb URL="https://www.justice.fr/recherche/annuaires"/>
<Source ID="R30663">Ministère chargé de la justice</Source>
</OuSAdresser>
<OuSAdresser ID="R1" type="Local personnalisé sur SP">
<Titre>Mairie</Titre>
<PivotLocal>mairie</PivotLocal>
<RessourceWeb URL="https://lannuaire.service-public.fr/"/>
</OuSAdresser>

</Chapitre>
</Texte>
</Situation>
<Situation>
<Titre>Propriétaire inconnu</Titre>
<Texte>
<Chapitre><Paragraphe>Lorsque le propriétaire du terrain litigieux n'est pas identifié, le service communal d'hygiène et de santé de la mairie doit être saisi. Si le propriétaire n'est pas retrouvé, le maire dresse un procès-verbal d'abandon de terrain et ordonne les travaux nécessaires.</Paragraphe>
<OuSAdresser ID="R1" type="Local personnalisé sur SP">
<Titre>Mairie</Titre>
<PivotLocal>mairie</PivotLocal>
<RessourceWeb URL="https://lannuaire.service-public.fr/"/>
</OuSAdresser>

</Chapitre>
</Texte>
</Situation>
</ListeSituations><VoirAussi important="non">
<Fiche ID="F614" audience="Particuliers">
<Titre>Plantations (haies, arbres, arbustes...)</Titre>
<Theme ID="N19808">
<Titre>Logement</Titre>
</Theme>
</Fiche>
</VoirAussi>
<OuSAdresser ID="R5" type="Local personnalisé sur SP">
<Titre>Agence départementale pour l'information sur le logement (Adil)</Titre>
<Complement>Pour un complément d'information</Complement>
<PivotLocal>adil</PivotLocal>
<RessourceWeb URL="https://www.anil.org/lanil-et-les-adil/votre-adil/"/>
<Source ID="R30676">Agence nationale pour l'information sur le logement (Anil)</Source>
</OuSAdresser>
<OuSAdresser ID="R11621" type="Local personnalisé sur SP">
<Titre>Maison de justice et du droit</Titre>
<Complement>Pour un complément d'information</Complement>
<PivotLocal>mjd</PivotLocal>
<RessourceWeb URL="http://www.annuaires.justice.gouv.fr/lieux-dacces-aux-droits-10111/"/>
<Source ID="R30663">Ministère chargé de la justice</Source>
</OuSAdresser>
<Reference type="Texte de référence" URL="https://www.legifrance.gouv.fr/affichCodeArticle.do?cidTexte=LEGITEXT000006070633&amp;idArticle=LEGIARTI000006390212" ID="R47999">
<Titre>Code général des collectivités territoriales : article L2213-25</Titre>
<Complement>Propriétaire connu</Complement>
</Reference>
<Reference type="Texte de référence" URL="http://www.senat.fr/questions/base/2015/qSEQ151219303.html" ID="R48000">
<Titre>Réponse ministérielle du 2 mars 2017 relative aux terrains non entretenus</Titre>
</Reference>
<Reference type="Texte de référence" URL="http://www.legifrance.gouv.fr/affichCode.do?idSectionTA=LEGISCTA000006164567&amp;cidTexte=LEGITEXT000006070633" ID="R40148">
<Titre>Code général des collectivités territoriales : articles L2243-1 à L2243-4</Titre>
<Complement>Propriétaire inconnu</Complement>
</Reference>
<QuestionReponse ID="F33298" audience="Particuliers">Dans quel cas le débroussaillage est-il obligatoire ?</QuestionReponse>
</Publication>
