<?xml version="1.0" encoding="UTF-8"?><Publication xmlns:dc="http://purl.org/dc/elements/1.1/" xmlns:xsi="http://www.w3.org/2001/XMLSchema-instance" ID="F15690" type="Fiche Question-réponse" xsi:noNamespaceSchemaLocation="../Schemas/3.0/Publication.xsd">
<dc:title>Peut-on encore faire un apprentissage junior à 14 ans ?</dc:title>
<dc:creator>Direction de l'information légale et administrative</dc:creator>
<dc:subject>Famille</dc:subject>
<dc:description>Non, l'apprentissage junior à 14 ans a été supprimé. Il faut avoir au moins 16 ans pour conclure un contrat d'apprentissage.</dc:description>
<dc:publisher>Direction de l'information légale et administrative</dc:publisher>
<dc:contributor>Direction de l'information légale et administrative (Premier ministre)</dc:contributor>
<dc:date>modified 2019-09-26</dc:date>
<dc:type>Question-réponse</dc:type>
<dc:format>text/xml</dc:format>
<dc:identifier>F15690</dc:identifier>
<dc:language>Fr</dc:language>
<dc:relation>isPartOf N175</dc:relation>
<dc:coverage>France entière</dc:coverage>
<dc:rights>https://www.service-public.fr/a-propos/mentions-legales</dc:rights>
<SurTitre>Question-réponse</SurTitre>
<Audience>Particuliers</Audience>
<Canal>www.service-public.fr</Canal>
<FilDAriane>
<Niveau ID="Particuliers">Accueil particuliers</Niveau>
<Niveau ID="N19805">Famille</Niveau>
<Niveau ID="N175">Parcours éducatifs alternatifs</Niveau>
<Niveau ID="F15690" type="Fiche Question-réponse">Peut-on encore faire un apprentissage junior à 14 ans ?</Niveau>
</FilDAriane>
<Theme ID="N19805">
<Titre>Famille</Titre>
</Theme>
<SousThemePere ID="N20265">Scolarité</SousThemePere><DossierPere ID="N175">
<Titre>Parcours éducatifs alternatifs</Titre>
<Fiche ID="F2039">École de la 2e chance (E2C)</Fiche>
<Fiche ID="F1190">Établissement public d'insertion de la Défense (EPIDE)</Fiche>
</DossierPere>

<Texte><Paragraphe>Non, l'apprentissage junior à 14 ans a été supprimé. Il faut avoir au moins 16 ans pour conclure un <LienInterne LienPublication="F2918" type="Fiche d'information" audience="Particuliers">contrat d'apprentissage</LienInterne>. Un jeune voulant s'orienter vers la voie professionnelle ou l'apprentissage peut effectuer une <LienInterne LienPublication="F232" type="Fiche d'information" audience="Particuliers">3ème "prépa-métiers</LienInterne>.</Paragraphe>

</Texte><VoirAussi important="non">
<Fiche ID="F2918" audience="Particuliers">
<Titre>Contrat d'apprentissage</Titre>
<Theme ID="N19806">
<Titre>Travail</Titre>
</Theme>
</Fiche>
</VoirAussi>
</Publication>
