<?xml version="1.0" encoding="UTF-8"?><Publication xmlns:dc="http://purl.org/dc/elements/1.1/" xmlns:xsi="http://www.w3.org/2001/XMLSchema-instance" ID="F163" type="Fiche d'information" xsi:noNamespaceSchemaLocation="../Schemas/3.0/Publication.xsd">
<dc:title>Parcours de soins coordonnés et médecin traitant</dc:title>
<dc:creator>Direction de l'information légale et administrative</dc:creator>
<dc:subject>Social - Santé</dc:subject>
<dc:description>Le parcours de soins coordonnés consiste à confier au médecin traitant la coordination des soins pour votre suivi médical. Le parcours de soins garantit une meilleure prise en charge des dépenses de santé. Pour en bénéficier, vous devez choisir et déclarer un médecin traitant.</dc:description>
<dc:publisher>Direction de l'information légale et administrative</dc:publisher>
<dc:contributor>Direction de l'information légale et administrative (Premier ministre)</dc:contributor>
<dc:date>modified 2019-10-09</dc:date>
<dc:type>Fiche pratique</dc:type>
<dc:format>text/xml</dc:format>
<dc:identifier>F163</dc:identifier>
<dc:source>http://www.legifrance.gouv.fr/affichCode.do?idSectionTA=LEGISCTA000006186122&amp;cidTexte=LEGITEXT000006073189, https://www.legifrance.gouv.fr/codes/section_lc/LEGITEXT000006073189/LEGISCTA000006186124, http://www.legifrance.gouv.fr/affichCode.do?idSectionTA=LEGISCTA000006185483&amp;cidTexte=LEGITEXT000006073189, https://www.legifrance.gouv.fr/affichTexte.do?cidTexte=JORFTEXT000033285608</dc:source>
<dc:language>Fr</dc:language>
<dc:relation>isPartOf N418</dc:relation>
<dc:coverage>France entière</dc:coverage>
<dc:rights>https://www.service-public.fr/a-propos/mentions-legales</dc:rights>
<SurTitre>Fiche pratique</SurTitre>
<Audience>Particuliers</Audience>
<Canal>www.service-public.fr</Canal>
<FilDAriane>
<Niveau ID="Particuliers">Accueil particuliers</Niveau>
<Niveau ID="N19811">Social - Santé</Niveau>
<Niveau ID="N418">Remboursement des soins par la sécurité sociale</Niveau>
<Niveau ID="F163" type="Fiche d'information">Parcours de soins coordonnés et médecin traitant</Niveau>
</FilDAriane>
<Theme ID="N19811">
<Titre>Social - Santé</Titre>
</Theme>
<SousThemePere ID="N20272">Sécurité sociale</SousThemePere><DossierPere ID="N418">
<Titre>Remboursement des soins par la sécurité sociale</Titre><SousDossier ID="N418-1">
<Titre>Conditions du remboursement des soins</Titre>
<Fiche ID="F163">Parcours de soins coordonnés et médecin traitant</Fiche>
<Fiche ID="F165">Ticket modérateur, forfait, franchises</Fiche>
<Fiche ID="F265">Carte Vitale</Fiche>
<Fiche ID="F33967">Ordonnance</Fiche>
<Fiche ID="F11616">Feuille de soins</Fiche>
<Fiche ID="F168">Accord (entente) préalable</Fiche>
<Fiche ID="F167">Tiers payant</Fiche>
</SousDossier>
<SousDossier ID="N418-2">
<Titre>Remboursement par type de dépense</Titre>
<Fiche ID="F1069">Consultation médicale</Fiche>
<Fiche ID="F10874">Consultation médicale d'un enfant</Fiche>
<Fiche ID="F34696">Téléconsultation</Fiche>
<Fiche ID="F200">Hospitalisation</Fiche>
<Fiche ID="F21760">Médicaments</Fiche>
<Fiche ID="F2951">Frais de transports</Fiche>
<Fiche ID="F751">Cure thermale</Fiche>
<Fiche ID="F33950">Lunettes et lentilles</Fiche>
<Fiche ID="F33956">Soins dentaires</Fiche>
</SousDossier>
<SousDossier ID="N418-3">
<Titre>Remboursement à 100 %</Titre>
<Fiche ID="F34068">Affectation de longue durée (ALD)</Fiche>
<Fiche ID="F164">Femme enceinte</Fiche>
</SousDossier>
</DossierPere>

<SousDossierPere>Conditions du remboursement des soins</SousDossierPere>
<Introduction>
<Texte><Paragraphe>Le parcours de soins coordonnés consiste à confier au médecin traitant la coordination des soins pour votre suivi médical. Le parcours de soins garantit une meilleure prise en charge des dépenses de santé. Pour en bénéficier, vous devez  choisir et déclarer un médecin traitant.</Paragraphe>
</Texte>
</Introduction>
<Texte><Chapitre>
<Titre>
<Paragraphe>De quoi s'agit-il ?</Paragraphe>
</Titre><Paragraphe>Le <LienExterne URL="https://www.ameli.fr/assure/remboursements/etre-bien-rembourse/medecin-traitant-parcours-soins-coordonnes">parcours de soins coordonnés</LienExterne>

 consiste à  consulter en priorité un médecin, dit <Expression>médecin traitant</Expression>, pour votre suivi médical. Sinon,  vous êtes moins bien remboursé sauf si vous avez moins de 16 ans.</Paragraphe>
<Paragraphe>Vous êtes dans le parcours de soins coordonnés dans les situations suivantes :</Paragraphe>
<Liste type="puce">
<Item>
<Paragraphe>Vous consultez votre médecin traitant</Paragraphe>
</Item>
<Item>
<Paragraphe>Vous consultez le remplaçant de votre médecin traitant</Paragraphe>
</Item>
<Item>
<Paragraphe>Vous consultez un autre médecin, dit <LienIntra LienID="R20015" type="Définition de glossaire">médecin correspondant</LienIntra>, à la demande de votre médecin traitant</Paragraphe>
</Item>
<Item>
<Paragraphe>Vous consultez un médecin en cas d'urgence</Paragraphe>
</Item>
<Item>
<Paragraphe>Vous consultez un médecin alors que vous êtes loin de chez vous</Paragraphe>
</Item>
<Item>
<Paragraphe>Vous consultez un gynécologue, un ophtalmologue, un psychiatre, ou un stomatologue</Paragraphe>
</Item>
<Item>
<Paragraphe>Vous consultez à l'hôpital pour un problème de toxicomanie (alcool, tabac, drogues)</Paragraphe>
</Item>
<Item>
<Paragraphe>Vous consultez dans une structure de médecine humanitaire</Paragraphe>
</Item>
<Item>
<Paragraphe>Vous consultez dans un centre de planification ou d'éducation familiale</Paragraphe>
</Item>
<Item>
<Paragraphe>Vous consultez un généraliste installé depuis moins de 5 ans </Paragraphe>
</Item>
<Item>
<Paragraphe>Vous consultez un généraliste exerçant dans un centre de santé situé dans une zone déficitaire</Paragraphe>
</Item>
<Item>
<Paragraphe>Vous consultez un médecin suite au diagnostic d'une anomalie génétique chez un membre de votre famille</Paragraphe>
</Item>
</Liste>
<ANoter>
<Titre>À noter</Titre><Paragraphe>le parcours de soins ne concerne pas la consultation d'un chirurgien-dentiste, d'une  sage-femme, d'un gynécologue, d'un ophtalmologue, d'un psychiatre ou neuropsychiatre, ni d'un stomatologue. Vous êtes remboursé normalement même si vous les consultez  sans passer par votre médecin traitant.</Paragraphe>
</ANoter>
</Chapitre>
<Chapitre>
<Titre>
<Paragraphe>Qui est concerné ?</Paragraphe>
</Titre><Paragraphe>Le parcours de soins coordonnés et la désignation d'un médecin traitant  concerne tous les usagers de l'Assurance maladie.</Paragraphe>
<Paragraphe>Si vous n'avez pas de médecin traitant, vous êtes moins bien remboursé sauf si vous avez moins de 16 ans.</Paragraphe>

</Chapitre>
<Chapitre>
<Titre>
<Paragraphe>Missions du médecin traitant</Paragraphe>
</Titre><Paragraphe>Les principales missions du médecin traitant sont les suivantes :</Paragraphe>
<Liste type="puce">
<Item>
<Paragraphe>Assurer un 1<Exposant>er</Exposant> niveau de recours aux soins et coordonner le suivi médical</Paragraphe>
</Item>
<Item>
<Paragraphe>Orienter dans le parcours de soins coordonnés</Paragraphe>
</Item>
<Item>
<Paragraphe>Gérer le dossier médical</Paragraphe>
</Item>
<Item>
<Paragraphe>Établir un protocole de soins pour une affection de longue durée</Paragraphe>
</Item>
<Item>
<Paragraphe>Assurer une prévention personnalisée</Paragraphe>
</Item>
</Liste>

</Chapitre>
<Chapitre>
<Titre>
<Paragraphe>Peut-on choisir librement son médecin traitant ?</Paragraphe>
</Titre><Paragraphe>Vous pouvez choisir librement votre médecin traitant, en accord avec celui-ci.</Paragraphe>
<Paragraphe>Pour les enfants de moins de 16 ans, l'un au moins des 2 parents choisit le médecin traitant.</Paragraphe>
<Paragraphe>Le médecin choisi peut être :</Paragraphe>
<Liste type="puce">
<Item>
<Paragraphe>Généraliste ou spécialiste</Paragraphe>
</Item>
<Item>
<Paragraphe>Conventionné ou non</Paragraphe>
</Item>
<Item>
<Paragraphe>Exerçant seul, au sein d'un cabinet, dans un centre de santé, ou à l'hôpital</Paragraphe>
</Item>
<Item>
<Paragraphe>Situé à proximité de votre domicile ou pas, selon ce qui vous convient le mieux</Paragraphe>
</Item>
</Liste>
<Paragraphe>En cas de refus du médecin, vous pouvez saisir le <LienInterne LienPublication="F20849" type="Fiche Question-réponse" audience="Particuliers">conciliateur de votre caisse primaire d'assurance maladie (CPAM)</LienInterne>. </Paragraphe>

</Chapitre>
<Chapitre>
<Titre>
<Paragraphe>Comment déclarer son médecin traitant ?</Paragraphe>
</Titre><BlocCas affichage="radio"><Cas>
<Titre>
<Paragraphe>En ligne par le médecin</Paragraphe>
</Titre><Paragraphe>Le médecin peut  vous proposer d'effectuer la déclaration par internet (sur son espace pro Ameli).</Paragraphe>

</Cas>
<Cas>
<Titre>
<Paragraphe>Par courrier</Paragraphe>
</Titre><Paragraphe>Vous devez remplir un formulaire de déclaration avec le médecin que vous avez choisi, par exemple à l'occasion d'une consultation. </Paragraphe>
<Paragraphe>La notice du formulaire vous explique comment renseigner les rubriques.</Paragraphe>
<Paragraphe> Une fois rempli, le formulaire est à envoyer à votre organisme d'Assurance maladie.</Paragraphe>
<ServiceEnLigne ID="R10884" URL="https://www.ameli.fr/sites/default/files/formualires/132/s3704_0.pdf" format="application/pdf" poids="1.2 MB" numerocerfa="12485*03" autrenumero="S3704b" type="Formulaire">
<Titre>Déclarer son médecin traitant</Titre>
<Source ID="R30675">Caisse nationale d'assurance maladie (Cnam)</Source>
</ServiceEnLigne>

<OuSAdresser ID="R40" type="Local personnalisé sur SP">
<Titre>Caisse primaire d'assurance maladie (CPAM)</Titre>
<PivotLocal>cpam</PivotLocal>
<RessourceWeb URL="http://www.ameli.fr/assures/votre-caisse/index.php"/>
<Source ID="R30675">Caisse nationale d'assurance maladie (Cnam)</Source>
</OuSAdresser>
<Paragraphe>Votre déclaration reste valide tant que vous et votre médecin êtes d'accord pour continuer cette relation patient/médecin traitant.</Paragraphe>

</Cas>
</BlocCas>

</Chapitre>
<Chapitre>
<Titre>
<Paragraphe>Changement de médecin traitant</Paragraphe>
</Titre><Paragraphe>Vous êtes libre de changer de médecin traitant quand vous le souhaitez et sans justificatif.</Paragraphe>
<Paragraphe>Pour déclarer votre nouveau médecin traitant, la démarche est la même que pour la désignation. Votre nouvelle déclaration annule la précédente. Il n'est pas nécessaire d'informer votre ancien médecin traitant.</Paragraphe>

</Chapitre>
</Texte><VoirAussi important="non">
<Dossier ID="N418" audience="Particuliers">
<Titre>Remboursement des soins par la sécurité sociale</Titre>
<Theme ID="N19811">
<Titre>Social - Santé</Titre>
</Theme>
</Dossier>
<Dossier ID="N20286" audience="Particuliers">
<Titre>Complémentaire santé et couverture maladie universelle complémentaire</Titre>
<Theme ID="N19811">
<Titre>Social - Santé</Titre>
</Theme>
</Dossier>
<Fiche ID="F1069" audience="Particuliers">
<Titre>Remboursement d'une consultation médicale</Titre>
<Theme ID="N19811">
<Titre>Social - Santé</Titre>
</Theme>
</Fiche>
<Fiche ID="F10874" audience="Particuliers">
<Titre>Remboursement d'une consultation médicale pour un enfant</Titre>
<Theme ID="N19811">
<Titre>Social - Santé</Titre>
</Theme>
</Fiche>
<Fiche ID="F165" audience="Particuliers">
<Titre>Ticket modérateur, forfait et franchises (Sécurité sociale)</Titre>
<Theme ID="N19811">
<Titre>Social - Santé</Titre>
</Theme>
</Fiche>
</VoirAussi>
<OuSAdresser ID="R40" type="Local personnalisé sur SP">
<Titre>Caisse primaire d'assurance maladie (CPAM)</Titre>
<PivotLocal>cpam</PivotLocal>
<RessourceWeb URL="http://www.ameli.fr/assures/votre-caisse/index.php"/>
<Source ID="R30675">Caisse nationale d'assurance maladie (Cnam)</Source>
</OuSAdresser>
<OuSAdresser ID="R17898" type="Local personnalisable">
<Titre>Médecin</Titre>
<PivotLocal>medecin</PivotLocal>
<RessourceWeb URL="http://www.conseil-national.medecin.fr/"/>
</OuSAdresser>
<Reference type="Texte de référence" URL="http://www.legifrance.gouv.fr/affichCode.do?idSectionTA=LEGISCTA000006186122&amp;cidTexte=LEGITEXT000006073189" ID="R32416">
<Titre>Code de la sécurité sociale : articles L162-5 à L162-5-4</Titre>
<Complement>Parcours de soins coordonnés et désignation du médecin traitant (articles L162-5 et L162-5-3)</Complement>
</Reference>
<Reference type="Texte de référence" URL="https://www.legifrance.gouv.fr/codes/section_lc/LEGITEXT000006073189/LEGISCTA000006186124" ID="R38589">
<Titre>Code de la sécurité sociale : articles L162-24-1 à L162-30-5</Titre>
<Complement>Majoration tarifaire en cas de consultation d'un spécialiste hospitalier sans prescription préalable du médecin traitant (article L162-26)</Complement>
</Reference>
<Reference type="Texte de référence" URL="http://www.legifrance.gouv.fr/affichCode.do?idSectionTA=LEGISCTA000006185483&amp;cidTexte=LEGITEXT000006073189" ID="R38581">
<Titre>Code de la sécurité sociale : articles D162-1-6 à D162-1-8</Titre>
<Complement>Exceptions à l'application de la majoration du ticket modérateur</Complement>
</Reference>
<Reference type="Texte de référence" URL="https://www.legifrance.gouv.fr/affichTexte.do?cidTexte=JORFTEXT000033285608" ID="R45605">
<Titre>Arrêté du 20 octobre 2016 portant approbation de la convention nationale organisant les rapports entre les médecins libéraux et l'assurance maladie signée le 25 août 2016</Titre>
</Reference>
<ServiceEnLigne ID="R10884" URL="https://www.ameli.fr/sites/default/files/formualires/132/s3704_0.pdf" format="application/pdf" poids="1.2 MB" numerocerfa="12485*03" autrenumero="S3704b" type="Formulaire">
<Titre>Déclarer son médecin traitant</Titre>
<Source ID="R30675">Caisse nationale d'assurance maladie (Cnam)</Source>
</ServiceEnLigne>
<ServiceEnLigne ID="R3049" URL="https://assure.ameli.fr/PortailAS/appmanager/PortailAS/assure?_somtc=true" type="Téléservice">
<Titre>Ameli en ligne</Titre>
<Source ID="R30675">Caisse nationale d'assurance maladie (Cnam)</Source>
</ServiceEnLigne>
<PourEnSavoirPlus type="Information pratique" ID="R17182" URL="https://www.ameli.fr/assure/remboursements/etre-bien-rembourse/medecin-traitant-parcours-soins-coordonnes" audience="Particuliers">
<Titre>Le parcours de soins coordonnés</Titre>
<Source ID="R30675">Caisse nationale d'assurance maladie (Cnam)</Source>
</PourEnSavoirPlus>
<PourEnSavoirPlus type="Information pratique" ID="R41392" URL="http://annuairesante.ameli.fr/" audience="Particuliers">
<Titre>Annuaire santé - Site Ameli</Titre>
<Source ID="R30675">Caisse nationale d'assurance maladie (Cnam)</Source>
</PourEnSavoirPlus>
<Definition ID="R20015">
<Titre>Médecin correspondant (Assurance maladie)</Titre>
<Texte>
				<Paragraphe>Médecin vers lequel le médecin traitant peut orienter un patient pour lui demander un avis. Il peut aussi effectuer des soins dans le cadre d'un protocole de soins ou pour prendre en charge des séquences de soins spécialisés.</Paragraphe>
			</Texte><Reference type="Texte de référence" URL="https://www.legifrance.gouv.fr/affichTexte.do?cidTexte=JORFTEXT000033285608" ID="R45605">
<Titre>Arrêté du 20 octobre 2016 portant approbation de la convention nationale organisant les rapports entre les médecins libéraux et l'assurance maladie signée le 25 août 2016</Titre>
</Reference>
</Definition>
<QuestionReponse ID="F17042" audience="Particuliers">Quels sont les tarifs d'un médecin (conventionné ou non) ?</QuestionReponse>
</Publication>
