<?xml version="1.0" encoding="UTF-8"?><Publication xmlns:dc="http://purl.org/dc/elements/1.1/" xmlns:xsi="http://www.w3.org/2001/XMLSchema-instance" ID="F1647" type="Fiche d'information" xsi:noNamespaceSchemaLocation="../Schemas/3.0/Publication.xsd">
<dc:title>Licenciement économique : priorité de réembauche</dc:title>
<dc:creator>Direction de l'information légale et administrative</dc:creator>
<dc:subject>Travail, Ressources humaines</dc:subject>
<dc:description>La priorité de réembauche permet à un salarié licencié pour motif économique d'être prioritaire en cas de poste disponible dans l'entreprise.</dc:description>
<dc:publisher>Direction de l'information légale et administrative</dc:publisher>
<dc:contributor>Direction de l'information légale et administrative (Premier ministre)</dc:contributor>
<dc:date>modified 2020-04-14</dc:date>
<dc:type>Fiche pratique</dc:type>
<dc:format>text/xml</dc:format>
<dc:identifier>F1647</dc:identifier>
<dc:source>http://www.legifrance.gouv.fr/affichCode.do?idSectionTA=LEGISCTA000006198540&amp;cidTexte=LEGITEXT000006072050, http://www.legifrance.gouv.fr/affichCode.do?idSectionTA=LEGISCTA000006195633&amp;cidTexte=LEGITEXT000006072050</dc:source>
<dc:language>Fr</dc:language>
<dc:relation>isPartOf N481</dc:relation>
<dc:coverage>France entière</dc:coverage>
<dc:rights>https://www.service-public.fr/a-propos/mentions-legales</dc:rights>
<SurTitre>Fiche pratique</SurTitre>
<Audience>Particuliers</Audience>
<Audience>Professionnels</Audience>
<Canal>www.service-public.fr</Canal>
<FilDAriane>
<Niveau ID="Particuliers">Accueil particuliers</Niveau>
<Niveau ID="N19806">Travail</Niveau>
<Niveau ID="N481">Licenciement économique</Niveau>
<Niveau ID="F1647" type="Fiche d'information">Licenciement économique : priorité de réembauche</Niveau>
</FilDAriane>
<Theme ID="N19806">
<Titre>Travail</Titre>
</Theme>
<SousThemePere ID="N19967">Quitter son emploi</SousThemePere><DossierPere ID="N481">
<Titre>Licenciement économique</Titre><SousDossier ID="N481-1">
<Titre>Procédure de licenciement</Titre>
<Fiche ID="F13482">Information et consultation obligatoires</Fiche>
<Fiche ID="F15784">Adaptation et reclassement</Fiche>
<Fiche ID="F13782">Entretien préalable</Fiche>
<Fiche ID="F19645">Lettre de licenciement</Fiche>
<Fiche ID="F31898">Préavis de licenciement et fin du contrat</Fiche>
<Fiche ID="F1647">Priorité de réembauche</Fiche>
<Fiche ID="F31618">Licenciement nul, injustifié ou irrégulier</Fiche>
</SousDossier>
<SousDossier ID="N481-2">
<Titre>Mesures d'accompagnement</Titre>
<Fiche ID="F2811">Plan de sauvegarde de l'emploi (PSE)</Fiche>
<Fiche ID="F13819">Contrat de sécurisation professionnelle (CSP)</Fiche>
<Fiche ID="F2829">Cellule de reclassement</Fiche>
</SousDossier>
<SousDossier ID="N481-3">
<Titre>Allocations</Titre>
<Fiche ID="F31688">Allocation de sécurisation professionnelle (ASP)</Fiche>
<Fiche ID="F2808">Allocation temporaire dégressive</Fiche>
</SousDossier>
<SousDossier ID="N481-4">
<Titre>Congés spécifiques</Titre>
<Fiche ID="F2906">Congé de reclassement</Fiche>
<Fiche ID="F16676">Congé de mobilité</Fiche>
<Fiche ID="F884">Congé de conversion</Fiche>
</SousDossier>
</DossierPere>

<SousDossierPere>Procédure de licenciement</SousDossierPere>
<Introduction>
<Texte><Paragraphe>La priorité de réembauche permet à un salarié licencié pour motif économique d'être prioritaire en cas de poste disponible dans l'entreprise, à condition d'en faire la demande. Cette priorité est valable pendant une durée limitée. Le non respect par l'employeur des conditions de la priorité de réembauche entraîne un droit à indemnisation.</Paragraphe>
</Texte>
</Introduction>
<Texte><Chapitre>
<Titre>
<Paragraphe>De quoi s'agit-il ?</Paragraphe>
</Titre><Paragraphe>La priorité de réembauche s'applique si des postes correspondant aux qualifications du salarié sont disponibles. Elle est accordée au salarié licencié qui en fait la demande à l'employeur.</Paragraphe>

</Chapitre>
<Chapitre>
<Titre>
<Paragraphe>Durée</Paragraphe>
</Titre><Paragraphe>Le salarié bénéficie de cette priorité pendant <MiseEnEvidence>1 an</MiseEnEvidence> à compter de la date de rupture de son contrat de travail. Cette durée peut être plus longue si le <LienInterne LienPublication="F2811" type="Fiche d'information" audience="Particuliers">plan de sauvegarde de l'emploi (PSE)</LienInterne> ou des <LienIntra LienID="R51533" type="Définition de glossaire">dispositions conventionnelles</LienIntra> le prévoient.</Paragraphe>

</Chapitre>
<Chapitre>
<Titre>
<Paragraphe>Information du salarié</Paragraphe>
</Titre><Paragraphe>L'employeur est tenu de mentionner dans la <LienInterne LienPublication="F19645" type="Fiche d'information" audience="Particuliers">lettre de licenciement</LienInterne> pour motif économique du salarié que celui-ci bénéficie d'une priorité de réembauche. La lettre précise également les conditions de mise en œuvre (délai pour informer l'employeur de son souhait d'en bénéficier, droit de refuser la priorité).</Paragraphe>

</Chapitre>
<Chapitre>
<Titre>
<Paragraphe>Réponse du salarié</Paragraphe>
</Titre><Paragraphe>Si le salarié souhaite bénéficier de la priorité de réembauche, il doit prévenir l'employeur dans le délai d'un an à compter de la date de rupture de son contrat de travail.</Paragraphe>
<Paragraphe>Aucune condition de forme n'est imposée au salarié pour prévenir l'employeur. La demande  peut être présentée de manière spontanée ou en réponse à une sollicitation de l'employeur, pourvu qu'elle soit explicite. Pour des raisons de preuve en cas de litige, il est préférable de pouvoir justifier de la date de la demande (envoi par lettre recommandée avec accusé de réception, par exemple).</Paragraphe>

</Chapitre>
<Chapitre>
<Titre>
<Paragraphe>Propositions de l'employeur</Paragraphe>
</Titre><Paragraphe>L'employeur informe le salarié de tout emploi devenu disponible si le salarié licencié a souhaité bénéficier de la priorité de réembauche.</Paragraphe>
<BlocCas affichage="onglet"><Cas>
<Titre>
<Paragraphe>Si le salarié souhaite être réembauché</Paragraphe>
</Titre><Paragraphe>L'employeur doit informer le salarié de tous les emplois devenus disponibles et compatibles avec sa qualification. Il peut s'agir d'un <LienInterne LienPublication="R24389" type="Sigle">CDI</LienInterne> ou d'un <LienInterne LienPublication="R2454" type="Sigle">CDD</LienInterne>.</Paragraphe>
<Paragraphe>Si le salarié acquiert une nouvelle qualification, l'employeur lui propose les postes disponibles et compatibles avec cette nouvelle qualification, à condition que le salarié en informe l'employeur.</Paragraphe>
<Paragraphe>L'employeur informe les représentants du personnel des postes disponibles.</Paragraphe>

</Cas>
<Cas>
<Titre>
<Paragraphe>S'il ne le souhaite pas</Paragraphe>
</Titre><Paragraphe>L'employeur n'est pas obligé d'informer le salarié des postes disponibles dans l'entreprise. Toutefois, si des <LienIntra LienID="R51533" type="Définition de glossaire">dispositions conventionnelles</LienIntra> contraires l'imposent, l'employeur sera tenu de les respecter.</Paragraphe>

</Cas>
</BlocCas>

</Chapitre>
<Chapitre>
<Titre>
<Paragraphe>Conséquences du non respect de la priorité de réembauche</Paragraphe>
</Titre><Paragraphe>Si le salarié n'est pas réintégré, il a droit à une indemnité qui ne peut être inférieure à <MiseEnEvidence>1 mois</MiseEnEvidence> de salaire.</Paragraphe>

</Chapitre>
</Texte>
<Reference type="Texte de référence" URL="http://www.legifrance.gouv.fr/affichCode.do?idSectionTA=LEGISCTA000006198540&amp;cidTexte=LEGITEXT000006072050" ID="R34036">
<Titre>Code du travail : article L1233-45</Titre>
<Complement>Bénéficiaires, durée et obligations de l'employeur</Complement>
</Reference>
<Reference type="Texte de référence" URL="http://www.legifrance.gouv.fr/affichCode.do?idSectionTA=LEGISCTA000006195633&amp;cidTexte=LEGITEXT000006072050" ID="R32804">
<Titre>Code du travail : articles L1235-10 à L1235-17</Titre>
<Complement>Sanction des irrégularités</Complement>
</Reference>
<Definition ID="R51533">
<Titre>Dispositions conventionnelles</Titre>
<Texte>
				<Paragraphe>Convention collective, accord collectif, accord de branche, d'entreprise ou d'établissement applicables en droit du travail. Elles fixent les obligations et les droits de l'employeur et du salarié.</Paragraphe>
			</Texte>
</Definition>
<Abreviation ID="R2454" type="Sigle">
<Titre>CDD</Titre>
<Texte>
<Paragraphe>Contrat à durée déterminée</Paragraphe>
</Texte>
</Abreviation>
<Abreviation ID="R24389" type="Sigle">
<Titre>CDI</Titre>
<Texte>
<Paragraphe>Contrat de travail à durée indéterminée</Paragraphe>
</Texte>
</Abreviation>
</Publication>
