<?xml version="1.0" encoding="UTF-8"?><Publication xmlns:dc="http://purl.org/dc/elements/1.1/" xmlns:xsi="http://www.w3.org/2001/XMLSchema-instance" ID="F16760" type="Fiche Question-réponse" xsi:noNamespaceSchemaLocation="../Schemas/3.0/Publication.xsd">
<dc:title>Peut-on faire le contrôle technique sans la carte grise du véhicule ?</dc:title>
<dc:creator>Direction de l'information légale et administrative</dc:creator>
<dc:subject>Transports</dc:subject>
<dc:description>Non, il faut présenter l'original de la carte grise du véhicule sauf dans certains cas précis.</dc:description>
<dc:publisher>Direction de l'information légale et administrative</dc:publisher>
<dc:contributor>Direction de l'information légale et administrative (Premier ministre)</dc:contributor>
<dc:date>modified 2020-08-03</dc:date>
<dc:type>Question-réponse</dc:type>
<dc:format>text/xml</dc:format>
<dc:identifier>F16760</dc:identifier>
<dc:source>https://www.legifrance.gouv.fr/loda/id/LEGITEXT000020559004/</dc:source>
<dc:language>Fr</dc:language>
<dc:relation>isPartOf N31200</dc:relation>
<dc:coverage>France entière</dc:coverage>
<dc:rights>https://www.service-public.fr/a-propos/mentions-legales</dc:rights>
<SurTitre>Question-réponse</SurTitre>
<Audience>Particuliers</Audience>
<Canal>www.service-public.fr</Canal>
<FilDAriane>
<Niveau ID="Particuliers">Accueil particuliers</Niveau>
<Niveau ID="N19812">Transports</Niveau>
<Niveau ID="N31200">Contrôle technique</Niveau>
<Niveau ID="F16760" type="Fiche Question-réponse">Peut-on faire le contrôle technique sans la carte grise du véhicule ?</Niveau>
</FilDAriane>
<Theme ID="N19812">
<Titre>Transports</Titre>
</Theme><DossierPere ID="N31200">
<Titre>Contrôle technique</Titre>
<Fiche ID="F2878">Voiture particulière</Fiche>
<Fiche ID="F33353">Camionnette</Fiche>
<Fiche ID="F33354">Camping-car</Fiche>
</DossierPere>

<Texte><Paragraphe>Non, il est impossible de passer le contrôle technique sans la carte grise (dorénavant appelée <Expression>certificat d'immatriculation</Expression>) du véhicule.</Paragraphe>
<Paragraphe>Toutefois, dans les situations suivantes, le contrôle technique est possible à condition de présenter certains justificatifs.</Paragraphe>
<BlocCas affichage="radio"><Cas>
<Titre>
<Paragraphe>Votre véhicule est immobilisé et/ou mis en fourrière</Paragraphe>
</Titre><Paragraphe>Si votre véhicule est  <LienInterne LienPublication="F12914" type="Fiche d'information" audience="Particuliers">immobilisé</LienInterne>, présentez la fiche de circulation provisoire valable 7 jours délivrée par les autorités de police.</Paragraphe>

</Cas>
<Cas>
<Titre>
<Paragraphe>Votre carte grise est perdue ou a été volée</Paragraphe>
</Titre><Paragraphe>Si la carte grise de votre véhicule est perdue ou a été volée, présentez les documents suivants :</Paragraphe>
<Liste type="puce">
<Item>
<Paragraphe>
<LienInterne LienPublication="F21009" type="Fiche Question-réponse" audience="Particuliers">Fiche d'identification</LienInterne> du véhicule délivrée par les services préfectoraux</Paragraphe>
</Item>
<Item>
<Paragraphe>Copie de la demande de duplicata ou copie de la déclaration de perte ou de vol</Paragraphe>
</Item>
</Liste>

</Cas>
<Cas>
<Titre>
<Paragraphe>Votre véhicule est en cours d'immatriculation</Paragraphe>
</Titre><Paragraphe>Si votre véhicule est en cours d'immatriculation, présentez le <LienInterne LienPublication="F16542" type="Fiche Question-réponse" audience="Particuliers">certificat d'immatriculation provisoire (CPI)</LienInterne>.</Paragraphe>

</Cas>
</BlocCas>
<ASavoir>
<Titre>À savoir</Titre><Paragraphe>le procès-verbal du contrôle technique précise le document présenté à la place de la carte grise.</Paragraphe>
</ASavoir>
</Texte><VoirAussi important="oui">
<Dossier ID="N367" audience="Particuliers">
<Titre>Carte grise (certificat d'immatriculation)</Titre>
<Theme ID="N19812">
<Titre>Transports</Titre>
</Theme>
</Dossier>
<Fiche ID="F2878" audience="Particuliers">
<Titre>Contrôle technique d'une voiture particulière</Titre>
<Theme ID="N19812">
<Titre>Transports</Titre>
</Theme>
</Fiche>
<Fiche ID="F33353" audience="Particuliers">
<Titre>d'un utilitaire</Titre>
<Theme ID="N19812">
<Titre>Transports</Titre>
</Theme>
</Fiche>
<Fiche ID="F33354" audience="Particuliers">
<Titre>d'un camping-car</Titre>
<Theme ID="N19812">
<Titre>Transports</Titre>
</Theme>
</Fiche>
</VoirAussi>
<Reference type="Texte de référence" URL="https://www.legifrance.gouv.fr/loda/id/LEGITEXT000020559004/" ID="R11460">
<Titre>Arrêté du 18 juin 1991 relatif au contrôle technique des véhicules dont le poids n'excède pas 3,5 tonnes</Titre>
</Reference>
<QuestionReponse ID="F16542" audience="Particuliers">Carte grise : qu'est-ce que le certificat provisoire d'immatriculation (CPI) ?</QuestionReponse>
<QuestionReponse ID="F21009" audience="Particuliers">Carte grise : comment obtenir une fiche d'identification du véhicule ?</QuestionReponse>
<QuestionReponse ID="F10519" audience="Particuliers">Un étranger qui s'installe en France doit-il y faire immatriculer son véhicule ?</QuestionReponse>
</Publication>
