<?xml version="1.0" encoding="UTF-8"?><Publication xmlns:dc="http://purl.org/dc/elements/1.1/" xmlns:xsi="http://www.w3.org/2001/XMLSchema-instance" ID="F16832" type="Fiche Question-réponse" xsi:noNamespaceSchemaLocation="../Schemas/3.0/Publication.xsd">
<dc:title>Immobilier : comment connaître le prix au m² d'un logement ou d'un terrain ?</dc:title>
<dc:creator>Direction de l'information légale et administrative</dc:creator>
<dc:subject>Logement</dc:subject>
<dc:description>Les prix des logements peuvent être obtenus selon les cas auprès des chambres notariales et/ou en consultant le site Patrim.</dc:description>
<dc:publisher>Direction de l'information légale et administrative</dc:publisher>
<dc:contributor>Direction de l'information légale et administrative (Premier ministre)</dc:contributor>
<dc:date>modified 2019-05-07</dc:date>
<dc:type>Question-réponse</dc:type>
<dc:format>text/xml</dc:format>
<dc:identifier>F16832</dc:identifier>
<dc:language>Fr</dc:language>
<dc:relation>isPartOf N23245</dc:relation>
<dc:coverage>France entière</dc:coverage>
<dc:rights>https://www.service-public.fr/a-propos/mentions-legales</dc:rights>
<SurTitre>Question-réponse</SurTitre>
<Audience>Particuliers</Audience>
<Canal>www.service-public.fr</Canal>
<FilDAriane>
<Niveau ID="Particuliers">Accueil particuliers</Niveau>
<Niveau ID="N19808">Logement</Niveau>
<Niveau ID="N23245">Achat ou vente d'un logement</Niveau>
<Niveau ID="F16832" type="Fiche Question-réponse">Immobilier : comment connaître le prix au m² d'un logement ou d'un terrain ?</Niveau>
</FilDAriane>
<Theme ID="N19808">
<Titre>Logement</Titre>
</Theme>
<SousThemePere ID="N20355">Achat immobilier</SousThemePere><DossierPere ID="N23245">
<Titre>Achat ou vente d'un logement</Titre><SousDossier ID="N23245-1">
<Titre>Logement existant</Titre>
<Fiche ID="F2965">Promesse de vente</Fiche>
<Fiche ID="F2962">Acte de vente</Fiche>
<Fiche ID="F2604">Vente d'un logement en copropriété</Fiche>
</SousDossier>
<SousDossier ID="N23245-2">
<Titre>Logement en l'état futur d'achèvement (Véfa)</Titre>
<Fiche ID="F2963">Contrat de réservation</Fiche>
<Fiche ID="F2961">Acte de vente</Fiche>
<Fiche ID="F2956">Livraison</Fiche>
</SousDossier>
</DossierPere>

<ListeSituations affichage="onglet"><Situation>
<Titre>Prix d'un logement</Titre>
<Texte><Paragraphe>Vous pouvez connaître le prix d'un logement en consultant la base de données "Demandes de valeurs foncières", le site Patrim ou auprès d'une chambre notariale.</Paragraphe>

<Chapitre><Liste type="puce">
<Item>
<Paragraphe>Les données « Demandes de valeurs foncières » permettent de connaître les transactions immobilières intervenues en France au cours des 5 dernières années. Les données contenues sont issues des actes notariés et des informations cadastrales.</Paragraphe>
</Item>
</Liste>
<ServiceEnLigne ID="R53491" URL="https://app.dvf.etalab.gouv.fr/" type="Simulateur">
<Titre>Consulter les dernières transactions immobilières (demande de valeurs foncières)</Titre>
<Source ID="R32241">Direction générale des finances publiques</Source>
</ServiceEnLigne>

<Attention>
<Titre>Attention</Titre><Paragraphe>Les informations ne sont pas disponibles pour l'Alsace-Moselle et  Mayotte.</Paragraphe>
</Attention><Liste type="puce">
<Item>
<Paragraphe>Vous pouvez aussi estimer la valeur d'un bien immobilier en utilisant l'outil Patrim.</Paragraphe>
<Paragraphe>L'estimation peut être nécessaire pour déclarer l'impôt sur la fortune immobilière (Ifi), pour une succession, une donation, un contrôle fiscal, une expropriation ou pour calculer les aides au logement.</Paragraphe>
</Item>
</Liste>
<ServiceEnLigne ID="R34630" URL="https://cfspart.impots.gouv.fr/LoginMDP" type="Simulateur">
<Titre>Patrim : rechercher des transactions immobilières pour aider à estimer la valeur d'un bien immobilier</Titre>
<Source ID="R30612">Ministère chargé des finances</Source>
<Introduction>
<Texte><Paragraphe>Vous munir de vos identifiants impots.gouv.fr (numéro fiscal et mot de passe)</Paragraphe>
</Texte>
</Introduction>
</ServiceEnLigne>

<Liste type="puce">
<Item>
<Paragraphe>Enfin, vous pouvez vous rapprocher de la chambre des notaires.</Paragraphe>
</Item>
</Liste>
<OuSAdresser ID="R10918" type="Local personnalisable">
<Titre>Chambre départementale des notaires</Titre>
<PivotLocal>chambre_notaire</PivotLocal>
<RessourceWeb URL="https://www.notaires.fr/fr/annuaire-chambre-notaire"/>
</OuSAdresser>

</Chapitre>
</Texte>
</Situation>
<Situation>
<Titre>Prix d'un terrain</Titre>
<Texte><Paragraphe>Vous pouvez connaître le prix d'un logement en consultant la base de données "Demandes de valeurs foncières", le site Patrim ou auprès d'une chambre notariale.</Paragraphe>

<Chapitre><Liste type="puce">
<Item>
<Paragraphe>Les données « Demandes de valeurs foncières » permettent de connaître les transactions immobilières intervenues en France au cours des 5 dernières années. Les données contenues sont issues des actes notariés et des informations cadastrales.</Paragraphe>
</Item>
</Liste>
<ServiceEnLigne ID="R53491" URL="https://app.dvf.etalab.gouv.fr/" type="Simulateur">
<Titre>Consulter les dernières transactions immobilières (demande de valeurs foncières)</Titre>
<Source ID="R32241">Direction générale des finances publiques</Source>
</ServiceEnLigne>

<Attention>
<Titre>Attention</Titre><Paragraphe>Les informations ne sont pas disponibles pour l'Alsace-Moselle et  Mayotte.</Paragraphe>
</Attention><Liste type="puce">
<Item>
<Paragraphe>Vous pouvez aussi obtenir des renseignements auprès de  la chambre des notaires.</Paragraphe>
</Item>
</Liste>
<OuSAdresser ID="R10918" type="Local personnalisable">
<Titre>Chambre départementale des notaires</Titre>
<PivotLocal>chambre_notaire</PivotLocal>
<RessourceWeb URL="https://www.notaires.fr/fr/annuaire-chambre-notaire"/>
</OuSAdresser>

</Chapitre>
</Texte>
</Situation>
</ListeSituations><VoirAussi important="non">
<Dossier ID="N23245" audience="Particuliers">
<Titre>Achat ou vente d'un logement</Titre>
<Theme ID="N19808">
<Titre>Logement</Titre>
</Theme>
</Dossier>
</VoirAussi>
<ServiceEnLigne ID="R34630" URL="https://cfspart.impots.gouv.fr/LoginMDP" type="Simulateur">
<Titre>Patrim : rechercher des transactions immobilières pour aider à estimer la valeur d'un bien immobilier</Titre>
<Source ID="R30612">Ministère chargé des finances</Source>
</ServiceEnLigne>
<ServiceEnLigne ID="R53491" URL="https://app.dvf.etalab.gouv.fr/" type="Simulateur">
<Titre>Consulter les dernières transactions immobilières (demande de valeurs foncières)</Titre>
<Source ID="R32241">Direction générale des finances publiques</Source>
</ServiceEnLigne>
<PourEnSavoirPlus type="Information pratique" ID="R47295" URL="https://notaviz.notaires.fr/" audience="Particuliers">
<Titre>Portail des services en ligne des notaires de France</Titre>
<Source ID="R30632">Notaires de France</Source>
</PourEnSavoirPlus>
<PourEnSavoirPlus type="Information pratique" ID="R48317" URL="https://www.immobilier.notaires.fr/fr/prix-immobilier" audience="Particuliers">
<Titre>Prix au m² de l'immobilier en France</Titre>
<Source ID="R30632">Notaires de France</Source>
</PourEnSavoirPlus>
<PourEnSavoirPlus type="Information pratique" ID="R53498" URL="https://www.data.gouv.fr/fr/datasets/demandes-de-valeurs-foncieres/" audience="Particuliers">
<Titre>Data.gouv.fr : Demandes de valeurs foncières</Titre>
<Source ID="R30758">Premier ministre</Source>
</PourEnSavoirPlus>
<QuestionReponse ID="F17759" audience="Particuliers">Comment obtenir des renseignements immobiliers ?</QuestionReponse>
</Publication>
