<?xml version="1.0" encoding="UTF-8"?><Publication xmlns:dc="http://purl.org/dc/elements/1.1/" xmlns:xsi="http://www.w3.org/2001/XMLSchema-instance" ID="F1692" type="Fiche d'information" xsi:noNamespaceSchemaLocation="../Schemas/3.0/Publication.xsd">
<dc:title>Aide à domicile (services à la personne) - Embauche d'un salarié</dc:title>
<dc:creator>Direction de l'information légale et administrative</dc:creator>
<dc:subject>Travail</dc:subject>
<dc:description>Vous pouvez embaucher vous-même une aide à domicile ou vous adresser à un organisme mandataire pour qu'il effectue à votre place les démarches d'embauche de votre futur salarié. L'organisme peut également mettre son propre personnel à votre disposition : dans ce cas, vous êtes simplement le client d'un prestataire de services.</dc:description>
<dc:publisher>Direction de l'information légale et administrative</dc:publisher>
<dc:contributor>Direction de l'information légale et administrative (Premier ministre), Ministère chargé de l'économie</dc:contributor>
<dc:date>modified 2019-08-27</dc:date>
<dc:type>Fiche pratique</dc:type>
<dc:format>text/xml</dc:format>
<dc:identifier>F1692</dc:identifier>
<dc:source>http://www.legifrance.gouv.fr/affichCode.do?idSectionTA=LEGISCTA000006189974&amp;cidTexte=LEGITEXT000006072050, http://circulaires.legifrance.gouv.fr/pdf/2019/04/cir_44550.pdf</dc:source>
<dc:language>Fr</dc:language>
<dc:relation>isPartOf N19602</dc:relation>
<dc:coverage>France entière</dc:coverage>
<dc:rights>https://www.service-public.fr/a-propos/mentions-legales</dc:rights>
<SurTitre>Fiche pratique</SurTitre>
<Audience>Particuliers</Audience>
<Canal>www.service-public.fr</Canal>
<FilDAriane>
<Niveau ID="Particuliers">Accueil particuliers</Niveau>
<Niveau ID="N19806">Travail</Niveau>
<Niveau ID="N19602">Particulier employeur : aide à domicile (services à la personne)</Niveau>
<Niveau ID="F1692" type="Fiche d'information">Aide à domicile (services à la personne) - Embauche d'un salarié</Niveau>
</FilDAriane>
<Theme ID="N19806">
<Titre>Travail</Titre>
</Theme>
<SousThemePere ID="N453">Particulier employeur</SousThemePere><DossierPere ID="N19602">
<Titre>Particulier employeur : aide à domicile (services à la personne)</Titre>
<Fiche ID="F1692">Embauche directe d'un salarié ou recours à un organisme</Fiche>
<Fiche ID="F12202">Contrat de travail</Fiche>
<Fiche ID="F104">Temps du travail</Fiche>
<Fiche ID="F13897">Congés</Fiche>
<Fiche ID="F142">Rémunération</Fiche>
<Fiche ID="F1745">Licenciement</Fiche>
<Fiche ID="F32431">Démission</Fiche>
</DossierPere>

<Introduction>
<Texte><Paragraphe>Vous pouvez embaucher vous-même une aide à domicile ou vous adresser  à un organisme mandataire pour qu'il effectue à votre place les démarches d'embauche de votre futur salarié. L'organisme peut également mettre son propre personnel à votre disposition : dans ce cas, vous êtes simplement le client d'un prestataire de services.</Paragraphe>
</Texte>
</Introduction>
<Texte><Chapitre>
<Titre>
<Paragraphe>Emploi direct</Paragraphe>
</Titre><Paragraphe>Vous pouvez embaucher directement un salarié. En tant que particulier employeur, vous devez respecter les formalités d'embauche (contrat de travail, bulletin de paie, calcul et déclaration des cotisations sociales).</Paragraphe>
<Paragraphe>Pour effectuer vos démarches, vous pouvez utiliser le  <LienInterne LienPublication="F2912" type="Fiche Question-réponse" audience="Particuliers">Cesu déclaratif</LienInterne> sauf si le service concerne la garde d'enfant à domicile. Dans ce cas, vous devez passer par le centre Pajemploi.</Paragraphe><ServiceEnLigne ID="R18165" URL="http://www.pajemploi.urssaf.fr/pajewebinfo/cms/sites/pajewebinfo/accueil.html" type="Téléservice">
<Titre>Pajemploi en ligne</Titre>
<Source ID="R30607">Agence centrale des organismes de sécurité sociale (Acoss)</Source>
</ServiceEnLigne>


</Chapitre>
<Chapitre>
<Titre>
<Paragraphe>Recours à un organisme mandataire</Paragraphe>
</Titre><Paragraphe>Vous pouvez faire appel à  un organisme mandataire de services à la personne (une association par exemple). Vous conservez alors le statut d'employeur. Vous payez  l'organisme qui se charge</Paragraphe>
<Liste type="puce">
<Item>
<Paragraphe>du recrutement</Paragraphe>
</Item>
<Item>
<Paragraphe>et de la gestion administrative du salarié (contrat de travail, bulletin de paie, calcul et déclaration des cotisations sociales).</Paragraphe>
</Item>
</Liste>
<Paragraphe>Un annuaire des organismes de services à la personne est disponible en ligne pour trouver un organisme mandataire.</Paragraphe><ServiceEnLigne ID="R37481" URL="http://www.entreprises.gouv.fr/services-a-la-personne/annuaire-des-organismes-services-a-la-personne-0" type="Téléservice">
<Titre>Rechercher un organisme de services à la personne</Titre>
<Source ID="R30612">Ministère chargé des finances</Source>
</ServiceEnLigne>


</Chapitre>
<Chapitre>
<Titre>
<Paragraphe>Recours à un organisme prestataire de services</Paragraphe>
</Titre><Paragraphe>Vous pouvez également recourir à un organisme prestataire de services à la personne. Dans cette formule, c'est l'organisme qui est l'employeur. Il vous facture les prestations  qui sont effectuées par ses propres  salariés et s'occupe de toutes les formalités administratives.</Paragraphe>
<Paragraphe>Un annuaire des organismes de services à la personne est disponible en ligne pour trouver un organisme prestataire.</Paragraphe><ServiceEnLigne ID="R37481" URL="http://www.entreprises.gouv.fr/services-a-la-personne/annuaire-des-organismes-services-a-la-personne-0" type="Téléservice">
<Titre>Rechercher un organisme de services à la personne</Titre>
<Source ID="R30612">Ministère chargé des finances</Source>
</ServiceEnLigne>


</Chapitre>
</Texte><VoirAussi important="non">
<Fiche ID="F12202" audience="Particuliers">
<Titre>Contrat de travail du salarié à domicile (services à la personne)</Titre>
<Theme ID="N19806">
<Titre>Travail</Titre>
</Theme>
</Fiche>
<Fiche ID="F142" audience="Particuliers">
<Titre>Aide à domicile (services à la personne) : rémunération du salarié</Titre>
<Theme ID="N19806">
<Titre>Travail</Titre>
</Theme>
</Fiche>
</VoirAussi>
<Reference type="Texte de référence" URL="http://www.legifrance.gouv.fr/affichCode.do?idSectionTA=LEGISCTA000006189974&amp;cidTexte=LEGITEXT000006072050" ID="R32696">
<Titre>Code du travail : article L7232-6</Titre>
<Complement>Mise en œuvre des activités par des organismes mandataires et prestataires</Complement>
</Reference>
<Reference type="Texte de référence" URL="http://circulaires.legifrance.gouv.fr/pdf/2019/04/cir_44550.pdf" ID="R20067" format="application/pdf" poids="522.8 KB">
<Titre>Circulaire du 11 avril 2019 relative à la déclaration et à l'agrément des organismes de services à la personne</Titre>
<Source ID="R30656">Ministère chargé de l'économie</Source>
</Reference>
<ServiceEnLigne ID="R37481" URL="http://www.entreprises.gouv.fr/services-a-la-personne/annuaire-des-organismes-services-a-la-personne-0" type="Téléservice">
<Titre>Rechercher un organisme de services à la personne</Titre>
<Source ID="R30612">Ministère chargé des finances</Source>
</ServiceEnLigne>
<ServiceEnLigne ID="R18364" URL="https://www.cesu.urssaf.fr/info/accueil/utiliser-le-cesu/mon-compte-cesu/s-identifier-acceder-au-compte.html" type="Téléservice">
<Titre>Cesu en ligne</Titre>
<Source ID="R30863">Urssaf</Source>
</ServiceEnLigne>
<ServiceEnLigne ID="R18165" URL="http://www.pajemploi.urssaf.fr/pajewebinfo/cms/sites/pajewebinfo/accueil.html" type="Téléservice">
<Titre>Pajemploi en ligne</Titre>
<Source ID="R30607">Agence centrale des organismes de sécurité sociale (Acoss)</Source>
</ServiceEnLigne>
<PourEnSavoirPlus type="Information pratique" ID="R41385" URL="https://www.servicesalapersonne.gouv.fr/" audience="Particuliers">
<Titre>Site des services à la personne</Titre>
<Source ID="R30612">Ministère chargé des finances</Source>
</PourEnSavoirPlus>
<PourEnSavoirPlus type="Information pratique" ID="R41433" URL="http://www.net-particulier.fr" audience="Particuliers">
<Titre>Site officiel du particulier employeur et du salarié</Titre>
<Source ID="R30607">Agence centrale des organismes de sécurité sociale (Acoss)</Source>
</PourEnSavoirPlus>
<QuestionReponse ID="F13244" audience="Particuliers">Quelles sont les activités de services à la personne et comment y recourir ?</QuestionReponse>
<QuestionReponse ID="F2912" audience="Particuliers">Particulier employeur : à quoi sert le Cesu déclaratif et comment y adhérer ?</QuestionReponse>
<QuestionReponse ID="F2107" audience="Particuliers">Particulier employeur : comment payer son salarié avec un Cesu préfinancé ?</QuestionReponse>
<QuestionReponse ID="F1849" audience="Particuliers">Un particulier employeur peut-il embaucher un salarié étranger ?</QuestionReponse>
<QuestionReponse ID="F843" audience="Particuliers">Un particulier peut-il payer un auto-entrepreneur par Cesu préfinancé ?</QuestionReponse>
</Publication>
