<?xml version="1.0" encoding="UTF-8"?><Publication xmlns:dc="http://purl.org/dc/elements/1.1/" xmlns:xsi="http://www.w3.org/2001/XMLSchema-instance" ID="F1690" type="Fiche Question-réponse" xsi:noNamespaceSchemaLocation="../Schemas/3.0/Publication.xsd">
<dc:title>Qu'est-ce que la disponibilité d'office pour raison de santé du fonctionnaire ?</dc:title>
<dc:creator>Direction de l'information légale et administrative</dc:creator>
<dc:subject>Travail</dc:subject>
<dc:description>Dans certaines circonstances, un fonctionnaire physiquement inapte peut être placé en disponibilité d'office.</dc:description>
<dc:publisher>Direction de l'information légale et administrative</dc:publisher>
<dc:contributor>Direction de l'information légale et administrative (Premier ministre)</dc:contributor>
<dc:date>modified 2020-10-21</dc:date>
<dc:type>Question-réponse</dc:type>
<dc:format>text/xml</dc:format>
<dc:identifier>F1690</dc:identifier>
<dc:source>http://www.legifrance.gouv.fr/affichTexte.do?cidTexte=LEGITEXT000006068830, http://www.legifrance.gouv.fr/affichTexte.do?cidTexte=JORFTEXT000000320434, http://www.legifrance.gouv.fr/affichTexte.do?cidTexte=LEGITEXT000006068965, https://www.legifrance.gouv.fr/jo_pdf.do?id=JORFTEXT000000483725, https://www.legifrance.gouv.fr/affichTexte.do?cidTexte=JORFTEXT000000874302, https://www.legifrance.gouv.fr/loda/id/JORFTEXT000000502401/, https://www.legifrance.gouv.fr/loda/id/JORFTEXT000000704342/, https://www.legifrance.gouv.fr/affichTexte.do?cidTexte=LEGITEXT000006065530, http://www.legifrance.gouv.fr/affichTexte.do?cidTexte=JORFTEXT000000521836, http://www.legifrance.gouv.fr/affichTexte.do?cidTexte=JORFTEXT000000695289, https://www.legifrance.gouv.fr/loda/id/JORFTEXT000000871858, https://www.legifrance.gouv.fr/affichCodeArticle.do?idArticle=LEGIARTI000006738820&amp;cidTexte=LEGITEXT000006073189</dc:source>
<dc:language>Fr</dc:language>
<dc:relation>isPartOf N512</dc:relation>
<dc:coverage>France entière</dc:coverage>
<dc:rights>https://www.service-public.fr/a-propos/mentions-legales</dc:rights>
<SurTitre>Question-réponse</SurTitre>
<Audience>Particuliers</Audience>
<Canal>www.service-public.fr</Canal>
<FilDAriane>
<Niveau ID="Particuliers">Accueil particuliers</Niveau>
<Niveau ID="N19806">Travail</Niveau>
<Niveau ID="N512">Maladie ou accident du travail dans la fonction publique</Niveau>
<Niveau ID="F1690" type="Fiche Question-réponse">Qu'est-ce que la disponibilité d'office pour raison de santé du fonctionnaire ?</Niveau>
</FilDAriane>
<Theme ID="N19806">
<Titre>Travail</Titre>
</Theme>
<SousThemePere ID="N19965">Santé, sécurité et conditions de travail</SousThemePere><DossierPere ID="N512">
<Titre>Maladie ou accident du travail dans la fonction publique</Titre><SousDossier ID="N512-1">
<Titre>Pour un fonctionnaire</Titre>
<Fiche ID="F490">Arrêt maladie - Congé de maladie ordinaire (CMO)</Fiche>
<Fiche ID="F18089">Congé de longue maladie (CLM)</Fiche>
<Fiche ID="F18098">Congé de longue durée (CLD)</Fiche>
<Fiche ID="F33252">Accident de service ou maladie professionnelle</Fiche>
</SousDossier>
<SousDossier ID="N512-2">
<Titre>Pour un contractuel</Titre>
<Fiche ID="F491">Arrêt maladie</Fiche>
<Fiche ID="F547">Congé de grave maladie</Fiche>
</SousDossier>
</DossierPere>

<Introduction>
<Texte><Paragraphe>Dans certaines circonstances, un fonctionnaire physiquement inapte peut être placé en disponibilité d’office.
		
			Pendant sa disponibilité, il peut percevoir, dans certains cas, un revenu de remplacement.
		
			À la fin de la disponibilité, selon son aptitude physique, le fonctionnaire est réintégré ou mis en retraite pour invalidité ou licencié.</Paragraphe>
</Texte>
</Introduction>
<Texte><Chapitre>
<Titre>
<Paragraphe>Qui est concerné ?</Paragraphe>
</Titre><Paragraphe>Lorsque  vous avez épuisé vos droits à  <LienInterne LienPublication="F490" type="Fiche d'information" audience="Particuliers">congé de maladie ordinaire (CMO)</LienInterne>, à   <LienInterne LienPublication="F18089" type="Fiche d'information" audience="Particuliers">congé de longue maladie (CLM)</LienInterne>  ou à <LienInterne LienPublication="F18098" type="Fiche d'information" audience="Particuliers">congé de longue durée (CLD)</LienInterne>, vous pouvez être placé d'office en disponibilité pour les motifs suivants :</Paragraphe>
<Liste type="puce">
<Item>
<Paragraphe>Votre état de santé ne vous permet pas encore de reprendre votre travail et vous impose de rester en arrêt de travail</Paragraphe>
</Item>
<Item>
<Paragraphe>Vous avez été reconnu inapte aux fonctions correspondant à votre grade à la fin de votre congé de maladie et vous êtes en attente d'un reclassement sur un emploi compatible avec votre état de santé</Paragraphe>
</Item>
<Item>
<Paragraphe>Vous êtes en attente de l'avis du comité médical ou de la commission de reforme qui fixera votre situation (reprise de service, reclassement, mise en disponibilité, admission à la retraite).</Paragraphe>
</Item>
</Liste>

</Chapitre>
<Chapitre>
<Titre>
<Paragraphe>Durée de la disponibilité</Paragraphe>
</Titre><Paragraphe>La durée de la disponibilité d'office pour raison de santé est fixée à un 1 an maximum, renouvelable 2 fois 1 an maximum.</Paragraphe>
<Paragraphe>Exceptionnellement, elle peut être renouvelée une 3<Exposant>e</Exposant> fois   si le <LienInterne LienPublication="F18085" type="Fiche Question-réponse" audience="Particuliers">comité médical</LienInterne> estime que l’évolution de votre état de santé devrait vous permettre de reprendre vos fonctions ou d'être reclassé avant la fin de la 4<Exposant>e</Exposant> année.</Paragraphe>

</Chapitre>
<Chapitre>
<Titre>
<Paragraphe>Procédure</Paragraphe>
</Titre><Paragraphe>La mise en disponibilité d'office et le 1<Exposant>er</Exposant> renouvellement sont prononcés par l'administration après avis du comité médical.</Paragraphe>
<Paragraphe>En revanche, lors du 2<Exposant>e</Exposant> renouvellement et en cas de renouvellement exceptionnel une 3<Exposant>e</Exposant> fois,  c'est la <LienInterne LienPublication="F34669" type="Fiche Question-réponse" audience="Particuliers">commission de réforme</LienInterne> qui est consultée.</Paragraphe>

</Chapitre>
<Chapitre>
<Titre>
<Paragraphe>Indemnisation</Paragraphe>
</Titre><Paragraphe>Vous ne percevez plus votre rémunération. En revanche, vous pouvez percevoir les sommes suivantes de la part de votre administration :</Paragraphe>
<Liste type="puce">
<Item>
<Paragraphe>Indemnités journalières pendant 2 ans maximum si la disponibilité d'office intervient après un congé de maladie ordinaire d'un an</Paragraphe>
</Item>
<Item>
<Paragraphe>
<LienInterne LienPublication="F31234" type="Fiche d'information" audience="Particuliers">Allocation d'invalidité temporaire (AIT)</LienInterne>, lorsque vous n'avez  plus droit   à   indemnité journalière,  et si votre invalidité temporaire réduit votre capacité de travail au moins des 2/3</Paragraphe>
</Item>
<Item>
<Paragraphe>Allocations chômage si, ayant été reconnu partiellement inapte à l'exercice de vos fonctions, vous êtes mis en disponibilité d'office faute d'emploi vacant permettant votre reclassement.</Paragraphe>
</Item>
</Liste>
<Paragraphe>Si vous êtes placé en disponibilité dans l'attente de l'avis du comité médical ou de la commission de réforme, vous continuez à percevoir votre demi-traitement jusqu'à la date de la décision de reprise de service, de reclassement, de mise en disponibilité ou d'admission à la retraite.</Paragraphe>
<Paragraphe>L'indemnité journalière est égale à la moitié du traitement indiciaire et de l'indemnité de résidence, dans la limite de <Valeur>45,55 €</Valeur>, auquel s'ajoute le supplément familial de traitement (SFT) en totalité.</Paragraphe>
<ANoter>
<Titre>Exemple</Titre><Paragraphe>Agent rémunéré sur la base de l'indice majoré 431 affecté en zone 1 de résidence  :</Paragraphe>
<Liste type="puce">
<Item>
<Paragraphe>Le traitement indiciaire  est égal à (431 x <Valeur>17 375,78 €</Valeur> / 1200 / 30) = <Valeur>67,32 €</Valeur> par jour.</Paragraphe>
</Item>
<Item>
<Paragraphe>L'indemnité de résidence est égale à (431 x <Valeur>17 375,78 €</Valeur> / 1200 x <Valeur>3 %</Valeur> / 30) = <Valeur>2,02 €</Valeur> par jour.</Paragraphe>
</Item>
<Item>
<Paragraphe>Le supplément familial de traitement est égal à <Valeur>73,79 €</Valeur> / 30 = <Valeur>2,46 €</Valeur> par jour.</Paragraphe>
</Item>
</Liste>
<Paragraphe>L'indemnité est en conséquence égale à (67,32 + 2,02) / 2 + 2,46 = 34,67 + 2,46 = <Valeur>37,13 €</Valeur> par jour.</Paragraphe>
</ANoter><Paragraphe>L'indemnité est soumise en totalité à la <LienInterne LienPublication="R31257" type="Sigle">CSG</LienInterne> au taux de <Valeur>6,2 %</Valeur> et à la <LienInterne LienPublication="R31258" type="Sigle">CRDS</LienInterne> au taux de <Valeur>0,50 %</Valeur>.</Paragraphe>
<Paragraphe>Elle est imposable.</Paragraphe>

<ASavoir>
<Titre>À savoir</Titre><Paragraphe>l'administration doit obtenir l'avis du médecin conseil de la Sécurité sociale pour procéder à l'attribution des indemnités journalières.</Paragraphe>
</ASavoir>
</Chapitre>
<Chapitre>
<Titre>
<Paragraphe>Effets sur la carrière</Paragraphe>
</Titre><Paragraphe>La période de disponibilité n'est pas prise en compte pour l'avancement d'échelon et de grade.</Paragraphe>

</Chapitre>
<Chapitre>
<Titre>
<Paragraphe>Fin de la disponibilité</Paragraphe>
</Titre><Paragraphe>Votre réintégration est soumise à la vérification préalable par un médecin agréé et, éventuellement par le comité médical, de votre aptitude physique à exercer des  fonctions correspondant à votre grade.</Paragraphe>
<BlocCas affichage="radio"><Cas>
<Titre>
<Paragraphe>Aptitude physique</Paragraphe>
</Titre>
<BlocCas affichage="radio"><Cas>
<Titre>
<Paragraphe>Fonction publique d'État (FPE)</Paragraphe>
</Titre><Paragraphe>Si vous êtes apte à reprendre un emploi correspondant à votre grade, vous êtes réintégré sur l'un des 3 premiers emplois vacant dans votre grade.</Paragraphe>
<Paragraphe>Vous êtes maintenu en disponibilité en attendant.</Paragraphe>
<Paragraphe>Si vous refusez successivement 3 propositions d'emploi, vous pouvez être licencié après avis de la <LienInterne LienPublication="R24436" type="Sigle">CAP</LienInterne>.</Paragraphe>

</Cas>
<Cas>
<Titre>
<Paragraphe>Territoriale (FPT)</Paragraphe>
</Titre><Paragraphe>Si vous êtes apte à reprendre un emploi correspondant à votre grade, vous êtes réintégré dans l'emploi que vous occupiez avant vote congé de maladie si votre disponibilité n'a pas duré plus de 6 mois.</Paragraphe>
<Paragraphe>Si votre disponibilité a dépassé 6 mois, vous êtes réintégré  à la 1<Exposant>re</Exposant> vacance ou création d'emploi correspondant à votre grade.</Paragraphe>
<Paragraphe>En l'absence d'emploi vacant, vous êtes réintégré en surnombre pendant 1 an dans votre collectivité.</Paragraphe>
<Paragraphe>À la fin de ce délai d'un an, en l'absence d'emploi correspondant à votre grade, vous êtes pris en charge par le centre de gestion ou le <LienInterne LienPublication="R24435" type="Sigle">CNFPT</LienInterne> dans les mêmes conditions qu'un  <LienInterne LienPublication="F3030" type="Fiche d'information" audience="Particuliers">fonctionnaire dont l'emploi est supprimé</LienInterne>.  Vous êtes prioritaire pour être affecté dans un emploi correspondant à votre grade dans votre collectivité d'origine.</Paragraphe>
<Paragraphe>Si vous refusez successivement 3 propositions d'emploi, vous pouvez être licencié après avis de la <LienInterne LienPublication="R24436" type="Sigle">CAP</LienInterne>.</Paragraphe>

</Cas>
<Cas>
<Titre>
<Paragraphe>Hospitalière (FPH)</Paragraphe>
</Titre><Paragraphe>Si vous êtes apte à reprendre un emploi correspondant à votre grade, vous êtes réintégré dans l'emploi que vous occupiez avant votre congé de maladie.</Paragraphe>
<Paragraphe>Si vous refusez successivement 3 propositions d'emploi, vous pouvez être licencié après avis de la <LienInterne LienPublication="R24436" type="Sigle">CAP</LienInterne>.</Paragraphe>

</Cas>
</BlocCas>
</Cas>
<Cas>
<Titre>
<Paragraphe>Inaptitude partielle</Paragraphe>
</Titre><Paragraphe>Si vous êtes partiellement inapte à l'exercice de vos fonctions,  le comité médical peut proposer l'adaptation de votre poste de travail.
		
			
        Si cette adaptation n’est pas possible, le comité peut proposer un <LienInterne LienPublication="F549" type="Fiche Question-réponse" audience="Particuliers">reclassement</LienInterne>.</Paragraphe>

</Cas>
<Cas>
<Titre>
<Paragraphe>Inaptitude totale définitive</Paragraphe>
</Titre><Paragraphe>Si vous êtes définitivement inapte à l'exercice de toute fonction, vous êtes mis à la <LienInterne LienPublication="F550" type="Fiche d'information" audience="Particuliers">retraite pour invalidité</LienInterne> ou licencié sans indemnité, si vous n'avez pas droit à pension.</Paragraphe>

</Cas>
</BlocCas>

</Chapitre>
</Texte><Reference type="Texte de référence" URL="http://www.legifrance.gouv.fr/affichTexte.do?cidTexte=LEGITEXT000006068830" ID="R1819">
<Titre>Loi n°84-16 du 11 janvier 1984 portant dispositions statutaires relatives à la FPE</Titre>
<Complement>Article 51</Complement>
</Reference>
<Reference type="Texte de référence" URL="http://www.legifrance.gouv.fr/affichTexte.do?cidTexte=JORFTEXT000000320434" ID="R1820">
<Titre>Loi n°84-53 du 26 janvier 1984 portant dispositions statutaires relatives à la FPT</Titre>
<Complement>Articles 72, 85-1</Complement>
</Reference>
<Reference type="Texte de référence" URL="http://www.legifrance.gouv.fr/affichTexte.do?cidTexte=LEGITEXT000006068965" ID="R1821">
<Titre>Loi n°86-33 du 9 janvier 1986 portant dispositions statutaires relatives à la FPH</Titre>
<Complement>Article 62</Complement>
</Reference>
<Reference type="Texte de référence" URL="https://www.legifrance.gouv.fr/jo_pdf.do?id=JORFTEXT000000483725" ID="R18802">
<Titre>Décret n°47-2045 du 20 octobre 1947 relatif à l'institution du régime de sécurité sociale des fonctionnaires</Titre>
</Reference>
<Reference type="Texte de référence" URL="https://www.legifrance.gouv.fr/affichTexte.do?cidTexte=JORFTEXT000000874302" ID="R218">
<Titre>Décret n°60-58 du 11 janvier 1960 relatif au régime de sécurité sociale des agents permanents des départements, des communes et de leurs établissements publics non industriel ou commercial</Titre>
<Complement>Article 4</Complement>
</Reference>
<Reference type="Texte de référence" URL="https://www.legifrance.gouv.fr/loda/id/JORFTEXT000000502401/" ID="R13186">
<Titre>Décret n°85-986 du 16 septembre 1985 relatif aux positions administratives, à la mise à disposition, à l'intégration et à la cessation définitive de fonctions dans la FPE</Titre>
<Complement>Articles 43, 49</Complement>
</Reference>
<Reference type="Texte de référence" URL="https://www.legifrance.gouv.fr/loda/id/JORFTEXT000000704342/" ID="R13188">
<Titre>Décret n°86-68 du 13 janvier 1986 relatif aux positions de détachement, hors cadres, de disponibilité, de congé parental et à l'intégration dans la FPT</Titre>
<Complement>Articles 19, 26</Complement>
</Reference>
<Reference type="Texte de référence" URL="https://www.legifrance.gouv.fr/affichTexte.do?cidTexte=LEGITEXT000006065530" ID="R2389">
<Titre>Décret n°86-442 du 14 mars 1986 relatif aux médecins agréés, aux comités médicaux et commissions de réforme, aux conditions d'aptitude physique et aux congés de maladie des fonctionnaires</Titre>
<Complement>Article 48</Complement>
</Reference>
<Reference type="Texte de référence" URL="http://www.legifrance.gouv.fr/affichTexte.do?cidTexte=JORFTEXT000000521836" ID="R2345">
<Titre>Décret n°87-602 du 30 juillet 1987 relatif à l'organisation des comités médicaux, aux conditions d'aptitude physique et au régime des congés de maladie des fonctionnaires territoriaux</Titre>
<Complement>Article 38</Complement>
</Reference>
<Reference type="Texte de référence" URL="http://www.legifrance.gouv.fr/affichTexte.do?cidTexte=JORFTEXT000000695289" ID="R2396">
<Titre>Décret n°88-386 du 19 avril 1988 relatif aux conditions d'aptitude physique et aux congés de maladie des agents de la fonction publique hospitalière</Titre>
<Complement>Article 36</Complement>
</Reference>
<Reference type="Texte de référence" URL="https://www.legifrance.gouv.fr/loda/id/JORFTEXT000000871858" ID="R13189">
<Titre>Décret n°88-976 du 13 octobre 1988 relatif au régime particulier de certaines positions, à l'intégration et à certaines modalités de mise à disposition dans la FPH</Titre>
<Complement>Articles 29</Complement>
</Reference>
<Reference type="Texte de référence" URL="https://www.legifrance.gouv.fr/affichCodeArticle.do?idArticle=LEGIARTI000006738820&amp;cidTexte=LEGITEXT000006073189" ID="R46006">
<Titre>Code de la sécurité sociale : article D712-12</Titre>
</Reference>
<Abreviation ID="R24436" type="Sigle">
<Titre>CAP</Titre>
<Texte>
<Paragraphe>Commission administrative paritaire</Paragraphe>
</Texte>
</Abreviation>
<Abreviation ID="R24435" type="Sigle">
<Titre>CNFPT</Titre>
<Texte>
<Paragraphe>Centre national de la fonction publique territoriale</Paragraphe>
</Texte>
</Abreviation>
<Abreviation ID="R31257" type="Sigle">
<Titre>CSG</Titre>
<Texte>
<Paragraphe>Contribution sociale généralisée</Paragraphe>
</Texte>
</Abreviation>
<Abreviation ID="R31258" type="Sigle">
<Titre>CRDS</Titre>
<Texte>
<Paragraphe>Contribution pour le remboursement de la dette sociale</Paragraphe>
</Texte>
</Abreviation>
</Publication>
