<?xml version="1.0" encoding="UTF-8"?><Publication xmlns:dc="http://purl.org/dc/elements/1.1/" xmlns:xsi="http://www.w3.org/2001/XMLSchema-instance" ID="F1725" type="Fiche Question-réponse" xsi:noNamespaceSchemaLocation="../Schemas/3.0/Publication.xsd">
<dc:title>Quels sont les droits sur le logement du conjoint du défunt ?</dc:title>
<dc:creator>Direction de l'information légale et administrative</dc:creator>
<dc:subject>Famille</dc:subject>
<dc:description>Les droits sur le logement dépendent de votre lien avec le défunt (mariage, Pacs ou union libre) et de votre situation (locataire ou propriétaire).</dc:description>
<dc:publisher>Direction de l'information légale et administrative</dc:publisher>
<dc:contributor>Direction de l'information légale et administrative (Premier ministre)</dc:contributor>
<dc:date>modified 2020-04-08</dc:date>
<dc:type>Question-réponse</dc:type>
<dc:format>text/xml</dc:format>
<dc:identifier>F1725</dc:identifier>
<dc:source>http://www.legifrance.gouv.fr/affichCodeArticle.do?idArticle=LEGIARTI000006443079&amp;cidTexte=LEGITEXT000006070721, http://www.legifrance.gouv.fr/affichCode.do?idArticle=LEGIARTI000006431113&amp;idSectionTA=LEGISCTA000006165519&amp;cidTexte=LEGITEXT000006070721&amp;dateTexte=vig, http://www.legifrance.gouv.fr/affichCode.do?idSectionTA=LEGISCTA000006181794&amp;cidTexte=LEGITEXT000006070721&amp;, https://www.legifrance.gouv.fr/affichTexteArticle.do?idArticle=LEGIARTI000006475109&amp;cidTexte=JORFTEXT000000509310, http://www.legifrance.gouv.fr/affichTexteArticle.do?idArticle=LEGIARTI000020459174&amp;cidTexte=LEGITEXT000006069108, http://www.legifrance.gouv.fr/affichTexteArticle.do?idArticle=LEGIARTI000006462951&amp;cidTexte=LEGITEXT000006068038</dc:source>
<dc:language>Fr</dc:language>
<dc:relation>isPartOf N173</dc:relation>
<dc:coverage>France entière</dc:coverage>
<dc:rights>https://www.service-public.fr/a-propos/mentions-legales</dc:rights>
<SurTitre>Question-réponse</SurTitre>
<Audience>Particuliers</Audience>
<Canal>www.service-public.fr</Canal>
<FilDAriane>
<Niveau ID="Particuliers">Accueil particuliers</Niveau>
<Niveau ID="N19805">Famille</Niveau>
<Niveau ID="N173">Héritage : ordre et droits des héritiers</Niveau>
<Niveau ID="F1725" type="Fiche Question-réponse">Quels sont les droits sur le logement du conjoint du défunt ?</Niveau>
</FilDAriane>
<Theme ID="N19805">
<Titre>Famille</Titre>
</Theme>
<SousThemePere ID="N20090">Succession</SousThemePere><DossierPere ID="N173">
<Titre>Héritage : ordre et droits des héritiers</Titre>
<Fiche ID="F1270">Défunt ayant eu des enfants</Fiche>
<Fiche ID="F1632">Défunt sans enfant</Fiche>
</DossierPere>

<Texte><Paragraphe>Votre droit de rester dans le logement dépend de votre lien avec le défunt (mariage,  <LienInterne LienPublication="R45368" type="Sigle">Pacs</LienInterne> ou union libre). Il dépend également du contrat qui vous lie à votre logement (<LienInterne LienPublication="F1159" type="Fiche Question-réponse" audience="Particuliers">location</LienInterne> ou propriété).</Paragraphe>
<Paragraphe>Ainsi, selon votre situation, vous pourrez  soit rester temporairement dans les lieux, soit habiter le logement à vie. L'occupation du logement peut aussi vous être interdite.</Paragraphe>
<Paragraphe>Dans tous les cas, le droit de rester dans le logement est valable uniquement pour la <LienIntra LienID="R1064" type="Définition de glossaire">résidence principale</LienIntra>.</Paragraphe>

</Texte>
<ListeSituations affichage="onglet"><Situation>
<Titre>Vous étiez mariés</Titre>
<Texte>
<Chapitre><Paragraphe>Si vous étiez <LienInterne LienPublication="N142" type="Dossier" audience="Particuliers">mariés</LienInterne> avec le défunt, vous pouvez  rester dans le logement à vie. Ce droit  est valable quelque soit le contrat qui vous lie au logement (<LienInterne LienPublication="F1159" type="Fiche Question-réponse" audience="Particuliers">location</LienInterne> ou propriété). Toutefois, si votre époux était propriétaire en <LienIntra LienID="R12717" type="Définition de glossaire">indivision</LienIntra>  avec d'autres personnes, votre droit d'occuper le logement sera temporaire.</Paragraphe>
<BlocCas affichage="radio"><Cas>
<Titre>
<Paragraphe>Vous étiez locataires</Paragraphe>
</Titre><Paragraphe>Si vous étiez locataires de votre logement, vous avez le droit de rester dans les lieux à vie, même si le bail a été conclu au seul nom de votre conjoint.</Paragraphe>
<Paragraphe>Pendant l'année qui suit le décès, vous devrez payer les loyers. Toutefois, vous pourrez demander  leur remboursement  sur la <LienInterne LienPublication="N171" type="Dossier" audience="Particuliers">succession</LienInterne>.</Paragraphe>
<ANoter>
<Titre>À noter</Titre><Paragraphe>si vous viviez séparément au moment du décès, vous bénéficiez du transfert du bail à votre nom. En cas de conflit avec d'autres personnes demandant le transfert du bail (par exemple : un parent  vivant avec le défunt depuis plus d'1 an), c'est le juge qui  décidera l'attribution du logement.</Paragraphe>
</ANoter>
</Cas>
<Cas>
<Titre>
<Paragraphe>Vous étiez propriétaires</Paragraphe>
</Titre>
<BlocCas affichage="radio"><Cas>
<Titre>
<Paragraphe>Vous étiez les seuls propriétaires</Paragraphe>
</Titre><Paragraphe>Vous avez le droit d'habiter dans le logement à vie après le décès de votre époux.</Paragraphe>

</Cas>
<Cas>
<Titre>
<Paragraphe>Vous étiez propriétaires en indivision avec une ou plusieurs personnes</Paragraphe>
</Titre><Paragraphe>Si vous étiez propriétaires en <LienIntra LienID="R12717" type="Définition de glossaire">indivision</LienIntra> avec une ou plusieurs personnes, vous pouvez habiter dans le logement à vie après le décès de votre époux.</Paragraphe>
<ANoter>
<Titre>Exemple</Titre><Paragraphe>Vous bénéficiez de ce droit lorsque le logement appartenait pour la moitié à vous et votre époux et pour la moitié à vos enfants.</Paragraphe>
</ANoter>
</Cas>
<Cas>
<Titre>
<Paragraphe>Votre époux était seul propriétaire</Paragraphe>
</Titre><Paragraphe>Si votre époux était le seul propriétaire, vous avez le droit d'habiter dans le logement à vie après son décès.</Paragraphe>

</Cas>
<Cas>
<Titre>
<Paragraphe>Votre époux était propriétaire en indivision avec d'autres personnes</Paragraphe>
</Titre><Paragraphe>Si votre époux défunt était propriétaire  en <LienIntra LienID="R12717" type="Définition de glossaire">indivision</LienIntra> avec d'autres personnes, vous avez le droit d'habiter dans le logement pendant 1 an après son décès.</Paragraphe>
<ANoter>
<Titre>Exemple</Titre><Paragraphe>Vous bénéficiez de ce droit lorsque le logement appartenait pour 1/3 à votre époux et pour 2/3 à ses frères.</Paragraphe>
</ANoter>
</Cas>
</BlocCas>
</Cas>
</BlocCas>
<ANoter>
<Titre>À noter</Titre><Paragraphe>vous continuez de bénéficier du droit d'habiter dans le logement, même si vous vous remariez.</Paragraphe>
</ANoter>
</Chapitre>
</Texte>
</Situation>
<Situation>
<Titre>Vous étiez pacsés</Titre>
<Texte>
<Chapitre><Paragraphe>Si vous étiez <LienInterne LienPublication="N144" type="Dossier" audience="Particuliers">pacsé</LienInterne> avec le défunt, votre droit d'habiter le logement est différent selon que vous étiez <LienInterne LienPublication="F1159" type="Fiche Question-réponse" audience="Particuliers">locataires</LienInterne> ou propriétaires.</Paragraphe>
<BlocCas affichage="radio"><Cas>
<Titre>
<Paragraphe>Vous étiez locataires</Paragraphe>
</Titre>
<BlocCas affichage="radio"><Cas>
<Titre>
<Paragraphe>Vous êtes cotitulaires du bail</Paragraphe>
</Titre><Paragraphe>Vous bénéficiez bénéficie d'un droit exclusif sur le bail (les héritiers du défunt n'ont pas de droits sur le bail) :</Paragraphe>
<Liste type="puce">
<Item>
<Paragraphe>si les 2 partenaires avaient  signé le bail,</Paragraphe>
</Item>
<Item>
<Paragraphe>ou si l'un des partenaires de Pacs n'avait pas signé le bail, mais que les 2 partenaires avaient conjointement demandé au bailleur d'en   être cotitulaires.</Paragraphe>
</Item>
</Liste>
<Paragraphe>Toutefois, vous pouvez formellement renoncer au bail.</Paragraphe>

</Cas>
<Cas>
<Titre>
<Paragraphe>Seul le défunt est titulaire du bail</Paragraphe>
</Titre><Paragraphe> Vous bénéficiez du transfert du bail. Toutefois, d'autres proches (<LienIntra LienID="R12574" type="Définition de glossaire">descendants</LienIntra>, <LienIntra LienID="R12668" type="Définition de glossaire">ascendants</LienIntra>, ...) ont le droit de réclamer l'attribution du bail.  En cas de conflit, il revient au juge des contentieux de la protection de décider.</Paragraphe>

</Cas>
</BlocCas>
</Cas>
<Cas>
<Titre>
<Paragraphe>Vous étiez propriétaires</Paragraphe>
</Titre>
<BlocCas affichage="radio"><Cas>
<Titre>
<Paragraphe>Vous étiez propriétaires en indivision</Paragraphe>
</Titre><Paragraphe>Vous pouvez habiter dans le logement pendant 1 an après le décès sauf si le défunt vous a privé de ce droit dans un <LienInterne LienPublication="F770" type="Fiche d'information" audience="Particuliers">testament</LienInterne>.</Paragraphe>
<Paragraphe>Vous pouvez également bénéficier de <LienIntra LienID="R16209" type="Définition de glossaire">l'attribution préférentielle</LienIntra> du logement :</Paragraphe>
<Liste type="puce">
<Item>
<Paragraphe>si le défunt l'avait prévu dans un testament</Paragraphe>
</Item>
<Item>
<Paragraphe>ou en le demandant au notaire au moment du partage des biens et en versant une <LienIntra LienID="R1038" type="Définition de glossaire">soulte</LienIntra>.</Paragraphe>
</Item>
</Liste>

</Cas>
<Cas>
<Titre>
<Paragraphe>Votre partenaire était seul propriétaire</Paragraphe>
</Titre><Paragraphe>Vous pouvez habiter dans le logement pendant 1 an après le décès, sauf si le défunt a prévu le contraire dans un <LienInterne LienPublication="F770" type="Fiche d'information" audience="Particuliers">testament</LienInterne>.</Paragraphe>

</Cas>
</BlocCas>
</Cas>
</BlocCas>

</Chapitre>
</Texte>
</Situation>
<Situation>
<Titre>Vous étiez en union libre</Titre>
<Texte>
<Chapitre><Paragraphe>Si vous viviez en <LienInterne LienPublication="N143" type="Dossier" audience="Particuliers">union libre</LienInterne> (ou <Expression>concubinage</Expression>) avec le défunt, votre droit d'habiter le logement est différent selon que vous étiez <LienInterne LienPublication="F1159" type="Fiche Question-réponse" audience="Particuliers">locataires</LienInterne> ou propriétaires.</Paragraphe>
<BlocCas affichage="radio"><Cas>
<Titre>
<Paragraphe>Vous étiez locataires</Paragraphe>
</Titre>
<BlocCas affichage="radio"><Cas>
<Titre>
<Paragraphe>Le bail a été signé par vous 2</Paragraphe>
</Titre><Paragraphe>Vous avez le droit exclusif sur le bail. Vous pouvez donc rester dans les lieux.</Paragraphe>

</Cas>
<Cas>
<Titre>
<Paragraphe>Bail signé par le défunt</Paragraphe>
</Titre>
<BlocCas affichage="radio"><Cas>
<Titre>
<Paragraphe>Cas général</Paragraphe>
</Titre><Paragraphe>Vous bénéficiez du transfert de bail si :</Paragraphe>
<Liste type="puce">
<Item>
<Paragraphe>vous viviez avec le défunt  depuis au moins 1 an avant le décès</Paragraphe>
</Item>
<Item>
<Paragraphe>et que le concubinage était notoire (relations continues, stables et connues).</Paragraphe>
</Item>
</Liste>
<Paragraphe>La preuve de ce concubinage peut se faire par tout moyen : attestation des proches, factures, <LienInterne LienPublication="F1433" type="Fiche d'information" audience="Particuliers">certificat de vie commune</LienInterne>, etc.</Paragraphe>
<Paragraphe>Si votre concubinage a duré moins d'1 an, vous devrez obtenir l'accord du bailleur et signer un nouveau bail.</Paragraphe>

</Cas>
<Cas>
<Titre>
<Paragraphe>Logement social</Paragraphe>
</Titre><Paragraphe>Vous bénéficiez du transfert de bail si  le concubinage était notoire (relations continues, stables et connues). La preuve de ce concubinage peut se faire par tout moyen : attestation des proches, factures, <LienInterne LienPublication="F1433" type="Fiche d'information" audience="Particuliers">certificat de vie commune</LienInterne>, etc.</Paragraphe>

</Cas>
<Cas>
<Titre>
<Paragraphe>Logement régi par la loi de 1948</Paragraphe>
</Titre><Paragraphe>Dans le cas d'un <LienInterne LienPublication="F1219" type="Fiche Question-réponse" audience="Particuliers">logement soumis à la loi de 1948</LienInterne>, vous ne pouvez pas rester dans les lieux, sauf si vous êtes en situation de handicap et que vous prouver le concubinage.</Paragraphe>

</Cas>
</BlocCas>
</Cas>
</BlocCas>
</Cas>
<Cas>
<Titre>
<Paragraphe>Vous étiez propriétaires</Paragraphe>
</Titre>
<BlocCas affichage="radio"><Cas>
<Titre>
<Paragraphe>Vous étiez propriétaires en indivision</Paragraphe>
</Titre><Paragraphe>Si vous étiez propriétaires en <LienIntra LienID="R12717" type="Définition de glossaire">indivision</LienIntra>, vous n'avez pas de droit à rester dans le logement.</Paragraphe>
<Paragraphe>En effet, lorsqu'un concubin décède, sa part revient à ses héritiers. Ces derniers peuvent décider de vendre le logement lors du partage.</Paragraphe>
<Paragraphe>Toutefois, si vous avez des enfants mineurs en commun, vous pouvez demander au juge le maintien de l'indivision.</Paragraphe>
<Paragraphe>Vous pouvez également avoir prévu à l'avance de maintenir  dans les lieux chaque concubin :</Paragraphe>
<Liste type="puce">
<Item>
<Paragraphe>soit en  léguant sa part à l'autre dans un <LienInterne LienPublication="F770" type="Fiche d'information" audience="Particuliers">testament</LienInterne>,</Paragraphe>
</Item>
<Item>
<Paragraphe>soit en prévoyant une <Expression>clause de rachat</Expression> dans une convention d'indivision. Il s'agit d'une clause qui prévoit qu'en cas de décès d'un concubin, l'autre pourra acquérir sa part en priorité.</Paragraphe>
</Item>
</Liste>

</Cas>
<Cas>
<Titre>
<Paragraphe>Votre concubin était le seul propriétaire</Paragraphe>
</Titre><Paragraphe>Vous n'avez pas de droit à rester dans le logement. Les héritiers de votre concubin peuvent vous obliger à quitter le logement.</Paragraphe>
<Paragraphe>Pour vous permettre de rester dans les lieux, votre concubin peut toutefois avoir prévu à l'avance de vous léguer <LienIntra LienID="R44557" type="Définition de glossaire">l'usufruit</LienIntra> du logement dans un <LienInterne LienPublication="F770" type="Fiche d'information" audience="Particuliers">testament</LienInterne>.</Paragraphe>

</Cas>
</BlocCas>
</Cas>
</BlocCas>
<ASavoir>
<Titre>À savoir</Titre><Paragraphe>vous pouvez également avoir acheté votre logement par le biais d'une <LienExterne URL="https://www.anil.org/votre-projet/vous-achetez-vous-construisez/votre-situation/union-libre/">société civile immobilière (SCI)</LienExterne>

. Dans ce cas, les statuts de la SCI peuvent prévoir le maintien dans le logement.</Paragraphe>
</ASavoir>
</Chapitre>
</Texte>
</Situation>
</ListeSituations><VoirAussi important="non">
<Dossier ID="N173" audience="Particuliers">
<Titre>Héritage : ordre et droits des héritiers</Titre>
<Theme ID="N19805">
<Titre>Famille</Titre>
</Theme>
</Dossier>
<Dossier ID="N171" audience="Particuliers">
<Titre>Règlement d'une succession</Titre>
<Theme ID="N19805">
<Titre>Famille</Titre>
</Theme>
</Dossier>
<Dossier ID="N16265" audience="Particuliers">
<Titre>Testament</Titre>
<Theme ID="N19805">
<Titre>Famille</Titre>
</Theme>
</Dossier>
</VoirAussi>

<OuSAdresser ID="R18478" type="Local personnalisable">
<Titre>Notaire</Titre>
<PivotLocal>notaire</PivotLocal>
<RessourceWeb URL="http://www.notaires.fr/fr/annuaires-notaire"/>
</OuSAdresser>
<OuSAdresser ID="R5" type="Local personnalisé sur SP">
<Titre>Agence départementale pour l'information sur le logement (Adil)</Titre>
<PivotLocal>adil</PivotLocal>
<RessourceWeb URL="https://www.anil.org/lanil-et-les-adil/votre-adil/"/>
<Source ID="R30676">Agence nationale pour l'information sur le logement (Anil)</Source>
</OuSAdresser>
<Reference type="Texte de référence" URL="http://www.legifrance.gouv.fr/affichCodeArticle.do?idArticle=LEGIARTI000006443079&amp;cidTexte=LEGITEXT000006070721" ID="R511">
<Titre>Code civil : article 1751</Titre>
<Complement>Cotitularité du bail</Complement>
</Reference>
<Reference type="Texte de référence" URL="http://www.legifrance.gouv.fr/affichCode.do?idArticle=LEGIARTI000006431113&amp;idSectionTA=LEGISCTA000006165519&amp;cidTexte=LEGITEXT000006070721&amp;dateTexte=vig" ID="R516">
<Titre>Code civil : articles 763 à 766</Titre>
<Complement>Droit au logement temporaire du conjoint</Complement>
</Reference>
<Reference type="Texte de référence" URL="http://www.legifrance.gouv.fr/affichCode.do?idSectionTA=LEGISCTA000006181794&amp;cidTexte=LEGITEXT000006070721&amp;" ID="R34172">
<Titre>Code civil : articles 831 à 834</Titre>
<Complement>Attributions préférentielles</Complement>
</Reference>
<Reference type="Texte de référence" URL="https://www.legifrance.gouv.fr/affichTexteArticle.do?idArticle=LEGIARTI000006475109&amp;cidTexte=JORFTEXT000000509310" ID="R36146">
<Titre>Loi n°89-462 du 6 juillet 1989 sur les rapports locatifs : article 14</Titre>
<Complement>Transfert du bail en cas décès</Complement>
</Reference>
<Reference type="Texte de référence" URL="http://www.legifrance.gouv.fr/affichTexteArticle.do?idArticle=LEGIARTI000020459174&amp;cidTexte=LEGITEXT000006069108" ID="R36140">
<Titre>Loi n°89-462 du 6 juillet 1989 relative aux rapports locatifs : article 40</Titre>
<Complement>Transfert du bail en cas de décès (logement social)</Complement>
</Reference>
<Reference type="Texte de référence" URL="http://www.legifrance.gouv.fr/affichTexteArticle.do?idArticle=LEGIARTI000006462951&amp;cidTexte=LEGITEXT000006068038" ID="R36309">
<Titre>Loi n°48-1360 du 1er septembre 1948 sur les rapports locatifs : article 5</Titre>
<Complement>Maintien dans les lieux (location dite "loi de 48")</Complement>
</Reference>
<Definition ID="R12668">
<Titre>Ascendant</Titre>
<Texte>
				<Paragraphe>Personne dont on est issu : parents, grands-parents, arrière-grands-parents,... </Paragraphe>
			</Texte>
</Definition>
<Definition ID="R1038">
<Titre>Soulte</Titre>
<Texte>
				<Paragraphe>Somme d'argent devant être versée à l'occasion d'un partage par une personne recevant une part ou un bien d'une valeur plus élevée que celle à laquelle ses droits lui permettent de prétendre </Paragraphe>
			</Texte>
</Definition>
<Definition ID="R12717">
<Titre>Indivision</Titre>
<Texte>
				<Paragraphe>Situation dans laquelle deux ou plusieurs personnes sont propriétaires ensemble d'une même chose ou d'un même ensemble de choses (exemples : maison, portefeuille de titres, meubles, bijoux)</Paragraphe>
			</Texte><Reference type="Texte de référence" URL="http://www.legifrance.gouv.fr/affichCode.do?idSectionTA=LEGISCTA000006136538&amp;cidTexte=LEGITEXT000006070721" ID="R18644">
<Titre>Code civil : articles 815 à 815-1</Titre>
</Reference>
</Definition>
<Definition ID="R44557">
<Titre>Usufruit</Titre>
<Texte>
				<Paragraphe>Droit réel de jouissance qui confère à son titulaire (l'usufruitier) le droit d'utiliser le bien et d'en percevoir des revenus locatifs, sans pouvoir en disposer, notamment le vendre</Paragraphe>
			</Texte>
</Definition>
<Definition ID="R12574">
<Titre>Descendant</Titre>
<Texte>
				<Paragraphe>Enfant, petit-enfant, arrière petit-enfant</Paragraphe>
			</Texte>
</Definition>
<Definition ID="R16209">
<Titre>Attribution préférentielle</Titre>
<Texte>
				<Paragraphe>Dans un partage de biens (par exemple : suite à une succession ou un divorce), droit donné à une personne de se voir attribuer en priorité un bien (ferme, maison...) par rapport aux autres copartageants (par exemple : les héritiers)</Paragraphe>
			</Texte><Reference type="Texte de référence" URL="http://www.legifrance.gouv.fr/affichCode.do?idSectionTA=LEGISCTA000006181794&amp;cidTexte=LEGITEXT000006070721&amp;" ID="R34172">
<Titre>Code civil : articles 831 à 834</Titre>
</Reference>
</Definition>
<Definition ID="R1064">
<Titre>Résidence principale du locataire</Titre>
<Texte>
				<Paragraphe>Logement occupé au moins 8 mois par an (sauf obligation professionnelle, raison de santé ou cas de force majeure), soit par le locataire ou la personne avec laquelle il vit, soit par une personne à charge</Paragraphe>
			</Texte><Reference type="Texte de référence" URL="http://www.legifrance.gouv.fr/affichTexteArticle.do?idArticle=LEGIARTI000006475021&amp;cidTexte=LEGITEXT000006069108" ID="R36304">
<Titre>Loi n°89-462 du 6 juillet 1989 relative aux rapports locatifs : article 2</Titre>
</Reference>
</Definition>
<Abreviation ID="R45368" type="Sigle">
<Titre>Pacs</Titre>
<Texte>
<Paragraphe>Pacte civil de solidarité</Paragraphe>
</Texte>
</Abreviation>
<QuestionReponse ID="F1159" audience="Particuliers">Location d'un logement par un couple marié : quelles sont les règles ?</QuestionReponse>
<QuestionReponse ID="F2565" audience="Particuliers">Location d'un logement par un couple pacsé : quelles sont les règles ?</QuestionReponse>
<QuestionReponse ID="F2562" audience="Particuliers">Location d'un logement par des concubins : quelles sont les règles ?</QuestionReponse>
<QuestionReponse ID="F1621" audience="Particuliers">Décès du partenaire de Pacs : quelles sont les règles de succession ?</QuestionReponse>
<CommentFaireSi ID="F17649">J'organise ma succession</CommentFaireSi>
<CommentFaireSi ID="F16507">Je dois faire face au décès d'un proche</CommentFaireSi>
</Publication>
