<?xml version="1.0" encoding="UTF-8"?><Publication xmlns:dc="http://purl.org/dc/elements/1.1/" xmlns:xsi="http://www.w3.org/2001/XMLSchema-instance" ID="F1727" type="Fiche d'information" xsi:noNamespaceSchemaLocation="../Schemas/3.0/Publication.xsd">
<dc:title>Perte du permis de conduire</dc:title>
<dc:creator>Direction de l'information légale et administrative</dc:creator>
<dc:subject>Transports</dc:subject>
<dc:description>Si vous avez perdu votre permis de conduire, il faut faire une déclaration de perte et une demande de renouvellement.</dc:description>
<dc:publisher>Direction de l'information légale et administrative</dc:publisher>
<dc:contributor>Direction de l'information légale et administrative (Premier ministre)</dc:contributor>
<dc:date>modified 2020-08-11</dc:date>
<dc:type>Fiche pratique</dc:type>
<dc:format>text/xml</dc:format>
<dc:identifier>F1727</dc:identifier>
<dc:source>http://eur-lex.europa.eu/legal-content/FR/TXT/?uri=celex:32006L0126, https://www.legifrance.gouv.fr/affichCode.do?idSectionTA=LEGISCTA000032465124&amp;cidTexte=LEGITEXT000006074228, http://www.legifrance.gouv.fr/affichCode.do?idSectionTA=LEGISCTA000006159566&amp;cidTexte=LEGITEXT000006074228, http://www.legifrance.gouv.fr/affichCode.do?idSectionTA=LEGISCTA000006159569&amp;cidTexte=LEGITEXT000006074228, https://www.legifrance.gouv.fr/codes/article_lc/LEGIARTI000020548838/, https://www.legifrance.gouv.fr/affichTexte.do?cidTexte=JORFTEXT000037864428, https://www.legifrance.gouv.fr/affichTexte.do?cidTexte=JORFTEXT000038114826, http://www.legifrance.gouv.fr/affichTexte.do?cidTexte=JORFTEXT000025803494, http://circulaire.legifrance.gouv.fr/pdf/2013/08/cir_37399.pdf</dc:source>
<dc:language>Fr</dc:language>
<dc:relation>isPartOf N530</dc:relation>
<dc:coverage>France entière</dc:coverage>
<dc:rights>https://www.service-public.fr/a-propos/mentions-legales</dc:rights>
<SurTitre>Fiche pratique</SurTitre>
<Audience>Particuliers</Audience>
<Canal>www.service-public.fr</Canal>
<Cible>Automobiliste</Cible>
<FilDAriane>
<Niveau ID="Particuliers">Accueil particuliers</Niveau>
<Niveau ID="N19812">Transports</Niveau>
<Niveau ID="N530">Permis de conduire</Niveau>
<Niveau ID="F1727" type="Fiche d'information">Perte du permis de conduire</Niveau>
</FilDAriane>
<Theme ID="N19812">
<Titre>Transports</Titre>
</Theme><DossierPere ID="N530">
<Titre>Permis de conduire</Titre><SousDossier ID="N530-1">
<Titre>Attestation et brevet de sécurité routière</Titre>
<Fiche ID="F16511">Attestation de sécurité routière (ASR)</Fiche>
<Fiche ID="F16548">Attestation scolaire de sécurité routière (ASSR)</Fiche>
<Fiche ID="F2890">Brevet de sécurité routière (BSR), catégorie AM du permis de conduire</Fiche>
</SousDossier>
<SousDossier ID="N530-2">
<Titre>Permis moto</Titre>
<Fiche ID="F2832">Permis A1 (permis 125 cm3)</Fiche>
<Fiche ID="F31083">Permis A2 (- de 35 kw)</Fiche>
<Fiche ID="F2830">Permis A (+ de 35 kw)</Fiche>
</SousDossier>
<SousDossier ID="N530-3">
<Titre>Permis B (voiture ou quadricycle lourd)</Titre>
<Fiche ID="F2826">Apprentissage anticipé (à partir de 15 ans)</Fiche>
<Fiche ID="F10036">Conduite encadrée (16 à 18 ans)</Fiche>
<Fiche ID="F21012">Conduite supervisée (18 ans ou plus)</Fiche>
<Fiche ID="F2825">Permis B en candidat libre</Fiche>
<Fiche ID="F2828">Permis B : voiture ou camionnette</Fiche>
<Fiche ID="F2833">Permis B1 : quadricycle lourd à moteur</Fiche>
<Fiche ID="F2845">Permis BE : voiture + remorque de plus de 750 kg</Fiche>
</SousDossier>
<SousDossier ID="N530-4">
<Titre>Permis pour le transport de marchandises et de personnes</Titre>
<Fiche ID="F2843">Permis C (+ de 7,5 t)</Fiche>
<Fiche ID="F2846">Permis CE (+ de 7,5 t avec remorque)</Fiche>
<Fiche ID="F31121">Permis C1 (entre 3,5 t et 7,5 t)</Fiche>
<Fiche ID="F31124">Permis C1E (entre 3,5 t et 7,5 t avec remorque)</Fiche>
<Fiche ID="F2844">Permis D (transport + de 8 passagers)</Fiche>
<Fiche ID="F2848">Permis DE (transport + 8 passagers avec remorque)</Fiche>
<Fiche ID="F31128">Permis D1 (transport de 16 passagers maximum)</Fiche>
<Fiche ID="F31129">Permis D1E (transport de 16 passagers maximum avec remorque)</Fiche>
</SousDossier>
<SousDossier ID="N530-5">
<Titre>Perte, vol ou détérioration du permis de conduire</Titre>
<Fiche ID="F1450">Vol</Fiche>
<Fiche ID="F1727">Perte</Fiche>
<Fiche ID="F20109">Détérioration</Fiche>
</SousDossier>
<SousDossier ID="N530-6">
<Titre>Contrôle médical</Titre>
<Fiche ID="F2727">Après une infraction</Fiche>
<Fiche ID="F2686">Pour raison de santé</Fiche>
<Fiche ID="F1255">Pour un permis professionnel</Fiche>
</SousDossier>
</DossierPere>

<SousDossierPere>Perte, vol ou détérioration du permis de conduire</SousDossierPere>
<ListeSituations affichage="onglet"><Situation>
<Titre>Perte en France</Titre>
<Texte>
<Chapitre><BlocCas affichage="onglet"><Cas>
<Titre>
<Paragraphe>Cas général</Paragraphe>
</Titre><Paragraphe>La déclaration de perte se fait <MiseEnEvidence>en même temps</MiseEnEvidence> que la demande de nouveau permis.</Paragraphe>
<Paragraphe>La démarche se fait via un téléservice disponible sur le site de l'<LienInterne LienPublication="R50821" type="Sigle">ANTS</LienInterne>.</Paragraphe>
<Paragraphe>Pour faire la démarche en ligne, vous avez besoin des documents suivants, photographiés ou numérisés.</Paragraphe>
<Liste type="puce">
<Item>
<Paragraphe><LienExterne URL="https://permisdeconduire.ants.gouv.fr/Services-associes/Ou-faire-votre-photo-et-votre-signature-numerisee">Photo-signature numérique</LienExterne>

 (si vous n'avez pas accès à un service de photo et de signature numérique, il vous est proposé de remplir et d'envoyer par courrier un formulaire photo-signature (FPS) lors de la téléprocédure)</Paragraphe>
</Item>
<Item>
<Paragraphe>Justificatifs <LienInterne LienPublication="F31057" type="Fiche Question-réponse" audience="Particuliers">d'identité</LienInterne> et de <LienInterne LienPublication="F31847" type="Fiche Question-réponse" audience="Particuliers">domicile</LienInterne>
</Paragraphe>
</Item>
<Item>
<Paragraphe>Carte bancaire</Paragraphe>
</Item>
</Liste>
<Paragraphe>Vous payez en ligne par carte bancaire le nouveau permis (<Valeur>25 €</Valeur>).</Paragraphe><ServiceEnLigne ID="R42947" URL="https://permisdeconduire.ants.gouv.fr/Vos-demarches/La-demande-de-permis-en-ligne" type="Téléservice">
<Titre>Demande en ligne d'un nouveau permis en cas de perte, vol, détérioration ou changement d'état civil</Titre>
<Source ID="R30628">Agence nationale des titres sécurisés (ANTS)</Source>
<Introduction>
<Texte><Paragraphe>Accessible avec un vos identifiants <LienInterne LienPublication="R50821" type="Sigle">ANTS</LienInterne> ou via  <LienIntra LienID="R48788" type="Définition de glossaire">FranceConnect</LienIntra>
</Paragraphe>
</Texte>
</Introduction>
</ServiceEnLigne>

<Paragraphe>Vous êtes informé par mail lorsque votre  déclaration de perte a été étudiée.</Paragraphe>
<Paragraphe>Vous pouvez alors  télécharger une attestation de perte dans votre Espace personnel ANTS.</Paragraphe>
<Paragraphe>Cette attestation est  valable <MiseEnEvidence>2 mois</MiseEnEvidence>.</Paragraphe>
<Paragraphe>Elle vous permet de conduire en attendant l'envoi de votre nouveau permis ou de votre <LienIntra LienID="R13034" type="Définition de glossaire">duplicata</LienIntra>.</Paragraphe>

				<Paragraphe>Pour suivre la production de votre permis, vous pouvez utiliser le téléservice de suivi de la fabrication et de la transmission de votre permis de conduire.</Paragraphe>
				<ServiceEnLigne ID="R36427" URL="https://ants.gouv.fr/monespace/accueil" type="Téléservice">
<Titre>Suivez votre demande de permis de conduire</Titre>
<Source ID="R30628">Agence nationale des titres sécurisés (ANTS)</Source>
<Introduction>
<Texte><Paragraphe>Accessible avec <LienIntra LienID="R48788" type="Définition de glossaire">FranceConnect</LienIntra> ou avec vos identifiants ANTS. Si vous n'en avez pas, il vous est proposé de créer un compte.</Paragraphe>
</Texte>
</Introduction>
</ServiceEnLigne>

				<Paragraphe>L'expédition du permis de conduire se fait par Lettre Expert.</Paragraphe>
				<Paragraphe>Il s'agit d'un envoi sécurisé, avec remise en main propre contre signature.</Paragraphe>
				<Liste type="puce">
					<Item>
						<Paragraphe>L'adresse que vous indiquez lors de la procédure en ligne doit être la plus complète possible (numéro de bâtiment, numéro d'appartement, numéro de boite à lettres, étage, couloir, escalier, "résidant chez",...).</Paragraphe>
					</Item>
					<Item>
						<Paragraphe>Votre boite aux lettres doit présenter le nom et prénom de la personne qui reçoit le courrier.</Paragraphe>
					</Item>
				</Liste>
				<Paragraphe>Si vous êtes absent lors du passage du facteur, vous devez aller à la Poste dans un délai de 15 jours, avec votre avis de passage ou avec le numéro de la Lettre Expert. Passé ce délai, votre permis de conduire est renvoyé à l'<LienInterne LienPublication="R50821" type="Sigle">ANTS</LienInterne>.</Paragraphe>
				<OuSAdresser ID="R33823" type="Centre de contact">
<Titre>Agence nationale des titres sécurisés (ANTS) - Permis de conduire</Titre>
<Source ID="R30628">Agence nationale des titres sécurisés (ANTS)</Source>
<Texte>
						<Chapitre>
<Titre>
<Paragraphe>En ligne</Paragraphe>
</Titre>
								<Paragraphe>
<LienExterne URL="https://permisdeconduire.ants.gouv.fr/">https://permisdeconduire.ants.gouv.fr/</LienExterne>
</Paragraphe>
							</Chapitre>
						<Chapitre>
<Titre>
<Paragraphe>Par messagerie</Paragraphe>
</Titre>
								<Paragraphe> Accès au <LienExterne URL="https://permisdeconduire.ants.gouv.fr/Contacter-l-ANTS">formulaire de contact</LienExterne>
</Paragraphe>
							</Chapitre>
						<Chapitre>
<Titre>
<Paragraphe>Par téléphone</Paragraphe>
</Titre>
								<Paragraphe>
			<MiseEnEvidence>34 00</MiseEnEvidence>
</Paragraphe>
								<Paragraphe>Du lundi au vendredi de 7h45 à 19h et le samedi de 8h à 17h</Paragraphe>
								<Paragraphe>Coût d'un appel local</Paragraphe>
							</Chapitre>
					</Texte>
</OuSAdresser>
			

</Cas>
<Cas>
<Titre>
<Paragraphe>Permis de catégorie C ou D</Paragraphe>
</Titre><Paragraphe>La déclaration de perte se fait <MiseEnEvidence>en même temps</MiseEnEvidence> que la demande de nouveau permis.</Paragraphe>
<Paragraphe>La démarche se fait via un téléservice disponible sur le site de l'<LienInterne LienPublication="R50821" type="Sigle">ANTS</LienInterne>.</Paragraphe>
<Paragraphe>Pour faire la démarche en ligne, vous avez besoin des documents suivants, photographiés ou numérisés.</Paragraphe>
<Liste type="puce">
<Item>
<Paragraphe><LienExterne URL="https://permisdeconduire.ants.gouv.fr/Services-associes/Ou-faire-votre-photo-et-votre-signature-numerisee">Photo-signature numérique</LienExterne>

 (si vous n'avez pas accès à un service de photo et de signature numérique, il vous est proposé de remplir et d'envoyer par courrier un formulaire photo-signature (FPS) lors de la téléprocédure)</Paragraphe>
</Item>
<Item>
<Paragraphe>Justificatifs <LienInterne LienPublication="F31057" type="Fiche Question-réponse" audience="Particuliers">d'identité</LienInterne> et de <LienInterne LienPublication="F31847" type="Fiche Question-réponse" audience="Particuliers">domicile</LienInterne>
</Paragraphe>
</Item>
<Item>
<Paragraphe>Avis médical. Si vous ne fournissez pas d'avis médical, vous obtiendrez un <LienIntra LienID="R47007" type="Définition de glossaire">duplicata</LienIntra> reprenant la même période de validité que le permis perdu.</Paragraphe>
</Item>
<Item>
<Paragraphe>Carte bancaire</Paragraphe>
</Item>
</Liste>
<Paragraphe>Vous payez en ligne par carte bancaire le nouveau permis (<Valeur>25 €</Valeur>).</Paragraphe><ServiceEnLigne ID="R42947" URL="https://permisdeconduire.ants.gouv.fr/Vos-demarches/La-demande-de-permis-en-ligne" type="Téléservice">
<Titre>Demande en ligne d'un nouveau permis en cas de perte, vol, détérioration ou changement d'état civil</Titre>
<Source ID="R30628">Agence nationale des titres sécurisés (ANTS)</Source>
<Introduction>
<Texte><Paragraphe>Accessible avec un vos identifiants <LienInterne LienPublication="R50821" type="Sigle">ANTS</LienInterne> ou via  <LienIntra LienID="R48788" type="Définition de glossaire">FranceConnect</LienIntra>
</Paragraphe>
</Texte>
</Introduction>
</ServiceEnLigne>

<Paragraphe>Vous êtes informé par mail lorsque votre  déclaration de perte a été étudiée.</Paragraphe>
<Paragraphe>Vous pouvez alors  télécharger une attestation de perte dans votre Espace personnel ANTS.</Paragraphe>
<Paragraphe>Cette attestation est  valable <MiseEnEvidence>2 mois</MiseEnEvidence>.</Paragraphe>
<Paragraphe>Elle vous permet de conduire en attendant l'envoi de votre nouveau permis ou de votre <LienIntra LienID="R47007" type="Définition de glossaire">duplicata</LienIntra>.</Paragraphe>
<Paragraphe>Si vous n'avez pas joint d'avis médical à votre demande,  vous obtenez un duplicata qui reprend la même période de validité que le permis perdu.</Paragraphe>

				<Paragraphe>Pour suivre la production de votre permis, vous pouvez utiliser le téléservice de suivi de la fabrication et de la transmission de votre permis de conduire.</Paragraphe>
				<ServiceEnLigne ID="R36427" URL="https://ants.gouv.fr/monespace/accueil" type="Téléservice">
<Titre>Suivez votre demande de permis de conduire</Titre>
<Source ID="R30628">Agence nationale des titres sécurisés (ANTS)</Source>
<Introduction>
<Texte><Paragraphe>Accessible avec <LienIntra LienID="R48788" type="Définition de glossaire">FranceConnect</LienIntra> ou avec vos identifiants ANTS. Si vous n'en avez pas, il vous est proposé de créer un compte.</Paragraphe>
</Texte>
</Introduction>
</ServiceEnLigne>

				<Paragraphe>L'expédition du permis de conduire se fait par Lettre Expert.</Paragraphe>
				<Paragraphe>Il s'agit d'un envoi sécurisé, avec remise en main propre contre signature.</Paragraphe>
				<Liste type="puce">
					<Item>
						<Paragraphe>L'adresse que vous indiquez lors de la procédure en ligne doit être la plus complète possible (numéro de bâtiment, numéro d'appartement, numéro de boite à lettres, étage, couloir, escalier, "résidant chez",...).</Paragraphe>
					</Item>
					<Item>
						<Paragraphe>Votre boite aux lettres doit présenter le nom et prénom de la personne qui reçoit le courrier.</Paragraphe>
					</Item>
				</Liste>
				<Paragraphe>Si vous êtes absent lors du passage du facteur, vous devez aller à la Poste dans un délai de 15 jours, avec votre avis de passage ou avec le numéro de la Lettre Expert. Passé ce délai, votre permis de conduire est renvoyé à l'<LienInterne LienPublication="R50821" type="Sigle">ANTS</LienInterne>.</Paragraphe>
				<OuSAdresser ID="R33823" type="Centre de contact">
<Titre>Agence nationale des titres sécurisés (ANTS) - Permis de conduire</Titre>
<Source ID="R30628">Agence nationale des titres sécurisés (ANTS)</Source>
<Texte>
						<Chapitre>
<Titre>
<Paragraphe>En ligne</Paragraphe>
</Titre>
								<Paragraphe>
<LienExterne URL="https://permisdeconduire.ants.gouv.fr/">https://permisdeconduire.ants.gouv.fr/</LienExterne>
</Paragraphe>
							</Chapitre>
						<Chapitre>
<Titre>
<Paragraphe>Par messagerie</Paragraphe>
</Titre>
								<Paragraphe> Accès au <LienExterne URL="https://permisdeconduire.ants.gouv.fr/Contacter-l-ANTS">formulaire de contact</LienExterne>
</Paragraphe>
							</Chapitre>
						<Chapitre>
<Titre>
<Paragraphe>Par téléphone</Paragraphe>
</Titre>
								<Paragraphe>
			<MiseEnEvidence>34 00</MiseEnEvidence>
</Paragraphe>
								<Paragraphe>Du lundi au vendredi de 7h45 à 19h et le samedi de 8h à 17h</Paragraphe>
								<Paragraphe>Coût d'un appel local</Paragraphe>
							</Chapitre>
					</Texte>
</OuSAdresser>
			

</Cas>
</BlocCas>

</Chapitre>
</Texte>
</Situation>
<Situation>
<Titre>Perte en Europe</Titre>
<Texte><Paragraphe>Si vous perdez votre permis de conduire dans un pays <LienIntra LienID="R55492" type="Définition de glossaire">européen</LienIntra>, la démarche varie si vous vivez dans ce pays, si vous faites du tourisme ou si vous faites des études.</Paragraphe>
<Chapitre>
<Titre>
<Paragraphe>Vous vivez dans ce pays</Paragraphe>
</Titre><Paragraphe>Les autorités françaises ne sont pas compétentes si vous avez votre <LienIntra LienID="R2308" type="Définition de glossaire">résidence normale</LienIntra> dans  un autre pays <LienIntra LienID="R55492" type="Définition de glossaire">européen</LienIntra>.</Paragraphe>
<Paragraphe>Vous devez vous adresser aux autorités compétentes de ce pays pour qu'un nouveau permis vous soit délivré.</Paragraphe>

</Chapitre>
<Chapitre>
<Titre>
<Paragraphe>Vous faites du tourisme dans ce pays</Paragraphe>
</Titre><Paragraphe>Si vous perdez votre permis français lors de vacances ou d'un voyage familial dans un pays <LienIntra LienID="R55492" type="Définition de glossaire">européen</LienIntra>, adressez-vous aux autorités locales compétentes pour<MiseEnEvidence>  déclarer la perte</MiseEnEvidence>.</Paragraphe>
<Paragraphe>Vous devez ensuite faire viser le récépissé de perte par votre consulat ou ambassade.</Paragraphe>
<OuSAdresser ID="R2750" type="Local personnalisable">
<Titre>Ambassade ou consulat français à l'étranger</Titre>
<PivotLocal>ambassade_france_etranger</PivotLocal>
<RessourceWeb URL="https://www.diplomatie.gouv.fr/fr/le-ministere-et-son-reseau/annuaires-et-adresses-du-ministere-de-l-europe-et-des-affaires-etrangeres-meae/ambassades-et-consulats-francais-a-l-etranger/"/>
</OuSAdresser>
<Paragraphe>Le récépissé de déclaration de perte est valable <MiseEnEvidence>2 mois</MiseEnEvidence> pour les autorités françaises mais vérifiez  auprès des autorités locales s'il vous permet de conduire.</Paragraphe>
<Paragraphe>Si nécessaire, les autorités locales vérifient vos droits à conduire via le réseau des permis de conduire de l'Union européenne <Expression>"RESPER"</Expression>.</Paragraphe>
<Paragraphe>
<MiseEnEvidence>À votre retour en France, vous devez faire une demande de nouveau permis.</MiseEnEvidence>
</Paragraphe>
<Paragraphe>La démarche se fait via un téléservice disponible sur le site de l'<LienInterne LienPublication="R50821" type="Sigle">ANTS</LienInterne>.</Paragraphe>
<Paragraphe>Pour faire la démarche en ligne, vous avez besoin des documents suivants, photographiés ou numérisés.</Paragraphe>
<Liste type="puce">
<Item>
<Paragraphe><LienExterne URL="https://permisdeconduire.ants.gouv.fr/Services-associes/Ou-faire-votre-photo-et-votre-signature-numerisee">Photo-signature numérique</LienExterne>

 (si vous n'avez pas accès à un service de photo et de signature numérique, il vous est proposé de remplir et d'envoyer par courrier un formulaire photo-signature (FPS) lors de la téléprocédure)</Paragraphe>
</Item>
<Item>
<Paragraphe>Justificatifs <LienInterne LienPublication="F31057" type="Fiche Question-réponse" audience="Particuliers">d'identité</LienInterne> et de <LienInterne LienPublication="F31847" type="Fiche Question-réponse" audience="Particuliers">domicile</LienInterne>
</Paragraphe>
</Item>
<Item>
<Paragraphe>Avis médical s'il s'agit d'un permis de catégorie C ou D. Si vous ne fournissez pas d'avis médical,  vous obtiendrez un duplicata reprenant la même période de validité que le permis perdu.</Paragraphe>
</Item>
<Item>
<Paragraphe>Carte bancaire</Paragraphe>
</Item>
</Liste>
<Paragraphe>Vous payez en ligne par carte bancaire le nouveau permis (<Valeur>25 €</Valeur>).</Paragraphe><ServiceEnLigne ID="R42947" URL="https://permisdeconduire.ants.gouv.fr/Vos-demarches/La-demande-de-permis-en-ligne" type="Téléservice">
<Titre>Demande en ligne d'un nouveau permis en cas de perte, vol, détérioration ou changement d'état civil</Titre>
<Source ID="R30628">Agence nationale des titres sécurisés (ANTS)</Source>
<Introduction>
<Texte><Paragraphe>Accessible avec un vos identifiants <LienInterne LienPublication="R50821" type="Sigle">ANTS</LienInterne> ou via  <LienIntra LienID="R48788" type="Définition de glossaire">FranceConnect</LienIntra>
</Paragraphe>
</Texte>
</Introduction>
</ServiceEnLigne>

<Paragraphe>Vous êtes informé par mail lorsque votre  déclaration de perte a été étudiée.</Paragraphe>
<Paragraphe>Vous pouvez alors télécharger sur votre compte personnel ANTS une attestation de perte.</Paragraphe>
<Paragraphe>Cette attestation est valable <MiseEnEvidence>2 mois</MiseEnEvidence>.</Paragraphe>
<Paragraphe>Elle vous permet de conduire en attendant la production et l'envoi de votre nouveau permis ou de votre duplicata.</Paragraphe>

				<Paragraphe>Pour suivre la production de votre permis, vous pouvez utiliser le téléservice de suivi de la fabrication et de la transmission de votre permis de conduire.</Paragraphe>
				<ServiceEnLigne ID="R36427" URL="https://ants.gouv.fr/monespace/accueil" type="Téléservice">
<Titre>Suivez votre demande de permis de conduire</Titre>
<Source ID="R30628">Agence nationale des titres sécurisés (ANTS)</Source>
<Introduction>
<Texte><Paragraphe>Accessible avec <LienIntra LienID="R48788" type="Définition de glossaire">FranceConnect</LienIntra> ou avec vos identifiants ANTS. Si vous n'en avez pas, il vous est proposé de créer un compte.</Paragraphe>
</Texte>
</Introduction>
</ServiceEnLigne>

				<Paragraphe>L'expédition du permis de conduire se fait par Lettre Expert.</Paragraphe>
				<Paragraphe>Il s'agit d'un envoi sécurisé, avec remise en main propre contre signature.</Paragraphe>
				<Liste type="puce">
					<Item>
						<Paragraphe>L'adresse que vous indiquez lors de la procédure en ligne doit être la plus complète possible (numéro de bâtiment, numéro d'appartement, numéro de boite à lettres, étage, couloir, escalier, "résidant chez",...).</Paragraphe>
					</Item>
					<Item>
						<Paragraphe>Votre boite aux lettres doit présenter le nom et prénom de la personne qui reçoit le courrier.</Paragraphe>
					</Item>
				</Liste>
				<Paragraphe>Si vous êtes absent lors du passage du facteur, vous devez aller à la Poste dans un délai de 15 jours, avec votre avis de passage ou avec le numéro de la Lettre Expert. Passé ce délai, votre permis de conduire est renvoyé à l'<LienInterne LienPublication="R50821" type="Sigle">ANTS</LienInterne>.</Paragraphe>
				<OuSAdresser ID="R33823" type="Centre de contact">
<Titre>Agence nationale des titres sécurisés (ANTS) - Permis de conduire</Titre>
<Source ID="R30628">Agence nationale des titres sécurisés (ANTS)</Source>
<Texte>
						<Chapitre>
<Titre>
<Paragraphe>En ligne</Paragraphe>
</Titre>
								<Paragraphe>
<LienExterne URL="https://permisdeconduire.ants.gouv.fr/">https://permisdeconduire.ants.gouv.fr/</LienExterne>
</Paragraphe>
							</Chapitre>
						<Chapitre>
<Titre>
<Paragraphe>Par messagerie</Paragraphe>
</Titre>
								<Paragraphe> Accès au <LienExterne URL="https://permisdeconduire.ants.gouv.fr/Contacter-l-ANTS">formulaire de contact</LienExterne>
</Paragraphe>
							</Chapitre>
						<Chapitre>
<Titre>
<Paragraphe>Par téléphone</Paragraphe>
</Titre>
								<Paragraphe>
			<MiseEnEvidence>34 00</MiseEnEvidence>
</Paragraphe>
								<Paragraphe>Du lundi au vendredi de 7h45 à 19h et le samedi de 8h à 17h</Paragraphe>
								<Paragraphe>Coût d'un appel local</Paragraphe>
							</Chapitre>
					</Texte>
</OuSAdresser>
			

</Chapitre>
<Chapitre>
<Titre>
<Paragraphe>Vous faites des études, une mission, une formation... dans ce pays</Paragraphe>
</Titre><Paragraphe>Si vous perdez votre permis français dans le pays <LienIntra LienID="R55492" type="Définition de glossaire">européen</LienIntra> où vous faites des   études, une formation ou une mission, adressez-vous aux autorités locales compétentes pour demander un permis.</Paragraphe>
<Paragraphe>Les autorités de ce pays vérifient vos droits à conduire via le réseau des permis de conduire de l'Union européenne "RESPER".</Paragraphe>

</Chapitre>
</Texte>
</Situation>
<Situation>
<Titre>Perte dans un autre pays</Titre>
<Texte><Paragraphe>Si vous perdez votre permis de conduire dans un pays non <LienIntra LienID="R55492" type="Définition de glossaire">européen</LienIntra>, la démarche varie si vous vivez dans ce pays, si vous faites du tourisme ou si vous faites des études.</Paragraphe>
<Chapitre>
<Titre>
<Paragraphe>Vous vivez dans ce pays</Paragraphe>
</Titre><BlocCas affichage="onglet"><Cas>
<Titre>
<Paragraphe>Vous y vivez depuis 18 mois maximum (1 an et demi)</Paragraphe>
</Titre><Paragraphe>Vous devez  faire une déclaration de perte auprès des autorités locales puis la faire viser par le poste consulaire dont vous dépendez.</Paragraphe>
<Paragraphe>Le récépissé de déclaration de perte est valable <MiseEnEvidence>2 mois</MiseEnEvidence> pour les autorités françaises mais vérifiez auprès des autorités locales s'il vous permet de conduire.</Paragraphe>
<Paragraphe>Vous devez ensuite envoyer par courrier une demande de nouveau permis au <LienInterne LienPublication="R52827" type="Acronyme">Crepic</LienInterne>.</Paragraphe>
<Paragraphe>Le dossier doit comporter les  documents suivants :</Paragraphe>
<Liste type="puce">
<Item>
<Paragraphe>Formulaire de demande de permis de conduire, hors <LienInterne LienPublication="R24622" type="Sigle">EEE</LienInterne>, à télécharger sur le site de votre consulat</Paragraphe>
</Item>
<Item>
<Paragraphe>Formulaire <LienInterne LienPublication="R2135" type="Formulaire" audience="Particuliers">cerfa n°14882</LienInterne>
</Paragraphe>
</Item>
<Item>
<Paragraphe>Formulaire <LienInterne LienPublication="R32666" type="Formulaire" audience="Particuliers">cerfa n°14948</LienInterne>
</Paragraphe>
</Item>
<Item>
<Paragraphe>Copie de votre déclaration de perte</Paragraphe>
</Item>
<Item>
<Paragraphe>Copie couleur recto-verso d'une <LienInterne LienPublication="F31057" type="Fiche Question-réponse" audience="Particuliers">pièce d'identité</LienInterne>
</Paragraphe>
</Item>
<Item>
<Paragraphe>Copie d'un <LienInterne LienPublication="F31847" type="Fiche Question-réponse" audience="Particuliers">justificatif de domicile</LienInterne>
</Paragraphe>
</Item>
<Item>
<Paragraphe>2 photos d'identité identiques et <LienInterne LienPublication="F10619" type="Fiche Question-réponse" audience="Particuliers">conformes aux normes</LienInterne>. Indiquez au verso vos nom et prénom. Les photos sont à coller sur les formulaires cerfa.</Paragraphe>
</Item>
<Item>
<Paragraphe>Justificatif du droit au séjour dans l'État étranger</Paragraphe>
</Item>
<Item>
<Paragraphe>Justificatif d'installation récente dans le pays</Paragraphe>
</Item>
<Item>
<Paragraphe>Preuve de résidence antérieure en France avant l'expatriation. Par exemple, contrat de bail, quittance de loyer, factures de gaz, électricité, téléphone...</Paragraphe>
</Item>
<Item>
<Paragraphe>Timbre fiscal de <Valeur>25 €</Valeur>. <LienInterne LienPublication="F34118" type="Fiche Question-réponse" audience="Particuliers">Le timbre fiscal s'achète uniquement en France</LienInterne>. Faites appel à vos proches pour l'obtenir ou procurez-vous le timbre lors d'un passage en France)</Paragraphe>
</Item>
<Item>
<Paragraphe>Avis médical s'il s'agit d'un permis de catégorie C ou D. Si vous ne fournissez pas d'avis médical,  vous obtiendrez un duplicata reprenant la même période de validité que le permis perdu.</Paragraphe>
</Item>
</Liste>
<ANoter>
<Titre>À noter</Titre><Paragraphe>une attestation de résidence de moins de 3 mois peut remplacer les justificatifs de domicile et de résidence. Vous pouvez l'obtenir auprès des  autorités françaises à l'étranger sur production d'une <LienExterne URL="https://www.legifrance.gouv.fr/affichTexte.do?cidTexte=JORFTEXT000038114826">déclaration sur l'honneur</LienExterne>

.</Paragraphe>
</ANoter><OuSAdresser ID="R2750" type="Local personnalisable">
<Titre>Ambassade ou consulat français à l'étranger</Titre>
<PivotLocal>ambassade_france_etranger</PivotLocal>
<RessourceWeb URL="https://www.diplomatie.gouv.fr/fr/le-ministere-et-son-reseau/annuaires-et-adresses-du-ministere-de-l-europe-et-des-affaires-etrangeres-meae/ambassades-et-consulats-francais-a-l-etranger/"/>
</OuSAdresser>
<OuSAdresser ID="R48771" type="National">
<Titre>Centre de ressources des échanges de permis de conduire étrangers et des permis internationaux de conduite (Crepic)</Titre>
<Texte>
						<Chapitre>
<Titre>
<Paragraphe>Par courrier exclusivement</Paragraphe>
</Titre>
								<Paragraphe>Préfecture de Police de Paris</Paragraphe>
								<Paragraphe>DPG / SDCLP</Paragraphe>
								<Paragraphe>Centre de ressources des échanges de permis de conduire étrangers et des permis internationaux de conduite (Crepic)</Paragraphe>
								<Paragraphe>1 bis rue de Lutèce</Paragraphe>
								<Paragraphe>75 195 Paris Cedex 04</Paragraphe>
							</Chapitre>
					</Texte>
</OuSAdresser>

</Cas>
<Cas>
<Titre>
<Paragraphe>Vous y vivez depuis plus de 18 mois</Paragraphe>
</Titre><Paragraphe>Vous y avez donc acquis votre <LienIntra LienID="R2308" type="Définition de glossaire">résidence normale</LienIntra>  depuis plus d'un an.</Paragraphe>
<Paragraphe>Vous ne pouvez plus demander le renouvellement ou un duplicata de votre permis français : vous devez obtenir un permis local.</Paragraphe>

</Cas>
</BlocCas>

</Chapitre>
<Chapitre>
<Titre>
<Paragraphe>Vous faites du tourisme dans ce pays</Paragraphe>
</Titre><Paragraphe>Si vous perdez  votre  permis français lors de vacances ou d'un voyage familial dans un  pays non <LienIntra LienID="R55492" type="Définition de glossaire">européen</LienIntra>, vous devez vous adresser aux autorités locales pour faire une déclaration de perte.</Paragraphe>
<Paragraphe>Vous devez ensuite  contacter votre consulat ou ambassade pour connaître les formalités à accomplir.</Paragraphe>
<OuSAdresser ID="R2750" type="Local personnalisable">
<Titre>Ambassade ou consulat français à l'étranger</Titre>
<PivotLocal>ambassade_france_etranger</PivotLocal>
<RessourceWeb URL="https://www.diplomatie.gouv.fr/fr/le-ministere-et-son-reseau/annuaires-et-adresses-du-ministere-de-l-europe-et-des-affaires-etrangeres-meae/ambassades-et-consulats-francais-a-l-etranger/"/>
</OuSAdresser>

</Chapitre>
<Chapitre>
<Titre>
<Paragraphe>Vous faites des études, une mission, une formation... dans ce pays</Paragraphe>
</Titre><Paragraphe>Si  vous y effectuez des études, une formation ou une mission, vous êtes supposé avoir  conservé votre <LienIntra LienID="R2308" type="Définition de glossaire">résidence normale</LienIntra> en France.</Paragraphe>
<Paragraphe>Vous devez  faire une déclaration de perte auprès des autorités locales et la faire viser par le poste consulaire dont vous dépendez.</Paragraphe>
<Paragraphe>Le récépissé de déclaration de perte est valable <MiseEnEvidence>2 mois</MiseEnEvidence> pour les autorités françaises mais vérifiez auprès des autorités locales s'il vous permet de conduire.</Paragraphe>
<Paragraphe>Vous devez ensuite envoyer par courrier une demande de nouveau permis au <LienInterne LienPublication="R52827" type="Acronyme">Crepic</LienInterne>.</Paragraphe>
<Paragraphe>Le dossier doit comporter les  documents suivants :</Paragraphe>
<Liste type="puce">
<Item>
<Paragraphe>Formulaire de demande de permis de conduire, hors <LienInterne LienPublication="R24622" type="Sigle">EEE</LienInterne>, à télécharger sur le site de votre consulat</Paragraphe>
</Item>
<Item>
<Paragraphe>Formulaire <LienInterne LienPublication="R2135" type="Formulaire" audience="Particuliers">cerfa n°14882</LienInterne>
</Paragraphe>
</Item>
<Item>
<Paragraphe>Formulaire <LienInterne LienPublication="R32666" type="Formulaire" audience="Particuliers">cerfa n°14948</LienInterne>
</Paragraphe>
</Item>
<Item>
<Paragraphe>Copie de votre déclaration de perte</Paragraphe>
</Item>
<Item>
<Paragraphe>Copie couleur recto-verso d'une <LienInterne LienPublication="F31057" type="Fiche Question-réponse" audience="Particuliers">pièce d'identité</LienInterne>
</Paragraphe>
</Item>
<Item>
<Paragraphe>Copie d'un <LienInterne LienPublication="F31847" type="Fiche Question-réponse" audience="Particuliers">justificatif de domicile</LienInterne>
</Paragraphe>
</Item>
<Item>
<Paragraphe>2 photos d'identité identiques et <LienInterne LienPublication="F10619" type="Fiche Question-réponse" audience="Particuliers">conformes aux normes</LienInterne>. Indiquez au verso vos nom et prénom. Les photos sont à coller sur les formulaires cerfa.</Paragraphe>
</Item>
<Item>
<Paragraphe>Justificatif du droit au séjour dans l'État étranger</Paragraphe>
</Item>
<Item>
<Paragraphe>Justificatif d'installation récente dans le pays en raison d'une mission, d'un formation, d'études</Paragraphe>
</Item>
<Item>
<Paragraphe>Preuve de résidence antérieure en France avant l'expatriation. Par exemple, contrat de bail, quittance de loyer, factures de gaz, électricité, téléphone...</Paragraphe>
</Item>
<Item>
<Paragraphe>Timbre fiscal de <Valeur>25 €</Valeur>. Le timbre fiscal s'achète uniquement en France, faites appel à vos proches pour l'obtenir ou procurez-vous le timbre lors d'un passage en France)</Paragraphe>
</Item>
<Item>
<Paragraphe>Avis médical s'il s'agit d'un permis de catégorie C ou D. Si vous ne fournissez pas d'avis médical,  vous obtiendrez un duplicata reprenant la même période de validité que le permis perdu.</Paragraphe>
</Item>
</Liste>
<ANoter>
<Titre>À noter</Titre><Paragraphe>une attestation de résidence de moins de 3 mois peut remplacer les justificatifs de domicile et de résidence. Vous pouvez l'obtenir auprès des  autorités françaises à l'étranger sur production d'une <LienExterne URL="https://www.legifrance.gouv.fr/affichTexte.do?cidTexte=JORFTEXT000038114826">déclaration sur l'honneur</LienExterne>

.</Paragraphe>
</ANoter><OuSAdresser ID="R2750" type="Local personnalisable">
<Titre>Ambassade ou consulat français à l'étranger</Titre>
<PivotLocal>ambassade_france_etranger</PivotLocal>
<RessourceWeb URL="https://www.diplomatie.gouv.fr/fr/le-ministere-et-son-reseau/annuaires-et-adresses-du-ministere-de-l-europe-et-des-affaires-etrangeres-meae/ambassades-et-consulats-francais-a-l-etranger/"/>
</OuSAdresser>
<OuSAdresser ID="R48771" type="National">
<Titre>Centre de ressources des échanges de permis de conduire étrangers et des permis internationaux de conduite (Crepic)</Titre>
<Texte>
						<Chapitre>
<Titre>
<Paragraphe>Par courrier exclusivement</Paragraphe>
</Titre>
								<Paragraphe>Préfecture de Police de Paris</Paragraphe>
								<Paragraphe>DPG / SDCLP</Paragraphe>
								<Paragraphe>Centre de ressources des échanges de permis de conduire étrangers et des permis internationaux de conduite (Crepic)</Paragraphe>
								<Paragraphe>1 bis rue de Lutèce</Paragraphe>
								<Paragraphe>75 195 Paris Cedex 04</Paragraphe>
							</Chapitre>
					</Texte>
</OuSAdresser>

</Chapitre>
</Texte>
</Situation>
</ListeSituations><VoirAussi important="non">
<Dossier ID="N530" audience="Particuliers">
<Titre>Permis de conduire</Titre>
<Theme ID="N19812">
<Titre>Transports</Titre>
</Theme>
</Dossier>
</VoirAussi>
<VoirAussi important="oui">
<Fiche ID="F1450" audience="Particuliers">
<Titre>Vol</Titre>
<Theme ID="N19812">
<Titre>Transports</Titre>
</Theme>
</Fiche>
<Fiche ID="F20109" audience="Particuliers">
<Titre>Détérioration</Titre>
<Theme ID="N19812">
<Titre>Transports</Titre>
</Theme>
</Fiche>
</VoirAussi>
<Reference type="Texte de référence" URL="http://eur-lex.europa.eu/legal-content/FR/TXT/?uri=celex:32006L0126" ID="R16234">
<Titre>Directive 2006/126 du 20 décembre 2006 relative au permis de conduire</Titre>
<Complement>Remplacement du permis en cas de perte ou de vol dans son pays d'installation (article 11, point 5)</Complement>
</Reference>
<Reference type="Texte de référence" URL="https://www.legifrance.gouv.fr/affichCode.do?idSectionTA=LEGISCTA000032465124&amp;cidTexte=LEGITEXT000006074228" ID="R913">
<Titre>Code de la route : articles R221-4 à R221-8</Titre>
<Complement>Délivrance et catégories du permis de conduire</Complement>
</Reference>
<Reference type="Texte de référence" URL="http://www.legifrance.gouv.fr/affichCode.do?idSectionTA=LEGISCTA000006159566&amp;cidTexte=LEGITEXT000006074228" ID="R15714">
<Titre>Code de la route : articles R225-1 à R225-6</Titre>
<Complement>Enregistrement des informations relatives au permis de conduire</Complement>
</Reference>
<Reference type="Texte de référence" URL="http://www.legifrance.gouv.fr/affichCode.do?idSectionTA=LEGISCTA000006159569&amp;cidTexte=LEGITEXT000006074228" ID="R773">
<Titre>Code de la route : articles R233-1 à R233-3</Titre>
<Complement>Comportement en cas de contrôle routier</Complement>
</Reference>
<Reference type="Texte de référence" URL="https://www.legifrance.gouv.fr/codes/article_lc/LEGIARTI000020548838/" ID="R2051">
<Titre>Code général des impôts : articles 1628 bis</Titre>
<Complement>Coût du permis lors d'un renouvellement en cas de non présentation de l'ancien</Complement>
</Reference>
<Reference type="Texte de référence" URL="https://www.legifrance.gouv.fr/affichTexte.do?cidTexte=JORFTEXT000037864428" ID="R52828">
<Titre>Décret n°2018-1250 du 26 décembre 2018 relatif à la délivrance d'une attestation de résidence pour un expatrié souhaitant faire remplacer son permis de conduire français</Titre>
</Reference>
<Reference type="Texte de référence" URL="https://www.legifrance.gouv.fr/affichTexte.do?cidTexte=JORFTEXT000038114826" ID="R52822">
<Titre>Arrêté du 29 janvier 2019 relatif à la déclaration sur l'honneur pour une demande de remplacement du titre du permis de conduire français</Titre>
</Reference>
<Reference type="Texte de référence" URL="http://www.legifrance.gouv.fr/affichTexte.do?cidTexte=JORFTEXT000025803494" ID="R31125">
<Titre>Arrêté du 20 avril 2012 fixant les conditions d'établissement, de délivrance et de validité du permis de conduire</Titre>
</Reference>
<Reference type="Texte de référence" URL="http://circulaire.legifrance.gouv.fr/pdf/2013/08/cir_37399.pdf" ID="R33677" format="application/pdf" poids="1.2 MB">
<Titre>Circulaire du 26 juillet 2013 relative à la mise en place d'un formulaire de recueil complémentaire des données nécessaires à l'édition du titre de conduite au nouveau format de l'Union européenne</Titre>
<Source ID="R30603">Ministère chargé de l'intérieur</Source>
</Reference>
<ServiceEnLigne ID="R42947" URL="https://permisdeconduire.ants.gouv.fr/Vos-demarches/La-demande-de-permis-en-ligne" type="Téléservice">
<Titre>Demande en ligne d'un nouveau permis en cas de perte, vol, détérioration ou changement d'état civil</Titre>
<Source ID="R30628">Agence nationale des titres sécurisés (ANTS)</Source>
</ServiceEnLigne>
<ServiceEnLigne ID="R36427" URL="https://ants.gouv.fr/monespace/accueil" type="Téléservice">
<Titre>Suivez votre demande de permis de conduire</Titre>
<Source ID="R30628">Agence nationale des titres sécurisés (ANTS)</Source>
</ServiceEnLigne>
<ServiceEnLigne ID="R2135" URL="https://www.formulaires.service-public.fr/gf/cerfa_14882.do" format="application/pdf" poids="2.1 MB" numerocerfa="14882*01" type="Formulaire">
<Titre>Demande de renouvellement de permis de conduire, de duplicata ou de catégorie AM après annulation, suspension ou invalidation</Titre>
<Source ID="R30603">Ministère chargé de l'intérieur</Source>
</ServiceEnLigne>
<ServiceEnLigne ID="R32666" URL="https://www.service-public.fr/simulateur/calcul/14948" format="application/pdf" poids="1.2 MB" numerocerfa="14948*01" autrenumero="06" type="Formulaire">
<Titre>Demande de permis de conduire - Format de l'Union européenne</Titre>
<Source ID="R30603">Ministère chargé de l'intérieur</Source><NoticeLiee ID="R34002" URL="https://www.formulaires.service-public.fr/gf/getNotice.do?cerfaNotice=51725%2302&amp;cerfaFormulaire=14948" numerocerfa="51725*02" format="application/pdf" poids="123.2 KB">Notice - Recueil complémentaire cerfa 14948 (demande de permis de conduire)</NoticeLiee>
</ServiceEnLigne>
<PourEnSavoirPlus type="Information pratique" ID="R44922" URL="https://permisdeconduire.ants.gouv.fr/Services-associes/Ou-faire-votre-photo-et-votre-signature-numerisee" audience="Particuliers">
<Titre>Permis de conduire en ligne : où faire la photo et la signature numérisée ?</Titre>
<Source ID="R30603">Ministère chargé de l'intérieur</Source>
</PourEnSavoirPlus>
<PourEnSavoirPlus type="Information pratique" ID="R52821" URL="https://www.legifrance.gouv.fr/affichTexte.do?cidTexte=JORFTEXT000038114826" audience="Particuliers">
<Titre>Renouvellement du permis de conduire français : déclaration sur l'honneur</Titre>
<Source ID="R38880">Legifrance</Source>
</PourEnSavoirPlus>
<Definition ID="R2308">
<Titre>Résidence normale (permis de conduire)</Titre>
<Texte>
				<Paragraphe>Pays où une personne demeure plus de 6 mois (185 jours minimum) par année civile,
		du fait d'attaches personnelles ou professionnelles. Toutefois, la résidence normale d'une personne dont les attaches personnelles sont situées en France mais qui se trouve à l'étranger pour y suivre ses études, une formation, un stage ou pour accomplir une mission d'une durée déterminée, se situe en France. </Paragraphe>
			</Texte><Reference type="Texte de référence" URL="http://www.legifrance.gouv.fr/affichTexte.do?cidTexte=JORFTEXT000025803494" ID="R31125">
<Titre>Arrêté du 20 avril 2012 fixant les conditions d'établissement, de délivrance et de validité du permis de conduire</Titre>
</Reference>
</Definition>
<Definition ID="R13034">
<Titre>Duplicata</Titre>
<Texte>
				<Paragraphe>Double, copie d'un document ou d'un acte</Paragraphe>
			</Texte>
</Definition>
<Definition ID="R55492">
<Titre>Européen (EEE + Royaume-Uni)</Titre>
<Texte>
				<Paragraphe>Allemagne, Autriche, Belgique, Bulgarie, Chypre, Croatie, Danemark, Espagne, Estonie, Finlande, France, Grèce, Hongrie, Irlande, Islande, Italie, Lettonie, Liechtenstein, Lituanie, Luxembourg, Malte, Norvège, Pays-Bas, Pologne, Portugal, République tchèque, Roumanie, Royaume-Uni, Slovaquie, Slovénie, Suède</Paragraphe>
			</Texte>
</Definition>
<Definition ID="R48788">
<Titre>Identification avec FranceConnect</Titre>
<Texte>
				<Paragraphe>Connexion avec l'identifiant et le mot de passe de l'un des comptes suivants :  Impots.gouv,  Ameli,  Iidentitenumerique (laposte), Mobileconnectetmoi.fr,  MSA ou Alicem</Paragraphe>
			</Texte>
</Definition>
<Definition ID="R47007">
<Titre>Duplicata du permis de conduire</Titre>
<Texte>
				<Paragraphe>Pour le groupe lourd (tous les permis de la catégorie C et ceux de la catégorie D), permis qui reprend la même période de validité que le permis perdu, volé ou détérioré</Paragraphe>
			</Texte>
</Definition>
<Abreviation ID="R52827" type="Acronyme">
<Titre>Crepic</Titre>
<Texte>
<Paragraphe>Centre de ressources des échanges de permis de conduire étrangers et des permis internationaux de conduite</Paragraphe>
</Texte>
</Abreviation>
<Abreviation ID="R24622" type="Sigle">
<Titre>EEE</Titre>
<Texte>
<Paragraphe>Espace économique européen</Paragraphe>
</Texte>
</Abreviation>
<Abreviation ID="R50821" type="Sigle">
<Titre>ANTS</Titre>
<Texte>
<Paragraphe>Agence nationale des titres sécurisés</Paragraphe>
</Texte>
</Abreviation>
<QuestionReponse ID="F33352" audience="Particuliers">Comment suivre la fabrication de son permis de conduire ?</QuestionReponse>
<QuestionReponse ID="F34118" audience="Particuliers">Perte/vol du permis de conduire : comment obtenir un timbre fiscal ?</QuestionReponse>
<QuestionReponse ID="F34762" audience="Particuliers">Demande en ligne de permis de conduire : comment trouver de l'aide ?</QuestionReponse>
<QuestionReponse ID="F31971" audience="Particuliers">Que faire en cas de perte ou vol en France d'un permis obtenu en Europe ?</QuestionReponse>

</Publication>
