<?xml version="1.0" encoding="UTF-8"?><Publication xmlns:dc="http://purl.org/dc/elements/1.1/" xmlns:xsi="http://www.w3.org/2001/XMLSchema-instance" ID="F1731" type="Fiche Question-réponse" xsi:noNamespaceSchemaLocation="../Schemas/3.0/Publication.xsd">
<dc:title>L'employeur doit-il aménager un espace pour la pause déjeuner ?</dc:title>
<dc:creator>Direction de l'information légale et administrative</dc:creator>
<dc:subject>Travail, Ressources humaines</dc:subject>
<dc:description>Tout dépend du nombre de salariés dans l'entreprise de plus ou moins 50 salariés.</dc:description>
<dc:publisher>Direction de l'information légale et administrative</dc:publisher>
<dc:contributor>Direction de l'information légale et administrative (Premier ministre)</dc:contributor>
<dc:date>modified 2020-01-10</dc:date>
<dc:type>Question-réponse</dc:type>
<dc:format>text/xml</dc:format>
<dc:identifier>F1731</dc:identifier>
<dc:source>https://www.legifrance.gouv.fr/affichCode.do?idSectionTA=LEGISCTA000018531962&amp;cidTexte=LEGITEXT000006072050, https://www.legifrance.gouv.fr/jorf/id/JORFTEXT000034603606/, https://www.legifrance.gouv.fr/affichTexte.do?cidTexte=JORFTEXT000039727052&amp;fastPos=1&amp;fastReqId=2104914242&amp;categorieLien=id</dc:source>
<dc:language>Fr</dc:language>
<dc:relation>isPartOf N492</dc:relation>
<dc:coverage>France entière</dc:coverage>
<dc:rights>https://www.service-public.fr/a-propos/mentions-legales</dc:rights>
<SurTitre>Question-réponse</SurTitre>
<Audience>Particuliers</Audience>
<Audience>Professionnels</Audience>
<Canal>www.service-public.fr</Canal>
<FilDAriane>
<Niveau ID="Particuliers">Accueil particuliers</Niveau>
<Niveau ID="N19806">Travail</Niveau>
<Niveau ID="N492">Conditions de travail dans le secteur privé</Niveau>
<Niveau ID="F1731" type="Fiche Question-réponse">L'employeur doit-il aménager un espace pour la pause déjeuner ?</Niveau>
</FilDAriane>
<Theme ID="N19806">
<Titre>Travail</Titre>
</Theme>
<SousThemePere ID="N19965">Santé, sécurité et conditions de travail</SousThemePere><DossierPere ID="N492">
<Titre>Conditions de travail dans le secteur privé</Titre><SousDossier ID="N492-1">
<Titre>Hygiène, sécurité et conditions de travail</Titre>
<Fiche ID="F2210">Obligations de l'employeur</Fiche>
<Fiche ID="F35101">Obligations du salarié</Fiche>
<Fiche ID="F2344">Jeunes dans l'entreprise</Fiche>
<Fiche ID="F58">Travailleur à domicile</Fiche>
<Fiche ID="F2211">Médecine du travail</Fiche>
<Fiche ID="F15504">Compte professionnel de prévention (C2P)</Fiche>
<Fiche ID="F13851">Télétravail</Fiche>
</SousDossier>
<SousDossier ID="N492-2">
<Titre>Travail de nuit</Titre>
<Fiche ID="F2212">Principes généraux</Fiche>
<Fiche ID="F1688">Jeune de moins de 18 ans</Fiche>
<Fiche ID="F2691">Pour une salariée enceinte</Fiche>
</SousDossier>
<SousDossier ID="N492-3">
<Titre>Conditions de travail : informations diverses</Titre>
<Fiche ID="F31854">Évaluation du salarié</Fiche>
<Fiche ID="F1905">Règlement intérieur d'une entreprise</Fiche>
<Fiche ID="F78">Convention collective</Fiche>
<Fiche ID="F32031">Lanceur d'alerte dans l'entreprise </Fiche>
<Fiche ID="F35274">Utilisation et aménagement des lieux de travail</Fiche>
</SousDossier>
</DossierPere>

<Texte><Paragraphe>Oui, selon l'effectif de l'entreprise ou de l'établissement, l'employeur doit installer une salle de restauration ou aménager un   emplacement permettant aux salariés de se restaurer.</Paragraphe>
<Paragraphe>L'employeur n'a pas l'obligation de créer un restaurant d'entreprise et peut interdire aux salariés de prendre leurs repas dans les locaux affectés au travail.</Paragraphe>
<Paragraphe>Dans les entreprises ayant plusieurs établissements, l'effectif est décompté par établissement.</Paragraphe>
<BlocCas affichage="onglet"><Cas>
<Titre>
<Paragraphe>Entreprise ou établissement de 49 salariés et moins</Paragraphe>
</Titre><Paragraphe>L'employeur met à disposition  un  emplacement permettant de se restaurer.</Paragraphe>
<Paragraphe>Cet endroit n'est pas obligatoirement équipé d'un moyen de conservation ou de réfrigération des aliments et des boissons, ni d'une installation permettant de réchauffer les plats. L'employeur n'est pas tenu d'y installer un robinet d'eau potable, fraîche ou chaude, ni d'y disposer chaises et tables en nombre suffisants. Cet emplacement doit permettre au personnel de se restaurer dans de bonnes conditions d'hygiène et de sécurité.</Paragraphe>
<Paragraphe>L'emplacement peut, après déclaration, être aménagé dans les locaux affectés au travail, uniquement si ces locaux ne comportent pas l'emploi ou le stockage de produits dangereux. Cette déclaration datée, est effectuée par tout moyen auprès de l'inspection du travail ou du  médecin du travail.</Paragraphe>
<Paragraphe>Après chaque repas, l'employeur doit faire nettoyer le lieu de restauration et ses éventuels  équipements.</Paragraphe>

</Cas>
<Cas>
<Titre>
<Paragraphe>Entreprise ou établissement de 50 salariés et plus</Paragraphe>
</Titre><Paragraphe>L'employeur doit mettre  à disposition un local de restauration aménagé.</Paragraphe>
<Paragraphe>Avant la mise en place du local de restauration, l'employeur doit consulter le <LienInterne LienPublication="F34474" type="Fiche d'information" audience="Particuliers">CSE (comité social et économique)</LienInterne>.</Paragraphe>
<Paragraphe>Ce local doit être équipé des éléments suivants :</Paragraphe>
<Liste type="puce">
<Item>
<Paragraphe>Moyen de conservation ou de réfrigération des aliments et des boissons</Paragraphe>
</Item>
<Item>
<Paragraphe>Installation permettant de réchauffer les plats</Paragraphe>
</Item>
<Item>
<Paragraphe>Robinet d'eau potable, fraîche et chaude, pour 10 personnes</Paragraphe>
</Item>
<Item>
<Paragraphe>Chaises et  tables en nombre suffisant</Paragraphe>
</Item>
</Liste>
<Paragraphe>Après chaque repas, l'employeur doit faire nettoyer le local  de restauration et ses équipements.</Paragraphe>

</Cas>
</BlocCas>
<Paragraphe>Il est interdit de laisser entrer ou séjourner dans les lieux de travail des personnes en état  d'ivresse. Le règlement intérieur peut limiter ou interdire la consommation de boissons alcoolisées y compris, pendant la prise des repas.</Paragraphe>
<Attention>
<Titre>Attention</Titre><Paragraphe>concernant l'obligation de maintenir un local de restauration dans les entreprises de moins de 50 salariés, il existe une période transitoire jusqu'au 31 décembre 2024. Les entreprises concernées sont celles qui, avant le 1<Exposant>er</Exposant> janvier 2020, avaient l'obligation de mettre à disposition un local de restauration (c'est-à-dire 25 salariés au moins souhaitant habituellement prendre leur repas sur le lieu de travail).</Paragraphe>
</Attention>
</Texte><Reference type="Texte de référence" URL="https://www.legifrance.gouv.fr/affichCode.do?idSectionTA=LEGISCTA000018531962&amp;cidTexte=LEGITEXT000006072050" ID="R37902">
<Titre>Code du travail : articles R4228-19 à R4228-25</Titre>
<Complement>Restauration des salariés et dérogation pour l'installation d'un espace restauration dans les locaux de travail (article R4228-23)</Complement>
</Reference>
<Reference type="Texte de référence" URL="https://www.legifrance.gouv.fr/jorf/id/JORFTEXT000034603606/" ID="R47672">
<Titre>Arrêté du 4 mai 2017 sur la déclaration auprès de l'inspection du travail pour moins de 25 travailleurs prenant habituellement leur repas sur les lieux de travail</Titre>
</Reference>
<Reference type="Texte de référence" URL="https://www.legifrance.gouv.fr/affichTexte.do?cidTexte=JORFTEXT000039727052&amp;fastPos=1&amp;fastReqId=2104914242&amp;categorieLien=id" ID="R55204">
<Titre>Décret n°2019-1586 du 31 décembre 2019 relatif aux seuils d'effectif</Titre>
</Reference>
</Publication>
