<?xml version="1.0" encoding="UTF-8"?><Publication xmlns:dc="http://purl.org/dc/elements/1.1/" xmlns:xsi="http://www.w3.org/2001/XMLSchema-instance" ID="F1730" type="Fiche Question-réponse" xsi:noNamespaceSchemaLocation="../Schemas/3.0/Publication.xsd">
<dc:title>Peut-on démissionner pendant un congé maternité ?</dc:title>
<dc:creator>Direction de l'information légale et administrative</dc:creator>
<dc:subject>Travail</dc:subject>
<dc:description>Oui. Toute salariée peut démissionner pendant un congé maternité, dans les conditions habituelles prévues en matière de démission.</dc:description>
<dc:publisher>Direction de l'information légale et administrative</dc:publisher>
<dc:contributor>Direction de l'information légale et administrative (Premier ministre)</dc:contributor>
<dc:date>modified 2020-08-21</dc:date>
<dc:type>Question-réponse</dc:type>
<dc:format>text/xml</dc:format>
<dc:identifier>F1730</dc:identifier>
<dc:source>http://www.legifrance.gouv.fr/affichCode.do?idSectionTA=LEGISCTA000006195595&amp;cidTexte=LEGITEXT000006072050, http://www.legifrance.gouv.fr/affichCode.do?idSectionTA=LEGISCTA000006195598&amp;cidTexte=LEGITEXT000006072050, http://www.legifrance.gouv.fr/affichCode.do?idSectionTA=LEGISCTA000018537780&amp;cidTexte=LEGITEXT000006072050</dc:source>
<dc:language>Fr</dc:language>
<dc:relation>isPartOf N19611</dc:relation>
<dc:coverage>France entière</dc:coverage>
<dc:rights>https://www.service-public.fr/a-propos/mentions-legales</dc:rights>
<SurTitre>Question-réponse</SurTitre>
<Audience>Particuliers</Audience>
<Canal>www.service-public.fr</Canal>
<Cible>Salarié du secteur privé</Cible>
<FilDAriane>
<Niveau ID="Particuliers">Accueil particuliers</Niveau>
<Niveau ID="N19806">Travail</Niveau>
<Niveau ID="N19611">Rupture du contrat de travail dans le secteur privé</Niveau>
<Niveau ID="F1730" type="Fiche Question-réponse">Peut-on démissionner pendant un congé maternité ?</Niveau>
</FilDAriane>
<Theme ID="N19806">
<Titre>Travail</Titre>
</Theme>
<SousThemePere ID="N19967">Quitter son emploi</SousThemePere><DossierPere ID="N19611">
<Titre>Rupture du contrat de travail dans le secteur privé</Titre><SousDossier ID="N19611-1">
<Titre>Formes de rupture</Titre>
<Fiche ID="F2883">Démission</Fiche>
<Fiche ID="F19030">Rupture conventionnelle</Fiche>
<Fiche ID="F24409">Prise d'acte</Fiche>
<Fiche ID="F24410">Résiliation judiciaire</Fiche>
<Fiche ID="F24411">Départ négocié (difficultés économiques)</Fiche>
<Fiche ID="F24412">Rupture pour cas de force majeure</Fiche>
</SousDossier>
<SousDossier ID="N19611-2">
<Titre>Documents à remettre au salarié</Titre>
<Fiche ID="F87">Certificat de travail</Fiche>
<Fiche ID="F2867">Attestation destinée à Pôle emploi</Fiche>
<Fiche ID="F86">Solde de tout compte</Fiche>
</SousDossier>
</DossierPere>

<ListeSituations affichage="onglet"><Situation>
<Titre>Pendant la grossesse</Titre>
<Texte>
<Chapitre><Paragraphe>Oui, la salariée, dont la grossesse est médicalement constatée, peut démissionner sans être tenue de respecter un préavis.</Paragraphe>
<Paragraphe>Elle n'a pas à verser d'indemnité de rupture du contrat de travail à l'employeur du fait que le préavis n'est pas effectué.</Paragraphe>
<Paragraphe>Aucune procédure légale n'est imposée pour informer l'employeur de sa volonté de rompre le contrat. Cependant, pour prévenir tout litige, il est préférable  d'informer l'employeur par lettre avec <LienInterne LienPublication="R46090" type="Acronyme">RAR</LienInterne>.</Paragraphe>
<Paragraphe>La salariée a droit à une <LienInterne LienPublication="F24661" type="Fiche d'information" audience="Particuliers">indemnité compensatrice de congés payés</LienInterne> si elle n'a pas pu prendre la totalité des congés acquis avant la date de rupture de son contrat.</Paragraphe>
<Attention>
<Titre>Attention</Titre><Paragraphe>la salariée qui démissionne  pendant la grossesse se prive du droit à réintégration dans l'entreprise prévu à l'issue de son congé de maternité.</Paragraphe>
</Attention>
</Chapitre>
</Texte>
</Situation>
<Situation>
<Titre>Après l'accouchement</Titre>
<Texte>
<Chapitre><BlocCas affichage="onglet"><Cas>
<Titre>
<Paragraphe>Pour prendre un autre emploi</Paragraphe>
</Titre><Paragraphe>La salariée  qui souhaite  démissionner pendant son congé maternité pour travailler  dans une autre entreprise doit effectuer un <LienInterne LienPublication="F2855" type="Fiche d'information" audience="Particuliers">préavis</LienInterne> dans les conditions habituelles de la <LienInterne LienPublication="F2883" type="Fiche d'information" audience="Particuliers">démission</LienInterne>.</Paragraphe>
<Paragraphe>Elle  a droit à une <LienInterne LienPublication="F24661" type="Fiche d'information" audience="Particuliers">indemnité compensatrice de congés payés</LienInterne> si elle n'a pas pu prendre la totalité des congés acquis avant la date de rupture de son contrat.</Paragraphe>

</Cas>
<Cas>
<Titre>
<Paragraphe>Pour élever un enfant</Paragraphe>
</Titre><Paragraphe>Toute salariée peut démissionner pour élever son enfant, sans être tenue de respecter un préavis.</Paragraphe>
<Paragraphe>Elle n'a pas à verser d'indemnité de rupture du contrat de travail à l'employeur du fait que le préavis n'est pas effectué.</Paragraphe>
<Paragraphe>La rupture du contrat doit avoir lieu au cours d'une des périodes suivantes :</Paragraphe>
<Liste type="puce">
<Item>
<Paragraphe>À l'issue du <LienInterne LienPublication="F2265" type="Fiche d'information" audience="Particuliers">congé de maternité</LienInterne>
</Paragraphe>
</Item>
<Item>
<Paragraphe>Dans les <MiseEnEvidence>2 mois</MiseEnEvidence> suivant la naissance de l'enfant</Paragraphe>
</Item>
</Liste>
<Paragraphe>Elle doit informer son employeur de sa volonté de démissionner, par lettre recommandée avec <LienInterne LienPublication="R46090" type="Acronyme">RAR</LienInterne> ou remise contre récépissé, au moins <MiseEnEvidence>15 jours</MiseEnEvidence> avant la fin du congé de maternité.</Paragraphe>
<Paragraphe>Après sa démission, la salariée bénéficie d'une priorité de réembauche pendant<MiseEnEvidence> 1 an</MiseEnEvidence> pour des emplois correspondants à ses qualifications.</Paragraphe>
<Paragraphe>La demande de  priorité de réembauche doit être adressée à l'employeur, dans l'année suivant la rupture du contrat de travail, par lettre avec <LienInterne LienPublication="R46090" type="Acronyme">RAR</LienInterne> ou contre  récépissé. En cas de réemploi,  la  salariée  bénéfice de tous les avantages qu'elle avait acquis avant son départ.</Paragraphe>
<Paragraphe>La salariée a droit à une <LienInterne LienPublication="F24661" type="Fiche d'information" audience="Particuliers">indemnité compensatrice de congés payés</LienInterne> si elle n'a pas pu prendre la totalité des congés acquis avant la date de rupture de son contrat.</Paragraphe>

</Cas>
</BlocCas>

</Chapitre>
</Texte>
</Situation>
</ListeSituations>
<Reference type="Texte de référence" URL="http://www.legifrance.gouv.fr/affichCode.do?idSectionTA=LEGISCTA000006195595&amp;cidTexte=LEGITEXT000006072050" ID="R34173">
<Titre>Code du travail : article L1225-34</Titre>
<Complement>Démission pendant la grossesse</Complement>
</Reference>
<Reference type="Texte de référence" URL="http://www.legifrance.gouv.fr/affichCode.do?idSectionTA=LEGISCTA000006195598&amp;cidTexte=LEGITEXT000006072050" ID="R868">
<Titre>Code du travail : articles L1225-66 à L1225-68</Titre>
<Complement>Démission pour élever un enfant</Complement>
</Reference>
<Reference type="Texte de référence" URL="http://www.legifrance.gouv.fr/affichCode.do?idSectionTA=LEGISCTA000018537780&amp;cidTexte=LEGITEXT000006072050" ID="R31403">
<Titre>Code du travail : articles R1225-18 et R1225-19</Titre>
<Complement>Démission pour élever un enfant</Complement>
</Reference>
<Abreviation ID="R46090" type="Acronyme">
<Titre>RAR</Titre>
<Texte>
<Paragraphe>Recommandé avec accusé de réception</Paragraphe>
</Texte>
</Abreviation>
</Publication>
