<?xml version="1.0" encoding="UTF-8"?><Publication xmlns:dc="http://purl.org/dc/elements/1.1/" xmlns:xsi="http://www.w3.org/2001/XMLSchema-instance" ID="F17456" type="Fiche d'information" xsi:noNamespaceSchemaLocation="../Schemas/3.0/Publication.xsd">
<dc:title>Droits de succession : biens imposables et principales exonérations</dc:title>
<dc:creator>Direction de l'information légale et administrative</dc:creator>
<dc:subject>Argent</dc:subject>
<dc:description>Lorsque vous héritez, vous devez payer des droits de successions sur les biens reçus. Toutefois, des exonérations existent.</dc:description>
<dc:publisher>Direction de l'information légale et administrative</dc:publisher>
<dc:contributor>Direction de l'information légale et administrative (Premier ministre)</dc:contributor>
<dc:date>modified 2020-02-19</dc:date>
<dc:type>Fiche pratique</dc:type>
<dc:format>text/xml</dc:format>
<dc:identifier>F17456</dc:identifier>
<dc:source>http://www.legifrance.gouv.fr/affichCode.do?idSectionTA=LEGISCTA000006197407&amp;cidTexte=LEGITEXT000006069577, http://legifrance.gouv.fr/affichCode.do?idSectionTA=LEGISCTA000006199106&amp;cidTexte=LEGITEXT000006069577, http://www.legifrance.gouv.fr/affichCode.do?idSectionTA=LEGISCTA000006191749&amp;cidTexte=LEGITEXT000006069577, http://www.legifrance.gouv.fr/affichCode.do?idSectionTA=LEGISCTA000006179796&amp;cidTexte=LEGITEXT000006069577, http://bofip.impots.gouv.fr/bofip/2325-PGP.html?identifiant=BOI-ENR-DMTG-10-10-10, http://bofip.impots.gouv.fr/bofip/3543-PGP.html?identifiant=BOI-ENR-DMTG-10-10-30-20120912, http://bofip.impots.gouv.fr/bofip/2316-PGP.html?identifiant=BOI-ENR-DMTG-10-20, http://bofip.impots.gouv.fr/bofip/2509-PGP.html</dc:source>
<dc:language>Fr</dc:language>
<dc:relation>isPartOf N31160</dc:relation>
<dc:coverage>France entière</dc:coverage>
<dc:rights>https://www.service-public.fr/a-propos/mentions-legales</dc:rights>
<SurTitre>Fiche pratique</SurTitre>
<Audience>Particuliers</Audience>
<Canal>www.service-public.fr</Canal>
<FilDAriane>
<Niveau ID="Particuliers">Accueil particuliers</Niveau>
<Niveau ID="N19803">Argent</Niveau>
<Niveau ID="N31160">Droits de succession et de donation</Niveau>
<Niveau ID="F17456" type="Fiche d'information">Droits de succession : biens imposables et principales exonérations</Niveau>
</FilDAriane>
<Theme ID="N19803">
<Titre>Argent</Titre>
</Theme>
<SousThemePere ID="N20073">Impôts, taxes et douane</SousThemePere><DossierPere ID="N31160">
<Titre>Droits de succession et de donation</Titre><SousDossier ID="N31160-1">
<Titre>Droits de succession</Titre>
<Fiche ID="F80">Déclaration</Fiche>
<Fiche ID="F17456">Biens imposables et principales exonérations</Fiche>
<Fiche ID="F14198">Calcul et paiement</Fiche>
</SousDossier>
<SousDossier ID="N31160-2">
<Titre>Droits de donation</Titre>
<Fiche ID="F10203">Biens imposables et principales exonérations</Fiche>
<Fiche ID="F14205">Calcul et paiement</Fiche>
</SousDossier>
</DossierPere>

<SousDossierPere>Droits de succession</SousDossierPere>
<Introduction>
<Texte><Paragraphe>Lorsque vous héritez, vous devez   déposer une déclaration de succession auprès de l'administration fiscale, sauf si vous en êtes dispensé. Cela  permet à l'administration   d'identifier les biens soumis aux <LienIntra LienID="R55598" type="Définition de glossaire">droits de succession</LienIntra>, de vérifier si vous pouvez bénéficier de certaines exonérations, et de calculer l'impôt dû. Les principales exonérations de droits de succession sont liées au bénéficiaire de la succession, au  défunt et aux biens transmis.</Paragraphe>
</Texte>
</Introduction>
<Texte><Chapitre>
<Titre>
<Paragraphe>Biens soumis aux droits de succession</Paragraphe>
</Titre><BlocCas affichage="onglet"><Cas>
<Titre>
<Paragraphe>Domicile fiscal du défunt situé en France</Paragraphe>
</Titre><Paragraphe>Si le défunt était <LienInterne LienPublication="F62" type="Fiche Question-réponse" audience="Particuliers">domicilié en France</LienInterne>, vous devez payer des droits de succession sur tous les biens reçus (<LienIntra LienID="R1185" type="Définition de glossaire">biens meubles</LienIntra> et <LienIntra LienID="R10833" type="Définition de glossaire">immeubles</LienIntra>). Peu importe que ces biens soient situés en France ou à l'étranger (sauf clauses contraires des conventions internationales).</Paragraphe>
<ANoter>
<Titre>À noter</Titre><Paragraphe>des règles spécifiques s'appliquent à certains biens (bien dont le défunt était <LienInterne LienPublication="F934" type="Fiche Question-réponse" audience="Particuliers">usufruitier</LienInterne>, contrat d'assurance-vie, etc.).</Paragraphe>
</ANoter>
</Cas>
<Cas>
<Titre>
<Paragraphe>Domicile fiscal du défunt situé à l'étranger</Paragraphe>
</Titre>
<BlocCas affichage="radio"><Cas>
<Titre>
<Paragraphe>Bénéficiaire domicilié en France</Paragraphe>
</Titre><Paragraphe>Si vous êtes domicilié en France au jour du décès et si vous l'avez été pendant au moins 6 années au cours des 10 dernières années, vous devez payer des droits de succession sur tous les biens reçus. Peu importe qu'ils soient situés en France ou à l'étranger.</Paragraphe>

</Cas>
<Cas>
<Titre>
<Paragraphe>Bénéficiaire domicilié hors de France</Paragraphe>
</Titre><Paragraphe>Si vous êtes domicilié à l'étranger au jour du décès, seuls les biens du défunt situés en France sont imposables.</Paragraphe>

</Cas>
</BlocCas>
</Cas>
</BlocCas>

</Chapitre>
<Chapitre>
<Titre>
<Paragraphe>Exonérations liées au bénéficiaire</Paragraphe>
</Titre>
<SousChapitre>
<Titre>
<Paragraphe>Personnes dispensées de dépôt de déclaration</Paragraphe>
</Titre><Paragraphe>Vous êtes exonéré du paiement des droits de succession <LienInterne LienPublication="F80" type="Fiche d'information" audience="Particuliers">si vous êtes dispensé de dépôt de déclaration</LienInterne>.</Paragraphe>
<Paragraphe>En principe, un <LienInterne LienPublication="N173" type="Dossier" audience="Particuliers">héritier</LienInterne>, <LienIntra LienID="R37963" type="Définition de glossaire">donataire</LienIntra> ou <LienIntra LienID="R12704" type="Définition de glossaire">légataire</LienIntra> doit  effectuer une <LienExterne URL="https://www.impots.gouv.fr/portail/particulier/declarer-une-succesion">déclaration de succession</LienExterne>

.</Paragraphe>
<Paragraphe>Mais il existe des exonérations.</Paragraphe>
<BlocCas affichage="radio"><Cas>
<Titre>
<Paragraphe>Vous êtes l'enfant du défunt</Paragraphe>
</Titre><Paragraphe>Vous devez faire une déclaration de succession seulement si vous vous trouvez dans l'un des cas suivants :</Paragraphe>
<Liste type="puce">
<Item>
<Paragraphe>Vous êtes <LienIntra LienID="R18325" type="Définition de glossaire">héritier en ligne directe</LienIntra> et  le défunt vous a fait une <LienInterne LienPublication="F1404" type="Fiche d'information" audience="Particuliers">donation</LienInterne> ou un <LienInterne LienPublication="F1265" type="Fiche Question-réponse" audience="Particuliers">don manuel</LienInterne> non enregistré ou non déclaré</Paragraphe>
</Item>
<Item>
<Paragraphe>
<LienIntra LienID="R16422" type="Définition de glossaire"> L'actif brut successoral</LienIntra> est supérieur ou égal à <Valeur>50 000 €</Valeur>
</Paragraphe>
</Item>
</Liste>

</Cas>
<Cas>
<Titre>
<Paragraphe>Vous êtes l'époux(se) ou le partenaire de Pacs</Paragraphe>
</Titre><Paragraphe>Vous devez faire une déclaration de succession seulement si vous vous trouvez dans l'un des cas suivants :</Paragraphe>
<Liste type="puce">
<Item>
<Paragraphe>Vous avez bénéficié de la part du défunt d'une <LienInterne LienPublication="F1404" type="Fiche d'information" audience="Particuliers">donation</LienInterne> ou d'un <LienInterne LienPublication="F1265" type="Fiche Question-réponse" audience="Particuliers">don manuel</LienInterne> non enregistré ou non déclaré</Paragraphe>
</Item>
<Item>
<Paragraphe>
<LienIntra LienID="R16422" type="Définition de glossaire"> L'actif brut successoral</LienIntra> est supérieur ou égal à <Valeur>50 000 €</Valeur>
<Valeur> €</Valeur>
</Paragraphe>
</Item>
</Liste>

</Cas>
<Cas>
<Titre>
<Paragraphe>Vous êtes un autre bénéficiaire</Paragraphe>
</Titre><Paragraphe>Vous devez faire une déclaration de succession si <LienIntra LienID="R16422" type="Définition de glossaire">l'actif brut successoral</LienIntra> est supérieur ou égal à <Valeur>3 000 €</Valeur>.</Paragraphe>

</Cas>
</BlocCas>

</SousChapitre>
<SousChapitre>
<Titre>
<Paragraphe>Époux et partenaire de Pacs</Paragraphe>
</Titre><Paragraphe>Vous êtes exonéré du paiement des droits de succession si vous êtes l'époux survivant ou le partenaire de Pacs survivant du défunt.</Paragraphe>

</SousChapitre>
<SousChapitre>
<Titre>
<Paragraphe>Frère ou sœur</Paragraphe>
</Titre><Paragraphe>Vous êtes exonéré du paiement des droits de succession si vous remplissez les 3 conditions suivantes au  moment du décès :</Paragraphe>
<Liste type="puce">
<Item>
<Paragraphe>Vous avez  constamment vécu avec le défunt durant les 5 années ayant précédé son décès</Paragraphe>
</Item>
<Item>
<Paragraphe>Vous êtes célibataire, veuf, divorcé ou séparé de corps</Paragraphe>
</Item>
<Item>
<Paragraphe>Vous avez plus de 50 ans ou êtes atteint d'une infirmité ne vous permettant pas de travailler.</Paragraphe>
</Item>
</Liste>

</SousChapitre>
<SousChapitre>
<Titre>
<Paragraphe>Personnes morales de droit public</Paragraphe>
</Titre><Paragraphe>Les biens légués aux personnes morales de droit public suivantes sont exonérés de droits de succession :</Paragraphe>
<Liste type="puce">
<Item>
<Paragraphe>Régions, départements, communes, leurs établissements publics et les établissements publics hospitaliers</Paragraphe>
</Item>
<Item>
<Paragraphe>Associations ou fondations reconnues d'utilité publique dont les ressources sont affectées à la protection de l'environnement ou des animaux</Paragraphe>
</Item>
<Item>
<Paragraphe>Établissements publics ou d'utilité publique dont les ressources sont affectées à des œuvres scientifiques, culturelles ou artistiques à caractère désintéressé</Paragraphe>
</Item>
<Item>
<Paragraphe>État et  ses établissements publics scientifiques, d'enseignement, d'assistance et de bienfaisance</Paragraphe>
</Item>
<Item>
<Paragraphe>Établissements publics de parcs nationaux, pour les immeubles situés au cœur de ces parcs nationaux</Paragraphe>
</Item>
</Liste>

</SousChapitre>
</Chapitre>
<Chapitre>
<Titre>
<Paragraphe>Exonérations liées au défunt</Paragraphe>
</Titre><Paragraphe>Vous êtes exonéré du paiement des droits sur la succession si vous héritez d'une des personnes suivantes :</Paragraphe>
<Liste type="puce">
<Item>
<Paragraphe>Victime de guerre ou d'acte de terrorisme</Paragraphe>
</Item>
<Item>
<Paragraphe>Militaire décédé dans le cadre d'opérations extérieures</Paragraphe>
</Item>
<Item>
<Paragraphe>Sapeur-pompier,  policier,  gendarme,  agent de douane, cités à l'ordre de la Nation, en cas de décès dans l'accomplissement de leurs missions ou des blessures reçues lors de ces missions.</Paragraphe>
</Item>
</Liste>

</Chapitre>
<Chapitre>
<Titre>
<Paragraphe>Exonérations selon la nature des biens transmis</Paragraphe>
</Titre>
<SousChapitre>
<Titre>
<Paragraphe>Exonération totale</Paragraphe>
</Titre><Paragraphe>Vous êtes totalement exonéré du paiement des droits sur la succession des biens suivants  :</Paragraphe>
<Liste type="puce">
<Item>
<Paragraphe>
<LienIntra LienID="R38090" type="Définition de glossaire">Réversion de rente viagère</LienIntra> entre époux ou entre <LienIntra LienID="R18325" type="Définition de glossaire">héritiers en ligne directe</LienIntra>
</Paragraphe>
</Item>
<Item>
<Paragraphe>Monument historique, sous conditions (immeubles classés ou inscrits à l'inventaire supplémentaire des monuments historiques),</Paragraphe>
</Item>
<Item>
<Paragraphe>Œuvre d'art, livre et objet de collection, document de haute valeur historique ou artistique dont il est fait don à l'État avec son agrément.</Paragraphe>
</Item>
</Liste>

</SousChapitre>
<SousChapitre>
<Titre>
<Paragraphe>Exonération partielle</Paragraphe>
</Titre><Paragraphe>Vous êtes partiellement exonéré du paiement des droits sur la succession des biens suivants et sous certaines conditions :</Paragraphe>
<Liste type="puce">
<Item>
<Paragraphe><LienExterne URL="http://www.legifrance.gouv.fr/affichCode.do?idSectionTA=LEGISCTA000006191749&amp;cidTexte=LEGITEXT000006069577">Bien forestier ou agricole</LienExterne>

</Paragraphe>
</Item>
<Item>
<Paragraphe><LienExterne URL="http://legifrance.gouv.fr/affichCode.do?idSectionTA=LEGISCTA000006199106&amp;cidTexte=LEGITEXT000006069577">Entreprise individuelle, part et action de sociétés</LienExterne>

</Paragraphe>
</Item>
<Item>
<Paragraphe><LienExterne URL="http://www.legifrance.gouv.fr/affichCode.do?idSectionTA=LEGISCTA000006191749&amp;cidTexte=LEGITEXT000006069577">Logement acquis neuf</LienExterne>

 entre le 1<Exposant>er</Exposant> juin 1993 et le 31 décembre 1994 et entre le 1<Exposant>er</Exposant> août 1995 et le 31 décembre 1995 (l'exonération s'applique uniquement à la 1<Exposant>èr</Exposant>e transmission du bien)</Paragraphe>
</Item>
<Item>
<Paragraphe><LienExterne URL="http://www.legifrance.gouv.fr/affichCode.do?idSectionTA=LEGISCTA000006191749&amp;cidTexte=LEGITEXT000006069577">Immeuble d'habitation et garages</LienExterne>

  acquis entre le 1<Exposant>er</Exposant> août 1995 et le 31 décembre 1996 (l'exonération s'applique uniquement à la 1<Exposant>ère</Exposant> transmission du bien).</Paragraphe>
</Item>
</Liste>

</SousChapitre>
</Chapitre>
</Texte><VoirAussi important="non">
<Dossier ID="N173" audience="Particuliers">
<Titre>Héritage : ordre et droits des héritiers</Titre>
<Theme ID="N19805">
<Titre>Famille</Titre>
</Theme>
</Dossier>
<Fiche ID="F14198" audience="Particuliers">
<Titre>Droits de succession : calcul et paiement</Titre>
<Theme ID="N19803">
<Titre>Argent</Titre>
</Theme>
</Fiche>
</VoirAussi>
<OuSAdresser ID="R15019" type="Local personnalisable">
<Titre>Service en charge des impôts (trésorerie, service des impôts...)</Titre>
<PivotLocal>centre_impots</PivotLocal>
<RessourceWeb URL="https://www.impots.gouv.fr/portail/contacts"/>
<Source ID="R30612">Ministère chargé des finances</Source>
</OuSAdresser>
<OuSAdresser ID="R122" type="Centre de contact">
<Titre>Service des impôts des particuliers non résidents</Titre>
<Source ID="R30612">Ministère chargé des finances</Source><Texte>
						<Chapitre>
<Titre>
<Paragraphe>Par téléphone</Paragraphe>
</Titre>
								<Paragraphe>
			<MiseEnEvidence>+33 (0) 1 72 95 20 42
	</MiseEnEvidence>	</Paragraphe>
								<Paragraphe>
			Du lundi au vendredi de 9h à 16h</Paragraphe>
							</Chapitre>
						<Chapitre>
<Titre>
<Paragraphe>Par messagerie</Paragraphe>
</Titre>
								<Paragraphe>
			Via votre <LienInterne LienPublication="R3120" type="Téléservice" audience="Particuliers">messagerie sécurisée sur votre compte personnel</LienInterne>
</Paragraphe>
							</Chapitre>
						<Chapitre>
<Titre>
<Paragraphe>Par courrier</Paragraphe>
</Titre>
								<Paragraphe>
		
			10, rue du Centre</Paragraphe>
								<Paragraphe>TSA 10010</Paragraphe>
								<Paragraphe>93465 Noisy-Le-Grand Cedex </Paragraphe>
							</Chapitre>
					</Texte>
</OuSAdresser>
<OuSAdresser ID="R20684" type="Centre de contact">
<Titre>Service d'information des impôts</Titre>
<Source ID="R30612">Ministère chargé des finances</Source><Texte>
						<Chapitre>
<Titre>
<Paragraphe>Vous êtes un particulier</Paragraphe>
</Titre>
								<Paragraphe>Par téléphone :</Paragraphe>
								<Paragraphe>
<MiseEnEvidence>0809 401 401</MiseEnEvidence>
</Paragraphe>
								<Paragraphe>Du lundi au vendredi de 8h30 à 19h, hors jours fériés.</Paragraphe>
								<Paragraphe>Service gratuit + prix appel</Paragraphe>
							</Chapitre>
						<Chapitre>
<Titre>
<Paragraphe>Vous êtes un professionnel</Paragraphe>
</Titre>
								<Paragraphe>Par téléphone :</Paragraphe>
								<Paragraphe>
<MiseEnEvidence>0 806 000 225</MiseEnEvidence>
</Paragraphe>
								<Paragraphe>Du lundi au vendredi de 8h30 à 19h, hors jours fériés.</Paragraphe>
								<Paragraphe>Service gratuit + prix appel</Paragraphe>
							</Chapitre>
					</Texte>
</OuSAdresser>
<OuSAdresser ID="R18478" type="Local personnalisable">
<Titre>Notaire</Titre>
<PivotLocal>notaire</PivotLocal>
<RessourceWeb URL="http://www.notaires.fr/fr/annuaires-notaire"/>
</OuSAdresser>
<Reference type="Texte de référence" URL="http://www.legifrance.gouv.fr/affichCode.do?idSectionTA=LEGISCTA000006197407&amp;cidTexte=LEGITEXT000006069577" ID="R37808">
<Titre>Code général des impôts : article 750 ter</Titre>
<Complement>Règles de territorialité pour les droits de succession</Complement>
</Reference>
<Reference type="Texte de référence" URL="http://legifrance.gouv.fr/affichCode.do?idSectionTA=LEGISCTA000006199106&amp;cidTexte=LEGITEXT000006069577" ID="R35056">
<Titre>Code général des impôts : articles 779 à 787 C</Titre>
<Complement>Exonération des entreprises individuelles, des parts et action de sociétés (articles 787 B et 787 c)</Complement>
</Reference>
<Reference type="Texte de référence" URL="http://www.legifrance.gouv.fr/affichCode.do?idSectionTA=LEGISCTA000006191749&amp;cidTexte=LEGITEXT000006069577" ID="R11988">
<Titre>Code général des impôts : articles 792-0 bis à 797 A</Titre>
<Complement>Exonération des biens forestiers et agricole, de certains logements, de la réversion de rente viagères (article 793), des monuments historiques (article 795), exonération liée à la qualité du défunt (article 796), des personnes dispensées de dépôt de déclaration de succession (article 796-0), de l'époux(se) ou partenaire de Pacs survivant (article R796-0 bis), du frère ou de la sœur (article 796-0 ter)</Complement>
</Reference>
<Reference type="Texte de référence" URL="http://www.legifrance.gouv.fr/affichCode.do?idSectionTA=LEGISCTA000006179796&amp;cidTexte=LEGITEXT000006069577" ID="R37025">
<Titre>Code général des impôts : article 1131</Titre>
<Complement>Exonération des œuvres d'art</Complement>
</Reference>
<Reference type="Texte de référence" URL="http://bofip.impots.gouv.fr/bofip/2325-PGP.html?identifiant=BOI-ENR-DMTG-10-10-10" ID="R37982">
<Titre>Bofip-impôts n°BOI-ENR-DMTG-10 relatif aux biens à déclarer dans le cadre d'une succession</Titre>
</Reference>
<Reference type="Texte de référence" URL="http://bofip.impots.gouv.fr/bofip/3543-PGP.html?identifiant=BOI-ENR-DMTG-10-10-30-20120912" ID="R37809">
<Titre>Bofip-impôts n°BOI-ENR-DMTG-10-10-30 relatif aux règles de territorialité en matière de droits de mutation à titre gratuit</Titre>
</Reference>
<Reference type="Texte de référence" URL="http://bofip.impots.gouv.fr/bofip/2316-PGP.html?identifiant=BOI-ENR-DMTG-10-20" ID="R37000">
<Titre>Bofip-impôts n°BOI-ENR-DMTG-10-20 relatif aux exonérations de droits de succession</Titre>
</Reference>
<Reference type="Texte de référence" URL="http://bofip.impots.gouv.fr/bofip/2509-PGP.html" ID="R2451">
<Titre>Bofip-Impôts n°BOI-ANNX-000306 relatif à la liste des conventions fiscales conclues par la France</Titre>
</Reference>
<ServiceEnLigne ID="R10279" URL="https://www.impots.gouv.fr/portail/formulaire/2705-sd/declaration-de-succession" numerocerfa="11277, 12322 et 12321" autrenumero="2705-SD, 2705-S-SD et 2705-A-SD" type="Formulaire">
<Titre>Déclaration de succession</Titre>
<Source ID="R30612">Ministère chargé des finances</Source>
</ServiceEnLigne>
<ServiceEnLigne ID="R47789" URL="https://www.service-public.fr/simulateur/calcul/droits-succession" type="Simulateur">
<Titre>Simulateur de calcul des droits de succession</Titre>
<Source ID="R30608">Direction de l'information légale et administrative (Dila) - Premier ministre</Source>
</ServiceEnLigne>
<PourEnSavoirPlus type="Information pratique" ID="R15673" URL="https://www.impots.gouv.fr/portail/particulier/declarer-une-succesion" audience="Particuliers">
<Titre>Déclarer une succession</Titre>
<Source ID="R30612">Ministère chargé des finances</Source>
</PourEnSavoirPlus>
<PourEnSavoirPlus type="Information pratique" ID="R50317" URL="http://www.legifrance.gouv.fr/affichCode.do?idSectionTA=LEGISCTA000006191749&amp;cidTexte=LEGITEXT000006069577" audience="Particuliers">
<Titre>Exonération de droits de succession pour les biens agricoles et les immeubles</Titre>
<Source ID="R38880">Legifrance</Source>
</PourEnSavoirPlus>
<PourEnSavoirPlus type="Information pratique" ID="R50318" URL="http://legifrance.gouv.fr/affichCode.do?idSectionTA=LEGISCTA000006199106&amp;cidTexte=LEGITEXT000006069577" audience="Particuliers">
<Titre>Exonération de droits de succession pour entreprises individuelles et sociétés</Titre>
<Source ID="R38880">Legifrance</Source>
</PourEnSavoirPlus>
<PourEnSavoirPlus type="Information pratique" ID="R2463" URL="https://www.impots.gouv.fr/portail/les-conventions-internationales" audience="Particuliers">
<Titre>Conventions fiscales signées par la France</Titre>
<Source ID="R30612">Ministère chargé des finances</Source>
</PourEnSavoirPlus>
<Definition ID="R55598">
<Titre>Droits de succession</Titre>
<Texte>
				<Paragraphe>Sommes payées auprès des services fiscaux lorsque la propriété d'un bien est transmise par une personne, au moment de son décès, à un héritier</Paragraphe>
			</Texte>
</Definition>
<Definition ID="R18325">
<Titre>Héritier en ligne directe</Titre>
<Texte>
				<Paragraphe>Ascendants et descendants directs du défunt : ses enfants et petits-enfants, ses parents et grands-parents...</Paragraphe>
			</Texte><Reference type="Texte de référence" URL="https://www.legifrance.gouv.fr/affichCode.do?idSectionTA=LEGISCTA000006165763&amp;cidTexte=LEGITEXT000006070721" ID="R43436">
<Titre>Code civil : articles 741 à 745</Titre>
</Reference>
</Definition>
<Definition ID="R16422">
<Titre>Actif successoral</Titre>
<Texte>
				<Paragraphe>Valeur totale des biens de la succession (actif brut) dont on retranche les dettes du défunt pour obtenir l'actif net</Paragraphe>
			</Texte>
</Definition>
<Definition ID="R10833">
<Titre>Bien immeuble (ou immobilier)</Titre>
<Texte>
				<Paragraphe>Bien ne pouvant pas être déplacé (exemples : terrain ou appartement) ou objet en faisant partie intégrante (exemple : clôture du terrain)</Paragraphe>
			</Texte>
</Definition>
<Definition ID="R37963">
<Titre>Donataire</Titre>
<Texte>
				<Paragraphe>Personne qui reçoit une donation</Paragraphe>
			</Texte><Reference type="Texte de référence" URL="http://www.legifrance.gouv.fr/affichCode.do?idSectionTA=LEGISCTA000006136539&amp;cidTexte=LEGITEXT000006070721" ID="R33053">
<Titre>Code civil : articles 893 à 900-8</Titre>
</Reference>
</Definition>
<Definition ID="R38090">
<Titre>Rente viagère avec réversion</Titre>
<Texte>
				<Paragraphe>Dispositif permettant à une personne de prévoir qu'à son décès, sa rente bénéficiera à sa femme, son mari ou la personne de son choix</Paragraphe>
			</Texte>
</Definition>
<Definition ID="R12704">
<Titre>Légataire</Titre>
<Texte>
				<Paragraphe>Personne désignée par testament pour recevoir les biens d'une personne décédée</Paragraphe>
			</Texte><Reference type="Texte de référence" URL="http://www.legifrance.gouv.fr/affichCode.do?idSectionTA=LEGISCTA000006150232&amp;cidTexte=LEGITEXT000006070721" ID="R33146">
<Titre>Code civil : articles 1002 à 1002-1</Titre>
</Reference>
</Definition>
<Definition ID="R1185">
<Titre>Bien meuble</Titre>
<Texte>
				<Paragraphe>Bien qui peut être déplacé. Il peut s'agir d'un  bien corporel (objets, mobilier ou marchandise par exemple) ou d'un bien incorporel (par exemple droits d'auteur, parts sociales).</Paragraphe>
			</Texte>
</Definition>
<QuestionReponse ID="F1295" audience="Particuliers">Le recours à un notaire est-il obligatoire dans le cadre d'une succession ?</QuestionReponse>
<QuestionReponse ID="F17701" audience="Particuliers">Frais de notaire : de quoi s'agit-il ?</QuestionReponse>
<QuestionReponse ID="F795" audience="Particuliers">Quels sont les tarifs des notaires en matière de succession ?</QuestionReponse>
<QuestionReponse ID="F418" audience="Particuliers">Comment la déclaration de succession est-elle contrôlée par les impôts ?</QuestionReponse>
<QuestionReponse ID="F62" audience="Particuliers">Comment déterminer son domicile fiscal ?</QuestionReponse>
</Publication>
