<?xml version="1.0" encoding="UTF-8"?><Publication xmlns:dc="http://purl.org/dc/elements/1.1/" xmlns:xsi="http://www.w3.org/2001/XMLSchema-instance" ID="F17669" type="Fiche d'information" xsi:noNamespaceSchemaLocation="../Schemas/3.0/Publication.xsd">
<dc:title>Permis de démolir</dc:title>
<dc:creator>Direction de l'information légale et administrative</dc:creator>
<dc:subject>Logement, Secteurs d'activité</dc:subject>
<dc:description>Le permis de démolir est une autorisation d'urbanisme. Vous devez l'obtenir avant la démolition partielle ou totale d'une construction relevant d'une protection particulière ou située dans un secteur où ce permis est obligatoire. Lorsque la démolition est liée à un projet de construction ou d'aménagement, la demande de démolition peut être faite avec la demande de permis de construire ou d'aménager.</dc:description>
<dc:publisher>Direction de l'information légale et administrative</dc:publisher>
<dc:contributor>Direction de l'information légale et administrative (Premier ministre)</dc:contributor>
<dc:date>modified 2020-04-16</dc:date>
<dc:type>Fiche pratique</dc:type>
<dc:format>text/xml</dc:format>
<dc:identifier>F17669</dc:identifier>
<dc:source>http://www.legifrance.gouv.fr/affichCode.do?idSectionTA=LEGISCTA000006176166&amp;cidTexte=LEGITEXT000006074075, https://www.legifrance.gouv.fr/affichCode.do?idArticle=LEGIARTI000038682263&amp;cidTexte=LEGITEXT000006074075, https://www.legifrance.gouv.fr/affichCode.do?idSectionTA=LEGISCTA000006175964&amp;cidTexte=LEGITEXT000006074075, https://www.legifrance.gouv.fr/affichCodeArticle.do?idArticle=LEGIARTI000006820138&amp;cidTexte=LEGITEXT000006074075, https://www.legifrance.gouv.fr/affichCodeArticle.do?idArticle=LEGIARTI000031367829&amp;cidTexte=LEGITEXT000031366350, https://www.legifrance.gouv.fr/codes/section_lc/LEGITEXT000006074075/LEGISCTA000006175982, https://www.legifrance.gouv.fr/codes/id/LEGIARTI000038682316/</dc:source>
<dc:language>Fr</dc:language>
<dc:relation>isPartOf N319</dc:relation>
<dc:coverage>France entière</dc:coverage>
<dc:rights>https://www.service-public.fr/a-propos/mentions-legales</dc:rights>
<SurTitre>Fiche pratique</SurTitre>
<Audience>Particuliers</Audience>
<Audience>Professionnels</Audience>
<Canal>www.service-public.fr</Canal>
<FilDAriane>
<Niveau ID="Particuliers">Accueil particuliers</Niveau>
<Niveau ID="N19808">Logement</Niveau>
<Niveau ID="N319">Autorisations d'urbanisme</Niveau>
<Niveau ID="F17669" type="Fiche d'information">Permis de démolir</Niveau>
</FilDAriane>
<Theme ID="N19808">
<Titre>Logement</Titre>
</Theme>
<SousThemePere ID="N557">Urbanisme</SousThemePere><DossierPere ID="N319">
<Titre>Autorisations d'urbanisme</Titre>
<Fiche ID="F1633">Certificat d'urbanisme</Fiche>
<Fiche ID="F17578">Déclaration préalable de travaux (DP)</Fiche>
<Fiche ID="F1986">Permis de construire</Fiche>
<Fiche ID="F17665">Permis d'aménager</Fiche>
<Fiche ID="F19450">Permis modificatif d'un permis de construire ou d'aménager</Fiche>
<Fiche ID="F17669">Permis de démolir</Fiche>
<Fiche ID="F2698">Transfert d'un permis de construire ou d'aménager</Fiche>
<Fiche ID="F20567">Contestation d'une autorisation d'urbanisme</Fiche>
<Fiche ID="F23263">Taxe d'aménagement (TA)</Fiche>
<Fiche ID="F447">Assainissement des eaux usées domestiques</Fiche>
</DossierPere>
<Avertissement ID="R54724" date="2019-12-06">
<Titre>Dématérialisation des demandes de permis de construire</Titre>
<Texte>
				<Paragraphe><LienExterne URL="https://www.legifrance.gouv.fr/affichTexte.do?cidTexte=JORFTEXT000037639478&amp;dateTexte=20191028">L'article 62 de la loi n° 2018-1021 du 23 novembre 2018 portant évolution du logement, de l'aménagement et du numérique (loi ELAN)</LienExterne>
 prévoit que toutes les communes de plus de 3 500 habitants devront avoir des procédures dématérialisées pour recevoir et instruire les demandes d'autorisation d'urbanisme et certificat d'urbanisme au 1<Exposant>er</Exposant> janvier 2022.</Paragraphe>
				<Paragraphe>Cette page sera actualisée dès l'entrée en vigueur de la loi.</Paragraphe>
			</Texte>
</Avertissement>

<Introduction>
<Texte><Paragraphe>Le permis de démolir est une autorisation d'urbanisme. Vous devez l'obtenir avant la démolition partielle ou totale d'une construction relevant d'une protection particulière ou située  dans un secteur où ce permis est obligatoire. Lorsque la démolition est liée à un projet de construction ou d'aménagement, la demande de démolition peut être faite avec la demande de permis de construire ou d'aménager.</Paragraphe>
</Texte>
</Introduction>
<Texte><Chapitre>
<Titre>
<Paragraphe>Travaux concernés</Paragraphe>
</Titre><Paragraphe>Un permis de démolir est exigé préalablement à la démolition partielle ou totale d'une construction située dans un des secteurs suivants :</Paragraphe>
<Liste type="puce">
<Item>
<Paragraphe>Commune où le conseil municipal a instauré ce permis</Paragraphe>
</Item>
</Liste>
<Liste type="puce">
<Item>
<Paragraphe>Périmètre d'un <LienIntra LienID="R54682" type="Définition de glossaire">site patrimonial remarquable</LienIntra> classé, abords des monuments historiques ou inscrits au titre des monuments historiques</Paragraphe>
</Item>
<Item>
<Paragraphe>Périmètre d'une opération de restauration immobilière</Paragraphe>
</Item>
<Item>
<Paragraphe>
<LienIntra LienID="R47012" type="Définition de glossaire">Site inscrit</LienIntra> ou site classé ou en instance de classement</Paragraphe>
</Item>
</Liste>
<Paragraphe>Pour savoir si votre projet de démolition est soumis à permis, il convient de se renseigner auprès du service urbanisme de votre mairie.</Paragraphe>
<OuSAdresser ID="R1" type="Local personnalisé sur SP">
<Titre>Mairie</Titre>
<PivotLocal>mairie</PivotLocal>
<RessourceWeb URL="https://lannuaire.service-public.fr/"/>
</OuSAdresser>

</Chapitre>
<Chapitre>
<Titre>
<Paragraphe>Démarche</Paragraphe>
</Titre><BlocCas affichage="radio"><Cas>
<Titre>
<Paragraphe>Démolition</Paragraphe>
</Titre><Paragraphe>Vous pouvez utiliser un téléservice pour vous aider à constituer votre dossier ou remplir un formulaire.</Paragraphe>
<ServiceEnLigne ID="R52221" URL="https://psl.service-public.fr/mademarche/DAUA/demarche" type="Téléservice">
<Titre>Assistance pour votre demande d'autorisation d'urbanisme</Titre>
<Source ID="R30659">Ministère chargé de l'urbanisme</Source>
</ServiceEnLigne>

<ServiceEnLigne ID="R1980" URL="https://www.formulaires.service-public.fr/gf/cerfa_13405.do" format="application/pdf" poids="609.2 KB" numerocerfa="13405*06" type="Formulaire">
<Titre>Demande de permis de démolir</Titre>
<Source ID="R30659">Ministère chargé de l'urbanisme</Source>
<Introduction>
<Texte><Paragraphe>Permet de démolir une construction sans réalisation d'une autre construction.</Paragraphe>
</Texte>
</Introduction><NoticeLiee ID="R48172" URL="https://www.formulaires.service-public.fr/gf/getNotice.do?cerfaNotice=51434&amp;cerfaFormulaire=13703" numerocerfa="51434#08" format="application/pdf" poids="807.9 KB">Notice - Permis de construire, d'aménager, de démolir, déclaration préalable</NoticeLiee>
<ServiceEnLigneAnnexe type="Formulaire">
<Titre>Fiche complémentaire / autres demandeurs pour un même projet</Titre>
<Texte><Paragraphe>Document à joindre au permis de démolir lorsque plusieurs personnes sont concernées par un même projet</Paragraphe>
</Texte>
<LienWeb URL="https://www.formulaires.service-public.fr/gf/getAnnexe.do?cerfaAnnexe=13702-1&amp;cerfaFormulaire=13702" format="application/pdf" poids="212.6 KB"/>
</ServiceEnLigneAnnexe>

</ServiceEnLigne>


</Cas>
<Cas>
<Titre>
<Paragraphe>Démolition avec reconstruction</Paragraphe>
</Titre><Paragraphe>Quand la démolition dépend d'un projet de construction ou d'aménagement, le formulaire de demande de <LienInterne LienPublication="F1986" type="Fiche d'information" audience="Particuliers">permis de construire</LienInterne> ou <LienInterne LienPublication="F17665" type="Fiche d'information" audience="Particuliers">d'aménager</LienInterne> permet également de demander l'autorisation de démolir.</Paragraphe>
<Paragraphe>Vous pouvez utiliser un téléservice pour vous aider à constituer votre dossier ou remplir un formulaire.</Paragraphe>
<ServiceEnLigne ID="R52221" URL="https://psl.service-public.fr/mademarche/DAUA/demarche" type="Téléservice">
<Titre>Assistance pour votre demande d'autorisation d'urbanisme</Titre>
<Source ID="R30659">Ministère chargé de l'urbanisme</Source>
</ServiceEnLigne>

<ServiceEnLigne ID="R11637" URL="https://www.formulaires.service-public.fr/gf/cerfa_13406.do" format="application/pdf" poids="798.1 KB" numerocerfa="13406*07" type="Formulaire">
<Titre>Demande de permis de construire pour une maison individuelle et/ou ses annexes (PCMI)</Titre>
<Source ID="R30659">Ministère chargé de l'urbanisme</Source><NoticeLiee ID="R48172" URL="https://www.formulaires.service-public.fr/gf/getNotice.do?cerfaNotice=51434&amp;cerfaFormulaire=13703" numerocerfa="51434#08" format="application/pdf" poids="807.9 KB">Notice - Permis de construire, d'aménager, de démolir, déclaration préalable</NoticeLiee>
<NoticeLiee ID="R48163" URL="https://www.formulaires.service-public.fr/gf/getAnnexe.do?cerfaAnnexe=13409-1&amp;cerfaFormulaire=13703" format="application/pdf" poids="115.1 KB">Fiche d'aide au calcul de la surface de plancher et de la surface taxable</NoticeLiee>
<ServiceEnLigneAnnexe type="Formulaire">
<Titre>Fiche complémentaire / autres demandeurs pour un même projet</Titre>
<Texte><Paragraphe>Document à joindre au permis de construire lorsque plusieurs personnes sont concernées par un même projet</Paragraphe>
</Texte>
<LienWeb URL="https://www.formulaires.service-public.fr/gf/getAnnexe.do?cerfaAnnexe=13702-1&amp;cerfaFormulaire=13702" format="application/pdf" poids="212.6 KB"/>
</ServiceEnLigneAnnexe>

</ServiceEnLigne>

<ServiceEnLigne ID="R20835" URL="https://www.formulaires.service-public.fr/gf/cerfa_13409.do" format="application/pdf" poids="1.6 MB" numerocerfa="13409*07" type="Formulaire">
<Titre>Demande de permis de construire (autre que portant sur une maison individuelle ou ses annexes)</Titre>
<Source ID="R30659">Ministère chargé de l'urbanisme</Source>
<Introduction>
<Texte><Paragraphe>Permet de réaliser une construction ou d'effectuer des travaux sur une construction existante.</Paragraphe>
</Texte>
</Introduction><NoticeLiee ID="R48172" URL="https://www.formulaires.service-public.fr/gf/getNotice.do?cerfaNotice=51434&amp;cerfaFormulaire=13703" numerocerfa="51434#08" format="application/pdf" poids="807.9 KB">Notice - Permis de construire, d'aménager, de démolir, déclaration préalable</NoticeLiee>
<NoticeLiee ID="R48163" URL="https://www.formulaires.service-public.fr/gf/getAnnexe.do?cerfaAnnexe=13409-1&amp;cerfaFormulaire=13703" format="application/pdf" poids="115.1 KB">Fiche d'aide au calcul de la surface de plancher et de la surface taxable</NoticeLiee>
<ServiceEnLigneAnnexe type="Formulaire">
<Titre>Dossier spécifique permettant de vérifier la conformité des ERP aux règles d'accessibilité et de sécurité contre l'incendie et la panique</Titre>
<Texte><Paragraphe>Document à joindre permettant de vérifier la conformité des établissements recevant du public (ERP) aux règles d'accessibilité et de sécurité contre l'incendie et la panique</Paragraphe>
</Texte>
<LienWeb URL="https://www.formulaires.service-public.fr/gf/getAnnexe.do?cerfaAnnexe=13409-3&amp;cerfaFormulaire=13409" format="application/pdf" poids="2.1 MB"/>
</ServiceEnLigneAnnexe>

<ServiceEnLigneAnnexe type="Formulaire">
<Titre>Fiche complémentaire / autres demandeurs pour un même projet</Titre>
<Texte><Paragraphe>Document à joindre au permis de construire lorsque plusieurs personnes sont concernées par un même projet</Paragraphe>
</Texte>
<LienWeb URL="https://www.formulaires.service-public.fr/gf/getAnnexe.do?cerfaAnnexe=13702-1&amp;cerfaFormulaire=13702" format="application/pdf" poids="212.6 KB"/>
</ServiceEnLigneAnnexe>

</ServiceEnLigne>


</Cas>
</BlocCas>

</Chapitre>
<Chapitre>
<Titre>
<Paragraphe>Dépôt du dossier</Paragraphe>
</Titre><Paragraphe>La demande de permis est adressée  par courrier recommandé avec demande d'avis de réception ou déposée à la mairie par une des personnes physiques ou <LienIntra LienID="R40703" type="Définition de glossaire">morales</LienIntra> suivantes :</Paragraphe>
<Liste type="puce">
<Item>
<Paragraphe>Propriétaire(s) du ou des terrains, leur <LienIntra LienID="R12420" type="Définition de glossaire">mandataire</LienIntra> ou une ou plusieurs personnes attestant être autorisées par eux à exécuter les travaux</Paragraphe>
</Item>
<Item>
<Paragraphe>Co-indivisaire(s) ou leur mandataire, en cas <LienIntra LienID="R12717" type="Définition de glossaire">d'indivision</LienIntra>
</Paragraphe>
</Item>
<Item>
<Paragraphe>Collectivité territoriale bénéficiant de l'expropriation pour cause d'utilité publique</Paragraphe>
</Item>
</Liste>
<Paragraphe>Plusieurs personnes peuvent demander une autorisation commune pour le même projet, une fiche complémentaire de demande est nécessaire.</Paragraphe>
<ServiceEnLigne ID="R55969" URL="https://www.formulaires.service-public.fr/gf/getAnnexe.do?cerfaAnnexe=13702-1&amp;cerfaFormulaire=13702" format="application/pdf" poids="212.6 KB" type="Formulaire">
<Titre>Fiche complémentaire / autres demandeurs pour un même projet</Titre>
<Source ID="R30659">Ministère chargé de l'urbanisme</Source>
<Introduction>
<Texte><Paragraphe>Document à joindre à la demande d'autorisation d'urbanisme lorsque plusieurs personnes sont concernées par un même projet</Paragraphe>
</Texte>
</Introduction>
</ServiceEnLigne>

<Paragraphe>Le dossier de permis de démolir joint au formulaire comprend les documents suivants :</Paragraphe>
<Liste type="puce">
<Item>
<Paragraphe>
<MiseEnEvidence>Plan de situation</MiseEnEvidence> du terrain à l'intérieur de la commune qui précise son échelle et son orientation par rapport au nord</Paragraphe>
</Item>
<Item>
<Paragraphe>
<MiseEnEvidence>Plan de masse</MiseEnEvidence> des constructions à démolir</Paragraphe>
</Item>
<Item>
<Paragraphe>
<MiseEnEvidence>Document photographique</MiseEnEvidence> faisant apparaître le ou les bâtiments dont la démolition est envisagée et leur insertion dans les lieux environnants</Paragraphe>
</Item>
</Liste>
<Paragraphe>D'autres pièces peuvent être nécessaires en fonction de votre projet. Elles sont énumérées dans le bordereau de dépôt des pièces jointes du formulaire.</Paragraphe>
<ASavoir>
<Titre>À savoir</Titre><Paragraphe>la liste des pièces jointes énumérées dans le bordereau de dépôt des pièces jointes est complète. L'administration ne peut pas vous demander d'autres documents.</Paragraphe>
</ASavoir><Paragraphe>Vous devez remettre le dossier à votre mairie en <MiseEnEvidence>4 exemplaires</MiseEnEvidence>. Il peut être déposé sur place ou envoyé par lettre recommandée avec avis de réception.</Paragraphe>
<Paragraphe>Vous devez fournir un exemplaire supplémentaire du dossier  pour un projet situé dans un <LienIntra LienID="R47012" type="Définition de glossaire"> site inscrit</LienIntra>, en <LienIntra LienID="R54682" type="Définition de glossaire">site patrimonial remarquable</LienIntra> ou aux abords d'un monument historique. Cet exemplaire est transmis, par le maire, à l'architecte des Bâtiments de France qui doit donner son accord sur le projet.</Paragraphe>
<Paragraphe>Si votre projet est situé dans un parc national futur ou existant, vous devrez fournir deux exemplaires supplémentaires du dossier de permis. Ils sont transmis, par le maire,   au préfet ou au directeur de l'établissement public du parc national qui doit donner son accord sur le projet.</Paragraphe>
<OuSAdresser ID="R1" type="Local personnalisé sur SP">
<Titre>Mairie</Titre>
<PivotLocal>mairie</PivotLocal>
<RessourceWeb URL="https://lannuaire.service-public.fr/"/>
</OuSAdresser>
<Paragraphe>À cette occasion, la mairie vous délivre  un récépissé comportant un numéro d'enregistrement qui mentionne la date à laquelle, en l'absence de réponse, vous obtiendrez un permis. Il s'agit d'un permis tacite.</Paragraphe>

</Chapitre>
<Chapitre>
<Titre>
<Paragraphe>Délai d'instruction</Paragraphe>
</Titre><Paragraphe>Le délai pour instruire votre demande est, en général, de <MiseEnEvidence>2 mois</MiseEnEvidence>. La mairie a 1 mois pour vous réclamer les pièces manquantes. Vous disposerez alors de 3 mois pour compléter votre dossier. Si vous ne fournissez pas les pièces manquantes, votre demande sera considérée comme rejetée. <MiseEnEvidence>Le délai d'instruction débute à compter  de la réception en mairie du dossier complet de permis</MiseEnEvidence>.</Paragraphe>
<Paragraphe>Dans le périmètre d'un <LienIntra LienID="R54682" type="Définition de glossaire">site patrimonial remarquable</LienIntra> ou aux abords des monuments historiques, le délai d'instruction est de 3 mois. Vous en serez informé  dans le mois qui suit le dépôt de votre demande.</Paragraphe>
<Paragraphe>Dans les 15 jours suivant le dépôt de votre dossier et durant toute l'instruction, la mairie affiche un avis de dépôt de demande de permis de démolir. Cet avis comprend les caractéristiques essentielles de votre projet.</Paragraphe>

</Chapitre>
<Chapitre>
<Titre>
<Paragraphe>Décisions de la mairie</Paragraphe>
</Titre><Paragraphe>La mairie peut accepter ou refuser votre demande de permis. Elle peut également suspendre sa décision (<Expression>sursis à statuer</Expression>).</Paragraphe>
<BlocCas affichage="radio"><Cas>
<Titre>
<Paragraphe>Acceptation</Paragraphe>
</Titre><Paragraphe>La décision de la mairie prend la forme d'<MiseEnEvidence>un arrêté</MiseEnEvidence>. Cette décision vous est adressée par lettre recommandée avec avis de réception ou par courrier électronique.</Paragraphe>
<Paragraphe>Le permis de démolir peut être accordé avec prescriptions  si vos travaux peuvent compromettre la protection ou la mise en valeur du patrimoine bâti, des quartiers, des monuments et des sites. La mairie doit justifier sa décision.</Paragraphe>
<Paragraphe>Vous pouvez commencer la démolition 15 jours après la <LienIntra LienID="R14732" type="Définition de glossaire">notification</LienIntra> de l'arrêté de permis.</Paragraphe>
<Attention>
<Titre>Attention</Titre>
										<Paragraphe>dans un délai de 3 mois suivant la date de la décision de permis, la mairie peut retirer un permis si elle estime qu'il a été délivré illégalement.</Paragraphe>
									</Attention>
</Cas>
<Cas>
<Titre>
<Paragraphe>Refus</Paragraphe>
</Titre><Paragraphe>Le refus de permis de démolir prend la forme d'un <MiseEnEvidence>arrêté dans lequel l'administration justifie cette décision</MiseEnEvidence>. Il doit également indiquer les voies et délais de recours. Cette décision vous est adressée par lettre recommandée avec avis de réception ou par courrier électronique.</Paragraphe>
<Paragraphe>Dans les 2 mois suivant le refus, vous pouvez, en motivant votre demande, effectuer un recours contre la décision.</Paragraphe>
<Paragraphe>Vous pouvez faire un <LienIntra LienID="R56049" type="Définition de glossaire">recours gracieux</LienIntra> auprès de la mairie. Il doit être envoyé sur papier libre, par lettre recommandée avec avis de réception.</Paragraphe>
<OuSAdresser ID="R1" type="Local personnalisé sur SP">
<Titre>Mairie</Titre>
<PivotLocal>mairie</PivotLocal>
<RessourceWeb URL="https://lannuaire.service-public.fr/"/>
</OuSAdresser>
<Paragraphe>L'administration a 2 mois pour vous répondre. Si vous ne recevez pas de réponse, cela signifie que votre recours est rejeté. Quand ce délai de 2 mois est terminé, vous avez à nouveau 2 mois pour faire un <LienInterne LienPublication="F2026" type="Fiche d'information" audience="Particuliers">recours contentieux devant le juge administratif</LienInterne>.</Paragraphe>
<Paragraphe>Vous pouvez également saisir directement le juge administratif dans un délai de 2 mois suivant le refus de permis.</Paragraphe>
<OuSAdresser ID="R27" type="Local personnalisable">
<Titre>Tribunal administratif</Titre>
<PivotLocal>ta</PivotLocal>
<RessourceWeb URL="https://www.conseil-etat.fr/tribunaux-cours/la-carte-des-juridictions-administratives"/>
<Source ID="R30728">Conseil d'État</Source>
</OuSAdresser>

</Cas>
<Cas>
<Titre>
<Paragraphe>Absence de réponse au terme du délai d'instruction annoncé</Paragraphe>
</Titre><Paragraphe>Si vous n'avez pas de réponse de la mairie au terme du délai d'instruction qu'elle vous a indiqué, cela signifie qu'elle ne s'oppose pas à votre projet. Vous bénéficiez d'un <MiseEnEvidence>permis tacite de démolition.</MiseEnEvidence>
</Paragraphe>
<Paragraphe>En pratique, vous avez intérêt à réclamer à la mairie un certificat attestant son absence d'opposition. La mairie doit vous le délivrer sur simple demande de votre part, de préférence par lettre recommandée avec avis de réception.</Paragraphe>
<Paragraphe>Cela vous permet de disposer d'une preuve de la réalité de la décision tacite.</Paragraphe>
<OuSAdresser ID="R1" type="Local personnalisé sur SP">
<Titre>Mairie</Titre>
<PivotLocal>mairie</PivotLocal>
<RessourceWeb URL="https://lannuaire.service-public.fr/"/>
</OuSAdresser>
<Paragraphe>Vous pouvez commencer la démolition 15 jours après la date à laquelle le permis est acquis.</Paragraphe>
<Attention>
<Titre>Attention</Titre><Paragraphe>vous ne pouvez pas obtenir de permis tacite dans certaines situations (avis défavorable de l'architecte des bâtiments de France, construction située dans un parc national....).</Paragraphe>
</Attention>
</Cas>
<Cas>
<Titre>
<Paragraphe>Sursis à statuer</Paragraphe>
</Titre><Paragraphe>En prenant une <MiseEnEvidence>décision motivée</MiseEnEvidence> de sursis à statuer, la mairie peut suspendre sa décision pendant un délai maximum de 2 ans. La durée du sursis à statuer doit être précisée dans la décision.</Paragraphe>
<Paragraphe>À la fin ddu sursis à statuer, la mairie doit, sur simple confirmation de votre demande de permis, instruire votre dossier et statuer sur votre projet dans un délai de 2 mois qui suit votre demande.</Paragraphe>

</Cas>
</BlocCas>

</Chapitre>
<Chapitre>
<Titre>
<Paragraphe>Durée de validité</Paragraphe>
</Titre><Paragraphe>Le permis de démolir a une durée de validité de 3 ans. L'autorisation est périmée si vous n'avez pas commencé les travaux dans les 3 ans ou si, passé ce délai, vous les interrompez plus d'un an.</Paragraphe>
<Paragraphe>Cependant, le délai de validité du permis peut être prolongé 2 fois pour 1 an. Vous devez en faire la demande 2 mois au moins avant l'expiration de votre permis. Cette demande de prolongation doit être adressée sur papier libre, en 2 exemplaires, par lettre recommandée avec avis de réception ou déposée en mairie. La prolongation est accordée si la mairie ne vous adresse aucune décision dans un délai de 2 mois suivant la réception de votre demande.</Paragraphe>
<OuSAdresser ID="R1" type="Local personnalisé sur SP">
<Titre>Mairie</Titre>
<PivotLocal>mairie</PivotLocal>
<RessourceWeb URL="https://lannuaire.service-public.fr/"/>
</OuSAdresser>
<Paragraphe>Vous n'avez aucun délai pour achever vos travaux et vous pouvez les échelonner. Ils doivent être à chaque fois assez importants et ne jamais être interrompus pendant plus d'un an.</Paragraphe>

</Chapitre>
<Chapitre>
<Titre>
<Paragraphe>Affichage du permis</Paragraphe>
</Titre><Paragraphe>L'affichage de l'autorisation d'urbanisme ou du permis tacite sur le terrain est obligatoire. Vous devez procéder à cet affichage dès la notification de l'arrêté de permis ou dès que le délai d'instruction de votre dossier est expiré (permis tacite).</Paragraphe>
<Paragraphe>L'affichage doit rester en place pendant toute la durée du chantier et être visible de l'extérieur.</Paragraphe>
<Paragraphe>Vous devez utiliser un panneau rectangulaire dont les dimensions sont supérieures à 80 cm. Les renseignements figurant sur votre panneau d'affichage doivent être lisibles de la voie publique ou des espaces ouverts au public.</Paragraphe>
<Paragraphe>L'affichage indique les informations suivantes :</Paragraphe>
<Liste type="puce">
<Item>
<Paragraphe>Nom, raison sociale ou dénomination sociale du bénéficiaire</Paragraphe>
</Item>
<Item>
<Paragraphe>Date et numéro du permis</Paragraphe>
</Item>
<Item>
<Paragraphe>Nature du projet, superficie du terrain, adresse de la mairie où le dossier peut être consulté</Paragraphe>
</Item>
<Item>
<Paragraphe>Nom de l'architecte, auteur du projet architectural</Paragraphe>
</Item>
<Item>
<Paragraphe>Surface de plancher autorisée et hauteur de la ou des constructions (exprimée en mètres par rapport au sol naturel)</Paragraphe>
</Item>
<Item>
<Paragraphe>Surface du ou des bâtiments à démolir</Paragraphe>
</Item>
</Liste>
<Paragraphe>L'affichage doit également mentionner la <MiseEnEvidence>possibilité pour les tiers d'exercer un recours</MiseEnEvidence> et d'en prévenir le titulaire du permis, dans les 15 jours qui suivent leur recours.</Paragraphe>
<Paragraphe>Durant 2 mois à partir du 1<Exposant>er</Exposant> jour d'une période continue d'affichage sur le terrain, vos voisins peuvent en effet effectuer un recours. Il peut s'agir d'un <LienIntra LienID="R56049" type="Définition de glossaire">recours gracieux</LienIntra> auprès du maire qui a délivré l'autorisation ou d'un <LienInterne LienPublication="F2026" type="Fiche d'information" audience="Particuliers">recours contentieux devant le tribunal administratif</LienInterne>. En l'absence d'affichage, ils pourront contester l'autorisation durant 6 mois à partir de l'achèvement des travaux.</Paragraphe>
<Paragraphe> Un extrait du permis est affiché en mairie dans les 8 jours qui suivent la délivrance de l'autorisation, pendant 2 mois.</Paragraphe>

</Chapitre>
</Texte><VoirAussi important="non">
<Fiche ID="F1986" audience="Particuliers">
<Titre>Permis de construire</Titre>
<Theme ID="N19808">
<Titre>Logement</Titre>
</Theme>
</Fiche>
<Fiche ID="F17578" audience="Particuliers">
<Titre>Déclaration préalable de travaux (DP)</Titre>
<Theme ID="N19808">
<Titre>Logement</Titre>
</Theme>
</Fiche>
<Fiche ID="F17665" audience="Particuliers">
<Titre>Permis d'aménager</Titre>
<Theme ID="N19808">
<Titre>Logement</Titre>
</Theme>
</Fiche>
<Fiche ID="F19450" audience="Particuliers">
<Titre>Permis modificatif d'un permis de construire ou d'aménager</Titre>
<Theme ID="N19808">
<Titre>Logement</Titre>
</Theme>
</Fiche>
<Fiche ID="F2698" audience="Particuliers">
<Titre>Transfert d'un permis de construire ou d'aménager</Titre>
<Theme ID="N19808">
<Titre>Logement</Titre>
</Theme>
</Fiche>
<Fiche ID="F1988" audience="Particuliers">
<Titre>Affichage de l'autorisation d'urbanisme sur le terrain</Titre>
<Theme ID="N19808">
<Titre>Logement</Titre>
</Theme>
</Fiche>
</VoirAussi>

<Reference type="Texte de référence" URL="http://www.legifrance.gouv.fr/affichCode.do?idSectionTA=LEGISCTA000006176166&amp;cidTexte=LEGITEXT000006074075" ID="R35547">
<Titre>Code de l'urbanisme : articles R*421-26 à R421*-29</Titre>
<Complement>Travaux concernés</Complement>
</Reference>
<Reference type="Texte de référence" URL="https://www.legifrance.gouv.fr/affichCode.do?idArticle=LEGIARTI000038682263&amp;cidTexte=LEGITEXT000006074075" ID="R55966">
<Titre>Code de l'urbanisme : articles R451-1 à R*451-7</Titre>
<Complement>Demande de permis de démolir</Complement>
</Reference>
<Reference type="Texte de référence" URL="https://www.legifrance.gouv.fr/affichCode.do?idSectionTA=LEGISCTA000006175964&amp;cidTexte=LEGITEXT000006074075" ID="R51544">
<Titre>Code de l'urbanisme : article R*423-6</Titre>
<Complement>Affichage de l'avis de dépôt de demande de permis de démolir en mairie</Complement>
</Reference>
<Reference type="Texte de référence" URL="https://www.legifrance.gouv.fr/affichCodeArticle.do?idArticle=LEGIARTI000006820138&amp;cidTexte=LEGITEXT000006074075" ID="R55964">
<Titre>Code de l'urbanisme : article R452-1</Titre>
<Complement>Décision</Complement>
</Reference>
<Reference type="Texte de référence" URL="https://www.legifrance.gouv.fr/affichCodeArticle.do?idArticle=LEGIARTI000031367829&amp;cidTexte=LEGITEXT000031366350" ID="R56062">
<Titre>Code des relations entre le public et l'administration : article L411-2</Titre>
<Complement>Recours administratifs</Complement>
</Reference>
<Reference type="Texte de référence" URL="https://www.legifrance.gouv.fr/codes/section_lc/LEGITEXT000006074075/LEGISCTA000006175982" ID="R55648">
<Titre>Code de l'urbanisme : articles R*424-17 à R*424-20</Titre>
<Complement>Durée de validité du permis</Complement>
</Reference>
<Reference type="Texte de référence" URL="https://www.legifrance.gouv.fr/codes/id/LEGIARTI000038682316/" ID="R55967">
<Titre>Code de l'urbanisme : article R*424-15</Titre>
<Complement>Affichage sur le terrain</Complement>
</Reference>
<ServiceEnLigne ID="R1980" URL="https://www.formulaires.service-public.fr/gf/cerfa_13405.do" format="application/pdf" poids="609.2 KB" numerocerfa="13405*06" type="Formulaire">
<Titre>Demande de permis de démolir</Titre>
<Source ID="R30659">Ministère chargé de l'urbanisme</Source><NoticeLiee ID="R48172" URL="https://www.formulaires.service-public.fr/gf/getNotice.do?cerfaNotice=51434&amp;cerfaFormulaire=13703" numerocerfa="51434#08" format="application/pdf" poids="807.9 KB">Notice - Permis de construire, d'aménager, de démolir, déclaration préalable</NoticeLiee>
<ServiceEnLigneAnnexe type="Formulaire">
<Titre>Fiche complémentaire / autres demandeurs pour un même projet</Titre>
<Texte><Paragraphe>Document à joindre au permis de démolir lorsque plusieurs personnes sont concernées par un même projet</Paragraphe>
</Texte>
<LienWeb URL="https://www.formulaires.service-public.fr/gf/getAnnexe.do?cerfaAnnexe=13702-1&amp;cerfaFormulaire=13702" format="application/pdf" poids="212.6 KB"/>
</ServiceEnLigneAnnexe>

</ServiceEnLigne>
<ServiceEnLigne ID="R11637" URL="https://www.formulaires.service-public.fr/gf/cerfa_13406.do" format="application/pdf" poids="798.1 KB" numerocerfa="13406*07" type="Formulaire">
<Titre>Demande de permis de construire pour une maison individuelle et/ou ses annexes (PCMI)</Titre>
<Source ID="R30659">Ministère chargé de l'urbanisme</Source><NoticeLiee ID="R48172" URL="https://www.formulaires.service-public.fr/gf/getNotice.do?cerfaNotice=51434&amp;cerfaFormulaire=13703" numerocerfa="51434#08" format="application/pdf" poids="807.9 KB">Notice - Permis de construire, d'aménager, de démolir, déclaration préalable</NoticeLiee>
<NoticeLiee ID="R48163" URL="https://www.formulaires.service-public.fr/gf/getAnnexe.do?cerfaAnnexe=13409-1&amp;cerfaFormulaire=13703" format="application/pdf" poids="115.1 KB">Fiche d'aide au calcul de la surface de plancher et de la surface taxable</NoticeLiee>
<ServiceEnLigneAnnexe type="Formulaire">
<Titre>Fiche complémentaire / autres demandeurs pour un même projet</Titre>
<Texte><Paragraphe>Document à joindre au permis de construire lorsque plusieurs personnes sont concernées par un même projet</Paragraphe>
</Texte>
<LienWeb URL="https://www.formulaires.service-public.fr/gf/getAnnexe.do?cerfaAnnexe=13702-1&amp;cerfaFormulaire=13702" format="application/pdf" poids="212.6 KB"/>
</ServiceEnLigneAnnexe>

</ServiceEnLigne>
<ServiceEnLigne ID="R20835" URL="https://www.formulaires.service-public.fr/gf/cerfa_13409.do" format="application/pdf" poids="1.6 MB" numerocerfa="13409*07" type="Formulaire">
<Titre>Demande de permis de construire (autre que portant sur une maison individuelle ou ses annexes)</Titre>
<Source ID="R30659">Ministère chargé de l'urbanisme</Source><NoticeLiee ID="R48172" URL="https://www.formulaires.service-public.fr/gf/getNotice.do?cerfaNotice=51434&amp;cerfaFormulaire=13703" numerocerfa="51434#08" format="application/pdf" poids="807.9 KB">Notice - Permis de construire, d'aménager, de démolir, déclaration préalable</NoticeLiee>
<NoticeLiee ID="R48163" URL="https://www.formulaires.service-public.fr/gf/getAnnexe.do?cerfaAnnexe=13409-1&amp;cerfaFormulaire=13703" format="application/pdf" poids="115.1 KB">Fiche d'aide au calcul de la surface de plancher et de la surface taxable</NoticeLiee>
<ServiceEnLigneAnnexe type="Formulaire">
<Titre>Dossier spécifique permettant de vérifier la conformité des ERP aux règles d'accessibilité et de sécurité contre l'incendie et la panique</Titre>
<Texte><Paragraphe>Document à joindre permettant de vérifier la conformité des établissements recevant du public (ERP) aux règles d'accessibilité et de sécurité contre l'incendie et la panique</Paragraphe>
</Texte>
<LienWeb URL="https://www.formulaires.service-public.fr/gf/getAnnexe.do?cerfaAnnexe=13409-3&amp;cerfaFormulaire=13409" format="application/pdf" poids="2.1 MB"/>
</ServiceEnLigneAnnexe>

<ServiceEnLigneAnnexe type="Formulaire">
<Titre>Fiche complémentaire / autres demandeurs pour un même projet</Titre>
<Texte><Paragraphe>Document à joindre au permis de construire lorsque plusieurs personnes sont concernées par un même projet</Paragraphe>
</Texte>
<LienWeb URL="https://www.formulaires.service-public.fr/gf/getAnnexe.do?cerfaAnnexe=13702-1&amp;cerfaFormulaire=13702" format="application/pdf" poids="212.6 KB"/>
</ServiceEnLigneAnnexe>

</ServiceEnLigne>
<ServiceEnLigne ID="R52221" URL="https://psl.service-public.fr/mademarche/DAUA/demarche" type="Téléservice">
<Titre>Assistance pour votre demande d'autorisation d'urbanisme</Titre>
<Source ID="R30659">Ministère chargé de l'urbanisme</Source>
</ServiceEnLigne>
<PourEnSavoirPlus type="Information pratique" ID="R56194" URL="http://www.parcsnationaux.fr/fr/des-decouvertes/les-parcs-nationaux-de-france/les-parcs-nationaux-11-espaces-naturels-proteges" audience="Particuliers">
<Titre>Liste des parcs nationaux</Titre>
<Source ID="R56193">Parcs nationaux de France</Source>
</PourEnSavoirPlus>
<Definition ID="R40703">
<Titre>Personne morale</Titre>
<Texte>
				<Paragraphe>Groupement de personnes physiques réunies pour accomplir quelque chose en commun (entreprises, sociétés civiles,  associations, État, collectivités territoriales, etc.). Ce groupe peut aussi réunir des personnes physiques et des personnes morales. Il peut aussi n'être constitué que d'un seul membre (entreprise unipersonnelle à responsabilité limitée - EURL - par exemple).</Paragraphe>
			</Texte>
</Definition>
<Definition ID="R12420">
<Titre>Mandataire</Titre>
<Texte>
				<Paragraphe>Personne chargée par une autre de la représenter et d'agir en son nom</Paragraphe>
			</Texte>
</Definition>
<Definition ID="R56049">
<Titre>Recours gracieux</Titre>
<Texte>
				<Paragraphe>Recours amiable d'un administré auprès de l'autorité administrative qui a pris une décision  qu'il conteste et dont il demande le réexamen</Paragraphe>
			</Texte>
</Definition>
<Definition ID="R12717">
<Titre>Indivision</Titre>
<Texte>
				<Paragraphe>Situation dans laquelle deux ou plusieurs personnes sont propriétaires ensemble d'une même chose ou d'un même ensemble de choses (exemples : maison, portefeuille de titres, meubles, bijoux)</Paragraphe>
			</Texte><Reference type="Texte de référence" URL="http://www.legifrance.gouv.fr/affichCode.do?idSectionTA=LEGISCTA000006136538&amp;cidTexte=LEGITEXT000006070721" ID="R18644">
<Titre>Code civil : articles 815 à 815-1</Titre>
</Reference>
</Definition>
<Definition ID="R54682">
<Titre>Sites patrimoniaux remarquables</Titre>
<Texte>
				<Paragraphe> Villes, villages ou quartiers dont la conservation, la restauration, la réhabilitation ou la mise en valeur présente, au point de vue historique, architectural, archéologique, artistique ou paysager, un intérêt public</Paragraphe>
			</Texte>
</Definition>
<Definition ID="R47012">
<Titre>Site inscrit (ou classé)</Titre>
<Texte>
				<Paragraphe>Monument  naturel ou  zone dont  la préservation présente, au point de vue artistique, historique, scientifique, légendaire ou pittoresque, un intérêt général</Paragraphe>
			</Texte><Reference type="Texte de référence" URL="http://www.legifrance.gouv.fr/affichCode.do?idArticle=LEGIARTI000006833656&amp;idSectionTA=LEGISCTA000006176518&amp;cidTexte=LEGITEXT000006074220" ID="R42362">
<Titre>Code de l'environnement : articles L341-1 à L341-15-1</Titre>
</Reference>
</Definition>
<Definition ID="R14732">
<Titre>Notification</Titre>
<Texte>
				<Paragraphe>Formalité par laquelle un acte de procédure ou une décision est porté à la connaissance d’une personne</Paragraphe>
			</Texte>
</Definition>
<QuestionReponse ID="F2082" audience="Particuliers">Urbanisme : quelle est la durée de validité d'une autorisation ?</QuestionReponse>
<QuestionReponse ID="F642" audience="Particuliers">Infraction aux règles d'urbanisme : quels délais de prescription ?</QuestionReponse>
</Publication>
