<?xml version="1.0" encoding="UTF-8"?><Publication xmlns:dc="http://purl.org/dc/elements/1.1/" xmlns:xsi="http://www.w3.org/2001/XMLSchema-instance" ID="F176" type="Fiche d'information" xsi:noNamespaceSchemaLocation="../Schemas/3.0/Publication.xsd">
<dc:title>Maladie professionnelle : démarches à effectuer</dc:title>
<dc:creator>Direction de l'information légale et administrative</dc:creator>
<dc:subject>Travail</dc:subject>
<dc:description>Si votre médecin constate une dégradation de votre état de santé qu'il estime liée à votre travail, celle-ci peut être reconnue d'origine professionnelle. Vous devez faire une demande de reconnaissance de votre maladie professionnelle auprès de votre caisse primaire d’assurance maladie (CPAM). À la fin de l'instruction, la CPAM vous informe de sa décision. Une procédure spécifique est prévue pour les travailleurs atteints du Covid-19 dans le cadre de leur activité professionnelle.</dc:description>
<dc:publisher>Direction de l'information légale et administrative</dc:publisher>
<dc:contributor>Direction de l'information légale et administrative (Premier ministre)</dc:contributor>
<dc:date>modified 2020-09-15</dc:date>
<dc:type>Fiche pratique</dc:type>
<dc:format>text/xml</dc:format>
<dc:identifier>F176</dc:identifier>
<dc:source>https://www.legifrance.gouv.fr/affichCode.do?idSectionTA=LEGISCTA000006141639&amp;cidTexte=LEGITEXT000006073189, https://www.legifrance.gouv.fr/affichCode.do?idSectionTA=LEGISCTA000006173459&amp;cidTexte=LEGITEXT000006073189, https://www.legifrance.gouv.fr/affichCode.do?idSectionTA=LEGISCTA000006141914&amp;cidTexte=LEGITEXT000006073189, https://www.legifrance.gouv.fr/affichCode.do?idSectionTA=LEGISCTA000006126943&amp;cidTexte=LEGITEXT000006073189</dc:source>
<dc:language>Fr</dc:language>
<dc:relation>isPartOf N526</dc:relation>
<dc:coverage>France entière</dc:coverage>
<dc:rights>https://www.service-public.fr/a-propos/mentions-legales</dc:rights>
<SurTitre>Fiche pratique</SurTitre>
<Audience>Particuliers</Audience>
<Canal>www.service-public.fr</Canal>
<FilDAriane>
<Niveau ID="Particuliers">Accueil particuliers</Niveau>
<Niveau ID="N19806">Travail</Niveau>
<Niveau ID="N526">Maladie ou accident du travail dans le secteur privé</Niveau>
<Niveau ID="F176" type="Fiche d'information">Maladie professionnelle : démarches à effectuer</Niveau>
</FilDAriane>
<Theme ID="N19806">
<Titre>Travail</Titre>
</Theme>
<SousThemePere ID="N19965">Santé, sécurité et conditions de travail</SousThemePere><DossierPere ID="N526">
<Titre>Maladie ou accident du travail dans le secteur privé</Titre><SousDossier ID="N526-1">
<Titre>Arrêt maladie</Titre>
<Fiche ID="F303">Démarches à effectuer</Fiche>
<Fiche ID="F3053">Indemnités journalières versées au salarié</Fiche>
<Fiche ID="F144">Reprise du travail</Fiche>
<Fiche ID="F726">Inaptitude du salarié</Fiche>
</SousDossier>
<SousDossier ID="N526-2">
<Titre>Accident du travail</Titre>
<Fiche ID="F171">Démarches à effectuer</Fiche>
<Fiche ID="F175">Indemnités journalières pendant l'arrêt de travail</Fiche>
<Fiche ID="F14840">Indemnisation en cas d'incapacité permanente</Fiche>
<Fiche ID="F32157">Reprise du travail</Fiche>
<Fiche ID="F15341">Inaptitude du salarié</Fiche>
</SousDossier>
<SousDossier ID="N526-3">
<Titre>Maladie professionnelle</Titre>
<Fiche ID="F176">Démarches à effectuer</Fiche>
<Fiche ID="F32148">Indemnités journalières pendant l'arrêt de travail</Fiche>
<Fiche ID="F348">Indemnisation en cas d'incapacité permanente</Fiche>
<Fiche ID="F32158">Reprise du travail</Fiche>
<Fiche ID="F32161">Inaptitude du salarié</Fiche>
</SousDossier>
</DossierPere>

<SousDossierPere>Maladie professionnelle</SousDossierPere>
<Introduction>
<Texte><Paragraphe>Si votre médecin constate une dégradation de votre état de santé qu'il estime liée à votre travail, celle-ci peut être reconnue d'origine professionnelle. Vous devez faire une demande de reconnaissance de votre maladie professionnelle auprès de votre caisse primaire d’assurance maladie (CPAM). À la fin de l'instruction, la CPAM vous informe de sa décision. Une procédure spécifique est prévue pour les travailleurs atteints du Covid-19 dans le cadre de leur activité professionnelle.</Paragraphe>
</Texte>
</Introduction>
<ListeSituations affichage="onglet"><Situation>
<Titre>Cas général</Titre>
<Texte><Chapitre>
<Titre>
<Paragraphe>Déclaration à la CPAM</Paragraphe>
</Titre><Paragraphe>Si votre médecin constate une dégradation de votre état de santé qu'il estime liée à votre travail, vous pouvez demander la reconnaissance de <LienInterne LienPublication="F31880" type="Fiche Question-réponse" audience="Particuliers">l'origine professionnelle de votre maladie</LienInterne>.</Paragraphe>
<Paragraphe>Dans les 15 jours suivant la cessation du travail, vous devez remplir un formulaire en ligne :</Paragraphe><ServiceEnLigne ID="R1344" URL="https://www.ameli.fr/sites/default/files/formualires/133/s6100.pdf" format="application/pdf" poids="52.0 KB" numerocerfa="60-3950" autrenumero="S 6100b" type="Formulaire">
<Titre>Déclaration de maladie professionnelle ou demande de reconnaissance de maladie professionnelle</Titre>
<Source ID="R30675">Caisse nationale d'assurance maladie (Cnam)</Source>
</ServiceEnLigne>

<Paragraphe>Vous devez envoyer les 4 premiers volets du formulaire à la <LienInterne LienPublication="R15469" type="Sigle">CPAM</LienInterne>, et conserver le 5<Exposant>e</Exposant>.</Paragraphe>
<Paragraphe>Vous devez joindre à ce formulaire les documents suivants :</Paragraphe>
<Liste type="puce">
<Item>
<Paragraphe>2 premiers volets du certificat médical initial établi par votre médecin, qui précise la maladie et la date de sa 1<Exposant>re</Exposant> constatation médicale (vous conservez le 3<Exposant>e</Exposant> volet)</Paragraphe>
</Item>
<Item>
<Paragraphe>Attestation de salaire établie par votre employeur (sauf si l'employeur l'adresse directement à votre CPAM).</Paragraphe>
</Item>
</Liste>
<Paragraphe>La CPAM accuse réception de votre déclaration de maladie professionnelle.</Paragraphe>
<Paragraphe>Votre CPAM se charge ensuite d'instruire votre dossier et de se prononcer sur le caractère professionnel ou non de votre maladie.</Paragraphe>
<Paragraphe>Vous n'avez pas de démarche à faire auprès de votre employeur. La CPAM lui adresse une copie de votre déclaration de maladie professionnelle. L'employeur peut émettre des réserves motivées sur le caractère professionnel de la maladie.</Paragraphe>
<OuSAdresser ID="R40" type="Local personnalisé sur SP">
<Titre>Caisse primaire d'assurance maladie (CPAM)</Titre>
<PivotLocal>cpam</PivotLocal>
<RessourceWeb URL="http://www.ameli.fr/assures/votre-caisse/index.php"/>
<Source ID="R30675">Caisse nationale d'assurance maladie (Cnam)</Source>
</OuSAdresser>
<Paragraphe>
<MiseEnEvidence>Cas de prolongation du délai pour faire la demande</MiseEnEvidence>
</Paragraphe>
<Paragraphe>Si votre maladie a été constatée avant son inscription au <LienExterne URL="https://www.legifrance.gouv.fr/affichCode.do?idSectionTA=LEGISCTA000006126943&amp;cidTexte=LEGITEXT000006073189">tableau des maladies professionnelles</LienExterne>

, vous pouvez alors déclarer votre maladie dans les 3 mois suivant son inscription au tableau.</Paragraphe>
<Paragraphe>Si ces délais ne sont pas respectés, la déclaration reste recevable si elle est effectuée dans les <MiseEnEvidence>2 ans</MiseEnEvidence> qui suivent :</Paragraphe>
<Liste type="puce">
<Item>
<Paragraphe>soit la date de l'arrêt du travail lié à la maladie ou, si elle est postérieure, la date à laquelle vous avez été informé par certificat médical du lien possible entre votre maladie et votre activité professionnelle,</Paragraphe>
</Item>
<Item>
<Paragraphe>soit la date de cessation du paiement de vos indemnités pour maladie,</Paragraphe>
</Item>
<Item>
<Paragraphe>soit la date de l’inscription de votre maladie aux tableaux des maladies professionnelles.</Paragraphe>
</Item>
</Liste>

</Chapitre>
<Chapitre>
<Titre>
<Paragraphe>Procédure d'instruction</Paragraphe>
</Titre><Paragraphe>La CPAM dispose d'un délai de 3 mois pour statuer sur le caractère professionnel de votre maladie, à partir de la date à laquelle elle a reçu le dossier complet. Celui-ci comprend la déclaration de la maladie professionnelle intégrant le certificat médical initial et le résultat des examens médicaux complémentaires (s'ils ont été prescrits).</Paragraphe>

<SousChapitre>
<Titre>
<Paragraphe>Examen médical ou enquête complémentaire</Paragraphe>
</Titre><Paragraphe>La CPAM procède à un examen, sous forme de questionnaire, des circonstances ou de la cause de la maladie, ou à une enquête (obligatoire en cas de décès du salarié) dans les cas suivants :</Paragraphe>
<Liste type="puce">
<Item>
<Paragraphe>en présence de réserves motivées de l'employeur sur le caractère professionnel de la maladie,</Paragraphe>
</Item>
<Item>
<Paragraphe>ou si la CPAM elle-même l'estime nécessaire.</Paragraphe>
</Item>
</Liste>
<Paragraphe>La CPAM vous informe (ainsi que votre employeur), par lettre recommandée avec accusé de réception, de cette démarche avant l'expiration du délai d'instruction.</Paragraphe>
<Paragraphe>La CPAM peut aussi vous soumettre à un examen médical par un <LienIntra LienID="R54672" type="Définition de glossaire">médecin-conseil</LienIntra>.</Paragraphe>

</SousChapitre>
<SousChapitre>
<Titre>
<Paragraphe>Avis du comité régional de reconnaissance des maladies professionnelles (CRRMP)</Paragraphe>
</Titre><Paragraphe>La reconnaissance de la maladie professionnelle est soumise à l'avis du CRRMP dans l'un des cas suivants :</Paragraphe>
<Liste type="puce">
<Item>
<Paragraphe>La maladie figure au tableau des maladies professionnelles mais n'a pas été contractée dans les conditions précisées à ces tableaux, et il est établi qu'elle est directement causée par votre travail habituel.</Paragraphe>
</Item>
<Item>
<Paragraphe>La maladie ne figure pas au tableau des maladies professionnelles, mais il est établi qu’elle est essentiellement et directement causée par le travail et qu'elle a entraîné une incapacité permanente d’au moins <Valeur>25 %</Valeur> (ou le décès).</Paragraphe>
</Item>
</Liste>
<Paragraphe>Le CRRMP dispose alors de 4 mois pour rendre son avis motivé (plus 2 mois supplémentaires lorsqu'un examen ou une enquête complémentaire est nécessaire).</Paragraphe>
<Paragraphe>Le délai d’instruction de la CPAM n'est pas prolongé du fait que le CRRMP a été saisi.</Paragraphe>

</SousChapitre>
</Chapitre>
<Chapitre>
<Titre>
<Paragraphe>Prise en charge des frais médicaux</Paragraphe>
</Titre><Paragraphe>Après réception de votre déclaration de maladie professionnelle, la CPAM vous remet une feuille de maladie professionnelle. Elle vous permet de bénéficier de la gratuité des soins liés à votre maladie.</Paragraphe>
<Paragraphe>Vous devez présenter cette feuille à chaque professionnel de santé (médecin, infirmier, kinésithérapeute, pharmacien, etc.). Il y mentionne les actes effectués.</Paragraphe>
<Paragraphe>Cette feuille est valable jusqu’à la fin du traitement.</Paragraphe>
<Paragraphe>À la fin du traitement ou dès qu'elle est entièrement remplie, vous adressez cette feuille à votre CPAM, qui vous en délivre une nouvelle si nécessaire.</Paragraphe>

</Chapitre>
<Chapitre>
<Titre>
<Paragraphe>Décision de la CPAM et effets</Paragraphe>
</Titre><Paragraphe>À la fin de l'instruction, la CPAM vous notifie sa décision motivée (ou aux ayants droit en cas de décès), ainsi qu'à l'employeur et à votre médecin traitant.</Paragraphe>
<Paragraphe>Cette décision précise  les voies et délais de recours, si le caractère professionnel de la maladie professionnelle n'est pas reconnu.</Paragraphe>
<Paragraphe>Si la CPAM reconnaît l'origine professionnelle de la maladie, vous pouvez alors percevoir :</Paragraphe>
<Liste type="puce">
<Item>
<Paragraphe>des <LienInterne LienPublication="F32148" type="Fiche d'information" audience="Particuliers">indemnités journalières</LienInterne> plus élevées qu'en cas de maladie non professionnelle,</Paragraphe>
</Item>
<Item>
<Paragraphe>une <LienInterne LienPublication="F348" type="Fiche d'information" audience="Particuliers">indemnisation spécifique</LienInterne> liée à votre incapacité permanente.</Paragraphe>
</Item>
</Liste>

</Chapitre>
</Texte>
</Situation>
<Situation>
<Titre>Covid-19</Titre>
<Texte><Chapitre>
<Titre>
<Paragraphe>Qui est concerné ?</Paragraphe>
</Titre><Paragraphe>Si vous êtes infecté par le Covid-19 dans le cadre de votre activité professionnelle, vous pouvez bénéficier d'une prise en charge spécifique en maladie professionnelle.</Paragraphe>
<Paragraphe>La procédure de reconnaissance de l'affection Covid-19 en maladie professionnelle vous concerne si vous êtes dans l'une des situations suivantes :</Paragraphe>
<Liste type="puce">
<Item>
<Paragraphe>Vous êtes un professionnel exerçant dans le secteur de la santé et vous avez été contaminé dans le cadre de votre travail</Paragraphe>
</Item>
</Liste>
<Liste type="puce">
<Item>
<Paragraphe>Vous ne travaillez pas dans le secteur  de la santé et vous avez été contaminé dans le cadre de votre travail. Votre demande sera examinée par un comité d'experts médicaux.</Paragraphe>
</Item>
</Liste>

</Chapitre>
<Chapitre>
<Titre>
<Paragraphe>Déclaration</Paragraphe>
</Titre><Paragraphe>Vous devez effectuer  une déclaration en ligne en remplissant le formulaire suivant :</Paragraphe>
<ServiceEnLigne ID="R57201" URL="https://declare-maladiepro.ameli.fr/" type="Téléservice">
<Titre>Déclaration en ligne de maladie professionnelle liée au COVID-19</Titre>
<Source ID="R30675">Caisse nationale d'assurance maladie (Cnam)</Source>
</ServiceEnLigne>

<Paragraphe>Votre  demande sera étudiée par la <LienInterne LienPublication="R15469" type="Sigle">CPAM</LienInterne> qui vous contactera  pour compléter votre dossier.</Paragraphe>

</Chapitre>
<Chapitre>
<Titre>
<Paragraphe>Prise en charge des frais médicaux</Paragraphe>
</Titre><Paragraphe>La reconnaissance en maladie professionnelle du Covid-19 permet de bénéficier d'un remboursement des soins à <Valeur>100 %</Valeur>  sur la base du tarif de la sécurité sociale.</Paragraphe>
<Paragraphe>Vous pouvez aussi de bénéficier <LienIntra LienID="R51445" type="Définition de glossaire">d'indemnités journalières</LienIntra> plus avantageuses que lors d'un arrêt maladie courant.</Paragraphe>
<Paragraphe>En cas de séquelles occasionnant une incapacité permanente, une <LienIntra LienID="R56123" type="Définition de glossaire">rente viagère</LienIntra> peut vous être attribuée. Cette rente est calculée selon la gravité des séquelles et les revenus antérieurs à la contraction du virus.</Paragraphe>

</Chapitre>
</Texte>
</Situation>
</ListeSituations><OuSAdresser ID="R40" type="Local personnalisé sur SP">
<Titre>Caisse primaire d'assurance maladie (CPAM)</Titre>
<Complement>Pour toute information sur votre déclaration de maladie professionnelle</Complement>
<PivotLocal>cpam</PivotLocal>
<RessourceWeb URL="http://www.ameli.fr/assures/votre-caisse/index.php"/>
<Source ID="R30675">Caisse nationale d'assurance maladie (Cnam)</Source>
</OuSAdresser>
<Reference type="Texte de référence" URL="https://www.legifrance.gouv.fr/affichCode.do?idSectionTA=LEGISCTA000006141639&amp;cidTexte=LEGITEXT000006073189" ID="R34638">
<Titre>Code de la sécurité sociale : articles L461-1 à L461-8</Titre>
<Complement>Démarches du salarié</Complement>
</Reference>
<Reference type="Texte de référence" URL="https://www.legifrance.gouv.fr/affichCode.do?idSectionTA=LEGISCTA000006173459&amp;cidTexte=LEGITEXT000006073189" ID="R35600">
<Titre>Code de la sécurité sociale : articles R441-10 à R441-17</Titre>
<Complement>Reconnaissance du caractère professionnel de l'accident</Complement>
</Reference>
<Reference type="Texte de référence" URL="https://www.legifrance.gouv.fr/affichCode.do?idSectionTA=LEGISCTA000006141914&amp;cidTexte=LEGITEXT000006073189" ID="R34803">
<Titre>Code de la sécurité sociale : articles R461-1 à R461-8</Titre>
<Complement>Démarches du salarié</Complement>
</Reference>
<Reference type="Texte de référence" URL="https://www.legifrance.gouv.fr/affichCode.do?idSectionTA=LEGISCTA000006126943&amp;cidTexte=LEGITEXT000006073189" ID="R1949">
<Titre>Code de la sécurité sociale : annexe II - Tableaux des maladies professionnelles</Titre>
</Reference>
<ServiceEnLigne ID="R1344" URL="https://www.ameli.fr/sites/default/files/formualires/133/s6100.pdf" format="application/pdf" poids="52.0 KB" numerocerfa="60-3950" autrenumero="S 6100b" type="Formulaire">
<Titre>Déclaration de maladie professionnelle ou demande de reconnaissance de maladie professionnelle</Titre>
<Source ID="R30675">Caisse nationale d'assurance maladie (Cnam)</Source>
</ServiceEnLigne>
<ServiceEnLigne ID="R14592" URL="https://www.ameli.fr/sites/default/files/formualires/190/s6201.pdf" format="application/pdf" poids="86.8 KB" numerocerfa="11383*02" autrenumero="S6201c" type="Formulaire">
<Titre>Feuille d'accident du travail ou de maladie professionnelle (spécimen)</Titre>
<Source ID="R30675">Caisse nationale d'assurance maladie (Cnam)</Source>
</ServiceEnLigne>
<ServiceEnLigne ID="R14581" URL="https://www.ameli.fr/sites/default/files/formualires/88/s6202.pdf" format="application/pdf" poids="1.9 MB" numerocerfa="11137*03" autrenumero="S6202j" type="Formulaire">
<Titre>Attestation de salaire - Accident du travail ou maladie professionnelle</Titre>
<Source ID="R30675">Caisse nationale d'assurance maladie (Cnam)</Source>
</ServiceEnLigne>
<ServiceEnLigne ID="R57201" URL="https://declare-maladiepro.ameli.fr/" type="Téléservice">
<Titre>Déclaration en ligne de maladie professionnelle liée au COVID-19</Titre>
<Source ID="R30675">Caisse nationale d'assurance maladie (Cnam)</Source>
</ServiceEnLigne>
<PourEnSavoirPlus type="Information pratique" ID="R14906" URL="http://www.risquesprofessionnels.ameli.fr" audience="Particuliers">
<Titre>Accidents du travail et maladies professionnelles</Titre>
<Source ID="R30675">Caisse nationale d'assurance maladie (Cnam)</Source>
</PourEnSavoirPlus>
<PourEnSavoirPlus type="Information pratique" ID="R54664" URL="https://www.legifrance.gouv.fr/affichCode.do?idSectionTA=LEGISCTA000006126943&amp;cidTexte=LEGITEXT000006073189" audience="Particuliers">
<Titre>Tableaux des maladies professionnelles</Titre>
<Source ID="R38880">Legifrance</Source>
</PourEnSavoirPlus>
<Definition ID="R56123">
<Titre>Rente viagère</Titre>
<Texte>
				<Paragraphe>Prestation financière versée périodiquement jusqu'au décès du bénéficiaire</Paragraphe>
			</Texte>
</Definition>
<Definition ID="R51445">
<Titre>Indemnités journalières de sécurité sociale</Titre>
<Texte>
				<Paragraphe>Versées par la sécurité sociale aux salariés en arrêt de travail maladie ou consécutif à un accident de travail ou maladie professionnelle. Elles font partie de la catégorie des <Expression>revenus de remplacement</Expression> et sont soumises aux cotisations CSG et CRDS à des taux particuliers.</Paragraphe>
			</Texte>
</Definition>
<Definition ID="R54672">
<Titre>Médecin-conseil</Titre>
<Texte>
				<Paragraphe>Médecin intervenant à la fois auprès des assurés ainsi que d'autres médecins. Il mène aussi des actions de contrôle pour lutter contre les fraudes.</Paragraphe>
			</Texte>
</Definition>
<Abreviation ID="R15469" type="Sigle">
<Titre>CPAM</Titre>
<Texte>
<Paragraphe>Caisse primaire d'assurance maladie</Paragraphe>
</Texte>
</Abreviation>
<QuestionReponse ID="F31880" audience="Particuliers">Qu'est-ce qu'une maladie professionnelle ?</QuestionReponse>
</Publication>
