<?xml version="1.0" encoding="UTF-8"?><Publication xmlns:dc="http://purl.org/dc/elements/1.1/" xmlns:xsi="http://www.w3.org/2001/XMLSchema-instance" ID="F17709" type="Fiche Question-réponse" xsi:noNamespaceSchemaLocation="../Schemas/3.0/Publication.xsd">
<dc:title>Comment augmenter le loyer d'un logement soumis à la loi de 1948 ?</dc:title>
<dc:creator>Direction de l'information légale et administrative</dc:creator>
<dc:subject>Logement</dc:subject>
<dc:description>L'augmentation du loyer d'un logement loué sous le régime de la loi de 48 est plafonnée.</dc:description>
<dc:publisher>Direction de l'information légale et administrative</dc:publisher>
<dc:contributor>Direction de l'information légale et administrative (Premier ministre)</dc:contributor>
<dc:date>modified 2020-11-04</dc:date>
<dc:type>Question-réponse</dc:type>
<dc:format>text/xml</dc:format>
<dc:identifier>F17709</dc:identifier>
<dc:source>https://www.legifrance.gouv.fr/jorf/id/JORFTEXT000042491371, http://www.legifrance.gouv.fr/affichTexte.do?cidTexte=JORFTEXT000000872408, https://www.legifrance.gouv.fr/loda/id/JORFTEXT000000879802/</dc:source>
<dc:language>Fr</dc:language>
<dc:relation>isPartOf N337</dc:relation>
<dc:coverage>France entière</dc:coverage>
<dc:rights>https://www.service-public.fr/a-propos/mentions-legales</dc:rights>
<SurTitre>Question-réponse</SurTitre>
<Audience>Particuliers</Audience>
<Canal>www.service-public.fr</Canal>
<FilDAriane>
<Niveau ID="Particuliers">Accueil particuliers</Niveau>
<Niveau ID="N19808">Logement</Niveau>
<Niveau ID="N337">Location immobilière : loyer</Niveau>
<Niveau ID="F17709" type="Fiche Question-réponse">Comment augmenter le loyer d'un logement soumis à la loi de 1948 ?</Niveau>
</FilDAriane>
<Theme ID="N19808">
<Titre>Logement</Titre>
</Theme>
<SousThemePere ID="N289">Location immobilière</SousThemePere><DossierPere ID="N337">
<Titre>Location immobilière : loyer</Titre><SousDossier ID="N337-1">
<Titre>Fixation du loyer d'un logement privé</Titre>
<Fiche ID="F1310">Montant du loyer (cas général)</Fiche>
<Fiche ID="F34407">À Paris</Fiche>
<Fiche ID="F34408">À Lille, Hellemmes et Lomme</Fiche>
</SousDossier>
<SousDossier ID="N337-2">
<Titre>Paiement et évolution</Titre>
<Fiche ID="F34396">Paiement</Fiche>
<Fiche ID="F1311">Révision du loyer en cours de bail</Fiche>
<Fiche ID="F13723">Indice de référence des loyers (IRL)</Fiche>
<Fiche ID="F1312">Loyer sous-évalué : hausse au renouvellement du bail</Fiche>
</SousDossier>
<SousDossier ID="N337-3">
<Titre>Fixation du loyer d'un logement social</Titre>
<Fiche ID="F1317">Montant du loyer</Fiche>
<Fiche ID="F21051">Supplément de loyer de solidarité (SLS)</Fiche>
</SousDossier>
</DossierPere>

<Texte><Paragraphe>Le loyer d'un logement loué sous le régime dit <Expression>de la loi de 48</Expression> peut être augmenté annuellement, ou exceptionnellement   (après réalisation de travaux modificatifs). Toute augmentation appliquée par le propriétaire (<Expression>bailleur</Expression>) doit respecter des plafonds  fixés chaque année. Ces plafonds varient selon  la catégorie du logement et sa  localisation.</Paragraphe>

</Texte>
<ListeSituations affichage="onglet"><Situation>
<Titre>Augmentation annuelle</Titre>
<Texte>
<Chapitre><Paragraphe>Selon que le logement est ou non situé dans l'agglomération parisienne, les règles à appliquer diffèrent.</Paragraphe>

				<Paragraphe>L'agglomération parisienne comprend Paris,  la <LienIntra LienID="R43206" type="Définition de glossaire">petite couronne</LienIntra>  et <LienExterne URL="https://www.legifrance.gouv.fr/affichTexte.do?cidTexte=JORFTEXT000037301338#LEGISCTA000037302499">certaines communes de la grande couronne (77, 78 91 et 95)</LienExterne>

.</Paragraphe>
			
<BlocCas affichage="onglet"><Cas>
<Titre>
<Paragraphe>Cas général</Paragraphe>
</Titre><Paragraphe>Le loyer peut être augmenté au  1<Exposant>er</Exposant> juillet de chaque année sans pouvoir dépasser le montant maximum du loyer.  Ce montant maximum est fonction de la catégorie du logement.</Paragraphe>
<Paragraphe>
<MiseEnEvidence>Catégorie du logement</MiseEnEvidence>
</Paragraphe>

				<Tableau>
<Titre>Logements soumis au régime de la  loi de 1948</Titre>
<Colonne largeur="21" type="normal"/>
<Colonne largeur="102" type="normal"/>
<Rangée type="header">
						<Cellule>
							<Paragraphe>Catégorie du logement</Paragraphe>
						</Cellule>
						<Cellule>
							<Paragraphe>Caractéristiques du logement</Paragraphe>
						</Cellule>
					</Rangée>
<Rangée type="normal">
						<Cellule>
							<Paragraphe>II A</Paragraphe>
						</Cellule>
						<Cellule>
							<Paragraphe>- Situé dans une construction en matériaux de très bonne   qualité</Paragraphe>
							<Paragraphe>- Avec WC particulier, une salle de bains et du chauffage central</Paragraphe>
						</Cellule>
					</Rangée>
<Rangée type="normal">
						<Cellule>
							<Paragraphe>II B</Paragraphe>
						</Cellule>
						<Cellule>
							<Paragraphe>Situé dans une construction en matériaux de bonne  qualité, souvent dépourvue d'ascenseur</Paragraphe>
						</Cellule>
					</Rangée>
<Rangée type="normal">
						<Cellule>
							<Paragraphe>II C</Paragraphe>
						</Cellule>
						<Cellule>
							<Paragraphe>- Situé dans une construction en matériaux de bonne  qualité mais d'aspect ordinaire, et habituellement  dépourvue d'ascenseur.</Paragraphe>
							<Paragraphe>- Comprenant  rarement plus de 4 pièces principales</Paragraphe>
						</Cellule>
					</Rangée>
<Rangée type="normal">
						<Cellule>
							<Paragraphe>III A</Paragraphe>
						</Cellule>
						<Cellule>
							<Paragraphe>Situé dans une construction en matériaux de qualité médiocre, mais  avec une isolation phonique et thermique satisfaisante</Paragraphe>
						</Cellule>
					</Rangée>
<Rangée type="normal">
						<Cellule>
							<Paragraphe>III B</Paragraphe>
						</Cellule>
						<Cellule>
							<Paragraphe>Situé dans une construction de qualité médiocre, avec  certains vices (humidité, isolations phoniques et thermiques très insuffisantes)</Paragraphe>
						</Cellule>
					</Rangée>
<Rangée type="normal">
						<Cellule>
							<Paragraphe>IV</Paragraphe>
						</Cellule>
						<Cellule>
							<Paragraphe>Situé dans une construction en matériaux défectueux ou  dans un immeuble dépourvu de tout équipement (aucun WC  dans le logement, ni dans l'immeuble)</Paragraphe>
						</Cellule>
					</Rangée>
</Tableau>
			
<Paragraphe>
<MiseEnEvidence>Loyer maximum</MiseEnEvidence>
</Paragraphe>
<Paragraphe>Le montant maximum du loyer correspond à la <LienIntra LienID="R16860" type="Définition de glossaire">surface corrigée</LienIntra> du logement, multipliée par le prix de base du mètre carré de la <LienExterne URL="https://www.legifrance.gouv.fr/affichTexte.do?cidTexte=JORFTEXT000000872408#LEGISCTA000006119165">catégorie du logement</LienExterne>

.</Paragraphe>
<Paragraphe>Le prix de base du mètre carré est fixé de la manière suivante :</Paragraphe>

				<Tableau>
<Titre>Valeur locative hors agglomération parisienne</Titre>
<Colonne largeur="33" type="normal"/>
<Colonne largeur="33" type="normal"/>
<Colonne largeur="33" type="normal"/>
<Rangée type="header">
						<Cellule fusionVerticale="2">
							<Paragraphe><LienExterne URL="https://www.legifrance.gouv.fr/affichTexte.do?cidTexte=JORFTEXT000000872408#LEGISCTA000006119165">Catégorie du logement</LienExterne>

</Paragraphe>
						</Cellule>
						<Cellule fusionHorizontale="2">
							<Paragraphe>Prix de base du m² de surface corrigée</Paragraphe>
						</Cellule>
					</Rangée>
<Rangée type="header">
						<Cellule>
							<Paragraphe>Pour chacun des 10 premiers m²</Paragraphe>
						</Cellule>
						<Cellule>
							<Paragraphe>Pour chaque autre m²</Paragraphe>
						</Cellule>
					</Rangée>
<Rangée type="normal">
						<Cellule>
							<Paragraphe>II A</Paragraphe>
						</Cellule>
						<Cellule>
							<Paragraphe>
<Valeur>10,26 €</Valeur>
</Paragraphe>
						</Cellule>
						<Cellule>
							<Paragraphe>
<Valeur>6,12 €</Valeur>
</Paragraphe>
						</Cellule>
					</Rangée>
<Rangée type="normal">
						<Cellule>
							<Paragraphe>II B</Paragraphe>
						</Cellule>
						<Cellule>
							<Paragraphe>
<Valeur>7,07 €</Valeur>
</Paragraphe>
						</Cellule>
						<Cellule>
							<Paragraphe>
<Valeur>3,85 €</Valeur>
</Paragraphe>
						</Cellule>
					</Rangée>
<Rangée type="normal">
						<Cellule>
							<Paragraphe>II C</Paragraphe>
						</Cellule>
						<Cellule>
							<Paragraphe>
<Valeur>5,41 €</Valeur>
</Paragraphe>
						</Cellule>
						<Cellule>
							<Paragraphe>
<Valeur>2,91 €</Valeur>
</Paragraphe>
						</Cellule>
					</Rangée>
<Rangée type="normal">
						<Cellule>
							<Paragraphe>III A</Paragraphe>
						</Cellule>
						<Cellule>
							<Paragraphe>
<Valeur>3,28 €</Valeur>
</Paragraphe>
						</Cellule>
						<Cellule>
							<Paragraphe>
<Valeur>1,82 €</Valeur>
</Paragraphe>
						</Cellule>
					</Rangée>
<Rangée type="normal">
						<Cellule>
							<Paragraphe>III B</Paragraphe>
						</Cellule>
						<Cellule>
							<Paragraphe>
<Valeur>1,95 €</Valeur>
</Paragraphe>
						</Cellule>
						<Cellule>
							<Paragraphe>
<Valeur>1,01 €</Valeur>
</Paragraphe>
						</Cellule>
					</Rangée>
<Rangée type="normal">
						<Cellule>
							<Paragraphe>IV</Paragraphe>
						</Cellule>
						<Cellule>
							<Paragraphe>
<Valeur>0,26 €</Valeur>
</Paragraphe>
						</Cellule>
						<Cellule>
							<Paragraphe>
<Valeur>0,12 €</Valeur>
</Paragraphe>
						</Cellule>
					</Rangée>
</Tableau>
			<ANoter>
<Titre>Exemple</Titre>
				<Paragraphe>Pour  un logement de type II C avec une   surface corrigée de 43 m<Exposant>2 </Exposant>:</Paragraphe>
				<Liste type="puce">
					<Item>
						<Paragraphe>Calcul : (<Valeur>5,41 €</Valeur> x 10) + (<Valeur>2,91 €</Valeur> x 33) = <Valeur>150,13 €</Valeur>
</Paragraphe>
					</Item>
					<Item>
						<Paragraphe>Conséquence : l'augmentation annuelle ne doit  pas avoir pour effet de  rendre le loyer supérieur à <Valeur>150,13 €</Valeur>
</Paragraphe>
					</Item>
				</Liste>
			</ANoter>
<Paragraphe>
<MiseEnEvidence>Taux d'augmentation au 1<Exposant>er</Exposant> juillet</MiseEnEvidence>
</Paragraphe>
<Paragraphe>Sous réserve de ne pas dépasser le montant maximum de loyer, le taux d'augmentation applicable  est de :</Paragraphe>
<Liste type="puce">
<Item>
<Paragraphe>
<Valeur>1,92 %</Valeur> à partir du 1<Exposant>er</Exposant> juillet 2020</Paragraphe>
</Item>
<Item>
<Paragraphe>
<Valeur>1,70 %</Valeur>  du 1<Exposant>er</Exposant> juillet 2019 au 30 juin 2020</Paragraphe>
</Item>
</Liste>
<Attention>
<Titre>Attention</Titre><Paragraphe>il est interdit d'augmenter le loyer d'un logement  classé en catégorie IV.</Paragraphe>
</Attention>
</Cas>
<Cas>
<Titre>
<Paragraphe>Agglomération parisienne</Paragraphe>
</Titre><Paragraphe>Le loyer peut être augmenté au  1<Exposant>er</Exposant> juillet de chaque année sans pouvoir dépasser le montant maximum du loyer. Ce montant maximum est fonction de la catégorie du logement.</Paragraphe>
<Paragraphe>
<MiseEnEvidence>Catégorie du logement</MiseEnEvidence>
</Paragraphe>

				<Tableau>
<Titre>Logements soumis au régime de la  loi de 1948</Titre>
<Colonne largeur="21" type="normal"/>
<Colonne largeur="102" type="normal"/>
<Rangée type="header">
						<Cellule>
							<Paragraphe>Catégorie du logement</Paragraphe>
						</Cellule>
						<Cellule>
							<Paragraphe>Caractéristiques du logement</Paragraphe>
						</Cellule>
					</Rangée>
<Rangée type="normal">
						<Cellule>
							<Paragraphe>II A</Paragraphe>
						</Cellule>
						<Cellule>
							<Paragraphe>- Situé dans une construction en matériaux de très bonne   qualité</Paragraphe>
							<Paragraphe>- Avec WC particulier, une salle de bains et du chauffage central</Paragraphe>
						</Cellule>
					</Rangée>
<Rangée type="normal">
						<Cellule>
							<Paragraphe>II B</Paragraphe>
						</Cellule>
						<Cellule>
							<Paragraphe>Situé dans une construction en matériaux de bonne  qualité, souvent dépourvue d'ascenseur</Paragraphe>
						</Cellule>
					</Rangée>
<Rangée type="normal">
						<Cellule>
							<Paragraphe>II C</Paragraphe>
						</Cellule>
						<Cellule>
							<Paragraphe>- Situé dans une construction en matériaux de bonne  qualité mais d'aspect ordinaire, et habituellement  dépourvue d'ascenseur.</Paragraphe>
							<Paragraphe>- Comprenant  rarement plus de 4 pièces principales</Paragraphe>
						</Cellule>
					</Rangée>
<Rangée type="normal">
						<Cellule>
							<Paragraphe>III A</Paragraphe>
						</Cellule>
						<Cellule>
							<Paragraphe>Situé dans une construction en matériaux de qualité médiocre, mais  avec une isolation phonique et thermique satisfaisante</Paragraphe>
						</Cellule>
					</Rangée>
<Rangée type="normal">
						<Cellule>
							<Paragraphe>III B</Paragraphe>
						</Cellule>
						<Cellule>
							<Paragraphe>Situé dans une construction de qualité médiocre, avec  certains vices (humidité, isolations phoniques et thermiques très insuffisantes)</Paragraphe>
						</Cellule>
					</Rangée>
<Rangée type="normal">
						<Cellule>
							<Paragraphe>IV</Paragraphe>
						</Cellule>
						<Cellule>
							<Paragraphe>Situé dans une construction en matériaux défectueux ou  dans un immeuble dépourvu de tout équipement (aucun WC  dans le logement, ni dans l'immeuble)</Paragraphe>
						</Cellule>
					</Rangée>
</Tableau>
			
<Paragraphe>
<MiseEnEvidence>Loyer  maximum</MiseEnEvidence>
</Paragraphe>
<Paragraphe>Le montant maximum du loyer correspond à la <LienIntra LienID="R16860" type="Définition de glossaire">surface corrigée</LienIntra> du logement, multipliée par le prix de base du mètre carré de la <LienExterne URL="https://www.legifrance.gouv.fr/affichTexte.do?cidTexte=JORFTEXT000000872408#LEGISCTA000006119165">catégorie du logement</LienExterne>

.</Paragraphe>
<Paragraphe>Le prix de base du mètre carré est fixé de la manière suivante :</Paragraphe>

				<Tableau>
<Titre>Valeur locative mensuelle pour l'agglomération parisienne</Titre>
<Colonne largeur="33" type="normal"/>
<Colonne largeur="33" type="normal"/>
<Colonne largeur="33" type="normal"/>
<Rangée type="header">
						<Cellule/>
						<Cellule fusionHorizontale="2">
							<Paragraphe>Prix de base des m² de surface corrigée</Paragraphe>
						</Cellule>
					</Rangée>
<Rangée type="header">
						<Cellule>
							<Paragraphe><LienExterne URL="https://www.legifrance.gouv.fr/affichTexte.do?cidTexte=JORFTEXT000000872408#LEGISCTA000006119165">Catégorie du logement</LienExterne>

</Paragraphe>
						</Cellule>
						<Cellule>
							<Paragraphe>Pour chacun des  10 premiers m²</Paragraphe>
						</Cellule>
						<Cellule>
							<Paragraphe>Pour chaque  autre m²</Paragraphe>
						</Cellule>
					</Rangée>
<Rangée type="normal">
						<Cellule>
							<Paragraphe>II A</Paragraphe>
						</Cellule>
						<Cellule>
							<Paragraphe>
<Valeur>12,57 €</Valeur>
</Paragraphe>
						</Cellule>
						<Cellule>
							<Paragraphe>
<Valeur>7,45 €</Valeur>
</Paragraphe>
						</Cellule>
					</Rangée>
<Rangée type="normal">
						<Cellule>
							<Paragraphe>II B</Paragraphe>
						</Cellule>
						<Cellule>
							<Paragraphe>
<Valeur>8,64 €</Valeur>
</Paragraphe>
						</Cellule>
						<Cellule>
							<Paragraphe>
<Valeur>4,68 €</Valeur>
</Paragraphe>
						</Cellule>
					</Rangée>
<Rangée type="normal">
						<Cellule>
							<Paragraphe>II C</Paragraphe>
						</Cellule>
						<Cellule>
							<Paragraphe>
<Valeur>6,62 €</Valeur>
</Paragraphe>
						</Cellule>
						<Cellule>
							<Paragraphe>
<Valeur>3,54 €</Valeur>
</Paragraphe>
						</Cellule>
					</Rangée>
<Rangée type="normal">
						<Cellule>
							<Paragraphe>III A</Paragraphe>
						</Cellule>
						<Cellule>
							<Paragraphe>
<Valeur>4,01 €</Valeur>
</Paragraphe>
						</Cellule>
						<Cellule>
							<Paragraphe>
<Valeur>2,15 €</Valeur>
</Paragraphe>
						</Cellule>
					</Rangée>
<Rangée type="normal">
						<Cellule>
							<Paragraphe>III B</Paragraphe>
						</Cellule>
						<Cellule>
							<Paragraphe>
<Valeur>2,37 €</Valeur>
</Paragraphe>
						</Cellule>
						<Cellule>
							<Paragraphe>
<Valeur>1,24 €</Valeur>
</Paragraphe>
						</Cellule>
					</Rangée>
<Rangée type="normal">
						<Cellule>
							<Paragraphe>IV</Paragraphe>
						</Cellule>
						<Cellule>
							<Paragraphe>
<Valeur>0,26 €</Valeur>
</Paragraphe>
						</Cellule>
						<Cellule>
							<Paragraphe>
<Valeur>0,12 €</Valeur>
</Paragraphe>
						</Cellule>
					</Rangée>
</Tableau>
			<ANoter>
<Titre>Exemple</Titre>
				<Paragraphe>Pour  un logement de type II C avec une   surface corrigée de 43 m<Exposant>2</Exposant>:</Paragraphe>
				<Liste type="puce">
					<Item>
						<Paragraphe>Calcul : (<Valeur>6,62 €</Valeur> x 10) + (<Valeur>3,54 €</Valeur> x 33) = <Valeur>183,02 €</Valeur>
</Paragraphe>
					</Item>
					<Item>
						<Paragraphe>Conséquence :  l'augmentation annuelle ne doit pas avoir pour effet de rendre le loyer supérieur à <Valeur>183,02 €</Valeur>
</Paragraphe>
					</Item>
				</Liste>
			</ANoter>
<Paragraphe>
<MiseEnEvidence>Taux d'augmentation au 1<Exposant>er</Exposant> juillet</MiseEnEvidence>
</Paragraphe>
<Paragraphe>Sous réserve de ne pas dépasser le montant maximum de loyer, le taux d'augmentation applicable est  de :</Paragraphe>
<Liste type="puce">
<Item>
<Paragraphe>
<Valeur>1,92 %</Valeur> à partir du 1<Exposant>er</Exposant> juillet 2020</Paragraphe>
</Item>
<Item>
<Paragraphe>
<Valeur>1,70 %</Valeur>  du 1<Exposant>er</Exposant> juillet 2019 au 30 juin 2020</Paragraphe>
</Item>
</Liste>
<Attention>
<Titre>Attention</Titre><Paragraphe>il est interdit d'augmenter le  loyer d'un  logement classé en catégorie IV.</Paragraphe>
</Attention>
</Cas>
</BlocCas>

</Chapitre>
</Texte>
</Situation>
<Situation>
<Titre>Augmentation ponctuelle</Titre>
<Texte>
<Chapitre><Paragraphe>Selon que le logement est ou non situé dans l'agglomération parisienne, les règles à appliquer diffèrent.</Paragraphe>

				<Paragraphe>L'agglomération parisienne comprend Paris,  la <LienIntra LienID="R43206" type="Définition de glossaire">petite couronne</LienIntra>  et <LienExterne URL="https://www.legifrance.gouv.fr/affichTexte.do?cidTexte=JORFTEXT000037301338#LEGISCTA000037302499">certaines communes de la grande couronne (77, 78 91 et 95)</LienExterne>

.</Paragraphe>
			
<BlocCas affichage="onglet"><Cas>
<Titre>
<Paragraphe>Cas général</Paragraphe>
</Titre><Paragraphe>Le propriétaire peut majorer le loyer lorsque les éléments ayant servi de base pour la détermination du loyer initial ont été modifiés.</Paragraphe>
<Paragraphe>Cela peut notamment être le cas après des travaux d'amélioration entraînant un changement de <LienExterne URL="https://www.legifrance.gouv.fr/affichTexte.do?cidTexte=JORFTEXT000000872408#LEGISCTA000006119165">catégorie du logement</LienExterne>

.</Paragraphe>
<Paragraphe>
<MiseEnEvidence>Catégorie du logement</MiseEnEvidence>
</Paragraphe>

				<Tableau>
<Titre>Logements soumis au régime de la  loi de 1948</Titre>
<Colonne largeur="21" type="normal"/>
<Colonne largeur="102" type="normal"/>
<Rangée type="header">
						<Cellule>
							<Paragraphe>Catégorie du logement</Paragraphe>
						</Cellule>
						<Cellule>
							<Paragraphe>Caractéristiques du logement</Paragraphe>
						</Cellule>
					</Rangée>
<Rangée type="normal">
						<Cellule>
							<Paragraphe>II A</Paragraphe>
						</Cellule>
						<Cellule>
							<Paragraphe>- Situé dans une construction en matériaux de très bonne   qualité</Paragraphe>
							<Paragraphe>- Avec WC particulier, une salle de bains et du chauffage central</Paragraphe>
						</Cellule>
					</Rangée>
<Rangée type="normal">
						<Cellule>
							<Paragraphe>II B</Paragraphe>
						</Cellule>
						<Cellule>
							<Paragraphe>Situé dans une construction en matériaux de bonne  qualité, souvent dépourvue d'ascenseur</Paragraphe>
						</Cellule>
					</Rangée>
<Rangée type="normal">
						<Cellule>
							<Paragraphe>II C</Paragraphe>
						</Cellule>
						<Cellule>
							<Paragraphe>- Situé dans une construction en matériaux de bonne  qualité mais d'aspect ordinaire, et habituellement  dépourvue d'ascenseur.</Paragraphe>
							<Paragraphe>- Comprenant  rarement plus de 4 pièces principales</Paragraphe>
						</Cellule>
					</Rangée>
<Rangée type="normal">
						<Cellule>
							<Paragraphe>III A</Paragraphe>
						</Cellule>
						<Cellule>
							<Paragraphe>Situé dans une construction en matériaux de qualité médiocre, mais  avec une isolation phonique et thermique satisfaisante</Paragraphe>
						</Cellule>
					</Rangée>
<Rangée type="normal">
						<Cellule>
							<Paragraphe>III B</Paragraphe>
						</Cellule>
						<Cellule>
							<Paragraphe>Situé dans une construction de qualité médiocre, avec  certains vices (humidité, isolations phoniques et thermiques très insuffisantes)</Paragraphe>
						</Cellule>
					</Rangée>
<Rangée type="normal">
						<Cellule>
							<Paragraphe>IV</Paragraphe>
						</Cellule>
						<Cellule>
							<Paragraphe>Situé dans une construction en matériaux défectueux ou  dans un immeuble dépourvu de tout équipement (aucun WC  dans le logement, ni dans l'immeuble)</Paragraphe>
						</Cellule>
					</Rangée>
</Tableau>
			
<Paragraphe>
<MiseEnEvidence>Montant maximum du loyer</MiseEnEvidence>
</Paragraphe>
<Paragraphe>Le montant maximum du loyer correspond à la <LienIntra LienID="R16860" type="Définition de glossaire">surface corrigée</LienIntra> du logement, multipliée par le prix de base du mètre carré de la <LienExterne URL="https://www.legifrance.gouv.fr/affichTexte.do?cidTexte=JORFTEXT000000872408#LEGISCTA000006119165">catégorie du logement</LienExterne>

.</Paragraphe>
<Paragraphe>Le prix de base du mètre carré est fixé de la manière suivante :</Paragraphe>

				<Tableau>
<Titre>Valeur locative hors agglomération parisienne</Titre>
<Colonne largeur="33" type="normal"/>
<Colonne largeur="33" type="normal"/>
<Colonne largeur="33" type="normal"/>
<Rangée type="header">
						<Cellule fusionVerticale="2">
							<Paragraphe><LienExterne URL="https://www.legifrance.gouv.fr/affichTexte.do?cidTexte=JORFTEXT000000872408#LEGISCTA000006119165">Catégorie du logement</LienExterne>

</Paragraphe>
						</Cellule>
						<Cellule fusionHorizontale="2">
							<Paragraphe>Prix de base du m² de surface corrigée</Paragraphe>
						</Cellule>
					</Rangée>
<Rangée type="header">
						<Cellule>
							<Paragraphe>Pour chacun des 10 premiers m²</Paragraphe>
						</Cellule>
						<Cellule>
							<Paragraphe>Pour chaque autre m²</Paragraphe>
						</Cellule>
					</Rangée>
<Rangée type="normal">
						<Cellule>
							<Paragraphe>II A</Paragraphe>
						</Cellule>
						<Cellule>
							<Paragraphe>
<Valeur>10,26 €</Valeur>
</Paragraphe>
						</Cellule>
						<Cellule>
							<Paragraphe>
<Valeur>6,12 €</Valeur>
</Paragraphe>
						</Cellule>
					</Rangée>
<Rangée type="normal">
						<Cellule>
							<Paragraphe>II B</Paragraphe>
						</Cellule>
						<Cellule>
							<Paragraphe>
<Valeur>7,07 €</Valeur>
</Paragraphe>
						</Cellule>
						<Cellule>
							<Paragraphe>
<Valeur>3,85 €</Valeur>
</Paragraphe>
						</Cellule>
					</Rangée>
<Rangée type="normal">
						<Cellule>
							<Paragraphe>II C</Paragraphe>
						</Cellule>
						<Cellule>
							<Paragraphe>
<Valeur>5,41 €</Valeur>
</Paragraphe>
						</Cellule>
						<Cellule>
							<Paragraphe>
<Valeur>2,91 €</Valeur>
</Paragraphe>
						</Cellule>
					</Rangée>
<Rangée type="normal">
						<Cellule>
							<Paragraphe>III A</Paragraphe>
						</Cellule>
						<Cellule>
							<Paragraphe>
<Valeur>3,28 €</Valeur>
</Paragraphe>
						</Cellule>
						<Cellule>
							<Paragraphe>
<Valeur>1,82 €</Valeur>
</Paragraphe>
						</Cellule>
					</Rangée>
<Rangée type="normal">
						<Cellule>
							<Paragraphe>III B</Paragraphe>
						</Cellule>
						<Cellule>
							<Paragraphe>
<Valeur>1,95 €</Valeur>
</Paragraphe>
						</Cellule>
						<Cellule>
							<Paragraphe>
<Valeur>1,01 €</Valeur>
</Paragraphe>
						</Cellule>
					</Rangée>
<Rangée type="normal">
						<Cellule>
							<Paragraphe>IV</Paragraphe>
						</Cellule>
						<Cellule>
							<Paragraphe>
<Valeur>0,26 €</Valeur>
</Paragraphe>
						</Cellule>
						<Cellule>
							<Paragraphe>
<Valeur>0,12 €</Valeur>
</Paragraphe>
						</Cellule>
					</Rangée>
</Tableau>
			<ANoter>
<Titre>Exemple</Titre>
				<Paragraphe>Pour  un logement de type II C avec une   surface corrigée de 43 m<Exposant>2 </Exposant>:</Paragraphe>
				<Liste type="puce">
					<Item>
						<Paragraphe>Calcul : (<Valeur>5,41 €</Valeur> x 10) + (<Valeur>2,91 €</Valeur> x 33) = <Valeur>150,13 €</Valeur>
</Paragraphe>
					</Item>
					<Item>
						<Paragraphe>Conséquence : l'augmentation annuelle ne doit  pas avoir pour effet de  rendre le loyer supérieur à <Valeur>150,13 €</Valeur>
</Paragraphe>
					</Item>
				</Liste>
			</ANoter>
<Paragraphe>
<MiseEnEvidence>Démarche</MiseEnEvidence>
</Paragraphe>
<Paragraphe>Le propriétaire doit <LienIntra LienID="R14732" type="Définition de glossaire">notifier</LienIntra> la proposition de majoration au locataire :</Paragraphe>
<Liste type="puce">
<Item>
<Paragraphe>Soit par courrier recommandé avec accusé de réception</Paragraphe>
</Item>
<Item>
<Paragraphe>Soit par acte d'huissier</Paragraphe>
</Item>
</Liste>
<Paragraphe>Le notification doit :</Paragraphe>
<Liste type="puce">
<Item>
<Paragraphe>Indiquer précisément les nouveaux éléments de base justifiant   une majoration de loyer</Paragraphe>
</Item>
<Item>
<Paragraphe>Préciser le décompte de la surface modifiée suite aux travaux réalisés</Paragraphe>
</Item>
</Liste>
<Paragraphe>Le locataire a  2 mois pour contester cette modification par lettre recommandée avec avis de réception.
</Paragraphe>
<Paragraphe>En cas de désaccord, le propriétaire ou le locataire peut saisir le juge des contentieux de la protection.</Paragraphe>
<OuSAdresser ID="R30" type="Local">
<Titre>Tribunal judiciaire ou de proximité</Titre>
<RessourceWeb URL="https://www.justice.fr/recherche/annuaires"/>
<Source ID="R30663">Ministère chargé de la justice</Source>
</OuSAdresser>

</Cas>
<Cas>
<Titre>
<Paragraphe>Agglomération parisienne</Paragraphe>
</Titre><Paragraphe>Le propriétaire peut majorer le loyer lorsque les éléments ayant servi de base pour déterminer le loyer initial ont été modifiés.</Paragraphe>
<Paragraphe>Cela peut notamment être le cas après des travaux d'amélioration entraînant un changement de <LienExterne URL="https://www.legifrance.gouv.fr/affichTexte.do?cidTexte=JORFTEXT000000872408#LEGISCTA000006119165">catégorie du logement</LienExterne>

.</Paragraphe>
<Paragraphe>
<MiseEnEvidence>Catégorie du logement</MiseEnEvidence>
</Paragraphe>

				<Tableau>
<Titre>Logements soumis au régime de la  loi de 1948</Titre>
<Colonne largeur="21" type="normal"/>
<Colonne largeur="102" type="normal"/>
<Rangée type="header">
						<Cellule>
							<Paragraphe>Catégorie du logement</Paragraphe>
						</Cellule>
						<Cellule>
							<Paragraphe>Caractéristiques du logement</Paragraphe>
						</Cellule>
					</Rangée>
<Rangée type="normal">
						<Cellule>
							<Paragraphe>II A</Paragraphe>
						</Cellule>
						<Cellule>
							<Paragraphe>- Situé dans une construction en matériaux de très bonne   qualité</Paragraphe>
							<Paragraphe>- Avec WC particulier, une salle de bains et du chauffage central</Paragraphe>
						</Cellule>
					</Rangée>
<Rangée type="normal">
						<Cellule>
							<Paragraphe>II B</Paragraphe>
						</Cellule>
						<Cellule>
							<Paragraphe>Situé dans une construction en matériaux de bonne  qualité, souvent dépourvue d'ascenseur</Paragraphe>
						</Cellule>
					</Rangée>
<Rangée type="normal">
						<Cellule>
							<Paragraphe>II C</Paragraphe>
						</Cellule>
						<Cellule>
							<Paragraphe>- Situé dans une construction en matériaux de bonne  qualité mais d'aspect ordinaire, et habituellement  dépourvue d'ascenseur.</Paragraphe>
							<Paragraphe>- Comprenant  rarement plus de 4 pièces principales</Paragraphe>
						</Cellule>
					</Rangée>
<Rangée type="normal">
						<Cellule>
							<Paragraphe>III A</Paragraphe>
						</Cellule>
						<Cellule>
							<Paragraphe>Situé dans une construction en matériaux de qualité médiocre, mais  avec une isolation phonique et thermique satisfaisante</Paragraphe>
						</Cellule>
					</Rangée>
<Rangée type="normal">
						<Cellule>
							<Paragraphe>III B</Paragraphe>
						</Cellule>
						<Cellule>
							<Paragraphe>Situé dans une construction de qualité médiocre, avec  certains vices (humidité, isolations phoniques et thermiques très insuffisantes)</Paragraphe>
						</Cellule>
					</Rangée>
<Rangée type="normal">
						<Cellule>
							<Paragraphe>IV</Paragraphe>
						</Cellule>
						<Cellule>
							<Paragraphe>Situé dans une construction en matériaux défectueux ou  dans un immeuble dépourvu de tout équipement (aucun WC  dans le logement, ni dans l'immeuble)</Paragraphe>
						</Cellule>
					</Rangée>
</Tableau>
			
<Paragraphe>Le montant maximum du loyer correspond à la <LienIntra LienID="R16860" type="Définition de glossaire">surface corrigée</LienIntra> du logement, multipliée par le prix de base du mètre carré de la <LienExterne URL="https://www.legifrance.gouv.fr/affichTexte.do?cidTexte=JORFTEXT000000872408#LEGISCTA000006119165">catégorie du logement</LienExterne>

.</Paragraphe>
<Paragraphe>Le prix de base du mètre carré est fixé de la manière suivante :</Paragraphe>

				<Tableau>
<Titre>Valeur locative mensuelle pour l'agglomération parisienne</Titre>
<Colonne largeur="33" type="normal"/>
<Colonne largeur="33" type="normal"/>
<Colonne largeur="33" type="normal"/>
<Rangée type="header">
						<Cellule/>
						<Cellule fusionHorizontale="2">
							<Paragraphe>Prix de base des m² de surface corrigée</Paragraphe>
						</Cellule>
					</Rangée>
<Rangée type="header">
						<Cellule>
							<Paragraphe><LienExterne URL="https://www.legifrance.gouv.fr/affichTexte.do?cidTexte=JORFTEXT000000872408#LEGISCTA000006119165">Catégorie du logement</LienExterne>

</Paragraphe>
						</Cellule>
						<Cellule>
							<Paragraphe>Pour chacun des  10 premiers m²</Paragraphe>
						</Cellule>
						<Cellule>
							<Paragraphe>Pour chaque  autre m²</Paragraphe>
						</Cellule>
					</Rangée>
<Rangée type="normal">
						<Cellule>
							<Paragraphe>II A</Paragraphe>
						</Cellule>
						<Cellule>
							<Paragraphe>
<Valeur>12,57 €</Valeur>
</Paragraphe>
						</Cellule>
						<Cellule>
							<Paragraphe>
<Valeur>7,45 €</Valeur>
</Paragraphe>
						</Cellule>
					</Rangée>
<Rangée type="normal">
						<Cellule>
							<Paragraphe>II B</Paragraphe>
						</Cellule>
						<Cellule>
							<Paragraphe>
<Valeur>8,64 €</Valeur>
</Paragraphe>
						</Cellule>
						<Cellule>
							<Paragraphe>
<Valeur>4,68 €</Valeur>
</Paragraphe>
						</Cellule>
					</Rangée>
<Rangée type="normal">
						<Cellule>
							<Paragraphe>II C</Paragraphe>
						</Cellule>
						<Cellule>
							<Paragraphe>
<Valeur>6,62 €</Valeur>
</Paragraphe>
						</Cellule>
						<Cellule>
							<Paragraphe>
<Valeur>3,54 €</Valeur>
</Paragraphe>
						</Cellule>
					</Rangée>
<Rangée type="normal">
						<Cellule>
							<Paragraphe>III A</Paragraphe>
						</Cellule>
						<Cellule>
							<Paragraphe>
<Valeur>4,01 €</Valeur>
</Paragraphe>
						</Cellule>
						<Cellule>
							<Paragraphe>
<Valeur>2,15 €</Valeur>
</Paragraphe>
						</Cellule>
					</Rangée>
<Rangée type="normal">
						<Cellule>
							<Paragraphe>III B</Paragraphe>
						</Cellule>
						<Cellule>
							<Paragraphe>
<Valeur>2,37 €</Valeur>
</Paragraphe>
						</Cellule>
						<Cellule>
							<Paragraphe>
<Valeur>1,24 €</Valeur>
</Paragraphe>
						</Cellule>
					</Rangée>
<Rangée type="normal">
						<Cellule>
							<Paragraphe>IV</Paragraphe>
						</Cellule>
						<Cellule>
							<Paragraphe>
<Valeur>0,26 €</Valeur>
</Paragraphe>
						</Cellule>
						<Cellule>
							<Paragraphe>
<Valeur>0,12 €</Valeur>
</Paragraphe>
						</Cellule>
					</Rangée>
</Tableau>
			<ANoter>
<Titre>Exemple</Titre>
				<Paragraphe>Pour  un logement de type II C avec une   surface corrigée de 43 m<Exposant>2</Exposant>:</Paragraphe>
				<Liste type="puce">
					<Item>
						<Paragraphe>Calcul : (<Valeur>6,62 €</Valeur> x 10) + (<Valeur>3,54 €</Valeur> x 33) = <Valeur>183,02 €</Valeur>
</Paragraphe>
					</Item>
					<Item>
						<Paragraphe>Conséquence :  l'augmentation annuelle ne doit pas avoir pour effet de rendre le loyer supérieur à <Valeur>183,02 €</Valeur>
</Paragraphe>
					</Item>
				</Liste>
			</ANoter>
<Paragraphe>
<MiseEnEvidence>Démarche</MiseEnEvidence>
</Paragraphe>
<Paragraphe>Le propriétaire doit <LienIntra LienID="R14732" type="Définition de glossaire">notifier</LienIntra> la proposition de majoration au locataire :</Paragraphe>
<Liste type="puce">
<Item>
<Paragraphe>Soit par courrier recommandé avec accusé de réception</Paragraphe>
</Item>
<Item>
<Paragraphe>Soit  par acte d'huissier</Paragraphe>
</Item>
</Liste>
<Paragraphe>Le notification doit :</Paragraphe>
<Liste type="puce">
<Item>
<Paragraphe>Indiquer précisément les nouveaux éléments de base justifiant   une majoration de loyer</Paragraphe>
</Item>
<Item>
<Paragraphe>Préciser le décompte de la surface modifiée suite aux travaux réalisés</Paragraphe>
</Item>
</Liste>
<Paragraphe>Le locataire a  2 mois pour contester cette modification par lettre recommandée avec avis de réception.
</Paragraphe>
<Paragraphe>En cas de désaccord, le propriétaire ou le locataire peut saisir le juge des contentieux de la protection.</Paragraphe>
<OuSAdresser ID="R30" type="Local">
<Titre>Tribunal judiciaire ou de proximité</Titre>
<RessourceWeb URL="https://www.justice.fr/recherche/annuaires"/>
<Source ID="R30663">Ministère chargé de la justice</Source>
</OuSAdresser>

</Cas>
</BlocCas>

</Chapitre>
</Texte>
</Situation>
</ListeSituations>
<OuSAdresser ID="R5" type="Local personnalisé sur SP">
<Titre>Agence départementale pour l'information sur le logement (Adil)</Titre>
<PivotLocal>adil</PivotLocal>
<RessourceWeb URL="https://www.anil.org/lanil-et-les-adil/votre-adil/"/>
<Source ID="R30676">Agence nationale pour l'information sur le logement (Anil)</Source>
</OuSAdresser>
<Reference type="Texte de référence" URL="https://www.legifrance.gouv.fr/jorf/id/JORFTEXT000042491371" ID="R51539">
<Titre>Décret n° 2020-1339 du 3 novembre 2020 fixant les prix de base au mètre carré des locaux d'habitation ou à usage professionnel</Titre>
<Complement>Liste des communes de l'agglomération parisienne</Complement>
</Reference>
<Reference type="Texte de référence" URL="http://www.legifrance.gouv.fr/affichTexte.do?cidTexte=JORFTEXT000000872408" ID="R695">
<Titre>Décret n°48-1881 du 10 décembre 1948 déterminant les prix de base au mètre carré des locaux d'habitation ou à usage professionnel</Titre>
</Reference>
<Reference type="Texte de référence" URL="https://www.legifrance.gouv.fr/loda/id/JORFTEXT000000879802/" ID="R37877">
<Titre>Loi n°48-1360 du 1er septembre 1948 sur les rapports locatifs : articles 26 à 44</Titre>
<Complement>Fixation de loyers</Complement>
</Reference>
<ServiceEnLigne ID="R31936" URL="https://www.inc-conso.fr/content/vous-demandez-une-quittance-de-loyer-votre-proprietaire" type="Modèle de document">
<Titre>Demander une quittance de loyer à son propriétaire</Titre>
<Source ID="R30643">Institut national de la consommation (INC)</Source>
</ServiceEnLigne>
<PourEnSavoirPlus type="Information pratique" ID="R41887" URL="https://www.legifrance.gouv.fr/affichTexte.do?cidTexte=JORFTEXT000037301338#LEGISCTA000037302499" audience="Particuliers">
<Titre>Liste des communes de l'agglomération parisienne</Titre>
<Source ID="R38880">Legifrance</Source>
</PourEnSavoirPlus>
<PourEnSavoirPlus type="Information pratique" ID="R53156" URL="https://www.legifrance.gouv.fr/affichTexte.do?cidTexte=JORFTEXT000000872408#LEGISCTA000006119165" audience="Particuliers">
<Titre>Conditions de classement des logements soumis à la loi de 1948</Titre>
<Source ID="R38880">Legifrance</Source>
</PourEnSavoirPlus>
<Definition ID="R16860">
<Titre>Surface corrigée</Titre>
<Texte>
				<Paragraphe>Surface réelle du logement après application de coefficients tenant compte notamment de l'état du logement, de ses équipements et de sa situation géographique</Paragraphe>
			</Texte><Reference type="Texte de référence" URL="http://www.legifrance.gouv.fr/affichTexte.do?cidTexte=JORFTEXT000000495766&amp;categorieLien=cid" ID="R40997">
<Titre>Décret n°48-1766 du 22 novembre 1948 fixant les conditions de détermination de la surface corrigée des locaux d'habitation ou à usage professionnel</Titre>
</Reference>
</Definition>
<Definition ID="R43206">
<Titre>Petite couronne</Titre>
<Texte>
				<Paragraphe>  Hauts-de-Seine (92), Seine-Saint-Denis (93) et Val-de-Marne (94)</Paragraphe>
			</Texte>
</Definition>
<Definition ID="R14732">
<Titre>Notification</Titre>
<Texte>
				<Paragraphe>Formalité par laquelle un acte de procédure ou une décision est porté à la connaissance d’une personne</Paragraphe>
			</Texte>
</Definition>
<QuestionReponse ID="F1219" audience="Particuliers">Qu'est-ce qu'un logement soumis au régime de la loi de 1948 ?</QuestionReponse>
<QuestionReponse ID="F10039" audience="Particuliers">Qu'est-ce qu'un bail de sortie progressive de la loi de 1948 ?</QuestionReponse>




</Publication>
