<?xml version="1.0" encoding="UTF-8"?><Publication xmlns:dc="http://purl.org/dc/elements/1.1/" xmlns:xsi="http://www.w3.org/2001/XMLSchema-instance" ID="F17904" type="Fiche Comment faire si" xsi:noNamespaceSchemaLocation="../Schemas/3.0/Publication.xsd">
<dc:title>Je prépare ma retraite</dc:title>
<dc:creator>Direction de l'information légale et administrative</dc:creator>
<dc:description>Je veux prendre ma retraite au bon moment. À cet effet, je me renseigne sur les différentes situations de départ en retraite qui s'offrent à moi. Ensuite, je choisis la date approximative à laquelle je vais demander la liquidation de ma retraite, c'est-à-dire la transformation de mes droits à la retraite en pension de retraite.</dc:description>
<dc:publisher>Direction de l'information légale et administrative</dc:publisher>
<dc:contributor>Direction de l'information légale et administrative (Premier ministre)</dc:contributor>
<dc:date>modified 2020-09-25</dc:date>
<dc:type>Comment faire si...</dc:type>
<dc:format>text/xml</dc:format>
<dc:identifier>F17904</dc:identifier>
<dc:language>Fr</dc:language>
<dc:coverage>France entière</dc:coverage>
<dc:rights>https://www.service-public.fr/a-propos/mentions-legales</dc:rights>
<SurTitre>Comment faire si...</SurTitre>
<Audience>Particuliers</Audience>
<Canal>www.service-public.fr</Canal>
<FilDAriane>
<Niveau ID="Particuliers">Accueil particuliers</Niveau>
<Niveau ID="commentFaireSi" type="Liste - Comment faire si">Comment faire si</Niveau>
<Niveau ID="F17904" type="Fiche Comment faire si">Je prépare ma retraite</Niveau>
</FilDAriane>
<Introduction>
<Texte><Paragraphe>Je veux prendre ma retraite au bon moment. À cet effet, je me renseigne sur les différentes situations de départ en retraite qui s'offrent à moi. Ensuite,  je choisis la date approximative à laquelle je vais demander la <Expression>liquidation</Expression> de ma retraite, c'est-à-dire la transformation de mes droits à la retraite en pension de retraite.</Paragraphe>
</Texte>
</Introduction>
<ListeSituations affichage="onglet"><Situation>
<Titre>Salarié du privé</Titre>
<Texte><Chapitre>
<Titre>
<Paragraphe>Je me renseigne sur les conditions de départ à la retraite</Paragraphe>
</Titre><Paragraphe>Je m'informe sur <LienInterne LienPublication="F14043" type="Fiche Question-réponse" audience="Particuliers">l'âge minimum à partir duquel il est possible de partir à la  retraite</LienInterne>.</Paragraphe>
<Paragraphe>Dans certaines situations, un départ anticipé est possible :</Paragraphe>
<Liste type="puce">
<Item>
<Paragraphe>Si j’ai commencé à travailler jeune, <LienInterne LienPublication="F13845" type="Fiche d'information" audience="Particuliers">pour carrière longue</LienInterne>
</Paragraphe>
</Item>
<Item>
<Paragraphe>Si je suis atteint d’une <LienInterne LienPublication="F16337" type="Fiche d'information" audience="Particuliers">incapacité permanente d'au moins pourcent50</LienInterne>
</Paragraphe>
</Item>
<Item>
<Paragraphe>Si j'exerce un <LienInterne LienPublication="F14101" type="Fiche d'information" audience="Particuliers">métier pénible</LienInterne> (j'ai un compte personnel de prévention de la pénibilité - C2P - ou je suis atteint d'une incapacité permanente d'origine professionnelle d'au moins <Valeur>10 %</Valeur>)</Paragraphe>
</Item>
</Liste>
<Paragraphe>Je m'informe sur les  conditions d'obtention d'une    <LienInterne LienPublication="F14044" type="Fiche d'information" audience="Particuliers">pension de retraite de base à taux plein</LienInterne> et de la <LienInterne LienPublication="F15396" type="Fiche d'information" audience="Particuliers">retraite complémentaire de l'Agirc-Arrco</LienInterne>.</Paragraphe>
<Paragraphe>Je m'informe sur les conditions  de <LienInterne LienPublication="F15675" type="Fiche d'information" audience="Particuliers">rachat de trimestres</LienInterne>. Il est possible pour les années d'études supérieures,  années incomplètes de cotisations, certaines périodes d'apprentissage, les  périodes d'activité en tant qu'assistant(e) maternel(le) ou en tant qu'enfant d'anciens harkis.</Paragraphe>

</Chapitre>
<Chapitre>
<Titre>
<Paragraphe>J'estime le montant de ma future retraite ("droits à pension")</Paragraphe>
</Titre><Paragraphe>Je me procure un <Expression>relevé de situation individuelle</Expression> récent à partir <LienInterne LienPublication="R20786" type="Téléservice" audience="Particuliers">de mon espace personnel sur le  site internet de la Cnav</LienInterne>.</Paragraphe>
<Paragraphe>Si ce relevé comporte des oublis ou des erreurs, j'en demande la rectification.</Paragraphe>
<ASavoir>
<Titre>À savoir</Titre><Paragraphe>si j'ai effectué des services militaires, je  demande une <LienInterne LienPublication="F1398" type="Fiche d'information" audience="Particuliers">attestation des services accomplis</LienInterne> pour les faire prendre en compte dans le calcul de mes droits à pension de retraite.</Paragraphe>
</ASavoir><Paragraphe>À partir de mon espace personnel sur le site internet de la Cnav, je demande une estimation   <LienInterne LienPublication="R3038" type="Téléservice" audience="Particuliers">du montant de ma pension de retraite (ou de mes pensions de retraite si je dépends de plusieurs régimes)</LienInterne>, en fonction de  mon âge de départ à la  retraite.</Paragraphe>

</Chapitre>
<Chapitre>
<Titre>
<Paragraphe>Je m'informe sur le cumul emploi-retraite</Paragraphe>
</Titre><Paragraphe>Si j’envisage de poursuivre une activité professionnelle (salariée ou non) après mon départ à la retraite, je m’informe préalablement sur les <LienInterne LienPublication="F13243" type="Fiche d'information" audience="Particuliers">conditions pour  cumuler</LienInterne>  ma pension de retraite avec des revenus d’activités.</Paragraphe>

</Chapitre>
<Chapitre>
<Titre>
<Paragraphe>Je fais ma demande de départ à la retraite</Paragraphe>
</Titre><Paragraphe>4 à 6 mois avant ma date de départ à la retraite souhaitée, j'effectue mes <LienInterne LienPublication="F13941" type="Fiche Question-réponse" audience="Particuliers">démarches de demande de départ à la retraite</LienInterne> : je demande la liquidation de ma pension de retraite et je préviens mon employeur.</Paragraphe>

</Chapitre>
<Chapitre>
<Titre>
<Paragraphe>Je récupère les sommes placées sur mes plans d'épargne retraite</Paragraphe>
</Titre><Paragraphe>Si j'ai des plans d'épargne retraite, je demande la restitution des sommes placées :</Paragraphe>
<Liste type="puce">
<Item>
<Paragraphe>
<LienInterne LienPublication="F10259" type="Fiche d'information" audience="Particuliers">Plan d'épargne retraite populaire (Perp)</LienInterne>
</Paragraphe>
</Item>
<Item>
<Paragraphe>
<LienInterne LienPublication="F10260" type="Fiche d'information" audience="Particuliers">Plan d'épargne pour la retraite collectif (Perco)</LienInterne>
</Paragraphe>
</Item>
<Item>
<Paragraphe>
<LienInterne LienPublication="F34982" type="Fiche d'information" audience="Particuliers">Plan d'épargne retraite (PER)</LienInterne>
</Paragraphe>
</Item>
</Liste>

</Chapitre>
</Texte>
</Situation>
<Situation>
<Titre>Fonctionnaire</Titre>
<Texte><Chapitre>
<Titre>
<Paragraphe>Je me renseigne sur les conditions de départ</Paragraphe>
</Titre><Paragraphe>Je m'informe sur <LienInterne LienPublication="F2786" type="Fiche d'information" audience="Particuliers">l'âge minimum à partir duquel il est possible de partir à la retraite</LienInterne>.</Paragraphe>
<Paragraphe>Dans certains cas, un départ anticipé est possible :</Paragraphe>
<Liste type="puce">
<Item>
<Paragraphe>Si  j’ai commencé à travailler jeune, <LienInterne LienPublication="F13946" type="Fiche d'information" audience="Particuliers">pour carrière longue</LienInterne>
</Paragraphe>
</Item>
<Item>
<Paragraphe>Si je suis atteint d'une <LienInterne LienPublication="F14060" type="Fiche d'information" audience="Particuliers">incapacité permanente d'au moins pourcent50</LienInterne>
</Paragraphe>
</Item>
<Item>
<Paragraphe>Si je suis  <LienInterne LienPublication="F550" type="Fiche d'information" audience="Particuliers">définitivement inapte</LienInterne> à l'exercice de mes fonctions (invalidité)</Paragraphe>
</Item>
<Item>
<Paragraphe>Si je suis  <LienInterne LienPublication="F20659" type="Fiche d'information" audience="Particuliers">parent d'un enfant atteint d'une invalidité d'au moins pourcent80 </LienInterne>
</Paragraphe>
</Item>
<Item>
<Paragraphe>Si je suis fonctionnaire d'État et si j'ai une <LienInterne LienPublication="F18217" type="Fiche Question-réponse" audience="Particuliers">infirmité ou une maladie incurable</LienInterne> rendant l'exercice de toute profession impossible</Paragraphe>
</Item>
<Item>
<Paragraphe>Si je suis fonctionnaire d'État et si mon époux(se) ou partenaire de <LienInterne LienPublication="R45368" type="Sigle">Pacs</LienInterne> a une <LienInterne LienPublication="F18217" type="Fiche Question-réponse" audience="Particuliers">infirmité ou  maladie incurable</LienInterne> rendant l'exercice de toute profession impossible</Paragraphe>
</Item>
</Liste>
<Paragraphe>Je m'informe sur les conditions d'obtention d'une <LienInterne LienPublication="F1781" type="Fiche d'information" audience="Particuliers">pension de retraite de base à taux plein</LienInterne> et de  la  <LienInterne LienPublication="F12387" type="Fiche d'information" audience="Particuliers">retraite complémentaire</LienInterne>.</Paragraphe>
<Paragraphe>Je m'informe sur les conditions de  <LienInterne LienPublication="F1049" type="Fiche d'information" audience="Particuliers">rachat de mes années d’études supérieures</LienInterne>.</Paragraphe>

</Chapitre>
<Chapitre>
<Titre>
<Paragraphe>J'estime le montant de ma future retraite ("droits à pension")</Paragraphe>
</Titre><Paragraphe>Je me procure un <Expression>relevé de situation individuelle</Expression> récent sur <LienInterne LienPublication="R46083" type="Téléservice" audience="Particuliers">mon compte retraite</LienInterne>.</Paragraphe>
<Paragraphe>Si ce relevé comporte des oublis ou des erreurs, j'en demande la rectification.</Paragraphe>
<ASavoir>
<Titre>À savoir</Titre><Paragraphe>si j'ai effectué des services militaires, je  demande une <LienInterne LienPublication="F1398" type="Fiche d'information" audience="Particuliers">attestation des services accomplis</LienInterne> pour les faire prendre en compte dans le calcul de mes droits à pension de retraite.</Paragraphe>
</ASavoir><Paragraphe>Je demande une estimation   du <LienInterne LienPublication="R3038" type="Téléservice" audience="Particuliers">montant de ma pension de retraite (ou de mes pensions de retraite)</LienInterne>, en fonction de  mon âge de départ à la  retraite.</Paragraphe>

</Chapitre>
<Chapitre>
<Titre>
<Paragraphe>Je m'informe sur le cumul emploi - retraite</Paragraphe>
</Titre><Paragraphe>Si j’envisage de poursuivre une activité professionnelle (salariée ou non) après mon départ à la retraite, je m’informe préalablement sur les <LienInterne LienPublication="F12402" type="Fiche d'information" audience="Particuliers">conditions pour cumuler</LienInterne>  ma pension de retraite avec des revenus d’activités.</Paragraphe>

</Chapitre>
<Chapitre>
<Titre>
<Paragraphe>Je fais ma demande de départ à la retraite</Paragraphe>
</Titre><Paragraphe>Au moins 6 mois avant ma date de départ souhaitée, je contacte la <LienInterne LienPublication="F31541" type="Fiche Question-réponse" audience="Particuliers">direction des ressources humaines de mon administration</LienInterne>. C'est elle qui constituera les dossiers de demande de retraite de base et complémentaire.</Paragraphe>
<ANoter>
<Titre>À noter</Titre><Paragraphe>si je suis fonctionnaire d'État, je peux m'adresser à mon service de gestion du personnel en lui communiquant une <LienInterne LienPublication="R1410" type="Formulaire" audience="Particuliers">déclaration préalable</LienInterne>.</Paragraphe>
</ANoter>
</Chapitre>
</Texte>
</Situation>
<Situation>
<Titre>Agent public contractuel</Titre>
<Texte><Chapitre>
<Titre>
<Paragraphe>Je me renseigne sur les conditions de départ</Paragraphe>
</Titre><Paragraphe>Je m'informe sur <LienInterne LienPublication="F2786" type="Fiche d'information" audience="Particuliers">l'âge minimum à partir duquel il est possible de partir à la retraite</LienInterne>. Dans certains cas, un départ anticipé est possible :</Paragraphe>
<Liste type="puce">
<Item>
<Paragraphe>Si j'ai commencé à travailler jeune,  <LienInterne LienPublication="F13845" type="Fiche d'information" audience="Particuliers"> pour carrière longue</LienInterne>
</Paragraphe>
</Item>
<Item>
<Paragraphe>Si je suis atteint  d’une <LienInterne LienPublication="F16337" type="Fiche d'information" audience="Particuliers">incapacité permanente d'au moins 50 %</LienInterne>.</Paragraphe>
</Item>
</Liste>
<Paragraphe>Je m'informe sur les conditions pour avoir :</Paragraphe>
<Liste type="puce">
<Item>
<Paragraphe>une <LienInterne LienPublication="F2081" type="Fiche d'information" audience="Particuliers">pension de retraite de base à taux plein</LienInterne>
</Paragraphe>
</Item>
<Item>
<Paragraphe>une <LienInterne LienPublication="F12390" type="Fiche d'information" audience="Particuliers">retraite complémentaire</LienInterne>.</Paragraphe>
</Item>
</Liste>
<Paragraphe>Je m'informe sur les conditions pour le  <LienInterne LienPublication="F15675" type="Fiche d'information" audience="Particuliers">rachat de mes années d’études supérieures</LienInterne>.</Paragraphe>

</Chapitre>
<Chapitre>
<Titre>
<Paragraphe>J'estime le montant de ma future retraite ("droits à pension")</Paragraphe>
</Titre><Paragraphe>Je me procure un <Expression>relevé de situation individuelle</Expression> récent à partir <LienInterne LienPublication="R20786" type="Téléservice" audience="Particuliers">de mon espace personnel sur le  site internet de la Cnav</LienInterne>.</Paragraphe>
<Paragraphe>Si ce relevé comporte des oublis ou des erreurs, j'en demande la rectification.</Paragraphe>
<ASavoir>
<Titre>À savoir</Titre><Paragraphe>si j'ai effectué des services militaires, je  demande une <LienInterne LienPublication="F1398" type="Fiche d'information" audience="Particuliers">attestation des services accomplis</LienInterne> pour les faire prendre en compte dans le calcul de mes droits à pension de retraite.</Paragraphe>
</ASavoir><Paragraphe>À partir de mon espace personnel sur le site internet de la Cnav, je demande une estimation  <LienInterne LienPublication="R3038" type="Téléservice" audience="Particuliers">du montant de ma pension de retraite (ou de mes pensions de retraite si je dépends de plusieurs régimes de retraite)</LienInterne>, en fonction de  mon âge de départ à la  retraite.</Paragraphe>

</Chapitre>
<Chapitre>
<Titre>
<Paragraphe>Je m'informe sur le cumul emploi - retraite</Paragraphe>
</Titre><Paragraphe>Si j’envisage de poursuivre une activité professionnelle, salariée ou non, je m’informe préalablement sur les <LienInterne LienPublication="F13243" type="Fiche d'information" audience="Particuliers">conditions de cumul</LienInterne>  de ma pension de retraite avec des revenus d’activités.</Paragraphe>

</Chapitre>
<Chapitre>
<Titre>
<Paragraphe>Je fais ma demande de départ à la retraite</Paragraphe>
</Titre><Paragraphe>4 mois avant ma date de départ souhaitée, je demande ma retraite de base en ligne, <LienInterne LienPublication="R10261" type="Téléservice" audience="Particuliers">par internet</LienInterne> ou au moyen du  <LienInterne LienPublication="R1388" type="Formulaire" audience="Particuliers">formulaire</LienInterne> à envoyer par courrier et ma <LienExterne URL="https://www.ircantec.retraites.fr/article/demande-de-retraite">retraite complémentaire Ircantec</LienExterne>

, par internet  ou par courrier.</Paragraphe>

</Chapitre>
</Texte>
</Situation>
</ListeSituations><ServiceEnLigne ID="R46083" URL="https://www.info-retraite.fr/portail-services/#/" type="Téléservice">
<Titre>Mon compte retraite</Titre>
<Source ID="R30827">Groupement d'intérêt public "Union retraite"</Source>
</ServiceEnLigne>
<ServiceEnLigne ID="R1388" URL="https://www.formulaires.service-public.fr/gf/cerfa_10916.do" format="application/pdf" poids="175.4 KB" numerocerfa="51672#05" autrenumero="S 5135i" type="Formulaire">
<Titre>Demande unique de retraite de base personnelle - Régimes général (salariés et travailleurs indépendants), agricole (MSA), des cultes (Cavimac)</Titre>
<Source ID="R30670">Caisse nationale d'assurance vieillesse (Cnav)</Source>
</ServiceEnLigne>
<ServiceEnLigne ID="R3038" URL="https://www.info-retraite.fr/portail-services/#/login#header" type="Téléservice">
<Titre>Estimation du montant de la pension de retraite (salarié, fonctionnaire, travailleur indépendant)</Titre>
<Source ID="R30827">Groupement d'intérêt public "Union retraite"</Source>
</ServiceEnLigne>
<ServiceEnLigne ID="R20786" URL="https://www.lassuranceretraite.fr/portail-services-ihm/index.html#/authentifier" type="Téléservice">
<Titre>Consultation du relevé de situation individuelle</Titre>
<Source ID="R30670">Caisse nationale d'assurance vieillesse (Cnav)</Source>
</ServiceEnLigne>
<ServiceEnLigne ID="R10261" URL="https://www.mademandederetraitenligne.fr/" type="Téléservice">
<Titre>Demander sa retraite à l'Assurance retraite de la Sécurité sociale</Titre>
<Source ID="R30670">Caisse nationale d'assurance vieillesse (Cnav)</Source>
</ServiceEnLigne>
<ServiceEnLigne ID="R1410" URL="https://www.formulaires.service-public.fr/gf/cerfa_12230.do" format="application/pdf" poids="911.6 KB" numerocerfa="12230*32" type="Formulaire">
<Titre>Demande de pension de retraite d'un fonctionnaire de l'État ou d'un militaire et demande de retraite additionnelle</Titre>
<Source ID="R30647">Service des retraites de l'État (SRE) - Ministère chargé des finances publiques</Source>
</ServiceEnLigne>
<ServiceEnLigne ID="R1349" URL="https://www.service-public.fr/simulateur/calcul/13581" numerocerfa="13581*02" type="Formulaire">
<Titre>Demande de majoration de pension pour enfant - Fonctionnaire d'État, magistrat ou militaire retraité</Titre>
<Source ID="R30612">Ministère chargé des finances</Source>
</ServiceEnLigne>
<ServiceEnLigne ID="R2306" URL="https://espace-personnel.agirc-arrco.fr/auth/login?service=https://espace-personnel.agirc-arrco.fr/shiro-cas" type="Téléservice">
<Titre>Demander sa retraite Agirc-Arrco en ligne</Titre>
<Source ID="R30725">Agirc-Arrco</Source>
</ServiceEnLigne>
<ServiceEnLigne ID="R24448" URL="https://www.lassuranceretraite.fr/portail-info/files/live/sites/pub/files/PDF/demande-retraite-penibilite.pdf" format="application/pdf" poids="438,79 Ko" numerocerfa="14819*01" autrenumero="S 5130" type="Formulaire">
<Titre>Demande de retraite pour pénibilité</Titre>
<Source ID="R30670">Caisse nationale d'assurance vieillesse (Cnav)</Source>
</ServiceEnLigne>
<ServiceEnLigne ID="R54933" URL="https://www.mesdroitssociaux.gouv.fr" type="Simulateur">
<Titre>Connaître les prestations sociales auxquelles vous pouvez avoir droit</Titre>
<Source ID="R30662">Ministère des solidarités et de la santé</Source>
</ServiceEnLigne>
<PourEnSavoirPlus type="Information pratique" ID="R41812" URL="http://www.info-retraite.fr" audience="Particuliers">
<Titre>Info retraite</Titre>
<Source ID="R30827">Groupement d'intérêt public "Union retraite"</Source>
</PourEnSavoirPlus>
<PourEnSavoirPlus type="Information pratique" ID="R41813" URL="https://www.lassuranceretraite.fr/portail-info/accueil" audience="Particuliers">
<Titre>Site de l'Assurance retraite de la Sécurité sociale</Titre>
<Source ID="R30670">Caisse nationale d'assurance vieillesse (Cnav)</Source>
</PourEnSavoirPlus>
<PourEnSavoirPlus type="Information pratique" ID="R41808" URL="http://www.agirc-arrco.fr/" audience="Particuliers">
<Titre>Site de l'Agirc-Arrco</Titre>
<Source ID="R30725">Agirc-Arrco</Source>
</PourEnSavoirPlus>
<PourEnSavoirPlus type="Information pratique" ID="R41800" URL="https://retraitesdeletat.gouv.fr/" audience="Particuliers">
<Titre>Site des retraites des fonctionnaires de l'État</Titre>
<Source ID="R30647">Service des retraites de l'État (SRE) - Ministère chargé des finances publiques</Source>
</PourEnSavoirPlus>
<PourEnSavoirPlus type="Information pratique" ID="R41797" URL="http://www.cnracl.fr" audience="Particuliers">
<Titre>Site de la CNRACL</Titre>
<Source ID="R30623">Caisse nationale de retraite des agents des collectivités locales (CNRACL)</Source>
</PourEnSavoirPlus>
<PourEnSavoirPlus type="Information pratique" ID="R41802" URL="http://www.rafp.fr" audience="Particuliers">
<Titre>Site du RAFP</Titre>
<Source ID="R30687">Établissement de retraite additionnelle de la fonction publique (ERAFP)</Source>
</PourEnSavoirPlus>
<PourEnSavoirPlus type="Information pratique" ID="R41799" URL="https://www.ircantec.retraites.fr/" audience="Particuliers">
<Titre>Site de l'Ircantec</Titre>
<Source ID="R30645">Institution de retraite complémentaire des agents non titulaires de l'État et des collectivités publiques (Ircantec)</Source>
</PourEnSavoirPlus>
<PourEnSavoirPlus type="Information pratique" ID="R46763" URL="http://www.pourbienvieillir.fr/ameliorer-son-bien-etre-en-suivant-un-atelier-de-prevention" audience="Particuliers">
<Titre>Pour bien vieillir</Titre>
<Source ID="R30644">Santé publique France</Source>
</PourEnSavoirPlus>
<PourEnSavoirPlus type="Information pratique" ID="R2172" URL="https://www.ircantec.retraites.fr/article/demande-de-retraite" audience="Particuliers">
<Titre>Retraite complémentaire publique - Ircantec : demande de retraite</Titre>
<Source ID="R30677">Caisse des dépôts et consignations (CDC)</Source>
</PourEnSavoirPlus>
<Abreviation ID="R45368" type="Sigle">
<Titre>Pacs</Titre>
<Texte>
<Paragraphe>Pacte civil de solidarité</Paragraphe>
</Texte>
</Abreviation>
<QuestionReponse ID="F2504" audience="Particuliers">Comment connaître ses caisses de retraite ?</QuestionReponse>
</Publication>
