<?xml version="1.0" encoding="UTF-8"?><Publication xmlns:dc="http://purl.org/dc/elements/1.1/" xmlns:xsi="http://www.w3.org/2001/XMLSchema-instance" ID="F18360" type="Fiche Question-réponse" xsi:noNamespaceSchemaLocation="../Schemas/3.0/Publication.xsd">
<dc:title>En quoi consiste la mesure judiciaire d'aide à la gestion du budget familial ?</dc:title>
<dc:creator>Direction de l'information légale et administrative</dc:creator>
<dc:subject>Famille</dc:subject>
<dc:description>La mesure judiciaire d'aide à la gestion du budget familial concerne les parents qui ont des problèmes financiers. Elle a pour but de les aider à gérer les prestations familiales reçues pour les enfants. Le juge des enfants ordonne cette mesure dans le cadre de la protection des enfants. La gestion des prestations familiales concernées est confiée à un tiers. La mesure est mise en place pour une durée de 2 ans maximum. Cependant, les parents peuvent contester la décision.</dc:description>
<dc:publisher>Direction de l'information légale et administrative</dc:publisher>
<dc:contributor>Direction de l'information légale et administrative (Premier ministre)</dc:contributor>
<dc:date>modified 2020-08-17</dc:date>
<dc:type>Question-réponse</dc:type>
<dc:format>text/xml</dc:format>
<dc:identifier>F18360</dc:identifier>
<dc:source>https://www.legifrance.gouv.fr/affichCode.do?idSectionTA=LEGISCTA000006150092&amp;cidTexte=LEGITEXT000006070721, https://www.legifrance.gouv.fr/affichCode.do?idArticle=LEGIARTI000020053240&amp;idSectionTA=LEGISCTA000020053244&amp;cidTexte=LEGITEXT000006070716</dc:source>
<dc:language>Fr</dc:language>
<dc:relation>isPartOf N156</dc:relation>
<dc:coverage>France entière</dc:coverage>
<dc:rights>https://www.service-public.fr/a-propos/mentions-legales</dc:rights>
<SurTitre>Question-réponse</SurTitre>
<Audience>Particuliers</Audience>
<Canal>www.service-public.fr</Canal>
<FilDAriane>
<Niveau ID="Particuliers">Accueil particuliers</Niveau>
<Niveau ID="N19805">Famille</Niveau>
<Niveau ID="N156">Allocations destinées aux familles</Niveau>
<Niveau ID="F18360" type="Fiche Question-réponse">En quoi consiste la mesure judiciaire d'aide à la gestion du budget familial ?</Niveau>
</FilDAriane>
<Theme ID="N19805">
<Titre>Famille</Titre>
</Theme>
<SousThemePere ID="N127">Enfant</SousThemePere><DossierPere ID="N156">
<Titre>Allocations destinées aux familles</Titre><SousDossier ID="N156-1">
<Titre>Allocations versées à partir du 1er enfant</Titre>
<Fiche ID="F2550">Prime à la naissance</Fiche>
<Fiche ID="F2552">Allocation de base (après la naissance)</Fiche>
<Fiche ID="F13220">Prime à l'adoption</Fiche>
<Fiche ID="F31430">Allocation de base (enfant adopté)</Fiche>
</SousDossier>
<SousDossier ID="N156-2">
<Titre>Allocations versées à partir du 2e enfant</Titre>
<Fiche ID="F13213">À partir de 2 enfants : allocations familiales</Fiche>
<Fiche ID="F13214">À partir de 3 enfants : complément familial</Fiche>
<Fiche ID="F2008">À partir de 3 enfants : prime de déménagement</Fiche>
</SousDossier>
<SousDossier ID="N156-3">
<Titre>Enfant gardé par un tiers</Titre>
<Fiche ID="F345">Complément de libre choix du mode de garde (CMG) - Assistante maternelle</Fiche>
<Fiche ID="F31101">Complément de libre choix du mode de garde (CMG) - Garde à domicile</Fiche>
<Fiche ID="F33648">Complément de libre choix du mode de garde (CMG) - Micro-crèche</Fiche>
</SousDossier>
<SousDossier ID="N156-4">
<Titre>Enfant gardé par un parent</Titre>
<Fiche ID="F32485">Prestation partagée d'éducation de l'enfant (PreParE)</Fiche>
<Fiche ID="F15132">Allocation journalière de présence parentale (AJPP)</Fiche>
</SousDossier>
<SousDossier ID="N156-5">
<Titre>Allocation de soutien familial (ASF)</Titre>
<Fiche ID="F815">Parents séparés</Fiche>
<Fiche ID="F33645">Enfant non reconnu</Fiche>
<Fiche ID="F33646">Enfant orphelin</Fiche>
<Fiche ID="F33647">Enfant recueilli</Fiche>
</SousDossier>
</DossierPere>

<Introduction>
<Texte><Paragraphe>La mesure judiciaire d'aide à la gestion du budget familial concerne les parents qui ont des problèmes financiers. Elle a pour but de les aider à gérer les prestations familiales reçues pour les enfants. Le juge des enfants ordonne cette mesure dans le cadre de la protection des enfants. La gestion des prestations familiales concernées est confiée à un tiers. La mesure est mise en place pour une durée de 2 ans maximum. Cependant, les parents peuvent contester la décision.</Paragraphe>
</Texte>
</Introduction>
<Texte><Chapitre>
<Titre>
<Paragraphe>De quoi s'agit-il ?</Paragraphe>
</Titre><Paragraphe>Lorsque des prestations familiales ne sont pas employées pour couvrir les besoins des enfants, une décision judiciaire peut intervenir.</Paragraphe>
<Paragraphe>La mesure judiciaire d'aide à la gestion du budget familial permet de rétablir une bonne gestion des prestations familiales dans l'intérêt et pour les besoins de l'enfant.</Paragraphe>
<Paragraphe>Il s'agit d'accompagner les parents dans la protection des besoins leurs enfants (logement, santé, éducation et entretien).</Paragraphe>
<Paragraphe>L'objectif de la mesure est d'intervenir au plus vite pour apprendre à la famille un savoir-faire. Mais aussi pour éviter que leur situation financière et morale s'aggrave.</Paragraphe>
<Paragraphe>Cette mesure ne remet pas en question l'autorité des parents sur les enfants. Elle  n'est pas destinée à retirer la garde des enfants. Et elle n'a pas de conséquence sur la capacité que les parents ont pour prendre des décisions pour vos enfants.</Paragraphe>

</Chapitre>
<Chapitre>
<Titre>
<Paragraphe>Parents concernés</Paragraphe>
</Titre><Paragraphe>Il n'y a pas de critères socioprofessionnels, ni de condition d'âge. Il faut simplement que les conditions soient remplies.</Paragraphe>
<Paragraphe>La mesure judiciaire d'aide concerne les familles qui répondent aux 5 conditions suivantes :</Paragraphe>
<Liste type="puce">
<Item>
<Paragraphe>Elles bénéficient de prestations familiales</Paragraphe>
</Item>
<Item>
<Paragraphe>Elles rencontrent constamment des difficultés dans la gestion de leur budget</Paragraphe>
</Item>
<Item>
<Paragraphe>Leurs difficultés financières ont des conséquences sur les conditions de vie et des besoins des enfants</Paragraphe>
</Item>
<Item>
<Paragraphe>L'accompagnement en économie social (AESF) était insuffisant ou n'a pas été mis en place</Paragraphe>
</Item>
<Item>
<Paragraphe>Les parents ont bénéficié de différentes aides financières et/ou d'un suivi des services sociaux</Paragraphe>
</Item>
</Liste>

</Chapitre>
<Chapitre>
<Titre>
<Paragraphe>Prestations concernées</Paragraphe>
</Titre><Liste type="puce">
<Item>
<Paragraphe>
<LienInterne LienPublication="F13218" type="Fiche Question-réponse" audience="Particuliers">Prestation d'accueil du jeune enfant (Paje)</LienInterne>
</Paragraphe>
</Item>
<Item>
<Paragraphe>
<LienInterne LienPublication="F13213" type="Fiche d'information" audience="Particuliers">Allocations familiales</LienInterne>
</Paragraphe>
</Item>
<Item>
<Paragraphe>
<LienInterne LienPublication="F13214" type="Fiche d'information" audience="Particuliers">Complément familial</LienInterne>
</Paragraphe>
</Item>
<Item>
<Paragraphe>
<LienInterne LienPublication="F14809" type="Fiche d'information" audience="Particuliers">Allocation d'éducation de l'enfant handicapé (AEEH)</LienInterne>
</Paragraphe>
</Item>
<Item>
<Paragraphe>
<LienInterne LienPublication="F815" type="Fiche d'information" audience="Particuliers">Allocation de soutien familial (ASF)</LienInterne>
</Paragraphe>
</Item>
<Item>
<Paragraphe>
<LienInterne LienPublication="F15132" type="Fiche d'information" audience="Particuliers">Allocation journalière de présence parentale (AJPP)</LienInterne>
</Paragraphe>
</Item>
<Item>
<Paragraphe>
<LienInterne LienPublication="F1878" type="Fiche d'information" audience="Particuliers">Allocation de rentrée scolaire (ARS)</LienInterne>
</Paragraphe>
</Item>
<Item>
<Paragraphe>
<LienInterne LienPublication="F31864" type="Fiche Question-réponse" audience="Particuliers">Allocations logement</LienInterne>
</Paragraphe>
</Item>
<Item>
<Paragraphe>
<LienInterne LienPublication="F15553" type="Fiche d'information" audience="Particuliers">Revenu de solidarité active (RSA)</LienInterne> versé au parent isolé assumant la charge d'enfant</Paragraphe>
</Item>
</Liste>
<ANoter>
<Titre>À noter</Titre><Paragraphe>sur décision du juge des enfants, le délégué aux prestations familiales peut également percevoir la rente accident de travail lorsqu'elle est versée aux enfants en cas de décès du parent.</Paragraphe>
</ANoter>
</Chapitre>
<Chapitre>
<Titre>
<Paragraphe>Procédure pour la mise en place de la mesure</Paragraphe>
</Titre><SousChapitre>
<Titre>
<Paragraphe>Personnes pouvant demander la mesure</Paragraphe>
</Titre><Paragraphe>Le juge des enfants peut être saisi par l'une des personnes suivantes :</Paragraphe>
<Liste type="puce">
<Item>
<Paragraphe>Un des parents (ou représentant légal) de l'enfant</Paragraphe>
</Item>
<Item>
<Paragraphe>L'allocataire ou l'attributaire des prestations familiales auxquelles ouvre droit le mineur</Paragraphe>
</Item>
<Item>
<Paragraphe>Le <LienIntra LienID="R1123" type="Définition de glossaire">procureur de la République</LienIntra> (saisi par les services du département qui lui signalent toute situation pour laquelle l'accompagnement en économie sociale et familiale est insuffisant)</Paragraphe>
</Item>
<Item>
<Paragraphe>Maire de la commune de résidence des parents.</Paragraphe>
</Item>
</Liste>
<Paragraphe>Si le juge intervient déjà dans la famille, il peut également se saisir lui-même.</Paragraphe>

</SousChapitre>
<SousChapitre>
<Titre>
<Paragraphe>Information des parents</Paragraphe>
</Titre><Paragraphe>Le juge avise de l'ouverture de la procédure, s'ils ne sont pas auteurs de la demande, les personnes suivantes :</Paragraphe>
<Liste type="puce">
<Item>
<Paragraphe>Le ou les parents</Paragraphe>
</Item>
<Item>
<Paragraphe>Le procureur de la République</Paragraphe>
</Item>
<Item>
<Paragraphe>L'organisme débiteur des prestations familiales (<LienInterne LienPublication="R24582" type="Acronyme">Caf</LienInterne>, <LienInterne LienPublication="R24583" type="Sigle">MSA</LienInterne>)</Paragraphe>
</Item>
<Item>
<Paragraphe>Les services du département du domicile du ou des parents</Paragraphe>
</Item>
</Liste>
<Paragraphe>En outre, le ou les parents sont informés par le juge</Paragraphe>
<Liste type="puce">
<Item>
<Paragraphe>de leur droit de choisir un avocat (ou de demander qu'il leur en soit désigné un d'office),</Paragraphe>
</Item>
<Item>
<Paragraphe>et de la possibilité de consulter leur dossier au greffe du tribunal.</Paragraphe>
</Item>
</Liste>
<Paragraphe>L'avocat peut se faire délivrer tout ou partie des pièces du dossier, mais il ne peut pas transmettre les copies des pièces à son client.</Paragraphe>
<Paragraphe>La consultation des pièces du dossier est réalisée aux jours et heures fixées par le juge.</Paragraphe>
<OuSAdresser ID="R30" type="Local">
<Titre>Tribunal judiciaire ou de proximité</Titre>
<RessourceWeb URL="https://www.justice.fr/recherche/annuaires"/>
<Source ID="R30663">Ministère chargé de la justice</Source>
</OuSAdresser>

</SousChapitre>
<SousChapitre>
<Titre>
<Paragraphe>Décision du juge</Paragraphe>
</Titre><Paragraphe>Le juge des enfants convoque 8 jours avant la date de l'audience l'allocataire ou l'attributaire des prestations. Il avise également l'avocat.</Paragraphe>
<Paragraphe>Pendant l'audience, le juge entend les parents et porte à leur connaissance les motifs qui ont fait qu'il a été saisi.</Paragraphe>
<Paragraphe>Le juge peut entendre toute autre personne dont l'audition lui paraît utile.</Paragraphe>
<Paragraphe>Il se prononce sur la mesure judiciaire d'aide à la gestion du budget familial.</Paragraphe>
<Paragraphe>Il peut ordonner que les prestations soient, en tout ou partie, versées à un délégué aux prestations familiales (qui est désigné par le juge).</Paragraphe>

</SousChapitre>
<SousChapitre>
<Titre>
<Paragraphe>Recours</Paragraphe>
</Titre>
</SousChapitre>
</Chapitre>
<Chapitre>
<Titre>
<Paragraphe>Intervention du délégué auprès de la famille</Paragraphe>
</Titre><Paragraphe>La gestion des  prestations familiales peut être confiée  à un délégué aux prestations familiales si les 2 conditions suivantes sont réunies :</Paragraphe>
<Liste type="puce">
<Item>
<Paragraphe>Les prestations ne sont pas employées pour les besoins liés au logement, à l'entretien, à la santé et à l'éducation des enfants</Paragraphe>
</Item>
<Item>
<Paragraphe>
<LienInterne LienPublication="F970" type="Fiche Question-réponse" audience="Particuliers">L'accompagnement en économie sociale et familiale</LienInterne> n’apparaît pas suffisant pour rétablir une gestion autonome des prestations</Paragraphe>
</Item>
</Liste>
<Paragraphe>Si la mesure  est prononcée, les prestations familiales sont versées (en tout ou partie) au délégué.</Paragraphe>
<Paragraphe>Le délégué met en place avec la famille une cogestion. Il est la garant du bon usage des prestations familiales.</Paragraphe>
<Paragraphe>Avec la famille, il cherche à comprendre l'origine des difficultés et trouver des solutions.</Paragraphe>
<Paragraphe>Il conseille les parents pour surmonter leurs difficultés budgétaires et financières.</Paragraphe>
<Paragraphe>Il définit les priorités dans les paiements. Mais il agit en priorité sur les prestations familiales destinées aux besoins et aux dépenses des enfants.</Paragraphe>
<Paragraphe>Il prend toutes les décisions, en concertation avec les parents, pour répondre aux besoins liés à l'entretien, à la santé et à l'éducation des enfants.</Paragraphe>
<Paragraphe>Il vient en soutien dans le rôle des parents pour les aider à se projeter dans l'avenir.</Paragraphe>
<Paragraphe>Le délégué doit rendre des comptes au juge des enfants de l’évolution de la situation financière.</Paragraphe>
<Paragraphe>En cas de désaccord important, le <LienInterne LienPublication="F1840" type="Fiche d'information" audience="Particuliers">juge des enfants</LienInterne> peut être saisi par les parents ou le délégué.</Paragraphe>

</Chapitre>
<Chapitre>
<Titre>
<Paragraphe>Durée de la mesure</Paragraphe>
</Titre><SousChapitre>
<Titre>
<Paragraphe>Modification de la mesure</Paragraphe>
</Titre><Paragraphe>La mesure judiciaire d'aide à la gestion du budget familial peut à tout moment être modifiée dans 3 cas :</Paragraphe>
<Liste type="puce">
<Item>
<Paragraphe>D'office par le juge ou à la demande du procureur de la République</Paragraphe>
</Item>
<Item>
<Paragraphe>À la demande des personnes ayant saisi le juge</Paragraphe>
</Item>
<Item>
<Paragraphe>À la demande du délégué aux prestations familiales</Paragraphe>
</Item>
</Liste>

</SousChapitre>
<SousChapitre>
<Titre>
<Paragraphe>Fin de la mesure</Paragraphe>
</Titre><Paragraphe>La mesure ne peut pas excéder une durée de 2 ans.</Paragraphe>
<Paragraphe>Elle peut être renouvelée par décision motivée du juge des enfants.</Paragraphe>
<Paragraphe>En fonction de la situation financière et de l'équilibre de gestion retrouvé, le juge peut interrompre la mesure d'aide.</Paragraphe>

</SousChapitre>
</Chapitre>
<Chapitre>
<Titre>
<Paragraphe>Recours contre la décision</Paragraphe>
</Titre><Paragraphe>La décision peut être <LienInterne LienPublication="F1384" type="Fiche d'information" audience="Particuliers">contestée devant la Cour d'appel</LienInterne> par les parties et par le délégué aux prestations familiales dans un délai de 15 jours suivant sa <LienIntra LienID="R14732" type="Définition de glossaire">notification</LienIntra>.</Paragraphe>
<Paragraphe>La mesure continue de s'appliquer jusqu'à la décision de la cour d'appel.</Paragraphe>

</Chapitre>
</Texte><OuSAdresser ID="R38" type="Local personnalisé sur SP">
<Titre>Caisse d'allocations familiales (Caf)</Titre>
<Complement>Si vous relevez du régime général</Complement>
<PivotLocal>caf</PivotLocal>
<RessourceWeb URL="http://www.caf.fr/allocataires/ma-caf-recherche/"/>
<Source ID="R30610">Caisse nationale des allocations familiales (Cnaf)</Source>
</OuSAdresser>
<OuSAdresser ID="R39" type="Local personnalisé sur SP">
<Titre>Mutualité sociale agricole (MSA)</Titre>
<Complement>Si vous relevez du régime agricole</Complement>
<PivotLocal>msa</PivotLocal>
<RessourceWeb URL="http://www.msa.fr/lfr/contacter-une-msa"/>
<Source ID="R30660">Caisse centrale de la mutualité sociale agricole (MSA)</Source>
</OuSAdresser>
<Reference type="Texte de référence" URL="https://www.legifrance.gouv.fr/affichCode.do?idSectionTA=LEGISCTA000006150092&amp;cidTexte=LEGITEXT000006070721" ID="R18372">
<Titre>Code civil : articles 375-9-1 et 375-9-2</Titre>
<Complement>Conditions</Complement>
</Reference>
<Reference type="Texte de référence" URL="https://www.legifrance.gouv.fr/affichCode.do?idArticle=LEGIARTI000020053240&amp;idSectionTA=LEGISCTA000020053244&amp;cidTexte=LEGITEXT000006070716" ID="R2418">
<Titre>Code de procédure civile : articles 1200-2 à 1200-13</Titre>
<Complement>Procédure</Complement>
</Reference>
<Definition ID="R1123">
<Titre>Procureur de la République</Titre>
<Texte>
				<Paragraphe>Magistrat à la tête du parquet (ou ministère public). Il est destinataire des plaintes et signalements. Il dirige les enquêtes, décide des poursuites et veille à l'application de la loi.</Paragraphe>
			</Texte>
</Definition>
<Definition ID="R14732">
<Titre>Notification</Titre>
<Texte>
				<Paragraphe>Formalité par laquelle un acte de procédure ou une décision est porté à la connaissance d’une personne</Paragraphe>
			</Texte>
</Definition>
<Abreviation ID="R24582" type="Acronyme">
<Titre>Caf</Titre>
<Texte>
<Paragraphe>Caisse d'allocations familiales</Paragraphe>
</Texte>
</Abreviation>
<Abreviation ID="R24583" type="Sigle">
<Titre>MSA</Titre>
<Texte>
<Paragraphe>Mutualité sociale agricole</Paragraphe>
</Texte>
</Abreviation>
<QuestionReponse ID="F970" audience="Particuliers">Qu'est-ce que l'aide à domicile pour les familles en difficulté ?</QuestionReponse>
</Publication>
