<?xml version="1.0" encoding="UTF-8"?><Publication xmlns:dc="http://purl.org/dc/elements/1.1/" xmlns:xsi="http://www.w3.org/2001/XMLSchema-instance" ID="F188" type="Fiche Question-réponse" xsi:noNamespaceSchemaLocation="../Schemas/3.0/Publication.xsd">
<dc:title>Promesse de vente et condition suspensive d'obtention du prêt : de quoi s'agit-il ?</dc:title>
<dc:creator>Direction de l'information légale et administrative</dc:creator>
<dc:subject>Logement</dc:subject>
<dc:description>La condition suspensive permet au futur acquéreur d'un bien immobilier de renoncer à la promesse de vente s'il n'obtient pas le prêt immobilier.</dc:description>
<dc:publisher>Direction de l'information légale et administrative</dc:publisher>
<dc:contributor>Direction de l'information légale et administrative (Premier ministre)</dc:contributor>
<dc:date>modified 2020-08-07</dc:date>
<dc:type>Question-réponse</dc:type>
<dc:format>text/xml</dc:format>
<dc:identifier>F188</dc:identifier>
<dc:source>https://www.legifrance.gouv.fr/affichCode.do?idSectionTA=LEGISCTA000032028608&amp;cidTexte=LEGITEXT000006070721, https://www.legifrance.gouv.fr/affichCodeArticle.do?idArticle=LEGIARTI000032433223&amp;cidTexte=LEGITEXT000006069565</dc:source>
<dc:language>Fr</dc:language>
<dc:relation>isPartOf N23245</dc:relation>
<dc:coverage>France entière</dc:coverage>
<dc:rights>https://www.service-public.fr/a-propos/mentions-legales</dc:rights>
<SurTitre>Question-réponse</SurTitre>
<Audience>Particuliers</Audience>
<Canal>www.service-public.fr</Canal>
<FilDAriane>
<Niveau ID="Particuliers">Accueil particuliers</Niveau>
<Niveau ID="N19808">Logement</Niveau>
<Niveau ID="N23245">Achat ou vente d'un logement</Niveau>
<Niveau ID="F188" type="Fiche Question-réponse">Promesse de vente et condition suspensive d'obtention du prêt : de quoi s'agit-il ?</Niveau>
</FilDAriane>
<Theme ID="N19808">
<Titre>Logement</Titre>
</Theme>
<SousThemePere ID="N20355">Achat immobilier</SousThemePere><DossierPere ID="N23245">
<Titre>Achat ou vente d'un logement</Titre><SousDossier ID="N23245-1">
<Titre>Logement existant</Titre>
<Fiche ID="F2965">Promesse de vente</Fiche>
<Fiche ID="F2962">Acte de vente</Fiche>
<Fiche ID="F2604">Vente d'un logement en copropriété</Fiche>
</SousDossier>
<SousDossier ID="N23245-2">
<Titre>Logement en l'état futur d'achèvement (Véfa)</Titre>
<Fiche ID="F2963">Contrat de réservation</Fiche>
<Fiche ID="F2961">Acte de vente</Fiche>
<Fiche ID="F2956">Livraison</Fiche>
</SousDossier>
</DossierPere>

<Texte><Paragraphe>La condition suspensive permet au futur acquéreur d'un bien immobilier de renoncer à la <LienInterne LienPublication="F2965" type="Fiche d'information" audience="Particuliers">promesse de vente</LienInterne>  s'il n'obtient pas le prêt immobilier demandé.</Paragraphe>
<Paragraphe>Lorsque la vente est financée en tout ou partie par un prêt immobilier, la <LienInterne LienPublication="F2965" type="Fiche d'information" audience="Particuliers">promesse de vente</LienInterne> doit le mentionner et comporter une condition suspensive d'obtention du prêt.</Paragraphe>
<Paragraphe>Si le prêt immobilier est refusé, le futur acquéreur peut renoncer à la promesse de vente sans aucun frais. Il doit alors être intégralement remboursé des sommes versées au vendeur ou au professionnel de l'immobilier.</Paragraphe>
<Paragraphe>En revanche, si le prêt est accordé, la vente devient définitive.</Paragraphe>
<Attention>
<Titre>Attention</Titre><Paragraphe>lorsque la <LienInterne LienPublication="F2965" type="Fiche d'information" audience="Particuliers">promesse de vente</LienInterne> prévoit un financement à l'aide d'un prêt immobilier, l'acquéreur est dans l'obligation de demander ce prêt. Sinon, il devra payer le prix convenu de la vente.</Paragraphe>
</Attention>
</Texte><VoirAussi important="non">
<Dossier ID="N23245" audience="Particuliers">
<Titre>Achat ou vente d'un logement</Titre>
<Theme ID="N19808">
<Titre>Logement</Titre>
</Theme>
</Dossier>
</VoirAussi>

<Reference type="Texte de référence" URL="https://www.legifrance.gouv.fr/affichCode.do?idSectionTA=LEGISCTA000032028608&amp;cidTexte=LEGITEXT000006070721" ID="R40990">
<Titre>Code civil : articles 1304 à 1304-7</Titre>
<Complement>Définition de la condition suspensive</Complement>
</Reference>
<Reference type="Texte de référence" URL="https://www.legifrance.gouv.fr/affichCodeArticle.do?idArticle=LEGIARTI000032433223&amp;cidTexte=LEGITEXT000006069565" ID="R40991">
<Titre>Code de la consommation : article L313-40</Titre>
<Complement>Obligation de mentionner l'existence d'une condition suspensive dans la promesse de vente</Complement>
</Reference>
<PourEnSavoirPlus type="Information pratique" ID="R47295" URL="https://notaviz.notaires.fr/" audience="Particuliers">
<Titre>Portail des services en ligne des notaires de France</Titre>
<Source ID="R30632">Notaires de France</Source>
</PourEnSavoirPlus>
<QuestionReponse ID="F19069" audience="Particuliers">Peut-on revendre son logement avant d'avoir remboursé le prêt immobilier ?</QuestionReponse>
<QuestionReponse ID="F2753" audience="Particuliers">Qu'est-ce qu'une offre d'achat d'un bien immobilier ?</QuestionReponse>
<CommentFaireSi ID="F15913">J'achète un logement</CommentFaireSi>
</Publication>
