<?xml version="1.0" encoding="UTF-8"?><Publication xmlns:dc="http://purl.org/dc/elements/1.1/" xmlns:xsi="http://www.w3.org/2001/XMLSchema-instance" ID="F19083" type="Fiche d'information" xsi:noNamespaceSchemaLocation="../Schemas/3.0/Publication.xsd">
<dc:title>Assurance habitation : résiliation du contrat</dc:title>
<dc:creator>Direction de l'information légale et administrative</dc:creator>
<dc:subject>Argent</dc:subject>
<dc:description>Le contrat d'assurance habitation peut être résilié par l'assureur ou par l'assuré.</dc:description>
<dc:publisher>Direction de l'information légale et administrative</dc:publisher>
<dc:contributor>Direction de l'information légale et administrative (Premier ministre)</dc:contributor>
<dc:date>modified 2020-09-09</dc:date>
<dc:type>Fiche pratique</dc:type>
<dc:format>text/xml</dc:format>
<dc:identifier>F19083</dc:identifier>
<dc:source>https://www.legifrance.gouv.fr/affichCode.do?idSectionTA=LEGISCTA000006157200&amp;cidTexte=LEGITEXT000006073984, https://www.legifrance.gouv.fr/codes/id/LEGISCTA000006158221, https://www.legifrance.gouv.fr/codes/id/LEGIARTI000034072591</dc:source>
<dc:language>Fr</dc:language>
<dc:relation>isPartOf N44</dc:relation>
<dc:coverage>France entière</dc:coverage>
<dc:rights>https://www.service-public.fr/a-propos/mentions-legales</dc:rights>
<SurTitre>Fiche pratique</SurTitre>
<Audience>Particuliers</Audience>
<Canal>www.service-public.fr</Canal>
<FilDAriane>
<Niveau ID="Particuliers">Accueil particuliers</Niveau>
<Niveau ID="N19803">Argent</Niveau>
<Niveau ID="N44">Assurance habitation</Niveau>
<Niveau ID="F19083" type="Fiche d'information">Assurance habitation : résiliation du contrat</Niveau>
</FilDAriane>
<Theme ID="N19803">
<Titre>Argent</Titre>
</Theme>
<SousThemePere ID="N20263">Assurance</SousThemePere><DossierPere ID="N44">
<Titre>Assurance habitation</Titre><SousDossier ID="N44-1">
<Titre>Vie du contrat</Titre>
<Fiche ID="F2591">Souscription</Fiche>
<Fiche ID="F2594">Modification</Fiche>
<Fiche ID="F19083">Résiliation</Fiche>
<Fiche ID="F3050">Recours et litiges</Fiche>
</SousDossier>
<SousDossier ID="N44-2">
<Titre>Assurance du locataire</Titre>
<Fiche ID="F1349">Assurance de base</Fiche>
<Fiche ID="F1350">Assurances complémentaires</Fiche>
<Fiche ID="F21478">Colocation</Fiche>
<Fiche ID="F10827">Déménagement</Fiche>
</SousDossier>
<SousDossier ID="N44-3">
<Titre>Assurance du propriétaire</Titre>
<Fiche ID="F2023">Obligations du propriétaire</Fiche>
<Fiche ID="F10830">Vente ou achat</Fiche>
</SousDossier>
<SousDossier ID="N44-4">
<Titre>Sinistre</Titre>
<Fiche ID="F3077">Sinistre courant</Fiche>
<Fiche ID="F2028">Cambriolage</Fiche>
<Fiche ID="F1352">Dégât des eaux</Fiche>
<Fiche ID="F21532">Incendie ou explosion</Fiche>
<Fiche ID="F3076">Catastrophes naturelles</Fiche>
</SousDossier>
</DossierPere>

<SousDossierPere>Vie du contrat</SousDossierPere>
<ListeSituations affichage="onglet"><Situation>
<Titre>Résiliation par l'assuré</Titre>
<Texte>
<Chapitre><Paragraphe>L'assuré dispose de plusieurs  possibilités de résiliation du contrat d'assurance habitation.</Paragraphe>

</Chapitre><Chapitre>
<Titre>
<Paragraphe>À la 1ère échéance de votre contrat</Paragraphe>
</Titre><Paragraphe>Le contrat d'assurance est prévu pour être automatiquement reconduit à chaque échéance.</Paragraphe>
<Paragraphe>Souvent, l'échéance des contrats est annuelle, mais il arrive aussi que la 1<Exposant>ère</Exposant> échéance du contrat intervienne avant un an, dans le cas où le contrat a fixé une période plus courte. C'est parfois le cas pour certains contrats signés en cours d'année et dont l'échéance est fixée au 31 décembre.</Paragraphe>
<Paragraphe>Si vous souhaitez résilier le contrat à la première échéance, vous devez envoyer à votre assureur une lettre de résiliation par  recommandé, 2 mois avant la date d'échéance.</Paragraphe><ServiceEnLigne ID="R33643" URL="https://www.inc-conso.fr/content/vous-resiliez-votre-contrat-son-echeance-apres-avoir-ete-informee-dans-les-delais-de-votre" type="Modèle de document">
<Titre>Résilier son contrat d'assurance à son échéance</Titre>
<Source ID="R30643">Institut national de la consommation (INC)</Source>
<Introduction>
<Texte><Paragraphe>Permet de mettre fin à son contrat d'assurance à sa date d’échéance, après avoir été informé dans les délais par son assureur  de la faculté de résilier.</Paragraphe>
</Texte>
</Introduction>
</ServiceEnLigne>

<Paragraphe>Pour vous aider à ne pas rater ce délai, la  loi oblige l'assureur à vous rappeler que vous pouvez résilier le contrat avant l'échéance. Ainsi, l'assureur doit  vous prévenir  au moins 15 <LienIntra LienID="R1092" type="Définition de glossaire">jours calendaires</LienIntra> avant  la date limite à laquelle vous pouvez demander la résiliation.</Paragraphe>
<Paragraphe>Si aucun rappel ne vous a été adressé, vous pouvez résilier votre contrat à tout moment, une fois passée la date de l'échéance, et sans pénalités. Vous devez envoyer à votre assureur une lettre de résiliation par  recommandé.</Paragraphe><ServiceEnLigne ID="R21219" URL="http://www.conso.net/content/vous-souhaitez-resilier-en-cours-de-contrat-resiliation-infra-annuelle" type="Modèle de document">
<Titre>Résilier son contrat d'assurance en cours</Titre>
<Source ID="R30643">Institut national de la consommation (INC)</Source>
<Introduction>
<Texte><Paragraphe>Pour résilier un contrat d'assurance, habitation ou auto, souscrit depuis plus d'une année.</Paragraphe>
</Texte>
</Introduction>
</ServiceEnLigne>

<Paragraphe>La résiliation prend alors effet le lendemain de la date figurant sur le cachet de la Poste.</Paragraphe>

</Chapitre>
<Chapitre>
<Titre>
<Paragraphe>Après la première année de contrat</Paragraphe>
</Titre><Paragraphe>Vous pouvez résilier votre contrat à tout moment, après la 1<Exposant>ère</Exposant> année de contrat, sans avoir à vous justifier, et sans tenir compte de  l'échéance annuelle. Vous devez envoyer votre lettre de résiliation  par courrier recommandé.</Paragraphe>
<Paragraphe>La résiliation du contrat prendra effet 1 mois après la réception de votre demande par l'assureur. Vous serez remboursé de la partie de la prime correspondant à la  période du contrat restant à courir.</Paragraphe>
<Paragraphe>Si vous êtes locataire de votre logement, vous êtes  <LienInterne LienPublication="F1349" type="Fiche d'information" audience="Particuliers">obligé  d'avoir une  assurance</LienInterne> et vous ne pouvez donc pas résilier votre contrat sans avoir  une nouvelle assurance.  Il faudra  donc contacter un autre assureur pour souscrire un nouveau contrat, qui prendra immédiatement le relais du contrat résilié. En général le  assureur se charge d'effectuer pour vous les formalités de résiliation auprès de l'ancien assureur.  Vous devez lui indiquer, par courrier ou par mail, votre volonté de souscrire un contrat d'assurance en remplacement de celui que vous aviez avec l'ancien assureur. Indiquez-lui également les éléments de votre ancien contrat (notamment numéro de contrat, d'assuré, vos coordonnées et celles de l'assureur).</Paragraphe><ServiceEnLigne ID="R21219" URL="http://www.conso.net/content/vous-souhaitez-resilier-en-cours-de-contrat-resiliation-infra-annuelle" type="Modèle de document">
<Titre>Résilier son contrat d'assurance en cours</Titre>
<Source ID="R30643">Institut national de la consommation (INC)</Source>
<Introduction>
<Texte><Paragraphe>Pour résilier un contrat d'assurance, habitation ou auto, souscrit depuis plus d'une année.</Paragraphe>
</Texte>
</Introduction>
</ServiceEnLigne>


</Chapitre>
<Chapitre>
<Titre>
<Paragraphe>Lors d'un changement de votre situation</Paragraphe>
</Titre><Paragraphe>Dans certaines circonstances, vous pouvez résilier votre contrat sans tenir compte de la date d'échéance ou de l'écoulement de la première année.</Paragraphe>

<SousChapitre>
<Titre>
<Paragraphe>Déménagement</Paragraphe>
</Titre><Paragraphe>Si vous quittez votre logement, vous pouvez résilier votre contrat.</Paragraphe>
<Paragraphe>Vous devez envoyer votre demande résiliation à l'assureur par lettre recommandée avec <LienInterne LienPublication="R39324" type="Sigle">AR</LienInterne>.</Paragraphe><ServiceEnLigne ID="R46652" URL="https://www.inc-conso.fr/content/assurance/vous-resiliez-votre-contrat-multirisque-habitation-avant-son-echeance-pour-cause-de" type="Modèle de document">
<Titre>Résilier un contrat d'assurance habitation si vous déménagez</Titre>
<Source ID="R30643">Institut national de la consommation (INC)</Source>
<Introduction>
<Texte><Paragraphe>Vous pouvez résilier votre contrat d'assurance habitation avant son échéance si vous déménagez.</Paragraphe>
</Texte>
</Introduction>
</ServiceEnLigne>

<Paragraphe>La résiliation prend effet 1 mois après la date de notification de l'<LienInterne LienPublication="R39324" type="Sigle">AR</LienInterne>.</Paragraphe>

</SousChapitre>
<SousChapitre>
<Titre>
<Paragraphe>Aggravation du risque</Paragraphe>
</Titre><Paragraphe>Si un  <LienInterne LienPublication="F2594" type="Fiche d'information" audience="Particuliers">changement de situation</LienInterne> intervient dans votre vie et  que cela constitue une aggravation du risque couvert par l'assurance,  vous devez le signaler à votre assureur. Vous devez faire ce signalement dans les 15 <LienIntra LienID="R1092" type="Définition de glossaire">jours calendaires</LienIntra>,  par lettre recommandée avec <LienInterne LienPublication="R39324" type="Sigle">AR</LienInterne>.</Paragraphe>
<ANoter>
<Titre>Exemple</Titre><Paragraphe>Augmentation du nombre de personnes du foyer, exercice d'une activité professionnelle dans le logement.</Paragraphe>
</ANoter><Paragraphe>L'assureur peut accepter de continuer à vous assurer sans modifier le contrat.</Paragraphe>
<Paragraphe>Mais il peut aussi décider de modifier les conditions  auxquelles il va vous assurer. Dans ce cas, il doit vous faire une proposition de modification. Si  vous ne l'acceptez pas, cela entraîne la  résiliation du contrat.</Paragraphe>

</SousChapitre>
<SousChapitre>
<Titre>
<Paragraphe>Modification des clauses du contrat</Paragraphe>
</Titre><Paragraphe>L'assureur peut décider  de modifier les conditions du contrat, en dehors de tout changement de situation. C'est souvent le cas lors de l'échéance annuelle.</Paragraphe>
<ANoter>
<Titre>Exemple</Titre><Paragraphe>Augmentation du tarif, instauration de nouvelles franchises ou augmentation des montants,  exclusion de garanties.</Paragraphe>
</ANoter><Paragraphe>L'assureur  doit vous informer de sa décision de modifier les conditions d'assurance. Si vous n'acceptez pas les modifications,  cela entraîne la résiliation du contrat, sauf si le contrat prévoyait dès le départ la possibilité pour l'assureur de modifier les conditions.</Paragraphe>

</SousChapitre>
</Chapitre>
<Chapitre>
<Titre>
<Paragraphe>Suite au décès de l'assuré</Paragraphe>
</Titre><Paragraphe>En cas de décès d'un assuré, l'assurance habitation continue automatiquement.</Paragraphe>
<Paragraphe>Mais les héritiers ont le choix entre la continuité du contrat ou sa résiliation.</Paragraphe>
<Paragraphe>Si les héritiers choisissent de laisser le contrat se poursuivre, ils doivent continuer à payer les cotisations.</Paragraphe>
<Paragraphe>S'ils décident de résilier le contrat, ils doivent envoyer  à l'assureur une  lettre de résiliation  par courrier recommandé.</Paragraphe>
<Paragraphe>La résiliation du contrat prendra effet 1 mois après la réception de la lettre  par l'assureur.</Paragraphe>
<Paragraphe>Seules les primes relatives à la période qui suit  la date d'effet de la résiliation peuvent être remboursées.</Paragraphe>

</Chapitre>
</Texte>
</Situation>
<Situation>
<Titre>Résiliation par l'assureur</Titre>
<Texte>
<Chapitre><Paragraphe>L'assureur dispose aussi de plusieurs possibilités de résiliation du contrat d'assurance habitation.</Paragraphe>

</Chapitre><Chapitre>
<Titre>
<Paragraphe>À l'échéance de votre contrat</Paragraphe>
</Titre><Paragraphe>À chaque échéance, l'assureur peut résilier votre contrat sans avoir à se justifier.</Paragraphe>
<Paragraphe>Souvent, l'échéance des contrats d'assurance est annuelle, mais il arrive aussi que la 1<Exposant>ère</Exposant> échéance du contrat intervienne avant un an, dans le cas où le contrat a fixé une période plus courte. C'est parfois le cas pour certains contrats signés en cours d'année et dont l'échéance est prévue au 31 décembre.</Paragraphe>
<Paragraphe>Pour résilier le contrat à l'échéance, l'assureur  doit respecter un préavis de 2 mois avant la date d'échéance (même si le contrat prévoit un préavis inférieur pour l'assuré), et doit vous informer de sa décision par lettre recommandée.</Paragraphe>

</Chapitre>
<Chapitre>
<Titre>
<Paragraphe>En cas de non-paiement de la cotisation</Paragraphe>
</Titre><Paragraphe>Dans les 10 <LienIntra LienID="R1092" type="Définition de glossaire">jours calendaires</LienIntra>  suivant la date d'échéance, si vous n'avez pas réglé votre cotisation, l'assureur peut vous relancer. Pour cela, il vous adresse, en lettre recommandée, une mise en demeure de règlement de la prime sous 30 jours calendaires.</Paragraphe>
<Paragraphe>Si vous ne régularisez pas votre situation, l'assureur est en droit de résilier votre contrat 10 jours calendaires après la fin de ce délai.</Paragraphe>
<Paragraphe>La prime ou fraction de prime reste due à l'assureur, même si le contrat a été résilié.</Paragraphe>

</Chapitre>
<Chapitre>
<Titre>
<Paragraphe>Pour fausse déclaration ou omission</Paragraphe>
</Titre><Paragraphe>Si l'assureur constate une fausse déclaration ou omission de votre part, il peut résilier votre contrat.</Paragraphe>
<Paragraphe>Il doit vous adresser, par lettre recommandée, une notification de résiliation en indiquant la fausse déclaration ou l'omission qui fonde sa décision. La résiliation intervient 10 <LienIntra LienID="R1092" type="Définition de glossaire">jours calendaires</LienIntra> après.</Paragraphe>
<Paragraphe>Les cotisations correspondant aux périodes non assurées vous seront remboursées.</Paragraphe>

</Chapitre>
<Chapitre>
<Titre>
<Paragraphe>Pour aggravation du risque</Paragraphe>
</Titre><Paragraphe>Vous devez informer votre assureur de toute modification qui pourrait avoir des répercussions sur votre contrat, dans les 15 <LienIntra LienID="R1092" type="Définition de glossaire">jours calendaires</LienIntra>,   par lettre recommandée. L'assurance peut estimer qu'une modification  constitue une <Expression>aggravation du risque</Expression>, par rapport à la situation initiale.</Paragraphe>
<Paragraphe>Elle peut vous notifier dans les 10 jours calendaires   suivant sa prise de connaissance de la modification  :</Paragraphe>
<Liste type="puce">
<Item>
<Paragraphe>un refus de couverture du nouveau risque : la résiliation sera effective 10  jours calendaires   après cette notification,</Paragraphe>
</Item>
<Item>
<Paragraphe>une proposition d'augmentation de votre cotisation, et si vous refusez cette augmentation, le contrat est résilié 30  jours calendaires  plus tard.</Paragraphe>
</Item>
</Liste>
<Paragraphe>Les cotisations non utilisées vous seront remboursées dans les 2 cas.</Paragraphe>
<Paragraphe>Par contre, si après avoir été informé d'une possible aggravation du risque, l'assureur a continué à percevoir des primes ou a accepté d'indemniser un sinistre, il ne pourra plus résilier le contrat.</Paragraphe>

</Chapitre>
<Chapitre>
<Titre>
<Paragraphe>Après un sinistre</Paragraphe>
</Titre><Paragraphe>L'assureur peut résilier le contrat suite à un sinistre et pour ce motif, seulement si cela  a été  prévue dans le contrat.</Paragraphe>
<Paragraphe>L'assureur doit vous notifier cette résiliation par lettre recommandée. La résiliation intervient 30  <LienIntra LienID="R1092" type="Définition de glossaire">jours calendaires</LienIntra>, après cette notification.</Paragraphe>
<Paragraphe>L'assureur doit alors vous rembourser la partie de la cotisation qui correspond à la période restant à courir jusqu'à la prochaine échéance.</Paragraphe>
<ASavoir>
<Titre>À savoir</Titre><Paragraphe>si l'assureur a accepté le paiement d'une prime ou fraction de prime d'assurance 30  jours calendaires   après avoir été informé du sinistre, il perd ce droit de résiliation après sinistre.</Paragraphe>
</ASavoir>
</Chapitre>
<Chapitre>
<Titre>
<Paragraphe>Suite au décès de l'assuré</Paragraphe>
</Titre><Paragraphe>En cas de décès de l'assuré,  l'assurance habitation continue automatiquement.</Paragraphe>
<Paragraphe>L'assureur a le droit de  résilier le contrat, mais seulement après qu'il aura été transféré au nom d'un héritier.</Paragraphe>
<Paragraphe>Si l'assureur veut résilier le contrat, il doit le faire dans un délai de 3 mois à partir du jour où l'héritier  a demandé le transfert du contrat à son nom.</Paragraphe>

</Chapitre>
</Texte>
</Situation>
</ListeSituations><OuSAdresser ID="R16526" type="Local">
<Titre>Assurance Banque Épargne Info Service</Titre>
<RessourceWeb URL="https://www.abe-infoservice.fr/vos-demarches/nous-contacter#1"/>
</OuSAdresser>
<Reference type="Texte de référence" URL="https://www.legifrance.gouv.fr/affichCode.do?idSectionTA=LEGISCTA000006157200&amp;cidTexte=LEGITEXT000006073984" ID="R13611">
<Titre>Code des assurances : articles L113-1 à L113-17</Titre>
<Complement>Obligations de l'assureur et de l'assuré</Complement>
</Reference>
<Reference type="Texte de référence" URL="https://www.legifrance.gouv.fr/codes/id/LEGISCTA000006158221" ID="R13612">
<Titre>Code des assurances : articles R113-1 à R113-13</Titre>
<Complement>Obligations de l'assureur et de l'assuré</Complement>
</Reference>
<Reference type="Texte de référence" URL="https://www.legifrance.gouv.fr/codes/id/LEGIARTI000034072591" ID="R45920">
<Titre>Code de la consommation : articles L215-1 à L215-5</Titre>
</Reference>
<ServiceEnLigne ID="R21219" URL="http://www.conso.net/content/vous-souhaitez-resilier-en-cours-de-contrat-resiliation-infra-annuelle" type="Modèle de document">
<Titre>Résilier son contrat d'assurance en cours</Titre>
<Source ID="R30643">Institut national de la consommation (INC)</Source>
</ServiceEnLigne>
<ServiceEnLigne ID="R33643" URL="https://www.inc-conso.fr/content/vous-resiliez-votre-contrat-son-echeance-apres-avoir-ete-informee-dans-les-delais-de-votre" type="Modèle de document">
<Titre>Résilier son contrat d'assurance à son échéance</Titre>
<Source ID="R30643">Institut national de la consommation (INC)</Source>
</ServiceEnLigne>
<ServiceEnLigne ID="R46652" URL="https://www.inc-conso.fr/content/assurance/vous-resiliez-votre-contrat-multirisque-habitation-avant-son-echeance-pour-cause-de" type="Modèle de document">
<Titre>Résilier un contrat d'assurance habitation si vous déménagez</Titre>
<Source ID="R30643">Institut national de la consommation (INC)</Source>
</ServiceEnLigne>
<PourEnSavoirPlus type="Information pratique" ID="R52269" URL="https://www.inc-conso.fr/content/la-resiliation-du-contrat-dassurance" audience="Particuliers">
<Titre>La résiliation du contrat d'assurance</Titre>
<Source ID="R30643">Institut national de la consommation (INC)</Source>
</PourEnSavoirPlus>
<PourEnSavoirPlus type="Information pratique" ID="R53611" URL="https://www.abe-infoservice.fr/assurance/assurance-multirisque-habitation" audience="Particuliers">
<Titre>Assurance multirisque habitation</Titre>
<Source ID="R34551">Autorité de contrôle prudentiel et de résolution (ACPR)</Source>
</PourEnSavoirPlus>
<PourEnSavoirPlus type="Information pratique" ID="R51387" URL="https://www.inc-conso.fr/content/lassurance-multirisques-habitation" audience="Particuliers">
<Titre>L'assurance multirisques habitation</Titre>
<Source ID="R30643">Institut national de la consommation (INC)</Source>
</PourEnSavoirPlus>
<Definition ID="R1092">
<Titre>Jour calendaire</Titre>
<Texte>
				<Paragraphe>Correspond à la totalité des jours du calendrier de l'année civile, du 1<Exposant>er</Exposant> janvier au 31 décembre, y compris les jours fériés
		ou chômés</Paragraphe>
			</Texte>
</Definition>
<Abreviation ID="R39324" type="Sigle">
<Titre>AR</Titre>
<Texte>
<Paragraphe>Accusé de réception</Paragraphe>
</Texte>
</Abreviation>
<QuestionReponse ID="F31459" audience="Particuliers">L'assureur peut-il résilier un contrat assurance habitation après un sinistre ?</QuestionReponse>
</Publication>
