<?xml version="1.0" encoding="UTF-8"?><Publication xmlns:dc="http://purl.org/dc/elements/1.1/" xmlns:xsi="http://www.w3.org/2001/XMLSchema-instance" ID="F2007" type="Fiche d'information" xsi:noNamespaceSchemaLocation="../Schemas/3.0/Publication.xsd">
<dc:title>Bracelet électronique lors d'une assignation à résidence</dc:title>
<dc:creator>Direction de l'information légale et administrative</dc:creator>
<dc:subject>Justice</dc:subject>
<dc:description>L'assignation à résidence avec surveillance électronique (ARSE) est une des mesures alternatives à la détention provisoire. Elle consiste à obliger une personne mise en cause dans une enquête pénale à porter un bracelet électronique, et à rester son domicile ou dans un autre lieu, à des heures et des jours déterminés. Les règles varient suivant qu'une information judiciaire est ouverte ou non.</dc:description>
<dc:publisher>Direction de l'information légale et administrative</dc:publisher>
<dc:contributor>Direction de l'information légale et administrative (Premier ministre), Ministère chargé de la justice</dc:contributor>
<dc:date>modified 2020-03-18</dc:date>
<dc:type>Fiche pratique</dc:type>
<dc:format>text/xml</dc:format>
<dc:identifier>F2007</dc:identifier>
<dc:source>http://www.legifrance.gouv.fr/affichCode.do?idArticle=LEGIARTI000021331508&amp;idSectionTA=LEGISCTA000021331515&amp;cidTexte=LEGITEXT000006071154, https://www.legifrance.gouv.fr/codes/id/LEGIARTI000038312505/</dc:source>
<dc:language>Fr</dc:language>
<dc:relation>isPartOf N263</dc:relation>
<dc:coverage>France entière</dc:coverage>
<dc:rights>https://www.service-public.fr/a-propos/mentions-legales</dc:rights>
<SurTitre>Fiche pratique</SurTitre>
<Audience>Particuliers</Audience>
<Canal>www.service-public.fr</Canal>
<FilDAriane>
<Niveau ID="Particuliers">Accueil particuliers</Niveau>
<Niveau ID="N19807">Justice</Niveau>
<Niveau ID="N263">Affaire pénale</Niveau>
<Niveau ID="F2007" type="Fiche d'information">Bracelet électronique lors d'une assignation à résidence</Niveau>
</FilDAriane>
<Theme ID="N19807">
<Titre>Justice</Titre>
</Theme>
<SousThemePere ID="N271">Procédures judiciaires</SousThemePere><DossierPere ID="N263">
<Titre>Affaire pénale</Titre><SousDossier ID="N263-1">
<Titre>Mesures alternatives au procès</Titre>
<Fiche ID="F1824">Médiation pénale</Fiche>
<Fiche ID="F1461">Composition pénale</Fiche>
<Fiche ID="F10409">Comparution sur reconnaissance préalable de culpabilité (CRPC)</Fiche>
</SousDossier>
<SousDossier ID="N263-2">
<Titre>Lancement des poursuites</Titre>
<Fiche ID="F1435">Plainte simple</Fiche>
<Fiche ID="F20798">Plainte avec constitution de partie civile</Fiche>
<Fiche ID="F1455">Citation directe</Fiche>
</SousDossier>
<SousDossier ID="N263-3">
<Titre>Enquête</Titre>
<Fiche ID="F14837">Garde à vue</Fiche>
<Fiche ID="F32326">Perquisition</Fiche>
<Fiche ID="F1456">Information judiciaire</Fiche>
<Fiche ID="F1470">Mise en examen</Fiche>
<Fiche ID="F1489">Audition des témoins</Fiche>
</SousDossier>
<SousDossier ID="N263-4">
<Titre>Moyens de contrainte</Titre>
<Fiche ID="F2902">Contrôle judiciaire</Fiche>
<Fiche ID="F2007">Assignation à résidence avec surveillance électronique</Fiche>
<Fiche ID="F1042">Détention provisoire</Fiche>
</SousDossier>
<SousDossier ID="N263-5">
<Titre>Déroulement d'un procès</Titre>
<Fiche ID="F1457">Devant le tribunal de police</Fiche>
<Fiche ID="F1485">Devant le tribunal correctionnel</Fiche>
<Fiche ID="F1487">Devant la cour d'assises</Fiche>
<Fiche ID="F34165">Audition des témoins</Fiche>
</SousDossier>
</DossierPere>

<SousDossierPere>Moyens de contrainte</SousDossierPere>
<Introduction>
<Texte><Paragraphe>L'assignation à résidence avec surveillance électronique (ARSE) est une des mesures alternatives à la <LienIntra LienID="R52093" type="Définition de glossaire">détention provisoire</LienIntra>.   Elle consiste à obliger une personne mise en cause dans une enquête pénale à porter un bracelet électronique, et à rester son domicile ou dans un autre lieu, à des heures et des jours déterminés. Les règles varient suivant qu'une <LienIntra LienID="R52092" type="Définition de glossaire">information judiciaire</LienIntra> est ouverte ou non.</Paragraphe>
</Texte>
</Introduction>
<ListeSituations affichage="onglet"><Situation>
<Titre>Cas général</Titre>
<Texte><Chapitre>
<Titre>
<Paragraphe>De quoi s'agit-il ?</Paragraphe>
</Titre><Paragraphe>L'assignation à résidence avec surveillance électronique (ARSE) est une mesure de contrainte utilisée dans le cadre d'une enquête pénale. Elle peut être prise à l'égard d'une personne mise en cause dans l'enquête, avant même son procès.</Paragraphe>
<Paragraphe>Elle impose à la personne qui en fait l'objet :</Paragraphe>
<Liste type="puce">
<Item>
<Paragraphe>De rester dans un endroit déterminé (généralement son domicile), aux heures et aux jours décidés</Paragraphe>
</Item>
<Item>
<Paragraphe>De sortir uniquement pour des motifs déterminés (par exemple pour le travail)</Paragraphe>
</Item>
<Item>
<Paragraphe>De  porter à la cheville un bracelet électronique.</Paragraphe>
</Item>
</Liste>
<Paragraphe>Le bracelet électronique est relié à un dispositif placé dans le lieu de résidence retenu. Si la personne s'éloigne du dispositif électronique et quitte le lieu où elle doit rester, à un moment où elle n'y est pas autorisée, la police ou la gendarmerie est immédiatement alertée.</Paragraphe>
<Paragraphe>Le juge peut ajouter d'autres obligations au port du bracelet, notamment :</Paragraphe>
<Liste type="puce">
<Item>
<Paragraphe>le suivi de soins,</Paragraphe>
</Item>
<Item>
<Paragraphe>l'interdiction de rencontrer certaines personnes,</Paragraphe>
</Item>
<Item>
<Paragraphe>ou l'exercice d'une activité professionnelle.</Paragraphe>
</Item>
</Liste>

</Chapitre>
<Chapitre>
<Titre>
<Paragraphe>Personnes concernées</Paragraphe>
</Titre><Paragraphe>L'   assignation à résidence avec surveillance électronique est ordonnée si les 2 éléments suivants sont réunis :</Paragraphe>
<Liste type="puce">
<Item>
<Paragraphe>La personne concernée est  en attente de son procès</Paragraphe>
</Item>
<Item>
<Paragraphe>Le  contrôle judiciaire n'est pas suffisant pour assurer son contrôle, sa présence au procès ou aux auditions ou  le bon déroulement de l'enquête</Paragraphe>
</Item>
</Liste>
<Paragraphe>Le prévenu  doit   donner son  accord pour être placé sous bracelet électronique.</Paragraphe>

</Chapitre>
<Chapitre>
<Titre>
<Paragraphe>Procédure</Paragraphe>
</Titre><Paragraphe>Le port d'un bracelet électronique est ordonné par le juge des libertés et de la détention (JLD), saisi par le procureur.</Paragraphe>
<Paragraphe>Le juge reçoit la personne concernée, assistée de son avocat.</Paragraphe>
<Paragraphe>Il l'informe de son placement sous bracelet électronique et s'assure de son accord.</Paragraphe>
<Paragraphe>Le juge fixe le lieu où la personne doit rester (généralement son domicile), ainsi que ses heures et jours de présence (par exemple, le soir et les week-ends), et  les motifs de sortie.</Paragraphe>
<Paragraphe>Le service pénitentiaire d'insertion et de probation (SPIP) effectue une enquête de faisabilité pour s'assurer que le dispositif peut être installé. Si le résultat de cette enquête est  positif, le bracelet électronique est mis en place dans les 5 <LienIntra LienID="R1008" type="Définition de glossaire">jours francs</LienIntra> qui suivent l'annonce de la mesure.</Paragraphe>
<ASavoir>
<Titre>À savoir</Titre><Paragraphe>si la personne refuse l'assignation à résidence avec surveillance électronique, elle peut être placée en <LienIntra LienID="R52093" type="Définition de glossaire">détention provisoire</LienIntra>.</Paragraphe>
</ASavoir>
</Chapitre>
<Chapitre>
<Titre>
<Paragraphe>Effets</Paragraphe>
</Titre><SousChapitre>
<Titre>
<Paragraphe>Durée</Paragraphe>
</Titre><Paragraphe>Le port du bracelet électronique doit cesser lorsque débute le procès de la personne concernée.</Paragraphe>
<Paragraphe>Le dispositif est  retiré par les services pénitentiaires.</Paragraphe>

</SousChapitre>
<SousChapitre>
<Titre>
<Paragraphe>Maintien dans un lieu</Paragraphe>
</Titre><Paragraphe>Le prévenu  doit être présent dans le lieu convenu aux heures et aux jours fixés. Il  ne peut sortir que pour les motifs fixés.</Paragraphe>
<Paragraphe>Lorsqu'il a l'autorisation de sortir, il  n'est pas surveillé lors des sorties.</Paragraphe>

</SousChapitre>
<SousChapitre>
<Titre>
<Paragraphe>Contrôle</Paragraphe>
</Titre><Paragraphe>Le contrôle à distance est assuré par des fonctionnaires de l'administration pénitentiaire. Ils peuvent prévenir la police ou la gendarmerie si la personne n'est pas présente aux heures convenues.</Paragraphe>

</SousChapitre>
<SousChapitre>
<Titre>
<Paragraphe>Non-respect de l'assignation à résidence avec surveillance électronique</Paragraphe>
</Titre><Paragraphe>En cas de non-respect des obligations, le procureur de la République peut saisir le juge des libertés et de la détention en vue d'un placement en détention provisoire.</Paragraphe>

</SousChapitre>
</Chapitre>
<Chapitre>
<Titre>
<Paragraphe>Indemnisation pour mesure injustifiée</Paragraphe>
</Titre><Paragraphe>Si la personne n'est pas reconnue coupable lors de son procès, elle peut demander une <LienInterne LienPublication="F13286" type="Fiche Question-réponse" audience="Particuliers">indemnisation</LienInterne> pour le préjudice lié à son assignation à résidence injustifiée.</Paragraphe>

</Chapitre>
</Texte>
</Situation>
<Situation>
<Titre>En cas d'ouverture d'une information judiciaire</Titre>
<Texte><Chapitre>
<Titre>
<Paragraphe>De quoi s'agit-il ?</Paragraphe>
</Titre><Paragraphe>L'assignation à résidence avec surveillance électronique  est une mesure de contrainte qui peut être utilisée dans le cadre d'une instruction. Elle peut être prise à l'égard d'une personne mise en examen, le temps que les investigations soient menées.</Paragraphe>
<Paragraphe>L'ARSE impose à la personne qui en fait l'objet :</Paragraphe>
<Liste type="puce">
<Item>
<Paragraphe>De rester dans un endroit déterminé (généralement son domicile), aux heures et aux jours décidés</Paragraphe>
</Item>
<Item>
<Paragraphe>De  sortir uniquement  pour des motifs déterminés (par exemple pour le travail)</Paragraphe>
</Item>
<Item>
<Paragraphe>De porter à la cheville un bracelet électronique.</Paragraphe>
</Item>
</Liste>
<Paragraphe>Le bracelet électronique est relié à un dispositif placé dans le lieu de résidence retenu. Si la personne s'éloigne du dispositif électronique et quitte le lieu où elle doit rester, à un moment où elle n'y est pas autorisée, la police ou la gendarmerie est immédiatement alertée.</Paragraphe>
<Paragraphe>Le juge peut ajouter d'autres obligations au port du bracelet, notamment :</Paragraphe>
<Liste type="puce">
<Item>
<Paragraphe>le suivi de soins,</Paragraphe>
</Item>
<Item>
<Paragraphe>l'interdiction de rencontrer certaines personnes,</Paragraphe>
</Item>
<Item>
<Paragraphe>ou l'exercice d'une activité professionnelle.</Paragraphe>
</Item>
</Liste>

</Chapitre>
<Chapitre>
<Titre>
<Paragraphe>Personnes concernées</Paragraphe>
</Titre><Paragraphe>Pour qu'une assignation à résidence avec surveillance soit ordonnée, il faut  que tous les éléments suivants soient réunis :</Paragraphe>
<Liste type="puce">
<Item>
<Paragraphe>La personne doit être <LienInterne LienPublication="F1470" type="Fiche d'information" audience="Particuliers">mise en examen</LienInterne>
</Paragraphe>
</Item>
<Item>
<Paragraphe>Elle doit avoir commis une  <LienIntra LienID="R52094" type="Définition de glossaire">infraction</LienIntra>  passible d'une peine d'emprisonnement d'au moins 2 ans</Paragraphe>
</Item>
<Item>
<Paragraphe>Le contrôle judiciaire est  insuffisant pour assurer le contrôle (suivi) bon déroulement de l'enquête, la  présence de la personne au procès ou aux auditions</Paragraphe>
</Item>
</Liste>
<Paragraphe>La personne concernée doit aussi donner son accord pour être placée sous bracelet électronique.</Paragraphe>

</Chapitre>
<Chapitre>
<Titre>
<Paragraphe>Procédure</Paragraphe>
</Titre><Paragraphe>L'assignation à résidence sous bracelet électronique  peut être  décidée  lors de l'adoption d'une  mesure de contrainte principale, détention provisoire ou contrôle judiciaire. Cela peut être aussi décidé pour remplacer une  mesure de contrainte déjà prise.</Paragraphe>
<BlocCas affichage="onglet"><Cas>
<Titre>
<Paragraphe>Cas général</Paragraphe>
</Titre><Paragraphe>L'assignation à résidence sous bracelet électronique est   décidée lors de l'adoption d'une autre mesure de contrainte</Paragraphe>

<BlocCas affichage="radio"><Cas>
<Titre>
<Paragraphe>La détention provisoire n'est pas demandée</Paragraphe>
</Titre><Paragraphe>C'est le juge d'instruction peut prendre une des  décisions suivantes :</Paragraphe>
<Liste type="puce">
<Item>
<Paragraphe>Assignation à résidence sous bracelet électronique</Paragraphe>
</Item>
<Item>
<Paragraphe>Contrôle judiciaire</Paragraphe>
</Item>
<Item>
<Paragraphe>Aucune mesure de contrainte.</Paragraphe>
</Item>
</Liste>
<Paragraphe>Sil opte pour l'assignation à résidence sous bracelet électronique, c'est lui prononce la décision qui l'ordonne.</Paragraphe>

</Cas>
<Cas>
<Titre>
<Paragraphe>La détention provisoire est demandée par le procureur</Paragraphe>
</Titre><Paragraphe>Si le juge d'instruction n'ordonne pas la détention provisoire, le procureur de la République peut saisir le juge des libertés et de la détention (JLD) pour qu'il le fasse.  Le JLD  peut prendre une des  décisions suivantes :</Paragraphe>
<Liste type="puce">
<Item>
<Paragraphe>Assignation à résidence sous bracelet électronique</Paragraphe>
</Item>
<Item>
<Paragraphe>Contrôle judiciaire</Paragraphe>
</Item>
<Item>
<Paragraphe>Aucune mesure de contrainte.</Paragraphe>
</Item>
</Liste>
<Paragraphe>Sil opte pour l'assignation à résidence sous bracelet électronique, c'est lui prononce la décision qui l'ordonne.</Paragraphe>

</Cas>
<Cas>
<Titre>
<Paragraphe>La détention provisoire est demandée par le juge d'instruction</Paragraphe>
</Titre><Paragraphe>Si le juge d'instruction souhaite ordonner  la détention provisoire, il doit  saisir le juge des libertés et de la détention (JLD) pour qu'il valide sa décision. Le JLD  peut prendre une des  décisions suivantes :</Paragraphe>
<Liste type="puce">
<Item>
<Paragraphe>Validation de la détention provisoire</Paragraphe>
</Item>
<Item>
<Paragraphe>Remplacement de la détention provisoire un contrôle judiciaire</Paragraphe>
</Item>
<Item>
<Paragraphe>Remplacement de la détention provisoire par une assignation à résidence sous bracelet électronique.</Paragraphe>
</Item>
</Liste>
<Paragraphe>C'est le JLD qui prononce la décision de l'ARSE dans cette hypothèse.</Paragraphe>

</Cas>
</BlocCas>
</Cas>
<Cas>
<Titre>
<Paragraphe>Transformation d'une mesure de contrainte en ARSE</Paragraphe>
</Titre><Paragraphe>C'est le juge d'instruction qui  statue sur une demande remplacement de la  détention provisoire ou du  contrôle judiciaire par une assignation à résidence sous bracelet électronique,  sauf s'il a déjà refusé la transformation de la détention provisoire en assignation à résidence.</Paragraphe>

</Cas>
</BlocCas>

</Chapitre>
<Chapitre>
<Titre>
<Paragraphe>Effets</Paragraphe>
</Titre><SousChapitre>
<Titre>
<Paragraphe>Durée</Paragraphe>
</Titre><Paragraphe>La durée de l'ARSE peut être impactée par la clôture de l'instruction et le renvoi devant une juridiction de jugement. Elle est déduite de la peine de détention.</Paragraphe>
<Paragraphe>
<MiseEnEvidence>Pendant l'instruction</MiseEnEvidence>
</Paragraphe>
<Paragraphe>La durée initiale de l'ARSE est de 6 mois maximum. Cette durée peut être prolongée jusqu'à 2 ans maximum par le juge d'instruction.</Paragraphe>
<Paragraphe>La personne surveillée peut demander à tout moment le retrait de son bracelet électronique.</Paragraphe>
<Paragraphe>Elle peut faire cette demande directement auprès du juge d'instruction chargé de l'affaire.</Paragraphe>
<Paragraphe>
<MiseEnEvidence>Après la clôture de l'instruction</MiseEnEvidence>
</Paragraphe>
<BlocCas affichage="onglet"><Cas>
<Titre>
<Paragraphe>Non lieu</Paragraphe>
</Titre><Paragraphe>Si le juge d'instruction prend une ordonnance de  non-lieu, cette décision  met fin à l'ARSE.</Paragraphe>

</Cas>
<Cas>
<Titre>
<Paragraphe>Renvoi devant le tribunal correctionnel</Paragraphe>
</Titre><Paragraphe>Si le juge d'instruction prend une ordonnance de renvoi devant le tribunal correctionnel, elle  met fin à l'ARSE. Mais le juge d'instruction  peut prendre une décision motivée où il demande que l'ARSE soit maintenue.</Paragraphe>
<Paragraphe>Dans ce cas, la durée totale ne doit pas dépasser 2 ans.</Paragraphe>

</Cas>
<Cas>
<Titre>
<Paragraphe>Renvoi devant la cour d'assises</Paragraphe>
</Titre><Paragraphe>Si le juge d'instruction prend une ordonnance de mise en accusation (renvoi devant la cour d'assises), l'ARSE continue de produire ses effets, sauf si  le juge d'instruction  prononce  sa suspension  dans l'ordonnance.  S'il ne le fait pas, la durée totale de l'ARSE, pendant et après l'instruction,  ne peut excéder 2 ans.</Paragraphe>

</Cas>
</BlocCas>

</SousChapitre>
<SousChapitre>
<Titre>
<Paragraphe>Maintien dans un lieu</Paragraphe>
</Titre><Paragraphe>La personne doit être présente dans le lieu convenu aux heures et aux jours fixés.</Paragraphe>
<Paragraphe>Lorsqu'elle a l'autorisation de sortir, elle n'est pas surveillée lors des sorties. On parle alors de <Expression>surveillance fixe</Expression>.</Paragraphe>
<Paragraphe>Toutefois, la personne peut aussi être surveillée lorsqu'elle se déplace. On parle alors de <Expression>surveillance mobile</Expression>. Par exemple, pour veiller à ce que la personne concernée respecte son interdiction d'entrer en contact avec la victime.</Paragraphe>
<Paragraphe>Ce type de surveillance mobile n'est possible que dans l'un des cas suivants :</Paragraphe>
<Liste type="puce">
<Item>
<Paragraphe>Infraction punie de plus de 7 ans  <LienIntra LienID="R18486" type="Définition de glossaire">d'emprisonnement</LienIntra> et pour laquelle un suivi socio-judiciaire est encouru</Paragraphe>
</Item>
<Item>
<Paragraphe>Violences volontaires ou  menaces, punies d'au moins 5 ans d'emprisonnement, commises contre la personne avec qui le porteur du bracelet est ou était  en couple</Paragraphe>
</Item>
<Item>
<Paragraphe>Violences volontaires ou de menaces, punies d'au moins 5 ans d'emprisonnement, commises  contre  ses propres enfants ou ceux de la personne avec qui il vit ou vivait en couple</Paragraphe>
</Item>
</Liste>

</SousChapitre>
<SousChapitre>
<Titre>
<Paragraphe>Contrôle</Paragraphe>
</Titre><Paragraphe>Le contrôle à distance est assuré par des fonctionnaires de l'administration pénitentiaire. Ils peuvent prévenir la police ou la gendarmerie si la personne n'est pas présente aux heures convenues.</Paragraphe>

</SousChapitre>
<SousChapitre>
<Titre>
<Paragraphe>Non-respect de l'assignation à résidence avec surveillance électronique</Paragraphe>
</Titre><Paragraphe>En cas de non respect des obligations, le juge d’instruction peut saisir le juge des libertés et de la détention. La personne concernée pourra être placée en détention provisoire.</Paragraphe>

</SousChapitre>
</Chapitre>
<Chapitre>
<Titre>
<Paragraphe>Indemnisation pour mesure injustifiée</Paragraphe>
</Titre><Paragraphe>Si la personne n'est pas reconnue coupable lors de son procès, elle peut demander une <LienInterne LienPublication="F13286" type="Fiche Question-réponse" audience="Particuliers">indemnisation</LienInterne> pour assignation à résidence injustifiée.</Paragraphe>

</Chapitre>
</Texte>
</Situation>
</ListeSituations><VoirAussi important="non">
<Fiche ID="F1042" audience="Particuliers">
<Titre>Détention provisoire</Titre>
<Theme ID="N19807">
<Titre>Justice</Titre>
</Theme>
</Fiche>
<Fiche ID="F2902" audience="Particuliers">
<Titre>Contrôle judiciaire</Titre>
<Theme ID="N19807">
<Titre>Justice</Titre>
</Theme>
</Fiche>
</VoirAussi>
<OuSAdresser ID="R11624" type="Local personnalisé sur SP">
<Titre>Cour d'appel</Titre>
<Complement>Pour contester la décision</Complement>
<PivotLocal>cour_appel</PivotLocal>
<RessourceWeb URL="http://www.annuaires.justice.gouv.fr/annuaires-12162/annuaire-des-cours-dappel-21767.html"/>
<Source ID="R30663">Ministère chargé de la justice</Source>
</OuSAdresser>
<OuSAdresser ID="R14218" type="Local personnalisable">
<Titre>Avocat</Titre>
<Complement>Pour se faire assister</Complement>
<PivotLocal>avocat_conseil_national</PivotLocal>
<RessourceWeb URL="http://cnb.avocat.fr/Trouver-un-avocat-en-France_a341.html"/>
<Source ID="R30762">Conseil national des barreaux</Source>
</OuSAdresser>
<OuSAdresser ID="R11621" type="Local personnalisé sur SP">
<Titre>Maison de justice et du droit</Titre>
<Complement>Pour s'informer</Complement>
<PivotLocal>mjd</PivotLocal>
<RessourceWeb URL="http://www.annuaires.justice.gouv.fr/lieux-dacces-aux-droits-10111/"/>
<Source ID="R30663">Ministère chargé de la justice</Source>
</OuSAdresser>
<Reference type="Texte de référence" URL="http://www.legifrance.gouv.fr/affichCode.do?idArticle=LEGIARTI000021331508&amp;idSectionTA=LEGISCTA000021331515&amp;cidTexte=LEGITEXT000006071154" ID="R33120">
<Titre>Code de procédure pénale : articles 142-5 à 142-13</Titre>
<Complement>ARSE dans le cadre d'une information judiciaire</Complement>
</Reference>
<Reference type="Texte de référence" URL="https://www.legifrance.gouv.fr/codes/id/LEGIARTI000038312505/" ID="R16418">
<Titre>Code de procédure pénale : articles 393 à 397-7</Titre>
<Complement>ARSE dans le cadre d'une enquête préliminaire</Complement>
</Reference>
<PourEnSavoirPlus type="Information pratique" ID="R17506" URL="http://www.justice.gouv.fr/prison-et-reinsertion-10036/la-vie-hors-detention-10040/le-placement-sous-surveillance-electronique-11997.html" audience="Particuliers">
<Titre>Bracelet électronique : placement sous surveillance électronique</Titre>
<Source ID="R30663">Ministère chargé de la justice</Source>
</PourEnSavoirPlus>
<Definition ID="R18486">
<Titre>Emprisonnement</Titre>
<Texte>
				<Paragraphe>Peine de prison prononcée en cas de délit</Paragraphe>
			</Texte>
</Definition>
<Definition ID="R52093">
<Titre>Détention provisoire</Titre>
<Texte>
				<Paragraphe>Emprisonnement d'une personne mise en cause dans une affaire pénale, avant la tenue de son procès</Paragraphe>
			</Texte>
</Definition>
<Definition ID="R52092">
<Titre>Information judiciaire</Titre>
<Texte>
				<Paragraphe>Enquête judiciaire menée dans une affaire pénale et dirigée par un juge d'instruction</Paragraphe>
			</Texte>
</Definition>
<Definition ID="R52094">
<Titre>Infraction</Titre>
<Texte>
				<Paragraphe>Acte ou comportement interdit par la loi et puni par une peine</Paragraphe>
			</Texte>
</Definition>
<Definition ID="R1008">
<Titre>Jour franc</Titre>
<Texte>
				<Paragraphe>Jour qui dure de 0h à 24h. Un délai ainsi calculé  ne tient pas compte du jour de la décision à l'origine du délai, ni du jour de l'échéance. Si le délai s'achève un samedi ou un dimanche, il est reporté au lundi. Si le délai s'achève un jour férié, il est reporté d'un jour. Ainsi, par exemple, si un délai s'achève un samedi et le lundi suivant est un jour férié, il est reporté au mardi.</Paragraphe>
			</Texte>
</Definition>
</Publication>
