<?xml version="1.0" encoding="UTF-8"?><Publication xmlns:dc="http://purl.org/dc/elements/1.1/" xmlns:xsi="http://www.w3.org/2001/XMLSchema-instance" ID="F20367" type="Fiche Question-réponse" xsi:noNamespaceSchemaLocation="../Schemas/3.0/Publication.xsd">
<dc:title>Religion dans l'entreprise : quelles sont les règles ?</dc:title>
<dc:creator>Direction de l'information légale et administrative</dc:creator>
<dc:subject>Travail</dc:subject>
<dc:description>La liberté de religion est reconnue au salarié dans l'entreprise. Toutefois, l'employeur peut y apporter des restrictions.</dc:description>
<dc:publisher>Direction de l'information légale et administrative</dc:publisher>
<dc:contributor>Direction de l'information légale et administrative (Premier ministre)</dc:contributor>
<dc:date>modified 2020-05-12</dc:date>
<dc:type>Question-réponse</dc:type>
<dc:format>text/xml</dc:format>
<dc:identifier>F20367</dc:identifier>
<dc:source>https://www.legifrance.gouv.fr/affichCode.do?idSectionTA=LEGISCTA000006177834&amp;cidTexte=LEGITEXT000006072050, http://www.legifrance.gouv.fr/affichCode.do?idSectionTA=LEGISCTA000006177836&amp;cidTexte=LEGITEXT000006072050, https://www.legifrance.gouv.fr/affichCode.do?idSectionTA=LEGISCTA000006177885&amp;cidTexte=LEGITEXT000006072050, https://www.legifrance.gouv.fr/affichTexte.do?cidTexte=JORFTEXT000022911670, https://www.legifrance.gouv.fr/affichTexte.do?cidTexte=JORFTEXT000023654701</dc:source>
<dc:language>Fr</dc:language>
<dc:relation>isPartOf N492</dc:relation>
<dc:coverage>France entière</dc:coverage>
<dc:rights>https://www.service-public.fr/a-propos/mentions-legales</dc:rights>
<SurTitre>Question-réponse</SurTitre>
<Audience>Particuliers</Audience>
<Canal>www.service-public.fr</Canal>
<FilDAriane>
<Niveau ID="Particuliers">Accueil particuliers</Niveau>
<Niveau ID="N19806">Travail</Niveau>
<Niveau ID="N492">Conditions de travail dans le secteur privé</Niveau>
<Niveau ID="F20367" type="Fiche Question-réponse">Religion dans l'entreprise : quelles sont les règles ?</Niveau>
</FilDAriane>
<Theme ID="N19806">
<Titre>Travail</Titre>
</Theme>
<SousThemePere ID="N19965">Santé, sécurité et conditions de travail</SousThemePere><DossierPere ID="N492">
<Titre>Conditions de travail dans le secteur privé</Titre><SousDossier ID="N492-1">
<Titre>Hygiène, sécurité et conditions de travail</Titre>
<Fiche ID="F2210">Obligations de l'employeur</Fiche>
<Fiche ID="F35101">Obligations du salarié</Fiche>
<Fiche ID="F2344">Jeunes dans l'entreprise</Fiche>
<Fiche ID="F58">Travailleur à domicile</Fiche>
<Fiche ID="F2211">Médecine du travail</Fiche>
<Fiche ID="F15504">Compte professionnel de prévention (C2P)</Fiche>
<Fiche ID="F13851">Télétravail</Fiche>
</SousDossier>
<SousDossier ID="N492-2">
<Titre>Travail de nuit</Titre>
<Fiche ID="F2212">Principes généraux</Fiche>
<Fiche ID="F1688">Jeune de moins de 18 ans</Fiche>
<Fiche ID="F2691">Pour une salariée enceinte</Fiche>
</SousDossier>
<SousDossier ID="N492-3">
<Titre>Conditions de travail : informations diverses</Titre>
<Fiche ID="F31854">Évaluation du salarié</Fiche>
<Fiche ID="F1905">Règlement intérieur d'une entreprise</Fiche>
<Fiche ID="F78">Convention collective</Fiche>
<Fiche ID="F32031">Lanceur d'alerte dans l'entreprise </Fiche>
<Fiche ID="F35274">Utilisation et aménagement des lieux de travail</Fiche>
</SousDossier>
</DossierPere>

<Introduction>
<Texte><Paragraphe>L'employeur ne peut pas interdire au salarié d'avoir une conviction religieuse. Toute sanction ou    discrimination  en raison de la religion  du salarié est illégale. Le droit de manifester sa religion ne peut pas être interdit de façon générale et absolue. Toutefois, certaines limites peuvent être posées si elle sont justifiées par la nature des missions du salarié. Le règlement intérieur de l'entreprise peut aussi limiter l'expression des opinions personnelles et religieuses.</Paragraphe>
</Texte>
</Introduction>
<Texte><Chapitre>
<Titre>
<Paragraphe>Port d'un signe ou d'un vêtement religieux</Paragraphe>
</Titre><Paragraphe>Le port d'un signe ou d'un vêtement religieux est autorisé. Toutefois,  la liberté de se vêtir pendant le temps et sur le lieu de travail n'est pas une liberté fondamentale. L'employeur peut ainsi interdire certaines tenues ou accessoires (ou imposer le port de certaines tenues) pour des raisons de sécurité ou de santé ou d'hygiène sanitaire.</Paragraphe>
<Paragraphe>C'est le cas, par exemple, en cas</Paragraphe>
<Liste type="puce">
<Item>
<Paragraphe>d'incompatibilité entre le port d'un signe religieux et d'un équipement obligatoire de protection</Paragraphe>
</Item>
<Item>
<Paragraphe>ou de risques (mécaniques ou chimiques) accrus par le port de vêtements ou d'insignes non adaptés.</Paragraphe>
</Item>
</Liste>
<ASavoir>
<Titre>À savoir</Titre><Paragraphe>une clause du règlement intérieur peut interdire à un salarié en contact avec la clientèle le port de tout signe manifestant des convictions personnelles.</Paragraphe>
</ASavoir><Paragraphe>Le salarié n'est pas autorisé à cacher son visage lorsqu'il travaille :</Paragraphe>
<Liste type="puce">
<Item>
<Paragraphe>dans un lieu ouvert au public (commerce, cinéma, banque, gare, etc.),</Paragraphe>
</Item>
<Item>
<Paragraphe>ou dans un organisme  chargé d'une mission de service public (clinique privée, caisse primaire d'assurance maladie, etc.).</Paragraphe>
</Item>
</Liste>
<Paragraphe>Les tenues   qui sont interdites sont celles qui rendent impossible l'identification de la personne. Il peut s'agir notamment d'une  cagoule, d'un voile intégral (burqa, niqab, etc.).</Paragraphe>
<Paragraphe>En cas de non respect, le salarié risque une amende de <Valeur>150 €</Valeur> maximum.</Paragraphe>
<Paragraphe>En revanche, cette interdiction  ne concerne pas le salarié qui travaille dans une entreprise dont l'accès est réservé au personnel.</Paragraphe>

</Chapitre>
<Chapitre>
<Titre>
<Paragraphe>Congé pour fête religieuse</Paragraphe>
</Titre><Paragraphe>Le salarié peut obtenir un jour de congé lors d'une fête religieuse s'il obtient l'autorisation de son employeur, comme pour tout autre congé. L'employeur est en droit de refuser. Le salarié n'est pas obligé de faire connaître le motif religieux de sa demande.</Paragraphe>
<ANoter>
<Titre>À noter</Titre><Paragraphe>certaines conventions collectives (ou accords d'entreprises) prévoient un droit à absence pour cérémonie ou fête religieuse.</Paragraphe>
</ANoter>
</Chapitre>
<Chapitre>
<Titre>
<Paragraphe>Aménagement d'horaire pour pratique religieuse</Paragraphe>
</Titre><Paragraphe>Le salarié peut demander un aménagement d'horaire. L'employeur peut lui accorder, mais il n'en a pas l'obligation. En effet, l'organisation du temps de travail relève du pouvoir de direction de l'employeur. Il lui appartient de définir les horaires adaptés à la bonne marche de l'entreprise.</Paragraphe>
<ASavoir>
<Titre>À savoir</Titre><Paragraphe>l'employeur ne peut pas interdire à un salarié de prier dans son bureau pendant son temps de pause si cela ne gêne pas l'organisation du travail. Il peut interdire les prières si elles ont lieu pendant le temps de travail ou si elles perturbent le travail des autres salariés.</Paragraphe>
</ASavoir>
</Chapitre>
<Chapitre>
<Titre>
<Paragraphe>Religion et exécution des tâches</Paragraphe>
</Titre><Paragraphe>La religion ne peut pas être un motif de refus d'exécution des tâches pour lesquelles le salarié a été embauché.</Paragraphe>

</Chapitre>
<Chapitre>
<Titre>
<Paragraphe>Religion et visite médicale</Paragraphe>
</Titre><Paragraphe>Le salarié ne peut pas refuser les visites médicales pour motif religieux : elles sont  une obligation pour tous les salariés.</Paragraphe>

</Chapitre>
<Chapitre>
<Titre>
<Paragraphe>Interdiction du prosélytisme</Paragraphe>
</Titre><Paragraphe>Le  prosélytisme (tentative de recruter des adeptes, d'imposer ses convictions) est interdit et peut être sanctionné par l'employeur.</Paragraphe>

</Chapitre>
</Texte><Reference type="Texte de référence" URL="https://www.legifrance.gouv.fr/affichCode.do?idSectionTA=LEGISCTA000006177834&amp;cidTexte=LEGITEXT000006072050" ID="R18634">
<Titre>Code du travail : article L1121-1</Titre>
<Complement>Respect des droits et libertés dans l'entreprise</Complement>
</Reference>
<Reference type="Texte de référence" URL="http://www.legifrance.gouv.fr/affichCode.do?idSectionTA=LEGISCTA000006177836&amp;cidTexte=LEGITEXT000006072050" ID="R2808">
<Titre>Code du travail : articles L1132-1 à L1132-4</Titre>
<Complement>Principe de non-discrimination</Complement>
</Reference>
<Reference type="Texte de référence" URL="https://www.legifrance.gouv.fr/affichCode.do?idSectionTA=LEGISCTA000006177885&amp;cidTexte=LEGITEXT000006072050" ID="R32858">
<Titre>Code du travail : articles L1321-1 à L1321-6</Titre>
<Complement>Principe de neutralité dans le règlement intérieur (article L1321-2-1)</Complement>
</Reference>
<Reference type="Texte de référence" URL="https://www.legifrance.gouv.fr/affichTexte.do?cidTexte=JORFTEXT000022911670" ID="R11040">
<Titre>Loi n°2010-1192 du 11 octobre 2010 interdisant la dissimulation du visage dans l'espace public</Titre>
</Reference>
<Reference type="Texte de référence" URL="https://www.legifrance.gouv.fr/affichTexte.do?cidTexte=JORFTEXT000023654701" ID="R2320">
<Titre>Circulaire du 2 mars 2011 relative à l'interdiction de la dissimulation du visage dans l'espace public</Titre>
</Reference>
<PourEnSavoirPlus type="Information pratique" ID="R56334" URL="https://www.gouvernement.fr/sites/default/files/contenu/piece-jointe/2019/10/gestion_religieux_entreprise_prive-nov2019.pdf" audience="Particuliers">
<Titre>La gestion des faits religieux en entreprise</Titre>
<Source ID="R56333">Observatoire de la laïcité</Source>
</PourEnSavoirPlus>
<PourEnSavoirPlus type="Information pratique" ID="R2817" URL="http://travail-emploi.gouv.fr/IMG/pdf/guide_candidats_salaries_majfevrier2018valide.pdf" audience="Particuliers" format="application/pdf" poids="281.6 KB">
<Titre>Guide pratique du fait religieux dans les entreprises privées (candidat/salarié)</Titre>
<Source ID="R30661">Ministère chargé du travail</Source>
</PourEnSavoirPlus>
<QuestionReponse ID="F21613" audience="Particuliers">Peut-on cacher son visage dans un lieu public ?</QuestionReponse>
</Publication>
