<?xml version="1.0" encoding="UTF-8"?><Publication xmlns:dc="http://purl.org/dc/elements/1.1/" xmlns:xsi="http://www.w3.org/2001/XMLSchema-instance" ID="F20789" type="Fiche Question-réponse" xsi:noNamespaceSchemaLocation="../Schemas/3.0/Publication.xsd">
<dc:title>Que faire si on est victime d'une infraction ?</dc:title>
<dc:creator>Direction de l'information légale et administrative</dc:creator>
<dc:subject>Justice</dc:subject>
<dc:description>Si vous êtes victime d'une infraction (vol, agression, cambriolage...), vous pouvez porter plainte. Après enquête, l'auteur des faits peut être poursuivi. Dans ce cas, vous pourrez demander une indemnisation. Si l'auteur des faits est connu, vous pouvez aussi saisir directement le tribunal par une citation directe. Des associations de victimes ou avocat peuvent vous aider à effectuer vos démarches.</dc:description>
<dc:publisher>Direction de l'information légale et administrative</dc:publisher>
<dc:contributor>Direction de l'information légale et administrative (Premier ministre), Ministère chargé de la justice</dc:contributor>
<dc:date>modified 2020-04-30</dc:date>
<dc:type>Question-réponse</dc:type>
<dc:format>text/xml</dc:format>
<dc:identifier>F20789</dc:identifier>
<dc:source>http://www.legifrance.gouv.fr/affichCode.do?idSectionTA=LEGISCTA000006167418&amp;cidTexte=LEGITEXT000006071154, http://www.legifrance.gouv.fr/affichCode.do?idSectionTA=LEGISCTA000006167422&amp;cidTexte=LEGITEXT000006071154, http://www.legifrance.gouv.fr/affichCode.do?idSectionTA=LEGISCTA000006182902&amp;cidTexte=LEGITEXT000006071154, https://www.legifrance.gouv.fr/affichCode.do?cidTexte=LEGITEXT000006070721&amp;idSectionTA=LEGISCTA000032021488</dc:source>
<dc:language>Fr</dc:language>
<dc:relation>isPartOf N263</dc:relation>
<dc:coverage>France entière</dc:coverage>
<dc:rights>https://www.service-public.fr/a-propos/mentions-legales</dc:rights>
<SurTitre>Question-réponse</SurTitre>
<Audience>Particuliers</Audience>
<Canal>www.service-public.fr</Canal>
<FilDAriane>
<Niveau ID="Particuliers">Accueil particuliers</Niveau>
<Niveau ID="N19807">Justice</Niveau>
<Niveau ID="N263">Affaire pénale</Niveau>
<Niveau ID="F20789" type="Fiche Question-réponse">Que faire si on est victime d'une infraction ?</Niveau>
</FilDAriane>
<Theme ID="N19807">
<Titre>Justice</Titre>
</Theme>
<SousThemePere ID="N271">Procédures judiciaires</SousThemePere><DossierPere ID="N263">
<Titre>Affaire pénale</Titre><SousDossier ID="N263-1">
<Titre>Mesures alternatives au procès</Titre>
<Fiche ID="F1824">Médiation pénale</Fiche>
<Fiche ID="F1461">Composition pénale</Fiche>
<Fiche ID="F10409">Comparution sur reconnaissance préalable de culpabilité (CRPC)</Fiche>
</SousDossier>
<SousDossier ID="N263-2">
<Titre>Lancement des poursuites</Titre>
<Fiche ID="F1435">Plainte simple</Fiche>
<Fiche ID="F20798">Plainte avec constitution de partie civile</Fiche>
<Fiche ID="F1455">Citation directe</Fiche>
</SousDossier>
<SousDossier ID="N263-3">
<Titre>Enquête</Titre>
<Fiche ID="F14837">Garde à vue</Fiche>
<Fiche ID="F32326">Perquisition</Fiche>
<Fiche ID="F1456">Information judiciaire</Fiche>
<Fiche ID="F1470">Mise en examen</Fiche>
<Fiche ID="F1489">Audition des témoins</Fiche>
</SousDossier>
<SousDossier ID="N263-4">
<Titre>Moyens de contrainte</Titre>
<Fiche ID="F2902">Contrôle judiciaire</Fiche>
<Fiche ID="F2007">Assignation à résidence avec surveillance électronique</Fiche>
<Fiche ID="F1042">Détention provisoire</Fiche>
</SousDossier>
<SousDossier ID="N263-5">
<Titre>Déroulement d'un procès</Titre>
<Fiche ID="F1457">Devant le tribunal de police</Fiche>
<Fiche ID="F1485">Devant le tribunal correctionnel</Fiche>
<Fiche ID="F1487">Devant la cour d'assises</Fiche>
<Fiche ID="F34165">Audition des témoins</Fiche>
</SousDossier>
</DossierPere>

<Introduction>
<Texte><Paragraphe>Si vous êtes victime d'une <LienIntra LienID="R10272" type="Définition de glossaire">infraction</LienIntra> (vol, agression, cambriolage...), vous pouvez porter plainte. Après enquête, l'auteur des faits peut être poursuivi. Dans ce cas, vous pourrez demander une indemnisation. Si l'auteur des faits est connu, vous pouvez aussi saisir directement le tribunal par une citation directe. Des associations de victimes ou avocat peuvent vous aider à effectuer vos démarches.</Paragraphe>
</Texte>
</Introduction>
<Texte><Chapitre>
<Titre>
<Paragraphe>Porter plainte</Paragraphe>
</Titre><SousChapitre>
<Titre>
<Paragraphe>Plainte simple</Paragraphe>
</Titre><Paragraphe>La <LienInterne LienPublication="F1435" type="Fiche d'information" audience="Particuliers">plainte</LienInterne> permet de saisir le <LienIntra LienID="R1123" type="Définition de glossaire">procureur de la République</LienIntra>  qui peut décider de faire procéder à une enquête par les services de police ou de gendarmerie. À la fin de l'enquête, l'auteur des faits peut être convoqué devant le tribunal pour y être jugé.</Paragraphe>
<Paragraphe>Vous devez <LienInterne LienPublication="F31982" type="Fiche Question-réponse" audience="Particuliers">porter plainte en respectant des délais</LienInterne>. Passés ces délais, l'auteur de l'infraction ne pourra plus être poursuivi.</Paragraphe>
<BlocCas affichage="onglet"><Cas>
<Titre>
<Paragraphe>Sur place</Paragraphe>
</Titre>
				<Paragraphe>Vous devez vous rendre dans un  commissariat de police ou à la gendarmerie de votre choix.</Paragraphe>
				<OuSAdresser ID="R13" type="Local personnalisable">
<Titre>Commissariat ou Gendarmerie</Titre>
<PivotLocal>commissariat_police</PivotLocal>
<RessourceWeb URL="http://www.interieur.gouv.fr/Contact/Contacter-une-brigade-de-gendarmerie-ou-un-commissariat-de-police"/>
</OuSAdresser>
				<Paragraphe>Les services de police ou de gendarmerie sont obligés d'enregistrer la plainte.</Paragraphe>
				<Paragraphe>La plainte est ensuite transmise au procureur de la République pour qu'il décide de la suite (enquête, classement sans suite...).</Paragraphe>
				<Paragraphe>Si vous ne connaissez pas l'auteur des faits, vous pouvez remplir une pré-plainte en ligne avant de vous déplacer.</Paragraphe>
				<Paragraphe>Vous obtiendrez alors un rendez-vous et les policiers ou gendarmes auront déjà les éléments de votre plainte à votre arrivée.</Paragraphe>
				<ServiceEnLigne ID="R19620" URL="https://www.pre-plainte-en-ligne.gouv.fr/" type="Téléservice">
<Titre>Pré-plainte en ligne</Titre>
<Source ID="R30603">Ministère chargé de l'intérieur</Source>
</ServiceEnLigne>

			
<Attention>
<Titre>Attention</Titre><Paragraphe>vous pouvez utiliser la pré-plainte en ligne uniquement si vous êtes victime d'une atteinte aux biens (vol, dégradation) ou d'un fait discriminatoire.</Paragraphe>
</Attention><Paragraphe>Vous pouvez demander l'aide d'un avocat.</Paragraphe>
<OuSAdresser ID="R14218" type="Local personnalisable">
<Titre>Avocat</Titre>
<PivotLocal>avocat_conseil_national</PivotLocal>
<RessourceWeb URL="http://cnb.avocat.fr/Trouver-un-avocat-en-France_a341.html"/>
<Source ID="R30762">Conseil national des barreaux</Source>
</OuSAdresser>

</Cas>
<Cas>
<Titre>
<Paragraphe>Par courrier</Paragraphe>
</Titre>
				<Paragraphe>Vous pouvez porter plainte directement auprès du procureur de la République. Il faut envoyer une <LienInterne LienPublication="R11469" type="Modèle de document" audience="Particuliers">lettre sur papier libre</LienInterne> au tribunal  judiciaire du lieu de l'infraction ou du domicile de l'auteur de l'infraction.</Paragraphe>
				<Paragraphe>La lettre doit préciser les éléments suivants :</Paragraphe>
				<Liste type="puce">
					<Item>
						<Paragraphe>État civil et coordonnées complètes (adresse et numéro de téléphone)  du plaignant</Paragraphe>
					</Item>
					<Item>
						<Paragraphe>Récit détaillé des faits, date et lieu de l'infraction</Paragraphe>
					</Item>
					<Item>
						<Paragraphe>Nom de l'auteur supposé si vous le connaissez (sinon, la plainte sera déposé plainte contre X)</Paragraphe>
					</Item>
					<Item>
						<Paragraphe>Noms et adresses des éventuels témoins de l'infraction</Paragraphe>
					</Item>
					<Item>
						<Paragraphe>Description et l'estimation provisoire ou définitive du préjudice</Paragraphe>
					</Item>
					<Item>
						<Paragraphe>Documents de preuve  : certificats médicaux , arrêts de travail, factures diverses, constats ....</Paragraphe>
					</Item>
					<Item>
						<Paragraphe>Volonté de se constituer partie civile</Paragraphe>
					</Item>
				</Liste>
			
				<ServiceEnLigne ID="R11469" URL="https://www.service-public.fr/simulateur/calcul/Porter_plainte" type="Modèle de document">
<Titre>Porter plainte auprès du procureur de la République</Titre>
<Source ID="R30608">Direction de l'information légale et administrative (Dila) - Premier ministre</Source>
</ServiceEnLigne>

			
				<OuSAdresser ID="R30" type="Local">
<Titre>Tribunal judiciaire ou de proximité</Titre>
<RessourceWeb URL="https://www.justice.fr/recherche/annuaires"/>
<Source ID="R30663">Ministère chargé de la justice</Source>
</OuSAdresser>
			
				<Paragraphe>Vous pouvez envoyer votre plainte en lettre recommandée avec accusé de réception ou par lettre simple. Vous pouvez aussi déposer votre plainte directement à l'accueil du tribunal. Dans tous les cas, un récépissé vous sera remis dès que les services du procureur de la République auront enregistré votre plainte.</Paragraphe>
			
<Paragraphe>Vous pouvez faire appel à un avocat pour qu'il dépose plainte auprès du procureur de la République pour vous. Les frais d'avocat sont à votre charge.</Paragraphe>
<OuSAdresser ID="R14218" type="Local personnalisable">
<Titre>Avocat</Titre>
<PivotLocal>avocat_conseil_national</PivotLocal>
<RessourceWeb URL="http://cnb.avocat.fr/Trouver-un-avocat-en-France_a341.html"/>
<Source ID="R30762">Conseil national des barreaux</Source>
</OuSAdresser>

</Cas>
</BlocCas>
<ASavoir>
<Titre>À savoir</Titre><Paragraphe>la victime a le droit à l'assistance d'un avocat dès le dépôt de plainte et tout au long de l'enquête.</Paragraphe>
</ASavoir>
</SousChapitre>
<SousChapitre>
<Titre>
<Paragraphe>Plainte avec constitution de partie civile</Paragraphe>
</Titre><Paragraphe>Vous pouvez porter plainte <LienInterne LienPublication="F20798" type="Fiche d'information" audience="Particuliers"> avec constitution de partie civile</LienInterne> auprès d'un juge d'instruction si vous êtes dans l'un des cas suivants :</Paragraphe>
<Liste type="puce">
<Item>
<Paragraphe>Le procureur de la République a décidé d'un <LienIntra LienID="R55993" type="Définition de glossaire">classement sans suite</LienIntra> après votre dépôt de plainte</Paragraphe>
</Item>
<Item>
<Paragraphe>Après un délai de 3 mois suivant le dépôt de plainte, vous n'avez pas eu de réponse de la part du procureur de la République</Paragraphe>
</Item>
<Item>
<Paragraphe>La plainte concerne un <LienIntra LienID="R49230" type="Définition de glossaire">crime</LienIntra> (viol , meurtre...)</Paragraphe>
</Item>
</Liste>
<Paragraphe>Vous pouvez vous adresser à un avocat.</Paragraphe>
<OuSAdresser ID="R14218" type="Local personnalisable">
<Titre>Avocat</Titre>
<PivotLocal>avocat_conseil_national</PivotLocal>
<RessourceWeb URL="http://cnb.avocat.fr/Trouver-un-avocat-en-France_a341.html"/>
<Source ID="R30762">Conseil national des barreaux</Source>
</OuSAdresser>
<Paragraphe>Les frais d'avocat peuvent être pris en charge par  <LienInterne LienPublication="F18074" type="Fiche d'information" audience="Particuliers">l'aide juridictionnelle</LienInterne>.</Paragraphe>

</SousChapitre>
</Chapitre>
<Chapitre>
<Titre>
<Paragraphe>Demander directement un procès</Paragraphe>
</Titre><Paragraphe>La <LienInterne LienPublication="F1455" type="Fiche d'information" audience="Particuliers">citation directe</LienInterne> est une procédure rapide qui permet à la victime de saisir directement le tribunal de police ou le tribunal correctionnel sans qu'une enquête ne soit faite.</Paragraphe>
<Paragraphe>Vous devez connaître l'auteur des faits et avoir des preuves suffisantes.</Paragraphe>
<Paragraphe>L'auteur des faits peut être condamné à une amende et/ou à une peine de prison.</Paragraphe>
<Paragraphe>Il doit également indemniser la victime <LienIntra LienID="R53960" type="Définition de glossaire">partie civile</LienIntra>.</Paragraphe>
<Paragraphe>Vous pouvez demander l'aide d'un avocat.</Paragraphe>
<OuSAdresser ID="R14218" type="Local personnalisable">
<Titre>Avocat</Titre>
<PivotLocal>avocat_conseil_national</PivotLocal>
<RessourceWeb URL="http://cnb.avocat.fr/Trouver-un-avocat-en-France_a341.html"/>
<Source ID="R30762">Conseil national des barreaux</Source>
</OuSAdresser>
<Paragraphe>Si vous n'avez pas suffisamment de ressources pour faire face aux honoraires de l'avocat vous pouvez demander <LienInterne LienPublication="F18074" type="Fiche d'information" audience="Particuliers">l'aide juridictionnelle</LienInterne>.</Paragraphe>

</Chapitre>
<Chapitre>
<Titre>
<Paragraphe>Demander une indemnisation</Paragraphe>
</Titre><SousChapitre>
<Titre>
<Paragraphe>Constitution de partie civile pour l'audience</Paragraphe>
</Titre><Paragraphe>Lorsque l'auteur est jugé devant le tribunal, vous pouvez <LienInterne LienPublication="F1422" type="Fiche d'information" audience="Particuliers">demander une indemnisation</LienInterne>  pour les préjudices suivants :</Paragraphe>
<Liste type="puce">
<Item>
<Paragraphe>Corporel (blessures, handicap, ...)</Paragraphe>
</Item>
<Item>
<Paragraphe>Matériel (perte de salaire résultant de l'infraction, destruction d'un bien, réparations ...)</Paragraphe>
</Item>
<Item>
<Paragraphe>Moral (préjudice psychologique)</Paragraphe>
</Item>
</Liste>
<Paragraphe>Pour avoir une indemnisation, vous devez vous <LienInterne LienPublication="F1454" type="Fiche Question-réponse" audience="Particuliers">constituer partie civile</LienInterne>.</Paragraphe>

</SousChapitre>
<SousChapitre>
<Titre>
<Paragraphe>Commission d'indemnisation des victimes (Civi)</Paragraphe>
</Titre><Paragraphe>Vous pouvez <LienInterne LienPublication="F2313" type="Fiche d'information" audience="Particuliers">saisir la commission d'indemnisation des victimes d'infraction (Civi)</LienInterne> lorsque vous ne pouvez pas être indemnisé par l'auteur des faits (l'auteur n'a pas été identifié ou est insolvable). Pour saisir la Civi, votre indemnisation par un organisme (assurances, sécurité sociale, mutuelle) doit  également être impossible.</Paragraphe>
<Paragraphe>Vous pouvez demander l'indemnisation pour un dommage corporel ayant entraîné une incapacité totale ou partielle de travail supérieure à 1 mois. Vous  pouvez également demander l'indemnisation pour une atteinte grave à vos biens (exemple : incendie de votre véhicule).</Paragraphe>
<ASavoir>
<Titre>À savoir</Titre><Paragraphe>si la victime de l'infraction est décédée, ses ayant-droits (époux ou épouse, parents, enfants) peuvent saisir la Civi.</Paragraphe>
</ASavoir>
</SousChapitre>
<SousChapitre>
<Titre>
<Paragraphe>Service d'aide au recouvrement des victimes d'infraction (Sarvi)</Paragraphe>
</Titre><Paragraphe>Si vous avez obtenu la condamnation de l'auteur des faits au paiement de <LienIntra LienID="R12532" type="Définition de glossaire">dommages et intérêts</LienIntra> et qu'il ne vous paye pas, vous pouvez <LienInterne LienPublication="F1744" type="Fiche d'information" audience="Particuliers">saisir le service d'aide au recouvrement des victimes d'infraction (Sarvi)</LienInterne>.</Paragraphe>
<Paragraphe>Le Sarvi peut vous indemniser d'une somme qu'il récupère auprès de la personne condamnée.</Paragraphe>

</SousChapitre>
<SousChapitre>
<Titre>
<Paragraphe>Procès civil : réparation du préjudice</Paragraphe>
</Titre><Paragraphe>Vous pouvez saisir un tribunal civil pour demander à votre adversaire la <LienInterne LienPublication="F1422" type="Fiche d'information" audience="Particuliers">réparation de votre préjudice</LienInterne>.</Paragraphe>
<Paragraphe>Il n'y aura pas d'enquête de police ou de gendarmerie. Le responsable des faits ne pourra pas être condamné à une peine de prison ou d'amende.</Paragraphe>

				<Paragraphe>La juridiction compétente dépend des sommes en jeu dans le litige.</Paragraphe>
				<Liste type="puce">
					<Item>
						<Paragraphe>Pour un litige inférieur ou égal à   <Valeur>10 000 €</Valeur>, c'est  le tribunal de proximité ou le tribunal judiciaire.</Paragraphe>
					</Item>
					<Item>
						<Paragraphe>Pour un  litige  supérieur à <Valeur>10 000 €</Valeur>, c'est le  tribunal judiciaire.</Paragraphe>
					</Item>
				</Liste>
				<OuSAdresser ID="R30" type="Local">
<Titre>Tribunal judiciaire ou de proximité</Titre>
<RessourceWeb URL="https://www.justice.fr/recherche/annuaires"/>
<Source ID="R30663">Ministère chargé de la justice</Source>
</OuSAdresser>
			
<Paragraphe>Vous pouvez demander l'aide d'un avocat.</Paragraphe>
<OuSAdresser ID="R14218" type="Local personnalisable">
<Titre>Avocat</Titre>
<PivotLocal>avocat_conseil_national</PivotLocal>
<RessourceWeb URL="http://cnb.avocat.fr/Trouver-un-avocat-en-France_a341.html"/>
<Source ID="R30762">Conseil national des barreaux</Source>
</OuSAdresser>
<Paragraphe>Les frais peuvent pris en charge dans le cadre de <LienInterne LienPublication="F18074" type="Fiche d'information" audience="Particuliers">l'aide juridictionnelle</LienInterne>.</Paragraphe>

</SousChapitre>
</Chapitre>
<Chapitre>
<Titre>
<Paragraphe>Obtenir des conseils</Paragraphe>
</Titre><Paragraphe>Des <LienInterne LienPublication="F20706" type="Fiche Question-réponse" audience="Particuliers">consultations juridiques gratuites</LienInterne> sont organisées par les avocats. Vous pouvez vous renseigner auprès de l'ordre des avocats de votre domicile.</Paragraphe>
<Paragraphe>Vous pouvez aussi obtenir de l'aide auprès d'une association du réseau France Victimes.</Paragraphe>
<OuSAdresser ID="R1883" type="Local personnalisable">
<Titre>Association d'aide aux victimes</Titre>
<PivotLocal>association_violence_scolaire</PivotLocal>
<RessourceWeb URL="http://www.france-victimes.fr/index.php/component/association"/>
</OuSAdresser>
<Paragraphe>Vous pouvez également appeler le numéro d'aide aux victimes.</Paragraphe>
<OuSAdresser ID="R167" type="Centre de contact">
<Titre>116 006 - Numéro d'aide aux victimes</Titre>
<Source ID="R30797">France Victimes</Source>
<Texte>
						
								<Paragraphe>
			
      Écoute, informe et conseille les victimes d'infractions ainsi que leurs proches.</Paragraphe>
							
						<Chapitre>
<Titre>
<Paragraphe>Par téléphone</Paragraphe>
</Titre>
								<Paragraphe>
<MiseEnEvidence>116 006</MiseEnEvidence>
</Paragraphe>
								<Paragraphe>Appel gratuit</Paragraphe>
								<Paragraphe>Ouvert 7 jours sur 7 de 9h à 19h</Paragraphe>
								<Paragraphe>
			Le service est  également accessible en composant le <MiseEnEvidence>+33 (0)1 80 52 33 76 </MiseEnEvidence>(numéro à tarification normale).</Paragraphe>
							</Chapitre>
						<Chapitre>
<Titre>
<Paragraphe>Par courriel</Paragraphe>
</Titre>
								<Paragraphe>victimes@france-victimes.fr</Paragraphe>
							</Chapitre>
					</Texte>
</OuSAdresser>
<Paragraphe>Vous pouvez vous adresser à la maison de justice et du droit de votre domicile.</Paragraphe>
<OuSAdresser ID="R11621" type="Local personnalisé sur SP">
<Titre>Maison de justice et du droit</Titre>
<PivotLocal>mjd</PivotLocal>
<RessourceWeb URL="http://www.annuaires.justice.gouv.fr/lieux-dacces-aux-droits-10111/"/>
<Source ID="R30663">Ministère chargé de la justice</Source>
</OuSAdresser>

</Chapitre>
</Texte><VoirAussi important="non">
<Fiche ID="F18074" audience="Particuliers">
<Titre>Aide juridictionnelle</Titre>
<Theme ID="N19807">
<Titre>Justice</Titre>
</Theme>
</Fiche>
<Fiche ID="F1435" audience="Particuliers">
<Titre>Porter plainte</Titre>
<Theme ID="N19807">
<Titre>Justice</Titre>
</Theme>
</Fiche>
<Fiche ID="F20798" audience="Particuliers">
<Titre>Plainte avec constitution de partie civile</Titre>
<Theme ID="N19807">
<Titre>Justice</Titre>
</Theme>
</Fiche>
<Fiche ID="F1455" audience="Particuliers">
<Titre>Citation directe</Titre>
<Theme ID="N19807">
<Titre>Justice</Titre>
</Theme>
</Fiche>
<Fiche ID="F1422" audience="Particuliers">
<Titre>Demande de dommages-intérêts en justice</Titre>
<Theme ID="N19807">
<Titre>Justice</Titre>
</Theme>
</Fiche>
</VoirAussi>
<Reference type="Texte de référence" URL="http://www.legifrance.gouv.fr/affichCode.do?idSectionTA=LEGISCTA000006167418&amp;cidTexte=LEGITEXT000006071154" ID="R19558">
<Titre>Code de procédure pénale : articles 39 à 44-1</Titre>
<Complement>Pouvoirs du procureur de la République, plainte simple</Complement>
</Reference>
<Reference type="Texte de référence" URL="http://www.legifrance.gouv.fr/affichCode.do?idSectionTA=LEGISCTA000006167422&amp;cidTexte=LEGITEXT000006071154" ID="R19559">
<Titre>Code de procédure pénale : articles 85 à 91-1</Titre>
<Complement>Dépôt d'une plainte avec constitution de partie civile</Complement>
</Reference>
<Reference type="Texte de référence" URL="http://www.legifrance.gouv.fr/affichCode.do?idSectionTA=LEGISCTA000006182902&amp;cidTexte=LEGITEXT000006071154" ID="R2254">
<Titre>Code de procédure pénale : articles 389 à 392-1</Titre>
<Complement>Procédure de citation directe</Complement>
</Reference>
<Reference type="Texte de référence" URL="https://www.legifrance.gouv.fr/affichCode.do?cidTexte=LEGITEXT000006070721&amp;idSectionTA=LEGISCTA000032021488" ID="R610">
<Titre>Code civil : articles 1240 à 1244</Titre>
<Complement>Indemnisation du préjudice</Complement>
</Reference>
<Definition ID="R55993">
<Titre>Classement sans suite</Titre>
<Texte>
				<Paragraphe>Décision prise par le procureur de la République de ne pas donner de suite à une affaire pénale</Paragraphe>
			</Texte>
</Definition>
<Definition ID="R49230">
<Titre>Crime</Titre>
<Texte>
				<Paragraphe>Infraction la plus grave punissable par une peine de prison (homicide volontaire ou  viol par exemple)</Paragraphe>
			</Texte>
</Definition>
<Definition ID="R12532">
<Titre>Dommages et intérêts</Titre>
<Texte>
				<Paragraphe>Somme d'argent destinée à réparer le préjudice subi</Paragraphe>
			</Texte>
</Definition>
<Definition ID="R1123">
<Titre>Procureur de la République</Titre>
<Texte>
				<Paragraphe>Magistrat à la tête du parquet (ou ministère public). Il est destinataire des plaintes et signalements. Il dirige les enquêtes, décide des poursuites et veille à l'application de la loi.</Paragraphe>
			</Texte>
</Definition>
<Definition ID="R10272">
<Titre>Infraction</Titre>
<Texte>
				<Paragraphe>Acte interdit par la loi et passible de sanctions pénales</Paragraphe>
			</Texte>
</Definition>
<Definition ID="R53960">
<Titre>Partie civile</Titre>
<Texte>
				<Paragraphe>Personne qui demande au juge chargé de la répression d'une infraction la réparation du préjudice que cette infraction lui a causée</Paragraphe>
			</Texte>
</Definition>
<QuestionReponse ID="F1454" audience="Particuliers">Procès pénal : qu'est-ce qu'une partie civile ?</QuestionReponse>
<QuestionReponse ID="F1157" audience="Particuliers">Quelles sont les différences entre une contravention, un délit et un crime ?</QuestionReponse>
<QuestionReponse ID="F1154" audience="Particuliers">Le procureur doit-il engager des poursuites à la suite d'une plainte ?</QuestionReponse>
<QuestionReponse ID="F16862" audience="Particuliers">Peut-on retirer une plainte et quelles en sont les conséquences ?</QuestionReponse>
<QuestionReponse ID="F31982" audience="Particuliers">Justice pénale : quels sont les délais de prescription ?</QuestionReponse>



</Publication>
