<?xml version="1.0" encoding="UTF-8"?><Publication xmlns:dc="http://purl.org/dc/elements/1.1/" xmlns:xsi="http://www.w3.org/2001/XMLSchema-instance" ID="F20762" type="Fiche Question-réponse" xsi:noNamespaceSchemaLocation="../Schemas/3.0/Publication.xsd">
<dc:title>Médiateur de l'eau : comment y recourir ?</dc:title>
<dc:creator>Direction de l'information légale et administrative</dc:creator>
<dc:subject>Logement</dc:subject>
<dc:description>Le médiateur de l'eau propose un règlement amiable des litiges entre consommateur et fournisseur d'eau et/ou service d'assainissement des eaux usées. Avant de saisir le médiateur, vous devez faire une réclamation écrite à votre fournisseur d'eau et/ou service d'assainissement. La saisine du médiateur est gratuite. Vous et votre fournisseur ou service d'assainissement pouvez ou non suivre la proposition de règlement amiable du médiateur. En cas de refus, vous pouvez saisir un tribunal civil.</dc:description>
<dc:publisher>Direction de l'information légale et administrative</dc:publisher>
<dc:contributor>Direction de l'information légale et administrative (Premier ministre)</dc:contributor>
<dc:date>modified 2020-07-27</dc:date>
<dc:type>Question-réponse</dc:type>
<dc:format>text/xml</dc:format>
<dc:identifier>F20762</dc:identifier>
<dc:language>Fr</dc:language>
<dc:relation>isPartOf N23557</dc:relation>
<dc:coverage>France entière</dc:coverage>
<dc:rights>https://www.service-public.fr/a-propos/mentions-legales</dc:rights>
<SurTitre>Question-réponse</SurTitre>
<Audience>Particuliers</Audience>
<Canal>www.service-public.fr</Canal>
<FilDAriane>
<Niveau ID="Particuliers">Accueil particuliers</Niveau>
<Niveau ID="N19808">Logement</Niveau>
<Niveau ID="N23557">Aides au paiement des factures : eau, téléphone, électricité, gaz</Niveau>
<Niveau ID="F20762" type="Fiche Question-réponse">Médiateur de l'eau : comment y recourir ?</Niveau>
</FilDAriane>
<Theme ID="N19808">
<Titre>Logement</Titre>
</Theme>
<SousThemePere ID="N305">Aides financières pour le logement</SousThemePere><DossierPere ID="N23557">
<Titre>Aides au paiement des factures : eau, téléphone, électricité, gaz</Titre>
<Fiche ID="F1557">Facture d'eau</Fiche>
<Fiche ID="F1337">Facture de téléphone</Fiche>
<Fiche ID="F33667">Chèque énergie</Fiche>
</DossierPere>

<Introduction>
<Texte><Paragraphe>Le médiateur de l'eau propose un règlement amiable des litiges entre consommateur et fournisseur d'eau et/ou service d'assainissement des eaux usées. Avant de saisir le médiateur, vous devez faire une réclamation écrite à votre fournisseur d'eau et/ou service d'assainissement. La saisine du médiateur est gratuite. Vous et votre fournisseur ou service d'assainissement pouvez ou non suivre la proposition de règlement amiable du médiateur. En cas de refus, vous pouvez saisir un tribunal civil.</Paragraphe>
</Texte>
</Introduction>
<Texte><Chapitre>
<Titre>
<Paragraphe>Qui peut le saisir ?</Paragraphe>
</Titre><Paragraphe>Vous pouvez saisir le médiateur de l'eau si vous êtes en litige avec votre fournisseur d'eau.</Paragraphe>
<Paragraphe>Par exemple, il peut s'agir d'une  facture d'eau anormalement élevé ou du service d'assainissement des eaux usées.</Paragraphe>

</Chapitre>
<Chapitre>
<Titre>
<Paragraphe>Quand le saisir ?</Paragraphe>
</Titre><Paragraphe>Avant de saisir le médiateur, vous devez faire une réclamation écrite à votre fournisseur et/ou service d'assainissement, de préférence par lettre recommandée avec avis de réception.</Paragraphe>
<Paragraphe>Votre fournisseur d'eau et/ou service d'assainissement a 2 mois pour proposer une solution. Si la réponse reçue ne vous satisfait pas ou en l'absence de réponse, vous pouvez saisir le médiateur de l'eau.</Paragraphe>

</Chapitre>
<Chapitre>
<Titre>
<Paragraphe>Comment le saisir ?</Paragraphe>
</Titre><BlocCas affichage="onglet"><Cas>
<Titre>
<Paragraphe>En ligne</Paragraphe>
</Titre><ServiceEnLigne ID="R45380" URL="https://www.mediation-eau.fr/FR/saisir-le-mediateur-de-leau.asp" type="Téléservice">
<Titre>Saisine en ligne du médiateur de l'eau</Titre>
<Source ID="R30698">Médiateur de l'eau</Source><ServiceEnLigneAnnexe type="Formulaire">
<Titre>Saisine du médiateur de l'eau</Titre>
<Texte><Paragraphe>Permet de saisir le médiateur de l'eau par courrier.</Paragraphe>
</Texte>
<LienWeb URL="https://www.mediation-eau.fr/userfiles/files/Formulaire-de-saisine.pdf" format="application/pdf" poids="253.2 KB"/>
</ServiceEnLigneAnnexe>
</ServiceEnLigne>

<Paragraphe>Vous devez scanner les pièces justificatives suivantes :</Paragraphe>
<Liste type="puce">
<Item>
<Paragraphe>Copie recto/verso de facture d'eau et/ou service d'assainissement</Paragraphe>
</Item>
<Item>
<Paragraphe>Copie de réclamation écrite envoyée au fournisseur d'eau et/ou service d'assainissement avec adresse et date apparente</Paragraphe>
</Item>
<Item>
<Paragraphe>Copie du courrier de réponse du fournisseur d'eau et/ou service d'assainissement à votre réclamation si vous en possédez une</Paragraphe>
</Item>
</Liste>
<Paragraphe>Si votre litige concerne une fuite d'eau, vous devez préciser dans le résumé du litige son emplacement précis.</Paragraphe>
<Paragraphe>Vous pouvez également joindre tous documents que vous jugerez utile pour permettre d'examiner le dossier.</Paragraphe>

</Cas>
<Cas>
<Titre>
<Paragraphe>Par courrier</Paragraphe>
</Titre><Paragraphe>Vous devez utiliser le formulaire de saisine si vous ne pouvez pas scanner de documents.</Paragraphe>
<ServiceEnLigne ID="R2579" URL="https://www.mediation-eau.fr/userfiles/files/Formulaire-de-saisine.pdf" format="application/pdf" poids="253.2 KB" type="Formulaire">
<Titre>Saisine du médiateur de l'eau</Titre>
<Source ID="R30698">Médiateur de l'eau</Source>
</ServiceEnLigne>

<Paragraphe>Vous devez joindre les pièces justificatives suivantes :</Paragraphe>
<Liste type="puce">
<Item>
<Paragraphe>Copie recto/verso de facture d'eau et/ou service d'assainissement</Paragraphe>
</Item>
<Item>
<Paragraphe>Copie de réclamation écrite envoyée au fournisseur d'eau et/ou service d'assainissement avec adresse et date apparente</Paragraphe>
</Item>
<Item>
<Paragraphe>Copie du courrier de réponse du fournisseur d'eau et/ou service d'assainissement à votre réclamation si vous en possédez une</Paragraphe>
</Item>
</Liste>
<Paragraphe>Si votre litige concerne une fuite d'eau, vous devez préciser dans le résumé du litige son emplacement précis.</Paragraphe>
<Paragraphe>Vous pouvez également joindre tous documents que vous jugerez utile pour permettre d'examiner le dossier.</Paragraphe>
<Paragraphe>Vos documents (formulaire et pièces justificatives) doivent être envoyés de préférence par lettre recommandée avec avis de réception au médiateur de l'eau.</Paragraphe>
<OuSAdresser ID="R33439" type="Centre de contact">
<Titre>Médiateur de l'eau</Titre>
<Texte>
						
								<Paragraphe>Permet de trouver une solution amiable lorsqu'il y a un litige avec son fournisseur d'eau et/ou d'assainissement des eaux usées.</Paragraphe>
							
						<Chapitre>
<Titre>
<Paragraphe>Par courrier</Paragraphe>
</Titre>
								<Paragraphe>Médiation de l'eau</Paragraphe>
								<Paragraphe>BP 40463</Paragraphe>
								<Paragraphe>75366 Paris Cedex 08</Paragraphe>
							</Chapitre>
						<Chapitre>
<Titre>
<Paragraphe>Par internet</Paragraphe>
</Titre>
								<Paragraphe>Sur le <LienExterne URL="https://www.mediation-eau.fr/FR/saisir-le-mediateur-de-leau.asp">site du médiateur de l'eau</LienExterne>
</Paragraphe>
							</Chapitre>
					</Texte>
</OuSAdresser>

</Cas>
</BlocCas>

</Chapitre>
<Chapitre>
<Titre>
<Paragraphe>Coût de la saisine</Paragraphe>
</Titre><Paragraphe>Gratuit</Paragraphe>

</Chapitre>
<Chapitre>
<Titre>
<Paragraphe>Traitement de la demande</Paragraphe>
</Titre><Paragraphe>Le médiateur propose une solution de règlement de litige dans un délai de 3 mois. Il doit vous faire parvenir sa proposition et la transmettre également à votre fournisseur et/ou service d'assainissement.</Paragraphe>
<Paragraphe>Votre fournisseur et/ou service d'assainissement et vous-même avez 1 mois pour informer le médiateur des suites données à sa proposition.</Paragraphe>

</Chapitre>
<Chapitre>
<Titre>
<Paragraphe>Fin de la médiation</Paragraphe>
</Titre><Paragraphe>Vous pouvez ou non trouver un accord avec votre fournisseur d'eau et/ou service d'assainissement.</Paragraphe>
<BlocCas affichage="onglet"><Cas>
<Titre>
<Paragraphe>Un accord est trouvé</Paragraphe>
</Titre><Paragraphe>Chaque partie s'engage à mettre en œuvre la proposition faite par le médiateur.</Paragraphe>
<ANoter>
<Titre>Exemple</Titre><Paragraphe>Votre fournisseur s'engage à vous rembourser.</Paragraphe>
</ANoter>
</Cas>
<Cas>
<Titre>
<Paragraphe>Aucun accord n'est trouvé</Paragraphe>
</Titre><Paragraphe>La médiation prend fin.</Paragraphe>
<Paragraphe>Vous pouvez saisir un <LienInterne LienPublication="F1783" type="Fiche d'information" audience="Particuliers">tribunal civil</LienInterne> pour régler votre litige.</Paragraphe>

</Cas>
</BlocCas>

</Chapitre>
</Texte><VoirAussi important="non">
<Fiche ID="F1557" audience="Particuliers">
<Titre>Aides financières pour le paiement des factures d'eau</Titre>
<Theme ID="N19808">
<Titre>Logement</Titre>
</Theme>
</Fiche>
</VoirAussi>
<ServiceEnLigne ID="R45380" URL="https://www.mediation-eau.fr/FR/saisir-le-mediateur-de-leau.asp" type="Téléservice">
<Titre>Saisine en ligne du médiateur de l'eau</Titre>
<Source ID="R30698">Médiateur de l'eau</Source><ServiceEnLigneAnnexe type="Formulaire">
<Titre>Saisine du médiateur de l'eau</Titre>
<Texte><Paragraphe>Permet de saisir le médiateur de l'eau par courrier.</Paragraphe>
</Texte>
<LienWeb URL="https://www.mediation-eau.fr/userfiles/files/Formulaire-de-saisine.pdf" format="application/pdf" poids="253.2 KB"/>
</ServiceEnLigneAnnexe>
</ServiceEnLigne>
<ServiceEnLigne ID="R2579" URL="https://www.mediation-eau.fr/userfiles/files/Formulaire-de-saisine.pdf" format="application/pdf" poids="253.2 KB" type="Formulaire">
<Titre>Saisine du médiateur de l'eau</Titre>
<Source ID="R30698">Médiateur de l'eau</Source>
</ServiceEnLigne>
<PourEnSavoirPlus type="Information pratique" ID="R41612" URL="http://www.mediation-eau.fr/" audience="Particuliers">
<Titre>Site du médiateur de l'eau</Titre>
<Source ID="R30698">Médiateur de l'eau</Source>
</PourEnSavoirPlus>
<QuestionReponse ID="F389" audience="Particuliers">Que faire en cas d'augmentation anormale de sa facture d'eau ?</QuestionReponse>
<QuestionReponse ID="F664" audience="Particuliers">Comment obtenir des informations sur la qualité de l'eau du robinet ?</QuestionReponse>
</Publication>
