<?xml version="1.0" encoding="UTF-8"?><Publication xmlns:dc="http://purl.org/dc/elements/1.1/" xmlns:xsi="http://www.w3.org/2001/XMLSchema-instance" ID="F20992" type="Fiche Question-réponse" xsi:noNamespaceSchemaLocation="../Schemas/3.0/Publication.xsd">
<dc:title>Quelles formalités réaliser avant d'immatriculer un véhicule acheté à l'étranger ?</dc:title>
<dc:creator>Direction de l'information légale et administrative</dc:creator>
<dc:subject>Transports</dc:subject>
<dc:description>Pour circuler en France, un véhicule acquis à l'étranger doit être conforme aux règles de sécurité et de construction prévues par le code de la route.</dc:description>
<dc:publisher>Direction de l'information légale et administrative</dc:publisher>
<dc:contributor>Direction de l'information légale et administrative (Premier ministre)</dc:contributor>
<dc:date>modified 2020-01-31</dc:date>
<dc:type>Question-réponse</dc:type>
<dc:format>text/xml</dc:format>
<dc:identifier>F20992</dc:identifier>
<dc:source>http://www.legifrance.gouv.fr/affichCode.do?idArticle=LEGIARTI000020241991&amp;idSectionTA=LEGISCTA000006177090&amp;cidTexte=LEGITEXT000006074228, https://www.legifrance.gouv.fr/codes/section_lc/LEGITEXT000006074228/LEGISCTA000006177098, https://www.legifrance.gouv.fr/loda/id/JORFTEXT000028990365/</dc:source>
<dc:language>Fr</dc:language>
<dc:relation>isPartOf N367</dc:relation>
<dc:coverage>France entière</dc:coverage>
<dc:rights>https://www.service-public.fr/a-propos/mentions-legales</dc:rights>
<SurTitre>Question-réponse</SurTitre>
<Audience>Particuliers</Audience>
<Canal>www.service-public.fr</Canal>
<Cible>Automobiliste</Cible>
<FilDAriane>
<Niveau ID="Particuliers">Accueil particuliers</Niveau>
<Niveau ID="N19812">Transports</Niveau>
<Niveau ID="N367">Carte grise (certificat d'immatriculation)</Niveau>
<Niveau ID="F20992" type="Fiche Question-réponse">Quelles formalités réaliser avant d'immatriculer un véhicule acheté à l'étranger ?</Niveau>
</FilDAriane>
<Theme ID="N19812">
<Titre>Transports</Titre>
</Theme><DossierPere ID="N367">
<Titre>Carte grise (certificat d'immatriculation)</Titre><SousDossier ID="N367-1">
<Titre>Vendre (ou donner) un véhicule</Titre>
<Fiche ID="F1707">Démarches à accomplir</Fiche>
<Fiche ID="F1360">Obtenir un certificat de non gage</Fiche>
</SousDossier>
<SousDossier ID="N367-2">
<Titre>Immatriculer un véhicule</Titre>
<Fiche ID="F10293">Immatriculer un véhicule neuf</Fiche>
<Fiche ID="F1050">Immatriculer un véhicule d'occasion</Fiche>
<Fiche ID="F10522">Immatriculer un tracteur ou un véhicule agricole</Fiche>
<Fiche ID="F1480">Hériter d'un véhicule</Fiche>
<Fiche ID="F1726">Demander un duplicata suite à une perte, un vol ou une détérioration</Fiche>
<Fiche ID="F19211">Coût de la carte grise</Fiche>
</SousDossier>
<SousDossier ID="N367-3">
<Titre>Titulaire du certificat et modification de sa situation</Titre>
<Fiche ID="F10477">Titulaire et cotitulaire de la carte grise</Fiche>
<Fiche ID="F12118">Changement d'adresse</Fiche>
<Fiche ID="F10613">Ajouter une autre personne sur sa carte grise</Fiche>
<Fiche ID="F31218">Retirer une personne sur la carte grise</Fiche>
<Fiche ID="F16876">Changement du nom du titulaire</Fiche>
</SousDossier>
<SousDossier ID="N367-4">
<Titre>Modifications du véhicule</Titre>
<Fiche ID="F1754">Véhicule retiré de la circulation</Fiche>
<Fiche ID="F1473">Véhicule accidenté</Fiche>
<Fiche ID="F1478">Véhicule transformé</Fiche>
<Fiche ID="F1468">Véhicule à détruire</Fiche>
</SousDossier>
<SousDossier ID="N367-5">
<Titre>Plaques d'immatriculation</Titre>
<Fiche ID="F20319">Caractéristiques</Fiche>
<Fiche ID="F18679">Vol</Fiche>
<Fiche ID="F34375">Usurpation</Fiche>
</SousDossier>
</DossierPere>

<Texte><Paragraphe>
<MiseEnEvidence>Préalable</MiseEnEvidence>
</Paragraphe>
<Paragraphe>Pour circuler en France, un véhicule acquis à l'étranger doit être conforme aux règles de sécurité et de construction prévues par le code de la route.</Paragraphe>
<Paragraphe>À son entrée en France, le véhicule devra avoir des plaques d'immatriculation valides. Si elles ne le sont pas, vous risquez l'immobilisation du véhicule par les forces de police.</Paragraphe>
<Paragraphe>Certains pays délivrent des plaques provisoires destinées à l'exportation. Lorsque les plaques ont perdu leur validité, le véhicule doit circuler avec un certificat d'immatriculation spécial WW.</Paragraphe>
<Paragraphe>D'autres pays exigent la radiation du véhicule de leurs registres nationaux ou/et la restitution des plaques d'immatriculation avant de quitter leur territoire.</Paragraphe>
<Paragraphe>Pour connaître les règles propres à chaque pays, il convient de s'adresser au consulat du pays concerné en France.</Paragraphe>
<OuSAdresser ID="R2884" type="Local personnalisable">
<Titre>Ambassade ou consulat étranger en France</Titre>
<PivotLocal>ambassade_etranger_france</PivotLocal>
<RessourceWeb URL="http://www.diplomatie.gouv.fr/fr/le-ministere-et-son-reseau/annuaires-et-adresses-du-ministere/ambassades-et-consulats-etrangers/"/>
<Source ID="R30604">Ministère chargé de l'Europe et des affaires étrangères</Source>
</OuSAdresser>
<Paragraphe>
<MiseEnEvidence>Formalités auprès de la douane et des impôts</MiseEnEvidence>
</Paragraphe>
<Paragraphe>Vous devrez effectuer des formalités auprès des services de la douane et des impôts.</Paragraphe>
<Paragraphe>Ces formalités seront différentes selon la provenance du véhicule, suivant que celui-ci provient d'un <LienIntra LienID="R41207" type="Définition de glossaire">département d'outre-mer</LienIntra>, d'une <LienIntra LienID="R41254" type="Définition de glossaire"> collectivité d'outre-mer</LienIntra>, d'un pays de <LienIntra LienID="R41270" type="Définition de glossaire">l'Union européenne (UE)</LienIntra> ou d'un autre pays.</Paragraphe>
<BlocCas affichage="radio"><Cas>
<Titre>
<Paragraphe>Véhicule provenant d'un département ou d'une collectivité territoriale d'outre-mer</Paragraphe>
</Titre><Paragraphe>Vous n'avez pas à régler de droits de  douane.</Paragraphe>
<Paragraphe>En revanche, vous devez vous acquitter de la TVA auprès du service des impôts des entreprises (SIE)  de votre domicile.</Paragraphe>
<Paragraphe>Contactez au préalable votre SIE pour connaître les modes de paiement autorisés (espèces, chèque classique ou chèque de banque, carte bancaire,...).</Paragraphe>
<OuSAdresser ID="R15019" type="Local personnalisable">
<Titre>Service en charge des impôts (trésorerie, service des impôts...)</Titre>
<PivotLocal>centre_impots</PivotLocal>
<RessourceWeb URL="https://www.impots.gouv.fr/portail/contacts"/>
<Source ID="R30612">Ministère chargé des finances</Source>
</OuSAdresser>

</Cas>
<Cas>
<Titre>
<Paragraphe>Véhicule neuf provenant d'un pays de l'UE</Paragraphe>
</Titre><Paragraphe>Vous n'avez pas à régler de droits de  douane si le véhicule provient d'un pays de l'Union européenne.</Paragraphe>
<Paragraphe>En revanche, vous devez vous acquitter de la TVA auprès du service des impôts des entreprises (SIE) de votre domicile.</Paragraphe>
<Paragraphe>Contactez au préalable votre SIE pour connaître les modes de paiement autorisés (espèces, chèque classique ou chèque de banque, carte bancaire,...).</Paragraphe>
<OuSAdresser ID="R15019" type="Local personnalisable">
<Titre>Service en charge des impôts (trésorerie, service des impôts...)</Titre>
<PivotLocal>centre_impots</PivotLocal>
<RessourceWeb URL="https://www.impots.gouv.fr/portail/contacts"/>
<Source ID="R30612">Ministère chargé des finances</Source>
</OuSAdresser>

</Cas>
<Cas>
<Titre>
<Paragraphe>Véhicule d'occasion provenant d'un pays de l'UE</Paragraphe>
</Titre><Paragraphe>Vous n'avez pas à régler de droits de douane si le véhicule provient d'un pays de l'Union européenne.</Paragraphe>
<Paragraphe>Vous devez cependant présenter un  <LienInterne LienPublication="F179" type="Fiche Question-réponse" audience="Particuliers">quitus fiscal</LienInterne>. Pour cela, rendez-vous au service des impôts des entreprises (SIE) de votre domicile.</Paragraphe>
<OuSAdresser ID="R15019" type="Local personnalisable">
<Titre>Service en charge des impôts (trésorerie, service des impôts...)</Titre>
<PivotLocal>centre_impots</PivotLocal>
<RessourceWeb URL="https://www.impots.gouv.fr/portail/contacts"/>
<Source ID="R30612">Ministère chargé des finances</Source>
</OuSAdresser>

</Cas>
<Cas>
<Titre>
<Paragraphe>Véhicule provenant d'un pays hors UE</Paragraphe>
</Titre>
<BlocCas affichage="radio"><Cas>
<Titre>
<Paragraphe>Cas général</Paragraphe>
</Titre><Paragraphe>Vous devez régler les droits de douane et la TVA auprès d'un bureau de douane.</Paragraphe>
<Paragraphe>Vous devez obtenir un procès-verbal de réception à titre isolé (RTI), auprès de la Dreal compétente, selon votre domicile si vous n'avez pas :</Paragraphe>
<Liste type="puce">
<Item>
<Paragraphe>soit un certificat de conformité à un type CE,</Paragraphe>
</Item>
<Item>
<Paragraphe>soit une attestation d'identification à un type CE.</Paragraphe>
</Item>
</Liste>
<Paragraphe>Ces 2 documents sont remis par le constructeur au moment de la vente initiale du véhicule. Il peut aussi vous en délivrer des copies (généralement payantes). Le certificat de conformité peut être délivré sous forme de document numérique.</Paragraphe>
<OuSAdresser ID="R22" type="Local personnalisé sur SP">
<Titre>Direction régionale de l'environnement, de l'aménagement et du logement (Dreal)</Titre>
<PivotLocal>dreal_ut</PivotLocal>
<RessourceWeb URL="https://www.ecologique-solidaire.gouv.fr/services-deconcentres-du-ministere#e4"/>
</OuSAdresser>

</Cas>
<Cas>
<Titre>
<Paragraphe>Départements 75, 77, 78, 91, 92, 93, 94 et 95</Paragraphe>
</Titre><Paragraphe>Vous devez régler les droits de douane et la TVA auprès d'un bureau de douane.</Paragraphe>
<Paragraphe>Vous devez obtenir un procès-verbal de réception à titre isolé (RTI) si vous n'avez pas :</Paragraphe>
<Liste type="puce">
<Item>
<Paragraphe>soit un certificat de conformité à un type CE,</Paragraphe>
</Item>
<Item>
<Paragraphe>soit une attestation d'identification à un type CE.</Paragraphe>
</Item>
</Liste>
<Paragraphe>Ces 2 documents sont remis par le constructeur au moment de la vente initiale du véhicule. Il peut aussi vous en délivrer des copies (généralement payantes). Le certificat de conformité peut être délivré sous forme de document numérique.</Paragraphe>
<Paragraphe>La demande de procès-verbal de RTI est à transmettre à la plate-forme régionale de réception de véhicules de la DRIEE Île-de-France.</Paragraphe>
<OuSAdresser ID="R50153" type="Local">
<Titre>Réception des véhicules pour les constructeurs, professionnels et les particuliers - Île-de-France</Titre>
<RessourceWeb URL="http://www.driee.ile-de-france.developpement-durable.gouv.fr/receptions-des-vehicules-r1384.html"/>
</OuSAdresser>

</Cas>
</BlocCas>
</Cas>
</BlocCas>

</Texte><Reference type="Texte de référence" URL="http://www.legifrance.gouv.fr/affichCode.do?idArticle=LEGIARTI000020241991&amp;idSectionTA=LEGISCTA000006177090&amp;cidTexte=LEGITEXT000006074228" ID="R20993">
<Titre>Code de la route : articles R317-8 à R317-14</Titre>
<Complement>Plaques et inscriptions</Complement>
</Reference>
<Reference type="Texte de référence" URL="https://www.legifrance.gouv.fr/codes/section_lc/LEGITEXT000006074228/LEGISCTA000006177098" ID="R778">
<Titre>Code de la route : articles R322-1 à R322-14</Titre>
<Complement>Délivrance du certificat d'immatriculation</Complement>
</Reference>
<Reference type="Texte de référence" URL="https://www.legifrance.gouv.fr/loda/id/JORFTEXT000028990365/" ID="R40485">
<Titre>Arrêté du 14 mai 2014 relatif au contrôle de conformité initial des véhicules de PTAC inférieur ou égal à 3,5 tonnes</Titre>
</Reference>
<PourEnSavoirPlus type="Information pratique" ID="R15137" URL="http://europa.eu/youreurope/citizens/vehicles/cars/buying-a-car-abroad/index_fr.htm" audience="Particuliers">
<Titre>Achat et leasing d'une voiture dans un autre pays européen : prix et TVA</Titre>
<Source ID="R30669">Commission européenne</Source>
</PourEnSavoirPlus>
<Definition ID="R41270">
<Titre>Union européenne (UE)</Titre>
<Texte>
				<Paragraphe>Allemagne, Autriche, Belgique, Bulgarie, Chypre, Croatie, Danemark, Espagne, Estonie, Finlande, France, Grèce, Hongrie, Irlande, Italie, Lituanie, Lettonie, Luxembourg, Malte, Pays-Bas, Pologne, Portugal, République tchèque, Roumanie, Slovaquie, Slovénie, Suède. Attention : le Royaume-Uni a quitté  l'UE, mais le droit européen s'applique encore aux britanniques jusqu'au 31 décembre 2020.</Paragraphe>
			</Texte>
</Definition>
<Definition ID="R41254">
<Titre>Collectivités et territoires d'outre-mer (Com et Tom)</Titre>
<Texte>
				<Paragraphe>Nouvelle-Calédonie (statut particulier) - Polynésie française - Saint-Barthélemy - Saint-Martin  - Saint-Pierre-et-Miquelon - Terres australes et antarctiques françaises (statut particulier) - Wallis-et-Futuna</Paragraphe>
			</Texte>
</Definition>
<Definition ID="R41207">
<Titre>Départements d'outre-mer (Dom)</Titre>
<Texte>
				<Paragraphe>Guadeloupe - Guyane - Martinique - Mayotte - La Réunion</Paragraphe>
			</Texte>
</Definition>
<QuestionReponse ID="F179" audience="Particuliers">Comment obtenir un quitus fiscal ?</QuestionReponse>
</Publication>
