<?xml version="1.0" encoding="UTF-8"?><Publication xmlns:dc="http://purl.org/dc/elements/1.1/" xmlns:xsi="http://www.w3.org/2001/XMLSchema-instance" ID="F21050" type="Fiche Question-réponse" xsi:noNamespaceSchemaLocation="../Schemas/3.0/Publication.xsd">
<dc:title>Quels sont les droits du salarié dont le contrat de travail est suspendu ?</dc:title>
<dc:creator>Direction de l'information légale et administrative</dc:creator>
<dc:subject>Travail</dc:subject>
<dc:description>Le salarié suspendu temporairement (arrêt maladie, congé de maternité ou d'adoption, par exemple) bénéficie toutefois de droits, sous conditions.</dc:description>
<dc:publisher>Direction de l'information légale et administrative</dc:publisher>
<dc:contributor>Direction de l'information légale et administrative (Premier ministre)</dc:contributor>
<dc:date>modified 2019-10-23</dc:date>
<dc:type>Question-réponse</dc:type>
<dc:format>text/xml</dc:format>
<dc:identifier>F21050</dc:identifier>
<dc:source>https://www.legifrance.gouv.fr/affichCode.do?idSectionTA=LEGISCTA000006195602&amp;cidTexte=LEGITEXT000006072050, http://www.legifrance.gouv.fr/affichCode.do?idSectionTA=LEGISCTA000006195595&amp;cidTexte=LEGITEXT000006072050, https://www.legifrance.gouv.fr/affichCode.do?idSectionTA=LEGISCTA000033006265&amp;cidTexte=LEGITEXT000006072050</dc:source>
<dc:language>Fr</dc:language>
<dc:relation>isPartOf N19871</dc:relation>
<dc:coverage>France entière</dc:coverage>
<dc:rights>https://www.service-public.fr/a-propos/mentions-legales</dc:rights>
<SurTitre>Question-réponse</SurTitre>
<Audience>Particuliers</Audience>
<Canal>www.service-public.fr</Canal>
<FilDAriane>
<Niveau ID="Particuliers">Accueil particuliers</Niveau>
<Niveau ID="N19806">Travail</Niveau>
<Niveau ID="N19871">Contrats de travail dans le secteur privé</Niveau>
<Niveau ID="F21050" type="Fiche Question-réponse">Quels sont les droits du salarié dont le contrat de travail est suspendu ?</Niveau>
</FilDAriane>
<Theme ID="N19806">
<Titre>Travail</Titre>
</Theme>
<SousThemePere ID="N19962">Contrats et carrière</SousThemePere><DossierPere ID="N19871">
<Titre>Contrats de travail dans le secteur privé</Titre><SousDossier ID="N19871-1">
<Titre>Contrat à durée indéterminée (CDI)</Titre>
<Fiche ID="F1906">Caractéristiques</Fiche>
<Fiche ID="F2339">Modification</Fiche>
<Fiche ID="F10033">Rupture</Fiche>
</SousDossier>
<SousDossier ID="N19871-2">
<Titre>Contrat à durée déterminée (CDD)</Titre>
<Fiche ID="F34">Cas de recours</Fiche>
<Fiche ID="F36">Conclusion</Fiche>
<Fiche ID="F41">Situation du salarié</Fiche>
<Fiche ID="F38">Renouvellement</Fiche>
<Fiche ID="F40">Fin</Fiche>
</SousDossier>
<SousDossier ID="N19871-3">
<Titre>Contrat temporaire</Titre>
<Fiche ID="F11215">Contrat d'intérim</Fiche>
<Fiche ID="F33693">Contrat d'extra (CDD d'usage)</Fiche>
</SousDossier>
</DossierPere>

<Introduction>
<Texte><Paragraphe>Pendant la <LienIntra LienID="R43526" type="Définition de glossaire">suspension</LienIntra> temporaire de son contrat de travail (arrêt maladie, congé de maternité ou d'adoption, par exemple), le salarié ne travaille pas. Il bénéficie toutefois de certains droits sous certaines conditions.</Paragraphe>
</Texte>
</Introduction>
<Texte><Chapitre>
<Titre>
<Paragraphe>Indemnités</Paragraphe>
</Titre><Paragraphe>Le salarié n'est pas rémunéré pendant la durée de suspension de son contrat de travail.</Paragraphe>
<Paragraphe>Toutefois, il peut percevoir des indemnités dans certaines situations, notamment en cas de :</Paragraphe>
<Liste type="puce">
<Item>
<Paragraphe>
<LienInterne LienPublication="F592" type="Fiche Question-réponse" audience="Particuliers">Chômage partiel</LienInterne>
</Paragraphe>
</Item>
<Item>
<Paragraphe>
<LienInterne LienPublication="F3053" type="Fiche d'information" audience="Particuliers">Maladie</LienInterne> (indemnités versées par la sécurité sociale, voire indemnités complémentaires versées par l'employeur)</Paragraphe>
</Item>
<Item>
<Paragraphe>
<LienInterne LienPublication="F2265" type="Fiche d'information" audience="Particuliers">Congé maternité</LienInterne>
</Paragraphe>
</Item>
<Item>
<Paragraphe>
<LienInterne LienPublication="F3156" type="Fiche d'information" audience="Particuliers">Congé paternité et d'accueil de l'enfant</LienInterne>
</Paragraphe>
</Item>
<Item>
<Paragraphe>
<LienInterne LienPublication="F2280" type="Fiche d'information" audience="Particuliers">Congé parental d'éducation</LienInterne>
</Paragraphe>
</Item>
<Item>
<Paragraphe>Congé lié au <LienInterne LienPublication="F1907" type="Fiche d'information" audience="Particuliers">compte épargne-temps (CET)</LienInterne>
</Paragraphe>
</Item>
</Liste>
<ASavoir>
<Titre>À savoir</Titre><Paragraphe>si une convention collective prévoit des dispositions plus favorables au salarié que la loi, c'est la convention collective qui s'applique.</Paragraphe>
</ASavoir>
</Chapitre>
<Chapitre>
<Titre>
<Paragraphe>Formation</Paragraphe>
</Titre><Paragraphe>Dans certaines situations, le salarié peut bénéficier d'actions de formation. C'est notamment le cas pendant un <LienInterne LienPublication="F19300" type="Fiche Question-réponse" audience="Particuliers">arrêt maladie</LienInterne> ou une période de <LienInterne LienPublication="F592" type="Fiche Question-réponse" audience="Particuliers">chômage partiel</LienInterne>.</Paragraphe>
<ASavoir>
<Titre>À savoir</Titre><Paragraphe>si une convention collective prévoit des dispositions plus favorables au salarié que la loi, c'est la convention collective qui s'applique.</Paragraphe>
</ASavoir>
</Chapitre>
<Chapitre>
<Titre>
<Paragraphe>Congés payés</Paragraphe>
</Titre><Paragraphe>La période de suspension est  prise en compte pour le calcul des congés payés pendant :</Paragraphe>
<Liste type="puce">
<Item>
<Paragraphe>
<LienInterne LienPublication="N177" type="Dossier" audience="Particuliers">Un congé de formation</LienInterne>
</Paragraphe>
</Item>
<Item>
<Paragraphe>
<LienInterne LienPublication="F2265" type="Fiche d'information" audience="Particuliers">Un congé de maternité</LienInterne>
</Paragraphe>
</Item>
<Item>
<Paragraphe>
<LienInterne LienPublication="F3156" type="Fiche d'information" audience="Particuliers">Un congé de paternité et d'accueil de l'enfant</LienInterne>
</Paragraphe>
</Item>
<Item>
<Paragraphe>
<LienInterne LienPublication="F2268" type="Fiche d'information" audience="Particuliers">Un congé d'adoption</LienInterne>
</Paragraphe>
</Item>
<Item>
<Paragraphe>Un congé lié au <LienInterne LienPublication="F1907" type="Fiche d'information" audience="Particuliers">compte épargne-temps (CET)</LienInterne>
</Paragraphe>
</Item>
<Item>
<Paragraphe>Un congé pour événements familiaux</Paragraphe>
</Item>
<Item>
<Paragraphe>Un arrêt de travail suite à un accident du travail, de trajet ou à une maladie professionnelle</Paragraphe>
</Item>
</Liste>
<ASavoir>
<Titre>À savoir</Titre><Paragraphe>si une convention collective prévoit des dispositions plus favorables au salarié que la loi, c'est la convention collective qui s'applique.</Paragraphe>
</ASavoir>
</Chapitre>
<Chapitre>
<Titre>
<Paragraphe>Retour dans l'entreprise</Paragraphe>
</Titre><Paragraphe>À son retour dans l'entreprise, le salarié doit retrouver son emploi, ou un emploi similaire, assorti d'une rémunération au moins équivalente.</Paragraphe>
<ASavoir>
<Titre>À savoir</Titre><Paragraphe>si une convention collective prévoit des dispositions plus favorables au salarié que la loi, c'est la convention collective qui s'applique.</Paragraphe>
</ASavoir>
</Chapitre>
<Chapitre>
<Titre>
<Paragraphe>Démission</Paragraphe>
</Titre><Paragraphe>Durant la période de suspension de son contrat de travail, le salarié en <LienInterne LienPublication="R24389" type="Sigle">CDI</LienInterne> a le droit de <LienInterne LienPublication="F2883" type="Fiche d'information" audience="Particuliers">démissionner</LienInterne>, sous certaines conditions. Il doit alors respecter un <LienInterne LienPublication="F2855" type="Fiche d'information" audience="Particuliers">préavis</LienInterne>, sauf dispense de son employeur. Il n'y a pas de préavis à effectuer si la démission  intervient :</Paragraphe>
<Liste type="puce">
<Item>
<Paragraphe>
<LienInterne LienPublication="F1730" type="Fiche Question-réponse" audience="Particuliers">pendant une grossesse ou pour élever un enfant</LienInterne>
</Paragraphe>
</Item>
<Item>
<Paragraphe>ou à l'issue d'un <LienInterne LienPublication="F2382" type="Fiche d'information" audience="Particuliers">congé pour création d'entreprise</LienInterne>.</Paragraphe>
</Item>
</Liste>
<ASavoir>
<Titre>À savoir</Titre><Paragraphe>si une convention collective prévoit des dispositions plus favorables au salarié que la loi, c'est la convention collective qui s'applique.</Paragraphe>
</ASavoir>
</Chapitre>
</Texte><VoirAussi important="oui">
<Fiche ID="F32768" audience="Particuliers">
<Titre>Quelles sont les obligations du salarié dont le contrat de travail est suspendu ?</Titre>
<Theme ID="N19806">
<Titre>Travail</Titre>
</Theme>
</Fiche>
</VoirAussi>
<Reference type="Texte de référence" URL="https://www.legifrance.gouv.fr/affichCode.do?idSectionTA=LEGISCTA000006195602&amp;cidTexte=LEGITEXT000006072050" ID="R37318">
<Titre>Code du travail  : articles L1226-7 à L1226-9</Titre>
<Complement>Suspension du contrat et protection contre la rupture</Complement>
</Reference>
<Reference type="Texte de référence" URL="http://www.legifrance.gouv.fr/affichCode.do?idSectionTA=LEGISCTA000006195595&amp;cidTexte=LEGITEXT000006072050" ID="R34173">
<Titre>Code du travail : article L1225-34</Titre>
<Complement>Démission pendant la grossesse</Complement>
</Reference>
<Reference type="Texte de référence" URL="https://www.legifrance.gouv.fr/affichCode.do?idSectionTA=LEGISCTA000033006265&amp;cidTexte=LEGITEXT000006072050" ID="R46160">
<Titre>Code du travail : articles L3142-117 et L3142-118</Titre>
<Complement>Conditions, durée, demande du salarié, réponse de l'employeur, situation du salarié, au terme du congé ou du temps partiel (champ de la négociation collective))</Complement>
</Reference>
<Definition ID="R43526">
<Titre>Suspension d'un contrat de travail</Titre>
<Texte>
				<Paragraphe>Situation durant laquelle le paiement du salaire par l'employeur et l'exécution d'un travail par le salarié cessent temporairement (par exemple : exercice du droit de grève, fonction de juré d'assise, maladie ou accident du travail, congé de maternité, de paternité, d'adoption ou parental,   congé sabbatique, fermeture temporaire de l'entreprise , mise à pied)</Paragraphe>
			</Texte>
</Definition>
<Abreviation ID="R24389" type="Sigle">
<Titre>CDI</Titre>
<Texte>
<Paragraphe>Contrat de travail à durée indéterminée</Paragraphe>
</Texte>
</Abreviation>
<QuestionReponse ID="F18260" audience="Particuliers">L'absence du salarié est-elle prise en compte pour le calcul de ses congés ?</QuestionReponse>
</Publication>
