<?xml version="1.0" encoding="UTF-8"?><Publication xmlns:dc="http://purl.org/dc/elements/1.1/" xmlns:xsi="http://www.w3.org/2001/XMLSchema-instance" ID="F21051" type="Fiche d'information" xsi:noNamespaceSchemaLocation="../Schemas/3.0/Publication.xsd">
<dc:title>Logement social : supplément de loyer de solidarité (surloyer)</dc:title>
<dc:creator>Direction de l'information légale et administrative</dc:creator>
<dc:subject>Logement</dc:subject>
<dc:description>Un supplément de loyer de solidarité (SLS) dit surloyer peut être réclamé au locataire dès lors que ses revenus excèdent les plafonds de ressources exigés pour l'attribution d'un logement social.</dc:description>
<dc:publisher>Direction de l'information légale et administrative</dc:publisher>
<dc:contributor>Direction de l'information légale et administrative (Premier ministre)</dc:contributor>
<dc:date>modified 2020-01-03</dc:date>
<dc:type>Fiche pratique</dc:type>
<dc:format>text/xml</dc:format>
<dc:identifier>F21051</dc:identifier>
<dc:source>https://www.legifrance.gouv.fr/affichCode.do?idSectionTA=LEGISCTA000006176322&amp;cidTexte=LEGITEXT000006074096, http://www.legifrance.gouv.fr/affichCode.do?idSectionTA=LEGISCTA000006189384&amp;cidTexte=LEGITEXT000006074096, https://www.legifrance.gouv.fr/affichCode.do?idSectionTA=LEGISCTA000006189385&amp;cidTexte=LEGITEXT000006074096, https://www.legifrance.gouv.fr/affichCode.do?idSectionTA=LEGISCTA000006189386&amp;cidTexte=LEGITEXT000006074096, http://www.legifrance.gouv.fr/affichTexte.do?cidTexte=JORFTEXT000000294318, http://circulaire.legifrance.gouv.fr/pdf/2019/01/cir_44240.pdf, http://questions.assemblee-nationale.fr/q14/14-22822QE.htm, http://www.legifrance.gouv.fr/affichTexte.do?cidTexte=LEGITEXT000005617704, https://www.legifrance.gouv.fr/affichTexte.do?cidTexte=JORFTEXT000035938965, http://www.senat.fr/questions/base/2019/qSEQ190208708.html</dc:source>
<dc:language>Fr</dc:language>
<dc:relation>isPartOf N337</dc:relation>
<dc:coverage>France entière</dc:coverage>
<dc:rights>https://www.service-public.fr/a-propos/mentions-legales</dc:rights>
<SurTitre>Fiche pratique</SurTitre>
<Audience>Particuliers</Audience>
<Canal>www.service-public.fr</Canal>
<FilDAriane>
<Niveau ID="Particuliers">Accueil particuliers</Niveau>
<Niveau ID="N19808">Logement</Niveau>
<Niveau ID="N337">Location immobilière : loyer</Niveau>
<Niveau ID="F21051" type="Fiche d'information">Logement social : supplément de loyer de solidarité (surloyer)</Niveau>
</FilDAriane>
<Theme ID="N19808">
<Titre>Logement</Titre>
</Theme>
<SousThemePere ID="N289">Location immobilière</SousThemePere><DossierPere ID="N337">
<Titre>Location immobilière : loyer</Titre><SousDossier ID="N337-1">
<Titre>Fixation du loyer d'un logement privé</Titre>
<Fiche ID="F1310">Montant du loyer (cas général)</Fiche>
<Fiche ID="F34407">À Paris</Fiche>
<Fiche ID="F34408">À Lille, Hellemmes et Lomme</Fiche>
</SousDossier>
<SousDossier ID="N337-2">
<Titre>Paiement et évolution</Titre>
<Fiche ID="F34396">Paiement</Fiche>
<Fiche ID="F1311">Révision du loyer en cours de bail</Fiche>
<Fiche ID="F13723">Indice de référence des loyers (IRL)</Fiche>
<Fiche ID="F1312">Loyer sous-évalué : hausse au renouvellement du bail</Fiche>
</SousDossier>
<SousDossier ID="N337-3">
<Titre>Fixation du loyer d'un logement social</Titre>
<Fiche ID="F1317">Montant du loyer</Fiche>
<Fiche ID="F21051">Supplément de loyer de solidarité (SLS)</Fiche>
</SousDossier>
</DossierPere>

<SousDossierPere>Fixation du loyer d'un logement social</SousDossierPere>
<Introduction>
<Texte><Paragraphe>Un supplément de loyer de solidarité (SLS)  dit <Expression>surloyer</Expression> peut être réclamé au locataire dès lors que ses revenus excèdent les plafonds de ressources exigés pour l'attribution d'un logement social.</Paragraphe>
</Texte>
</Introduction>
<Texte><Chapitre>
<Titre>
<Paragraphe>Qui est concerné ?</Paragraphe>
</Titre><Paragraphe>Vous pouvez être obligé de payer un surloyer lorsque les  ressources des  personnes habitant votre  logement   dépassent un montant.</Paragraphe>
<Paragraphe>Ce montant est fixé selon :</Paragraphe>
<Liste type="puce">
<Item>
<Paragraphe>la localisation de votre logement (en Île-de-France ou dans une autre région)</Paragraphe>
</Item>
<Item>
<Paragraphe>le type de votre logement (PLS, PLUS ou  PLAI),</Paragraphe>
</Item>
<Item>
<Paragraphe>et le nombre de personnes logées. L'enfant faisant l'objet d'un droit de visite et d'hébergement, de même que l'enfant de parents séparés placé en garde alternée, doivent être pris en compte dans le calcul du nombre de personnes logées.</Paragraphe>
</Item>
</Liste>
<ASavoir>
<Titre>À savoir</Titre><Paragraphe>pour connaître le type de votre logement (PLUS, PLS, PLAI, PLI), renseignez-vous auprès de votre bailleur.</Paragraphe>
</ASavoir><BlocCas affichage="onglet"><Cas>
<Titre>
<Paragraphe>Île-de-France</Paragraphe>
</Titre>
<BlocCas affichage="radio"><Cas>
<Titre>
<Paragraphe>Paris ou commune limitrophe</Paragraphe>
</Titre><Rappel>
<Titre>Rappel</Titre><Paragraphe>les communes limitrophes de Paris sont : Aubervilliers, Bagnolet, Boulogne-Billancourt, Charenton-le-Pont, Clichy, Fontenay-Sous-Bois, Gentilly, Issy-les-Moulineaux, Ivry-sur-Seine, Joinville-le-Pont, Le Kremlin-Bicêtre, Les Lilas, Le Pré-Saint-Gervais, Levallois-Perret, Malakoff, Montreuil, Montrouge, Neuilly-sur-Seine, Nogent-sur-Marne, Pantin, Puteaux, Saint-Cloud, Saint-Denis, Saint-Mandé, Saint-Maurice, Saint-Ouen, Suresnes, Vanves, Vincennes.</Paragraphe>
</Rappel><Tableau>
<Titre>Revenu annuel à partir duquel un surloyer est à payer</Titre>
<Colonne largeur="20" type="normal"/>
<Colonne largeur="20" type="normal"/>
<Colonne largeur="20" type="normal"/>
<Colonne largeur="20" type="normal"/>
<Colonne largeur="20" type="normal"/>
<Rangée type="header">
<Cellule fusionHorizontale="2">
<Paragraphe>Nombre de personnes vivant au foyer</Paragraphe>
</Cellule>
<Cellule>
<Paragraphe>Prêt locatif</Paragraphe>
<Paragraphe>aidé d'intégration</Paragraphe>
<Paragraphe>(PLAI)</Paragraphe>
</Cellule>
<Cellule>
<Paragraphe>Prêt locatif</Paragraphe>
<Paragraphe>à usage social</Paragraphe>
<Paragraphe>(PLUS)</Paragraphe>
</Cellule>
<Cellule>
<Paragraphe>Prêt locatif</Paragraphe>
<Paragraphe>social</Paragraphe>
<Paragraphe>(PLS)</Paragraphe>
</Cellule>
</Rangée>
<Rangée type="normal">
<Cellule fusionVerticale="2">
<Paragraphe>1 personne</Paragraphe>
</Cellule>
<Cellule>
<Paragraphe>1 personne seule</Paragraphe>
</Cellule>
<Cellule>
<Paragraphe>
<Valeur>15 848 €</Valeur>
</Paragraphe>
</Cellule>
<Cellule>
<Paragraphe>
<Valeur>28 807 €</Valeur>
</Paragraphe>
</Cellule>
<Cellule>
<Paragraphe>
<Valeur>37 449 €</Valeur>
</Paragraphe>
</Cellule>
</Rangée>
<Rangée type="normal">
<Cellule>
<Paragraphe>1 personne seule ayant la <LienInterne LienPublication="F34049" type="Fiche d'information" audience="Particuliers">carte mobilité inclusion invalidité</LienInterne>
</Paragraphe>
</Cellule>
<Cellule>
<Paragraphe>
<Valeur>25 832 €</Valeur>
</Paragraphe>
</Cellule>
<Cellule>
<Paragraphe>
<Valeur>43 052 €</Valeur>
</Paragraphe>
</Cellule>
<Cellule>
<Paragraphe>
<Valeur>55 968 €</Valeur>
</Paragraphe>
</Cellule>
</Rangée>
<Rangée type="normal">
<Cellule fusionVerticale="4">
<Paragraphe>2 personnes</Paragraphe>
</Cellule>
<Cellule>
<Paragraphe>Cas général</Paragraphe>
</Cellule>
<Cellule>
<Paragraphe>
<Valeur>25 832 €</Valeur>
</Paragraphe>
</Cellule>
<Cellule>
<Paragraphe>
<Valeur>43 052 €</Valeur>
</Paragraphe>
</Cellule>
<Cellule>
<Paragraphe>
<Valeur>55 968 €</Valeur>
</Paragraphe>
</Cellule>
</Rangée>
<Rangée type="normal">
<Cellule>
<Paragraphe>
<LienIntra LienID="R46620" type="Définition de glossaire">Jeune couple</LienIntra>
</Paragraphe>
</Cellule>
<Cellule>
<Paragraphe>
<Valeur>33 862 €</Valeur>
</Paragraphe>
</Cellule>
<Cellule>
<Paragraphe>
<Valeur>56 437 €</Valeur>
</Paragraphe>
</Cellule>
<Cellule>
<Paragraphe>
<Valeur>73 368 €</Valeur>
</Paragraphe>
</Cellule>
</Rangée>
<Rangée type="normal">
<Cellule>
<Paragraphe>1 personne + 1 personne à charge</Paragraphe>
</Cellule>
<Cellule>
<Paragraphe>
<Valeur>33 862 €</Valeur>
</Paragraphe>
</Cellule>
<Cellule>
<Paragraphe>
<Valeur>56 437 €</Valeur>
</Paragraphe>
</Cellule>
<Cellule>
<Paragraphe>
<Valeur>73 368 €</Valeur>
</Paragraphe>
</Cellule>
</Rangée>
<Rangée type="normal">
<Cellule>
<Paragraphe>Au moins 1 personne a  la carte mobilité inclusion invalidité</Paragraphe>
</Cellule>
<Cellule>
<Paragraphe>
<Valeur>33 862 €</Valeur>
</Paragraphe>
</Cellule>
<Cellule>
<Paragraphe>
<Valeur>56 437 €</Valeur>
</Paragraphe>
</Cellule>
<Cellule>
<Paragraphe>
<Valeur>73 368 €</Valeur>
</Paragraphe>
</Cellule>
</Rangée>
<Rangée type="normal">
<Cellule fusionVerticale="3">
<Paragraphe>3 personnes</Paragraphe>
</Cellule>
<Cellule>
<Paragraphe>Cas général</Paragraphe>
</Cellule>
<Cellule>
<Paragraphe>
<Valeur>33 862 €</Valeur>
</Paragraphe>
</Cellule>
<Cellule>
<Paragraphe>
<Valeur>56 437 €</Valeur>
</Paragraphe>
</Cellule>
<Cellule>
<Paragraphe>
<Valeur>73 368 €</Valeur>
</Paragraphe>
</Cellule>
</Rangée>
<Rangée type="normal">
<Cellule>
<Paragraphe>1 personne + 2 personnes à charge</Paragraphe>
</Cellule>
<Cellule>
<Paragraphe>
<Valeur>37 064 €</Valeur>
</Paragraphe>
</Cellule>
<Cellule>
<Paragraphe>
<Valeur>67 382 €</Valeur>
</Paragraphe>
</Cellule>
<Cellule>
<Paragraphe>
<Valeur>87 597 €</Valeur>
</Paragraphe>
</Cellule>
</Rangée>
<Rangée type="normal">
<Cellule>
<Paragraphe>Au moins 1 personne a la carte mobilité inclusion invalidité</Paragraphe>
</Cellule>
<Cellule>
<Paragraphe>
<Valeur>37 064 €</Valeur>
</Paragraphe>
</Cellule>
<Cellule>
<Paragraphe>
<Valeur>67 382 €</Valeur>
</Paragraphe>
</Cellule>
<Cellule>
<Paragraphe>
<Valeur>87 597 €</Valeur>
</Paragraphe>
</Cellule>
</Rangée>
<Rangée type="normal">
<Cellule fusionVerticale="3">
<Paragraphe>4 personnes</Paragraphe>
</Cellule>
<Cellule>
<Paragraphe>Cas général</Paragraphe>
</Cellule>
<Cellule>
<Paragraphe>
<Valeur>37 064 €</Valeur>
</Paragraphe>
</Cellule>
<Cellule>
<Paragraphe>
<Valeur>67 382 €</Valeur>
</Paragraphe>
</Cellule>
<Cellule>
<Paragraphe>
<Valeur>87 597 €</Valeur>
</Paragraphe>
</Cellule>
</Rangée>
<Rangée type="normal">
<Cellule>
<Paragraphe>1 personne + 3 personnes à charge</Paragraphe>
</Cellule>
<Cellule>
<Paragraphe>
<Valeur>44 092 €</Valeur>
</Paragraphe>
</Cellule>
<Cellule>
<Paragraphe>
<Valeur>80 171 €</Valeur>
</Paragraphe>
</Cellule>
<Cellule>
<Paragraphe>
<Valeur>104 222 €</Valeur>
</Paragraphe>
</Cellule>
</Rangée>
<Rangée type="normal">
<Cellule>
<Paragraphe>au moins 1 personne a la carte mobilité inclusion invalidité</Paragraphe>
</Cellule>
<Cellule>
<Paragraphe>
<Valeur>44 092 €</Valeur>
</Paragraphe>
</Cellule>
<Cellule>
<Paragraphe>
<Valeur>80 171 €</Valeur>
</Paragraphe>
</Cellule>
<Cellule>
<Paragraphe>
<Valeur>104 222 €</Valeur>
</Paragraphe>
</Cellule>
</Rangée>
<Rangée type="normal">
<Cellule fusionVerticale="3">
<Paragraphe>5 personnes</Paragraphe>
</Cellule>
<Cellule>
<Paragraphe>Cas général</Paragraphe>
</Cellule>
<Cellule>
<Paragraphe>
<Valeur>44 092 €</Valeur>
</Paragraphe>
</Cellule>
<Cellule>
<Paragraphe>
<Valeur>80 171 €</Valeur>
</Paragraphe>
</Cellule>
<Cellule>
<Paragraphe>
<Valeur>104 222 €</Valeur>
</Paragraphe>
</Cellule>
</Rangée>
<Rangée type="normal">
<Cellule>
<Paragraphe>1 personne + 4 personnes à charge</Paragraphe>
</Cellule>
<Cellule>
<Paragraphe>
<Valeur>49 619 €</Valeur>
</Paragraphe>
</Cellule>
<Cellule>
<Paragraphe>
<Valeur>90 212 €</Valeur>
</Paragraphe>
</Cellule>
<Cellule>
<Paragraphe>
<Valeur>117 276 €</Valeur>
</Paragraphe>
</Cellule>
</Rangée>
<Rangée type="normal">
<Cellule>
<Paragraphe>Au moins 1 personne a la carte mobilité inclusion invalidité</Paragraphe>
</Cellule>
<Cellule>
<Paragraphe>
<Valeur>49 619 €</Valeur>
</Paragraphe>
</Cellule>
<Cellule>
<Paragraphe>
<Valeur>90 212 €</Valeur>
</Paragraphe>
</Cellule>
<Cellule>
<Paragraphe>
<Valeur>117 276 €</Valeur>
</Paragraphe>
</Cellule>
</Rangée>
</Tableau>

</Cas>
<Cas>
<Titre>
<Paragraphe>Autre commune d'Île-de-France</Paragraphe>
</Titre><Tableau>
<Titre>Revenu annuel à partir duquel un surloyer est à payer</Titre>
<Colonne largeur="20" type="normal"/>
<Colonne largeur="20" type="normal"/>
<Colonne largeur="20" type="normal"/>
<Colonne largeur="20" type="normal"/>
<Colonne largeur="20" type="normal"/>
<Rangée type="header">
<Cellule fusionHorizontale="2">
<Paragraphe>Nombre de personnes vivant au foyer</Paragraphe>
</Cellule>
<Cellule>
<Paragraphe>Prêt locatif</Paragraphe>
<Paragraphe>aidé d'intégration</Paragraphe>
<Paragraphe>(PLAI)</Paragraphe>
</Cellule>
<Cellule>
<Paragraphe>Prêt locatif</Paragraphe>
<Paragraphe>à usage social</Paragraphe>
<Paragraphe>(PLUS)</Paragraphe>
</Cellule>
<Cellule>
<Paragraphe>Prêt locatif</Paragraphe>
<Paragraphe>social</Paragraphe>
<Paragraphe>(PLS)</Paragraphe>
</Cellule>
</Rangée>
<Rangée type="normal">
<Cellule fusionVerticale="2">
<Paragraphe>1 personne</Paragraphe>
</Cellule>
<Cellule>
<Paragraphe>1 personne seule</Paragraphe>
</Cellule>
<Cellule>
<Paragraphe>
<Valeur>15 848 €</Valeur>
</Paragraphe>
</Cellule>
<Cellule>
<Paragraphe>
<Valeur>28 807 €</Valeur>
</Paragraphe>
</Cellule>
<Cellule>
<Paragraphe>
<Valeur>37 449 €</Valeur>
</Paragraphe>
</Cellule>
</Rangée>
<Rangée type="normal">
<Cellule>
<Paragraphe>1 personne seule ayant la <LienInterne LienPublication="F78" type="Fiche d'information" audience="Particuliers">carte mobilité inclusion invalidité</LienInterne>
</Paragraphe>
</Cellule>
<Cellule>
<Paragraphe>
<Valeur>25 832 €</Valeur>
</Paragraphe>
</Cellule>
<Cellule>
<Paragraphe>
<Valeur>43 052 €</Valeur>
</Paragraphe>
</Cellule>
<Cellule>
<Paragraphe>
<Valeur>55 968 €</Valeur>
</Paragraphe>
</Cellule>
</Rangée>
<Rangée type="normal">
<Cellule fusionVerticale="4">
<Paragraphe>2 personnes</Paragraphe>
</Cellule>
<Cellule>
<Paragraphe>Cas général</Paragraphe>
</Cellule>
<Cellule>
<Paragraphe>
<Valeur>25 832 €</Valeur>
</Paragraphe>
</Cellule>
<Cellule>
<Paragraphe>
<Valeur>43 052 €</Valeur>
</Paragraphe>
</Cellule>
<Cellule>
<Paragraphe>
<Valeur>55 968 €</Valeur>
</Paragraphe>
</Cellule>
</Rangée>
<Rangée type="normal">
<Cellule>
<Paragraphe>
<LienIntra LienID="R46620" type="Définition de glossaire">Jeune couple</LienIntra>
</Paragraphe>
</Cellule>
<Cellule>
<Paragraphe>
<Valeur>31 051 €</Valeur>
</Paragraphe>
</Cellule>
<Cellule>
<Paragraphe>
<Valeur>51 752 €</Valeur>
</Paragraphe>
</Cellule>
<Cellule>
<Paragraphe>
<Valeur>67 278 €</Valeur>
</Paragraphe>
</Cellule>
</Rangée>
<Rangée type="normal">
<Cellule>
<Paragraphe>1 personne + 1 personne à charge</Paragraphe>
</Cellule>
<Cellule>
<Paragraphe>
<Valeur>31 051 €</Valeur>
</Paragraphe>
</Cellule>
<Cellule>
<Paragraphe>
<Valeur>51 752 €</Valeur>
</Paragraphe>
</Cellule>
<Cellule>
<Paragraphe>
<Valeur>67 278 €</Valeur>
</Paragraphe>
</Cellule>
</Rangée>
<Rangée type="normal">
<Cellule>
<Paragraphe>Au moins 1 personne a  la carte mobilité inclusion invalidité</Paragraphe>
</Cellule>
<Cellule>
<Paragraphe>
<Valeur>31 051 €</Valeur>
</Paragraphe>
</Cellule>
<Cellule>
<Paragraphe>
<Valeur>51 752 €</Valeur>
</Paragraphe>
</Cellule>
<Cellule>
<Paragraphe>
<Valeur>67 278 €</Valeur>
</Paragraphe>
</Cellule>
</Rangée>
<Rangée type="normal">
<Cellule fusionVerticale="3">
<Paragraphe>3 personnes</Paragraphe>
</Cellule>
<Cellule>
<Paragraphe>Cas général</Paragraphe>
</Cellule>
<Cellule>
<Paragraphe>
<Valeur>31 051 €</Valeur>
</Paragraphe>
</Cellule>
<Cellule>
<Paragraphe>
<Valeur>51 752 €</Valeur>
</Paragraphe>
</Cellule>
<Cellule>
<Paragraphe>
<Valeur>67 278 €</Valeur>
</Paragraphe>
</Cellule>
</Rangée>
<Rangée type="normal">
<Cellule>
<Paragraphe>1 personne + 2 personnes à charge</Paragraphe>
</Cellule>
<Cellule>
<Paragraphe>
<Valeur>34 094 €</Valeur>
</Paragraphe>
</Cellule>
<Cellule>
<Paragraphe>
<Valeur>61 991 €</Valeur>
</Paragraphe>
</Cellule>
<Cellule>
<Paragraphe>
<Valeur>61 991 €</Valeur>
</Paragraphe>
</Cellule>
</Rangée>
<Rangée type="normal">
<Cellule>
<Paragraphe>Au moins 1 personne a la carte mobilité inclusion invalidité</Paragraphe>
</Cellule>
<Cellule>
<Paragraphe>
<Valeur>34 094 €</Valeur>
</Paragraphe>
</Cellule>
<Cellule>
<Paragraphe>
<Valeur>61 991 €</Valeur>
</Paragraphe>
</Cellule>
<Cellule>
<Paragraphe>
<Valeur>61 991 €</Valeur>
</Paragraphe>
</Cellule>
</Rangée>
<Rangée type="normal">
<Cellule fusionVerticale="3">
<Paragraphe>4 personnes</Paragraphe>
</Cellule>
<Cellule>
<Paragraphe>Cas général</Paragraphe>
</Cellule>
<Cellule>
<Paragraphe>
<Valeur>34 094 €</Valeur>
</Paragraphe>
</Cellule>
<Cellule>
<Paragraphe>
<Valeur>61 991 €</Valeur>
</Paragraphe>
</Cellule>
<Cellule>
<Paragraphe>
<Valeur>61 991 €</Valeur>
</Paragraphe>
</Cellule>
</Rangée>
<Rangée type="normal">
<Cellule>
<Paragraphe>1 personne + 3 personnes à charge</Paragraphe>
</Cellule>
<Cellule>
<Paragraphe>
<Valeur>40 364 €</Valeur>
</Paragraphe>
</Cellule>
<Cellule>
<Paragraphe>
<Valeur>73 385 €</Valeur>
</Paragraphe>
</Cellule>
<Cellule>
<Paragraphe>
<Valeur>95 400 €</Valeur>
</Paragraphe>
</Cellule>
</Rangée>
<Rangée type="normal">
<Cellule>
<Paragraphe>Au moins 1 personne a la carte mobilité inclusion invalidité</Paragraphe>
</Cellule>
<Cellule>
<Paragraphe>
<Valeur>40 364 €</Valeur>
</Paragraphe>
</Cellule>
<Cellule>
<Paragraphe>
<Valeur>73 385 €</Valeur>
</Paragraphe>
</Cellule>
<Cellule>
<Paragraphe>
<Valeur>95 400 €</Valeur>
</Paragraphe>
</Cellule>
</Rangée>
<Rangée type="normal">
<Cellule fusionVerticale="3">
<Paragraphe>5 personnes</Paragraphe>
</Cellule>
<Cellule>
<Paragraphe>Cas général</Paragraphe>
</Cellule>
<Cellule>
<Paragraphe>
<Valeur>40 364 €</Valeur>
</Paragraphe>
</Cellule>
<Cellule>
<Paragraphe>
<Valeur>73 385 €</Valeur>
</Paragraphe>
</Cellule>
<Cellule>
<Paragraphe>
<Valeur>95 400 €</Valeur>
</Paragraphe>
</Cellule>
</Rangée>
<Rangée type="normal">
<Cellule>
<Paragraphe>1 personne + 4 personnes à charge</Paragraphe>
</Cellule>
<Cellule>
<Paragraphe>
<Valeur>45 420 €</Valeur>
</Paragraphe>
</Cellule>
<Cellule>
<Paragraphe>
<Valeur>82 580 €</Valeur>
</Paragraphe>
</Cellule>
<Cellule>
<Paragraphe>
<Valeur>107 355 €</Valeur>
</Paragraphe>
</Cellule>
</Rangée>
<Rangée type="normal">
<Cellule>
<Paragraphe>Au moins 1 personne a la carte mobilité inclusion invalidité</Paragraphe>
</Cellule>
<Cellule>
<Paragraphe>
<Valeur>45 420 €</Valeur>
</Paragraphe>
</Cellule>
<Cellule>
<Paragraphe>
<Valeur>82 580 €</Valeur>
</Paragraphe>
</Cellule>
<Cellule>
<Paragraphe>
<Valeur>107 355 €</Valeur>
</Paragraphe>
</Cellule>
</Rangée>
</Tableau>

</Cas>
</BlocCas>
</Cas>
<Cas>
<Titre>
<Paragraphe>Autre région</Paragraphe>
</Titre><Tableau>
<Titre>Revenu annuel à partir duquel un surloyer est à payer</Titre>
<Colonne largeur="20" type="normal"/>
<Colonne largeur="20" type="normal"/>
<Colonne largeur="20" type="normal"/>
<Colonne largeur="20" type="normal"/>
<Colonne largeur="20" type="normal"/>
<Rangée type="header">
<Cellule fusionHorizontale="2">
<Paragraphe>Nombre de personnes vivant au foyer</Paragraphe>
</Cellule>
<Cellule>
<Paragraphe>Prêt locatif</Paragraphe>
<Paragraphe>aidé d'intégration</Paragraphe>
<Paragraphe>(PLAI)</Paragraphe>
</Cellule>
<Cellule>
<Paragraphe>Prêt locatif</Paragraphe>
<Paragraphe>à usage social</Paragraphe>
<Paragraphe>(PLUS)</Paragraphe>
</Cellule>
<Cellule>
<Paragraphe>Prêt locatif</Paragraphe>
<Paragraphe>social</Paragraphe>
<Paragraphe>(PLS)</Paragraphe>
</Cellule>
</Rangée>
<Rangée type="normal">
<Cellule fusionVerticale="2">
<Paragraphe>1 personne</Paragraphe>
</Cellule>
<Cellule>
<Paragraphe>1 personne seule</Paragraphe>
</Cellule>
<Cellule>
<Paragraphe>
<Valeur>13 774 €</Valeur>
</Paragraphe>
</Cellule>
<Cellule>
<Paragraphe>
<Valeur>25 044 €</Valeur>
</Paragraphe>
</Cellule>
<Cellule>
<Paragraphe>
<Valeur>32 557 €</Valeur>
</Paragraphe>
</Cellule>
</Rangée>
<Rangée type="normal">
<Cellule>
<Paragraphe>1 personne seule ayant la <LienInterne LienPublication="F34049" type="Fiche d'information" audience="Particuliers">carte mobilité inclusion invalidité</LienInterne>
</Paragraphe>
</Cellule>
<Cellule>
<Paragraphe>
<Valeur>20 068 €</Valeur>
</Paragraphe>
</Cellule>
<Cellule>
<Paragraphe>
<Valeur>33 444 €</Valeur>
</Paragraphe>
</Cellule>
<Cellule>
<Paragraphe>
<Valeur>43 477 €</Valeur>
</Paragraphe>
</Cellule>
</Rangée>
<Rangée type="normal">
<Cellule fusionVerticale="4">
<Paragraphe>2 personnes</Paragraphe>
</Cellule>
<Cellule>
<Paragraphe>Cas général</Paragraphe>
</Cellule>
<Cellule>
<Paragraphe>
<Valeur>20 068 €</Valeur>
</Paragraphe>
</Cellule>
<Cellule>
<Paragraphe>
<Valeur>33 444 €</Valeur>
</Paragraphe>
</Cellule>
<Cellule>
<Paragraphe>
<Valeur>43 477 €</Valeur>
</Paragraphe>
</Cellule>
</Rangée>
<Rangée type="normal">
<Cellule>
<Paragraphe>
<LienIntra LienID="R46620" type="Définition de glossaire">Jeune couple</LienIntra>
</Paragraphe>
</Cellule>
<Cellule>
<Paragraphe>
<Valeur>24 132 €</Valeur>
</Paragraphe>
</Cellule>
<Cellule>
<Paragraphe>
<Valeur>40 219 €</Valeur>
</Paragraphe>
</Cellule>
<Cellule>
<Paragraphe>
<Valeur>52 285 €</Valeur>
</Paragraphe>
</Cellule>
</Rangée>
<Rangée type="normal">
<Cellule>
<Paragraphe>1 personne + 1 personne à charge</Paragraphe>
</Cellule>
<Cellule>
<Paragraphe>
<Valeur>24 132 €</Valeur>
</Paragraphe>
</Cellule>
<Cellule>
<Paragraphe>
<Valeur>40 219 €</Valeur>
</Paragraphe>
</Cellule>
<Cellule>
<Paragraphe>
<Valeur>52 285 €</Valeur>
</Paragraphe>
</Cellule>
</Rangée>
<Rangée type="normal">
<Cellule>
<Paragraphe>Au moins 1 personne a  la carte mobilité inclusion invalidité</Paragraphe>
</Cellule>
<Cellule>
<Paragraphe>
<Valeur>24 132 €</Valeur>
</Paragraphe>
</Cellule>
<Cellule>
<Paragraphe>
<Valeur>40 219 €</Valeur>
</Paragraphe>
</Cellule>
<Cellule>
<Paragraphe>
<Valeur>52 285 €</Valeur>
</Paragraphe>
</Cellule>
</Rangée>
<Rangée type="normal">
<Cellule fusionVerticale="3">
<Paragraphe>3 personnes</Paragraphe>
</Cellule>
<Cellule>
<Paragraphe>Cas général</Paragraphe>
</Cellule>
<Cellule>
<Paragraphe>
<Valeur>24 132 €</Valeur>
</Paragraphe>
</Cellule>
<Cellule>
<Paragraphe>
<Valeur>40 219 €</Valeur>
</Paragraphe>
</Cellule>
<Cellule>
<Paragraphe>
<Valeur>52 285 €</Valeur>
</Paragraphe>
</Cellule>
</Rangée>
<Rangée type="normal">
<Cellule>
<Paragraphe>1 personne + 2 personnes à charge</Paragraphe>
</Cellule>
<Cellule>
<Paragraphe>
<Valeur>26 851 €</Valeur>
</Paragraphe>
</Cellule>
<Cellule>
<Paragraphe>
<Valeur>48 554 €</Valeur>
</Paragraphe>
</Cellule>
<Cellule>
<Paragraphe>
<Valeur>63 121 €</Valeur>
</Paragraphe>
</Cellule>
</Rangée>
<Rangée type="normal">
<Cellule>
<Paragraphe>Au moins 1 personne a la carte mobilité inclusion invalidité</Paragraphe>
</Cellule>
<Cellule>
<Paragraphe>
<Valeur>26 851 €</Valeur>
</Paragraphe>
</Cellule>
<Cellule>
<Paragraphe>
<Valeur>48 554 €</Valeur>
</Paragraphe>
</Cellule>
<Cellule>
<Paragraphe>
<Valeur>63 121 €</Valeur>
</Paragraphe>
</Cellule>
</Rangée>
<Rangée type="normal">
<Cellule fusionVerticale="3">
<Paragraphe>4 personnes</Paragraphe>
</Cellule>
<Cellule>
<Paragraphe>Cas général</Paragraphe>
</Cellule>
<Cellule>
<Paragraphe>
<Valeur>26 851 €</Valeur>
</Paragraphe>
</Cellule>
<Cellule>
<Paragraphe>
<Valeur>48 554 €</Valeur>
</Paragraphe>
</Cellule>
<Cellule>
<Paragraphe>
<Valeur>63 121 €</Valeur>
</Paragraphe>
</Cellule>
</Rangée>
<Rangée type="normal">
<Cellule>
<Paragraphe>1 personne + 3 personnes à charge</Paragraphe>
</Cellule>
<Cellule>
<Paragraphe>
<Valeur>31 416 €</Valeur>
</Paragraphe>
</Cellule>
<Cellule>
<Paragraphe>
<Valeur>57 119 €</Valeur>
</Paragraphe>
</Cellule>
<Cellule>
<Paragraphe>
<Valeur>74 254 €</Valeur>
</Paragraphe>
</Cellule>
</Rangée>
<Rangée type="normal">
<Cellule>
<Paragraphe>Au moins 1 personne a la carte mobilité inclusion invalidité</Paragraphe>
</Cellule>
<Cellule>
<Paragraphe>
<Valeur>31 416 €</Valeur>
</Paragraphe>
</Cellule>
<Cellule>
<Paragraphe>
<Valeur>57 119 €</Valeur>
</Paragraphe>
</Cellule>
<Cellule>
<Paragraphe>
<Valeur>74 254 €</Valeur>
</Paragraphe>
</Cellule>
</Rangée>
<Rangée type="normal">
<Cellule fusionVerticale="3">
<Paragraphe>5 personnes</Paragraphe>
</Cellule>
<Cellule>
<Paragraphe>Cas général</Paragraphe>
</Cellule>
<Cellule>
<Paragraphe>
<Valeur>31 416 €</Valeur>
</Paragraphe>
</Cellule>
<Cellule>
<Paragraphe>
<Valeur>57 119 €</Valeur>
</Paragraphe>
</Cellule>
<Cellule>
<Paragraphe>
<Valeur>74 254 €</Valeur>
</Paragraphe>
</Cellule>
</Rangée>
<Rangée type="normal">
<Cellule>
<Paragraphe>1 personne + 4 personnes à charge</Paragraphe>
</Cellule>
<Cellule>
<Paragraphe>
<Valeur>35 406 €</Valeur>
</Paragraphe>
</Cellule>
<Cellule>
<Paragraphe>
<Valeur>64 373 €</Valeur>
</Paragraphe>
</Cellule>
<Cellule>
<Paragraphe>
<Valeur>83 685 €</Valeur>
</Paragraphe>
</Cellule>
</Rangée>
<Rangée type="normal">
<Cellule>
<Paragraphe>Au moins 1 personne a la carte mobilité inclusion invalidité</Paragraphe>
</Cellule>
<Cellule>
<Paragraphe>
<Valeur>35 406 €</Valeur>
</Paragraphe>
</Cellule>
<Cellule>
<Paragraphe>
<Valeur>64 373 €</Valeur>
</Paragraphe>
</Cellule>
<Cellule>
<Paragraphe>
<Valeur>83 685 €</Valeur>
</Paragraphe>
</Cellule>
</Rangée>
</Tableau>

</Cas>
</BlocCas>
<Paragraphe>Mais  vous n'avez pas à payer de surloyer lorsque :</Paragraphe>
<Liste type="puce">
<Item>
<Paragraphe>votre logement est situé en  <LienExterne URL="https://www.observatoire-des-territoires.gouv.fr/classement-des-communes-en-zone-de-revitalisation-rurale-zrr">zone de revitalisation rurale (ZRR)</LienExterne>

,</Paragraphe>
</Item>
<Item>
<Paragraphe>ou  votre logement est situé  dans une zone classée <LienExterne URL="https://sig.ville.gouv.fr/Atlas/QP/">quartier prioritaire</LienExterne>

 de la politique de la ville (QP),</Paragraphe>
</Item>
<Item>
<Paragraphe>ou  votre logement  était situé le 31 décembre 2014 dans une <LienExterne URL="https://sig.ville.gouv.fr/">zone urbaine sensible</LienExterne>

 (Zus) qui n'a  pas été reclassée en quartier prioritaire de la politique de la ville à partir du  1<Exposant>er</Exposant> janvier 2015.</Paragraphe>
</Item>
<Item>
<Paragraphe>ou votre logement est un logement de type PLI (prêt locatif intermédiaire).</Paragraphe>
</Item>
</Liste>

</Chapitre>
<Chapitre>
<Titre>
<Paragraphe>Informations à fournir à votre bailleur</Paragraphe>
</Titre><SousChapitre>
<Titre>
<Paragraphe>Enquête annuelle du bailleur</Paragraphe>
</Titre><Paragraphe>Le SLS dû à partir du 1<Exposant>er</Exposant> janvier de l'année N+1 est calculé par le bailleur durant l'année N.</Paragraphe>
<Paragraphe>Le bailleur réalise tout d'abord une enquête ressources  pour savoir si vous êtes  susceptibles d'être redevables du SLS. Le questionnaire vous est distribué au cours du 2<Exposant>e</Exposant> semestre de l'année en cours (année N).</Paragraphe>
<Paragraphe>Vous avez l'obligation de répondre au questionnaire dans un délai d'1 mois et de fournir au bailleur</Paragraphe>
<Liste type="puce">
<Item>
<Paragraphe>les avis d'imposition ou de non-imposition sur les revenus de chacune des personnes vivant au foyer</Paragraphe>
</Item>
<Item>
<Paragraphe>et, si nécessaire,   la carte mobilité inclusion portant la mention <Expression>invalidité</Expression>.</Paragraphe>
</Item>
</Liste>
<Paragraphe>Sur la base de ces informations, le bailleur calcule le montant du SLS dû. Il  vous fournit ensuite   une information vous  permettant de vérifier le montant du SLS exigé.  Le  SLS ainsi calculé est dû à partir du 1<Exposant>er</Exposant> janvier de l'année suivante (année N+1).</Paragraphe>
<Paragraphe>À titre d'exemple,  pour un éventuel SLS dû à partir du 1<Exposant>er</Exposant> janvier 2020 :</Paragraphe>
<Liste type="puce">
<Item>
<Paragraphe>l'enquête est menée  en 2019,</Paragraphe>
</Item>
<Item>
<Paragraphe>les locataires doivent fournir l'avis d'impôt 2019 (portant sur leurs revenus perçus en 2018).</Paragraphe>
</Item>
</Liste>
<ANoter>
<Titre>À noter</Titre><Paragraphe>le bailleur n'est pas tenu de vous faire parvenir l'enquête ressources si vous percevez une aide au  logement (<LienInterne LienPublication="R50626" type="Sigle">APL</LienInterne>, <LienInterne LienPublication="R50628" type="Sigle">ALF</LienInterne> ou <LienInterne LienPublication="R50627" type="Sigle">ALS</LienInterne>).</Paragraphe>
</ANoter>
</SousChapitre>
<SousChapitre>
<Titre>
<Paragraphe>Si vous ne répondez pas à l'enquête annuelle</Paragraphe>
</Titre><Paragraphe>Vous avez  l'obligation de répondre  dans un délai d'un mois. Si vous ne le faites pas, le bailleur vous adresse une <LienIntra LienID="R2705" type="Définition de glossaire">mise en demeure</LienIntra>. À défaut de réponse dans un délais de 15 jours, vous devez payer un SLS d'un montant plus élevé  et régler une indemnité de frais de dossier de <Valeur>25 €</Valeur>. Dès réception des renseignements par le bailleur social, ce dernier régularise votre situation concernant le SLS.  Le trop-perçu vous est reversé dans un délai de 2 mois.</Paragraphe>
<Paragraphe>Si vous  ne répondez pas à l'enquête ressources durant 2 années consécutives, vous devez <LienInterne LienPublication="F2559" type="Fiche Question-réponse" audience="Particuliers">quitter votre logement (sauf exceptions)</LienInterne>.</Paragraphe>

</SousChapitre>
</Chapitre>
<Chapitre>
<Titre>
<Paragraphe>En cas de modification de votre situation</Paragraphe>
</Titre><SousChapitre>
<Titre>
<Paragraphe>Diminution des ressources</Paragraphe>
</Titre><Rappel>
<Titre>Rappel</Titre><Paragraphe>Le SLS dû au 1er janvier de l'année N est calculé l'année N-1 sur la base des ressources perçues en N-1.</Paragraphe>
</Rappel><Paragraphe>Si vos revenus baissent, vous pouvez en faire part à votre bailleur afin qu'il recalcule le  montant de votre SLS.</Paragraphe>
<Paragraphe>Votre bailleur vous appliquera un nouveau montant de SLS :</Paragraphe>
<Liste type="puce">
<Item>
<Paragraphe>si vous lui en faites la demande à l'appui de documents justificatifs,</Paragraphe>
</Item>
<Item>
<Paragraphe>et si vos ressources de l'année N <MiseEnEvidence>ou</MiseEnEvidence> vos ressources des 12 derniers mois sont inférieures d'au moins 10 % à celles de l'année N-1.</Paragraphe>
</Item>
</Liste>
<Paragraphe>Le nouveau montant s'applique  dès le  mois suivant  celui au cours duquel vos revenus ont baissé, à la condition d'avoir  transmis  les justificatifs dans un délai de 3 mois après cet événement.</Paragraphe>
<Paragraphe>Si vous transmettez les documents après ce délai de 3 mois, le nouveau montant s'applique à partir du mois qui suit votre envoi.</Paragraphe>

</SousChapitre>
<SousChapitre>
<Titre>
<Paragraphe>Modification de la composition de la famille</Paragraphe>
</Titre><Paragraphe>Si la composition de votre famille se modifie (par exemple,  naissance d'un enfant), vous pouvez en faire part à votre bailleur afin qu'il recalcule le montant de votre SLS.</Paragraphe>
<Paragraphe>Votre bailleur vous appliquera un nouveau montant de SLS si vous lui en faites la demande à l'appui de documents justificatifs.</Paragraphe>
<Paragraphe>Ce nouveau montant s'applique  à partir du mois qui suit   celui au cours duquel la modification est survenue,  à la condition que  vous transmettiez les justificatifs dans un délai de 3 mois après cet événement.</Paragraphe>
<Paragraphe>Si vous transmettez ces documents après ce délai, le nouveau montant s'applique à partir du mois qui suit la   transmission.</Paragraphe>

</SousChapitre>
</Chapitre>
<Chapitre>
<Titre>
<Paragraphe>Comment est calculé le SLS ?</Paragraphe>
</Titre><SousChapitre>
<Titre>
<Paragraphe>Règle de calcul</Paragraphe>
</Titre><Paragraphe>Dès que le bailleur constate un dépassement de 20 %, il applique le SLS.</Paragraphe>
<Paragraphe>Le SLS est calculé en fonction :</Paragraphe>
<Liste type="puce">
<Item>
<Paragraphe>de la surface habitable du logement (SH),</Paragraphe>
</Item>
<Item>
<Paragraphe>d'un coefficient de dépassement du plafond de ressources d'attribution d'un logement locatif social (CDPR),</Paragraphe>
</Item>
<Item>
<Paragraphe>et d'un montant en euros au m² de surface habitable intitulé  <Expression>supplément de loyer de référence (SLR)</Expression>. Ce montant est fixé selon la zone géographique de localisation du logement.</Paragraphe>
</Item>
</Liste>
<Paragraphe>Le montant mensuel du SLS est obtenu selon la règle de calcul suivante : SLS = SH x CDPR x SLR.</Paragraphe>

</SousChapitre>
<SousChapitre>
<Titre>
<Paragraphe>Coefficient de dépassement du plafond de ressources (CDPR)</Paragraphe>
</Titre><Paragraphe>Il existe un CDPR général.</Paragraphe>
<Tableau>
<Titre>CDPR général</Titre>
<Colonne largeur="52" type="normal"/>
<Colonne largeur="52" type="normal"/>
<Colonne largeur="52" type="normal"/>
<Rangée type="header">
<Cellule>
<Paragraphe>Dépassement des <LienInterne LienPublication="F869" type="Fiche Question-réponse" audience="Particuliers">plafonds de ressources</LienInterne>
</Paragraphe>
</Cellule>
<Cellule>
<Paragraphe>Valeur du coefficient de dépassement à appliquer</Paragraphe>
</Cellule>
<Cellule>
<Paragraphe>Précisions de calcul</Paragraphe>
</Cellule>
</Rangée>
<Rangée type="normal">
<Cellule>
<Paragraphe>De  20 %</Paragraphe>
</Cellule>
<Cellule>
<Paragraphe>0,27</Paragraphe>
</Cellule>
<Cellule>
<Paragraphe>/</Paragraphe>
</Cellule>
</Rangée>
<Rangée type="normal">
<Cellule>
<Paragraphe>De 21 % à 59 %</Paragraphe>
</Cellule>
<Cellule>
<Paragraphe>0,06</Paragraphe>
</Cellule>
<Cellule fusionVerticale="3">
<Paragraphe>Valeur à appliquer à chaque nombre entier  de  l'intervalle</Paragraphe>
</Cellule>
</Rangée>
<Rangée type="normal">
<Cellule>
<Paragraphe>De 60 % à 149 %</Paragraphe>
</Cellule>
<Cellule>
<Paragraphe>0,08</Paragraphe>
</Cellule>
</Rangée>
<Rangée type="normal">
<Cellule>
<Paragraphe>À partir de 150 %</Paragraphe>
</Cellule>
<Cellule>
<Paragraphe>0,1</Paragraphe>
</Cellule>
</Rangée>
</Tableau>
<Paragraphe>Exemple de calcul :</Paragraphe>
<Paragraphe>Vos revenus dépassent de 22 % le plafond de ressources,  le calcul du  CDPR qui vous sera appliqué est le suivant   :</Paragraphe>
<Liste type="puce">
<Item>
<Paragraphe>sur  la tranche de  dépassement de 20 % : 0,27 ;</Paragraphe>
</Item>
<Item>
<Paragraphe>sur  la tranche de dépassement de 21 % à 59 % :  0,06 x 2 (c'est-à-dire 0,06 pour 21 et 0,06 pour 22) ;</Paragraphe>
</Item>
<Item>
<Paragraphe>soit un total de : 0,27 + (0,06 x 2) = 0,39.</Paragraphe>
</Item>
</Liste>
<ANoter>
<Titre>À noter</Titre><Paragraphe>selon la localisation du  logement, le CDPR peut être modulé.</Paragraphe>
</ANoter>
</SousChapitre>
<SousChapitre>
<Titre>
<Paragraphe>Supplément de loyer de référence (SLR)</Paragraphe>
</Titre><Tableau>
<Titre>Montant du SLR par mètre carré habitable</Titre>
<Colonne largeur="14" type="normal"/>
<Colonne largeur="105" type="normal"/>
<Colonne largeur="40" type="normal"/>
<Rangée type="header">
<Cellule fusionHorizontale="2">
<Paragraphe>Zone géographique</Paragraphe>
</Cellule>
<Cellule>
<Paragraphe>Montant mensuel par m<Exposant>2</Exposant> habitable</Paragraphe>
</Cellule>
</Rangée>
<Rangée type="normal">
<Cellule fusionVerticale="3">
<Paragraphe>Île-de-France</Paragraphe>
</Cellule>
<Cellule>
<Paragraphe>- Paris</Paragraphe>
<Paragraphe>- Commune limitrophe de Paris</Paragraphe>
</Cellule>
<Cellule>
<Paragraphe>
<Valeur>2,78 €</Valeur>
</Paragraphe>
</Cellule>
</Rangée>
<Rangée type="normal">
<Cellule>
<Paragraphe>- Autre commune de l'agglomération parisienne</Paragraphe>
<Paragraphe>- Zone d'urbanisation</Paragraphe>
<Paragraphe>- Ville nouvelle</Paragraphe>
</Cellule>
<Cellule>
<Paragraphe>
<Valeur>2,22 €</Valeur>
</Paragraphe>
</Cellule>
</Rangée>
<Rangée type="normal">
<Cellule>
<Paragraphe>-  Reste de la région</Paragraphe>
</Cellule>
<Cellule>
<Paragraphe>
<Valeur>1,11 €</Valeur>
</Paragraphe>
</Cellule>
</Rangée>
<Rangée type="normal">
<Cellule fusionVerticale="2">
<Paragraphe>Autre région</Paragraphe>
</Cellule>
<Cellule>
<Paragraphe>- Agglomération ou communauté urbaine de plus de 100 000 habitants</Paragraphe>
<Paragraphe>- Commune rattachée à <LienInterne LienPublication="R31293" type="Sigle">EPCI</LienInterne> compétent en matière d'habitat et regroupant plus de 100 000 habitants</Paragraphe>
<Paragraphe>- Zone d'urbanisation</Paragraphe>
<Paragraphe>- Ville nouvelle</Paragraphe>
</Cellule>
<Cellule>
<Paragraphe>
<Valeur>1,11 €</Valeur>
</Paragraphe>
</Cellule>
</Rangée>
<Rangée type="normal">
<Cellule>
<Paragraphe>- Guadeloupe, Guyane, Martinique, La Réunion et Mayotte</Paragraphe>
<Paragraphe>- Reste du territoire national</Paragraphe>
</Cellule>
<Cellule>
<Paragraphe>
<Valeur>0,28 €</Valeur>
</Paragraphe>
</Cellule>
</Rangée>
</Tableau>

</SousChapitre>
<SousChapitre>
<Titre>
<Paragraphe>Montant maximum du total loyer + SLS</Paragraphe>
</Titre><Paragraphe>Le montant de votre loyer (hors charges) augmenté du montant du SLS ne  peut pas dépasser <Valeur>30 %</Valeur> des  ressources de l'ensemble des personnes de votre foyer.</Paragraphe>

</SousChapitre>
</Chapitre>
</Texte><VoirAussi important="oui">
<Fiche ID="F31601" audience="Particuliers">
<Titre>Peut-on conserver son logement social en cas d'augmentation de revenus ?</Titre>
<Theme ID="N19808">
<Titre>Logement</Titre>
</Theme>
</Fiche>
</VoirAussi>

<Reference type="Texte de référence" URL="https://www.legifrance.gouv.fr/affichCode.do?idSectionTA=LEGISCTA000006176322&amp;cidTexte=LEGITEXT000006074096" ID="R49604">
<Titre>Code de la construction et de l'habitation : articles L441-3 à L441-15</Titre>
<Complement>SLS</Complement>
</Reference>
<Reference type="Texte de référence" URL="http://www.legifrance.gouv.fr/affichCode.do?idSectionTA=LEGISCTA000006189384&amp;cidTexte=LEGITEXT000006074096" ID="R35280">
<Titre>Code de la construction et de l'habitation : articles R441-19 à R441-28</Titre>
<Complement>Fixation du SLS</Complement>
</Reference>
<Reference type="Texte de référence" URL="https://www.legifrance.gouv.fr/affichCode.do?idSectionTA=LEGISCTA000006189385&amp;cidTexte=LEGITEXT000006074096" ID="R49605">
<Titre>Code de la construction et de l'habitation : articles R441-29 et R441-30</Titre>
<Complement>Fixation du SLS (autres bailleurs sociaux)</Complement>
</Reference>
<Reference type="Texte de référence" URL="https://www.legifrance.gouv.fr/affichCode.do?idSectionTA=LEGISCTA000006189386&amp;cidTexte=LEGITEXT000006074096" ID="R49606">
<Titre>Code de la construction et de l'habitation : article R441-31</Titre>
<Complement>Logements exonérés</Complement>
</Reference>
<Reference type="Texte de référence" URL="http://www.legifrance.gouv.fr/affichTexte.do?cidTexte=JORFTEXT000000294318" ID="R31683">
<Titre>Arrêté du 29 juillet 1987 relatif aux plafonds de ressources des bénéficiaires de la législation sur les HLM et des nouvelles aides de l'État</Titre>
<Complement>Plafonds de ressources</Complement>
</Reference>
<Reference type="Texte de référence" URL="http://circulaire.legifrance.gouv.fr/pdf/2019/01/cir_44240.pdf" ID="R52862" format="application/pdf" poids="269.7 KB">
<Titre>Circulaire du 21 décembre 2018 de présentation des dispositions d'application immédiate de la loi n°2018-1021 (loi Elan)</Titre>
<Complement>Enfant faisant l'objet d'un droit de visite (VI)</Complement>
</Reference>
<Reference type="Texte de référence" URL="http://questions.assemblee-nationale.fr/q14/14-22822QE.htm" ID="R47227">
<Titre>Réponse ministérielle du 13 mai 2014 relative à la prise en compte de la présence d'une personne handicapée pour le calcul du supplément de loyer de solidarité (SLS)</Titre>
</Reference>
<Reference type="Texte de référence" URL="http://www.legifrance.gouv.fr/affichTexte.do?cidTexte=LEGITEXT000005617704" ID="R782">
<Titre>Loi n°95-115 du 4 février 1995 d'orientation pour l'aménagement et le développement du territoire</Titre>
</Reference>
<Reference type="Texte de référence" URL="https://www.legifrance.gouv.fr/affichTexte.do?cidTexte=JORFTEXT000035938965" ID="R49607">
<Titre>Arrêté du 3 octobre 2017 relatif aux zones géographiques relatives au supplément de loyer de solidarité</Titre>
</Reference>
<Reference type="Texte de référence" URL="http://www.senat.fr/questions/base/2019/qSEQ190208708.html" ID="R54866">
<Titre>Réponse ministérielle du 7 février 2019 relative au loyer d'un immeuble acquis par une société d'habitations à loyer modéré (HLM)</Titre>
</Reference>
<ServiceEnLigne ID="R19823" URL="https://www.formulaires.service-public.fr/gf/cerfa_14606.do" format="application/pdf" poids="58.6 KB" numerocerfa="14606*04" type="Formulaire">
<Titre>Enquête annuelle sur l'application du supplément de loyer de solidarité (SLS)</Titre>
<Source ID="R30685">Ministère chargé du logement</Source>
</ServiceEnLigne>
<PourEnSavoirPlus type="Information pratique" ID="R44929" URL="https://www.observatoire-des-territoires.gouv.fr/classement-des-communes-en-zone-de-revitalisation-rurale-zrr" audience="Particuliers">
<Titre>Périmètre des zones de revitalisation rurale (ZRR)</Titre>
<Source ID="R30801">Agence nationale de la cohésion des territoires (ANCT)</Source>
</PourEnSavoirPlus>
<PourEnSavoirPlus type="Information pratique" ID="R24441" URL="http://www.cget.gouv.fr/ruralites/zone-de-revitalisation-rurale" audience="Particuliers">
<Titre>Zones de revitalisation rurale (ZRR)</Titre>
<Source ID="R30801">Agence nationale de la cohésion des territoires (ANCT)</Source>
</PourEnSavoirPlus>
<PourEnSavoirPlus type="Information pratique" ID="R47222" URL="https://sig.ville.gouv.fr/Atlas/QP/" audience="Particuliers">
<Titre>Quartiers prioritaires (QP)</Titre>
<Source ID="R30901">Ministère chargé de la ville</Source>
</PourEnSavoirPlus>
<PourEnSavoirPlus type="Information pratique" ID="R831" URL="https://sig.ville.gouv.fr/" audience="Particuliers">
<Titre>Quartiers prioritaires de la ville (QPV)</Titre>
<Source ID="R30901">Ministère chargé de la ville</Source>
</PourEnSavoirPlus>
<Definition ID="R46620">
<Titre>Jeune couple</Titre>
<Texte>
				<Paragraphe>2 personnes mariées ou partenaires de Pacs ou   concubins,   sans enfant, dont la somme des âges révolus n'excède pas  55 ans</Paragraphe>
			</Texte>
</Definition>
<Definition ID="R2705">
<Titre>Mise en demeure</Titre>
<Texte>
				<Paragraphe>Acte par lequel un créancier exige du débiteur le remboursement d'une dette sous peine de versement de dommages et intérêts. Adressé par lettre recommandée avec accusé de réception ou par acte d'huissier.</Paragraphe>
			</Texte><Reference type="Texte de référence" URL="https://www.legifrance.gouv.fr/affichCodeArticle.do?idArticle=LEGIARTI000032042162&amp;cidTexte=LEGITEXT000006070721" ID="R41071">
<Titre>Code civil : article 1344</Titre>
</Reference>
</Definition>
<Abreviation ID="R50626" type="Sigle">
<Titre>APL</Titre>
<Texte>
<Paragraphe>Aide personnalisée au logement</Paragraphe>
</Texte>
</Abreviation>
<Abreviation ID="R50628" type="Sigle">
<Titre>ALF</Titre>
<Texte>
<Paragraphe>allocation de logement familial</Paragraphe>
</Texte>
</Abreviation>
<Abreviation ID="R50627" type="Sigle">
<Titre>ALS</Titre>
<Texte>
<Paragraphe>Allocation de logement sociale</Paragraphe>
</Texte>
</Abreviation>
<Abreviation ID="R31293" type="Sigle">
<Titre>EPCI</Titre>
<Texte>
<Paragraphe>Établissement public de coopération intercommunale</Paragraphe>
</Texte>
</Abreviation>
<QuestionReponse ID="F869" audience="Particuliers">Quelles sont les conditions pour obtenir un logement social ?</QuestionReponse>
<QuestionReponse ID="F2559" audience="Particuliers">Logement social (HLM) : le bailleur peut-il résilier le bail ?</QuestionReponse>
</Publication>
