<?xml version="1.0" encoding="UTF-8"?><Publication xmlns:dc="http://purl.org/dc/elements/1.1/" xmlns:xsi="http://www.w3.org/2001/XMLSchema-instance" ID="F21092" type="Fiche d'information" xsi:noNamespaceSchemaLocation="../Schemas/3.0/Publication.xsd">
<dc:title>Renouvellement du passeport d'un mineur</dc:title>
<dc:creator>Direction de l'information légale et administrative</dc:creator>
<dc:subject>Papiers - Citoyenneté</dc:subject>
<dc:description>Refaire le passeport biométrique d'un enfant</dc:description>
<dc:publisher>Direction de l'information légale et administrative</dc:publisher>
<dc:contributor>Direction de l'information légale et administrative (Premier ministre), Ministère chargé de l'intérieur</dc:contributor>
<dc:date>modified 2020-11-02</dc:date>
<dc:type>Fiche pratique</dc:type>
<dc:format>text/xml</dc:format>
<dc:identifier>F21092</dc:identifier>
<dc:source>https://www.legifrance.gouv.fr/loda/article_lc/LEGIARTI000033333841, https://www.legifrance.gouv.fr/codes/id/LEGISCTA000006179981/, https://www.legifrance.gouv.fr/loda/article_lc/LEGIARTI000033333857, https://www.legifrance.gouv.fr/loda/id/JORFTEXT000020246797/</dc:source>
<dc:language>Fr</dc:language>
<dc:relation>isPartOf N360</dc:relation>
<dc:coverage>France entière</dc:coverage>
<dc:rights>https://www.service-public.fr/a-propos/mentions-legales</dc:rights>
<SurTitre>Fiche pratique</SurTitre>
<Audience>Particuliers</Audience>
<Canal>www.service-public.fr</Canal>
<FilDAriane>
<Niveau ID="Particuliers">Accueil particuliers</Niveau>
<Niveau ID="N19810">Papiers - Citoyenneté</Niveau>
<Niveau ID="N360">Passeport</Niveau>
<Niveau ID="F21092" type="Fiche d'information">Renouvellement du passeport d'un mineur</Niveau>
</FilDAriane>
<Theme ID="N19810">
<Titre>Papiers - Citoyenneté</Titre>
</Theme>
<SousThemePere ID="N103">Identité - Authentification</SousThemePere><DossierPere ID="N360">
<Titre>Passeport</Titre><SousDossier ID="N360-1">
<Titre>Pour un majeur</Titre>
<Fiche ID="F14929">Première demande</Fiche>
<Fiche ID="F21091">Renouvellement</Fiche>
<Fiche ID="F21246">Passeport perdu</Fiche>
<Fiche ID="F21247">Passeport volé</Fiche>
<Fiche ID="F1373">Passeport en urgence</Fiche>
</SousDossier>
<SousDossier ID="N360-2">
<Titre>Pour un mineur</Titre>
<Fiche ID="F14930">Première demande</Fiche>
<Fiche ID="F21092">Renouvellement</Fiche>
<Fiche ID="F21244">Passeport perdu</Fiche>
<Fiche ID="F21245">Passeport volé</Fiche>
<Fiche ID="F1035">Passeport en urgence</Fiche>
</SousDossier>
</DossierPere>

<SousDossierPere>Pour un mineur</SousDossierPere>
<ListeSituations affichage="onglet"><Situation>
<Titre>En France</Titre>
<Texte>
<Chapitre><Paragraphe>Pour demander le passeport biométrique d'un mineur, l'enfant et son représentant doivent se rendre dans une mairie équipée avec les pièces justificatives nécessaires. Les documents à présenter dépendent de l'ancienneté de l'ancien passeport.</Paragraphe>

</Chapitre><Chapitre>
<Titre>
<Paragraphe>Où et comment faire la demande ?</Paragraphe>
</Titre>
				<Paragraphe>L'enfant et son responsable doivent se présenter <MiseEnEvidence>ensemble</MiseEnEvidence> au guichet. Leur présence est indispensable.</Paragraphe>
				<Paragraphe>Le responsable doit exercer <LienInterne LienPublication="F18605" type="Fiche Question-réponse" audience="Particuliers">l'autorité parentale</LienInterne>. Il peut s'agir du père, de la mère ou du tuteur. Il doit présenter sa propre pièce d'identité.</Paragraphe>
			

				<Paragraphe>Le lieu de la demande ne dépend pas du domicile. Vous pouvez vous rendre à n'importe quelle mairie  à condition qu'elle  soit équipée d'une station d'enregistrement.</Paragraphe>
			
				<OuSAdresser ID="R14970" type="Local personnalisable">
<Titre>Mairie délivrant des passeports biométriques</Titre>
<PivotLocal>mairie_passeport_bio</PivotLocal>
<RessourceWeb URL="https://passeport.ants.gouv.fr/Services-associes/Ou-faire-ma-demande-de-passeport-CNI"/>
<Source ID="R30628">Agence nationale des titres sécurisés (ANTS)</Source>
</OuSAdresser>
			<Attention>
<Titre>Attention</Titre>
				<Paragraphe>le service peut exiger que le dépôt du dossier se fasse uniquement sur rendez-vous.</Paragraphe>
			</Attention>

				<Paragraphe>Vous pouvez préparer la démarche en effectuant une pré-demande en ligne.</Paragraphe>
			
				<ServiceEnLigne ID="R42946" URL="https://passeport.ants.gouv.fr/Vos-demarches/Faire-une-pre-demande-passeport" type="Téléservice">
<Titre>Pré-demande de passeport</Titre>
<Source ID="R30628">Agence nationale des titres sécurisés (ANTS)</Source>
<Introduction>
<Texte><Paragraphe>Accessible avec un compte ANTS ou via France Connect</Paragraphe>
</Texte>
</Introduction>
</ServiceEnLigne>

			
				<Paragraphe>Il faudra ensuite vous rendre en mairie pour finaliser la demande avec les pièces justificatives.</Paragraphe>
				<Paragraphe>La mairie récupérera vos données grâce au numéro de pré-demande.</Paragraphe>
			

</Chapitre>
<Chapitre type="pieces">
<Titre>
<Paragraphe>Pièces à fournir</Paragraphe>
</Titre><Paragraphe>Les pièces à fournir dépendent du type de passeport à renouveler</Paragraphe>

				<Paragraphe>Il faut présenter les documents <MiseEnEvidence>originaux</MiseEnEvidence>.</Paragraphe>
			
<BlocCas affichage="onglet"><Cas>
<Titre>
<Paragraphe>L'ancien passeport est valide</Paragraphe>
</Titre><Liste type="puce"><Item>
			
			
				<Paragraphe>Passeport de l'enfant</Paragraphe>
			
		</Item>
</Liste>
<Liste type="puce"><Item>
			
			
				<Paragraphe>Photo d'identité de moins de 6 mois et <LienInterne LienPublication="F10619" type="Fiche Question-réponse" audience="Particuliers">conforme aux normes</LienInterne>
</Paragraphe>
			
		</Item>
<Item>
			
			
				<Paragraphe>
<LienInterne LienPublication="F21258" type="Fiche Question-réponse" audience="Particuliers">Timbre fiscal</LienInterne> : montant variable selon l'âge (<LienInterne LienPublication="R39812" type="Téléservice" audience="Particuliers">achat en ligne</LienInterne>)</Paragraphe>
			
		</Item>
<Item>
			
			
				<Paragraphe>
<LienInterne LienPublication="F32675" type="Fiche Question-réponse" audience="Particuliers">Justificatif du domicile</LienInterne>
</Paragraphe>
			
		</Item>
<Item>
			
			
				<Paragraphe>Pièce d'identité du parent qui fait la demande</Paragraphe>
			
		</Item><Item>
			
			
				<Paragraphe>Numéro de <LienInterne LienPublication="R42946" type="Téléservice" audience="Particuliers">pré-demande</LienInterne> si vous avez fait cette démarche en ligne (sinon, il faut  <LienInterne LienPublication="F33640" type="Fiche Question-réponse" audience="Particuliers">remplir</LienInterne> et signer le formulaire cartonné disponible au guichet)</Paragraphe>
			
		</Item>

</Liste>
</Cas>
<Cas>
<Titre>
<Paragraphe>L'ancien passeport est périmé</Paragraphe>
</Titre>
<BlocCas affichage="radio"><Cas>
<Titre>
<Paragraphe>Date d'expiration : moins de 5 ans</Paragraphe>
</Titre><Liste type="puce"><Item>
			
			
				<Paragraphe>Passeport de l'enfant</Paragraphe>
			
		</Item>
</Liste>
<Liste type="puce"><Item>
			
			
				<Paragraphe>Photo d'identité de moins de 6 mois et <LienInterne LienPublication="F10619" type="Fiche Question-réponse" audience="Particuliers">conforme aux normes</LienInterne>
</Paragraphe>
			
		</Item>
<Item>
			
			
				<Paragraphe>
<LienInterne LienPublication="F21258" type="Fiche Question-réponse" audience="Particuliers">Timbre fiscal</LienInterne> : montant variable selon l'âge (<LienInterne LienPublication="R39812" type="Téléservice" audience="Particuliers">achat en ligne</LienInterne>)</Paragraphe>
			
		</Item>
<Item>
			
			
				<Paragraphe>
<LienInterne LienPublication="F32675" type="Fiche Question-réponse" audience="Particuliers">Justificatif du domicile</LienInterne>
</Paragraphe>
			
		</Item>
<Item>
			
			
				<Paragraphe>Pièce d'identité du parent qui fait la demande</Paragraphe>
			
		</Item><Item>
			
			
				<Paragraphe>Numéro de <LienInterne LienPublication="R42946" type="Téléservice" audience="Particuliers">pré-demande</LienInterne> si vous avez fait cette démarche en ligne (sinon, il faut  <LienInterne LienPublication="F33640" type="Fiche Question-réponse" audience="Particuliers">remplir</LienInterne> et signer le formulaire cartonné disponible au guichet)</Paragraphe>
			
		</Item>

</Liste>
</Cas>
<Cas>
<Titre>
<Paragraphe>Date d'expiration : + de 5 ans</Paragraphe>
</Titre><BlocCas affichage="radio"><Cas>
<Titre>
<Paragraphe>L'enfant a une carte d'identité valide</Paragraphe>
</Titre><Liste type="puce"><Item>
			
			
				<Paragraphe>Carte d'identité de l'enfant</Paragraphe>
			
		</Item>
</Liste>
<Liste type="puce"><Item>
			
			
				<Paragraphe>Photo d'identité de moins de 6 mois et <LienInterne LienPublication="F10619" type="Fiche Question-réponse" audience="Particuliers">conforme aux normes</LienInterne>
</Paragraphe>
			
		</Item>
<Item>
			
			
				<Paragraphe>
<LienInterne LienPublication="F21258" type="Fiche Question-réponse" audience="Particuliers">Timbre fiscal</LienInterne> : montant variable selon l'âge (<LienInterne LienPublication="R39812" type="Téléservice" audience="Particuliers">achat en ligne</LienInterne>)</Paragraphe>
			
		</Item>
<Item>
			
			
				<Paragraphe>
<LienInterne LienPublication="F32675" type="Fiche Question-réponse" audience="Particuliers">Justificatif du domicile</LienInterne>
</Paragraphe>
			
		</Item>
<Item>
			
			
				<Paragraphe>Pièce d'identité du parent qui fait la demande</Paragraphe>
			
		</Item><Item>
			
			
				<Paragraphe>Numéro de <LienInterne LienPublication="R42946" type="Téléservice" audience="Particuliers">pré-demande</LienInterne> si vous avez fait cette démarche en ligne (sinon, il faut  <LienInterne LienPublication="F33640" type="Fiche Question-réponse" audience="Particuliers">remplir</LienInterne> et signer le formulaire cartonné disponible au guichet)</Paragraphe>
			
		</Item>

</Liste>
</Cas>
<Cas>
<Titre>
<Paragraphe>L'enfant a une carte d'identité périmée</Paragraphe>
</Titre>
<BlocCas affichage="radio"><Cas>
<Titre>
<Paragraphe>Date d'expiration : moins de 5 ans</Paragraphe>
</Titre><Liste type="puce"><Item>
			
			
				<Paragraphe>Carte d'identité de l'enfant</Paragraphe>
			
		</Item>
</Liste>
<Liste type="puce"><Item>
			
			
				<Paragraphe>Photo d'identité de moins de 6 mois et <LienInterne LienPublication="F10619" type="Fiche Question-réponse" audience="Particuliers">conforme aux normes</LienInterne>
</Paragraphe>
			
		</Item>
<Item>
			
			
				<Paragraphe>
<LienInterne LienPublication="F21258" type="Fiche Question-réponse" audience="Particuliers">Timbre fiscal</LienInterne> : montant variable selon l'âge (<LienInterne LienPublication="R39812" type="Téléservice" audience="Particuliers">achat en ligne</LienInterne>)</Paragraphe>
			
		</Item>
<Item>
			
			
				<Paragraphe>
<LienInterne LienPublication="F32675" type="Fiche Question-réponse" audience="Particuliers">Justificatif du domicile</LienInterne>
</Paragraphe>
			
		</Item>
<Item>
			
			
				<Paragraphe>Pièce d'identité du parent qui fait la demande</Paragraphe>
			
		</Item><Item>
			
			
				<Paragraphe>Numéro de <LienInterne LienPublication="R42946" type="Téléservice" audience="Particuliers">pré-demande</LienInterne> si vous avez fait cette démarche en ligne (sinon, il faut  <LienInterne LienPublication="F33640" type="Fiche Question-réponse" audience="Particuliers">remplir</LienInterne> et signer le formulaire cartonné disponible au guichet)</Paragraphe>
			
		</Item>

</Liste>
</Cas>
<Cas>
<Titre>
<Paragraphe>Date d'expiration : + de 5 ans</Paragraphe>
</Titre><Liste type="puce"><Item>
			
			
				<Paragraphe>Photo d'identité de moins de 6 mois et <LienInterne LienPublication="F10619" type="Fiche Question-réponse" audience="Particuliers">conforme aux normes</LienInterne>
</Paragraphe>
			
		</Item>
<Item>
			
			
				<Paragraphe>
<LienInterne LienPublication="F21258" type="Fiche Question-réponse" audience="Particuliers">Timbre fiscal</LienInterne> : montant variable selon l'âge (<LienInterne LienPublication="R39812" type="Téléservice" audience="Particuliers">achat en ligne</LienInterne>)</Paragraphe>
			
		</Item>
<Item>
			
			
				<Paragraphe>
<LienInterne LienPublication="F32675" type="Fiche Question-réponse" audience="Particuliers">Justificatif du domicile</LienInterne>
</Paragraphe>
			
		</Item>
<Item>
			
			
				<Paragraphe>Pièce d'identité du parent qui fait la demande</Paragraphe>
			
		</Item><Item>
			
			
				<Paragraphe>Numéro de <LienInterne LienPublication="R42946" type="Téléservice" audience="Particuliers">pré-demande</LienInterne> si vous avez fait cette démarche en ligne (sinon, il faut  <LienInterne LienPublication="F33640" type="Fiche Question-réponse" audience="Particuliers">remplir</LienInterne> et signer le formulaire cartonné disponible au guichet)</Paragraphe>
			
		</Item>

</Liste>
<Liste type="puce"><Item>
			
			
				<Paragraphe>Vérifiez si   <LienExterne URL="https://ants.gouv.fr/Les-solutions/COMEDEC/Villes-adherentes-a-la-dematerialisation">l'état civil du lieu de naissance est dématérialisé</LienExterne>

. Si ce n'est pas le cas, il faut fournir un <LienInterne LienPublication="R1406" type="Téléservice" audience="Particuliers">acte de naissance (copie intégrale ou extrait avec filiation)</LienInterne> de <MiseEnEvidence>moins de 3 mois</MiseEnEvidence>.</Paragraphe>
			
		</Item>
<Item>
			
			
				<Paragraphe>
<LienInterne LienPublication="F18713" type="Fiche Question-réponse" audience="Particuliers">Justificatif de nationalité française</LienInterne> si vous vous trouvez dans une situation particulière (naissance à l'étranger de parents nés à l'étranger par exemple)</Paragraphe>
			
		</Item>
</Liste>
</Cas>
</BlocCas>
</Cas>
<Cas>
<Titre>
<Paragraphe>L'enfant n'a pas de carte d'identité</Paragraphe>
</Titre><Liste type="puce"><Item>
			
			
				<Paragraphe>Photo d'identité de moins de 6 mois et <LienInterne LienPublication="F10619" type="Fiche Question-réponse" audience="Particuliers">conforme aux normes</LienInterne>
</Paragraphe>
			
		</Item>
<Item>
			
			
				<Paragraphe>
<LienInterne LienPublication="F21258" type="Fiche Question-réponse" audience="Particuliers">Timbre fiscal</LienInterne> : montant variable selon l'âge (<LienInterne LienPublication="R39812" type="Téléservice" audience="Particuliers">achat en ligne</LienInterne>)</Paragraphe>
			
		</Item>
<Item>
			
			
				<Paragraphe>
<LienInterne LienPublication="F32675" type="Fiche Question-réponse" audience="Particuliers">Justificatif du domicile</LienInterne>
</Paragraphe>
			
		</Item>
<Item>
			
			
				<Paragraphe>Pièce d'identité du parent qui fait la demande</Paragraphe>
			
		</Item><Item>
			
			
				<Paragraphe>Numéro de <LienInterne LienPublication="R42946" type="Téléservice" audience="Particuliers">pré-demande</LienInterne> si vous avez fait cette démarche en ligne (sinon, il faut  <LienInterne LienPublication="F33640" type="Fiche Question-réponse" audience="Particuliers">remplir</LienInterne> et signer le formulaire cartonné disponible au guichet)</Paragraphe>
			
		</Item>

</Liste>
<Liste type="puce"><Item>
			
			
				<Paragraphe>Vérifiez si   <LienExterne URL="https://ants.gouv.fr/Les-solutions/COMEDEC/Villes-adherentes-a-la-dematerialisation">l'état civil du lieu de naissance est dématérialisé</LienExterne>

. Si ce n'est pas le cas, il faut fournir un <LienInterne LienPublication="R1406" type="Téléservice" audience="Particuliers">acte de naissance (copie intégrale ou extrait avec filiation)</LienInterne> de <MiseEnEvidence>moins de 3 mois</MiseEnEvidence>.</Paragraphe>
			
		</Item>
<Item>
			
			
				<Paragraphe>
<LienInterne LienPublication="F18713" type="Fiche Question-réponse" audience="Particuliers">Justificatif de nationalité française</LienInterne> si vous vous trouvez dans une situation particulière (naissance à l'étranger de parents nés à l'étranger par exemple)</Paragraphe>
			
		</Item>
</Liste>
</Cas>
</BlocCas>


</Cas>
</BlocCas>
</Cas>
</BlocCas>
<ASavoir>
<Titre>À savoir</Titre><Paragraphe>si vous souhaitez que l'enfant utilise un nom d'usage (double-nom), d'autres documents peuvent être réclamés pour justifier <LienInterne LienPublication="F1343" type="Fiche d'information" audience="Particuliers">l'utilisation du nom de l'autre parent</LienInterne>.</Paragraphe>
</ASavoir>
</Chapitre>
<Chapitre>
<Titre>
<Paragraphe>Coût</Paragraphe>
</Titre>
				<Paragraphe>(en <LienInterne LienPublication="F21258" type="Fiche Question-réponse" audience="Particuliers">timbre fiscal)</LienInterne>
</Paragraphe>
			<BlocCas affichage="onglet"><Cas>
<Titre>
<Paragraphe>Cas général</Paragraphe>
</Titre>
										<Liste type="puce">
											<Item>
												<Paragraphe>Entre 0 et 14 ans, le passeport coûte <Valeur>17 €</Valeur>.</Paragraphe>
											</Item>
											<Item>
												<Paragraphe>Entre 15 et 17 ans, le passeport coûte <Valeur>42 €</Valeur>.</Paragraphe>
											</Item>
										</Liste>
									
</Cas>
<Cas>
<Titre>
<Paragraphe>En Guyane</Paragraphe>
</Titre>
										<Liste type="puce">
											<Item>
												<Paragraphe>Entre 0 et 14 ans, le passeport coûte <Valeur>8,5 €</Valeur>.</Paragraphe>
											</Item>
											<Item>
												<Paragraphe>Entre 15 et 17 ans, le passeport coûte <Valeur>21 €</Valeur>.</Paragraphe>
											</Item>
										</Liste>
									
</Cas>
<Cas>
<Titre>
<Paragraphe>À Mayotte</Paragraphe>
</Titre>
										<Liste type="puce">
											<Item>
												<Paragraphe>
<MiseEnEvidence>Entre 0 et 14 ans</MiseEnEvidence>, le passeport coûte <Valeur>17 €</Valeur> si vous fournissez la photo.</Paragraphe>
												<Paragraphe>S'il n'existe pas de photographe professionnel,  la photo peut être est prise au guichet. Dans ce cas, le passeport coûte <Valeur>20 €</Valeur>
</Paragraphe>
											</Item>
											<Item>
												<Paragraphe>
<MiseEnEvidence>Entre 15 et 17 ans</MiseEnEvidence>, le passeport coûte <Valeur>42 €</Valeur> si vous fournissez la photo.</Paragraphe>
												<Paragraphe>S'il n'existe pas de photographe professionnel, la photo peut être est prise au guichet. Dans ce cas, le passeport coûte <Valeur>45 €</Valeur>.</Paragraphe>
											</Item>
										</Liste>
									
</Cas>
</BlocCas>

				<ServiceEnLigne ID="R39812" URL="https://timbres.impots.gouv.fr/pages/achat/choixTimbres.jsp" type="Téléservice">
<Titre>Achat en ligne du timbre fiscal - Passeport</Titre>
<Source ID="R30612">Ministère chargé des finances</Source>
<Introduction>
<Texte><Paragraphe>Se munir d'une carte bancaire</Paragraphe>
</Texte>
</Introduction>
</ServiceEnLigne>

			

</Chapitre>
<Chapitre ID="R41843">
<Titre>
<Paragraphe>Délai de fabrication</Paragraphe>
</Titre><Paragraphe>Le passeport n'est pas fabriqué sur place et ne peut donc pas être délivré immédiatement. Les délais de fabrication dépendent du lieu et de la période de la demande. Par exemple, à l'approche des vacances d'été, les délais sont susceptibles d'augmenter de manière significative.</Paragraphe>
<Paragraphe>Pour connaître les délais pour la période actuelle, vous pouvez appeler le serveur vocal interactif.</Paragraphe>
<Attention>
<Titre>Attention</Titre>
				<Paragraphe>si la mairie reçoit uniquement sur rendez-vous, il faut aussi tenir compte du délai pour obtenir ce rendez-vous. Ces délais peuvent être de plusieurs mois après la période de confinement liée au coronavirus</Paragraphe>
			</Attention><OuSAdresser ID="R39331" type="National">
<Titre>34 00 - Passeport : s'informer sur les délais de délivrance</Titre>
<Texte>
						
								<Paragraphe>Serveur vocal interactif vous informant sur les délais de délivrance actualisés en fonction du lieu de la demande.</Paragraphe>
							
						<Chapitre>
<Titre>
<Paragraphe>Par téléphone</Paragraphe>
</Titre>
								<Paragraphe>Depuis la métropole : <MiseEnEvidence>34 00</MiseEnEvidence> : choix 4 puis 3 puis n° de département (coût d'un appel local)</Paragraphe>
								<Paragraphe>Depuis l'outre-mer : <MiseEnEvidence>09 70 83 07 07</MiseEnEvidence>
</Paragraphe>
								<Paragraphe>Depuis l'étranger : <MiseEnEvidence>+33 9 70 83 07 07</MiseEnEvidence>
</Paragraphe>
							</Chapitre>
					</Texte>
</OuSAdresser>

				<Paragraphe>Si vous avez indiqué un numéro de téléphone portable sur votre demande, vous recevez un SMS quand le passeport est disponible.</Paragraphe>
			
				<Paragraphe>Vous pouvez aussi suivre votre demande sur le site de l'ANTS.</Paragraphe>
			
				<ServiceEnLigne ID="R1827" URL="https://passeport.ants.gouv.fr/Services-associes/Ou-en-est-mon-passeport-CNI" type="Téléservice">
<Titre>Suivez votre demande de passeport</Titre>
<Source ID="R30628">Agence nationale des titres sécurisés (ANTS)</Source>
<Introduction>
<Texte><Paragraphe>Se munir du  numéro de demande fourni au  dépôt du dossier.</Paragraphe>
</Texte>
</Introduction>
</ServiceEnLigne>

			

</Chapitre>
<Chapitre>
<Titre>
<Paragraphe>Retrait du passeport</Paragraphe>
</Titre><BlocCas affichage="onglet"><Cas>
<Titre>
<Paragraphe>Avant 12 ans</Paragraphe>
</Titre>
										<Paragraphe>Le responsable doit se présenter au guichet pour récupérer le passeport.</Paragraphe>
										<Paragraphe>Il signe  le  passeport sur place accompagné de la mention <Expression>le père</Expression>, <Expression>la mère</Expression> ou <Expression>le tuteur</Expression>.</Paragraphe>
									
										<Paragraphe>Le passeport qui est délivré est un passeport biométrique.</Paragraphe>
										<Paragraphe>Il doit être  retiré  dans les  <MiseEnEvidence>3 mois</MiseEnEvidence> de  sa mise à disposition. Passé ce délai, le passeport est détruit.</Paragraphe>
									
</Cas>
<Cas>
<Titre>
<Paragraphe>Entre 12 et 13 ans</Paragraphe>
</Titre>
										<Paragraphe>Le responsable doit se présenter au guichet <MiseEnEvidence>avec son enfant</MiseEnEvidence> pour récupérer le passeport.</Paragraphe>
										<Paragraphe>Le responsable  signe  le  passeport sur place accompagné de la mention <Expression>le père</Expression>, <Expression>la mère</Expression> ou <Expression>le tuteur</Expression>.</Paragraphe>
									
										<Paragraphe>Le passeport qui est délivré est un passeport biométrique.</Paragraphe>
										<Paragraphe>Il doit être  retiré  dans les  <MiseEnEvidence>3 mois</MiseEnEvidence> de  sa mise à disposition. Passé ce délai, le passeport est détruit.</Paragraphe>
									
</Cas>
<Cas>
<Titre>
<Paragraphe>À partir de 13 ans</Paragraphe>
</Titre>
										<Paragraphe>Le responsable doit se présenter au guichet <MiseEnEvidence>avec son enfant</MiseEnEvidence> pour récupérer le passeport.</Paragraphe>
									
										<Paragraphe>Si son responsable est d'accord, l'enfant peut signer le passeport.</Paragraphe>
										<Paragraphe>Sinon, c'est le responsable qui appose sa signature accompagnée de la mention <Expression>le père</Expression>, <Expression>la mère</Expression> ou <Expression>le tuteur</Expression>.</Paragraphe>
									
										<Paragraphe>Le passeport qui est délivré est un passeport biométrique.</Paragraphe>
										<Paragraphe>Il doit être  retiré  dans les  <MiseEnEvidence>3 mois</MiseEnEvidence> de  sa mise à disposition. Passé ce délai, le passeport est détruit.</Paragraphe>
									
</Cas>
</BlocCas>

<Paragraphe>Le nouveau passeport est remis contre restitution de l'ancien. S'il comportait un visa, il peut être conservé pendant la durée de validité de ce visa.</Paragraphe>

</Chapitre>
<Chapitre>
<Titre>
<Paragraphe>Durée de validité</Paragraphe>
</Titre>
				<Paragraphe>Le passeport d'un mineur est valable pendant <MiseEnEvidence>5 ans</MiseEnEvidence>.</Paragraphe>
				<Paragraphe>S'il  devient majeur avant sa date d'expiration,  il peut continuer à l'utiliser. Il n'a pas besoin de demander un nouveau passeport.</Paragraphe>
			

</Chapitre>
</Texte>
</Situation>
<Situation>
<Titre>À l'étranger</Titre>
<Texte>
<Chapitre><Paragraphe>Pour demander le passeport biométrique d'un mineur, l'enfant et son représentant doivent se rendre au consulat avec les pièces justificatives nécessaires. Les documents à présenter dépendent de l'ancienneté de l'ancien passeport.</Paragraphe>

</Chapitre><Chapitre>
<Titre>
<Paragraphe>Qui doit faire la demande ?</Paragraphe>
</Titre>
				<Paragraphe>L'enfant et son responsable doivent se présenter <MiseEnEvidence>ensemble</MiseEnEvidence> au guichet. Leur présence est indispensable.</Paragraphe>
				<Paragraphe>Le responsable doit exercer <LienInterne LienPublication="F18605" type="Fiche Question-réponse" audience="Particuliers">l'autorité parentale</LienInterne>. Il peut s'agir du père, de la mère ou du tuteur. Il doit présenter sa propre pièce d'identité.</Paragraphe>
			

</Chapitre>
<Chapitre>
<Titre>
<Paragraphe>Où faire la demande ?</Paragraphe>
</Titre><OuSAdresser ID="R2750" type="Local personnalisable">
<Titre>Ambassade ou consulat français à l'étranger</Titre>
<PivotLocal>ambassade_france_etranger</PivotLocal>
<RessourceWeb URL="https://www.diplomatie.gouv.fr/fr/le-ministere-et-son-reseau/annuaires-et-adresses-du-ministere-de-l-europe-et-des-affaires-etrangeres-meae/ambassades-et-consulats-francais-a-l-etranger/"/>
</OuSAdresser>
<Attention>
<Titre>Attention</Titre>
												<Paragraphe>le service peut exiger que le dépôt du dossier se fasse uniquement sur rendez-vous.</Paragraphe>
											</Attention>
</Chapitre>
<Chapitre>
<Titre>
<Paragraphe>Choix du mode de retrait</Paragraphe>
</Titre><BlocCas affichage="onglet"><Cas>
<Titre>
<Paragraphe>En Europe</Paragraphe>
</Titre>
										<Paragraphe>Dans  <LienIntra LienID="R49824" type="Définition de glossaire">la majorité des  pays</LienIntra>, vous pouvez  demander à ce que le passeport vous soit envoyé par courrier. Pour en bénéficier, il faut être   inscrit au registre des Français de l'étranger du  même pays,  avoir  une messagerie électronique et pouvoir transmettre des fichiers par internet.</Paragraphe>
										<Paragraphe>Dans ce cas, en plus des pièces justificatives nécessaires, il faudra au moment du dépôt du dossier, fournir une enveloppe  affranchie  achetée auprès du prestataire habilité dans le pays. Il faut se renseigner auprès du consulat pour connaître le prestataire habilité, la taille de l'enveloppe à fournir, l’affranchissement nécessaire.</Paragraphe>
									
										<Paragraphe>Si vous n'indiquez rien au moment du dépôt du dossier, il faudra retirer le passeport au lieu du dépôt du dossier.</Paragraphe>
									
										<Paragraphe>Si vous préférez le retirer  auprès d'un <LienExterne URL="https://www.legifrance.gouv.fr/affichTexte.do?cidTexte=JORFTEXT000039248473">consul honoraire habilité</LienExterne>

, il faut indiquer ce souhait au guichet au moment du dépôt du dossier.</Paragraphe>
									
</Cas>
<Cas>
<Titre>
<Paragraphe>Dans un autre pays</Paragraphe>
</Titre>
										<Paragraphe>Si vous n'indiquez rien au moment du dépôt du dossier, il faudra retirer le passeport au lieu du dépôt du dossier.</Paragraphe>
									
										<Paragraphe>Si vous préférez le retirer  auprès d'un <LienExterne URL="https://www.legifrance.gouv.fr/affichTexte.do?cidTexte=JORFTEXT000039248473">consul honoraire habilité</LienExterne>

, il faut indiquer ce souhait au guichet au moment du dépôt du dossier.</Paragraphe>
									
										<Paragraphe>Dans  <LienIntra LienID="R49794" type="Définition de glossaire">certains pays</LienIntra>, vous pouvez  demander à ce que le passeport vous soit envoyé par courrier. Pour en bénéficier, il faut être   inscrit au registre des Français de l'étranger du même pays, avoir  une messagerie électronique et pouvoir transmettre des fichiers par internet.</Paragraphe>
										<Paragraphe>Dans ce cas, en plus des pièces justificatives nécessaires, il faudra au moment du dépôt du dossier, fournir une enveloppe affranchie achetée auprès du prestataire habilité dans le pays. Il faut se renseigner auprès du consulat pour connaître le prestataire habilité, la taille de l'enveloppe à fournir, l'affranchissement nécessaire.</Paragraphe>
									
</Cas>
</BlocCas>


</Chapitre>
<Chapitre>
<Titre>
<Paragraphe>Pièces à fournir</Paragraphe>
</Titre><Paragraphe>Les pièces à fournir dépendent du type de passeport à renouveler</Paragraphe>

				<Paragraphe>Il faut présenter les documents <MiseEnEvidence>originaux</MiseEnEvidence>.</Paragraphe>
			
<BlocCas affichage="onglet"><Cas>
<Titre>
<Paragraphe>L'ancien passeport est valide</Paragraphe>
</Titre><Liste type="puce"><Item>
			
			
				<Paragraphe>Passeport de l'enfant</Paragraphe>
			
		</Item>
</Liste>
<Liste type="puce"><Item>
			
			
				<Paragraphe>Photo d'identité de moins de 6 mois et <LienInterne LienPublication="F10619" type="Fiche Question-réponse" audience="Particuliers">conforme aux normes</LienInterne>
</Paragraphe>
			
		</Item>
<Item>
			
			
				<Paragraphe>Montant variable selon l'âge (compris entre <Valeur>27 €</Valeur> et <Valeur>55 €</Valeur>)</Paragraphe>
			
		</Item><Item>
			
			
				<Paragraphe>
<LienInterne LienPublication="F32675" type="Fiche Question-réponse" audience="Particuliers">Justificatif du domicile</LienInterne>
</Paragraphe>
			
		</Item>

<Item>
			
			
				<Paragraphe>Pièce d'identité du parent qui fait la demande</Paragraphe>
			
		</Item>
</Liste>
</Cas>
<Cas>
<Titre>
<Paragraphe>L'ancien passeport est périmé</Paragraphe>
</Titre>
<BlocCas affichage="radio"><Cas>
<Titre>
<Paragraphe>Date d'expiration : moins de 5 ans</Paragraphe>
</Titre><Liste type="puce"><Item>
			
			
				<Paragraphe>Passeport de l'enfant</Paragraphe>
			
		</Item>
</Liste>
<Liste type="puce"><Item>
			
			
				<Paragraphe>Photo d'identité de moins de 6 mois et <LienInterne LienPublication="F10619" type="Fiche Question-réponse" audience="Particuliers">conforme aux normes</LienInterne>
</Paragraphe>
			
		</Item>
<Item>
			
			
				<Paragraphe>Montant variable selon l'âge (compris entre <Valeur>27 €</Valeur> et <Valeur>55 €</Valeur>)</Paragraphe>
			
		</Item><Item>
			
			
				<Paragraphe>
<LienInterne LienPublication="F32675" type="Fiche Question-réponse" audience="Particuliers">Justificatif du domicile</LienInterne>
</Paragraphe>
			
		</Item>

<Item>
			
			
				<Paragraphe>Pièce d'identité du parent qui fait la demande</Paragraphe>
			
		</Item>
</Liste>
</Cas>
<Cas>
<Titre>
<Paragraphe>Date d'expiration : plus de 5 ans</Paragraphe>
</Titre>
<BlocCas affichage="radio"><Cas>
<Titre>
<Paragraphe>L'enfant a une carte d'identité valide</Paragraphe>
</Titre><Liste type="puce"><Item>
			
			
				<Paragraphe>Carte d'identité de l'enfant</Paragraphe>
			
		</Item>
</Liste>
<Liste type="puce"><Item>
			
			
				<Paragraphe>Photo d'identité de moins de 6 mois et <LienInterne LienPublication="F10619" type="Fiche Question-réponse" audience="Particuliers">conforme aux normes</LienInterne>
</Paragraphe>
			
		</Item>
<Item>
			
			
				<Paragraphe>Montant variable selon l'âge (compris entre <Valeur>27 €</Valeur> et <Valeur>55 €</Valeur>)</Paragraphe>
			
		</Item><Item>
			
			
				<Paragraphe>
<LienInterne LienPublication="F32675" type="Fiche Question-réponse" audience="Particuliers">Justificatif du domicile</LienInterne>
</Paragraphe>
			
		</Item>

<Item>
			
			
				<Paragraphe>Pièce d'identité du parent qui fait la demande</Paragraphe>
			
		</Item>
</Liste>
</Cas>
<Cas>
<Titre>
<Paragraphe>L'enfant a une carte d'identité périmée</Paragraphe>
</Titre>
<BlocCas affichage="radio"><Cas>
<Titre>
<Paragraphe>Date d'expiration : moins de 5 ans</Paragraphe>
</Titre><Liste type="puce"><Item>
			
			
				<Paragraphe>Carte d'identité de l'enfant</Paragraphe>
			
		</Item>
</Liste>
<Liste type="puce"><Item>
			
			
				<Paragraphe>Photo d'identité de moins de 6 mois et <LienInterne LienPublication="F10619" type="Fiche Question-réponse" audience="Particuliers">conforme aux normes</LienInterne>
</Paragraphe>
			
		</Item>
<Item>
			
			
				<Paragraphe>Montant variable selon l'âge (compris entre <Valeur>27 €</Valeur> et <Valeur>55 €</Valeur>)</Paragraphe>
			
		</Item><Item>
			
			
				<Paragraphe>
<LienInterne LienPublication="F32675" type="Fiche Question-réponse" audience="Particuliers">Justificatif du domicile</LienInterne>
</Paragraphe>
			
		</Item>

<Item>
			
			
				<Paragraphe>Pièce d'identité du parent qui fait la demande</Paragraphe>
			
		</Item>
</Liste>
</Cas>
<Cas>
<Titre>
<Paragraphe>Date d'expiration : + de 5 ans</Paragraphe>
</Titre><Liste type="puce"><Item>
			
			
				<Paragraphe>Photo d'identité de moins de 6 mois et <LienInterne LienPublication="F10619" type="Fiche Question-réponse" audience="Particuliers">conforme aux normes</LienInterne>
</Paragraphe>
			
		</Item>
<Item>
			
			
				<Paragraphe>Montant variable selon l'âge (compris entre <Valeur>27 €</Valeur> et <Valeur>55 €</Valeur>)</Paragraphe>
			
		</Item><Item>
			
			
				<Paragraphe>
<LienInterne LienPublication="F32675" type="Fiche Question-réponse" audience="Particuliers">Justificatif du domicile</LienInterne>
</Paragraphe>
			
		</Item>

<Item>
			
			
				<Paragraphe>Pièce d'identité du parent qui fait la demande</Paragraphe>
			
		</Item>
</Liste>
<Liste type="puce"><Item>
			
			
				<Paragraphe>Vérifiez si   <LienExterne URL="https://ants.gouv.fr/Les-solutions/COMEDEC/Villes-adherentes-a-la-dematerialisation">l'état civil du lieu de naissance est dématérialisé</LienExterne>

. Si ce n'est pas le cas, il faut fournir un <LienInterne LienPublication="R1406" type="Téléservice" audience="Particuliers">acte de naissance (copie intégrale ou extrait avec filiation)</LienInterne> de <MiseEnEvidence>moins de 3 mois</MiseEnEvidence>.</Paragraphe>
			
		</Item>
<Item>
			
			
				<Paragraphe>
<LienInterne LienPublication="F18713" type="Fiche Question-réponse" audience="Particuliers">Justificatif de nationalité française</LienInterne> si vous vous trouvez dans une situation particulière (naissance à l'étranger de parents nés à l'étranger par exemple)</Paragraphe>
			
		</Item>
</Liste>
</Cas>
</BlocCas>
</Cas>
<Cas>
<Titre>
<Paragraphe>L'enfant n'a pas de carte d'identité</Paragraphe>
</Titre><Liste type="puce"><Item>
			
			
				<Paragraphe>Photo d'identité de moins de 6 mois et <LienInterne LienPublication="F10619" type="Fiche Question-réponse" audience="Particuliers">conforme aux normes</LienInterne>
</Paragraphe>
			
		</Item>
<Item>
			
			
				<Paragraphe>Montant variable selon l'âge (compris entre <Valeur>27 €</Valeur> et <Valeur>55 €</Valeur>)</Paragraphe>
			
		</Item><Item>
			
			
				<Paragraphe>
<LienInterne LienPublication="F32675" type="Fiche Question-réponse" audience="Particuliers">Justificatif du domicile</LienInterne>
</Paragraphe>
			
		</Item>

<Item>
			
			
				<Paragraphe>Pièce d'identité du parent qui fait la demande</Paragraphe>
			
		</Item>
</Liste>
<Liste type="puce"><Item>
			
			
				<Paragraphe>Vérifiez si   <LienExterne URL="https://ants.gouv.fr/Les-solutions/COMEDEC/Villes-adherentes-a-la-dematerialisation">l'état civil du lieu de naissance est dématérialisé</LienExterne>

. Si ce n'est pas le cas, il faut fournir un <LienInterne LienPublication="R1406" type="Téléservice" audience="Particuliers">acte de naissance (copie intégrale ou extrait avec filiation)</LienInterne> de <MiseEnEvidence>moins de 3 mois</MiseEnEvidence>.</Paragraphe>
			
		</Item>
<Item>
			
			
				<Paragraphe>
<LienInterne LienPublication="F18713" type="Fiche Question-réponse" audience="Particuliers">Justificatif de nationalité française</LienInterne> si vous vous trouvez dans une situation particulière (naissance à l'étranger de parents nés à l'étranger par exemple)</Paragraphe>
			
		</Item>
</Liste>
</Cas>
</BlocCas>
</Cas>
</BlocCas>
</Cas>
</BlocCas>
<ASavoir>
<Titre>À savoir</Titre><Paragraphe>si vous souhaitez que l'enfant utilise un nom d'usage (double-nom), d'autres documents peuvent être réclamés pour justifier <LienInterne LienPublication="F1343" type="Fiche d'information" audience="Particuliers">l'utilisation du nom de l'autre parent</LienInterne>.</Paragraphe>
</ASavoir>
</Chapitre>
<Chapitre>
<Titre>
<Paragraphe>Coût</Paragraphe>
</Titre><BlocCas affichage="onglet"><Cas>
<Titre>
<Paragraphe>Si vous fournissez la photo</Paragraphe>
</Titre>
										<Liste type="puce">
											<Item>
												<Paragraphe>Entre 0 et 14 ans, le passeport coûte <Valeur>27 €</Valeur>.</Paragraphe>
											</Item>
											<Item>
												<Paragraphe>Entre 15 et 17 ans, le passeport coûte <Valeur>52 €</Valeur>.</Paragraphe>
											</Item>
										</Liste>
									
</Cas>
<Cas>
<Titre>
<Paragraphe>Si la photo est prise au guichet</Paragraphe>
</Titre>
										<Paragraphe>(seulement dans <LienIntra LienID="R43477" type="Définition de glossaire">quelques pays</LienIntra>)</Paragraphe>
									
										<Liste type="puce">
											<Item>
												<Paragraphe>Entre 0 et 14 ans, le passeport coûte <Valeur>30 €</Valeur>.</Paragraphe>
											</Item>
											<Item>
												<Paragraphe>Entre 15 et 17 ans, le passeport coûte <Valeur>55 €</Valeur>.</Paragraphe>
											</Item>
										</Liste>
									
</Cas>
</BlocCas>

				<Paragraphe>Vous pouvez régler en  espèces. Certains consulats acceptent aussi le paiement par  carte bancaire, chèque ou virement. Consultez le site internet du consulat pour savoir comment payer.</Paragraphe>
			


</Chapitre>
<Chapitre>
<Titre>
<Paragraphe>Fabrication</Paragraphe>
</Titre>
				<Paragraphe>Le passeport n'est pas fabriqué sur place et ne peut donc pas être délivré immédiatement. Les délais de fabrication dépendent du lieu et de la période de la demande.</Paragraphe>
			
				<Paragraphe>Si vous avez indiqué un numéro de téléphone portable sur le formulaire de demande, vous recevez un SMS lorsque le passeport est disponible.</Paragraphe>
			
				<ServiceEnLigne ID="R1827" URL="https://passeport.ants.gouv.fr/Services-associes/Ou-en-est-mon-passeport-CNI" type="Téléservice">
<Titre>Suivez votre demande de passeport</Titre>
<Source ID="R30628">Agence nationale des titres sécurisés (ANTS)</Source>
<Introduction>
<Texte><Paragraphe>Se munir du  numéro de demande fourni au  dépôt du dossier.</Paragraphe>
</Texte>
</Introduction>
</ServiceEnLigne>

			

</Chapitre>
<Chapitre>
<Titre>
<Paragraphe>Récupération du passeport</Paragraphe>
</Titre><BlocCas affichage="onglet"><Cas>
<Titre>
<Paragraphe>Sur place</Paragraphe>
</Titre>
<BlocCas affichage="radio"><Cas>
<Titre>
<Paragraphe>Avant 12 ans</Paragraphe>
</Titre>
												<Paragraphe>Le responsable doit se présenter au lieu de dépôt du dossier  ou auprès d'un <LienExterne URL="https://www.legifrance.gouv.fr/affichTexte.do?cidTexte=JORFTEXT000039248473">consul honoraire habilité</LienExterne>

  pour récupérer le passeport.</Paragraphe>
												<Paragraphe>Il signe  le  passeport sur place accompagné de le mention <Expression>le père</Expression>, <Expression>la mère</Expression> ou <Expression>le tuteur</Expression>.</Paragraphe>
											
				<Paragraphe>L'ancien passeport doit être restitué. S'il comportait un visa, il peut être conservé pendant la durée de validité de ce visa.</Paragraphe>
			

</Cas>
<Cas>
<Titre>
<Paragraphe>À 12 ans</Paragraphe>
</Titre>
												<Paragraphe>Le responsable doit se présenter au lieu de dépôt du dossier  ou auprès d'un <LienExterne URL="https://www.legifrance.gouv.fr/affichTexte.do?cidTexte=JORFTEXT000039248473">consul honoraire habilité</LienExterne>

  <MiseEnEvidence>avec son enfant</MiseEnEvidence> pour récupérer le passeport.</Paragraphe>
												<Paragraphe>Le responsable  signe  le  passeport sur place accompagné de le mention <Expression>le père</Expression>, <Expression>la mère</Expression> ou <Expression>le tuteur</Expression>.</Paragraphe>
											
				<Paragraphe>L'ancien passeport doit être restitué. S'il comportait un visa, il peut être conservé pendant la durée de validité de ce visa.</Paragraphe>
			

</Cas>
<Cas>
<Titre>
<Paragraphe>À partir de 13 ans</Paragraphe>
</Titre>
												<Paragraphe>Le responsable doit se présenter au au lieu de dépôt du dossier  ou auprès d'un <LienExterne URL="https://www.legifrance.gouv.fr/affichTexte.do?cidTexte=JORFTEXT000039248473">consul honoraire habilité</LienExterne>

  <MiseEnEvidence>avec son enfant</MiseEnEvidence> pour récupérer le passeport.</Paragraphe>
											
												<Paragraphe>Si son responsable est d'accord, l'enfant peut signer le passeport.</Paragraphe>
												<Paragraphe>Sinon, c'est le responsable qui appose sa signature accompagnée de le mention <Expression>le père</Expression>, <Expression>la mère</Expression> ou <Expression>le tuteur</Expression>.</Paragraphe>
											
				<Paragraphe>L'ancien passeport doit être restitué. S'il comportait un visa, il peut être conservé pendant la durée de validité de ce visa.</Paragraphe>
			

</Cas>
</BlocCas>
</Cas>
<Cas>
<Titre>
<Paragraphe>Par courrier</Paragraphe>
</Titre><Paragraphe>Au moment du dépôt du dossier, si vous avez demandé à recevoir le passeport par courrier, vous recevez un mail de notification d'envoi dans lequel figure un code secret.</Paragraphe>
<Paragraphe>Dès que vous recevez votre passeport, il convient d'en accuser la  réception sur le téléservice</Paragraphe>

										<ServiceEnLigne ID="R49796" URL="https://telereception-passeport.ants.gouv.fr/" type="Téléservice">
<Titre>Accusez réception de votre passeport</Titre>
<Source ID="R30628">Agence nationale des titres sécurisés (ANTS)</Source>
<Introduction>
<Texte><Paragraphe>Se munir du numéro du passeport, du code secret reçu par courriel et du scan de  l'attestation de remise datée et signée</Paragraphe>
</Texte>
</Introduction>
</ServiceEnLigne>

									
				<Paragraphe>L'ancien passeport doit être renvoyé au consulat par courrier sécurisé du même type que celui utilisé pour l'envoi du nouveau passeport.</Paragraphe>
				<Paragraphe>S'il comportait un visa, il peut être conservé pendant la durée de validité de ce visa.</Paragraphe>
			

</Cas>
</BlocCas>

</Chapitre>
<Chapitre>
<Titre>
<Paragraphe>Durée de validité</Paragraphe>
</Titre>
				<Paragraphe>Le passeport d'un mineur est valable pendant <MiseEnEvidence>5 ans</MiseEnEvidence>.</Paragraphe>
				<Paragraphe>S'il  devient majeur avant sa date d'expiration,  il peut continuer à l'utiliser. Il n'a pas besoin de demander un nouveau passeport.</Paragraphe>
			

</Chapitre>
</Texte>
</Situation>
</ListeSituations><VoirAussi important="oui">
<Fiche ID="F21244" audience="Particuliers">
<Titre>Passeport perdu</Titre>
<Theme ID="N19810">
<Titre>Papiers - Citoyenneté</Titre>
</Theme>
</Fiche>
<Fiche ID="F21245" audience="Particuliers">
<Titre>Passeport volé</Titre>
<Theme ID="N19810">
<Titre>Papiers - Citoyenneté</Titre>
</Theme>
</Fiche>
</VoirAussi>
<OuSAdresser ID="R14970" type="Local personnalisable">
<Titre>Mairie délivrant des passeports biométriques</Titre>
<Complement>Pour demander un passeport en France</Complement>
<PivotLocal>mairie_passeport_bio</PivotLocal>
<RessourceWeb URL="https://passeport.ants.gouv.fr/Services-associes/Ou-faire-ma-demande-de-passeport-CNI"/>
<Source ID="R30628">Agence nationale des titres sécurisés (ANTS)</Source>
</OuSAdresser>
<OuSAdresser ID="R2750" type="Local personnalisable">
<Titre>Ambassade ou consulat français à l'étranger</Titre>
<Complement>Pour demander un passeport à l'étranger</Complement>
<PivotLocal>ambassade_france_etranger</PivotLocal>
<RessourceWeb URL="https://www.diplomatie.gouv.fr/fr/le-ministere-et-son-reseau/annuaires-et-adresses-du-ministere-de-l-europe-et-des-affaires-etrangeres-meae/ambassades-et-consulats-francais-a-l-etranger/"/>
</OuSAdresser>
<Reference type="Texte de référence" URL="https://www.legifrance.gouv.fr/loda/article_lc/LEGIARTI000033333841" ID="R847">
<Titre>Décret n°2005-1726 du 30 décembre 2005 relatif au passeport : article 5-1 - Pièces à fournir pour un renouvellement</Titre>
</Reference>
<Reference type="Texte de référence" URL="https://www.legifrance.gouv.fr/codes/id/LEGISCTA000006179981/" ID="R551">
<Titre>Code général des impôts : articles 953 à 955</Titre>
<Complement>Coût du passeport</Complement>
</Reference>
<Reference type="Texte de référence" URL="https://www.legifrance.gouv.fr/loda/article_lc/LEGIARTI000033333857" ID="R1217">
<Titre>Décret n°2005-1726 du 30 décembre 2005 relatif au passeport : article 6-1 - Empreintes et photo</Titre>
<Complement>Dérogation à la prise d'empreinte pour un enfant de moins de 12 ans</Complement>
</Reference>
<Reference type="Texte de référence" URL="https://www.legifrance.gouv.fr/loda/id/JORFTEXT000020246797/" ID="R10971">
<Titre>Arrêté du 5 février 2009 relatif aux photos d'identité produites pour une demande de passeport</Titre>
</Reference>
<ServiceEnLigne ID="R39812" URL="https://timbres.impots.gouv.fr/pages/achat/choixTimbres.jsp" type="Téléservice">
<Titre>Achat en ligne du timbre fiscal - Passeport</Titre>
<Source ID="R30612">Ministère chargé des finances</Source>
</ServiceEnLigne>
<ServiceEnLigne ID="R42946" URL="https://passeport.ants.gouv.fr/Vos-demarches/Faire-une-pre-demande-passeport" type="Téléservice">
<Titre>Pré-demande de passeport</Titre>
<Source ID="R30628">Agence nationale des titres sécurisés (ANTS)</Source>
</ServiceEnLigne>
<ServiceEnLigne ID="R1827" URL="https://passeport.ants.gouv.fr/Services-associes/Ou-en-est-mon-passeport-CNI" type="Téléservice">
<Titre>Suivez votre demande de passeport</Titre>
<Source ID="R30628">Agence nationale des titres sécurisés (ANTS)</Source>
</ServiceEnLigne>
<PourEnSavoirPlus type="Information pratique" ID="R24053" URL="https://www.parisaeroport.fr/passagers/preparation-vol/formalites-embarquement/controle-frontieres" audience="Particuliers">
<Titre>Parafe : passage rapide des frontières</Titre>
<Source ID="R33680">Aéroports de Paris</Source>
</PourEnSavoirPlus>
<PourEnSavoirPlus type="Information pratique" ID="R23695" URL="https://ants.gouv.fr/Les-solutions/COMEDEC/Villes-adherentes-a-la-dematerialisation" audience="Particuliers">
<Titre>Vérifier si l'état-civil de votre ville de naissance est dématérialisé</Titre>
<Source ID="R30628">Agence nationale des titres sécurisés (ANTS)</Source>
</PourEnSavoirPlus>
<PourEnSavoirPlus type="Information pratique" ID="R44353" URL="https://www.legifrance.gouv.fr/affichTexte.do?cidTexte=JORFTEXT000039248473" audience="Particuliers">
<Titre>Consuls honoraires habilités à remettre les cartes d'identité et les passeports</Titre>
<Source ID="R38880">Legifrance</Source>
</PourEnSavoirPlus>
<Definition ID="R49794">
<Titre>Pays - Passeport transmis par courrier (hors Europe)</Titre>
<Texte>
				<Paragraphe>Argentine, Australie,  Brésil,  Canada,  États-Unis,  Japon,  Nouvelle-Zélande</Paragraphe>
			</Texte><Reference type="Texte de référence" URL="https://www.legifrance.gouv.fr/loda/id/JORFTEXT000034518557/" ID="R36735">
<Titre>Arrêté du 27 avril 2017 relatif aux conditions d'envoi d'un passeport à l'étranger</Titre>
</Reference>
</Definition>
<Definition ID="R43477">
<Titre>Passeport - Consulats proposant de prendre la photo au guichet</Titre>
<Texte>
				<Paragraphe>Burundi, Cuba,  Guinée Équatoriale,  Kenya,    Mali,  Mauritanie et   Uruguay</Paragraphe>
			</Texte>
</Definition>
<Definition ID="R49824">
<Titre>Pays - Passeport envoyé par courrier - Europe</Titre>
<Texte>
				<Paragraphe>Allemagne, Autriche, Belgique, Bulgarie, Chypre, Croatie, Danemark, Espagne, Estonie, Finlande, France, Grèce, Hongrie, Irlande, Italie, Lituanie, Lettonie, Luxembourg, Malte, Norvège, Pays-Bas, Pologne, Portugal, République tchèque, Roumanie, Royaume-Uni, Slovaquie, Slovénie, Suède, Suisse</Paragraphe>
			</Texte><Reference type="Texte de référence" URL="https://www.legifrance.gouv.fr/loda/id/JORFTEXT000034518557/" ID="R36735">
<Titre>Arrêté du 27 avril 2017 relatif aux conditions d'envoi d'un passeport à l'étranger</Titre>
</Reference>
</Definition>
<QuestionReponse ID="F12567" audience="Particuliers">Quels recours si ma demande de passeport n'aboutit pas ?</QuestionReponse>
<QuestionReponse ID="F18704" audience="Particuliers">Que faire si je retrouve une carte d'identité ou un passeport perdu ou volé ?</QuestionReponse>
<QuestionReponse ID="F18605" audience="Particuliers">Comment prouver l'autorité parentale ?</QuestionReponse>
<QuestionReponse ID="F32675" audience="Particuliers">Comment prouver le domicile ?</QuestionReponse>
























</Publication>
