<?xml version="1.0" encoding="UTF-8"?><Publication xmlns:dc="http://purl.org/dc/elements/1.1/" xmlns:xsi="http://www.w3.org/2001/XMLSchema-instance" ID="F21247" type="Fiche d'information" xsi:noNamespaceSchemaLocation="../Schemas/3.0/Publication.xsd">
<dc:title>Passeport d'un majeur : en cas de vol</dc:title>
<dc:creator>Direction de l'information légale et administrative</dc:creator>
<dc:subject>Papiers - Citoyenneté</dc:subject>
<dc:description>Si votre passeport a été volé, vous devez faire une déclaration de vol, puis demander le renouvellement du passeport auprès d'une mairie équipée.</dc:description>
<dc:publisher>Direction de l'information légale et administrative</dc:publisher>
<dc:contributor>Direction de l'information légale et administrative (Premier ministre), Ministère chargé de l'intérieur</dc:contributor>
<dc:date>modified 2019-09-11</dc:date>
<dc:type>Fiche pratique</dc:type>
<dc:format>text/xml</dc:format>
<dc:identifier>F21247</dc:identifier>
<dc:source>https://www.legifrance.gouv.fr/loda/article_lc/LEGIARTI000033333841, https://www.legifrance.gouv.fr/loda/article_lc/LEGIARTI000033333857, https://www.legifrance.gouv.fr/codes/id/LEGISCTA000006179981/, https://www.legifrance.gouv.fr/codes/article_lc/LEGIARTI000006305785, https://www.legifrance.gouv.fr/loda/id/JORFTEXT000000335104/, https://www.legifrance.gouv.fr/loda/id/JORFTEXT000020246797/, https://www.legifrance.gouv.fr/loda/article_lc/LEGIARTI000033333863, https://www.legifrance.gouv.fr/loda/article_lc/LEGIARTI000018763637, https://www.legifrance.gouv.fr/loda/id/JORFTEXT000034518557/
</dc:source>
<dc:language>Fr</dc:language>
<dc:relation>isPartOf N360</dc:relation>
<dc:coverage>France entière</dc:coverage>
<dc:rights>https://www.service-public.fr/a-propos/mentions-legales</dc:rights>
<SurTitre>Fiche pratique</SurTitre>
<Audience>Particuliers</Audience>
<Canal>www.service-public.fr</Canal>
<FilDAriane>
<Niveau ID="Particuliers">Accueil particuliers</Niveau>
<Niveau ID="N19810">Papiers - Citoyenneté</Niveau>
<Niveau ID="N360">Passeport</Niveau>
<Niveau ID="F21247" type="Fiche d'information">Passeport d'un majeur : en cas de vol</Niveau>
</FilDAriane>
<Theme ID="N19810">
<Titre>Papiers - Citoyenneté</Titre>
</Theme>
<SousThemePere ID="N103">Identité - Authentification</SousThemePere><DossierPere ID="N360">
<Titre>Passeport</Titre><SousDossier ID="N360-1">
<Titre>Pour un majeur</Titre>
<Fiche ID="F14929">Première demande</Fiche>
<Fiche ID="F21091">Renouvellement</Fiche>
<Fiche ID="F21246">Passeport perdu</Fiche>
<Fiche ID="F21247">Passeport volé</Fiche>
<Fiche ID="F1373">Passeport en urgence</Fiche>
</SousDossier>
<SousDossier ID="N360-2">
<Titre>Pour un mineur</Titre>
<Fiche ID="F14930">Première demande</Fiche>
<Fiche ID="F21092">Renouvellement</Fiche>
<Fiche ID="F21244">Passeport perdu</Fiche>
<Fiche ID="F21245">Passeport volé</Fiche>
<Fiche ID="F1035">Passeport en urgence</Fiche>
</SousDossier>
</DossierPere>

<SousDossierPere>Pour un majeur</SousDossierPere>
<ListeSituations affichage="onglet"><Situation>
<Titre>En France</Titre>
<Texte>
<Chapitre><Paragraphe>Si votre passeport a été volé, il convient de faire une déclaration de vol. Cette déclaration devra être fournie lors du dossier de demande de renouvellement. Les autres pièces à fournir à l'appui du dossier dépendent de type de passeport qui a été volé.</Paragraphe>

</Chapitre><Chapitre>
<Titre>
<Paragraphe>Déclaration de vol</Paragraphe>
</Titre><BlocCas affichage="onglet"><Cas>
<Titre>
<Paragraphe>Si le vol a eu lieu en France</Paragraphe>
</Titre>
										<Paragraphe>Il faut se rendre dans un  commissariat de police ou une gendarmerie.</Paragraphe>
									
										<OuSAdresser ID="R13" type="Local personnalisable">
<Titre>Commissariat ou Gendarmerie</Titre>
<PivotLocal>commissariat_police</PivotLocal>
<RessourceWeb URL="http://www.interieur.gouv.fr/Contact/Contacter-une-brigade-de-gendarmerie-ou-un-commissariat-de-police"/>
</OuSAdresser>
									
										<Paragraphe>Un récépissé vous sera remis.</Paragraphe>
									
</Cas>
<Cas>
<Titre>
<Paragraphe>Si le vol a eu lieu à l'étranger</Paragraphe>
</Titre>
										<Paragraphe>Il faut s'adresser aux autorités de police locales et au consulat de France le plus proche.</Paragraphe>
									
										<OuSAdresser ID="R2750" type="Local personnalisable">
<Titre>Ambassade ou consulat français à l'étranger</Titre>
<PivotLocal>ambassade_france_etranger</PivotLocal>
<RessourceWeb URL="https://www.diplomatie.gouv.fr/fr/le-ministere-et-son-reseau/annuaires-et-adresses-du-ministere-de-l-europe-et-des-affaires-etrangeres-meae/ambassades-et-consulats-francais-a-l-etranger/"/>
</OuSAdresser>
									
										<Paragraphe>Un récépissé vous sera remis.</Paragraphe>
									
</Cas>
</BlocCas>


</Chapitre>
<Chapitre>
<Titre>
<Paragraphe>Où et comment demander un nouveau passeport ?</Paragraphe>
</Titre>
				<Paragraphe>Le lieu de la demande ne dépend pas de votre domicile. Vous pouvez vous rendre à n'importe quelle mairie,  à condition qu'elle  soit équipée d'une station d'enregistrement.</Paragraphe>
			
				<Paragraphe>Votre présence est indispensable  pour procéder à la prise d'empreintes.</Paragraphe>
			

				<OuSAdresser ID="R14970" type="Local personnalisable">
<Titre>Mairie délivrant des passeports biométriques</Titre>
<PivotLocal>mairie_passeport_bio</PivotLocal>
<RessourceWeb URL="https://passeport.ants.gouv.fr/Services-associes/Ou-faire-ma-demande-de-passeport-CNI"/>
<Source ID="R30628">Agence nationale des titres sécurisés (ANTS)</Source>
</OuSAdresser>
			<Attention>
<Titre>Attention</Titre>
				<Paragraphe>le service peut exiger que le dépôt du dossier se fasse uniquement sur rendez-vous.</Paragraphe>
			</Attention>

				<Paragraphe>Vous pouvez remplir le <LienInterne LienPublication="F33640" type="Fiche Question-réponse" audience="Particuliers">formulaire cartonné</LienInterne> au guichet ou préparer le dossier en effectuant une pré-demande en ligne.</Paragraphe>
			
				<ServiceEnLigne ID="R42946" URL="https://passeport.ants.gouv.fr/Vos-demarches/Faire-une-pre-demande-passeport" type="Téléservice">
<Titre>Pré-demande de passeport</Titre>
<Source ID="R30628">Agence nationale des titres sécurisés (ANTS)</Source>
<Introduction>
<Texte><Paragraphe>Accessible avec un compte ANTS ou via France Connect</Paragraphe>
</Texte>
</Introduction>
</ServiceEnLigne>

				<Paragraphe>Il faudra ensuite  vous rendre en mairie pour finaliser la demande avec les pièces justificatives.</Paragraphe>
				<Paragraphe>La mairie récupérera vos données grâce au numéro de pré-demande, vérifiera vos pièces justificatives et recueillera vos empreintes.</Paragraphe>
			

</Chapitre>
<Chapitre type="pieces">
<Titre>
<Paragraphe>Pièces à fournir</Paragraphe>
</Titre><Paragraphe>Les pièces à fournir à l'appui du dossier dépendent de type de passeport qui a été volé.</Paragraphe>

				<Paragraphe>Il faut présenter les documents <MiseEnEvidence>originaux</MiseEnEvidence>.</Paragraphe>
			
<BlocCas affichage="onglet"><Cas>
<Titre>
<Paragraphe>Cas général</Paragraphe>
</Titre>
<BlocCas affichage="radio"><Cas>
<Titre>
<Paragraphe>Si le passeport volé était biométrique</Paragraphe>
</Titre><Liste type="puce"><Item>
			
			
				<Paragraphe>Photo d'identité de moins de 6 mois et <LienInterne LienPublication="F10619" type="Fiche Question-réponse" audience="Particuliers">conforme aux normes</LienInterne>
</Paragraphe>
			
		</Item>
<Item>
			
			
				<Paragraphe>
<LienInterne LienPublication="F21258" type="Fiche Question-réponse" audience="Particuliers">Timbre fiscal</LienInterne> : <Valeur>86 €</Valeur> (<LienInterne LienPublication="R39812" type="Téléservice" audience="Particuliers">achat en ligne</LienInterne>)</Paragraphe>
			
		</Item>
<Item>
			
			
				<Paragraphe>
<LienInterne LienPublication="F14807" type="Fiche Question-réponse" audience="Particuliers">Justificatif du domicile</LienInterne>
</Paragraphe>
			
		</Item><Item>
			
			
				<Paragraphe>Numéro de <LienInterne LienPublication="R42946" type="Téléservice" audience="Particuliers">pré-demande</LienInterne> si vous avez fait cette démarche en ligne (sinon, il faut  <LienInterne LienPublication="F33640" type="Fiche Question-réponse" audience="Particuliers">remplir</LienInterne> et signer le formulaire cartonné disponible au guichet)</Paragraphe>
			
		</Item>

</Liste>
<Liste type="puce"><Item>
			
			
				<Paragraphe>Déclaration de vol</Paragraphe>
			
		</Item>
</Liste>
</Cas>
<Cas>
<Titre>
<Paragraphe>S'il s'agissait d'un ancien modèle</Paragraphe>
</Titre>
<BlocCas affichage="radio"><Cas>
<Titre>
<Paragraphe>Vous avez une carte d'identité valide</Paragraphe>
</Titre><Liste type="puce"><Item>
			
			
				<Paragraphe>Votre  carte d'identité</Paragraphe>
			
		</Item>
</Liste>
<Liste type="puce"><Item>
			
			
				<Paragraphe>Photo d'identité de moins de 6 mois et <LienInterne LienPublication="F10619" type="Fiche Question-réponse" audience="Particuliers">conforme aux normes</LienInterne>
</Paragraphe>
			
		</Item>
<Item>
			
			
				<Paragraphe>
<LienInterne LienPublication="F21258" type="Fiche Question-réponse" audience="Particuliers">Timbre fiscal</LienInterne> : <Valeur>86 €</Valeur> (<LienInterne LienPublication="R39812" type="Téléservice" audience="Particuliers">achat en ligne</LienInterne>)</Paragraphe>
			
		</Item>
<Item>
			
			
				<Paragraphe>
<LienInterne LienPublication="F14807" type="Fiche Question-réponse" audience="Particuliers">Justificatif du domicile</LienInterne>
</Paragraphe>
			
		</Item><Item>
			
			
				<Paragraphe>Numéro de <LienInterne LienPublication="R42946" type="Téléservice" audience="Particuliers">pré-demande</LienInterne> si vous avez fait cette démarche en ligne (sinon, il faut  <LienInterne LienPublication="F33640" type="Fiche Question-réponse" audience="Particuliers">remplir</LienInterne> et signer le formulaire cartonné disponible au guichet)</Paragraphe>
			
		</Item>

</Liste>
<Liste type="puce"><Item>
			
			
				<Paragraphe>Déclaration de vol</Paragraphe>
			
		</Item>
</Liste>
</Cas>
<Cas>
<Titre>
<Paragraphe>Vous avez une carte d'identité périmée</Paragraphe>
</Titre>
<BlocCas affichage="radio"><Cas>
<Titre>
<Paragraphe>Date d'expiration : moins de 5 ans</Paragraphe>
</Titre><Liste type="puce"><Item>
			
			
				<Paragraphe>Votre  carte d'identité</Paragraphe>
			
		</Item>
</Liste>
<Liste type="puce"><Item>
			
			
				<Paragraphe>Photo d'identité de moins de 6 mois et <LienInterne LienPublication="F10619" type="Fiche Question-réponse" audience="Particuliers">conforme aux normes</LienInterne>
</Paragraphe>
			
		</Item>
<Item>
			
			
				<Paragraphe>
<LienInterne LienPublication="F21258" type="Fiche Question-réponse" audience="Particuliers">Timbre fiscal</LienInterne> : <Valeur>86 €</Valeur> (<LienInterne LienPublication="R39812" type="Téléservice" audience="Particuliers">achat en ligne</LienInterne>)</Paragraphe>
			
		</Item>
<Item>
			
			
				<Paragraphe>
<LienInterne LienPublication="F14807" type="Fiche Question-réponse" audience="Particuliers">Justificatif du domicile</LienInterne>
</Paragraphe>
			
		</Item><Item>
			
			
				<Paragraphe>Numéro de <LienInterne LienPublication="R42946" type="Téléservice" audience="Particuliers">pré-demande</LienInterne> si vous avez fait cette démarche en ligne (sinon, il faut  <LienInterne LienPublication="F33640" type="Fiche Question-réponse" audience="Particuliers">remplir</LienInterne> et signer le formulaire cartonné disponible au guichet)</Paragraphe>
			
		</Item>

</Liste>
<Liste type="puce"><Item>
			
			
				<Paragraphe>Déclaration de vol</Paragraphe>
			
		</Item>
</Liste>
</Cas>
<Cas>
<Titre>
<Paragraphe>Date d'expiration : plus de 5 ans</Paragraphe>
</Titre><Liste type="puce"><Item>
			
			
				<Paragraphe>Photo d'identité de moins de 6 mois et <LienInterne LienPublication="F10619" type="Fiche Question-réponse" audience="Particuliers">conforme aux normes</LienInterne>
</Paragraphe>
			
		</Item>
<Item>
			
			
				<Paragraphe>
<LienInterne LienPublication="F21258" type="Fiche Question-réponse" audience="Particuliers">Timbre fiscal</LienInterne> : <Valeur>86 €</Valeur> (<LienInterne LienPublication="R39812" type="Téléservice" audience="Particuliers">achat en ligne</LienInterne>)</Paragraphe>
			
		</Item>
<Item>
			
			
				<Paragraphe>
<LienInterne LienPublication="F14807" type="Fiche Question-réponse" audience="Particuliers">Justificatif du domicile</LienInterne>
</Paragraphe>
			
		</Item><Item>
			
			
				<Paragraphe>Numéro de <LienInterne LienPublication="R42946" type="Téléservice" audience="Particuliers">pré-demande</LienInterne> si vous avez fait cette démarche en ligne (sinon, il faut  <LienInterne LienPublication="F33640" type="Fiche Question-réponse" audience="Particuliers">remplir</LienInterne> et signer le formulaire cartonné disponible au guichet)</Paragraphe>
			
		</Item>

</Liste>
<Liste type="puce"><Item>
			
			
				<Paragraphe>Déclaration de vol</Paragraphe>
			
		</Item>
</Liste>
<Liste type="puce"><Item>
			
			
				<Paragraphe>Vérifiez si   <LienExterne URL="https://ants.gouv.fr/Les-solutions/COMEDEC/Villes-adherentes-a-la-dematerialisation">l'état civil du lieu de naissance est dématérialisé</LienExterne>

. Si ce n'est pas le cas, il faut fournir un <LienInterne LienPublication="R1406" type="Téléservice" audience="Particuliers">acte de naissance (copie intégrale ou extrait avec filiation)</LienInterne> de <MiseEnEvidence>moins de 3 mois</MiseEnEvidence>.</Paragraphe>
			
		</Item>
<Item>
			
			
				<Paragraphe>
<LienInterne LienPublication="F18713" type="Fiche Question-réponse" audience="Particuliers">Justificatif de nationalité française</LienInterne> si vous vous trouvez dans une situation particulière (naissance à l'étranger de parents nés à l'étranger par exemple)</Paragraphe>
			
		</Item>
</Liste>
</Cas>
</BlocCas>
</Cas>
<Cas>
<Titre>
<Paragraphe>Vous n'avez pas de carte d'identité</Paragraphe>
</Titre><Liste type="puce"><Item>
			
			
				<Paragraphe>Photo d'identité de moins de 6 mois et <LienInterne LienPublication="F10619" type="Fiche Question-réponse" audience="Particuliers">conforme aux normes</LienInterne>
</Paragraphe>
			
		</Item>
<Item>
			
			
				<Paragraphe>
<LienInterne LienPublication="F21258" type="Fiche Question-réponse" audience="Particuliers">Timbre fiscal</LienInterne> : <Valeur>86 €</Valeur> (<LienInterne LienPublication="R39812" type="Téléservice" audience="Particuliers">achat en ligne</LienInterne>)</Paragraphe>
			
		</Item>
<Item>
			
			
				<Paragraphe>
<LienInterne LienPublication="F14807" type="Fiche Question-réponse" audience="Particuliers">Justificatif du domicile</LienInterne>
</Paragraphe>
			
		</Item><Item>
			
			
				<Paragraphe>Numéro de <LienInterne LienPublication="R42946" type="Téléservice" audience="Particuliers">pré-demande</LienInterne> si vous avez fait cette démarche en ligne (sinon, il faut  <LienInterne LienPublication="F33640" type="Fiche Question-réponse" audience="Particuliers">remplir</LienInterne> et signer le formulaire cartonné disponible au guichet)</Paragraphe>
			
		</Item>

</Liste>
<Liste type="puce"><Item>
			
			
				<Paragraphe>Déclaration de vol</Paragraphe>
			
		</Item>
</Liste>
<Liste type="puce"><Item>
			
			
				<Paragraphe>Vérifiez si   <LienExterne URL="https://ants.gouv.fr/Les-solutions/COMEDEC/Villes-adherentes-a-la-dematerialisation">l'état civil du lieu de naissance est dématérialisé</LienExterne>

. Si ce n'est pas le cas, il faut fournir un <LienInterne LienPublication="R1406" type="Téléservice" audience="Particuliers">acte de naissance (copie intégrale ou extrait avec filiation)</LienInterne> de <MiseEnEvidence>moins de 3 mois</MiseEnEvidence>.</Paragraphe>
			
		</Item>
<Item>
			
			
				<Paragraphe>
<LienInterne LienPublication="F18713" type="Fiche Question-réponse" audience="Particuliers">Justificatif de nationalité française</LienInterne> si vous vous trouvez dans une situation particulière (naissance à l'étranger de parents nés à l'étranger par exemple)</Paragraphe>
			
		</Item>
</Liste>
</Cas>
</BlocCas>
</Cas>
</BlocCas>
</Cas>
<Cas>
<Titre>
<Paragraphe>En Guyane</Paragraphe>
</Titre>
<BlocCas affichage="radio"><Cas>
<Titre>
<Paragraphe>Si le passeport volé était biométrique</Paragraphe>
</Titre><Liste type="puce"><Item>
			
			
				<Paragraphe>Photo d'identité de moins de 6 mois et <LienInterne LienPublication="F10619" type="Fiche Question-réponse" audience="Particuliers">conforme aux normes</LienInterne>
</Paragraphe>
			
		</Item>
</Liste>
				<Liste type="puce">
					<Item>
						<Paragraphe>Numéro de <LienInterne LienPublication="R42946" type="Téléservice" audience="Particuliers">pré-demande</LienInterne> ou formulaire cartonné remis sur place</Paragraphe>
					</Item>
					<Item>
						<Paragraphe>Timbre fiscal de <Valeur>43 €</Valeur> (<LienInterne LienPublication="R39812" type="Téléservice" audience="Particuliers">achat en ligne</LienInterne>)</Paragraphe>
					</Item>
					<Item>
						<Paragraphe>
<LienInterne LienPublication="F14807" type="Fiche Question-réponse" audience="Particuliers">Justificatif du domicile</LienInterne>
</Paragraphe>
					</Item>
				</Liste>
			
<Liste type="puce"><Item>
			
			
				<Paragraphe>Déclaration de vol</Paragraphe>
			
		</Item>
</Liste>
</Cas>
<Cas>
<Titre>
<Paragraphe>S'il s'agissait d'un ancien modèle</Paragraphe>
</Titre>
<BlocCas affichage="radio"><Cas>
<Titre>
<Paragraphe>Vous avez une carte d'identité valide</Paragraphe>
</Titre><Liste type="puce"><Item>
			
			
				<Paragraphe>Votre  carte d'identité</Paragraphe>
			
		</Item>
</Liste><Liste type="puce"><Item>
			
			
				<Paragraphe>Photo d'identité de moins de 6 mois et <LienInterne LienPublication="F10619" type="Fiche Question-réponse" audience="Particuliers">conforme aux normes</LienInterne>
</Paragraphe>
			
		</Item>
</Liste>
				<Liste type="puce">
					<Item>
						<Paragraphe>Numéro de <LienInterne LienPublication="R42946" type="Téléservice" audience="Particuliers">pré-demande</LienInterne> ou formulaire cartonné remis sur place</Paragraphe>
					</Item>
					<Item>
						<Paragraphe>Timbre fiscal de <Valeur>43 €</Valeur> (<LienInterne LienPublication="R39812" type="Téléservice" audience="Particuliers">achat en ligne</LienInterne>)</Paragraphe>
					</Item>
					<Item>
						<Paragraphe>
<LienInterne LienPublication="F14807" type="Fiche Question-réponse" audience="Particuliers">Justificatif du domicile</LienInterne>
</Paragraphe>
					</Item>
				</Liste>
			

<Liste type="puce"><Item>
			
			
				<Paragraphe>Déclaration de vol</Paragraphe>
			
		</Item>
</Liste>
</Cas>
<Cas>
<Titre>
<Paragraphe>Vous avez une carte d'identité périmée</Paragraphe>
</Titre>
<BlocCas affichage="radio"><Cas>
<Titre>
<Paragraphe>Date d'expiration : moins de 5 ans</Paragraphe>
</Titre><Liste type="puce"><Item>
			
			
				<Paragraphe>Votre  carte d'identité</Paragraphe>
			
		</Item>
</Liste><Liste type="puce"><Item>
			
			
				<Paragraphe>Photo d'identité de moins de 6 mois et <LienInterne LienPublication="F10619" type="Fiche Question-réponse" audience="Particuliers">conforme aux normes</LienInterne>
</Paragraphe>
			
		</Item>
</Liste>
				<Liste type="puce">
					<Item>
						<Paragraphe>Numéro de <LienInterne LienPublication="R42946" type="Téléservice" audience="Particuliers">pré-demande</LienInterne> ou formulaire cartonné remis sur place</Paragraphe>
					</Item>
					<Item>
						<Paragraphe>Timbre fiscal de <Valeur>43 €</Valeur> (<LienInterne LienPublication="R39812" type="Téléservice" audience="Particuliers">achat en ligne</LienInterne>)</Paragraphe>
					</Item>
					<Item>
						<Paragraphe>
<LienInterne LienPublication="F14807" type="Fiche Question-réponse" audience="Particuliers">Justificatif du domicile</LienInterne>
</Paragraphe>
					</Item>
				</Liste>
			

<Liste type="puce"><Item>
			
			
				<Paragraphe>Déclaration de vol</Paragraphe>
			
		</Item>
</Liste>
</Cas>
<Cas>
<Titre>
<Paragraphe>Date d'expiration : plus de 5 ans</Paragraphe>
</Titre><Liste type="puce"><Item>
			
			
				<Paragraphe>Photo d'identité de moins de 6 mois et <LienInterne LienPublication="F10619" type="Fiche Question-réponse" audience="Particuliers">conforme aux normes</LienInterne>
</Paragraphe>
			
		</Item>
</Liste>
				<Liste type="puce">
					<Item>
						<Paragraphe>Numéro de <LienInterne LienPublication="R42946" type="Téléservice" audience="Particuliers">pré-demande</LienInterne> ou formulaire cartonné remis sur place</Paragraphe>
					</Item>
					<Item>
						<Paragraphe>Timbre fiscal de <Valeur>43 €</Valeur> (<LienInterne LienPublication="R39812" type="Téléservice" audience="Particuliers">achat en ligne</LienInterne>)</Paragraphe>
					</Item>
					<Item>
						<Paragraphe>
<LienInterne LienPublication="F14807" type="Fiche Question-réponse" audience="Particuliers">Justificatif du domicile</LienInterne>
</Paragraphe>
					</Item>
				</Liste>
			
<Liste type="puce"><Item>
			
			
				<Paragraphe>Déclaration de vol</Paragraphe>
			
		</Item>
</Liste>
<Liste type="puce"><Item>
			
			
				<Paragraphe>Vérifiez si   <LienExterne URL="https://ants.gouv.fr/Les-solutions/COMEDEC/Villes-adherentes-a-la-dematerialisation">l'état civil du lieu de naissance est dématérialisé</LienExterne>

. Si ce n'est pas le cas, il faut fournir un <LienInterne LienPublication="R1406" type="Téléservice" audience="Particuliers">acte de naissance (copie intégrale ou extrait avec filiation)</LienInterne> de <MiseEnEvidence>moins de 3 mois</MiseEnEvidence>.</Paragraphe>
			
		</Item>
<Item>
			
			
				<Paragraphe>
<LienInterne LienPublication="F18713" type="Fiche Question-réponse" audience="Particuliers">Justificatif de nationalité française</LienInterne> si vous vous trouvez dans une situation particulière (naissance à l'étranger de parents nés à l'étranger par exemple)</Paragraphe>
			
		</Item>
</Liste>
</Cas>
</BlocCas>
</Cas>
<Cas>
<Titre>
<Paragraphe>Vous n'avez pas de carte d'identité</Paragraphe>
</Titre><Liste type="puce"><Item>
			
			
				<Paragraphe>Photo d'identité de moins de 6 mois et <LienInterne LienPublication="F10619" type="Fiche Question-réponse" audience="Particuliers">conforme aux normes</LienInterne>
</Paragraphe>
			
		</Item>
</Liste>
				<Liste type="puce">
					<Item>
						<Paragraphe>Numéro de <LienInterne LienPublication="R42946" type="Téléservice" audience="Particuliers">pré-demande</LienInterne> ou formulaire cartonné remis sur place</Paragraphe>
					</Item>
					<Item>
						<Paragraphe>
<LienInterne LienPublication="F21258" type="Fiche Question-réponse" audience="Particuliers">Timbre fiscal</LienInterne> : <Valeur>86 €</Valeur> ou <Valeur>89 €</Valeur> <LienInterne LienPublication="F1357" type="Fiche Question-réponse" audience="Particuliers">si la photo est prise directement au guichet</LienInterne>
</Paragraphe>
						<Paragraphe>(<LienInterne LienPublication="R39812" type="Téléservice" audience="Particuliers">achat en ligne</LienInterne>)</Paragraphe>
					</Item>
					<Item>
						<Paragraphe>
<LienInterne LienPublication="F14807" type="Fiche Question-réponse" audience="Particuliers">Justificatif du domicile</LienInterne>
</Paragraphe>
					</Item>
				</Liste>
			
<Liste type="puce"><Item>
			
			
				<Paragraphe>Déclaration de vol</Paragraphe>
			
		</Item>
</Liste>
<Liste type="puce"><Item>
			
			
				<Paragraphe>Vérifiez si   <LienExterne URL="https://ants.gouv.fr/Les-solutions/COMEDEC/Villes-adherentes-a-la-dematerialisation">l'état civil du lieu de naissance est dématérialisé</LienExterne>

. Si ce n'est pas le cas, il faut fournir un <LienInterne LienPublication="R1406" type="Téléservice" audience="Particuliers">acte de naissance (copie intégrale ou extrait avec filiation)</LienInterne> de <MiseEnEvidence>moins de 3 mois</MiseEnEvidence>.</Paragraphe>
			
		</Item>
<Item>
			
			
				<Paragraphe>
<LienInterne LienPublication="F18713" type="Fiche Question-réponse" audience="Particuliers">Justificatif de nationalité française</LienInterne> si vous vous trouvez dans une situation particulière (naissance à l'étranger de parents nés à l'étranger par exemple)</Paragraphe>
			
		</Item>
</Liste>
</Cas>
</BlocCas>
</Cas>
</BlocCas>
</Cas>
<Cas>
<Titre>
<Paragraphe>À Mayotte</Paragraphe>
</Titre>
<BlocCas affichage="radio"><Cas>
<Titre>
<Paragraphe>Si le passeport volé était biométrique</Paragraphe>
</Titre><Liste type="puce"><Item>
			
			
				<Paragraphe>Photo d'identité de moins de 6 mois et <LienInterne LienPublication="F10619" type="Fiche Question-réponse" audience="Particuliers">conforme aux normes</LienInterne>
</Paragraphe>
			
		</Item>
</Liste>
				<Liste type="puce">
					<Item>
						<Paragraphe>Numéro de <LienInterne LienPublication="R42946" type="Téléservice" audience="Particuliers">pré-demande</LienInterne> ou formulaire cartonné remis sur place</Paragraphe>
					</Item>
					<Item>
						<Paragraphe>
<LienInterne LienPublication="F21258" type="Fiche Question-réponse" audience="Particuliers">Timbre fiscal</LienInterne> : <Valeur>86 €</Valeur> ou <Valeur>89 €</Valeur> <LienInterne LienPublication="F1357" type="Fiche Question-réponse" audience="Particuliers">si la photo est prise directement au guichet</LienInterne>
</Paragraphe>
						<Paragraphe>(<LienInterne LienPublication="R39812" type="Téléservice" audience="Particuliers">achat en ligne</LienInterne>)</Paragraphe>
					</Item>
					<Item>
						<Paragraphe>
<LienInterne LienPublication="F14807" type="Fiche Question-réponse" audience="Particuliers">Justificatif du domicile</LienInterne>
</Paragraphe>
					</Item>
				</Liste>
			
<Liste type="puce"><Item>
			
			
				<Paragraphe>Déclaration de vol</Paragraphe>
			
		</Item>
</Liste>
</Cas>
<Cas>
<Titre>
<Paragraphe>S'il s'agissait d'un ancien modèle</Paragraphe>
</Titre>
<BlocCas affichage="radio"><Cas>
<Titre>
<Paragraphe>Vous avez une carte d'identité valide</Paragraphe>
</Titre><Liste type="puce"><Item>
			
			
				<Paragraphe>Votre  carte d'identité</Paragraphe>
			
		</Item>
</Liste><Liste type="puce"><Item>
			
			
				<Paragraphe>Photo d'identité de moins de 6 mois et <LienInterne LienPublication="F10619" type="Fiche Question-réponse" audience="Particuliers">conforme aux normes</LienInterne>
</Paragraphe>
			
		</Item>
</Liste>
				<Liste type="puce">
					<Item>
						<Paragraphe>Numéro de <LienInterne LienPublication="R42946" type="Téléservice" audience="Particuliers">pré-demande</LienInterne> ou formulaire cartonné remis sur place</Paragraphe>
					</Item>
					<Item>
						<Paragraphe>
<LienInterne LienPublication="F21258" type="Fiche Question-réponse" audience="Particuliers">Timbre fiscal</LienInterne> : <Valeur>86 €</Valeur> ou <Valeur>89 €</Valeur> <LienInterne LienPublication="F1357" type="Fiche Question-réponse" audience="Particuliers">si la photo est prise directement au guichet</LienInterne>
</Paragraphe>
						<Paragraphe>(<LienInterne LienPublication="R39812" type="Téléservice" audience="Particuliers">achat en ligne</LienInterne>)</Paragraphe>
					</Item>
					<Item>
						<Paragraphe>
<LienInterne LienPublication="F14807" type="Fiche Question-réponse" audience="Particuliers">Justificatif du domicile</LienInterne>
</Paragraphe>
					</Item>
				</Liste>
			

<Liste type="puce"><Item>
			
			
				<Paragraphe>Déclaration de vol</Paragraphe>
			
		</Item>
</Liste>
</Cas>
<Cas>
<Titre>
<Paragraphe>Vous avez une carte d'identité périmée</Paragraphe>
</Titre>
<BlocCas affichage="radio"><Cas>
<Titre>
<Paragraphe>Date d'expiration : moins de 5 ans</Paragraphe>
</Titre><Liste type="puce"><Item>
			
			
				<Paragraphe>Votre  carte d'identité</Paragraphe>
			
		</Item>
</Liste><Liste type="puce"><Item>
			
			
				<Paragraphe>Photo d'identité de moins de 6 mois et <LienInterne LienPublication="F10619" type="Fiche Question-réponse" audience="Particuliers">conforme aux normes</LienInterne>
</Paragraphe>
			
		</Item>
</Liste>
				<Liste type="puce">
					<Item>
						<Paragraphe>Numéro de <LienInterne LienPublication="R42946" type="Téléservice" audience="Particuliers">pré-demande</LienInterne> ou formulaire cartonné remis sur place</Paragraphe>
					</Item>
					<Item>
						<Paragraphe>
<LienInterne LienPublication="F21258" type="Fiche Question-réponse" audience="Particuliers">Timbre fiscal</LienInterne> : <Valeur>86 €</Valeur> ou <Valeur>89 €</Valeur> <LienInterne LienPublication="F1357" type="Fiche Question-réponse" audience="Particuliers">si la photo est prise directement au guichet</LienInterne>
</Paragraphe>
						<Paragraphe>(<LienInterne LienPublication="R39812" type="Téléservice" audience="Particuliers">achat en ligne</LienInterne>)</Paragraphe>
					</Item>
					<Item>
						<Paragraphe>
<LienInterne LienPublication="F14807" type="Fiche Question-réponse" audience="Particuliers">Justificatif du domicile</LienInterne>
</Paragraphe>
					</Item>
				</Liste>
			

<Liste type="puce"><Item>
			
			
				<Paragraphe>Déclaration de vol</Paragraphe>
			
		</Item>
</Liste>
</Cas>
<Cas>
<Titre>
<Paragraphe>Date d'expiration : plus de 5 ans</Paragraphe>
</Titre><Liste type="puce"><Item>
			
			
				<Paragraphe>Photo d'identité de moins de 6 mois et <LienInterne LienPublication="F10619" type="Fiche Question-réponse" audience="Particuliers">conforme aux normes</LienInterne>
</Paragraphe>
			
		</Item>
</Liste>
				<Liste type="puce">
					<Item>
						<Paragraphe>Numéro de <LienInterne LienPublication="R42946" type="Téléservice" audience="Particuliers">pré-demande</LienInterne> ou formulaire cartonné remis sur place</Paragraphe>
					</Item>
					<Item>
						<Paragraphe>
<LienInterne LienPublication="F21258" type="Fiche Question-réponse" audience="Particuliers">Timbre fiscal</LienInterne> : <Valeur>86 €</Valeur> ou <Valeur>89 €</Valeur> <LienInterne LienPublication="F1357" type="Fiche Question-réponse" audience="Particuliers">si la photo est prise directement au guichet</LienInterne>
</Paragraphe>
						<Paragraphe>(<LienInterne LienPublication="R39812" type="Téléservice" audience="Particuliers">achat en ligne</LienInterne>)</Paragraphe>
					</Item>
					<Item>
						<Paragraphe>
<LienInterne LienPublication="F14807" type="Fiche Question-réponse" audience="Particuliers">Justificatif du domicile</LienInterne>
</Paragraphe>
					</Item>
				</Liste>
			
<Liste type="puce"><Item>
			
			
				<Paragraphe>Déclaration de vol</Paragraphe>
			
		</Item>
</Liste>
<Liste type="puce"><Item>
			
			
				<Paragraphe>Vérifiez si   <LienExterne URL="https://ants.gouv.fr/Les-solutions/COMEDEC/Villes-adherentes-a-la-dematerialisation">l'état civil du lieu de naissance est dématérialisé</LienExterne>

. Si ce n'est pas le cas, il faut fournir un <LienInterne LienPublication="R1406" type="Téléservice" audience="Particuliers">acte de naissance (copie intégrale ou extrait avec filiation)</LienInterne> de <MiseEnEvidence>moins de 3 mois</MiseEnEvidence>.</Paragraphe>
			
		</Item>
<Item>
			
			
				<Paragraphe>
<LienInterne LienPublication="F18713" type="Fiche Question-réponse" audience="Particuliers">Justificatif de nationalité française</LienInterne> si vous vous trouvez dans une situation particulière (naissance à l'étranger de parents nés à l'étranger par exemple)</Paragraphe>
			
		</Item>
</Liste>
</Cas>
</BlocCas>
</Cas>
<Cas>
<Titre>
<Paragraphe>Vous n'avez pas de carte d'identité</Paragraphe>
</Titre><Liste type="puce"><Item>
			
			
				<Paragraphe>Photo d'identité de moins de 6 mois et <LienInterne LienPublication="F10619" type="Fiche Question-réponse" audience="Particuliers">conforme aux normes</LienInterne>
</Paragraphe>
			
		</Item>
</Liste>
				<Liste type="puce">
					<Item>
						<Paragraphe>Numéro de <LienInterne LienPublication="R42946" type="Téléservice" audience="Particuliers">pré-demande</LienInterne> ou formulaire cartonné remis sur place</Paragraphe>
					</Item>
					<Item>
						<Paragraphe>
<LienInterne LienPublication="F21258" type="Fiche Question-réponse" audience="Particuliers">Timbre fiscal</LienInterne> : <Valeur>86 €</Valeur> ou <Valeur>89 €</Valeur> <LienInterne LienPublication="F1357" type="Fiche Question-réponse" audience="Particuliers">si la photo est prise directement au guichet</LienInterne>
</Paragraphe>
						<Paragraphe>(<LienInterne LienPublication="R39812" type="Téléservice" audience="Particuliers">achat en ligne</LienInterne>)</Paragraphe>
					</Item>
					<Item>
						<Paragraphe>
<LienInterne LienPublication="F14807" type="Fiche Question-réponse" audience="Particuliers">Justificatif du domicile</LienInterne>
</Paragraphe>
					</Item>
				</Liste>
			
<Liste type="puce"><Item>
			
			
				<Paragraphe>Déclaration de vol</Paragraphe>
			
		</Item>
</Liste>
<Liste type="puce"><Item>
			
			
				<Paragraphe>Vérifiez si   <LienExterne URL="https://ants.gouv.fr/Les-solutions/COMEDEC/Villes-adherentes-a-la-dematerialisation">l'état civil du lieu de naissance est dématérialisé</LienExterne>

. Si ce n'est pas le cas, il faut fournir un <LienInterne LienPublication="R1406" type="Téléservice" audience="Particuliers">acte de naissance (copie intégrale ou extrait avec filiation)</LienInterne> de <MiseEnEvidence>moins de 3 mois</MiseEnEvidence>.</Paragraphe>
			
		</Item>
<Item>
			
			
				<Paragraphe>
<LienInterne LienPublication="F18713" type="Fiche Question-réponse" audience="Particuliers">Justificatif de nationalité française</LienInterne> si vous vous trouvez dans une situation particulière (naissance à l'étranger de parents nés à l'étranger par exemple)</Paragraphe>
			
		</Item>
</Liste>
</Cas>
</BlocCas>
</Cas>
</BlocCas>
</Cas>
</BlocCas>
<ASavoir>
<Titre>À savoir</Titre><Paragraphe>si vous souhaitez utiliser un nom d'usage qui ne figure par encore sur votre carte  d'identité, d'autres documents peuvent être réclamés en fonction de la nature de ce   deuxième nom : <LienInterne LienPublication="F868" type="Fiche d'information" audience="Particuliers">nom de l'époux</LienInterne> ou <LienInterne LienPublication="F1343" type="Fiche d'information" audience="Particuliers">nom de l'autre parent</LienInterne>.</Paragraphe>
</ASavoir>
</Chapitre>
<Chapitre>
<Titre>
<Paragraphe>Coût</Paragraphe>
</Titre><BlocCas affichage="onglet"><Cas>
<Titre>
<Paragraphe>Cas général</Paragraphe>
</Titre>
										<Paragraphe>Le passeport coûte <Valeur>86 €</Valeur>
</Paragraphe>
									
										<ServiceEnLigne ID="R39812" URL="https://timbres.impots.gouv.fr/pages/achat/choixTimbres.jsp" type="Téléservice">
<Titre>Achat en ligne du timbre fiscal - Passeport</Titre>
<Source ID="R30612">Ministère chargé des finances</Source>
<Introduction>
<Texte><Paragraphe>Se munir d'une carte bancaire</Paragraphe>
</Texte>
</Introduction>
</ServiceEnLigne>

									
</Cas>
<Cas>
<Titre>
<Paragraphe>En Guyane</Paragraphe>
</Titre>
										<Liste type="puce">
											<Item>
												<Paragraphe>Si vous fournissez la photo : <Valeur>43 €</Valeur>
</Paragraphe>
											</Item>
											<Item>
												<Paragraphe>Si la photo est prise au guichet (uniquement en l'absence de photographe professionnel) : <Valeur>44,50 €</Valeur>
</Paragraphe>
											</Item>
										</Liste>
									
										<ServiceEnLigne ID="R39812" URL="https://timbres.impots.gouv.fr/pages/achat/choixTimbres.jsp" type="Téléservice">
<Titre>Achat en ligne du timbre fiscal - Passeport</Titre>
<Source ID="R30612">Ministère chargé des finances</Source>
<Introduction>
<Texte><Paragraphe>Se munir d'une carte bancaire</Paragraphe>
</Texte>
</Introduction>
</ServiceEnLigne>

									
										<Paragraphe> <LienInterne LienPublication="F21258" type="Fiche Question-réponse" audience="Particuliers">Comment acheter un timbre fiscal ?</LienInterne>
</Paragraphe>
									
</Cas>
<Cas>
<Titre>
<Paragraphe>À Mayotte</Paragraphe>
</Titre>
										<Liste type="puce">
											<Item>
												<Paragraphe>Si vous fournissez la photo : <Valeur>86 €</Valeur>
</Paragraphe>
											</Item>
											<Item>
												<Paragraphe>Si la photo est prise au guichet (uniquement en l'absence de photographe professionnel) : <Valeur>89 €</Valeur>
</Paragraphe>
											</Item>
										</Liste>
									
										<ServiceEnLigne ID="R39812" URL="https://timbres.impots.gouv.fr/pages/achat/choixTimbres.jsp" type="Téléservice">
<Titre>Achat en ligne du timbre fiscal - Passeport</Titre>
<Source ID="R30612">Ministère chargé des finances</Source>
<Introduction>
<Texte><Paragraphe>Se munir d'une carte bancaire</Paragraphe>
</Texte>
</Introduction>
</ServiceEnLigne>

									
										<Paragraphe> <LienInterne LienPublication="F21258" type="Fiche Question-réponse" audience="Particuliers">Comment acheter un timbre fiscal ?</LienInterne>
</Paragraphe>
									
</Cas>
</BlocCas>


</Chapitre>
<Chapitre ID="R41843">
<Titre>
<Paragraphe>Délai de fabrication</Paragraphe>
</Titre><Paragraphe>Le passeport n'est pas fabriqué sur place et ne peut donc pas être délivré immédiatement. Les délais de fabrication dépendent du lieu et de la période de la demande. Par exemple, à l'approche des vacances d'été, les délais sont susceptibles d'augmenter de manière significative.</Paragraphe>
<Paragraphe>Pour connaître les délais pour la période actuelle, vous pouvez appeler le serveur vocal interactif.</Paragraphe>
<Attention>
<Titre>Attention</Titre>
				<Paragraphe>si la mairie reçoit uniquement sur rendez-vous, il faut aussi tenir compte du délai pour obtenir ce rendez-vous. Ces délais peuvent être de plusieurs mois après la période de confinement liée au coronavirus</Paragraphe>
			</Attention><OuSAdresser ID="R39331" type="National">
<Titre>34 00 - Passeport : s'informer sur les délais de délivrance</Titre>
<Texte>
						
								<Paragraphe>Serveur vocal interactif vous informant sur les délais de délivrance actualisés en fonction du lieu de la demande.</Paragraphe>
							
						<Chapitre>
<Titre>
<Paragraphe>Par téléphone</Paragraphe>
</Titre>
								<Paragraphe>Depuis la métropole : <MiseEnEvidence>34 00</MiseEnEvidence> : choix 4 puis 3 puis n° de département (coût d'un appel local)</Paragraphe>
								<Paragraphe>Depuis l'outre-mer : <MiseEnEvidence>09 70 83 07 07</MiseEnEvidence>
</Paragraphe>
								<Paragraphe>Depuis l'étranger : <MiseEnEvidence>+33 9 70 83 07 07</MiseEnEvidence>
</Paragraphe>
							</Chapitre>
					</Texte>
</OuSAdresser>

				<Paragraphe>Si vous avez indiqué un numéro de téléphone portable sur votre demande, vous recevez un SMS quand le passeport est disponible.</Paragraphe>
			
				<Paragraphe>Vous pouvez aussi suivre votre demande sur le site de l'ANTS.</Paragraphe>
			
				<ServiceEnLigne ID="R1827" URL="https://passeport.ants.gouv.fr/Services-associes/Ou-en-est-mon-passeport-CNI" type="Téléservice">
<Titre>Suivez votre demande de passeport</Titre>
<Source ID="R30628">Agence nationale des titres sécurisés (ANTS)</Source>
<Introduction>
<Texte><Paragraphe>Se munir du  numéro de demande fourni au  dépôt du dossier.</Paragraphe>
</Texte>
</Introduction>
</ServiceEnLigne>

			

</Chapitre>
<Chapitre>
<Titre>
<Paragraphe>Retrait du passeport</Paragraphe>
</Titre>
				<Paragraphe>Le passeport qui est délivré est un passeport <MiseEnEvidence>biométrique</MiseEnEvidence>.</Paragraphe>
				<Paragraphe>Il doit être  retiré  dans les  <MiseEnEvidence>3 mois</MiseEnEvidence>. Passé ce délai, le passeport est détruit.</Paragraphe>
				<Paragraphe>Vous devez le retirer personnellement au lieu de dépôt du dossier et le signer sur place.</Paragraphe>
			

</Chapitre>
<Chapitre ID="T11454">
<Titre>
<Paragraphe>Durée de validité</Paragraphe>
</Titre><Paragraphe>Le passeport est valide 10 ans.</Paragraphe>

</Chapitre>
</Texte>
</Situation>
<Situation>
<Titre>À l'étranger</Titre>
<Texte><Chapitre>
<Titre>
<Paragraphe>Déclaration de vol</Paragraphe>
</Titre><BlocCas affichage="onglet"><Cas>
<Titre>
<Paragraphe>Si le vol a eu lieu à l'étranger</Paragraphe>
</Titre>
										<Paragraphe>Il faut s'adresser aux autorités de police locales et au consulat de France le plus proche.</Paragraphe>
									
										<OuSAdresser ID="R2750" type="Local personnalisable">
<Titre>Ambassade ou consulat français à l'étranger</Titre>
<PivotLocal>ambassade_france_etranger</PivotLocal>
<RessourceWeb URL="https://www.diplomatie.gouv.fr/fr/le-ministere-et-son-reseau/annuaires-et-adresses-du-ministere-de-l-europe-et-des-affaires-etrangeres-meae/ambassades-et-consulats-francais-a-l-etranger/"/>
</OuSAdresser>
									
</Cas>
<Cas>
<Titre>
<Paragraphe>Si le vol a eu lieu en France</Paragraphe>
</Titre>
										<Paragraphe>il faut se rendre dans un  commissariat de police ou une gendarmerie.</Paragraphe>
									
										<OuSAdresser ID="R13" type="Local personnalisable">
<Titre>Commissariat ou Gendarmerie</Titre>
<PivotLocal>commissariat_police</PivotLocal>
<RessourceWeb URL="http://www.interieur.gouv.fr/Contact/Contacter-une-brigade-de-gendarmerie-ou-un-commissariat-de-police"/>
</OuSAdresser>
									
</Cas>
</BlocCas>

				<Paragraphe>Un récépissé vous sera remis.</Paragraphe>
			

</Chapitre>
<Chapitre>
<Titre>
<Paragraphe>Où et comment refaire son passeport ?</Paragraphe>
</Titre>
				<Paragraphe>Il faut se rendre au consulat ou à l'ambassade.</Paragraphe>
			
				<Paragraphe>Votre présence est indispensable  pour procéder à la prise d'empreintes.</Paragraphe>
			

				<OuSAdresser ID="R2750" type="Local personnalisable">
<Titre>Ambassade ou consulat français à l'étranger</Titre>
<PivotLocal>ambassade_france_etranger</PivotLocal>
<RessourceWeb URL="https://www.diplomatie.gouv.fr/fr/le-ministere-et-son-reseau/annuaires-et-adresses-du-ministere-de-l-europe-et-des-affaires-etrangeres-meae/ambassades-et-consulats-francais-a-l-etranger/"/>
</OuSAdresser>
			<Attention>
<Titre>Attention</Titre>
				<Paragraphe>le service peut exiger que le dépôt du dossier se fasse uniquement sur rendez-vous.</Paragraphe>
			</Attention>

</Chapitre>
<Chapitre>
<Titre>
<Paragraphe>Choix du mode de retrait</Paragraphe>
</Titre><BlocCas affichage="onglet"><Cas>
<Titre>
<Paragraphe>En Europe</Paragraphe>
</Titre>
										<Paragraphe>Dans  <LienIntra LienID="R49824" type="Définition de glossaire">la majorité des  pays</LienIntra>, vous pouvez  demander à ce que le passeport vous soit envoyé par courrier. Pour en bénéficier, il faut être   inscrit au registre des Français de l'étranger du  même pays,  avoir  une messagerie électronique et pouvoir transmettre des fichiers par internet.</Paragraphe>
										<Paragraphe>Dans ce cas, en plus des pièces justificatives nécessaires, il faudra au moment du dépôt du dossier, fournir une enveloppe  affranchie  achetée auprès du prestataire habilité dans le pays. Il faut se renseigner auprès du consulat pour connaître le prestataire habilité, la taille de l'enveloppe à fournir, l’affranchissement nécessaire.</Paragraphe>
									
										<Paragraphe>Si vous n'indiquez rien au moment du dépôt du dossier, il faudra retirer le passeport au lieu du dépôt du dossier.</Paragraphe>
									
										<Paragraphe>Si vous préférez le retirer  auprès d'un <LienExterne URL="https://www.legifrance.gouv.fr/affichTexte.do?cidTexte=JORFTEXT000039248473">consul honoraire habilité</LienExterne>

, il faut indiquer ce souhait au guichet au moment du dépôt du dossier.</Paragraphe>
									
</Cas>
<Cas>
<Titre>
<Paragraphe>Dans un autre pays</Paragraphe>
</Titre>
										<Paragraphe>Si vous n'indiquez rien au moment du dépôt du dossier, il faudra retirer le passeport au lieu du dépôt du dossier.</Paragraphe>
									
										<Paragraphe>Si vous préférez le retirer  auprès d'un <LienExterne URL="https://www.legifrance.gouv.fr/affichTexte.do?cidTexte=JORFTEXT000039248473">consul honoraire habilité</LienExterne>

, il faut indiquer ce souhait au guichet au moment du dépôt du dossier.</Paragraphe>
									
										<Paragraphe>Dans  <LienIntra LienID="R49794" type="Définition de glossaire">certains pays</LienIntra>, vous pouvez  demander à ce que le passeport vous soit envoyé par courrier. Pour en bénéficier, il faut être   inscrit au registre des Français de l'étranger du même pays, avoir  une messagerie électronique et pouvoir transmettre des fichiers par internet.</Paragraphe>
										<Paragraphe>Dans ce cas, en plus des pièces justificatives nécessaires, il faudra au moment du dépôt du dossier, fournir une enveloppe affranchie achetée auprès du prestataire habilité dans le pays. Il faut se renseigner auprès du consulat pour connaître le prestataire habilité, la taille de l'enveloppe à fournir, l'affranchissement nécessaire.</Paragraphe>
									
</Cas>
</BlocCas>


</Chapitre>
<Chapitre>
<Titre>
<Paragraphe>Pièces à fournir</Paragraphe>
</Titre>
				<Paragraphe>Il faut présenter les documents <MiseEnEvidence>originaux</MiseEnEvidence>.</Paragraphe>
			
<BlocCas affichage="radio"><Cas>
<Titre>
<Paragraphe>Si le passeport volé était biométrique</Paragraphe>
</Titre><Liste type="puce"><Item>
			
			
				<Paragraphe>Photo d'identité de moins de 6 mois et <LienInterne LienPublication="F10619" type="Fiche Question-réponse" audience="Particuliers">conforme aux normes</LienInterne>
</Paragraphe>
			
		</Item>
<Item>
			
			
				<Paragraphe>Montant  de <Valeur>96 €</Valeur> (ou <Valeur>99 €</Valeur> si la photo est prise directement au guichet : uniquement dans  <LienIntra LienID="R43477" type="Définition de glossaire">quelques pays</LienIntra>)</Paragraphe>
			
		</Item>
<Item>
			
			
				<Paragraphe>
<LienInterne LienPublication="F14807" type="Fiche Question-réponse" audience="Particuliers">Justificatif du domicile</LienInterne>
</Paragraphe>
			
		</Item>
</Liste>
<Liste type="puce"><Item>
			
			
				<Paragraphe>Déclaration de vol</Paragraphe>
			
		</Item>
</Liste>
</Cas>
<Cas>
<Titre>
<Paragraphe>S'il s'agissait d'un ancien modèle</Paragraphe>
</Titre>
<BlocCas affichage="radio"><Cas>
<Titre>
<Paragraphe>Vous avez une carte d'identité valide</Paragraphe>
</Titre><Liste type="puce"><Item>
			
			
				<Paragraphe>Votre  carte d'identité</Paragraphe>
			
		</Item>
</Liste>
<Liste type="puce"><Item>
			
			
				<Paragraphe>Photo d'identité de moins de 6 mois et <LienInterne LienPublication="F10619" type="Fiche Question-réponse" audience="Particuliers">conforme aux normes</LienInterne>
</Paragraphe>
			
		</Item>
<Item>
			
			
				<Paragraphe>Montant  de <Valeur>96 €</Valeur> (ou <Valeur>99 €</Valeur> si la photo est prise directement au guichet : uniquement dans  <LienIntra LienID="R43477" type="Définition de glossaire">quelques pays</LienIntra>)</Paragraphe>
			
		</Item>
<Item>
			
			
				<Paragraphe>
<LienInterne LienPublication="F14807" type="Fiche Question-réponse" audience="Particuliers">Justificatif du domicile</LienInterne>
</Paragraphe>
			
		</Item>
</Liste>
<Liste type="puce"><Item>
			
			
				<Paragraphe>Déclaration de vol</Paragraphe>
			
		</Item>
</Liste>
</Cas>
<Cas>
<Titre>
<Paragraphe>Vous avez une carte d'identité périmée</Paragraphe>
</Titre>
<BlocCas affichage="radio"><Cas>
<Titre>
<Paragraphe>Date d'expiration : moins de 5 ans</Paragraphe>
</Titre><Liste type="puce"><Item>
			
			
				<Paragraphe>Votre  carte d'identité</Paragraphe>
			
		</Item>
</Liste>
<Liste type="puce"><Item>
			
			
				<Paragraphe>Photo d'identité de moins de 6 mois et <LienInterne LienPublication="F10619" type="Fiche Question-réponse" audience="Particuliers">conforme aux normes</LienInterne>
</Paragraphe>
			
		</Item>
<Item>
			
			
				<Paragraphe>Montant  de <Valeur>96 €</Valeur> (ou <Valeur>99 €</Valeur> si la photo est prise directement au guichet : uniquement dans  <LienIntra LienID="R43477" type="Définition de glossaire">quelques pays</LienIntra>)</Paragraphe>
			
		</Item>
<Item>
			
			
				<Paragraphe>
<LienInterne LienPublication="F14807" type="Fiche Question-réponse" audience="Particuliers">Justificatif du domicile</LienInterne>
</Paragraphe>
			
		</Item>
</Liste>
<Liste type="puce"><Item>
			
			
				<Paragraphe>Déclaration de vol</Paragraphe>
			
		</Item>
</Liste>
</Cas>
<Cas>
<Titre>
<Paragraphe>Date d'expiration : plus de 5 ans</Paragraphe>
</Titre><Liste type="puce"><Item>
			
			
				<Paragraphe>Photo d'identité de moins de 6 mois et <LienInterne LienPublication="F10619" type="Fiche Question-réponse" audience="Particuliers">conforme aux normes</LienInterne>
</Paragraphe>
			
		</Item>
<Item>
			
			
				<Paragraphe>Montant  de <Valeur>96 €</Valeur> (ou <Valeur>99 €</Valeur> si la photo est prise directement au guichet : uniquement dans  <LienIntra LienID="R43477" type="Définition de glossaire">quelques pays</LienIntra>)</Paragraphe>
			
		</Item>
<Item>
			
			
				<Paragraphe>
<LienInterne LienPublication="F14807" type="Fiche Question-réponse" audience="Particuliers">Justificatif du domicile</LienInterne>
</Paragraphe>
			
		</Item>
</Liste>
<Liste type="puce"><Item>
			
			
				<Paragraphe>Déclaration de vol</Paragraphe>
			
		</Item>
</Liste>
<Liste type="puce"><Item>
			
			
				<Paragraphe>Vérifiez si   <LienExterne URL="https://ants.gouv.fr/Les-solutions/COMEDEC/Villes-adherentes-a-la-dematerialisation">l'état civil du lieu de naissance est dématérialisé</LienExterne>

. Si ce n'est pas le cas, il faut fournir un <LienInterne LienPublication="R1406" type="Téléservice" audience="Particuliers">acte de naissance (copie intégrale ou extrait avec filiation)</LienInterne> de <MiseEnEvidence>moins de 3 mois</MiseEnEvidence>.</Paragraphe>
			
		</Item>
<Item>
			
			
				<Paragraphe>
<LienInterne LienPublication="F18713" type="Fiche Question-réponse" audience="Particuliers">Justificatif de nationalité française</LienInterne> si vous vous trouvez dans une situation particulière (naissance à l'étranger de parents nés à l'étranger par exemple)</Paragraphe>
			
		</Item>
</Liste>
</Cas>
</BlocCas>
</Cas>
<Cas>
<Titre>
<Paragraphe>Vous n'avez pas de carte d'identité</Paragraphe>
</Titre><Liste type="puce"><Item>
			
			
				<Paragraphe>Photo d'identité de moins de 6 mois et <LienInterne LienPublication="F10619" type="Fiche Question-réponse" audience="Particuliers">conforme aux normes</LienInterne>
</Paragraphe>
			
		</Item>
<Item>
			
			
				<Paragraphe>Montant  de <Valeur>96 €</Valeur> (ou <Valeur>99 €</Valeur> si la photo est prise directement au guichet : uniquement dans  <LienIntra LienID="R43477" type="Définition de glossaire">quelques pays</LienIntra>)</Paragraphe>
			
		</Item>
<Item>
			
			
				<Paragraphe>
<LienInterne LienPublication="F14807" type="Fiche Question-réponse" audience="Particuliers">Justificatif du domicile</LienInterne>
</Paragraphe>
			
		</Item>
</Liste>
<Liste type="puce"><Item>
			
			
				<Paragraphe>Déclaration de vol</Paragraphe>
			
		</Item>
</Liste>
<Liste type="puce"><Item>
			
			
				<Paragraphe>Vérifiez si   <LienExterne URL="https://ants.gouv.fr/Les-solutions/COMEDEC/Villes-adherentes-a-la-dematerialisation">l'état civil du lieu de naissance est dématérialisé</LienExterne>

. Si ce n'est pas le cas, il faut fournir un <LienInterne LienPublication="R1406" type="Téléservice" audience="Particuliers">acte de naissance (copie intégrale ou extrait avec filiation)</LienInterne> de <MiseEnEvidence>moins de 3 mois</MiseEnEvidence>.</Paragraphe>
			
		</Item>
<Item>
			
			
				<Paragraphe>
<LienInterne LienPublication="F18713" type="Fiche Question-réponse" audience="Particuliers">Justificatif de nationalité française</LienInterne> si vous vous trouvez dans une situation particulière (naissance à l'étranger de parents nés à l'étranger par exemple)</Paragraphe>
			
		</Item>
</Liste>
</Cas>
</BlocCas>
</Cas>
</BlocCas>

</Chapitre>
<Chapitre>
<Titre>
<Paragraphe>Coût</Paragraphe>
</Titre><BlocCas affichage="onglet"><Cas>
<Titre>
<Paragraphe>Si vous fournissez la photo</Paragraphe>
</Titre>
										<Paragraphe>Le passeport coûte <Valeur>96 €</Valeur>
</Paragraphe>
									
				<Paragraphe>Vous pouvez régler en  espèces. Certains consulats acceptent aussi le paiement par  carte bancaire, chèque ou virement. Consultez le site internet du consulat pour savoir comment payer.</Paragraphe>
			

</Cas>
<Cas>
<Titre>
<Paragraphe>Si la photo est prise au guichet</Paragraphe>
</Titre>
										<Paragraphe>(seulement dans  <LienIntra LienID="R43477" type="Définition de glossaire">quelques pays</LienIntra>)</Paragraphe>
									
										<Paragraphe>Le passeport coûte <Valeur>99 €</Valeur>
</Paragraphe>
									
				<Paragraphe>Vous pouvez régler en  espèces. Certains consulats acceptent aussi le paiement par  carte bancaire, chèque ou virement. Consultez le site internet du consulat pour savoir comment payer.</Paragraphe>
			

</Cas>
</BlocCas>


</Chapitre>
<Chapitre>
<Titre>
<Paragraphe>Délai de fabrication</Paragraphe>
</Titre>
				<Paragraphe>Le passeport n'est pas fabriqué sur place et ne peut donc pas être délivré immédiatement. Les délais de fabrication dépendent du lieu et de la période de la demande.</Paragraphe>
			
				<Paragraphe>Si vous avez indiqué un numéro de téléphone portable sur le formulaire de demande, vous recevez un SMS lorsque le passeport est disponible.</Paragraphe>
			
				<ServiceEnLigne ID="R1827" URL="https://passeport.ants.gouv.fr/Services-associes/Ou-en-est-mon-passeport-CNI" type="Téléservice">
<Titre>Suivez votre demande de passeport</Titre>
<Source ID="R30628">Agence nationale des titres sécurisés (ANTS)</Source>
<Introduction>
<Texte><Paragraphe>Se munir du  numéro de demande fourni au  dépôt du dossier.</Paragraphe>
</Texte>
</Introduction>
</ServiceEnLigne>

			

</Chapitre>
<Chapitre>
<Titre>
<Paragraphe>Récupération du passeport</Paragraphe>
</Titre>
				<Paragraphe>Le passeport qui est délivré est un passeport <MiseEnEvidence>biométrique</MiseEnEvidence>.</Paragraphe>
			<BlocCas affichage="onglet"><Cas>
<Titre>
<Paragraphe>Sur place</Paragraphe>
</Titre>
										<Paragraphe>Vous devez le retirer personnellement au lieu de dépôt du dossier  ou auprès d'un <LienExterne URL="https://www.legifrance.gouv.fr/affichTexte.do?cidTexte=JORFTEXT000039248473">consul honoraire habilité</LienExterne>

 et le signer sur place.</Paragraphe>
										<Paragraphe>Il doit être  retiré  dans les  <MiseEnEvidence>3 mois</MiseEnEvidence>. Passé ce délai, le passeport est détruit.</Paragraphe>
									
</Cas>
<Cas>
<Titre>
<Paragraphe>Par courrier</Paragraphe>
</Titre>
										<Paragraphe>Au moment du dépôt du dossier, si vous avez demandé à recevoir le passeport par courrier, vous recevez un mail de notification d'envoi dans lequel figure un code secret.</Paragraphe>
										<Paragraphe>Dès que vous recevez votre passeport, vous devez saisir l'accusé de réception en ligne.</Paragraphe>
									
										<ServiceEnLigne ID="R49796" URL="https://telereception-passeport.ants.gouv.fr/" type="Téléservice">
<Titre>Accusez réception de votre passeport</Titre>
<Source ID="R30628">Agence nationale des titres sécurisés (ANTS)</Source>
<Introduction>
<Texte><Paragraphe>Se munir du numéro du passeport, du code secret reçu par courriel et du scan de  l'attestation de remise datée et signée</Paragraphe>
</Texte>
</Introduction>
</ServiceEnLigne>

									
</Cas>
</BlocCas>


</Chapitre>
<Chapitre ID="T11454">
<Titre>
<Paragraphe>Durée de validité</Paragraphe>
</Titre><Paragraphe>Le passeport est valide 10 ans.</Paragraphe>

</Chapitre>
</Texte>
</Situation>
</ListeSituations><Reference type="Texte de référence" URL="https://www.legifrance.gouv.fr/loda/article_lc/LEGIARTI000033333841" ID="R847">
<Titre>Décret n°2005-1726 du 30 décembre 2005 relatif au passeport : article 5-1 - Pièces à fournir pour un renouvellement</Titre>
</Reference>
<Reference type="Texte de référence" URL="https://www.legifrance.gouv.fr/loda/article_lc/LEGIARTI000033333857" ID="R1217">
<Titre>Décret n°2005-1726 du 30 décembre 2005 relatif au passeport : article 6-1 - Empreintes et photo</Titre>
</Reference>
<Reference type="Texte de référence" URL="https://www.legifrance.gouv.fr/codes/id/LEGISCTA000006179981/" ID="R551">
<Titre>Code général des impôts : articles 953 à 955</Titre>
<Complement>Prix du passeport</Complement>
</Reference>
<Reference type="Texte de référence" URL="https://www.legifrance.gouv.fr/codes/article_lc/LEGIARTI000006305785" ID="R10266">
<Titre>Code général des impôts : article 1043 A - Montant en Guyane</Titre>
<Complement>Prix en Guyane</Complement>
</Reference>
<Reference type="Texte de référence" URL="https://www.legifrance.gouv.fr/loda/id/JORFTEXT000000335104/" ID="R43685">
<Titre>Décret n°81-778 du 13 août 1981 fixant le tarif des droits à percevoir dans les chancelleries diplomatiques et consulaires et, en France, par le ministère des relations extérieures</Titre>
<Complement>Prix à l'étranger</Complement>
</Reference>
<Reference type="Texte de référence" URL="https://www.legifrance.gouv.fr/loda/id/JORFTEXT000020246797/" ID="R10971">
<Titre>Arrêté du 5 février 2009 relatif aux photos d'identité produites pour une demande de passeport</Titre>
</Reference>
<Reference type="Texte de référence" URL="https://www.legifrance.gouv.fr/loda/article_lc/LEGIARTI000033333863" ID="R39384">
<Titre>Décret n°2005-1726 du 30 décembre 2005 relatif au passeport : article 10 - Retrait du passeport</Titre>
</Reference>
<Reference type="Texte de référence" URL="https://www.legifrance.gouv.fr/loda/article_lc/LEGIARTI000018763637" ID="R48461">
<Titre>Décret n°2005-1726 du 30 décembre 2005 relatif au passeport : article 4 - Durée de validité</Titre>
</Reference>
<Reference type="Texte de référence" URL="https://www.legifrance.gouv.fr/loda/id/JORFTEXT000034518557/" ID="R36735">
<Titre>Arrêté du 27 avril 2017 relatif aux conditions d'envoi d'un passeport à l'étranger</Titre>
</Reference>

<ServiceEnLigne ID="R42946" URL="https://passeport.ants.gouv.fr/Vos-demarches/Faire-une-pre-demande-passeport" type="Téléservice">
<Titre>Pré-demande de passeport</Titre>
<Source ID="R30628">Agence nationale des titres sécurisés (ANTS)</Source>
</ServiceEnLigne>
<ServiceEnLigne ID="R39812" URL="https://timbres.impots.gouv.fr/pages/achat/choixTimbres.jsp" type="Téléservice">
<Titre>Achat en ligne du timbre fiscal - Passeport</Titre>
<Source ID="R30612">Ministère chargé des finances</Source>
</ServiceEnLigne>
<ServiceEnLigne ID="R1827" URL="https://passeport.ants.gouv.fr/Services-associes/Ou-en-est-mon-passeport-CNI" type="Téléservice">
<Titre>Suivez votre demande de passeport</Titre>
<Source ID="R30628">Agence nationale des titres sécurisés (ANTS)</Source>
</ServiceEnLigne>
<PourEnSavoirPlus type="Information pratique" ID="R23695" URL="https://ants.gouv.fr/Les-solutions/COMEDEC/Villes-adherentes-a-la-dematerialisation" audience="Particuliers">
<Titre>Vérifier si l'état-civil de votre ville de naissance est dématérialisé</Titre>
<Source ID="R30628">Agence nationale des titres sécurisés (ANTS)</Source>
</PourEnSavoirPlus>
<PourEnSavoirPlus type="Information pratique" ID="R44353" URL="https://www.legifrance.gouv.fr/affichTexte.do?cidTexte=JORFTEXT000039248473" audience="Particuliers">
<Titre>Consuls honoraires habilités à remettre les cartes d'identité et les passeports</Titre>
<Source ID="R38880">Legifrance</Source>
</PourEnSavoirPlus>
<Definition ID="R49794">
<Titre>Pays - Passeport transmis par courrier (hors Europe)</Titre>
<Texte>
				<Paragraphe>Argentine, Australie,  Brésil,  Canada,  États-Unis,  Japon,  Nouvelle-Zélande</Paragraphe>
			</Texte><Reference type="Texte de référence" URL="https://www.legifrance.gouv.fr/loda/id/JORFTEXT000034518557/" ID="R36735">
<Titre>Arrêté du 27 avril 2017 relatif aux conditions d'envoi d'un passeport à l'étranger</Titre>
</Reference>
</Definition>
<Definition ID="R43477">
<Titre>Passeport - Consulats proposant de prendre la photo au guichet</Titre>
<Texte>
				<Paragraphe>Burundi, Cuba,  Guinée Équatoriale,  Kenya,    Mali,  Mauritanie et   Uruguay</Paragraphe>
			</Texte>
</Definition>
<Definition ID="R49824">
<Titre>Pays - Passeport envoyé par courrier - Europe</Titre>
<Texte>
				<Paragraphe>Allemagne, Autriche, Belgique, Bulgarie, Chypre, Croatie, Danemark, Espagne, Estonie, Finlande, France, Grèce, Hongrie, Irlande, Italie, Lituanie, Lettonie, Luxembourg, Malte, Norvège, Pays-Bas, Pologne, Portugal, République tchèque, Roumanie, Royaume-Uni, Slovaquie, Slovénie, Suède, Suisse</Paragraphe>
			</Texte><Reference type="Texte de référence" URL="https://www.legifrance.gouv.fr/loda/id/JORFTEXT000034518557/" ID="R36735">
<Titre>Arrêté du 27 avril 2017 relatif aux conditions d'envoi d'un passeport à l'étranger</Titre>
</Reference>
</Definition>
<QuestionReponse ID="F18704" audience="Particuliers">Que faire si je retrouve un passeport déclaré volé ?</QuestionReponse>






















</Publication>
