<?xml version="1.0" encoding="UTF-8"?><Publication xmlns:dc="http://purl.org/dc/elements/1.1/" xmlns:xsi="http://www.w3.org/2001/XMLSchema-instance" ID="F2158" type="Fiche d'information" xsi:noNamespaceSchemaLocation="../Schemas/3.0/Publication.xsd">
<dc:title>Huissier de justice</dc:title>
<dc:creator>Direction de l'information légale et administrative</dc:creator>
<dc:subject>Justice</dc:subject>
<dc:description>L'huissier de justice est chargé d'exécuter les décisions de justice et de délivrer des actes.</dc:description>
<dc:publisher>Direction de l'information légale et administrative</dc:publisher>
<dc:contributor>Direction de l'information légale et administrative (Premier ministre), Ministère chargé de la justice</dc:contributor>
<dc:date>modified 2019-06-24</dc:date>
<dc:type>Fiche pratique</dc:type>
<dc:format>text/xml</dc:format>
<dc:identifier>F2158</dc:identifier>
<dc:source>https://www.legifrance.gouv.fr/affichCode.do?idSectionTA=LEGISCTA000006135863&amp;cidTexte=LEGITEXT000006070716, http://legifrance.gouv.fr/affichCode.do?idSectionTA=LEGISCTA000006135904&amp;cidTexte=LEGITEXT000006070716, http://legifrance.gouv.fr/affichCode.do?idSectionTA=LEGISCTA000006135905&amp;cidTexte=LEGITEXT000006070716, http://www.legifrance.gouv.fr/affichCode.do?idSectionTA=LEGISCTA000006181707&amp;cidTexte=LEGITEXT000006070716, http://legifrance.gouv.fr/affichCode.do?idSectionTA=LEGISCTA000006147037&amp;cidTexte=LEGITEXT000006069577, http://legifrance.gouv.fr/affichCode.do?idSectionTA=LEGISCTA000025026711&amp;cidTexte=LEGITEXT000025024948, http://www.legifrance.gouv.fr/affichTexte.do?cidTexte=LEGITEXT000006069177, http://www.legifrance.gouv.fr/affichTexte.do?cidTexte=JORFTEXT000000686521, https://www.legifrance.gouv.fr/affichTexte.do?cidTexte=JORFTEXT000036650340</dc:source>
<dc:language>Fr</dc:language>
<dc:relation>isPartOf N279</dc:relation>
<dc:coverage>France entière</dc:coverage>
<dc:rights>https://www.service-public.fr/a-propos/mentions-legales</dc:rights>
<SurTitre>Fiche pratique</SurTitre>
<Audience>Particuliers</Audience>
<Canal>www.service-public.fr</Canal>
<FilDAriane>
<Niveau ID="Particuliers">Accueil particuliers</Niveau>
<Niveau ID="N19807">Justice</Niveau>
<Niveau ID="N279">Acteurs du monde judiciaire</Niveau>
<Niveau ID="F2158" type="Fiche d'information">Huissier de justice</Niveau>
</FilDAriane>
<Theme ID="N19807">
<Titre>Justice</Titre>
</Theme>
<SousThemePere ID="N20260">Organisation de la justice</SousThemePere><DossierPere ID="N279">
<Titre>Acteurs du monde judiciaire</Titre>
<Fiche ID="F2153">Avocat</Fiche>
<Fiche ID="F1736">Conciliateur de justice</Fiche>
<Fiche ID="F2161">Expert judiciaire</Fiche>
<Fiche ID="F2158">Huissier de justice</Fiche>
<Fiche ID="F1540">Juré d'assises</Fiche>
<Fiche ID="F2176">Magistrats et autres agents publics de justice</Fiche>
<Fiche ID="F1822">Médiateur civil</Fiche>
<Fiche ID="F1739">Médiateur pénal</Fiche>
<Fiche ID="F2164">Notaire</Fiche>
</DossierPere>

<Introduction>
<Texte><Paragraphe>L'huissier de justice est un <LienIntra LienID="R53971" type="Définition de glossaire"> officier public ministériel</LienIntra>. Ses deux missions  principales consistent à exécuter les décisions de justice et à établir des <LienIntra LienID="R17851" type="Définition de glossaire">actes authentiques</LienIntra>.  Il exerce de nombreuses autres missions, en lien ou non avec une procédure judiciaire. La rémunération de l'huissier comporte plusieurs éléments, dont certains sont réglementés. Il doit fournir au client le relevé détaillé de sa rémunération. L'acte authentique dressé par un huissier peut être contesté en justice.</Paragraphe>
</Texte>
</Introduction>
<Texte><Chapitre>
<Titre>
<Paragraphe>Fonctions</Paragraphe>
</Titre><SousChapitre>
<Titre>
<Paragraphe>Exécution d'une décision de justice</Paragraphe>
</Titre><Paragraphe>Sur  présentation d'un <LienIntra LienID="R1056" type="Définition de glossaire">titre exécutoire</LienIntra>, l'huissier procède aux  <LienInterne LienPublication="N277" type="Dossier" audience="Particuliers">saisies</LienInterne>  et aux  expulsions. Il vérifie la légalité des actes demandés, mais ne porte pas d'appréciation sur leur opportunité.</Paragraphe>
<Paragraphe>En cas de difficultés (insolvabilité, obstruction, rétention d'information, besoin de recours à la force publique), il peut :</Paragraphe>
<Liste type="puce">
<Item>
<Paragraphe>proposer des arrangements amiables,</Paragraphe>
</Item>
<Item>
<Paragraphe>demander l'aide des administrations pour obtenir des renseignements (domicile, adresse de l'employeur, compte bancaire...),</Paragraphe>
</Item>
<Item>
<Paragraphe>requérir l'appui des forces de l'ordre (police ou gendarmerie).</Paragraphe>
</Item>
</Liste>
<ASavoir>
<Titre>À savoir</Titre><Paragraphe>en Alsace-Moselle, les actes   notariés  relatifs au paiement d'une somme d'argent constituent des titres exécutoires lorsque le <LienIntra LienID="R12468" type="Définition de glossaire">débiteur</LienIntra> ne s'oppose pas à l'exécution forcée.</Paragraphe>
</ASavoir>
</SousChapitre>
<SousChapitre>
<Titre>
<Paragraphe>Délivrance d'actes authentiques</Paragraphe>
</Titre><Paragraphe>Sans besoin d'y être autorisé, ou après obtention de l'accord d'un juge, l'huissier établit des procès-verbaux de constatation qui décrivent, de façon neutre et incontestable, ce qu'il observe :</Paragraphe>
<Liste type="puce">
<Item>
<Paragraphe>en se rendant sur les lieux où se déroulent les faits qu'une personne lui demande de relever (malfaçons, non-présentation d'enfants, nuisances de voisinage, abandon de poste, etc.),</Paragraphe>
</Item>
<Item>
<Paragraphe>en effectuant des captures d'écran sur les sites internet accessibles par tous (diffamation, plagiat, publicité mensongère, etc.),</Paragraphe>
</Item>
<Item>
<Paragraphe>ou en utilisant d'autres moyens légaux qui lui paraissent utiles pour établir la réalité d'une situation.</Paragraphe>
</Item>
</Liste>

</SousChapitre>
<SousChapitre>
<Titre>
<Paragraphe>Autres missions</Paragraphe>
</Titre><Paragraphe>
<MiseEnEvidence>Dans le cadre d'une procédure judiciaire</MiseEnEvidence>
</Paragraphe>
<Paragraphe>L'huissier remet personnellement les <LienIntra LienID="R12538" type="Définition de glossaire">assignations</LienIntra> et procède à la <LienIntra LienID="R10915" type="Définition de glossaire">signification</LienIntra> des actes judiciaires.</Paragraphe>
<Paragraphe>Il porte au domicile des personnes concernées les citations devant le tribunal de police, le tribunal correctionnel et la cour d'assises.</Paragraphe>
<Paragraphe>
<MiseEnEvidence>Dans le cadre d'une démarche non judiciaire</MiseEnEvidence>
</Paragraphe>
<Paragraphe>L'huissier <LienIntra LienID="R14732" type="Définition de glossaire">notifie</LienIntra> les ruptures de Pacs.</Paragraphe>
<Paragraphe>Il peut également :</Paragraphe>
<Liste type="puce">
<Item>
<Paragraphe>conseiller les personnes dans la rédaction de contrats,</Paragraphe>
</Item>
<Item>
<Paragraphe>faire des <LienIntra LienID="R53970" type="Définition de glossaire">sommations interpellatives</LienIntra> (avant tout procès). Cet acte permet d'avertir une autre personne de faire ou de ne pas faire quelque chose. C'est une forme de mise en demeure. Par exemple, pour cesser des nuisances de voisinages,</Paragraphe>
</Item>
<Item>
<Paragraphe>accomplir des actes d'information ou d'avertissement obligatoires prévus par la loi pour lesquels un courrier ordinaire avec avis de réception pourrait suffire. Il s'agit, par exemple, d'une procédure de licenciement pour laquelle l'employeur  veut éviter les retours avec mention <Expression>non réclamé</Expression> ou <Expression>lettre refusée</Expression>,</Paragraphe>
</Item>
<Item>
<Paragraphe>apposer des scellés ou faire des inventaires, suite au décès d'une personne,</Paragraphe>
</Item>
<Item>
<Paragraphe>effectuer des ventes publiques de biens mobiliers, à défaut de commissaire-priseur.</Paragraphe>
</Item>
</Liste>

</SousChapitre>
</Chapitre>
<Chapitre>
<Titre>
<Paragraphe>Comment trouver un huissier ?</Paragraphe>
</Titre><Paragraphe>Vous pouvez trouvez les coordonnées d'un huissier proche de votre domicile sur le site de la Chambre nationale des huissiers :</Paragraphe>
<OuSAdresser ID="R10916" type="Local personnalisable">
<Titre>Huissier de justice</Titre>
<PivotLocal>huissier_justice</PivotLocal>
<RessourceWeb URL="https://cnhj.huissier-justice.fr/Annuaire.aspx"/>
</OuSAdresser>

</Chapitre>
<Chapitre>
<Titre>
<Paragraphe>Coût</Paragraphe>
</Titre><Paragraphe>La rémunération d'un huissier est réglementée. Elle se décompose en différentes sommes, qui varient selon le type d'actes effectués, selon la valeur des biens ou des montants en jeu, et parfois selon l'huissier choisi.</Paragraphe>
<Paragraphe>Certaines personnes bénéficient de réductions (<LienInterne LienPublication="F18074" type="Fiche d'information" audience="Particuliers">aide juridictionnelle</LienInterne>, <LienInterne LienPublication="N99" type="Dossier" audience="Particuliers">surendettement</LienInterne>, <LienInterne LienPublication="N326" type="Dossier" audience="Particuliers">expropriation</LienInterne>).</Paragraphe>
<Paragraphe>Il est possible de <LienInterne LienPublication="R50950" type="Modèle de document" audience="Particuliers">demander à l'huissier le compte détaillé des sommes qu'il réclame</LienInterne>.</Paragraphe>
<ASavoir>
<Titre>À savoir</Titre><Paragraphe>le versement en espèces donne lieu à la délivrance d'un reçu.</Paragraphe>
</ASavoir>
<SousChapitre>
<Titre>
<Paragraphe>Émoluments</Paragraphe>
</Titre><Paragraphe>Les émoluments correspondent à la rémunération des actes d'information prévus par la loi et des actes d'exécution.</Paragraphe>
<Paragraphe>Ils se calculent par l'addition :</Paragraphe>
<Liste type="puce">
<Item>
<Paragraphe>de <MiseEnEvidence>droits fixes codifiés</MiseEnEvidence> : les tarifs dépendent de  l'acte effectué et sont multipliés par un coefficient en cas d'<LienIntra LienID="R53978" type="Définition de glossaire">obligation pécuniaire</LienIntra> (0,5 pour les droits compris entre <Valeur>0 €</Valeur> et <Valeur>128 €</Valeur>, 1 pour les droits compris entre <Valeur>128 €</Valeur> et <Valeur>1280 €</Valeur> et  2 pour les droits au-delà de<Valeur> 1280 €</Valeur>),</Paragraphe>
</Item>
<Item>
<Paragraphe>de  <MiseEnEvidence>droits proportionnels</MiseEnEvidence>  appelés aussi <Expression>droits de recouvrement ou d'encaissement</Expression>, qui instituent une forme d'intéressement sur les sommes recouvrées (entre <Valeur>4,29 €</Valeur>    et  <Valeur>550,00 €</Valeur> pour le <LienIntra LienID="R12468" type="Définition de glossaire">débiteur</LienIntra>, et entre <Valeur>21,45 €</Valeur> et <Valeur>5 540 €</Valeur> pour le <LienIntra LienID="R15912" type="Définition de glossaire">créancier</LienIntra>),</Paragraphe>
</Item>
<Item>
<Paragraphe>de <MiseEnEvidence>droits d'engagement des poursuites</MiseEnEvidence>, perçus à l'occasion du 1<Exposant>er</Exposant> acte d'une procédure de recouvrement de dette et variant entre <Valeur>4,29 €</Valeur> et <Valeur>268,13 €</Valeur>, suivant l'importance des sommes en jeu</Paragraphe>
</Item>
<Item>
<Paragraphe>et de<MiseEnEvidence> frais de gestion du dossier</MiseEnEvidence> ne pouvant pas dépasser <Valeur>33,00 €</Valeur> pour une même affaire.</Paragraphe>
</Item>
</Liste>

</SousChapitre>
<SousChapitre>
<Titre>
<Paragraphe>Honoraires</Paragraphe>
</Titre><Paragraphe>Les honoraires correspondent à la rémunération des conseils, des sommations interpellatives et des constats (autres que les états des lieux locatifs, qui font l'objet d'émoluments). Ils sont librement fixés entre l'huissier et le demandeur, avant la réalisation des actes concernés.</Paragraphe>

</SousChapitre>
<SousChapitre>
<Titre>
<Paragraphe>Débours</Paragraphe>
</Titre><Paragraphe>Les débours couvrent les frais annexes payés par avance par l'huissier, dont il demande le remboursement. Il s'agit des droits fiscaux, d'affranchissements, de rémunération ou indemnisation des personnes dont la présence ou l'intervention a été sollicitée, etc.</Paragraphe>
<Paragraphe>La taxe sur la valeur ajoutée (TVA), et une taxe forfaitaire spécifique, d'un montant de <Valeur>14,89 €</Valeur>, font aussi partie des débours.</Paragraphe>

</SousChapitre>
<SousChapitre>
<Titre>
<Paragraphe>Frais de déplacement</Paragraphe>
</Titre><Paragraphe>L’huissier de justice perçoit pour chaque acte signifié une indemnité pour frais de transport fixée à <Valeur>7,67 €</Valeur>.</Paragraphe>

</SousChapitre>
<SousChapitre>
<Titre>
<Paragraphe>Actes par voie électronique</Paragraphe>
</Titre><Paragraphe>L'huissier perçoit, pour chaque acte réalisé exclusivement par voie électronique, <Valeur>8,80 €</Valeur>.</Paragraphe>

</SousChapitre>
</Chapitre>
<Chapitre>
<Titre>
<Paragraphe>Paiement</Paragraphe>
</Titre><Paragraphe>Le payeur est celui qui demande l'acte, sauf si :</Paragraphe>
<Liste type="puce">
<Item>
<Paragraphe>une loi ou un jugement indique que les frais d'huissier concernant cet acte sont partagés ou à la charge d'une autre personne,</Paragraphe>
</Item>
<Item>
<Paragraphe>l'acte a été rendu absolument nécessaire par la mauvaise foi objective d'une personne dont la dette est établie à l'égard du demandeur (auquel cas, c'est cette personne qui doit payer).</Paragraphe>
</Item>
</Liste>
<ANoter>
<Titre>À noter</Titre><Paragraphe>l'huissier peut demander des provisions (remboursables) à ses clients  avant la réalisation des actes, et peut déduire des sommes récupérées auprès d'un débiteur de quoi couvrir les frais de ses actes.</Paragraphe>
</ANoter>
</Chapitre>
<Chapitre>
<Titre>
<Paragraphe>Contestation d'un acte</Paragraphe>
</Titre>
				<Paragraphe>Si l'acte est en rapport direct avec un procès en cours, la contestation doit être portée devant le tribunal chargé de l'affaire.</Paragraphe>
				<Paragraphe>Dans les autres cas, la contestation doit être portée par <LienIntra LienID="R12538" type="Définition de glossaire">assignation</LienIntra> devant le <LienIntra LienID="R53985" type="Définition de glossaire">juge de l'exécution</LienIntra>.</Paragraphe>
			

</Chapitre>
</Texte><Reference type="Texte de référence" URL="https://www.legifrance.gouv.fr/affichCode.do?idSectionTA=LEGISCTA000006135863&amp;cidTexte=LEGITEXT000006070716" ID="R16305">
<Titre>Code de procédure civile : articles 49 à 52</Titre>
<Complement>Compétences relatives aux frais, débours, émoluments</Complement>
</Reference>
<Reference type="Texte de référence" URL="http://legifrance.gouv.fr/affichCode.do?idSectionTA=LEGISCTA000006135904&amp;cidTexte=LEGITEXT000006070716" ID="R16374">
<Titre>Code de procédure civile : articles 704 à 718</Titre>
<Complement>Vérification et le recouvrement des dépens</Complement>
</Reference>
<Reference type="Texte de référence" URL="http://legifrance.gouv.fr/affichCode.do?idSectionTA=LEGISCTA000006135905&amp;cidTexte=LEGITEXT000006070716" ID="R17372">
<Titre>Code de procédure civile : articles 719 à 721</Titre>
<Complement>Demandes ou contestations relatives aux frais, émoluments et débours non compris dans les dépens</Complement>
</Reference>
<Reference type="Texte de référence" URL="http://www.legifrance.gouv.fr/affichCode.do?idSectionTA=LEGISCTA000006181707&amp;cidTexte=LEGITEXT000006070716" ID="R2258">
<Titre>Code de procédure civile : articles 1307 à 1315</Titre>
<Complement>Apposition des scellés</Complement>
</Reference>
<Reference type="Texte de référence" URL="http://legifrance.gouv.fr/affichCode.do?idSectionTA=LEGISCTA000006147037&amp;cidTexte=LEGITEXT000006069577" ID="R21566">
<Titre>Code général des impôts : article 302 bis Y</Titre>
<Complement>Taxe forfaitaire sur les actes des huissiers de justice</Complement>
</Reference>
<Reference type="Texte de référence" URL="http://legifrance.gouv.fr/affichCode.do?idSectionTA=LEGISCTA000025026711&amp;cidTexte=LEGITEXT000025024948" ID="R12054">
<Titre>Code des procédures civiles d'exécution : articles L122-1 à L122-3</Titre>
<Complement>Exécution forcée, saisie</Complement>
</Reference>
<Reference type="Texte de référence" URL="http://www.legifrance.gouv.fr/affichTexte.do?cidTexte=LEGITEXT000006069177" ID="R595">
<Titre>Ordonnance n°45-2592 du 2 novembre 1945 relative au statut des huissiers</Titre>
</Reference>
<Reference type="Texte de référence" URL="http://www.legifrance.gouv.fr/affichTexte.do?cidTexte=JORFTEXT000000686521" ID="R12061">
<Titre>Décret n°56-222 du 29 février 1956 relatif au statut des huissiers de justice</Titre>
</Reference>
<Reference type="Texte de référence" URL="https://www.legifrance.gouv.fr/affichTexte.do?cidTexte=JORFTEXT000036650340" ID="R43299">
<Titre>Arrêté du 27 février 2018 fixant les tarifs réglementés des huissiers de justice</Titre>
</Reference>
<ServiceEnLigne ID="R50950" URL="https://www.inc-conso.fr/content/vous-demandez-lhuissier-de-justice-le-compte-detaille-des-sommes-quil-vous-reclame" type="Modèle de document">
<Titre>Demander à l'huissier de justice le compte détaillé des sommes qu'il vous réclame</Titre>
<Source ID="R30643">Institut national de la consommation (INC)</Source>
</ServiceEnLigne>
<PourEnSavoirPlus type="Information pratique" ID="R50187" URL="https://www.inc-conso.fr/content/que-faire-si-vous-recevez-la-visite-dun-dhuissier-de-justice" audience="Particuliers">
<Titre>Que faire si vous recevez la visite d'un huissier de justice ?</Titre>
<Source ID="R30643">Institut national de la consommation (INC)</Source>
</PourEnSavoirPlus>
<Definition ID="R53971">
<Titre>Officier public ministériel</Titre>
<Texte>
				<Paragraphe>Professionnel titulaire d'un office à qui l’État a délégué des prérogatives de puissance publique. Par exemple, le pouvoir d'ordonner à l'employeur d'un personne condamnée à verser des dommages et intérêts d'effectuer des saisies sur son salaire.</Paragraphe>
			</Texte>
</Definition>
<Definition ID="R53978">
<Titre>Obligation pécuniaire</Titre>
<Texte>
				<Paragraphe>Engagement qui porte sur  une somme d'argent</Paragraphe>
			</Texte>
</Definition>
<Definition ID="R10915">
<Titre>Signification</Titre>
<Texte>
				<Paragraphe>Acte par lequel une partie informe son adversaire d'un acte ou d'une décision de justice par l'intermédiaire d'un huissier de justice</Paragraphe>
			</Texte>
</Definition>
<Definition ID="R12468">
<Titre>Débiteur</Titre>
<Texte>
				<Paragraphe>Personne tenue envers une autre d'exécuter une obligation (qui peut être le versement d'une somme d'argent)</Paragraphe>
			</Texte>
</Definition>
<Definition ID="R17851">
<Titre>Acte authentique</Titre>
<Texte>
				<Paragraphe>Document établi par un officier public compétent (notaire, huissier, officier d'état civil), rédigé selon les formalités exigées par la loi et dont le contenu  peut avoir la même force qu'une décision judiciaire</Paragraphe>
			</Texte>
</Definition>
<Definition ID="R15912">
<Titre>Créancier</Titre>
<Texte>
				<Paragraphe>Personne à qui l'on doit de l'argent ou la fourniture d'une prestation</Paragraphe>
			</Texte>
</Definition>
<Definition ID="R53970">
<Titre>Sommation interpellative</Titre>
<Texte>
				<Paragraphe>Acte par lequel l'huissier de justice saisit une personne afin d'obtenir sa réaction ou sa réponse pour l'utiliser en justice</Paragraphe>
			</Texte>
</Definition>
<Definition ID="R1056">
<Titre>Titre exécutoire</Titre>
<Texte>
				<Paragraphe>Écrit permettant au créancier d'obtenir le recouvrement forcé de sa créance (saisie des biens)</Paragraphe>
			</Texte>
</Definition>
<Definition ID="R12538">
<Titre>Assignation</Titre>
<Texte>
				<Paragraphe>Acte d'huissier de justice informant une personne qu'un procès est engagé contre elle et la convoquant devant une juridiction</Paragraphe>
			</Texte>
</Definition>
<Definition ID="R14732">
<Titre>Notification</Titre>
<Texte>
				<Paragraphe>Formalité par laquelle un acte de procédure ou une décision est porté à la connaissance d’une personne</Paragraphe>
			</Texte>
</Definition>
<Definition ID="R53985">
<Titre>Juge de l'exécution</Titre>
<Texte>
				<Paragraphe>Magistrat chargé de prendre les mesures nécessaires à l'exécution forcée d'un jugement rendu en matière civile</Paragraphe>
			</Texte>
</Definition>
<QuestionReponse ID="F399" audience="Particuliers">Un huissier peut-il entrer dans un logement en l'absence de son occupant ?</QuestionReponse>
<QuestionReponse ID="F32973" audience="Particuliers">Quel tarif s'applique en cas de recours à un huissier dans un litige locatif ?</QuestionReponse>
<QuestionReponse ID="F922" audience="Particuliers">Quelles sont les saisies auxquelles l'huissier peut procéder ?</QuestionReponse>

</Publication>
