<?xml version="1.0" encoding="UTF-8"?><Publication xmlns:dc="http://purl.org/dc/elements/1.1/" xmlns:xsi="http://www.w3.org/2001/XMLSchema-instance" ID="F21680" type="Fiche Question-réponse" xsi:noNamespaceSchemaLocation="../Schemas/3.0/Publication.xsd">
<dc:title>Situation d'endettement durable : surendettement ou cessation de paiement ?</dc:title>
<dc:creator>Direction de l'information légale et administrative</dc:creator>
<dc:subject>Argent</dc:subject>
<dc:description>Si vous rencontrez des difficultés financières durables, vous pouvez recourir à une procédure spécifique pour apporter une réponse à cette situation. Cette procédure varie selon votre statut : particulier ou professionnel.</dc:description>
<dc:publisher>Direction de l'information légale et administrative</dc:publisher>
<dc:contributor>Direction de l'information légale et administrative (Premier ministre)</dc:contributor>
<dc:date>modified 2019-01-10</dc:date>
<dc:type>Question-réponse</dc:type>
<dc:format>text/xml</dc:format>
<dc:identifier>F21680</dc:identifier>
<dc:source>https://www.legifrance.gouv.fr/codes/id/LEGISCTA000032224609/, https://www.legifrance.gouv.fr/codes/id/LEGISCTA000032224603</dc:source>
<dc:language>Fr</dc:language>
<dc:relation>isPartOf N99</dc:relation>
<dc:coverage>France entière</dc:coverage>
<dc:rights>https://www.service-public.fr/a-propos/mentions-legales</dc:rights>
<SurTitre>Question-réponse</SurTitre>
<Audience>Particuliers</Audience>
<Canal>www.service-public.fr</Canal>
<FilDAriane>
<Niveau ID="Particuliers">Accueil particuliers</Niveau>
<Niveau ID="N19803">Argent</Niveau>
<Niveau ID="N99">Surendettement</Niveau>
<Niveau ID="F21680" type="Fiche Question-réponse">Situation d'endettement durable : surendettement ou cessation de paiement ?</Niveau>
</FilDAriane>
<Theme ID="N19803">
<Titre>Argent</Titre>
</Theme>
<SousThemePere ID="N20369">Crédit et surendettement</SousThemePere><DossierPere ID="N99">
<Titre>Surendettement</Titre>
<Fiche ID="F134">Déposer un dossier de surendettement</Fiche>
<Fiche ID="F34642">Recevabilité du dossier de surendettement</Fiche>
<Fiche ID="F1946">Solution envisagée selon la situation de surendettement</Fiche>
<Fiche ID="F16982">Plan conventionnel de redressement</Fiche>
<Fiche ID="F1947">Mesures imposées par la commission de surendettement</Fiche>
<Fiche ID="F16978">Rétablissement personnel sans liquidation judiciaire</Fiche>
<Fiche ID="F34463">Rétablissement personnel avec liquidation judiciaire</Fiche>
</DossierPere>

<Introduction>
<Texte><Paragraphe>Si vous rencontrez des difficultés financières durables, vous pouvez recourir à une procédure spécifique pour apporter une réponse à cette situation. Cette procédure varie selon votre statut : particulier ou professionnel.</Paragraphe>
</Texte>
</Introduction>
<ListeSituations affichage="onglet"><Situation>
<Titre>Vous êtes un particulier</Titre>
<Texte>
<Chapitre><Paragraphe>Vous pouvez bénéficier d'une <LienInterne LienPublication="N99" type="Dossier" audience="Particuliers">procédure de surendettement</LienInterne> :</Paragraphe>
<Liste type="puce">
<Item>
<Paragraphe>si vous êtes Français(e),</Paragraphe>
</Item>
<Item>
<Paragraphe>ou si vous êtes étranger et que vous avez votre domicile en  France.</Paragraphe>
</Item>
</Liste>

</Chapitre>
</Texte>
</Situation>
<Situation>
<Titre>Vous exercez une activité professionnelle indépendante</Titre>
<Texte>
<Chapitre><Paragraphe>Vous devez recourir à une <LienInterne LienPublication="F22352" type="Fiche d'information" audience="Professionnels">procédure de cessation de paiement</LienInterne> que vos dettes soient liées ou non à votre activité professionnelles, si vous êtes :</Paragraphe>
<Liste type="puce">
<Item>
<Paragraphe>Agriculteur</Paragraphe>
</Item>
<Item>
<Paragraphe>Artisan,</Paragraphe>
</Item>
<Item>
<Paragraphe>Commerçant</Paragraphe>
</Item>
<Item>
<Paragraphe>Travailleur indépendant,</Paragraphe>
</Item>
<Item>
<Paragraphe>Profession libérale,</Paragraphe>
</Item>
<Item>
<Paragraphe>Micro-entrepreneur (<Expression>auto-entrepreneur</Expression>).</Paragraphe>
</Item>
</Liste>

</Chapitre>
</Texte>
</Situation>
</ListeSituations><VoirAussi important="non">
<Dossier ID="N99" audience="Particuliers">
<Titre>Surendettement</Titre>
<Theme ID="N19803">
<Titre>Argent</Titre>
</Theme>
</Dossier>
<Dossier ID="N31392" audience="Professionnels">
<Titre>Traitement des difficultés</Titre>
<Theme ID="N24266">
<Titre>Gestion - Finances</Titre>
</Theme>
</Dossier>
</VoirAussi>
<OuSAdresser ID="R20363" type="Local personnalisable">
<Titre>Commission de surendettement</Titre>
<Complement>Si vous relevez de la procédure de surendettement des particuliers</Complement>
<PivotLocal>commission_surendettement</PivotLocal>
<RessourceWeb URL="http://www.banque-france.fr/la-banque-de-france/organisation/implantations-de-la-banque.html"/>
<Source ID="R30618">Banque de France</Source>
</OuSAdresser>
<OuSAdresser ID="R53723" type="National">
<Titre>Surendettement : adresse postale de la Banque de France</Titre>
<Complement>Si vous relevez de la procédure de surendettement des particuliers</Complement><Texte>
						
								<Paragraphe>Banque de France Surendettement</Paragraphe>
								<Paragraphe>TSA 41217</Paragraphe>
								<Paragraphe>75035 PARIS CEDEX 01</Paragraphe>
							
						<Chapitre>
<Titre>
<Paragraphe>Attention :</Paragraphe>
</Titre>
								<Paragraphe>Si votre  courrier  concerne un dossier de surendettement déjà connu de la Banque de France,  vous devez impérativement rappeler sa référence à 12 chiffres (le numéro attribué au dossier par la Banque de France)</Paragraphe>
							</Chapitre>
					</Texte>
</OuSAdresser>
<OuSAdresser ID="R53722" type="National">
<Titre>Poser une question à la Banque de France par téléphone sur le surendettement</Titre>
<Complement>Pour obtenir des informations</Complement><Texte>
						
								<Paragraphe>Numéro : 0 811 901 801 (de 8h à 18h)</Paragraphe>
								<Paragraphe>Prix : 5 centimes d'euro la minute + le prix d'un appel</Paragraphe>
								<Paragraphe>Attention, ce numéro ne permet pas de <LienInterne LienPublication="R51263" type="Téléservice" audience="Particuliers">prendre rendez-vous à la Banque de France</LienInterne>.</Paragraphe>
							
					</Texte>
</OuSAdresser>
<OuSAdresser ID="R47152" type="Local">
<Titre>Point conseil budget (PCB)</Titre>
<Complement>Pour obtenir des conseils et informations</Complement>
<RessourceWeb URL="https://www.mesquestionsdargent.fr/points-conseil-budget"/>
<Source ID="R30618">Banque de France</Source>
</OuSAdresser>
<OuSAdresser ID="R38283" type="National">
<Titre>Conseil national des administrateurs judiciaires et des mandataires judiciaires</Titre>
<Complement>Si vous relevez de la procédure de traitement des difficultés financières des entreprises</Complement>
<RessourceWeb URL="http://www.cnajmj.fr/annuaire-profession"/>
<Source ID="R42316">Conseil national des administrateurs judiciaires et des mandataires judiciaires (CNAJMJ)</Source>
</OuSAdresser>
<Reference type="Texte de référence" URL="https://www.legifrance.gouv.fr/codes/id/LEGISCTA000032224609/" ID="R44459">
<Titre>Code de la consommation : articles L711-1 et L711-2</Titre>
<Complement>Personnes physiques</Complement>
</Reference>
<Reference type="Texte de référence" URL="https://www.legifrance.gouv.fr/codes/id/LEGISCTA000032224603" ID="R51673">
<Titre>Code de la consommation : articles L711-3 à L711-5</Titre>
<Complement>Exclusions : commerçant, artisan, ...</Complement>
</Reference>
<ServiceEnLigne ID="R51263" URL="https://accueil.banque-france.fr/" type="Téléservice">
<Titre>Demande d'information en ligne ou de rendez-vous à la Banque de France</Titre>
<Source ID="R30618">Banque de France</Source>
</ServiceEnLigne>
<PourEnSavoirPlus type="Information pratique" ID="R56177" URL="https://particuliers.banque-france.fr/mesures-exceptionnelles-liees-la-crise-sanitaire-foire-aux-questions" audience="Particuliers">
<Titre>Questions-réponses liées à la crise sanitaire (coronavirus - covid 19)</Titre>
<Source ID="R30618">Banque de France</Source>
</PourEnSavoirPlus>
<PourEnSavoirPlus type="Information pratique" ID="R19901" URL="https://www.inc-conso.fr/content/le-surendettement-2" audience="Particuliers">
<Titre>Guide pratique : le surendettement des particuliers</Titre>
<Source ID="R30643">Institut national de la consommation (INC)</Source>
</PourEnSavoirPlus>
</Publication>
