<?xml version="1.0" encoding="UTF-8"?><Publication xmlns:dc="http://purl.org/dc/elements/1.1/" xmlns:xsi="http://www.w3.org/2001/XMLSchema-instance" ID="F2366" type="Fiche Question-réponse" xsi:noNamespaceSchemaLocation="../Schemas/3.0/Publication.xsd">
<dc:title>Quelles sont les vaccinations obligatoires pour les personnels de santé ?</dc:title>
<dc:creator>Direction de l'information légale et administrative</dc:creator>
<dc:subject>Social - Santé</dc:subject>
<dc:description>Les personnels de santé sont soumis à une obligation de vaccination qui varie en fonction de leur travail.</dc:description>
<dc:publisher>Direction de l'information légale et administrative</dc:publisher>
<dc:contributor>Direction de l'information légale et administrative (Premier ministre)</dc:contributor>
<dc:date>modified 2019-04-01</dc:date>
<dc:type>Question-réponse</dc:type>
<dc:format>text/xml</dc:format>
<dc:identifier>F2366</dc:identifier>
<dc:source>http://www.legifrance.gouv.fr/affichCodeArticle.do?idArticle=LEGIARTI000021709132&amp;cidTexte=LEGITEXT000006072665, https://www.legifrance.gouv.fr/affichTexte.do?cidTexte=JORFTEXT000000457937&amp;fastPos=1&amp;fastReqId=1559639667&amp;categorieLien=id&amp;oldAction=rechTexte, https://www.legifrance.gouv.fr/codes/article_lc/LEGIARTI000018530428, https://www.legifrance.gouv.fr/affichCode.do?idSectionTA=LEGISCTA000006190436&amp;cidTexte=LEGITEXT000006072665, https://www.legifrance.gouv.fr/affichTexte.do?cidTexte=LEGITEXT000006055678, https://www.legifrance.gouv.fr/affichTexte.do?cidTexte=LEGITEXT000027833530, https://www.legifrance.gouv.fr/affichTexte.do?cidTexte=JORFTEXT000033825622&amp;dateTexte=&amp;oldAction=rechJO&amp;categorieLien=id&amp;idJO=JORFCONT000033825306, http://www.legifrance.gouv.fr/affichCode.do?idSectionTA=LEGISCTA000006190990&amp;cidTexte=LEGITEXT000006072665, http://www.legifrance.gouv.fr/affichTexte.do?cidTexte=LEGITEXT000006056619</dc:source>
<dc:language>Fr</dc:language>
<dc:relation>isPartOf N434</dc:relation>
<dc:coverage>France entière</dc:coverage>
<dc:rights>https://www.service-public.fr/a-propos/mentions-legales</dc:rights>
<SurTitre>Question-réponse</SurTitre>
<Audience>Particuliers</Audience>
<Canal>www.service-public.fr</Canal>
<FilDAriane>
<Niveau ID="Particuliers">Accueil particuliers</Niveau>
<Niveau ID="N19811">Social - Santé</Niveau>
<Niveau ID="N434">Prévention - Vaccinations</Niveau>
<Niveau ID="F2366" type="Fiche Question-réponse">Quelles sont les vaccinations obligatoires pour les personnels de santé ?</Niveau>
</FilDAriane>
<Theme ID="N19811">
<Titre>Social - Santé</Titre>
</Theme>
<SousThemePere ID="N20180">Santé</SousThemePere><DossierPere ID="N434">
<Titre>Prévention - Vaccinations</Titre><SousDossier ID="N434-1">
<Titre>Bilans et examens gratuits</Titre>
<Fiche ID="F170">Bilan de santé - Examen de prévention en santé</Fiche>
<Fiche ID="F243">Examens et soins bucco-dentaires pour les jeunes</Fiche>
</SousDossier>
<SousDossier ID="N434-2">
<Titre>Vaccinations</Titre>
<Fiche ID="F724">Calendrier vaccinal</Fiche>
<Fiche ID="F704">DTP (diphtérie, tétanos, poliomyélite)</Fiche>
<Fiche ID="F714">Grippe saisonnière</Fiche>
<Fiche ID="F723">Hépatite</Fiche>
<Fiche ID="F700">BCG (tuberculose)</Fiche>
</SousDossier>
</DossierPere>

<Texte><Paragraphe>Les personnels de santé, ainsi que les étudiants des professions médicales et paramédicales, sont soumis à une obligation de vaccination qui varie en fonction des lieux dans lesquels ils exercent ou de la nature de leur activité.</Paragraphe>
<Tableau>
<Titre>Liste des vaccins obligatoires par personnels</Titre>
<Colonne largeur="33" type="normal"/>
<Colonne largeur="33" type="normal"/>
<Rangée type="header">
<Cellule>
<Paragraphe>Personnels</Paragraphe>
</Cellule>
<Cellule>
<Paragraphe>Type de vaccination</Paragraphe>
</Cellule>
</Rangée>
<Rangée type="normal">
<Cellule>
<Paragraphe>Étudiants des professions médicales et paramédicales</Paragraphe>
</Cellule>
<Cellule>
<Paragraphe>- Diphtérie, tétanos, poliomyélite</Paragraphe>
<Paragraphe>- Hépatite B</Paragraphe>
</Cellule>
</Rangée>
<Rangée type="normal">
<Cellule>
<Paragraphe>Professionnels exposés des établissements de prévention, de  soin ou hébergeant des personnes âgées (y compris les ambulanciers)</Paragraphe>
</Cellule>
<Cellule>
<Paragraphe>- Diphtérie, tétanos, poliomyélite</Paragraphe>
<Paragraphe>- Hépatite B</Paragraphe>
</Cellule>
</Rangée>
<Rangée type="normal">
<Cellule>
<Paragraphe>Personnel des laboratoires d'analyses médicales</Paragraphe>
</Cellule>
<Cellule>
<Paragraphe>- Typhoïde</Paragraphe>
<Paragraphe>- Diphtérie, tétanos, poliomyélite</Paragraphe>
<Paragraphe>- Hépatite B</Paragraphe>
</Cellule>
</Rangée>
<Rangée type="normal">
<Cellule>
<Paragraphe>Thanatopracteurs</Paragraphe>
</Cellule>
<Cellule>
<Paragraphe>Hépatite B</Paragraphe>
</Cellule>
</Rangée>
</Tableau>
<ASavoir>
<Titre>À savoir</Titre><Paragraphe>en complément de ces vaccinations obligatoires, certaines vaccinations (contre la rubéole, la varicelle ...) sont recommandées. L'obligation vaccinale contre la grippe est suspendue depuis 2006.</Paragraphe>
</ASavoir><Paragraphe>Quelle que soit la nature de la vaccination, celle-ci doit être réalisée après une évaluation du risque encouru et une information du salarié sur la nature de ce risque et le moyen de s'en prémunir.</Paragraphe>
<Paragraphe>Le salarié peut choisir librement le médecin qui lui fait la vaccination.</Paragraphe>
<Paragraphe>Cette vaccination est à la charge de l'employeur dès lors qu'elle est justifiée par un risque professionnel.</Paragraphe>
<Paragraphe>La vaccination obligatoire s'impose au salarié. Pour être dispensé de cette obligation, il faut fournir un certificat médical attestant une contre-indication à cette vaccination, mais cela peut faire obstacle au recrutement ou limiter le champ de l'activité professionnelle.</Paragraphe>

</Texte><VoirAussi important="non">
<Dossier ID="N434" audience="Particuliers">
<Titre>Prévention - Vaccinations</Titre>
<Theme ID="N19811">
<Titre>Social - Santé</Titre>
</Theme>
</Dossier>
<Fiche ID="F700" audience="Particuliers">
<Titre>BCG : vaccin contre la tuberculose</Titre>
<Theme ID="N19811">
<Titre>Social - Santé</Titre>
</Theme>
</Fiche>
</VoirAussi>
<Reference type="Texte de référence" URL="http://www.legifrance.gouv.fr/affichCodeArticle.do?idArticle=LEGIARTI000021709132&amp;cidTexte=LEGITEXT000006072665" ID="R34057">
<Titre>Code de la santé publique : article L3111-4</Titre>
<Complement>Obligations vaccinales</Complement>
</Reference>
<Reference type="Texte de référence" URL="https://www.legifrance.gouv.fr/affichTexte.do?cidTexte=JORFTEXT000000457937&amp;fastPos=1&amp;fastReqId=1559639667&amp;categorieLien=id&amp;oldAction=rechTexte" ID="R46522">
<Titre>Décret n°2006-1260 du 14 octobre 2006 relatif à l'obligation vaccinale contre la grippe des professionnels</Titre>
<Complement>Suspension obligation vaccinale contre la grippe</Complement>
</Reference>
<Reference type="Texte de référence" URL="https://www.legifrance.gouv.fr/codes/article_lc/LEGIARTI000018530428" ID="R34034">
<Titre>Code du travail : article R4426-6</Titre>
<Complement>Prise en charge par l'employeur</Complement>
</Reference>
<Reference type="Texte de référence" URL="https://www.legifrance.gouv.fr/affichCode.do?idSectionTA=LEGISCTA000006190436&amp;cidTexte=LEGITEXT000006072665" ID="R46235">
<Titre>Code de la santé publique : articles R.3111-1 à R.3111-4-2</Titre>
<Complement>Vaccination des thanatopracteurs</Complement>
</Reference>
<Reference type="Texte de référence" URL="https://www.legifrance.gouv.fr/affichTexte.do?cidTexte=LEGITEXT000006055678" ID="R49974">
<Titre>Arrêté du 6 mars 2007 relatif à la liste des élèves et étudiants des professions médicales et pharmaceutiques et des autres professions de santé devant être vaccinés</Titre>
<Complement>Obligations vaccinales</Complement>
</Reference>
<Reference type="Texte de référence" URL="https://www.legifrance.gouv.fr/affichTexte.do?cidTexte=LEGITEXT000027833530" ID="R49975">
<Titre>Arrêté du 2 août 2013 fixant les conditions d'immunisation des personnels de santé</Titre>
</Reference>
<Reference type="Texte de référence" URL="https://www.legifrance.gouv.fr/affichTexte.do?cidTexte=JORFTEXT000033825622&amp;dateTexte=&amp;oldAction=rechJO&amp;categorieLien=id&amp;idJO=JORFCONT000033825306" ID="R46405">
<Titre>Arrêté du 26 décembre 2016 relatif aux conditions de vérification de l'immunisation des thanatopracteurs en formation pratique et en exercice soumis à l'obligation de vaccination contre l'hépatite B</Titre>
<Complement>Vérification de l'immunisation des thanatopracteurs</Complement>
</Reference>
<Reference type="Texte de référence" URL="http://www.legifrance.gouv.fr/affichCode.do?idSectionTA=LEGISCTA000006190990&amp;cidTexte=LEGITEXT000006072665" ID="R10249">
<Titre>Code de la santé publique : articles R3112-1 à R3112-5</Titre>
<Complement>Vaccination obligatoire tuberculose</Complement>
</Reference>
<Reference type="Texte de référence" URL="http://www.legifrance.gouv.fr/affichTexte.do?cidTexte=LEGITEXT000006056619" ID="R17249">
<Titre>Décret n°2007-1111 du 17 juillet 2007 relatif à l'obligation vaccinale par le vaccin antituberculeux BCG</Titre>
<Complement>Fin de l'obligation vaccinale du BCG pour les professionnels de santé et du secteur social</Complement>
</Reference>
<PourEnSavoirPlus type="Information pratique" ID="R48315" URL="https://solidarites-sante.gouv.fr/IMG/pdf/calendrier_vaccinal_29juin20.pdf" audience="Particuliers" format="application/pdf" poids="6.0 MB">
<Titre>Calendrier des vaccinations 2020</Titre>
<Source ID="R30662">Ministère des solidarités et de la santé</Source>
</PourEnSavoirPlus>
<QuestionReponse ID="F33924" audience="Particuliers">Qui peut effectuer un vaccin ?</QuestionReponse>
</Publication>
