<?xml version="1.0" encoding="UTF-8"?><Publication xmlns:dc="http://purl.org/dc/elements/1.1/" xmlns:xsi="http://www.w3.org/2001/XMLSchema-instance" ID="F2372" type="Fiche d'information" xsi:noNamespaceSchemaLocation="../Schemas/3.0/Publication.xsd">
<dc:title>Compte à terme (CAT)</dc:title>
<dc:creator>Direction de l'information légale et administrative</dc:creator>
<dc:subject>Argent</dc:subject>
<dc:description>Un compte à terme (ou dépôt à terme) est un compte d'épargne qui offre un taux d'intérêt attractif à condition que les sommes déposées restent indisponibles pendant un certain temps.</dc:description>
<dc:publisher>Direction de l'information légale et administrative</dc:publisher>
<dc:contributor>Direction de l'information légale et administrative (Premier ministre)</dc:contributor>
<dc:date>modified 2019-01-01</dc:date>
<dc:type>Fiche pratique</dc:type>
<dc:format>text/xml</dc:format>
<dc:identifier>F2372</dc:identifier>
<dc:source>https://www.legifrance.gouv.fr/affichCode.do?idSectionTA=LEGISCTA000027643303&amp;cidTexte=LEGITEXT000006072026, http://www.legifrance.gouv.fr/affichCode.do?idSectionTA=LEGISCTA000006150317&amp;cidTexte=LEGITEXT000006070721, http://legifrance.gouv.fr/affichCode.do?idArticle=LEGIARTI000006302951&amp;idSectionTA=LEGISCTA000006197211&amp;cidTexte=LEGITEXT000006069577, https://acpr.banque-france.fr/sites/default/files/medias/documents/20121012-communique-acp-recommandation-2012-r-02.pdf, https://cclrf.banque-france.fr/sites/default/files/media/2017/08/09/crbf86-13.pdf, https://cclrf.banque-france.fr/fileadmin/user_upload/cclrf/fr/pdf/reglements/1969/dcg69-02.pdf, https://cclrf.banque-france.fr/fileadmin/user_upload/cclrf/fr/pdf/reglements/1969/dcg69_03.pdf, http://bofip.impots.gouv.fr/bofip/858-PGP</dc:source>
<dc:language>Fr</dc:language>
<dc:relation>isPartOf N20376</dc:relation>
<dc:coverage>France entière</dc:coverage>
<dc:rights>https://www.service-public.fr/a-propos/mentions-legales</dc:rights>
<SurTitre>Fiche pratique</SurTitre>
<Audience>Particuliers</Audience>
<Canal>www.service-public.fr</Canal>
<FilDAriane>
<Niveau ID="Particuliers">Accueil particuliers</Niveau>
<Niveau ID="N19803">Argent</Niveau>
<Niveau ID="N20376">Livrets, plans et comptes d'épargne</Niveau>
<Niveau ID="F2372" type="Fiche d'information">Compte à terme (CAT)</Niveau>
</FilDAriane>
<Theme ID="N19803">
<Titre>Argent</Titre>
</Theme>
<SousThemePere ID="N20375">Épargne</SousThemePere><DossierPere ID="N20376">
<Titre>Livrets, plans et comptes d'épargne</Titre>
<Fiche ID="F2365">Livret A</Fiche>
<Fiche ID="F2368">Livret de développement durable et solidaire (LDDS)</Fiche>
<Fiche ID="F2367">Livret d'épargne populaire (LEP)</Fiche>
<Fiche ID="F2904">Livret jeune</Fiche>
<Fiche ID="F16136">Compte épargne logement (CEL)</Fiche>
<Fiche ID="F16140">Plan épargne logement (PEL)</Fiche>
<Fiche ID="F10259">Plan d'épargne retraite populaire (Perp)</Fiche>
<Fiche ID="F34394">Compte d'épargne ou livret d'épargne bancaire</Fiche>
<Fiche ID="F2372">Compte à terme (CAT)</Fiche>
</DossierPere>

<Introduction>
<Texte><Paragraphe>Un compte à terme (ou dépôt à terme) est un compte d'épargne qui offre un taux d'intérêt attractif à condition que les sommes déposées restent indisponibles  pendant un certain temps.</Paragraphe>
</Texte>
</Introduction>
<Texte><Chapitre>
<Titre>
<Paragraphe>De quoi s'agit-il ?</Paragraphe>
</Titre><Paragraphe>Un compte à terme (CAT) est un compte sur lequel les sommes que vous déposez sont  bloquées pendant une certaine période. En contrepartie, vous percevez des intérêts généralement plus élevés que ceux du livret d'épargne ordinaire.</Paragraphe>
<Paragraphe>Les règles du CAT relèvent en majorité de la liberté contractuelle, c'est à dire de l'accord que vous concluez avec la banque (ou l'organisme financier).</Paragraphe>
<Paragraphe>La banque peut vous proposer une grande variété de contrats (liste non exhaustive) :</Paragraphe>
<Liste type="puce">
<Item>
<Paragraphe>CAT à taux fixe</Paragraphe>
</Item>
<Item>
<Paragraphe>CAT à taux progressif</Paragraphe>
</Item>
<Item>
<Paragraphe>CAT à taux variable</Paragraphe>
</Item>
<Item>
<Paragraphe>Contrat vous engageant à ouvrir plusieurs CAT avec des fonctionnements différents</Paragraphe>
</Item>
<Item>
<Paragraphe>Contrat composé d'un CAT mais aussi d'autres produits d'épargne</Paragraphe>
</Item>
</Liste>

</Chapitre>
<Chapitre>
<Titre>
<Paragraphe>Ouverture</Paragraphe>
</Titre><Paragraphe>Pour ouvrir un CAT, vous signez  un contrat  avec la banque, qui  doit vous expliquer au préalable le fonctionnement du CAT. En cas de CAT à taux variable, la banque  doit vous remettre un document spécifique d'information.</Paragraphe>
<Paragraphe>Le contrat vous  informe notamment  sur les points suivants :</Paragraphe>
<Liste type="puce">
<Item>
<Paragraphe>Montant  du dépôt (minimum et maximum)</Paragraphe>
</Item>
<Item>
<Paragraphe>Durée</Paragraphe>
</Item>
<Item>
<Paragraphe>Rémunération (taux d'intérêt,  paiement des intérêts par périodicité ou à l'échéance)</Paragraphe>
</Item>
<Item>
<Paragraphe>Pénalités en cas de remboursement des fonds avant l'échéance prévue</Paragraphe>
</Item>
<Item>
<Paragraphe>Conditions de renouvellement à l'échéance</Paragraphe>
</Item>
</Liste>

</Chapitre>
<Chapitre>
<Titre>
<Paragraphe>Fonctionnement</Paragraphe>
</Titre><SousChapitre>
<Titre>
<Paragraphe>Dépôt unique bloqué</Paragraphe>
</Titre><Paragraphe>À l'ouverture du compte, vous effectuez un versement unique. Si vous voulez verser une somme supplémentaire, vous devez ouvrir un autre compte.</Paragraphe>
<Paragraphe>Les montants minimum et maximum sont variables selon les banques.</Paragraphe>

</SousChapitre>
<SousChapitre>
<Titre>
<Paragraphe>Durée déterminée ou renouvelable</Paragraphe>
</Titre><Paragraphe>Les sommes que vous versez sont bloquées pour 1 mois au minimum.</Paragraphe>
<Paragraphe>Au-delà, la durée peut être  déterminée (par exemple 1 an) ou renouvelable (par exemple tous les 6 mois).</Paragraphe>

</SousChapitre>
<SousChapitre>
<Titre>
<Paragraphe>Disponibilité des fonds</Paragraphe>
</Titre><Paragraphe>Si vous souhaitez récupérer la somme placée avant la date d'échéance prévue, vous devez payer des pénalités.</Paragraphe>
<Paragraphe>Les pénalités varient d'une banque  à l'autre.</Paragraphe>

</SousChapitre>
</Chapitre>
<Chapitre>
<Titre>
<Paragraphe>Rémunération</Paragraphe>
</Titre><SousChapitre>
<Titre>
<Paragraphe>Compte à terme à taux fixe</Paragraphe>
</Titre><Paragraphe>Le taux de rémunération est fixe et garanti pendant toute la durée du compte.</Paragraphe>

</SousChapitre>
<SousChapitre>
<Titre>
<Paragraphe>Compte à terme à taux progressif</Paragraphe>
</Titre><Paragraphe>Le taux de rémunération augmente au fil du temps (par exemple à chaque trimestre).  Plus les sommes restent placées longtemps, plus le taux d'intérêt est important.</Paragraphe>

</SousChapitre>
<SousChapitre>
<Titre>
<Paragraphe>Compte à terme à taux variable</Paragraphe>
</Titre><Paragraphe>Le taux de rémunération est variable, indexé sur un taux de marché ou un indice de référence.</Paragraphe>
<Paragraphe>La banque vous informe périodiquement  sur la situation de votre placement et sur la faculté de ne pas renouveler votre contrat.</Paragraphe>

</SousChapitre>
</Chapitre>
<Chapitre>
<Titre>
<Paragraphe>Fiscalité</Paragraphe>
</Titre><Paragraphe>Les intérêts sont soumis au régime fiscal des <LienInterne LienPublication="F2613" type="Fiche d'information" audience="Particuliers">revenus de capitaux mobiliers</LienInterne> (impôt sur le revenu et <LienInterne LienPublication="F2329" type="Fiche d'information" audience="Particuliers">prélèvements sociaux</LienInterne>).</Paragraphe>

</Chapitre>
</Texte><VoirAussi important="non">
<Dossier ID="N20376" audience="Particuliers">
<Titre>Livrets, plans et comptes d'épargne</Titre>
<Theme ID="N19803">
<Titre>Argent</Titre>
</Theme>
</Dossier>
<Dossier ID="N98" audience="Particuliers">
<Titre>Comptes bancaires</Titre>
<Theme ID="N19803">
<Titre>Argent</Titre>
</Theme>
</Dossier>
</VoirAussi>
<OuSAdresser ID="R16526" type="Local">
<Titre>Assurance Banque Épargne Info Service</Titre>
<Complement>Pour s'informer</Complement>
<RessourceWeb URL="https://www.abe-infoservice.fr/vos-demarches/nous-contacter#1"/>
</OuSAdresser>
<OuSAdresser ID="R14329" type="Centre de contact">
<Titre>Autorité de contrôle prudentiel et de résolution (ACPR)</Titre>
<Complement>Pour s'informer</Complement>
<Source ID="R39432">Autorité de contrôle prudentiel et de résolution (ACPR)</Source><Texte>
						<Chapitre>
<Titre>
<Paragraphe>Par téléphone</Paragraphe>
</Titre>
								<Paragraphe>
			+33 (0)1 49 95 40 00</Paragraphe>
								<Paragraphe>
			Accueil téléphonique assuré du lundi au vendredi de 10h00 à 12h00
		 et de 14h00 à 16h00</Paragraphe>
							</Chapitre>
						<Chapitre>
<Titre>
<Paragraphe>Par messagerie</Paragraphe>
</Titre>
								<Paragraphe>
			Bibli@acpr.banque-france.fr</Paragraphe>
							</Chapitre>
						<Chapitre>
<Titre>
<Paragraphe>Par courrier</Paragraphe>
</Titre>
								<Paragraphe>
			Pour signaler des anomalies ou des dysfonctionnements :
		</Paragraphe>
								<Paragraphe>
			Autorité de contrôle prudentiel et de résolution</Paragraphe>
								<Paragraphe>Direction du contrôle des pratiques commerciales</Paragraphe>
								<Paragraphe>
			61 rue Taitbout</Paragraphe>
								<Paragraphe>75436 Paris Cedex 09</Paragraphe>
							</Chapitre>
					</Texte>
</OuSAdresser>
<Reference type="Texte de référence" URL="https://www.legifrance.gouv.fr/affichCode.do?idSectionTA=LEGISCTA000027643303&amp;cidTexte=LEGITEXT000006072026" ID="R33828">
<Titre>Code monétaire et financier : article L312-2</Titre>
<Complement>Obligation de restitution des fonds reçus du public</Complement>
</Reference>
<Reference type="Texte de référence" URL="http://www.legifrance.gouv.fr/affichCode.do?idSectionTA=LEGISCTA000006150317&amp;cidTexte=LEGITEXT000006070721" ID="R10080">
<Titre>Code civil : articles 1927 à 1946</Titre>
<Complement>Obligations de l'organisme financier (articles 1932 et 1937)</Complement>
</Reference>
<Reference type="Texte de référence" URL="http://legifrance.gouv.fr/affichCode.do?idArticle=LEGIARTI000006302951&amp;idSectionTA=LEGISCTA000006197211&amp;cidTexte=LEGITEXT000006069577" ID="R33547">
<Titre>Code général des impôts : articles 124 à 125-00 A</Titre>
<Complement>Dépôts de sommes d'argent considérés comme des capitaux mobiliers (article 124)</Complement>
</Reference>
<Reference type="Texte de référence" URL="https://acpr.banque-france.fr/sites/default/files/medias/documents/20121012-communique-acp-recommandation-2012-r-02.pdf" ID="R33829" format="application/pdf" poids="99.9 KB">
<Titre>Recommandation de l'Autorité de contrôle prudentiel n°2012-R-02 du 12 octobre 2012 sur la commercialisation des comptes à terme</Titre>
</Reference>
<Reference type="Texte de référence" URL="https://cclrf.banque-france.fr/sites/default/files/media/2017/08/09/crbf86-13.pdf" ID="R33864" format="application/pdf" poids="169.6 KB">
<Titre>Règlement n°86-13 du 14 mai 1986 relatif à la rémunération des fonds reçus par les établissements de crédit</Titre>
<Complement>Rémunération des comptes à terme (article 4)</Complement>
</Reference>
<Reference type="Texte de référence" URL="https://cclrf.banque-france.fr/fileadmin/user_upload/cclrf/fr/pdf/reglements/1969/dcg69-02.pdf" ID="R33862" format="application/pdf" poids="88.0 KB">
<Titre>Décision n°69-02 du 8 mai 1969 du Conseil national du crédit relative aux conditions de réception des fonds par les banques</Titre>
<Complement>Règles relatives au compte à terme (article 2)</Complement>
</Reference>
<Reference type="Texte de référence" URL="https://cclrf.banque-france.fr/fileadmin/user_upload/cclrf/fr/pdf/reglements/1969/dcg69_03.pdf" ID="R33863" format="application/pdf" poids="99.8 KB">
<Titre>Décision n°69-03 du 8 mai 1969 du Conseil national du crédit relative aux conditions de réception des fonds par les établissements financiers</Titre>
<Complement>Règles relatives au compte à terme (article 1er)</Complement>
</Reference>
<Reference type="Texte de référence" URL="http://bofip.impots.gouv.fr/bofip/858-PGP" ID="R33856">
<Titre>Bofip-impôts n°BOI-RPPM-RCM-10-10-40 relatif au régime fiscal des revenus des créances, dépôts, cautionnements et comptes courants</Titre>
</Reference>
<PourEnSavoirPlus type="Information pratique" ID="R53605" URL="https://www.abe-infoservice.fr/epargne/epargne-bancaire/compte-terme" audience="Particuliers">
<Titre>Compte à terme</Titre>
<Source ID="R34551">Autorité de contrôle prudentiel et de résolution (ACPR)</Source>
</PourEnSavoirPlus>
</Publication>
