<?xml version="1.0" encoding="UTF-8"?><Publication xmlns:dc="http://purl.org/dc/elements/1.1/" xmlns:xsi="http://www.w3.org/2001/XMLSchema-instance" ID="F2402" type="Fiche d'information" xsi:noNamespaceSchemaLocation="../Schemas/3.0/Publication.xsd">
<dc:title>Paiement par chèque</dc:title>
<dc:creator>Direction de l'information légale et administrative</dc:creator>
<dc:subject>Argent, Gestion - Finances</dc:subject>
<dc:description>Le paiement par chèque est soumis à certaines règles comme l'obligation de le dater du jour de sa rédaction. La durée de validité d'un chèque est limitée dans le temps. Un commerçant peut refuser un paiement par ce moyen.</dc:description>
<dc:publisher>Direction de l'information légale et administrative</dc:publisher>
<dc:contributor>Direction de l'information légale et administrative (Premier ministre)</dc:contributor>
<dc:date>modified 2018-12-27</dc:date>
<dc:type>Fiche pratique</dc:type>
<dc:format>text/xml</dc:format>
<dc:identifier>F2402</dc:identifier>
<dc:source>http://www.legifrance.gouv.fr/affichCode.do?idSectionTA=LEGISCTA000006170823&amp;cidTexte=LEGITEXT000006072026, http://www.legifrance.gouv.fr/affichCode.do?idSectionTA=LEGISCTA000006170826&amp;cidTexte=LEGITEXT000006072026, http://www.legifrance.gouv.fr/affichCode.do?idSectionTA=LEGISCTA000006170831&amp;cidTexte=LEGITEXT000006072026, http://www.legifrance.gouv.fr/affichCode.do?idSectionTA=LEGISCTA000006170833&amp;cidTexte=LEGITEXT000006072026</dc:source>
<dc:language>Fr</dc:language>
<dc:relation>isPartOf N91</dc:relation>
<dc:coverage>France entière</dc:coverage>
<dc:rights>https://www.service-public.fr/a-propos/mentions-legales</dc:rights>
<SurTitre>Fiche pratique</SurTitre>
<Audience>Particuliers</Audience>
<Audience>Professionnels</Audience>
<Canal>www.service-public.fr</Canal>
<FilDAriane>
<Niveau ID="Particuliers">Accueil particuliers</Niveau>
<Niveau ID="N19803">Argent</Niveau>
<Niveau ID="N91">Moyens de paiement</Niveau>
<Niveau ID="F2402" type="Fiche d'information">Paiement par chèque</Niveau>
</FilDAriane>
<Theme ID="N19803">
<Titre>Argent</Titre>
</Theme>
<SousThemePere ID="N20096">Banque</SousThemePere><DossierPere ID="N91">
<Titre>Moyens de paiement</Titre><SousDossier ID="N91-1">
<Titre>Carte bancaire</Titre>
<Fiche ID="F2420">Délivrance et retrait d'une carte</Fiche>
<Fiche ID="F2424">Paiement par carte</Fiche>
<Fiche ID="F31324">Fraude à la carte bancaire</Fiche>
<Fiche ID="F2428">Vol de sa carte bancaire</Fiche>
<Fiche ID="F31241">Perte de sa carte bancaire</Fiche>
</SousDossier>
<SousDossier ID="N91-2">
<Titre>Chèque</Titre>
<Fiche ID="F2402">Paiement par chèque</Fiche>
<Fiche ID="F2409">Opposition</Fiche>
<Fiche ID="F31388">Interdit bancaire</Fiche>
</SousDossier>
<SousDossier ID="N91-3">
<Titre>Espèces</Titre>
<Fiche ID="F2421">Retrait d'espèces</Fiche>
<Fiche ID="F10999">Paiement en espèces</Fiche>
</SousDossier>
</DossierPere>

<SousDossierPere>Chèque</SousDossierPere>
<Introduction>
<Texte><Paragraphe>Le paiement par chèque est soumis à certaines règles comme l'obligation de le dater du jour de sa rédaction. La durée de validité d'un chèque est limitée dans le temps. Un commerçant peut refuser un paiement par ce moyen.</Paragraphe>
</Texte>
</Introduction>
<Texte><Chapitre>
<Titre>
<Paragraphe>Rédaction</Paragraphe>
</Titre><Paragraphe>Celui qui rédige le chèque et paie la somme est l'émetteur. Celui qui doit toucher la somme est le bénéficiaire.</Paragraphe>
<Paragraphe>Le chèque doit respecter les règles de forme suivantes :</Paragraphe>
<Liste type="puce">
<Item>
<Paragraphe>il ne doit y avoir aucun blanc avant ou après l'inscription de la somme,</Paragraphe>
</Item>
<Item>
<Paragraphe>la somme doit être portée en chiffres et en lettres (en cas de non-concordance, c'est la somme en lettres qui est retenue),</Paragraphe>
</Item>
<Item>
<Paragraphe>le nom du bénéficiaire doit être lisible,</Paragraphe>
</Item>
<Item>
<Paragraphe>la signature doit être conforme au modèle connu par l'établissement bancaire,</Paragraphe>
</Item>
<Item>
<Paragraphe>le chèque doit être daté du jour de sa rédaction (s'il est postdaté, l’émetteur encourt une amende égale à <Valeur>6 %</Valeur> du montant du chèque, avec un minimum de <Valeur>0,75 €</Valeur>).</Paragraphe>
</Item>
</Liste>
<Paragraphe>Un commerçant peut exiger de l'émetteur la présentation d'une ou 2 pièces d'identité avec photographie (lorsque la somme à payer dépasse un certain seuil par exemple).</Paragraphe>
<Paragraphe>L'émission d'un <LienInterne LienPublication="F1930" type="Fiche Question-réponse" audience="Particuliers">chèque sans provision</LienInterne> (ou <Expression>chèque en bois</Expression>) peut être sanctionnée.</Paragraphe>
<ANoter>
<Titre>À noter</Titre><Paragraphe>il n'existe pas de montant maximal fixé par la réglementation pour émettre un chèque.</Paragraphe>
</ANoter>
</Chapitre>
<Chapitre>
<Titre>
<Paragraphe>Encaissement</Paragraphe>
</Titre><Paragraphe>La durée de validité d'un chèque est de 1 an et 8 jours. Au delà de ce délai, son bénéficiaire ne peut plus l'encaisser sur son compte bancaire.</Paragraphe>
<Paragraphe>Pour pouvoir disposer de l'argent correspondant, son bénéficiaire doit l'endosser, c'est-à-dire le signer au verso, et le remettre à une banque avant ce délai.</Paragraphe>
<Paragraphe>C'est lors de l'encaissement du chèque que le compte de l'émetteur est débité.</Paragraphe>
<Attention>
<Titre>Attention</Titre><Paragraphe>il est possible que le bénéficiaire ne puisse pas toucher la somme due si le chèque encaissé est  <LienInterne LienPublication="F1930" type="Fiche Question-réponse" audience="Particuliers">sans provision</LienInterne>. Certains <LienInterne LienPublication="F2403" type="Fiche Question-réponse" audience="Particuliers">types de chèque</LienInterne> permettent de garantir le paiement de la somme due.</Paragraphe>
</Attention>
</Chapitre>
<Chapitre>
<Titre>
<Paragraphe>Droit de refus</Paragraphe>
</Titre><Paragraphe>Un commerçant peut refuser le paiement par chèque. Il doit en informer la clientèle.</Paragraphe>
<BlocCas affichage="radio"><Cas>
<Titre>
<Paragraphe>Cas général</Paragraphe>
</Titre><Paragraphe>Un commerçant peut refuser un paiement par chèque ou exiger un montant minimal ou maximal à condition d'en avoir  clairement informé sa clientèle. Cette information se fait par voie d'affichage ou dans ses conditions générales de vente avec une mention du type :</Paragraphe>
<Liste type="puce">
<Item>
<Paragraphe>
<Citation>les chèques ne sont pas acceptés</Citation>,</Paragraphe>
</Item>
<Item>
<Paragraphe>
<Citation>ne sont acceptés qu'à partir de......</Citation>,</Paragraphe>
</Item>
<Item>
<Paragraphe>ou <Citation>sont acceptés jusqu'à</Citation>.</Paragraphe>
</Item>
</Liste>

</Cas>
<Cas>
<Titre>
<Paragraphe>Commerçant adhérant à un centre de gestion agréé</Paragraphe>
</Titre><Paragraphe>Les commerçants adhérant à un centre de gestion agréé doivent accepter au moins l'un des 2 moyens de paiement : la carte bancaire ou le chèque.</Paragraphe>
<Paragraphe>Ainsi, ils peuvent refuser le paiement par chèque s'ils ont choisi uniquement le paiement par carte bancaire.</Paragraphe>
<Paragraphe>Ils ont l'obligation d'informer la clientèle des moyens de paiement acceptés :</Paragraphe>
<Liste type="puce">
<Item>
<Paragraphe>par affichette. Elle doit être apposée dans les locaux destinés à recevoir la clientèle et dans les véhicules où s'effectuent les ventes ou prestations de services et doit pouvoir être lue sans difficulté ;</Paragraphe>
</Item>
<Item>
<Paragraphe>dans la correspondance et sur les documents professionnels adressés ou remis aux clients (papier à en-tête, factures, devis, etc.).</Paragraphe>
</Item>
</Liste>
<Paragraphe>3 types de mention sont possibles selon le moyen de paiement accepté :</Paragraphe>
<Liste type="puce">
<Item>
<Paragraphe>
<Citation>"Acceptant le règlement des sommes dues par chèques libellés à son nom en sa qualité de membre d'un centre de gestion agréé par l'administration fiscale"</Citation>,</Paragraphe>
</Item>
<Item>
<Paragraphe>
<Citation>"Acceptant le règlement des sommes dues par carte bancaire en sa qualité de membre d'un centre de gestion agréé par l'administration fiscale"</Citation>,</Paragraphe>
</Item>
<Item>
<Paragraphe>
<Citation>"Acceptant le règlement des sommes dues par chèques libellés à son nom et par carte bancaire en sa qualité de membre d'un centre de gestion agréé par l'administration fiscale"</Citation>.</Paragraphe>
</Item>
</Liste>
<Paragraphe>Les adhérents des centres de gestion agréés peuvent également refuser des paiements par chèque (ou par carte bancaire) dans les 3 cas suivants :</Paragraphe>
<Liste type="puce">
<Item>
<Paragraphe>il s'agit de ventes de faible importance qu'il est d'usage de régler en espèces,</Paragraphe>
</Item>
<Item>
<Paragraphe>la réglementation professionnelle impose les paiements en espèces,</Paragraphe>
</Item>
<Item>
<Paragraphe>les frais d'encaissement sont très élevés par rapport au montant de la transaction (exemple : chèques d'un montant faible d'une banque étrangère).</Paragraphe>
</Item>
</Liste>

</Cas>
</BlocCas>

</Chapitre>
<Chapitre>
<Titre>
<Paragraphe>Paiement à l'étranger</Paragraphe>
</Titre><Paragraphe>Vous ne pouvez utiliser votre chéquier en euro que dans les pays de la <LienIntra LienID="R49460" type="Définition de glossaire">zone euro</LienIntra> et que si le commerçant l'accepte.</Paragraphe>
<Paragraphe>Votre établissement bancaire peut vous prélever des frais.</Paragraphe>
<Paragraphe>Ces frais sont variables d'un établissement à l'autre.</Paragraphe>

</Chapitre>
</Texte><OuSAdresser ID="R16526" type="Local">
<Titre>Assurance Banque Épargne Info Service</Titre>
<RessourceWeb URL="https://www.abe-infoservice.fr/vos-demarches/nous-contacter#1"/>
</OuSAdresser>
<Reference type="Texte de référence" URL="http://www.legifrance.gouv.fr/affichCode.do?idSectionTA=LEGISCTA000006170823&amp;cidTexte=LEGITEXT000006072026" ID="R22185">
<Titre>Code monétaire et financier : articles L131-2 à L131-15</Titre>
<Complement>Création et forme du chèque</Complement>
</Reference>
<Reference type="Texte de référence" URL="http://www.legifrance.gouv.fr/affichCode.do?idSectionTA=LEGISCTA000006170826&amp;cidTexte=LEGITEXT000006072026" ID="R396">
<Titre>Code monétaire et financier : articles L131-31 à L131-43</Titre>
<Complement>Présentation et paiement</Complement>
</Reference>
<Reference type="Texte de référence" URL="http://www.legifrance.gouv.fr/affichCode.do?idSectionTA=LEGISCTA000006170831&amp;cidTexte=LEGITEXT000006072026" ID="R32721">
<Titre>Code monétaire et financier : articles L131-59 et L131-60</Titre>
<Complement>Délai de prescription</Complement>
</Reference>
<Reference type="Texte de référence" URL="http://www.legifrance.gouv.fr/affichCode.do?idSectionTA=LEGISCTA000006170833&amp;cidTexte=LEGITEXT000006072026" ID="R402">
<Titre>Code monétaire et financier : articles L131-69 à L131-87</Titre>
<Complement>Incidents de paiement et sanctions</Complement>
</Reference>
<ServiceEnLigne ID="R33866" URL="http://www.lesclesdelabanque.com/Web/Cdb/Particuliers/Content.nsf/DocumentsByIDWeb/6Y8G2S/$File/lettre-regularisation-blocage-provision.docx" format="application/vnd.openxmlformats-officedocument.wordprocessingml.document" poids="52.1 KB" type="Modèle de document">
<Titre>Demander la régularisation d'un chèque impayé</Titre>
<Source ID="R30639">Fédération bancaire française</Source>
</ServiceEnLigne>
<PourEnSavoirPlus type="Information pratique" ID="R53574" URL="https://www.abe-infoservice.fr/banque/moyens-de-paiement/cheque" audience="Particuliers">
<Titre>Chèque</Titre>
<Source ID="R34551">Autorité de contrôle prudentiel et de résolution (ACPR)</Source>
</PourEnSavoirPlus>
<Definition ID="R49460">
<Titre>Pays de la zone euro</Titre>
<Texte>
				<Paragraphe>Allemagne, Autriche, Belgique, Chypre, Espagne, Estonie, Finlande, France, Grèce, Irlande, Italie, Lettonie, Lituanie, Luxembourg, Malte, Pays-Bas, Portugal, Slovaquie et Slovénie</Paragraphe>
			</Texte>
</Definition>
<QuestionReponse ID="F1930" audience="Particuliers">Comment régulariser un chèque sans provision ?</QuestionReponse>
<QuestionReponse ID="F17519" audience="Particuliers">Dans quels pays peut-on payer en euros ?</QuestionReponse>
</Publication>
