<?xml version="1.0" encoding="UTF-8"?><Publication xmlns:dc="http://purl.org/dc/elements/1.1/" xmlns:xsi="http://www.w3.org/2001/XMLSchema-instance" ID="F2417" type="Fiche d'information" xsi:noNamespaceSchemaLocation="../Schemas/3.0/Publication.xsd">
<dc:title>Refus d'ouverture de compte bancaire : droit au compte</dc:title>
<dc:creator>Direction de l'information légale et administrative</dc:creator>
<dc:subject>Argent</dc:subject>
<dc:description>Une banque peut refuser de vous ouvrir un compte bancaire. Dans ce cas, vous pouvez saisir la Banque de France afin de bénéficier de la procédure du droit au compte. La Banque de France désigne alors une banque, proche de votre domicile ou du lieu de votre choix, qui doit vous ouvrir un compte avec des services bancaires de base.</dc:description>
<dc:publisher>Direction de l'information légale et administrative</dc:publisher>
<dc:contributor>Direction de l'information légale et administrative (Premier ministre)</dc:contributor>
<dc:date>modified 2020-10-26</dc:date>
<dc:type>Fiche pratique</dc:type>
<dc:format>text/xml</dc:format>
<dc:identifier>F2417</dc:identifier>
<dc:source>http://www.legifrance.gouv.fr/affichCode.do?idSectionTA=LEGISCTA000006170365&amp;cidTexte=LEGITEXT000006072026, https://www.legifrance.gouv.fr/affichCode.do?idSectionTA=LEGISCTA000006184410&amp;cidTexte=LEGITEXT000006072026, https://www.legifrance.gouv.fr/affichTexte.do?cidTexte=LEGITEXT000031024044, http://www.legifrance.gouv.fr/affichTexteArticle.do?cidTexte=JORFTEXT000019992193&amp;idArticle=JORFARTI000019992199</dc:source>
<dc:language>Fr</dc:language>
<dc:relation>isPartOf N98</dc:relation>
<dc:coverage>France entière</dc:coverage>
<dc:rights>https://www.service-public.fr/a-propos/mentions-legales</dc:rights>
<SurTitre>Fiche pratique</SurTitre>
<Audience>Particuliers</Audience>
<Canal>www.service-public.fr</Canal>
<FilDAriane>
<Niveau ID="Particuliers">Accueil particuliers</Niveau>
<Niveau ID="N19803">Argent</Niveau>
<Niveau ID="N98">Comptes bancaires</Niveau>
<Niveau ID="F2417" type="Fiche d'information">Refus d'ouverture de compte bancaire : droit au compte</Niveau>
</FilDAriane>
<Theme ID="N19803">
<Titre>Argent</Titre>
</Theme>
<SousThemePere ID="N20096">Banque</SousThemePere><DossierPere ID="N98">
<Titre>Comptes bancaires</Titre><SousDossier ID="N98-1">
<Titre>Types de compte</Titre>
<Fiche ID="F2413">Compte individuel</Fiche>
<Fiche ID="F10412">Compte joint</Fiche>
<Fiche ID="F2812">Compte indivis</Fiche>
</SousDossier>
<SousDossier ID="N98-2">
<Titre>Droit au compte</Titre>
<Fiche ID="F2417">Refus d'ouverture de compte</Fiche>
<Fiche ID="F31456">Clôture d'un compte par la banque</Fiche>
</SousDossier>
<SousDossier ID="N98-3">
<Titre>Problèmes de trésorerie</Titre>
<Fiche ID="F31423">Découvert autorisé</Fiche>
<Fiche ID="F18777">Incidents de paiement</Fiche>
</SousDossier>
</DossierPere>

<SousDossierPere>Droit au compte</SousDossierPere>
<Introduction>
<Texte><Paragraphe>Une banque peut refuser de vous ouvrir un compte bancaire. Dans ce cas, vous pouvez saisir la Banque de France afin de bénéficier de la procédure du droit au compte. La Banque de France désigne alors une banque, proche de votre domicile ou du lieu de votre choix, qui doit vous ouvrir un compte avec des services bancaires de base.</Paragraphe>
</Texte>
</Introduction>
<Texte><Chapitre>
<Titre>
<Paragraphe>De quoi s'agit-il ?</Paragraphe>
</Titre><Paragraphe>Une banque peut vous refuser l'ouverture d'un compte sans avoir à motiver sa décision.</Paragraphe>
<Paragraphe>Elle doit alors vous fournir gratuitement et sans délai une lettre de refus.</Paragraphe>
<Paragraphe>Elle doit aussi vous informer sur la possibilité de saisir la Banque de France pour bénéficier de la procédure de <Expression>droit au compte.</Expression>
</Paragraphe>
<ANoter>
<Titre>À noter</Titre><Paragraphe>si vous avez demandé l'ouverture d'un compte par écrit, l'avis de refus vous est obligatoirement adressé par lettre recommandée avec demande d'avis de réception.</Paragraphe>
</ANoter>
</Chapitre>
<Chapitre>
<Titre>
<Paragraphe>Qui peut en bénéficier ?</Paragraphe>
</Titre><Paragraphe>Pour bénéficier de la procédure du droit au compte, vous devez remplir un des critères suivants :</Paragraphe>
<Liste type="puce">
<Item>
<Paragraphe>Résider en France</Paragraphe>
</Item>
<Item>
<Paragraphe>Résider légalement sur le territoire d'un autre État membre de <LienIntra LienID="R41270" type="Définition de glossaire">l'nion européenne</LienIntra>, mais ne pas agir pour des besoins professionnels</Paragraphe>
</Item>
<Item>
<Paragraphe>Être de nationalité française et résider hors de France.</Paragraphe>
</Item>
</Liste>
<Attention>
<Titre>Attention</Titre><Paragraphe>si vous avez déjà un compte de dépôt en France, vous ne pouvez pas bénéficier du droit au compte.</Paragraphe>
</Attention><Paragraphe>Vous pouvez bénéficier du droit au compte même si vous êtes dans l'une des situations suivantes :</Paragraphe>
<Liste type="puce">
<Item>
<Paragraphe>
<LienInterne LienPublication="F31388" type="Fiche d'information" audience="Particuliers">Interdit bancaire</LienInterne>
</Paragraphe>
</Item>
<Item>
<Paragraphe>Inscrit au <LienInterne LienPublication="F17608" type="Fiche d'information" audience="Particuliers">fichier des incidents de crédit aux particuliers (FICP)</LienInterne>
</Paragraphe>
</Item>
<Item>
<Paragraphe>
<LienInterne LienPublication="N99" type="Dossier" audience="Particuliers">Surendetté</LienInterne>
</Paragraphe>
</Item>
</Liste>

</Chapitre>
<Chapitre>
<Titre>
<Paragraphe>Procédure</Paragraphe>
</Titre><Paragraphe>La banque qui a refusé de vous ouvrir un compte peut, sur votre demande, transmettre une demande de droit au compte à la Banque de France.</Paragraphe>
<Paragraphe>Vous pouvez également vous rendre directement au guichet d'une succursale de la Banque de France pour remplir la demande ou la lui adresser par courrier.</Paragraphe>
<OuSAdresser ID="R10518" type="Local personnalisé sur SP">
<Titre>Banque de France, succursale</Titre>
<PivotLocal>banque_de_france</PivotLocal>
<RessourceWeb URL="http://www.banque-france.fr/la-banque-de-france/organisation/implantations-de-la-banque.html"/>
<Source ID="R30618">Banque de France</Source>
</OuSAdresser>
<Paragraphe>Votre dossier doit comporter les documents suivants :</Paragraphe>
<Liste type="puce">
<Item>
<Paragraphe>
<LienInterne LienPublication="R17694" type="Modèle de document" audience="Particuliers">Courrier introductif</LienInterne>
</Paragraphe>
</Item>
<Item>
<Paragraphe>
<LienInterne LienPublication="R18275" type="Formulaire" audience="Professionnels">Formulaire de demande de droit au compte</LienInterne>
</Paragraphe>
</Item>
<Item>
<Paragraphe>Pièce d'identité française ou étrangère en cours de validité</Paragraphe>
</Item>
<Item>
<Paragraphe>Justificatif de domicile (par exemple, facture d'eau ou téléphone de moins de 3 mois, quittance de loyer de moins de 3 mois, titre de propriété)</Paragraphe>
</Item>
<Item>
<Paragraphe>Lettre de refus de la banque démarchée</Paragraphe>
</Item>
<Item>
<Paragraphe>Déclaration sur l'honneur attestant le fait que vous ne disposez d'aucun compte de dépôt ouvert à titre personnel ou  professionnel</Paragraphe>
</Item>
<Item>
<Paragraphe>Attestation sur l'honneur que vous résidez légalement sur le territoire d'un autre État membre de l'Union européenne, si vous êtes dans cette situation.</Paragraphe>
</Item>
</Liste>
<Paragraphe>Une association de consommateurs agréée, votre <LienInterne LienPublication="R24582" type="Acronyme">Caf</LienInterne>, votre département ou votre centre communal ou intercommunal d'action sociale peuvent aussi vous accompagner dans vos démarches.</Paragraphe>

</Chapitre>
<Chapitre>
<Titre>
<Paragraphe>Accès aux services bancaires de base</Paragraphe>
</Titre><Paragraphe>Dans un délai d'1 <LienIntra LienID="R17509" type="Définition de glossaire">jour ouvré</LienIntra> à partir de la réception des pièces requises, la Banque de France désigne par courrier la banque chargée d'ouvrir  le compte.</Paragraphe>
<Paragraphe>La banque concernée doit ouvrir le compte dans un délai de 3 <LienIntra LienID="R17509" type="Définition de glossaire">jours ouvrés</LienIntra> à partir de la réception des documents nécessaires.</Paragraphe>
<Paragraphe>La <LienInterne LienPublication="F2909" type="Fiche Question-réponse" audience="Particuliers">convention de compte</LienInterne> associée à l'ouverture se limite aux services bancaires élémentaires suivants :</Paragraphe>
<Liste type="puce">
<Item>
<Paragraphe>Ouverture, tenue et clôture du compte</Paragraphe>
</Item>
<Item>
<Paragraphe>Délivrance à la demande de relevés d'identité bancaire</Paragraphe>
</Item>
<Item>
<Paragraphe>Domiciliation de virements bancaires</Paragraphe>
</Item>
<Item>
<Paragraphe>Envoi mensuel d'un relevé des opérations effectuées sur le compte</Paragraphe>
</Item>
<Item>
<Paragraphe>Réalisation des opérations de caisse</Paragraphe>
</Item>
<Item>
<Paragraphe>Encaissement de chèques et de virements bancaires</Paragraphe>
</Item>
<Item>
<Paragraphe>Dépôts et retraits d'espèces au guichet de la banque ou à ses distributeurs automatiques</Paragraphe>
</Item>
<Item>
<Paragraphe>Paiements par prélèvement, titre interbancaire de paiement ou virement bancaire</Paragraphe>
</Item>
<Item>
<Paragraphe>Moyens de consultation à distance du solde du compte</Paragraphe>
</Item>
<Item>
<Paragraphe>
<LienInterne LienPublication="F2420" type="Fiche d'information" audience="Particuliers"> C</LienInterne>
<LienInterne LienPublication="F2420" type="Fiche d'information" audience="Particuliers">arte bancaire</LienInterne>   dont chaque utilisation est autorisée par la banque</Paragraphe>
</Item>
<Item>
<Paragraphe>2 <LienInterne LienPublication="F2403" type="Fiche Question-réponse" audience="Particuliers">formules de chèques</LienInterne> de banque par mois ou moyens de paiement équivalents offrant les mêmes services.</Paragraphe>
</Item>
</Liste>

</Chapitre>
<Chapitre>
<Titre>
<Paragraphe>Coût</Paragraphe>
</Titre><Paragraphe>L'ouverture d'un compte bancaire dans le cadre du <Expression>droit au compte</Expression> et l'utilisation des services bancaires de base sont gratuits.</Paragraphe>

</Chapitre>
<Chapitre>
<Titre>
<Paragraphe>Le compte peut-il être fermé ?</Paragraphe>
</Titre><Paragraphe>La banque désignée par la Banque de France peut décider seule de fermer votre compte. Pour cela, une des conditions suivantes doit être remplie :</Paragraphe>
<Liste type="puce">
<Item>
<Paragraphe>Vous avez délibérément utilisé le compte pour effectuer des opérations  illégales</Paragraphe>
</Item>
<Item>
<Paragraphe>Vous avez fourni des informations inexactes</Paragraphe>
</Item>
<Item>
<Paragraphe>Vous ne répondez plus aux conditions de domicile ou de résidence</Paragraphe>
</Item>
<Item>
<Paragraphe>Vous avez ouvert  un 2<Exposant>e</Exposant> compte de dépôt en France qui vous permet d'utiliser les services bancaires de base</Paragraphe>
</Item>
<Item>
<Paragraphe>Vous avez fait preuve d'incivilités répétées envers le personnel de l'établissement de crédit</Paragraphe>
</Item>
<Item>
<Paragraphe>La banque n'a pas pu vous identifier  ou recueillir les informations nécessaires à l'ouverture ou au fonctionnement du compte.</Paragraphe>
</Item>
</Liste>
<Paragraphe>En cas de résiliation du compte, la banque doit vous adresser sa décision motivée par courrier et en informer la Banque de France. Vous disposez d'un délai de 2 mois de préavis sauf dans les 2 cas suivants :</Paragraphe>
<Liste type="puce">
<Item>
<Paragraphe>Vous avez délibérément  utilisé le compte pour effectuer des opérations illégales</Paragraphe>
</Item>
<Item>
<Paragraphe>Vous avez fourni des informations inexactes</Paragraphe>
</Item>
</Liste>
<Paragraphe>La banque doit aussi vous informer de l'existence, au sein de la Banque de France, d'un service de relations avec la clientèle pour traiter les litiges éventuels liés à cette résiliation. Vous pouvez saisir ce service autant de fois que nécessaire.</Paragraphe>

</Chapitre>
</Texte><OuSAdresser ID="R16526" type="Local">
<Titre>Assurance Banque Épargne Info Service</Titre>
<RessourceWeb URL="https://www.abe-infoservice.fr/vos-demarches/nous-contacter#1"/>
</OuSAdresser>
<Reference type="Texte de référence" URL="http://www.legifrance.gouv.fr/affichCode.do?idSectionTA=LEGISCTA000006170365&amp;cidTexte=LEGITEXT000006072026" ID="R15056">
<Titre>Code monétaire et financier : article L312-1</Titre>
<Complement>Droit au compte</Complement>
</Reference>
<Reference type="Texte de référence" URL="https://www.legifrance.gouv.fr/affichCode.do?idSectionTA=LEGISCTA000006184410&amp;cidTexte=LEGITEXT000006072026" ID="R15055">
<Titre>Code monétaire et financier : article D312-5</Titre>
<Complement>Services bancaires de base</Complement>
</Reference>
<Reference type="Texte de référence" URL="https://www.legifrance.gouv.fr/affichTexte.do?cidTexte=LEGITEXT000031024044" ID="R41489">
<Titre>Arrêté du 31 juillet 2015 fixant la liste des pièces justificatives pour l'exercice du droit au compte auprès de la Banque de France</Titre>
</Reference>
<Reference type="Texte de référence" URL="http://www.legifrance.gouv.fr/affichTexteArticle.do?cidTexte=JORFTEXT000019992193&amp;idArticle=JORFARTI000019992199" ID="R19816">
<Titre>Arrêté du 18 décembre 2008 portant homologation de la charte d'accessibilité pour renforcer l'effectivité du droit au compte</Titre>
</Reference>
<ServiceEnLigne ID="R17694" URL="https://www.inc-conso.fr/content/vous-navez-plus-de-compte-bancaire-vous-demandez-lintervention-de-la-banque-de-france" type="Modèle de document">
<Titre>Saisir la Banque de France pour demander un droit à compte bancaire</Titre>
<Source ID="R30643">Institut national de la consommation (INC)</Source>
</ServiceEnLigne>
<PourEnSavoirPlus type="Information pratique" ID="R39924" URL="https://www.abe-infoservice.fr/banque/droit-au-compte" audience="Particuliers">
<Titre>Droit au compte</Titre>
<Source ID="R39432">Autorité de contrôle prudentiel et de résolution (ACPR)</Source>
</PourEnSavoirPlus>
<Definition ID="R41270">
<Titre>Union européenne (UE)</Titre>
<Texte>
				<Paragraphe>Allemagne, Autriche, Belgique, Bulgarie, Chypre, Croatie, Danemark, Espagne, Estonie, Finlande, France, Grèce, Hongrie, Irlande, Italie, Lituanie, Lettonie, Luxembourg, Malte, Pays-Bas, Pologne, Portugal, République tchèque, Roumanie, Slovaquie, Slovénie, Suède. Attention : le Royaume-Uni a quitté  l'UE, mais le droit européen s'applique encore aux britanniques jusqu'au 31 décembre 2020.</Paragraphe>
			</Texte>
</Definition>
<Definition ID="R17509">
<Titre>Jour ouvré</Titre>
<Texte>
				<Paragraphe>Jour effectivement travaillé dans une entreprise ou une administration.
		On en compte 5 par semaine.</Paragraphe>
			</Texte>
</Definition>
<Abreviation ID="R24582" type="Acronyme">
<Titre>Caf</Titre>
<Texte>
<Paragraphe>Caisse d'allocations familiales</Paragraphe>
</Texte>
</Abreviation>
<QuestionReponse ID="F2909" audience="Particuliers">Qu'est-ce qu'une convention de compte bancaire ?</QuestionReponse>
</Publication>
