<?xml version="1.0" encoding="UTF-8"?><Publication xmlns:dc="http://purl.org/dc/elements/1.1/" xmlns:xsi="http://www.w3.org/2001/XMLSchema-instance" ID="F2761" type="Fiche Question-réponse" xsi:noNamespaceSchemaLocation="../Schemas/3.0/Publication.xsd">
<dc:title>Médiateur de Pôle emploi : comment y recourir ?</dc:title>
<dc:creator>Direction de l'information légale et administrative</dc:creator>
<dc:subject>Social - Santé</dc:subject>
<dc:description>En cas de contestation d'une décision de Pôle emploi, le médiateur de Pôle emploi peut régler le différend sans passer par une juridiction.</dc:description>
<dc:publisher>Direction de l'information légale et administrative</dc:publisher>
<dc:contributor>Direction de l'information légale et administrative (Premier ministre)</dc:contributor>
<dc:date>modified 2020-02-03</dc:date>
<dc:type>Question-réponse</dc:type>
<dc:format>text/xml</dc:format>
<dc:identifier>F2761</dc:identifier>
<dc:source>http://www.legifrance.gouv.fr/affichCode.do?idSectionTA=LEGISCTA000018767057&amp;cidTexte=LEGITEXT000006072050</dc:source>
<dc:language>Fr</dc:language>
<dc:relation>isPartOf N549</dc:relation>
<dc:coverage>France entière</dc:coverage>
<dc:rights>https://www.service-public.fr/a-propos/mentions-legales</dc:rights>
<SurTitre>Question-réponse</SurTitre>
<Audience>Particuliers</Audience>
<Canal>www.service-public.fr</Canal>
<FilDAriane>
<Niveau ID="Particuliers">Accueil particuliers</Niveau>
<Niveau ID="N19811">Social - Santé</Niveau>
<Niveau ID="N549">Chômage : démarches auprès de Pôle emploi</Niveau>
<Niveau ID="F2761" type="Fiche Question-réponse">Médiateur de Pôle emploi : comment y recourir ?</Niveau>
</FilDAriane>
<Theme ID="N19811">
<Titre>Social - Santé</Titre>
</Theme>
<SousThemePere ID="N461">Chômage</SousThemePere><DossierPere ID="N549">
<Titre>Chômage : démarches auprès de Pôle emploi</Titre>
<Fiche ID="F1636">Inscription à Pôle emploi</Fiche>
<Fiche ID="F1637">Actualisation</Fiche>
<Fiche ID="F14926">Obligation de recherche d'emploi (PPAE)</Fiche>
<Fiche ID="F1638">Radiation de Pôle emploi</Fiche>
</DossierPere>

<Texte><Paragraphe>Le médiateur de Pôle emploi examine et recherche des solutions amiables aux réclamations individuelles aux usagers. Le service de médiation de Pôle emploi est constitué de médiateurs régionaux et d'un médiateur national.</Paragraphe>
<Paragraphe>Si vous rencontrez des difficultés  avec les services de Pôle emploi  (radiation de la liste des demandeurs d'emploi, trop perçu d'allocations chômage, par exemple), vous pouvez  saisir le médiateur Pôle emploi si vous êtes :</Paragraphe>
<Liste type="puce">
<Item>
<Paragraphe>Demandeur d'emploi</Paragraphe>
</Item>
<Item>
<Paragraphe>Employeur</Paragraphe>
</Item>
<Item>
<Paragraphe>Partenaire Pôle emploi dans la mise en œuvre du service public de l'emploi</Paragraphe>
</Item>
</Liste>
<Paragraphe>Avant de contacter le médiateur, il faut avoir adressé une réclamation auprès du service concerné de Pôle emploi.</Paragraphe>
<OuSAdresser ID="R194" type="Local personnalisé sur SP">
<Titre>Pôle emploi</Titre>
<PivotLocal>pole_emploi</PivotLocal>
<RessourceWeb URL="https://www.pole-emploi.fr/annuaire/"/>
<Source ID="R30668">Pôle emploi</Source>
</OuSAdresser>
<Paragraphe>Si la réponse du service ne règle pas le différend, le médiateur peut être saisi.</Paragraphe>
<BlocCas affichage="onglet"><Cas>
<Titre>
<Paragraphe>Par courrier électronique</Paragraphe>
</Titre><Paragraphe>La demande doit décrire l'objet du litige et présenter les justificatifs nécessaires.</Paragraphe>
<Paragraphe>Le demandeur peut contacter le médiateur de sa région ou le médiateur national.</Paragraphe>
<OuSAdresser ID="R16414" type="Centre de contact">
<Titre>Médiateur national de Pôle emploi</Titre>
<Texte>
						<Chapitre>
<Titre>
<Paragraphe>Par messagerie</Paragraphe>
</Titre>
								<Paragraphe>mediateur.national@pole-emploi.fr</Paragraphe>
							</Chapitre>
						<Chapitre>
<Titre>
<Paragraphe>Par courrier</Paragraphe>
</Titre>
								<Paragraphe>Médiateur national Pôle emploi</Paragraphe>
								<Paragraphe>Direction générale
		
			</Paragraphe>
								<Paragraphe>
		
			1 avenue du Docteur Gley</Paragraphe>
								<Paragraphe>75987 Paris Cedex 20</Paragraphe>
							</Chapitre>
					</Texte>
</OuSAdresser>
<OuSAdresser ID="R44519" type="Local">
<Titre>Médiateur régional de Pôle emploi</Titre>
<RessourceWeb URL="http://www.pole-emploi.fr/candidat/le-mediateur-de-pole-emploi-@/article.jspz?id=60586"/>
<Source ID="R30668">Pôle emploi</Source>
</OuSAdresser>

</Cas>
<Cas>
<Titre>
<Paragraphe>Par courrier</Paragraphe>
</Titre><Paragraphe>La demande doit décrire l'objet du litige et présenter les justificatifs nécessaires.</Paragraphe>
<Paragraphe>Le demandeur peut contacter le médiateur de sa région ou le médiateur national.</Paragraphe>
<OuSAdresser ID="R16414" type="Centre de contact">
<Titre>Médiateur national de Pôle emploi</Titre>
<Texte>
						<Chapitre>
<Titre>
<Paragraphe>Par messagerie</Paragraphe>
</Titre>
								<Paragraphe>mediateur.national@pole-emploi.fr</Paragraphe>
							</Chapitre>
						<Chapitre>
<Titre>
<Paragraphe>Par courrier</Paragraphe>
</Titre>
								<Paragraphe>Médiateur national Pôle emploi</Paragraphe>
								<Paragraphe>Direction générale
		
			</Paragraphe>
								<Paragraphe>
		
			1 avenue du Docteur Gley</Paragraphe>
								<Paragraphe>75987 Paris Cedex 20</Paragraphe>
							</Chapitre>
					</Texte>
</OuSAdresser>
<OuSAdresser ID="R44519" type="Local">
<Titre>Médiateur régional de Pôle emploi</Titre>
<RessourceWeb URL="http://www.pole-emploi.fr/candidat/le-mediateur-de-pole-emploi-@/article.jspz?id=60586"/>
<Source ID="R30668">Pôle emploi</Source>
</OuSAdresser>

</Cas>
</BlocCas>
<Attention>
<Titre>Attention</Titre><Paragraphe>la réclamation auprès du médiateur n'interrompt pas les délais de recours devant les tribunaux.</Paragraphe>
</Attention><Paragraphe>Le médiateur  examine la demande de l'usager et peut formuler une recommandation auprès du service Pôle emploi concerné. Le demandeur n'a pas connaissance de la recommandation.</Paragraphe>
<Paragraphe> Si la réclamation est irrecevable ou ne peut pas aboutir favorablement, le médiateur présente les motifs au demandeur.</Paragraphe>

</Texte><Reference type="Texte de référence" URL="http://www.legifrance.gouv.fr/affichCode.do?idSectionTA=LEGISCTA000018767057&amp;cidTexte=LEGITEXT000006072050" ID="R35571">
<Titre>Code du travail : articles L5312-1 à L5312-14</Titre>
<Complement>Placement et accompagnement des demandeurs d'emploi</Complement>
</Reference>
</Publication>
