<?xml version="1.0" encoding="UTF-8"?><Publication xmlns:dc="http://purl.org/dc/elements/1.1/" xmlns:xsi="http://www.w3.org/2001/XMLSchema-instance" ID="F2827" type="Fiche Question-réponse" xsi:noNamespaceSchemaLocation="../Schemas/3.0/Publication.xsd">
<dc:title>Quels véhicules peut-on conduire avec le permis B ?</dc:title>
<dc:creator>Direction de l'information légale et administrative</dc:creator>
<dc:subject>Transports</dc:subject>
<dc:description>Le permis B permet de conduire une voiture ou une camionnette. Il permet aussi de conduire, sous conditions, un camping-car, une moto légère (scooter, moto 125) ou un tracteur.</dc:description>
<dc:publisher>Direction de l'information légale et administrative</dc:publisher>
<dc:contributor>Direction de l'information légale et administrative (Premier ministre), Ministère chargé de l'intérieur</dc:contributor>
<dc:date>modified 2020-07-23</dc:date>
<dc:type>Question-réponse</dc:type>
<dc:format>text/xml</dc:format>
<dc:identifier>F2827</dc:identifier>
<dc:source>https://www.legifrance.gouv.fr/codes/id/LEGISCTA000031008682, https://www.legifrance.gouv.fr/affichCode.do?idSectionTA=LEGISCTA000032465124&amp;cidTexte=LEGITEXT000006074228, https://www.legifrance.gouv.fr/codes/id/LEGISCTA000006159577, http://www.legifrance.gouv.fr/affichTexte.do?cidTexte=JORFTEXT000025803494, http://questions.assemblee-nationale.fr/q15/15-25333QE.htm</dc:source>
<dc:language>Fr</dc:language>
<dc:relation>isPartOf N530</dc:relation>
<dc:coverage>France entière</dc:coverage>
<dc:rights>https://www.service-public.fr/a-propos/mentions-legales</dc:rights>
<SurTitre>Question-réponse</SurTitre>
<Audience>Particuliers</Audience>
<Canal>www.service-public.fr</Canal>
<Cible>Automobiliste</Cible>
<FilDAriane>
<Niveau ID="Particuliers">Accueil particuliers</Niveau>
<Niveau ID="N19812">Transports</Niveau>
<Niveau ID="N530">Permis de conduire</Niveau>
<Niveau ID="F2827" type="Fiche Question-réponse">Quels véhicules peut-on conduire avec le permis B ?</Niveau>
</FilDAriane>
<Theme ID="N19812">
<Titre>Transports</Titre>
</Theme><DossierPere ID="N530">
<Titre>Permis de conduire</Titre><SousDossier ID="N530-1">
<Titre>Attestation et brevet de sécurité routière</Titre>
<Fiche ID="F16511">Attestation de sécurité routière (ASR)</Fiche>
<Fiche ID="F16548">Attestation scolaire de sécurité routière (ASSR)</Fiche>
<Fiche ID="F2890">Brevet de sécurité routière (BSR), catégorie AM du permis de conduire</Fiche>
</SousDossier>
<SousDossier ID="N530-2">
<Titre>Permis moto</Titre>
<Fiche ID="F2832">Permis A1 (permis 125 cm3)</Fiche>
<Fiche ID="F31083">Permis A2 (- de 35 kw)</Fiche>
<Fiche ID="F2830">Permis A (+ de 35 kw)</Fiche>
</SousDossier>
<SousDossier ID="N530-3">
<Titre>Permis B (voiture ou quadricycle lourd)</Titre>
<Fiche ID="F2826">Apprentissage anticipé (à partir de 15 ans)</Fiche>
<Fiche ID="F10036">Conduite encadrée (16 à 18 ans)</Fiche>
<Fiche ID="F21012">Conduite supervisée (18 ans ou plus)</Fiche>
<Fiche ID="F2825">Permis B en candidat libre</Fiche>
<Fiche ID="F2828">Permis B : voiture ou camionnette</Fiche>
<Fiche ID="F2833">Permis B1 : quadricycle lourd à moteur</Fiche>
<Fiche ID="F2845">Permis BE : voiture + remorque de plus de 750 kg</Fiche>
</SousDossier>
<SousDossier ID="N530-4">
<Titre>Permis pour le transport de marchandises et de personnes</Titre>
<Fiche ID="F2843">Permis C (+ de 7,5 t)</Fiche>
<Fiche ID="F2846">Permis CE (+ de 7,5 t avec remorque)</Fiche>
<Fiche ID="F31121">Permis C1 (entre 3,5 t et 7,5 t)</Fiche>
<Fiche ID="F31124">Permis C1E (entre 3,5 t et 7,5 t avec remorque)</Fiche>
<Fiche ID="F2844">Permis D (transport + de 8 passagers)</Fiche>
<Fiche ID="F2848">Permis DE (transport + 8 passagers avec remorque)</Fiche>
<Fiche ID="F31128">Permis D1 (transport de 16 passagers maximum)</Fiche>
<Fiche ID="F31129">Permis D1E (transport de 16 passagers maximum avec remorque)</Fiche>
</SousDossier>
<SousDossier ID="N530-5">
<Titre>Perte, vol ou détérioration du permis de conduire</Titre>
<Fiche ID="F1450">Vol</Fiche>
<Fiche ID="F1727">Perte</Fiche>
<Fiche ID="F20109">Détérioration</Fiche>
</SousDossier>
<SousDossier ID="N530-6">
<Titre>Contrôle médical</Titre>
<Fiche ID="F2727">Après une infraction</Fiche>
<Fiche ID="F2686">Pour raison de santé</Fiche>
<Fiche ID="F1255">Pour un permis professionnel</Fiche>
</SousDossier>
</DossierPere>

<Introduction>
<Texte><Paragraphe>Le permis B permet de conduire une  voiture ou une <LienIntra LienID="R32094" type="Définition de glossaire">camionnette</LienIntra>. Il permet aussi de conduire, sous conditions, un camping-car, une <LienIntra LienID="R51256" type="Définition de glossaire">moto légère</LienIntra> (scooter, moto 125) ou un tracteur.</Paragraphe>
</Texte>
</Introduction>
<Texte><Chapitre>
<Titre>
<Paragraphe>Voiture ou camionnette</Paragraphe>
</Titre><Paragraphe>Le permis B permet de conduire une voiture ou une <LienIntra LienID="R32094" type="Définition de glossaire">camionnette</LienIntra> qui présente les 3 caractéristiques suivantes :</Paragraphe>
<Liste type="puce">
<Item>
<Paragraphe>Affectée au transport de personnes ou de marchandises</Paragraphe>
</Item>
<Item>
<Paragraphe>
<LienIntra LienID="R15487" type="Définition de glossaire">PTAC</LienIntra> inférieur ou égal à 3,5 tonnes</Paragraphe>
</Item>
<Item>
<Paragraphe>9 places assises maximum (conducteur compris)</Paragraphe>
</Item>
</Liste>
<Paragraphe>Il est possible d'atteler :</Paragraphe>
<Liste type="puce">
<Item>
<Paragraphe>une remorque dont le PTAC est inférieur ou égal à 750 kg,</Paragraphe>
</Item>
<Item>
<Paragraphe>ou une remorque dont le PTAC est supérieur à 750 kg si la somme des PTAC (voiture+ remorque) ne dépasse pas 3 500 kg.</Paragraphe>
</Item>
</Liste>

				<Paragraphe>La mention additionnelle <Expression>96</Expression> au permis B est nécessaire lorsque :</Paragraphe>
				<Liste type="puce">
					<Item>
						<Paragraphe>le <LienInterne LienPublication="R45943" type="Sigle">PTAC</LienInterne> de la remorque est supérieur à 750 kg,</Paragraphe>
					</Item>
					<Item>
						<Paragraphe>et que le PTAC de l'ensemble voiture + remorque est supérieur à  3 500 kg et ne dépasse pas 4 250 kg.</Paragraphe>
					</Item>
				</Liste>
			
				<Paragraphe>Pour obtenir cette mention, il faut suivre une formation de 7 heures.</Paragraphe>
				<Paragraphe>La formation comprend une séquence hors circulation (HC) et une séquence en circulation (CIR).</Paragraphe>
				<Paragraphe>La formation est assurée par une auto école ou par une association d'insertion ou de réinsertion sociale ou professionnelle agréée.</Paragraphe>
			
				<Paragraphe>À la fin de cette formation, vous recevez une attestation.</Paragraphe>
				<Paragraphe>Cette attestation  n'autorise pas à conduire. Seul l'ajout de la mention additionnelle 96 sur la catégorie B du permis de conduire vous donne le droit de conduire les véhicules qui relèvent de cette catégorie.</Paragraphe>
				<Paragraphe>C'est l'auto école ou l'association agréée qui fait la demande de cet ajout.</Paragraphe>
			

</Chapitre>
<Chapitre>
<Titre>
<Paragraphe>Camping-car</Paragraphe>
</Titre><BlocCas affichage="radio"><Cas>
<Titre>
<Paragraphe>Camping-car inférieur ou égal à 3,5 tonnes</Paragraphe>
</Titre><Paragraphe>Le permis B permet la conduite d'un  camping-car dont le <LienIntra LienID="R15487" type="Définition de glossaire">PTAC</LienIntra>  est inférieur ou égal à 3,5 tonnes.</Paragraphe>

</Cas>
<Cas>
<Titre>
<Paragraphe>Camping-car de + de 3,5 tonnes</Paragraphe>
</Titre>
<BlocCas affichage="radio"><Cas>
<Titre>
<Paragraphe>Permis B délivré le 20 janvier 1975 ou après</Paragraphe>
</Titre><Paragraphe>Le permis B ne permet pas de conduire un camping-car de plus de 3,5 tonnes. Vous devez passer le <LienInterne LienPublication="F31121" type="Fiche d'information" audience="Particuliers">permis C1</LienInterne>.</Paragraphe>

</Cas>
<Cas>
<Titre>
<Paragraphe>Permis B délivré avant le 20 janvier 1975</Paragraphe>
</Titre><Paragraphe>Le permis B vous permet de conduire un camping-car de plus de 3,5 tonnes.</Paragraphe>
<Paragraphe>Toutefois, cette règle ne s'applique pas dans les 4 cas suivants :</Paragraphe>
<Liste type="puce">
<Item>
<Paragraphe>Votre permis B a été invalidé ou annulé après cette date</Paragraphe>
</Item>
<Item>
<Paragraphe>Vous êtes titulaire d'un permis de conduire français obtenu à la suite de l'échange d'un permis délivré par un autre État (<LienIntra LienID="R41270" type="Définition de glossaire">européen</LienIntra> ou pas) lorsque cet échange a eu lieu après le 20 janvier 1975</Paragraphe>
</Item>
<Item>
<Paragraphe>Vous êtes titulaire d'un permis de conduire obtenu à la suite de la validation d'un diplôme professionnel lorsque cette validation a eu lieu après le 20 janvier 1975</Paragraphe>
</Item>
<Item>
<Paragraphe>Vous êtes titulaire d'un permis de conduire obtenu à la suite  de la conversion d'un brevet militaire de conduire lorsque cette  conversion a eu lieu après le 20 janvier 1975</Paragraphe>
</Item>
</Liste>
<ANoter>
<Titre>À noter</Titre><Paragraphe>si vous conduisez à l'étranger, le  code 79 doit être apposé sur le permis de conduire (code motorhome/autocaravane dont le <LienIntra LienID="R15487" type="Définition de glossaire">PTAC</LienIntra> dépasse 3,5 tonnes).</Paragraphe>
</ANoter>
</Cas>
</BlocCas>
</Cas>
</BlocCas>

</Chapitre>
<Chapitre>
<Titre>
<Paragraphe>2 ou 3 roues (moto, scooter...)</Paragraphe>
</Titre><Paragraphe>Le permis B permet de conduire une  <LienIntra LienID="R51256" type="Définition de glossaire">moto légère</LienIntra> (scooter, moto 125)  sous réserve de remplir <LienInterne LienPublication="F45" type="Fiche Question-réponse" audience="Particuliers">plusieurs conditions (formation, durée du permis B, âge)</LienInterne>.</Paragraphe>

</Chapitre>
<Chapitre>
<Titre>
<Paragraphe>Tracteur</Paragraphe>
</Titre><Paragraphe>Le permis B permet de conduire un véhicule ou un appareil agricole ou forestier dont la vitesse ne dépasse pas 40 km/h, quel que soit le poids de la remorque.</Paragraphe>

</Chapitre>
</Texte><VoirAussi important="non">
<Fiche ID="F2686" audience="Particuliers">
<Titre>Permis de conduire et visite médicale pour raisons de santé</Titre>
<Theme ID="N19812">
<Titre>Transports</Titre>
</Theme>
</Fiche>
</VoirAussi>
<VoirAussi important="oui">
<Fiche ID="F2828" audience="Particuliers">
<Titre>Permis B</Titre>
<Theme ID="N19812">
<Titre>Transports</Titre>
</Theme>
</Fiche>
<Fiche ID="F12096" audience="Particuliers">
<Titre>Quel permis pour quelle catégorie de véhicules ?</Titre>
<Theme ID="N19812">
<Titre>Transports</Titre>
</Theme>
</Fiche>
<Fiche ID="F45" audience="Particuliers">
<Titre>Peut-on conduire un scooter 3 roues ou une moto 125 avec le permis B ?</Titre>
<Theme ID="N19812">
<Titre>Transports</Titre>
</Theme>
</Fiche>
</VoirAussi>
<Reference type="Texte de référence" URL="https://www.legifrance.gouv.fr/codes/id/LEGISCTA000031008682" ID="R11582">
<Titre>Code de la route : articles L221-1 A à L221-10</Titre>
<Complement>Catégories du permis de conduire</Complement>
</Reference>
<Reference type="Texte de référence" URL="https://www.legifrance.gouv.fr/affichCode.do?idSectionTA=LEGISCTA000032465124&amp;cidTexte=LEGITEXT000006074228" ID="R913">
<Titre>Code de la route : articles R221-4 à R221-8</Titre>
<Complement>Catégories de permis de conduire</Complement>
</Reference>
<Reference type="Texte de référence" URL="https://www.legifrance.gouv.fr/codes/id/LEGISCTA000006159577" ID="R35833">
<Titre>Code de la route : articles R311-1 à D311-4</Titre>
<Complement>Définition des catégories de véhicules</Complement>
</Reference>
<Reference type="Texte de référence" URL="http://www.legifrance.gouv.fr/affichTexte.do?cidTexte=JORFTEXT000025803494" ID="R31125">
<Titre>Arrêté du 20 avril 2012 fixant les conditions d'établissement, de délivrance et de validité du permis de conduire</Titre>
</Reference>
<Reference type="Texte de référence" URL="http://questions.assemblee-nationale.fr/q15/15-25333QE.htm" ID="R57365">
<Titre>Réponse ministérielle du 15 septembre 2020 relative aux règles de conduite des matériels agricoles</Titre>
</Reference>
<Definition ID="R41270">
<Titre>Union européenne (UE)</Titre>
<Texte>
				<Paragraphe>Allemagne, Autriche, Belgique, Bulgarie, Chypre, Croatie, Danemark, Espagne, Estonie, Finlande, France, Grèce, Hongrie, Irlande, Italie, Lituanie, Lettonie, Luxembourg, Malte, Pays-Bas, Pologne, Portugal, République tchèque, Roumanie, Slovaquie, Slovénie, Suède. Attention : le Royaume-Uni a quitté  l'UE, mais le droit européen s'applique encore aux britanniques jusqu'au 31 décembre 2020.</Paragraphe>
			</Texte>
</Definition>
<Definition ID="R51256">
<Titre>Motocyclette légère</Titre>
<Texte>
				<Paragraphe>Véhicule à 2 roues (moto, scooter) équipé d'un moteur d'une cylindrée ne dépassant pas   125 cm³ et dont la puissance ne dépasse pas 11 kilowatts (15 chevaux).</Paragraphe>
			</Texte><Reference type="Texte de référence" URL="https://www.legifrance.gouv.fr/codes/id/LEGISCTA000006159577" ID="R35833">
<Titre>Code de la route : articles R311-1 à D311-4</Titre>
</Reference>
</Definition>
<Definition ID="R32094">
<Titre>Camionnette (catégorie N1)</Titre>
<Texte>
				<Paragraphe>Véhicule utilitaire léger de moins de 3,5 tonnes conçu et construit pour le transport de marchandises.  Le certificat d'immatriculation du véhicule indique le genre CTTE.</Paragraphe>
			</Texte><Reference type="Texte de référence" URL="https://www.legifrance.gouv.fr/loda/id/JORFTEXT000020237165" ID="R20050">
<Titre>Arrêté du 9 février 2009 relatif aux modalités d'immatriculation des véhicules</Titre>
</Reference>
</Definition>
<Definition ID="R15487">
<Titre>PTAC</Titre>
<Texte>
				<Paragraphe>Poids total en charge du véhicule : poids maximal autorisé, c'est-à-dire poids du véhicule et de ce qu’il transporte (personnes, marchandises, etc.)</Paragraphe>
			</Texte>
</Definition>
<Abreviation ID="R45943" type="Sigle">
<Titre>PTAC</Titre>
<Texte>
<Paragraphe>Poids total autorisé en charge</Paragraphe>
</Texte>
</Abreviation>
<QuestionReponse ID="F17698" audience="Particuliers">Contrôle routier : quelles sanctions en cas de conduite sans permis ?</QuestionReponse>
<QuestionReponse ID="F20028" audience="Particuliers">Comment faire ajouter une nouvelle catégorie sur son permis de conduire ?</QuestionReponse>
<QuestionReponse ID="F32927" audience="Particuliers">Que signifient les codes ajoutés sur le permis B ?</QuestionReponse>
<QuestionReponse ID="F2390" audience="Particuliers">Qu'est-ce que le permis probatoire ?</QuestionReponse>
<QuestionReponse ID="F12096" audience="Particuliers">Quel permis pour quelle catégorie de véhicules ?</QuestionReponse>
<QuestionReponse ID="F45" audience="Particuliers">Peut-on conduire un scooter 3 roues ou une moto 125 avec le permis B ?</QuestionReponse>
<QuestionReponse ID="F13609" audience="Particuliers">Comment payer le permis de conduire : permis à un euro, apprenti, chômeur... ?</QuestionReponse>
<QuestionReponse ID="F31901" audience="Particuliers">Conduite accompagnée  : quelle formule choisir ?</QuestionReponse>
<QuestionReponse ID="F20634" audience="Particuliers">Conduire une mini-moto, un quad, une moto cross : quelles sont les règles ?</QuestionReponse>
<QuestionReponse ID="F31133" audience="Particuliers">Quelle est la durée de validité d'un permis de conduire ?</QuestionReponse>

</Publication>
