<?xml version="1.0" encoding="UTF-8"?><Publication xmlns:dc="http://purl.org/dc/elements/1.1/" xmlns:xsi="http://www.w3.org/2001/XMLSchema-instance" ID="F2826" type="Fiche d'information" xsi:noNamespaceSchemaLocation="../Schemas/3.0/Publication.xsd">
<dc:title>Permis de conduire : apprentissage anticipé (AAC) à partir de 15 ans</dc:title>
<dc:creator>Direction de l'information légale et administrative</dc:creator>
<dc:subject>Transports</dc:subject>
<dc:description>L'apprentissage anticipé de la conduite (AAC) est possible dès l'âge de 15 ans. Il concerne la catégorie B du permis de conduire. L'apprentissage comporte une 1^ère phase de formation initiale, dispensée par l'auto-école, et une 2^nde phase de conduite accompagnée d'au moins 1 an. À l'issue de cette période, vous pouvez vous présenter dès l'âge de 17 ans aux épreuves pratiques du permis de conduire.</dc:description>
<dc:publisher>Direction de l'information légale et administrative</dc:publisher>
<dc:contributor>Direction de l'information légale et administrative (Premier ministre)</dc:contributor>
<dc:date>modified 2020-06-01</dc:date>
<dc:type>Fiche pratique</dc:type>
<dc:format>text/xml</dc:format>
<dc:identifier>F2826</dc:identifier>
<dc:source>https://www.legifrance.gouv.fr/codes/id/LEGISCTA000006177075, http://www.legifrance.gouv.fr/affichTexte.do?cidTexte=JORFTEXT000025803494, http://www.legifrance.gouv.fr/affichTexte.do?cidTexte=JORFTEXT000021560658, http://www.legifrance.gouv.fr/affichTexte.do?cidTexte=JORFTEXT000027899735</dc:source>
<dc:language>Fr</dc:language>
<dc:relation>isPartOf N530</dc:relation>
<dc:coverage>France entière</dc:coverage>
<dc:rights>https://www.service-public.fr/a-propos/mentions-legales</dc:rights>
<SurTitre>Fiche pratique</SurTitre>
<Audience>Particuliers</Audience>
<Canal>www.service-public.fr</Canal>
<FilDAriane>
<Niveau ID="Particuliers">Accueil particuliers</Niveau>
<Niveau ID="N19812">Transports</Niveau>
<Niveau ID="N530">Permis de conduire</Niveau>
<Niveau ID="F2826" type="Fiche d'information">Permis de conduire : apprentissage anticipé (AAC) à partir de 15 ans</Niveau>
</FilDAriane>
<Theme ID="N19812">
<Titre>Transports</Titre>
</Theme><DossierPere ID="N530">
<Titre>Permis de conduire</Titre><SousDossier ID="N530-1">
<Titre>Attestation et brevet de sécurité routière</Titre>
<Fiche ID="F16511">Attestation de sécurité routière (ASR)</Fiche>
<Fiche ID="F16548">Attestation scolaire de sécurité routière (ASSR)</Fiche>
<Fiche ID="F2890">Brevet de sécurité routière (BSR), catégorie AM du permis de conduire</Fiche>
</SousDossier>
<SousDossier ID="N530-2">
<Titre>Permis moto</Titre>
<Fiche ID="F2832">Permis A1 (permis 125 cm3)</Fiche>
<Fiche ID="F31083">Permis A2 (- de 35 kw)</Fiche>
<Fiche ID="F2830">Permis A (+ de 35 kw)</Fiche>
</SousDossier>
<SousDossier ID="N530-3">
<Titre>Permis B (voiture ou quadricycle lourd)</Titre>
<Fiche ID="F2826">Apprentissage anticipé (à partir de 15 ans)</Fiche>
<Fiche ID="F10036">Conduite encadrée (16 à 18 ans)</Fiche>
<Fiche ID="F21012">Conduite supervisée (18 ans ou plus)</Fiche>
<Fiche ID="F2825">Permis B en candidat libre</Fiche>
<Fiche ID="F2828">Permis B : voiture ou camionnette</Fiche>
<Fiche ID="F2833">Permis B1 : quadricycle lourd à moteur</Fiche>
<Fiche ID="F2845">Permis BE : voiture + remorque de plus de 750 kg</Fiche>
</SousDossier>
<SousDossier ID="N530-4">
<Titre>Permis pour le transport de marchandises et de personnes</Titre>
<Fiche ID="F2843">Permis C (+ de 7,5 t)</Fiche>
<Fiche ID="F2846">Permis CE (+ de 7,5 t avec remorque)</Fiche>
<Fiche ID="F31121">Permis C1 (entre 3,5 t et 7,5 t)</Fiche>
<Fiche ID="F31124">Permis C1E (entre 3,5 t et 7,5 t avec remorque)</Fiche>
<Fiche ID="F2844">Permis D (transport + de 8 passagers)</Fiche>
<Fiche ID="F2848">Permis DE (transport + 8 passagers avec remorque)</Fiche>
<Fiche ID="F31128">Permis D1 (transport de 16 passagers maximum)</Fiche>
<Fiche ID="F31129">Permis D1E (transport de 16 passagers maximum avec remorque)</Fiche>
</SousDossier>
<SousDossier ID="N530-5">
<Titre>Perte, vol ou détérioration du permis de conduire</Titre>
<Fiche ID="F1450">Vol</Fiche>
<Fiche ID="F1727">Perte</Fiche>
<Fiche ID="F20109">Détérioration</Fiche>
</SousDossier>
<SousDossier ID="N530-6">
<Titre>Contrôle médical</Titre>
<Fiche ID="F2727">Après une infraction</Fiche>
<Fiche ID="F2686">Pour raison de santé</Fiche>
<Fiche ID="F1255">Pour un permis professionnel</Fiche>
</SousDossier>
</DossierPere>

<SousDossierPere>Permis B (voiture ou quadricycle lourd)</SousDossierPere><Avertissement ID="R55898" date="2020-11-06">
<Titre>Covid-19/confinement : conséquences pour le permis de conduire</Titre>
<Texte>
				<Paragraphe>Un <LienExterne URL="https://www.legifrance.gouv.fr/jorf/id/JORFTEXT000042475143">décret du 29 octobre 2020</LienExterne>
 interdit tout déplacement de personne hors de son domicile  <LienExterne URL="https://www.gouvernement.fr/info-coronavirus">sauf exceptions</LienExterne>
 et sur <LienInterne LienPublication="R57404" type="Téléservice" audience="Particuliers">attestation</LienInterne> uniquement.</Paragraphe>
				<Paragraphe>Cette mesure s'applique <MiseEnEvidence>du  30 octobre 2020 au 1<Exposant>er</Exposant> décembre 2020 minimum</MiseEnEvidence>.</Paragraphe>
				<Paragraphe>Toutefois, les auto-écoles peuvent accueillir des candidats pour les épreuves du permis de conduire.</Paragraphe>
				<Paragraphe>L'activité des commissions médicales est maintenue.</Paragraphe>
				<Paragraphe>Des réponses aux questions fréquentes sont disponibles sur les sites de <LienExterne URL="https://permisdeconduire.ants.gouv.fr/Questions-frequentes/COVID-19-Je-suis-un-particulier/Reconfinement-consequences-pour-le-permis-de-conduire">l'ANTS</LienExterne>
  et de la <LienExterne URL="https://www.securite-routiere.gouv.fr/covid-19-permis-de-conduire-et-securite-routiere-toutes-les-informations">Sécurité routière</LienExterne>
.</Paragraphe>
			</Texte>
</Avertissement>

<Introduction>
<Texte><Paragraphe>L'apprentissage anticipé de la conduite (AAC) est possible dès l'âge de 15 ans.
Il concerne la catégorie B du permis de conduire.		
			L'apprentissage comporte une 1<Exposant>ère</Exposant> phase de formation initiale, dispensée par l'auto-école, et une 2<Exposant>nde</Exposant> phase de conduite accompagnée d'au moins 1 an. À l'issue de cette période, vous pouvez vous présenter dès l'âge de 17 ans aux épreuves pratiques du permis de conduire.</Paragraphe>
</Texte>
</Introduction>
<Texte><Chapitre>
<Titre>
<Paragraphe>Qui est concerné ?</Paragraphe>
</Titre><Paragraphe>L'élève doit avoir</Paragraphe>
<Liste type="puce">
<Item>
<Paragraphe>au moins 15 ans lors de l'inscription</Paragraphe>
</Item>
<Item>
<Paragraphe>et au moins 17 ans  pour se présenter à l'épreuve pratique du permis de conduire B.</Paragraphe>
</Item>
</Liste>

</Chapitre>
<Chapitre>
<Titre>
<Paragraphe>Comment se déroule l'apprentissage ?</Paragraphe>
</Titre><Paragraphe>L'apprentissage comprend 2 étapes :</Paragraphe>
<Liste type="puce">
<Item>
<Paragraphe>Formation initiale dans une auto-école</Paragraphe>
</Item>
<Item>
<Paragraphe>Conduite accompagnée d'un adulte, avec un suivi pédagogique par l'auto-école</Paragraphe>
</Item>
</Liste>

				<Paragraphe>L'auto-école doit vous proposer un <LienExterne URL="https://www.legifrance.gouv.fr/affichTexte.do?cidTexte=JORFTEXT000041609995">contrat-type de l'enseignement de la conduite</LienExterne>

.</Paragraphe>
				<Paragraphe>Ce contrat précise notamment le programme et le déroulement de la formation, le prix de la formation et  des prestations administratives, les obligations de chacun, les moyens de paiement...</Paragraphe>
			
<Paragraphe>Il vous est remis un livret d'apprentissage qui indique les objectifs de la formation.</Paragraphe>

<SousChapitre>
<Titre>
<Paragraphe>Formation initiale</Paragraphe>
</Titre><Paragraphe>La formation initiale est composée d'une partie théorique et d'une partie pratique.</Paragraphe>

				<Paragraphe>La partie pratique doit  comporter au minimum  20 heures de formation (dont  15 heures sur les voies ouvertes à la circulation, ou au moins 10 heures en cas d'utilisation d'un simulateur  de  conduite).</Paragraphe>
				<Paragraphe>Toutefois, cette règle ne s'applique pas aux candidats suivants :</Paragraphe>
				<Liste type="puce">
					<Item>
						<Paragraphe>Vous êtes déjà titulaire d'une autre catégorie du permis, sauf les catégories AM et B1 (la durée de la formation dépend de votre progression dans l'apprentissage)</Paragraphe>
					</Item>
					<Item>
						<Paragraphe>Vous suivez  une formation limitée à la conduite de véhicules équipés d'une boîte de vitesses automatique (formation de 13 heures au minimum, dont  10 heures sur les voies ouvertes à la circulation, ou au moins  7 heures en cas d'utilisation d'un simulateur  de conduite)</Paragraphe>
					</Item>
				</Liste>
				<Paragraphe>À la fin de la formation, si  l'évaluation de vos    compétences acquises est bonne,  vous recevez une attestation de fin de formation initiale (AFFI).</Paragraphe>
			

</SousChapitre>
<SousChapitre>
<Titre>
<Paragraphe>Phase de conduite accompagnée</Paragraphe>
</Titre><Paragraphe>Avant de débuter la phase de conduite accompagnée, vous devez remplir les conditions suivantes :</Paragraphe>
<Liste type="puce">
<Item>
<Paragraphe>Avoir réussi l'épreuve théorique générale du permis de conduire (<Expression>le code</Expression>) ou déjà détenir une catégorie de permis depuis 5 ans au plus</Paragraphe>
</Item>
<Item>
<Paragraphe>Être titulaire de l'attestation de fin de formation initiale</Paragraphe>
</Item>
</Liste>
<Paragraphe>La phase de conduite accompagnée débute par une séquence de conduite  de 2 heures minimum avec au moins un accompagnateur, sur un véhicule de l'auto-école. Il est remis un guide à l'accompagnateur.</Paragraphe>
<Paragraphe>La phase de conduite accompagnée dure au minimum 1 an.</Paragraphe>
<Paragraphe>Vous devez conduire au moins 3 000 km en France (la circulation  à l'étranger est interdite).</Paragraphe>
<Paragraphe>Au cours de cette phase de conduite accompagnée, vous devez respecter les limitations de vitesse suivantes :</Paragraphe>

				<Tableau>
<Titre>Limitations de vitesse</Titre>
<Colonne largeur="57" type="normal"/>
<Colonne largeur="19" type="normal"/>
<Rangée type="header">
						<Cellule>
							<Paragraphe>Type de voie</Paragraphe>
						</Cellule>
						<Cellule>
							<Paragraphe>Vitesse maximum</Paragraphe>
						</Cellule>
					</Rangée>
<Rangée type="normal">
						<Cellule>
							<Paragraphe>Sections d'autoroutes où la vitesse est limitée à 130 km/h</Paragraphe>
						</Cellule>
						<Cellule>
							<Paragraphe>110 km/h</Paragraphe>
						</Cellule>
					</Rangée>
<Rangée type="normal">
						<Cellule>
							<Paragraphe>Autres sections d'autoroutes</Paragraphe>
						</Cellule>
						<Cellule>
							<Paragraphe>100 km/h</Paragraphe>
						</Cellule>
					</Rangée>
<Rangée type="normal">
						<Cellule>
							<Paragraphe>Routes à 2 chaussées séparées par un terre-plein central</Paragraphe>
						</Cellule>
						<Cellule>
							<Paragraphe>100 km/h</Paragraphe>
						</Cellule>
					</Rangée>
<Rangée type="normal">
						<Cellule>
							<Paragraphe>Agglomérations</Paragraphe>
						</Cellule>
						<Cellule>
							<Paragraphe>50 km/h</Paragraphe>
						</Cellule>
					</Rangée>
<Rangée type="normal">
						<Cellule>
							<Paragraphe>Autres routes</Paragraphe>
						</Cellule>
						<Cellule>
							<Paragraphe>80 km/h</Paragraphe>
						</Cellule>
					</Rangée>
</Tableau>
			
<Paragraphe>Vous devez aussi participer à  2 rendez-vous (RV) pédagogiques d'une durée de 3 heures chacun. Ces RV comportent une partie pratique et une partie théorique. La présence d'au moins un des accompagnateurs est obligatoire à chaque RV.</Paragraphe>
<Liste type="puce">
<Item>
<Paragraphe>Le 1<Exposant>er</Exposant> RV est réalisé entre 4 et 6 mois après la date de délivrance de l'attestation de fin de formation initiale.</Paragraphe>
</Item>
<Item>
<Paragraphe>Le 2<Exposant>e</Exposant> RV doit avoir lieu lorsqu'au moins 3 000 km ont été parcourus en conduite accompagnée.</Paragraphe>
</Item>
</Liste>
<Paragraphe>Un 3<Exposant>e</Exposant> RV peut être organisé sur les conseils de l'auto-école ou à votre demande ou à celle d'un accompagnateur.</Paragraphe>
<Paragraphe>Le résultat des évaluations est mentionné sur un livret d'apprentissage.</Paragraphe>

</SousChapitre>
</Chapitre>
<Chapitre ID="T11579">
<Titre>
<Paragraphe>Conditions relatives à l'accompagnateur</Paragraphe>
</Titre><Paragraphe>L'accompagnateur doit remplir toutes les conditions suivantes :</Paragraphe>
<Liste type="puce">
<Item>
<Paragraphe>Être titulaire du permis B depuis au moins 5 ans</Paragraphe>
</Item>
<Item>
<Paragraphe>Avoir obtenu au préalable l'accord de sa compagnie d'assurance (l'assureur peut refuser si l'accompagnateur a commis des infractions graves)</Paragraphe>
</Item>
<Item>
<Paragraphe>Ne pas avoir été sanctionné, dans les 5 années précédentes, par une annulation ou une invalidation du permis de conduire</Paragraphe>
</Item>
</Liste>
<Paragraphe>Il est possible d'avoir plusieurs accompagnateurs, dans ou hors du cadre familial.</Paragraphe>

</Chapitre>
<Chapitre ID="T11578">
<Titre>
<Paragraphe>Identification du véhicule en conduite accompagnée</Paragraphe>
</Titre><ContenuIllustre positionIllustration="gauche">
<Contenu><Paragraphe>Un signe distinctif autocollant ou magnétisé doit être apposé à l'arrière gauche du véhicule (et sur la remorque si nécessaire).</Paragraphe>
</Contenu><Illustration LienPublication="I3217.gif" langue="fr" poids="44.62" format="image/gif" type="Image" redimensionnable="oui">
</Illustration>
</ContenuIllustre>

</Chapitre>
<Chapitre>
<Titre>
<Paragraphe>Passage de l'examen</Paragraphe>
</Titre><Paragraphe>À l'issue de la formation, vous pouvez vous présenter dès l'âge de 17 ans aux épreuves pratiques du permis de conduire. En cas de succès, vous recevez votre certificat d'examen du permis de conduire (CEPC), mais vous ne pouvez conduire seul qu'à partir de 18 ans.</Paragraphe>
<Paragraphe>Le délai de validité de 4 mois du CEPC est décompté à partir de la date de vos 18 ans.</Paragraphe>
<ANoter>
<Titre>À noter</Titre><Paragraphe>la durée du <LienInterne LienPublication="F2390" type="Fiche Question-réponse" audience="Particuliers">permis probatoire</LienInterne> est de 2 ans en cas d'apprentissage anticipé de la conduite (au lieu de 3 ans).</Paragraphe>
</ANoter>
</Chapitre>
</Texte><VoirAussi important="non">
<Fiche ID="F2828" audience="Particuliers">
<Titre>Permis B : voiture ou camionnette</Titre>
<Theme ID="N19812">
<Titre>Transports</Titre>
</Theme>
</Fiche>
<Fiche ID="F2663" audience="Particuliers">
<Titre>Assurance auto : jeune conducteur et surprime</Titre>
<Theme ID="N19803">
<Titre>Argent</Titre>
</Theme>
</Fiche>
</VoirAussi>
<VoirAussi important="oui">
<Fiche ID="F31901" audience="Particuliers">
<Titre>Quelle formule choisir ?</Titre>
<Theme ID="N19812">
<Titre>Transports</Titre>
</Theme>
</Fiche>
<Fiche ID="F10036" audience="Particuliers">
<Titre>Conduite encadrée</Titre>
<Theme ID="N19812">
<Titre>Transports</Titre>
</Theme>
</Fiche>
<Fiche ID="F21012" audience="Particuliers">
<Titre>Conduite supervisée</Titre>
<Theme ID="N19812">
<Titre>Transports</Titre>
</Theme>
</Fiche>
</VoirAussi>
<Reference type="Texte de référence" URL="https://www.legifrance.gouv.fr/codes/id/LEGISCTA000006177075" ID="R916">
<Titre>Code de la route : articles R211-3 à R211-7</Titre>
</Reference>
<Reference type="Texte de référence" URL="http://www.legifrance.gouv.fr/affichTexte.do?cidTexte=JORFTEXT000025803494" ID="R31125">
<Titre>Arrêté du 20 avril 2012 fixant les conditions d'établissement, de délivrance et de validité du permis de conduire</Titre>
</Reference>
<Reference type="Texte de référence" URL="http://www.legifrance.gouv.fr/affichTexte.do?cidTexte=JORFTEXT000021560658" ID="R2373">
<Titre>Arrêté du 22 décembre 2009 relatif à l'apprentissage de la conduite des véhicules à moteur de la catégorie B dans un établissement d'enseignement agrée</Titre>
</Reference>
<Reference type="Texte de référence" URL="http://www.legifrance.gouv.fr/affichTexte.do?cidTexte=JORFTEXT000027899735" ID="R37078">
<Titre>Arrêté du 29 juillet 2013 relatif au livret d'apprentissage de la catégorie B du permis de conduire</Titre>
</Reference>
<QuestionReponse ID="F31901" audience="Particuliers">Conduite accompagnée  : quelle formule choisir ?</QuestionReponse>
<QuestionReponse ID="F2390" audience="Particuliers">Qu'est-ce que le permis probatoire ?</QuestionReponse>
<QuestionReponse ID="F2662" audience="Particuliers">Quelle assurance auto pour la conduite accompagnée ou la conduite supervisée ?</QuestionReponse>





</Publication>
