<?xml version="1.0" encoding="UTF-8"?><Publication xmlns:dc="http://purl.org/dc/elements/1.1/" xmlns:xsi="http://www.w3.org/2001/XMLSchema-instance" ID="F2825" type="Fiche d'information" xsi:noNamespaceSchemaLocation="../Schemas/3.0/Publication.xsd">
<dc:title>Permis de conduire de catégorie B en candidat libre</dc:title>
<dc:creator>Direction de l'information légale et administrative</dc:creator>
<dc:subject>Transports</dc:subject>
<dc:description>Vous pouvez passer le permis B (voiture) en candidat libre, c'est à dire sans être rattaché à une auto-école. Vous devez avoir un numéro d'enregistrement préfectoral harmonisé (NEPH). Pour passer le code, vous devez vous inscrire dans un centre d'examen agréé. Pour passer l'épreuve pratique, vous devez contacter le service compétent localement (préfecture ou DDT ou DDTM). L'apprentissage se déroule sous la surveillance d'un accompagnateur dans un véhicule équipé.</dc:description>
<dc:publisher>Direction de l'information légale et administrative</dc:publisher>
<dc:contributor>Direction de l'information légale et administrative (Premier ministre)</dc:contributor>
<dc:date>modified 2020-07-28</dc:date>
<dc:type>Fiche pratique</dc:type>
<dc:format>text/xml</dc:format>
<dc:identifier>F2825</dc:identifier>
<dc:source>https://www.legifrance.gouv.fr/codes/id/LEGISCTA000006177075, http://legifrance.gouv.fr/affichCode.do?idSectionTA=LEGISCTA000021625008&amp;cidTexte=LEGITEXT000006074228, http://www.legifrance.gouv.fr/affichCode.do?idSectionTA=LEGISCTA000006159569&amp;cidTexte=LEGITEXT000006074228, https://www.legifrance.gouv.fr/codes/id/LEGISCTA000006174247, https://www.legifrance.gouv.fr/affichTexte.do?cidTexte=LEGITEXT000029209290, http://www.legifrance.gouv.fr/affichTexte.do?cidTexte=JORFTEXT000025803494, http://www.legifrance.gouv.fr/affichTexte.do?cidTexte=JORFTEXT000027751629, http://www.legifrance.gouv.fr/affichTexte.do?cidTexte=JORFTEXT000027899735, https://www.legifrance.gouv.fr/affichTexte.do?cidTexte=JORFTEXT000029701643&amp;fastPos=1, https://www.legifrance.gouv.fr/affichTexte.do?cidTexte=JORFTEXT000033736411</dc:source>
<dc:language>Fr</dc:language>
<dc:relation>isPartOf N530</dc:relation>
<dc:coverage>France entière</dc:coverage>
<dc:rights>https://www.service-public.fr/a-propos/mentions-legales</dc:rights>
<SurTitre>Fiche pratique</SurTitre>
<Audience>Particuliers</Audience>
<Canal>www.service-public.fr</Canal>
<FilDAriane>
<Niveau ID="Particuliers">Accueil particuliers</Niveau>
<Niveau ID="N19812">Transports</Niveau>
<Niveau ID="N530">Permis de conduire</Niveau>
<Niveau ID="F2825" type="Fiche d'information">Permis de conduire de catégorie B en candidat libre</Niveau>
</FilDAriane>
<Theme ID="N19812">
<Titre>Transports</Titre>
</Theme><DossierPere ID="N530">
<Titre>Permis de conduire</Titre><SousDossier ID="N530-1">
<Titre>Attestation et brevet de sécurité routière</Titre>
<Fiche ID="F16511">Attestation de sécurité routière (ASR)</Fiche>
<Fiche ID="F16548">Attestation scolaire de sécurité routière (ASSR)</Fiche>
<Fiche ID="F2890">Brevet de sécurité routière (BSR), catégorie AM du permis de conduire</Fiche>
</SousDossier>
<SousDossier ID="N530-2">
<Titre>Permis moto</Titre>
<Fiche ID="F2832">Permis A1 (permis 125 cm3)</Fiche>
<Fiche ID="F31083">Permis A2 (- de 35 kw)</Fiche>
<Fiche ID="F2830">Permis A (+ de 35 kw)</Fiche>
</SousDossier>
<SousDossier ID="N530-3">
<Titre>Permis B (voiture ou quadricycle lourd)</Titre>
<Fiche ID="F2826">Apprentissage anticipé (à partir de 15 ans)</Fiche>
<Fiche ID="F10036">Conduite encadrée (16 à 18 ans)</Fiche>
<Fiche ID="F21012">Conduite supervisée (18 ans ou plus)</Fiche>
<Fiche ID="F2825">Permis B en candidat libre</Fiche>
<Fiche ID="F2828">Permis B : voiture ou camionnette</Fiche>
<Fiche ID="F2833">Permis B1 : quadricycle lourd à moteur</Fiche>
<Fiche ID="F2845">Permis BE : voiture + remorque de plus de 750 kg</Fiche>
</SousDossier>
<SousDossier ID="N530-4">
<Titre>Permis pour le transport de marchandises et de personnes</Titre>
<Fiche ID="F2843">Permis C (+ de 7,5 t)</Fiche>
<Fiche ID="F2846">Permis CE (+ de 7,5 t avec remorque)</Fiche>
<Fiche ID="F31121">Permis C1 (entre 3,5 t et 7,5 t)</Fiche>
<Fiche ID="F31124">Permis C1E (entre 3,5 t et 7,5 t avec remorque)</Fiche>
<Fiche ID="F2844">Permis D (transport + de 8 passagers)</Fiche>
<Fiche ID="F2848">Permis DE (transport + 8 passagers avec remorque)</Fiche>
<Fiche ID="F31128">Permis D1 (transport de 16 passagers maximum)</Fiche>
<Fiche ID="F31129">Permis D1E (transport de 16 passagers maximum avec remorque)</Fiche>
</SousDossier>
<SousDossier ID="N530-5">
<Titre>Perte, vol ou détérioration du permis de conduire</Titre>
<Fiche ID="F1450">Vol</Fiche>
<Fiche ID="F1727">Perte</Fiche>
<Fiche ID="F20109">Détérioration</Fiche>
</SousDossier>
<SousDossier ID="N530-6">
<Titre>Contrôle médical</Titre>
<Fiche ID="F2727">Après une infraction</Fiche>
<Fiche ID="F2686">Pour raison de santé</Fiche>
<Fiche ID="F1255">Pour un permis professionnel</Fiche>
</SousDossier>
</DossierPere>

<SousDossierPere>Permis B (voiture ou quadricycle lourd)</SousDossierPere><Avertissement ID="R55898" date="2020-11-06">
<Titre>Covid-19/confinement : conséquences pour le permis de conduire</Titre>
<Texte>
				<Paragraphe>Un <LienExterne URL="https://www.legifrance.gouv.fr/jorf/id/JORFTEXT000042475143">décret du 29 octobre 2020</LienExterne>
 interdit tout déplacement de personne hors de son domicile  <LienExterne URL="https://www.gouvernement.fr/info-coronavirus">sauf exceptions</LienExterne>
 et sur <LienInterne LienPublication="R57404" type="Téléservice" audience="Particuliers">attestation</LienInterne> uniquement.</Paragraphe>
				<Paragraphe>Cette mesure s'applique <MiseEnEvidence>du  30 octobre 2020 au 1<Exposant>er</Exposant> décembre 2020 minimum</MiseEnEvidence>.</Paragraphe>
				<Paragraphe>Toutefois, les auto-écoles peuvent accueillir des candidats pour les épreuves du permis de conduire.</Paragraphe>
				<Paragraphe>L'activité des commissions médicales est maintenue.</Paragraphe>
				<Paragraphe>Des réponses aux questions fréquentes sont disponibles sur les sites de <LienExterne URL="https://permisdeconduire.ants.gouv.fr/Questions-frequentes/COVID-19-Je-suis-un-particulier/Reconfinement-consequences-pour-le-permis-de-conduire">l'ANTS</LienExterne>
  et de la <LienExterne URL="https://www.securite-routiere.gouv.fr/covid-19-permis-de-conduire-et-securite-routiere-toutes-les-informations">Sécurité routière</LienExterne>
.</Paragraphe>
			</Texte>
</Avertissement>

<Introduction>
<Texte><Paragraphe>Vous pouvez passer le permis B (voiture) en candidat libre, c'est à dire sans être rattaché à une  auto-école. Vous devez avoir un numéro d'enregistrement préfectoral harmonisé (NEPH). Pour passer le code, vous devez vous inscrire dans un centre d'examen agréé. Pour passer l'épreuve pratique, vous devez contacter  le service compétent localement (préfecture ou <LienInterne LienPublication="R50979" type="Sigle">DDT</LienInterne> ou <LienInterne LienPublication="R50980" type="Sigle">DDTM</LienInterne>). L'apprentissage se déroule  sous la surveillance d'un accompagnateur dans un véhicule équipé.</Paragraphe>
</Texte>
</Introduction>
<Texte><Chapitre>
<Titre>
<Paragraphe>Qui peut passer le permis B en candidat libre ?</Paragraphe>
</Titre><SousChapitre>
<Titre>
<Paragraphe>Âge</Paragraphe>
</Titre><Paragraphe>Vous devez avoir au moins 18 ans pour obtenir le permis B.</Paragraphe>
<Paragraphe>Toutefois, vous pouvez vous inscrire à l'examen à partir de l'âge de 16 ans.</Paragraphe>

</SousChapitre>
<SousChapitre>
<Titre>
<Paragraphe>Avoir l'ASSR ou l'ASR</Paragraphe>
</Titre><Paragraphe>Si vous avez moins de 21 ans et que c'est la 1<Exposant>ère</Exposant> catégorie de permis que vous passez, vous devez avoir <LienInterne LienPublication="F16548" type="Fiche d'information" audience="Particuliers">l'attestation scolaire de sécurité routière de 2nd niveau (ASSR2)</LienInterne> ou <LienInterne LienPublication="F16511" type="Fiche d'information" audience="Particuliers">l'attestation de sécurité routière (ASR)</LienInterne>.</Paragraphe>
<Paragraphe>Si vous avez perdu votre attestation, vous pouvez faire une <LienExterne URL="https://permisdeconduire.ants.gouv.fr/en/content/download/9156383/275034983/version/1/file/Declaration_sur_l%27honneur_ASSR2.pdf" format="application/pdf" poids="78.2 KB">déclaration sur l'honneur</LienExterne>

.</Paragraphe>

</SousChapitre>
<SousChapitre>
<Titre>
<Paragraphe>Citoyenneté - Nationalité</Paragraphe>
</Titre><BlocCas affichage="onglet"><Cas>
<Titre>
<Paragraphe>Vous êtes français</Paragraphe>
</Titre>
										<Paragraphe>Si vous avez moins de 25 ans, vous devez être en règle avec les <LienInterne LienPublication="N24" type="Dossier" audience="Particuliers">obligations de recensement</LienInterne>.</Paragraphe>
									
</Cas>
<Cas>
<Titre>
<Paragraphe>Vous êtes européen</Paragraphe>
</Titre>
										<Paragraphe>Si vous avez la nationalité  suisse, andorrane, monégasque ou  d'un État de <LienIntra LienID="R42218" type="Définition de glossaire">l'Espace économique européen (EEE)</LienIntra>, vous  devez avoir vos attaches personnelles et/ou professionnelles depuis au moins 6 mois en France.</Paragraphe>
									
</Cas>
<Cas>
<Titre>
<Paragraphe>Vous êtes étranger</Paragraphe>
</Titre>
										<Paragraphe>Vous devez vivre  en France depuis au moins 6 mois et avoir un titre de séjour valide.</Paragraphe>
									
</Cas>
</BlocCas>


</SousChapitre>
<SousChapitre>
<Titre>
<Paragraphe>État de santé</Paragraphe>
</Titre><Paragraphe>Si vous avez un problème de santé, vous devez passer un <LienInterne LienPublication="F2686" type="Fiche d'information" audience="Particuliers">contrôle médical</LienInterne> devant un médecin agréé avant de demander le permis de conduire.</Paragraphe>

</SousChapitre>
<SousChapitre>
<Titre>
<Paragraphe>Livret d'apprentissage</Paragraphe>
</Titre><Paragraphe>Vous devez avoir un <LienExterne URL="https://www.legifrance.gouv.fr/affichTexte.do?cidTexte=JORFTEXT000027899735">livret d'apprentissage</LienExterne>

 en version papier ou numérique.</Paragraphe>
<Paragraphe>Lors de l'apprentissage pratique de la conduite, vous devez avoir ce livret d'apprentissage avec vous dans le véhicule. </Paragraphe>
<Paragraphe>Vous pouvez vous procurer un livret d'apprentissage auprès d'une école de conduite.</Paragraphe>

</SousChapitre>
</Chapitre>
<Chapitre>
<Titre>
<Paragraphe>Comment s'inscrire (numéro NEPH) ?</Paragraphe>
</Titre><Paragraphe>Pour passer le permis de conduire, vous avez besoin d'un numéro de dossier de permis, le numéro d'enregistrement préfectoral harmonisé ou NEPH.</Paragraphe>
<Paragraphe>La demande se fait en ligne sur le site de <LienInterne LienPublication="R50821" type="Sigle">ANTS</LienInterne>.</Paragraphe>
<Paragraphe>Vous avez besoin des documents suivants en version numérisée :</Paragraphe>
<Liste type="puce">
<Item>
<Paragraphe>
<LienInterne LienPublication="F31057" type="Fiche Question-réponse" audience="Particuliers">Justificatif d'identité</LienInterne>
</Paragraphe>
</Item>
<Item>
<Paragraphe>
<LienInterne LienPublication="F31847" type="Fiche Question-réponse" audience="Particuliers">Justificatif de domicile</LienInterne>
</Paragraphe>
</Item>
<Item>
<Paragraphe>1 <LienInterne LienPublication="F10619" type="Fiche Question-réponse" audience="Particuliers">photo d'identité</LienInterne> ou 1 <LienExterne URL="https://permisdeconduire.ants.gouv.fr/Services-associes/Ou-faire-votre-photo-et-votre-signature-numerisee">photo-signature numérique</LienExterne>

</Paragraphe>
</Item>
<Item>
<Paragraphe>Si nécessaire, avis médical (formulaire <LienInterne LienPublication="R14006" type="Formulaire" audience="Particuliers">cerfa n°14880</LienInterne>)</Paragraphe>
</Item>
</Liste><ServiceEnLigne ID="R49186" URL="https://permisdeconduire.ants.gouv.fr/Services-associes/Effectuer-une-demande-de-permis-de-conduire" type="Téléservice">
<Titre>Inscription en ligne au permis de conduire pour avoir un numéro NEPH</Titre>
<Source ID="R30628">Agence nationale des titres sécurisés (ANTS)</Source>
</ServiceEnLigne>

<Liste type="puce"><Item>
			
			
			
				<Paragraphe>Si vous êtes français et âgé de moins de 25 ans, copie du certificat individuel de participation à la <LienInterne LienPublication="F2871" type="Fiche Question-réponse" audience="Particuliers">journée défense et citoyenneté (JDC)</LienInterne> ou attestation provisoire en instance de convocation à la JDC ou attestation individuelle d'exemption</Paragraphe>
				<Paragraphe>Si vous déposez votre demande de permis de conduire <MiseEnEvidence>entre le 12 mars 2020 et le 31 janvier 2021</MiseEnEvidence>, les pièces suivantes sont aussi acceptées : attestation provisoire de situation vis à vis du service national délivrée par les autorités militaires ou toute attestation à finalité similaire, <LienInterne LienPublication="R56609" type="Modèle de document" audience="Particuliers">déclaration sur l'honneur</LienInterne> à compléter par vous-même.</Paragraphe>
			
		</Item>
</Liste>
<Liste type="puce"><Item>
			
			
				<Paragraphe>Si vous êtes étranger, justificatif de régularité du séjour ou, si vous êtes dispensé d'un titre de séjour, preuve de votre présence en France depuis au moins 6 mois (feuille de paie, quittance de loyer, etc.)</Paragraphe>
			
		</Item>
</Liste>
</Chapitre>
<Chapitre>
<Titre>
<Paragraphe>Code (épreuve théorique)</Paragraphe>
</Titre><Paragraphe>Pour <LienInterne LienPublication="F33694" type="Fiche Question-réponse" audience="Particuliers">passer le code en candidat libre</LienInterne>, vous devez vous inscrire dans un centre d'examen agréé.</Paragraphe>
<Paragraphe>Si vous avez obtenu un permis d'une autre catégorie il y a moins de 5 ans, vous n'avez pas besoin de passer le code</Paragraphe>

</Chapitre>
<Chapitre>
<Titre>
<Paragraphe>Apprentissage de la conduite </Paragraphe>
</Titre><SousChapitre>
<Titre>
<Paragraphe>Obligations de l'accompagnateur</Paragraphe>
</Titre><Paragraphe>L'apprenti conducteur doit être sous la surveillance constante et directe d'un accompagnateur durant son apprentissage de la conduite.</Paragraphe>
<Paragraphe>L' accompagnateur doit remplir les conditions suivantes :</Paragraphe>
<Liste type="puce">
<Item>
<Paragraphe>Avoir le permis B depuis au moins 5 ans</Paragraphe>
</Item>
<Item>
<Paragraphe>Ne pas avoir été sanctionné, dans les 5 années précédentes, par une annulation ou une invalidation du permis de conduire</Paragraphe>
</Item>
<Item>
<Paragraphe>Ne pas être rémunéré pour cette tâche</Paragraphe>
</Item>
<Item>
<Paragraphe>Signer la <LienExterne URL="https://www.legifrance.gouv.fr/jo_pdf.do?id=JORFTEXT000036251681">charte de l'accompagnateur</LienExterne>

</Paragraphe>
</Item>
<Item>
<Paragraphe>Veiller à ce que l'apprenti conducteur respecte les règles de sécurité, en particulier les limitations de vitesse</Paragraphe>
</Item>
</Liste>

</SousChapitre>
<SousChapitre>
<Titre>
<Paragraphe>Véhicule d'apprentissage</Paragraphe>
</Titre><Paragraphe>Le véhicule doit être <LienInterne LienPublication="F2628" type="Fiche d'information" audience="Particuliers">assuré</LienInterne>.</Paragraphe>
<Paragraphe>Le  véhicule doit être signalé avec la mention <Expression>Apprentissage</Expression> par une inscription placée à l'avant et à l'arrière du véhicule, ou par un  panneau placé sur le toit. Le panneau doit être perpendiculaire à l'axe longitudinal du véhicule. Les dimensions du panneau doivent être d'au moins de  40 × 12 cm sans dépasser  50 × 15 cm.</Paragraphe>
<Paragraphe>Toute autre indication, notamment publicitaire, est interdite.</Paragraphe>
<Paragraphe>Le véhicule doit avoir les équipements suivants :</Paragraphe>
<Liste type="puce">
<Item>
<Paragraphe>Pour l'apprenti conducteur :  rétroviseur intérieur +  rétroviseur latéral extérieur gauche + rétroviseur latéral extérieur droit</Paragraphe>
</Item>
<Item>
<Paragraphe>Pour l'accompagnateur :  rétroviseur intérieur + rétroviseur ou dispositif de rétrovision équivalent latéral extérieur droit +  dispositifs de double commande</Paragraphe>
</Item>
</Liste>

</SousChapitre>
<SousChapitre>
<Titre>
<Paragraphe>Règles de circulation</Paragraphe>
</Titre><Paragraphe>L'apprenti conducteur doit respecter les règles suivantes :</Paragraphe>
<Liste type="puce">
<Item>
<Paragraphe>Conduire uniquement en France</Paragraphe>
</Item>
<Item>
<Paragraphe>Ne pas  conduire  sur autoroute avant de connaître suffisamment les  règles de circulation et de sécurité routière. L'apprenti conducteur doit être apte à conduire à la vitesse maximale autorisée sans gêner ou surprendre les autres usagers.</Paragraphe>
</Item>
<Item>
<Paragraphe>Ne pas conduire dans les zones  interdites à l'apprentissage de la conduite. Se Renseigner auprès de la mairie pour les connaître.</Paragraphe>
</Item>
<Item>
<Paragraphe>Avoir à bord du véhicule le livret d'apprentissage et l'attestation d'inscription au permis de conduire (à  présenter en cas de contrôle routier).</Paragraphe>
</Item>
</Liste>
<Paragraphe>Aucun volume minimum d'heures de formation n'est exigé.</Paragraphe>
<ASavoir>
<Titre>À savoir</Titre><Paragraphe>en attendant de recevoir la validation de votre demande d'inscription au permis de conduire, vous pouvez présenter le récépissé de dépôt de votre demande. Le récépissé est valable 2 mois.</Paragraphe>
</ASavoir>
</SousChapitre>
</Chapitre>
<Chapitre>
<Titre>
<Paragraphe>Epreuve pratique</Paragraphe>
</Titre><SousChapitre>
<Titre>
<Paragraphe>Inscription à l'épreuve pratique</Paragraphe>
</Titre><BlocCas affichage="onglet"><Cas>
<Titre>
<Paragraphe>Cas général</Paragraphe>
</Titre><Paragraphe>Vous devez contacter le service chargé localement de l'organisation de l'épreuve pratique de l'examen : direction départementale interministérielle (bureau de l'éducation routière) ou préfecture.</Paragraphe>
<Paragraphe>Vous devez vous inscrire  dans votre département de résidence.</Paragraphe>
<OuSAdresser ID="R2" type="Local personnalisé sur SP">
<Titre>Préfecture</Titre>
<PivotLocal>prefecture</PivotLocal>
<RessourceWeb URL="http://www.interieur.gouv.fr/Le-ministere/Prefectures"/>
<Source ID="R30603">Ministère chargé de l'intérieur</Source>
</OuSAdresser>
<OuSAdresser ID="R16" type="Local personnalisé sur SP">
<Titre>Direction départementale en charge des territoires (DDT ou DDTM)</Titre>
<PivotLocal>ddt</PivotLocal>
<RessourceWeb URL="https://umap.openstreetmap.fr/fr/map/les-services-deconcentres-du-ministere-de-la-trans_121720#7/48.118/-1.714"/>
</OuSAdresser>

</Cas>
<Cas>
<Titre>
<Paragraphe>En Île-de-France</Paragraphe>
</Titre><Paragraphe>Vous pouvez réserver en ligne une place d'examen pratique du permis de conduire.</Paragraphe><ServiceEnLigne ID="R55722" URL="https://beta.interieur.gouv.fr/candilib" type="Téléservice">
<Titre>Permis de conduire en candidat libre : réserver en ligne une place d'examen pratique</Titre>
<Source ID="R30603">Ministère chargé de l'intérieur</Source>
</ServiceEnLigne>


</Cas>
<Cas>
<Titre>
<Paragraphe>Dans le Rhône (69)</Paragraphe>
</Titre><Paragraphe>Vous pouvez réserver en ligne une place d'examen pratique du permis de conduire.</Paragraphe><ServiceEnLigne ID="R55722" URL="https://beta.interieur.gouv.fr/candilib" type="Téléservice">
<Titre>Permis de conduire en candidat libre : réserver en ligne une place d'examen pratique</Titre>
<Source ID="R30603">Ministère chargé de l'intérieur</Source>
</ServiceEnLigne>


</Cas>
<Cas>
<Titre>
<Paragraphe>En Isère (38)</Paragraphe>
</Titre><Paragraphe>Vous pouvez réserver en ligne une place d'examen pratique du permis de conduire.</Paragraphe><ServiceEnLigne ID="R55722" URL="https://beta.interieur.gouv.fr/candilib" type="Téléservice">
<Titre>Permis de conduire en candidat libre : réserver en ligne une place d'examen pratique</Titre>
<Source ID="R30603">Ministère chargé de l'intérieur</Source>
</ServiceEnLigne>


</Cas>
</BlocCas>

</SousChapitre>
<SousChapitre>
<Titre>
<Paragraphe>Examen</Paragraphe>
</Titre>
				<Paragraphe>Un test de vue peut être réalisé. En cas de test non concluant, l'examinateur le signale au service chargé localement des examens du permis de conduire : <LienInterne LienPublication="R50979" type="Sigle">DDT</LienInterne>, <LienInterne LienPublication="R50980" type="Sigle">DDTM</LienInterne> (bureau de l'éducation routière) ou préfecture. Vous devez alors prendre rendez-vous pour passer un <LienInterne LienPublication="F2686" type="Fiche d'information" audience="Particuliers">contrôle médical auprès d'un médecin agréé</LienInterne>.</Paragraphe>
				<Paragraphe>L'épreuve pratique permet d'évaluer les points suivants :</Paragraphe>
				<Liste type="puce">
					<Item>
						<Paragraphe>Respect des dispositions du code de la route</Paragraphe>
					</Item>
					<Item>
						<Paragraphe>Connaissance du véhicule et capacité à déceler les défauts techniques les plus importants</Paragraphe>
					</Item>
					<Item>
						<Paragraphe>Maîtrise des commandes et  manipulation du véhicule</Paragraphe>
					</Item>
					<Item>
						<Paragraphe>Capacité à assurer sa propre sécurité et celles des autres usagers sur tout type de route</Paragraphe>
					</Item>
					<Item>
						<Paragraphe>Capacité à percevoir et anticiper les dangers par la circulation et à agir de façon appropriée</Paragraphe>
					</Item>
					<Item>
						<Paragraphe>Connaissance des notions élémentaires de premiers secours</Paragraphe>
					</Item>
					<Item>
						<Paragraphe>Degré d'autonomie dans la réalisation d'un trajet</Paragraphe>
					</Item>
					<Item>
						<Paragraphe>Capacité à conduire en respectant l'environnement et en adoptant un comportement courtois et prévenant envers les autres usagers</Paragraphe>
					</Item>
				</Liste>
				<Paragraphe>L'épreuve pratique dure 32 minutes.</Paragraphe>
				<Paragraphe>Elle comporte :</Paragraphe>
				<Liste type="puce">
					<Item>
						<Paragraphe>une phase de conduite d'au moins 25 minutes,</Paragraphe>
					</Item>
					<Item>
						<Paragraphe>la réalisation de 2 manœuvres différentes (un freinage pour s'arrêter avec précision et une manœuvre en marche arrière),</Paragraphe>
					</Item>
					<Item>
						<Paragraphe>la vérification d'un élément technique à l'intérieur ou à l'extérieur du véhicule,</Paragraphe>
					</Item>
					<Item>
						<Paragraphe>une question en lien avec la sécurité routière,</Paragraphe>
					</Item>
					<Item>
						<Paragraphe>une question sur les notions élémentaires de premiers secours.</Paragraphe>
					</Item>
				</Liste>
				<Paragraphe>Pour être reçu, vous devez obtenir au moins 20 points et ne pas commettre d'erreur éliminatoire. Par exemple, franchissement d'une ligne continue, circulation à gauche, non respect d'un signal prescrivant l'arrêt.</Paragraphe>
			

</SousChapitre>
</Chapitre>
<Chapitre>
<Titre>
<Paragraphe>Résultat de l'épreuve pratique</Paragraphe>
</Titre>
				<Paragraphe>Après l'épreuve pratique, l'inspecteur ne vous communique pas oralement le résultat.</Paragraphe>
				<Paragraphe>Vous devez consulter les résultats en ligne sur le site de la Sécurité routière 48 heures après l'examen.</Paragraphe>
				<Paragraphe>Si le résultat est favorable, vous pouvez télécharger votre certificat d'examen du permis de conduire (CEPC).</Paragraphe>
				<Paragraphe>Ce certificat, accompagné d'un titre d'identité, sert de permis de conduire  pendant <MiseEnEvidence>4 mois</MiseEnEvidence> à partir du jour de l'examen.</Paragraphe>
				<Paragraphe>En cas de contrôle des forces de l'ordre, vous pouvez présenter le CEPC en version papier ou directement sur un smartphone ou une tablette.</Paragraphe>
				<Paragraphe>Le CEPC ne permet pas de conduire à l'étranger.</Paragraphe>
				<ServiceEnLigne ID="R39502" URL="http://www.securite-routiere.gouv.fr/permis-de-conduire/resultats-du-permis-de-conduire" type="Téléservice">
<Titre>Résultats du permis de conduire</Titre>
<Source ID="R30603">Ministère chargé de l'intérieur</Source>
</ServiceEnLigne>

			<ASavoir>
<Titre>À savoir</Titre>
				<Paragraphe>en cas d'échec à une épreuve du permis de conduire, vous ne pouvez pas vous présenter  à l'épreuve suivante avant un délai de 2 jours (date à date).</Paragraphe>
			</ASavoir>

</Chapitre>
<Chapitre>
<Titre>
<Paragraphe>Demande de permis</Paragraphe>
</Titre><BlocCas affichage="onglet"><Cas>
<Titre>
<Paragraphe>1er permis</Paragraphe>
</Titre><Paragraphe>La demande  se fait en ligne sur le site de l'<LienInterne LienPublication="R50821" type="Sigle">ANTS</LienInterne>.</Paragraphe><ServiceEnLigne ID="R45443" URL="https://permisdeconduire.ants.gouv.fr/" type="Téléservice">
<Titre>Demande en ligne de permis de conduire à la suite de la réussite à un examen</Titre>
<Source ID="R30628">Agence nationale des titres sécurisés (ANTS)</Source>
<Introduction>
<Texte><Paragraphe>Accessible avec <LienIntra LienID="R48788" type="Définition de glossaire">FranceConnect</LienIntra> ou avec vos identifiants  ANTS. Si vous n'en avez pas, il vous est proposé de créer un compte pour avoir un  espace personnel sur le site de l'ANTS.</Paragraphe>
</Texte>
</Introduction>
</ServiceEnLigne>

<Paragraphe>Vous devez fournir les documents suivants en version numérisée :</Paragraphe>
<Liste type="puce">
<Item>
<Paragraphe>
<LienInterne LienPublication="F31057" type="Fiche Question-réponse" audience="Particuliers">Justificatif d'identité</LienInterne>
</Paragraphe>
</Item>
<Item>
<Paragraphe>
<LienInterne LienPublication="F31847" type="Fiche Question-réponse" audience="Particuliers">Justificatif de domicile</LienInterne>
</Paragraphe>
</Item>
<Item>
<Paragraphe>1 <LienInterne LienPublication="F10619" type="Fiche Question-réponse" audience="Particuliers">photo d'identité</LienInterne> ou 1 <LienExterne URL="https://permisdeconduire.ants.gouv.fr/Services-associes/Ou-faire-votre-photo-et-votre-signature-numerisee">photo-signature numérique</LienExterne>

</Paragraphe>
</Item>
<Item>
<Paragraphe>Copie du certificat d'examen du permis de conduire (CEPC),</Paragraphe>
</Item>
<Item>
<Paragraphe>Si vous avez moins de 21 ans, copie de l'<LienInterne LienPublication="R50019" type="Sigle">ASSR</LienInterne> de 2<Exposant>nd</Exposant> niveau ou de l'<LienInterne LienPublication="R50018" type="Sigle">ASR</LienInterne>, ou à défaut (en cas de perte par exemple) <LienExterne URL="https://permisdeconduire.ants.gouv.fr/en/content/download/9156383/275034983/version/1/file/Declaration_sur_l%27honneur_ASSR2.pdf" format="application/pdf" poids="78.2 KB">déclaration sur l'honneur</LienExterne>

</Paragraphe>
</Item>
<Item>
<Paragraphe>Si nécessaire, avis médical (formulaire <LienInterne LienPublication="R14006" type="Formulaire" audience="Particuliers">cerfa n°14880</LienInterne>)</Paragraphe>
</Item>
</Liste>
<Liste type="puce"><Item>
			
			
			
				<Paragraphe>Si vous êtes français et âgé de moins de 25 ans, copie du certificat individuel de participation à la <LienInterne LienPublication="F2871" type="Fiche Question-réponse" audience="Particuliers">journée défense et citoyenneté (JDC)</LienInterne> ou attestation provisoire en instance de convocation à la JDC ou attestation individuelle d'exemption</Paragraphe>
				<Paragraphe>Si vous déposez votre demande de permis de conduire <MiseEnEvidence>entre le 12 mars 2020 et le 31 janvier 2021</MiseEnEvidence>, les pièces suivantes sont aussi acceptées : attestation provisoire de situation vis à vis du service national délivrée par les autorités militaires ou toute attestation à finalité similaire, <LienInterne LienPublication="R56609" type="Modèle de document" audience="Particuliers">déclaration sur l'honneur</LienInterne> à compléter par vous-même.</Paragraphe>
			
		</Item>
</Liste>
<Liste type="puce"><Item>
			
			
				<Paragraphe>Si vous êtes étranger, justificatif de régularité du séjour ou, si vous êtes dispensé d'un titre de séjour, preuve de votre présence en France depuis au moins 6 mois (feuille de paie, quittance de loyer, etc.)</Paragraphe>
			
		</Item>
</Liste>
				<Paragraphe>Pour suivre la production de votre permis, vous pouvez utiliser le téléservice de suivi de la fabrication et de la transmission de votre permis de conduire.</Paragraphe>
				<ServiceEnLigne ID="R36427" URL="https://ants.gouv.fr/monespace/accueil" type="Téléservice">
<Titre>Suivez votre demande de permis de conduire</Titre>
<Source ID="R30628">Agence nationale des titres sécurisés (ANTS)</Source>
<Introduction>
<Texte><Paragraphe>Accessible avec <LienIntra LienID="R48788" type="Définition de glossaire">FranceConnect</LienIntra> ou avec vos identifiants ANTS. Si vous n'en avez pas, il vous est proposé de créer un compte.</Paragraphe>
</Texte>
</Introduction>
</ServiceEnLigne>

				<Paragraphe>L'expédition du permis de conduire se fait par Lettre Expert.</Paragraphe>
				<Paragraphe>Il s'agit d'un envoi sécurisé, avec remise en main propre contre signature.</Paragraphe>
				<Liste type="puce">
					<Item>
						<Paragraphe>L'adresse que vous indiquez lors de la procédure en ligne doit être la plus complète possible (numéro de bâtiment, numéro d'appartement, numéro de boite à lettres, étage, couloir, escalier, "résidant chez",...).</Paragraphe>
					</Item>
					<Item>
						<Paragraphe>Votre boite aux lettres doit présenter le nom et prénom de la personne qui reçoit le courrier.</Paragraphe>
					</Item>
				</Liste>
				<Paragraphe>Si vous êtes absent lors du passage du facteur, vous devez aller à la Poste dans un délai de 15 jours, avec votre avis de passage ou avec le numéro de la Lettre Expert. Passé ce délai, votre permis de conduire est renvoyé à l'<LienInterne LienPublication="R50821" type="Sigle">ANTS</LienInterne>.</Paragraphe>
				<OuSAdresser ID="R33823" type="Centre de contact">
<Titre>Agence nationale des titres sécurisés (ANTS) - Permis de conduire</Titre>
<Source ID="R30628">Agence nationale des titres sécurisés (ANTS)</Source>
<Texte>
						<Chapitre>
<Titre>
<Paragraphe>En ligne</Paragraphe>
</Titre>
								<Paragraphe>
<LienExterne URL="https://permisdeconduire.ants.gouv.fr/">https://permisdeconduire.ants.gouv.fr/</LienExterne>
</Paragraphe>
							</Chapitre>
						<Chapitre>
<Titre>
<Paragraphe>Par messagerie</Paragraphe>
</Titre>
								<Paragraphe> Accès au <LienExterne URL="https://permisdeconduire.ants.gouv.fr/Contacter-l-ANTS">formulaire de contact</LienExterne>
</Paragraphe>
							</Chapitre>
						<Chapitre>
<Titre>
<Paragraphe>Par téléphone</Paragraphe>
</Titre>
								<Paragraphe>
			<MiseEnEvidence>34 00</MiseEnEvidence>
</Paragraphe>
								<Paragraphe>Du lundi au vendredi de 7h45 à 19h et le samedi de 8h à 17h</Paragraphe>
								<Paragraphe>Coût d'un appel local</Paragraphe>
							</Chapitre>
					</Texte>
</OuSAdresser>
			

<ANoter>
<Titre>À noter</Titre><Paragraphe>si c'est votre 1<Exposant>er</Exposant> permis de conduire,  il s'agit d'un <LienInterne LienPublication="F2390" type="Fiche Question-réponse" audience="Particuliers">permis probatoire</LienInterne>. Vous devez apposer le signe "A" à l'arrière de votre véhicule</Paragraphe>
</ANoter>
</Cas>
<Cas>
<Titre>
<Paragraphe>Ajout de la catégorie B à votre permis</Paragraphe>
</Titre><Paragraphe>Si vous avez déjà un permis de conduire (permis moto A, A1 ou A2), vous devez  <LienInterne LienPublication="F20028" type="Fiche Question-réponse" audience="Particuliers">faire ajouter la catégorie B</LienInterne> sur votre permis.</Paragraphe>

</Cas>
</BlocCas>

</Chapitre>
<Chapitre>
<Titre>
<Paragraphe>Prix</Paragraphe>
</Titre><Paragraphe>L'inscription au <LienInterne LienPublication="F33694" type="Fiche Question-réponse" audience="Particuliers">code</LienInterne> coûte  <Valeur>30 €</Valeur>.</Paragraphe>
<Paragraphe>Les tarifs concernant la location d'un véhicule équipé de dispositifs de double commande  sont libres.</Paragraphe>

</Chapitre>
<Chapitre>
<Titre>
<Paragraphe>Validité du permis</Paragraphe>
</Titre><Paragraphe>Le permis de conduire de catégorie B  délivrée depuis septembre 2013 a une validité de 15 ans.</Paragraphe>
<Paragraphe>Cette validité est indiquée sur le document.</Paragraphe>

</Chapitre>
</Texte><VoirAussi important="non">
<Dossier ID="N32" audience="Particuliers">
<Titre>Assurance automobile (véhicule)</Titre>
<Theme ID="N19803">
<Titre>Argent</Titre>
</Theme>
</Dossier>
</VoirAussi>
<VoirAussi important="oui">
<Fiche ID="F2828" audience="Particuliers">
<Titre>Permis B</Titre>
<Theme ID="N19812">
<Titre>Transports</Titre>
</Theme>
</Fiche>
<Fiche ID="F33694" audience="Particuliers">
<Titre>Comment passer le code ?</Titre>
<Theme ID="N19812">
<Titre>Transports</Titre>
</Theme>
</Fiche>
</VoirAussi>
<Reference type="Texte de référence" URL="https://www.legifrance.gouv.fr/codes/id/LEGISCTA000006177075" ID="R916">
<Titre>Code de la route : articles R211-3 à R211-7</Titre>
<Complement>Apprentissage de la conduite</Complement>
</Reference>
<Reference type="Texte de référence" URL="http://legifrance.gouv.fr/affichCode.do?idSectionTA=LEGISCTA000021625008&amp;cidTexte=LEGITEXT000006074228" ID="R39698">
<Titre>Code de la route : articles R213-1 à R213-6</Titre>
</Reference>
<Reference type="Texte de référence" URL="http://www.legifrance.gouv.fr/affichCode.do?idSectionTA=LEGISCTA000006159569&amp;cidTexte=LEGITEXT000006074228" ID="R773">
<Titre>Code de la route : articles R233-1 à R233-3</Titre>
<Complement>Papiers à présenter par l'accompagnateur en cas de contrôle (article R233-1)</Complement>
</Reference>
<Reference type="Texte de référence" URL="https://www.legifrance.gouv.fr/codes/id/LEGISCTA000006174247" ID="R2518">
<Titre>Code des assurances : articles L211-4 à L211-7</Titre>
<Complement>Obligation d'assurance</Complement>
</Reference>
<Reference type="Texte de référence" URL="https://www.legifrance.gouv.fr/affichTexte.do?cidTexte=LEGITEXT000029209290" ID="R17414">
<Titre>Arrêté du 19 février 2010 relatif à l'épreuve pratique de l'examen du permis de conduire B et B1</Titre>
</Reference>
<Reference type="Texte de référence" URL="http://www.legifrance.gouv.fr/affichTexte.do?cidTexte=JORFTEXT000025803494" ID="R31125">
<Titre>Arrêté du 20 avril 2012 fixant les conditions d'établissement, de délivrance et de validité du permis de conduire</Titre>
</Reference>
<Reference type="Texte de référence" URL="http://www.legifrance.gouv.fr/affichTexte.do?cidTexte=JORFTEXT000027751629" ID="R265">
<Titre>Arrêté du 16 juillet 2013 relatif à l'apprentissage de la conduite des véhicules à moteur de la catégorie B du permis de conduire à titre non onéreux</Titre>
</Reference>
<Reference type="Texte de référence" URL="http://www.legifrance.gouv.fr/affichTexte.do?cidTexte=JORFTEXT000027899735" ID="R37078">
<Titre>Arrêté du 29 juillet 2013 relatif au livret d'apprentissage de la catégorie B du permis de conduire</Titre>
</Reference>
<Reference type="Texte de référence" URL="https://www.legifrance.gouv.fr/affichTexte.do?cidTexte=JORFTEXT000029701643&amp;fastPos=1" ID="R56988">
<Titre>Arrêté du 22 octobre 2014 fixant la méthode nationale d'attribution des places d'examen du permis de conduire</Titre>
</Reference>
<Reference type="Texte de référence" URL="https://www.legifrance.gouv.fr/affichTexte.do?cidTexte=JORFTEXT000033736411" ID="R10091">
<Titre>Arrêté du 23 décembre 2016 relatif à la justification de l'identité, du domicile, de la résidence normale et de la régularité du séjour pour l'obtention du permis de conduire</Titre>
</Reference>
<ServiceEnLigne ID="R49186" URL="https://permisdeconduire.ants.gouv.fr/Services-associes/Effectuer-une-demande-de-permis-de-conduire" type="Téléservice">
<Titre>Inscription en ligne au permis de conduire pour avoir un numéro NEPH</Titre>
<Source ID="R30628">Agence nationale des titres sécurisés (ANTS)</Source>
</ServiceEnLigne>
<ServiceEnLigne ID="R45443" URL="https://permisdeconduire.ants.gouv.fr/" type="Téléservice">
<Titre>Demande en ligne de permis de conduire à la suite de la réussite à un examen</Titre>
<Source ID="R30628">Agence nationale des titres sécurisés (ANTS)</Source>
</ServiceEnLigne>
<ServiceEnLigne ID="R14006" URL="https://www.service-public.fr/simulateur/calcul/14880" numerocerfa="14880*02" type="Formulaire">
<Titre>Permis de conduire - Avis médical</Titre>
<Source ID="R30603">Ministère chargé de l'intérieur</Source><NoticeLiee ID="R1449" URL="https://www.formulaires.service-public.fr/gf/getNotice.do?cerfaNotice=51676&amp;cerfaFormulaire=14880" numerocerfa="51676*03" format="application/pdf" poids="51.1 KB">Notice explicative sur le contrôle médical de l'aptitude à la conduite des conducteurs et des candidats au permis de conduire</NoticeLiee>
</ServiceEnLigne>
<ServiceEnLigne ID="R36427" URL="https://ants.gouv.fr/monespace/accueil" type="Téléservice">
<Titre>Suivez votre demande de permis de conduire</Titre>
<Source ID="R30628">Agence nationale des titres sécurisés (ANTS)</Source>
</ServiceEnLigne>
<ServiceEnLigne ID="R55722" URL="https://beta.interieur.gouv.fr/candilib" type="Téléservice">
<Titre>Permis de conduire en candidat libre : réserver en ligne une place d'examen pratique</Titre>
<Source ID="R30603">Ministère chargé de l'intérieur</Source>
</ServiceEnLigne>
<PourEnSavoirPlus type="Information pratique" ID="R54219" URL="https://www.legifrance.gouv.fr/affichTexte.do?cidTexte=JORFTEXT000027899735" audience="Particuliers">
<Titre>Livret d'apprentissage de la catégorie B du permis de conduire</Titre>
<Source ID="R38880">Legifrance</Source>
</PourEnSavoirPlus>
<PourEnSavoirPlus type="Information pratique" ID="R49720" URL="https://www.legifrance.gouv.fr/jo_pdf.do?id=JORFTEXT000036251681" audience="Particuliers">
<Titre>Charte de l'accompagnateur d'un candidat libre au permis de conduire</Titre>
<Source ID="R38880">Legifrance</Source>
</PourEnSavoirPlus>
<PourEnSavoirPlus type="Information pratique" ID="R50021" URL="https://permisdeconduire.ants.gouv.fr/en/content/download/9156383/275034983/version/1/file/Declaration_sur_l%27honneur_ASSR2.pdf" audience="Particuliers" format="application/pdf" poids="78.2 KB">
<Titre>Déclaration sur l'honneur pour obtenir un 1er titre de conduite</Titre>
<Source ID="R30628">Agence nationale des titres sécurisés (ANTS)</Source>
</PourEnSavoirPlus>
<Definition ID="R48788">
<Titre>Identification avec FranceConnect</Titre>
<Texte>
				<Paragraphe>Connexion avec l'identifiant et le mot de passe de l'un des comptes suivants :  Impots.gouv,  Ameli,  Iidentitenumerique (laposte), Mobileconnectetmoi.fr,  MSA ou Alicem</Paragraphe>
			</Texte>
</Definition>
<Definition ID="R42218">
<Titre>Espace économique européen (EEE)</Titre>
<Texte>
				<Paragraphe>Allemagne, Autriche, Belgique, Bulgarie, Chypre, Croatie, Danemark, Espagne, Estonie, Finlande, France, Grèce, Hongrie, Irlande, Islande, Italie, Lettonie, Liechtenstein, Lituanie, Luxembourg, Malte, Norvège, Pays-Bas, Pologne, Portugal, République tchèque, Roumanie, Slovaquie, Slovénie, Suède</Paragraphe>
			</Texte>
</Definition>
<Abreviation ID="R50019" type="Sigle">
<Titre>ASSR</Titre>
<Texte>
<Paragraphe>Attestation scolaire de sécurité routière</Paragraphe>
</Texte>
</Abreviation>
<Abreviation ID="R50979" type="Sigle">
<Titre>DDT</Titre>
<Texte>
<Paragraphe>Direction départementale des territoires</Paragraphe>
</Texte>
</Abreviation>
<Abreviation ID="R50018" type="Sigle">
<Titre>ASR</Titre>
<Texte>
<Paragraphe>Attestation de sécurité routière</Paragraphe>
</Texte>
</Abreviation>
<Abreviation ID="R50980" type="Sigle">
<Titre>DDTM</Titre>
<Texte>
<Paragraphe>Direction des territoires et de la mer</Paragraphe>
</Texte>
</Abreviation>
<Abreviation ID="R50821" type="Sigle">
<Titre>ANTS</Titre>
<Texte>
<Paragraphe>Agence nationale des titres sécurisés</Paragraphe>
</Texte>
</Abreviation>
<QuestionReponse ID="F33694" audience="Particuliers">Permis de conduire : comment passer le code (épreuve théorique générale - ETG) ?</QuestionReponse>
<QuestionReponse ID="F12096" audience="Particuliers">Quel permis pour quelle catégorie de véhicules ?</QuestionReponse>
<QuestionReponse ID="F20028" audience="Particuliers">Comment faire ajouter une nouvelle catégorie sur son permis de conduire ?</QuestionReponse>
<QuestionReponse ID="F31057" audience="Particuliers">Demande de permis de conduire : quelle pièce d'identité peut-on présenter ?</QuestionReponse>
<QuestionReponse ID="F12789" audience="Particuliers">À quel âge peut-on conduire un scooter ou une moto ?</QuestionReponse>
<QuestionReponse ID="F20634" audience="Particuliers">Conduire une mini-moto, un quad, une moto cross : quelles sont les règles ?</QuestionReponse>
<QuestionReponse ID="F1464" audience="Particuliers">Quels véhicules peut-on conduire sans permis de conduire ?</QuestionReponse>






</Publication>
