<?xml version="1.0" encoding="UTF-8"?><Publication xmlns:dc="http://purl.org/dc/elements/1.1/" xmlns:xsi="http://www.w3.org/2001/XMLSchema-instance" ID="F2832" type="Fiche d'information" xsi:noNamespaceSchemaLocation="../Schemas/3.0/Publication.xsd">
<dc:title>Permis moto : permis A1 ou permis 125 (moto légère)</dc:title>
<dc:creator>Direction de l'information légale et administrative</dc:creator>
<dc:subject>Transports</dc:subject>
<dc:description>Le permis A1 (dit permis 125) permet de conduire une moto légère ou un 3 roues d'une puissance de 15 kW maximum. Pour passer le permis A1, vous devez avoir au moins 16 ans. Vous pouvez vous inscrire à l'examen via une auto-école ou par vous-même sur le site de l'ANTS. Vous devez réussir le code motocyclette et l'épreuve pratique de conduite. En cas de succès, un certificat est délivré pour pouvoir conduire en attendant de recevoir le permis. Le permis A1 a une durée de validité de 15 ans.</dc:description>
<dc:publisher>Direction de l'information légale et administrative</dc:publisher>
<dc:contributor>Direction de l'information légale et administrative (Premier ministre)</dc:contributor>
<dc:date>modified 2020-10-16</dc:date>
<dc:type>Fiche pratique</dc:type>
<dc:format>text/xml</dc:format>
<dc:identifier>F2832</dc:identifier>
<dc:source>https://www.legifrance.gouv.fr/affichCode.do?idSectionTA=LEGISCTA000032465124&amp;cidTexte=LEGITEXT000006074228, https://www.legifrance.gouv.fr/affichCode.do?idSectionTA=LEGISCTA000032465126&amp;cidTexte=LEGITEXT000006074228, https://www.legifrance.gouv.fr/affichCode.do?idSectionTA=LEGISCTA000026204404&amp;cidTexte=LEGITEXT000006074228, http://www.legifrance.gouv.fr/affichTexte.do?cidTexte=JORFTEXT000023278404, http://www.legifrance.gouv.fr/affichTexte.do?cidTexte=JORFTEXT000025803494, http://www.legifrance.gouv.fr/affichTexte.do?cidTexte=JORFTEXT000025803553, http://www.legifrance.gouv.fr/affichTexte.do?cidTexte=JORFTEXT000027399390</dc:source>
<dc:language>Fr</dc:language>
<dc:relation>isPartOf N530</dc:relation>
<dc:coverage>France entière</dc:coverage>
<dc:rights>https://www.service-public.fr/a-propos/mentions-legales</dc:rights>
<SurTitre>Fiche pratique</SurTitre>
<Audience>Particuliers</Audience>
<Canal>www.service-public.fr</Canal>
<Cible>Automobiliste</Cible>
<FilDAriane>
<Niveau ID="Particuliers">Accueil particuliers</Niveau>
<Niveau ID="N19812">Transports</Niveau>
<Niveau ID="N530">Permis de conduire</Niveau>
<Niveau ID="F2832" type="Fiche d'information">Permis moto : permis A1 ou permis 125 (moto légère)</Niveau>
</FilDAriane>
<Theme ID="N19812">
<Titre>Transports</Titre>
</Theme><DossierPere ID="N530">
<Titre>Permis de conduire</Titre><SousDossier ID="N530-1">
<Titre>Attestation et brevet de sécurité routière</Titre>
<Fiche ID="F16511">Attestation de sécurité routière (ASR)</Fiche>
<Fiche ID="F16548">Attestation scolaire de sécurité routière (ASSR)</Fiche>
<Fiche ID="F2890">Brevet de sécurité routière (BSR), catégorie AM du permis de conduire</Fiche>
</SousDossier>
<SousDossier ID="N530-2">
<Titre>Permis moto</Titre>
<Fiche ID="F2832">Permis A1 (permis 125 cm3)</Fiche>
<Fiche ID="F31083">Permis A2 (- de 35 kw)</Fiche>
<Fiche ID="F2830">Permis A (+ de 35 kw)</Fiche>
</SousDossier>
<SousDossier ID="N530-3">
<Titre>Permis B (voiture ou quadricycle lourd)</Titre>
<Fiche ID="F2826">Apprentissage anticipé (à partir de 15 ans)</Fiche>
<Fiche ID="F10036">Conduite encadrée (16 à 18 ans)</Fiche>
<Fiche ID="F21012">Conduite supervisée (18 ans ou plus)</Fiche>
<Fiche ID="F2825">Permis B en candidat libre</Fiche>
<Fiche ID="F2828">Permis B : voiture ou camionnette</Fiche>
<Fiche ID="F2833">Permis B1 : quadricycle lourd à moteur</Fiche>
<Fiche ID="F2845">Permis BE : voiture + remorque de plus de 750 kg</Fiche>
</SousDossier>
<SousDossier ID="N530-4">
<Titre>Permis pour le transport de marchandises et de personnes</Titre>
<Fiche ID="F2843">Permis C (+ de 7,5 t)</Fiche>
<Fiche ID="F2846">Permis CE (+ de 7,5 t avec remorque)</Fiche>
<Fiche ID="F31121">Permis C1 (entre 3,5 t et 7,5 t)</Fiche>
<Fiche ID="F31124">Permis C1E (entre 3,5 t et 7,5 t avec remorque)</Fiche>
<Fiche ID="F2844">Permis D (transport + de 8 passagers)</Fiche>
<Fiche ID="F2848">Permis DE (transport + 8 passagers avec remorque)</Fiche>
<Fiche ID="F31128">Permis D1 (transport de 16 passagers maximum)</Fiche>
<Fiche ID="F31129">Permis D1E (transport de 16 passagers maximum avec remorque)</Fiche>
</SousDossier>
<SousDossier ID="N530-5">
<Titre>Perte, vol ou détérioration du permis de conduire</Titre>
<Fiche ID="F1450">Vol</Fiche>
<Fiche ID="F1727">Perte</Fiche>
<Fiche ID="F20109">Détérioration</Fiche>
</SousDossier>
<SousDossier ID="N530-6">
<Titre>Contrôle médical</Titre>
<Fiche ID="F2727">Après une infraction</Fiche>
<Fiche ID="F2686">Pour raison de santé</Fiche>
<Fiche ID="F1255">Pour un permis professionnel</Fiche>
</SousDossier>
</DossierPere>

<SousDossierPere>Permis moto</SousDossierPere><Avertissement ID="R55898" date="2020-11-06">
<Titre>Covid-19/confinement : conséquences pour le permis de conduire</Titre>
<Texte>
				<Paragraphe>Un <LienExterne URL="https://www.legifrance.gouv.fr/jorf/id/JORFTEXT000042475143">décret du 29 octobre 2020</LienExterne>
 interdit tout déplacement de personne hors de son domicile  <LienExterne URL="https://www.gouvernement.fr/info-coronavirus">sauf exceptions</LienExterne>
 et sur <LienInterne LienPublication="R57404" type="Téléservice" audience="Particuliers">attestation</LienInterne> uniquement.</Paragraphe>
				<Paragraphe>Cette mesure s'applique <MiseEnEvidence>du  30 octobre 2020 au 1<Exposant>er</Exposant> décembre 2020 minimum</MiseEnEvidence>.</Paragraphe>
				<Paragraphe>Toutefois, les auto-écoles peuvent accueillir des candidats pour les épreuves du permis de conduire.</Paragraphe>
				<Paragraphe>L'activité des commissions médicales est maintenue.</Paragraphe>
				<Paragraphe>Des réponses aux questions fréquentes sont disponibles sur les sites de <LienExterne URL="https://permisdeconduire.ants.gouv.fr/Questions-frequentes/COVID-19-Je-suis-un-particulier/Reconfinement-consequences-pour-le-permis-de-conduire">l'ANTS</LienExterne>
  et de la <LienExterne URL="https://www.securite-routiere.gouv.fr/covid-19-permis-de-conduire-et-securite-routiere-toutes-les-informations">Sécurité routière</LienExterne>
.</Paragraphe>
			</Texte>
</Avertissement>

<Introduction>
<Texte><Paragraphe>Le permis A1 (dit <Expression>permis 125</Expression>) permet de conduire une moto légère ou un 3 roues  d'une puissance de 15 <LienInterne LienPublication="R51157" type="Sigle">kW</LienInterne> maximum. Pour passer le permis A1, vous devez avoir au moins 16 ans. Vous pouvez vous inscrire à l'examen via une auto-école ou par vous-même sur le site de l'ANTS. Vous devez réussir le code motocyclette et l'épreuve pratique de conduite. En cas de succès, un certificat est délivré pour  pouvoir conduire en attendant de recevoir le permis. Le permis A1 a une durée de validité de 15 ans.</Paragraphe>
</Texte>
</Introduction>
<Texte><Chapitre>
<Titre>
<Paragraphe>Motos concernées</Paragraphe>
</Titre><Paragraphe>Le permis A1 permet de conduire les véhicules suivants :</Paragraphe>
<Liste type="puce">
<Item>
<Paragraphe>Moto légère (avec ou sans side-car) d'une cylindrée maximale de 125 cm³, d'une puissance n'excédant pas 11 <LienInterne LienPublication="R51157" type="Sigle">kW</LienInterne>et dont le rapport puissance/poids ne dépasse pas 0,1 <LienInterne LienPublication="R51157" type="Sigle">kW</LienInterne>/kg</Paragraphe>
</Item>
<Item>
<Paragraphe>3 roues d'une puissance maximale de 15 <LienInterne LienPublication="R51157" type="Sigle">kW</LienInterne>
</Paragraphe>
</Item>
</Liste>
<ASavoir>
<Titre>À savoir</Titre><Paragraphe>
<LienInterne LienPublication="F45" type="Fiche Question-réponse" audience="Particuliers">le permis B permet de conduire une moto 125 ou scooter à 3 roues sous conditions</LienInterne>.</Paragraphe>
</ASavoir>
</Chapitre>
<Chapitre>
<Titre>
<Paragraphe>Conditions à remplir</Paragraphe>
</Titre><SousChapitre>
<Titre>
<Paragraphe>Âge</Paragraphe>
</Titre><Paragraphe>Vous devez avoir au moins 16 ans.</Paragraphe>

</SousChapitre>
<SousChapitre>
<Titre>
<Paragraphe>Posséder l'ASSR ou l'ASR</Paragraphe>
</Titre><Paragraphe>Si vous avez moins de 21 ans et que c'est la 1<Exposant>ère</Exposant> catégorie de permis que vous passez, vous devez être titulaire de <LienInterne LienPublication="F16548" type="Fiche d'information" audience="Particuliers">l'attestation scolaire de sécurité routière de 2nd niveau (ASSR2)</LienInterne> ou de <LienInterne LienPublication="F16511" type="Fiche d'information" audience="Particuliers">l'attestation de sécurité routière (ASR)</LienInterne>.</Paragraphe>
<Paragraphe>En cas de perte ou de vol de ces attestations, vous pouvez faire une <LienExterne URL="https://permisdeconduire.ants.gouv.fr/en/content/download/9156383/275034983/version/1/file/Declaration_sur_l%27honneur_ASSR2.pdf" format="application/pdf" poids="78.2 KB">déclaration sur l'honneur</LienExterne>

.</Paragraphe>

</SousChapitre>
<SousChapitre>
<Titre>
<Paragraphe>Citoyenneté - Nationalité</Paragraphe>
</Titre><BlocCas affichage="onglet"><Cas>
<Titre>
<Paragraphe>Vous êtes français</Paragraphe>
</Titre>
										<Paragraphe>Si vous avez moins de 25 ans, vous devez être en règle avec les <LienInterne LienPublication="N24" type="Dossier" audience="Particuliers">obligations de recensement</LienInterne>.</Paragraphe>
									
</Cas>
<Cas>
<Titre>
<Paragraphe>Vous êtes européen</Paragraphe>
</Titre>
										<Paragraphe>Si vous avez la nationalité  suisse, andorrane, monégasque ou  d'un État de <LienIntra LienID="R42218" type="Définition de glossaire">l'Espace économique européen (EEE)</LienIntra>, vous  devez avoir vos attaches personnelles et/ou professionnelles depuis au moins 6 mois en France.</Paragraphe>
									
</Cas>
<Cas>
<Titre>
<Paragraphe>Vous êtes étranger</Paragraphe>
</Titre>
										<Paragraphe>Vous devez vivre  en France depuis au moins 6 mois et avoir un titre de séjour valide.</Paragraphe>
									
</Cas>
</BlocCas>


</SousChapitre>
<SousChapitre>
<Titre>
<Paragraphe>État de santé</Paragraphe>
</Titre><Paragraphe>Si vous avez un problème de santé, vous devez passer un <LienInterne LienPublication="F2686" type="Fiche d'information" audience="Particuliers">contrôle médical</LienInterne> devant un médecin agréé avant de demander le permis de conduire.</Paragraphe>

</SousChapitre>
</Chapitre>
<Chapitre>
<Titre>
<Paragraphe>Inscription à l'examen</Paragraphe>
</Titre><BlocCas affichage="onglet"><Cas>
<Titre>
<Paragraphe>Par le biais d'une auto-école</Paragraphe>
</Titre>
										<Paragraphe>À votre demande, votre auto-école se charge  de votre inscription à l'examen du permis.</Paragraphe>
										<Paragraphe>Toutefois, vous devez activer vous-même le compte créé en votre nom  sur le site de l'<LienInterne LienPublication="R50821" type="Sigle">ANTS</LienInterne>. Vous recevez un mail pour activer le compte.</Paragraphe>
										<Paragraphe>Il vous est attribué un numéro d'enregistrement préfectoral harmonisé (NEPH) lors de l'inscription à l'examen.</Paragraphe>
									
										<Paragraphe>Votre auto-école a besoin des document suivants pour votre inscription :</Paragraphe>
										<Liste type="puce">
											<Item>
												<Paragraphe>
<LienInterne LienPublication="F31057" type="Fiche Question-réponse" audience="Particuliers">Justificatif d'identité</LienInterne>
</Paragraphe>
											</Item>
											<Item>
												<Paragraphe>
<LienInterne LienPublication="F31847" type="Fiche Question-réponse" audience="Particuliers">Justificatif de domicile</LienInterne>
</Paragraphe>
											</Item>
											<Item>
												<Paragraphe>1 <LienInterne LienPublication="F10619" type="Fiche Question-réponse" audience="Particuliers">photo d'identité</LienInterne> ou 1 <LienExterne URL="https://permisdeconduire.ants.gouv.fr/Services-associes/Ou-faire-votre-photo-et-votre-signature-numerisee">photo-signature numérique</LienExterne>

</Paragraphe>
											</Item>
											<Item>
												<Paragraphe>Si nécessaire, avis médical (formulaire <LienInterne LienPublication="R14006" type="Formulaire" audience="Particuliers">cerfa n°14880*02</LienInterne>)</Paragraphe>
											</Item>
										</Liste>
									<Liste type="puce"><Item>
			
			
			
				<Paragraphe>Si vous êtes français et âgé de moins de 25 ans, copie du certificat individuel de participation à la <LienInterne LienPublication="F2871" type="Fiche Question-réponse" audience="Particuliers">journée défense et citoyenneté (JDC)</LienInterne> ou attestation provisoire en instance de convocation à la JDC ou attestation individuelle d'exemption</Paragraphe>
				<Paragraphe>Si vous déposez votre demande de permis de conduire <MiseEnEvidence>entre le 12 mars 2020 et le 31 janvier 2021</MiseEnEvidence>, les pièces suivantes sont aussi acceptées : attestation provisoire de situation vis à vis du service national délivrée par les autorités militaires ou toute attestation à finalité similaire, <LienInterne LienPublication="R56609" type="Modèle de document" audience="Particuliers">déclaration sur l'honneur</LienInterne> à compléter par vous-même.</Paragraphe>
			
		</Item>
</Liste>
<Liste type="puce"><Item>
			
			
				<Paragraphe>Si vous êtes étranger, justificatif de régularité du séjour ou, si vous êtes dispensé d'un titre de séjour, preuve de votre présence en France depuis au moins 6 mois (feuille de paie, quittance de loyer, etc.)</Paragraphe>
			
		</Item>
</Liste>
</Cas>
<Cas>
<Titre>
<Paragraphe>Par vous-même</Paragraphe>
</Titre>
										<Paragraphe>Vous pouvez choisir de vous inscrire vous-même au permis.</Paragraphe>
										<Paragraphe>Vous devez créer un compte sur le site de l'<LienInterne LienPublication="R50821" type="Sigle">ANTS</LienInterne> et obtenir ainsi vos identifiants.</Paragraphe>
										<Paragraphe>Il vous est attribué un numéro d'enregistrement préfectoral harmonisé (NEPH) lors de l'inscription à l'examen.</Paragraphe>
										<ServiceEnLigne ID="R49186" URL="https://permisdeconduire.ants.gouv.fr/Services-associes/Effectuer-une-demande-de-permis-de-conduire" type="Téléservice">
<Titre>Inscription en ligne au permis de conduire pour avoir un numéro NEPH</Titre>
<Source ID="R30628">Agence nationale des titres sécurisés (ANTS)</Source>
</ServiceEnLigne>

										<Paragraphe>Pour vous inscrire en ligne, vous avez besoin des documents suivants en version numérisée :</Paragraphe>
										<Liste type="puce">
											<Item>
												<Paragraphe>
<LienInterne LienPublication="F31057" type="Fiche Question-réponse" audience="Particuliers">Justificatif d'identité</LienInterne>
</Paragraphe>
											</Item>
											<Item>
												<Paragraphe>
<LienInterne LienPublication="F31847" type="Fiche Question-réponse" audience="Particuliers">Justificatif de domicile</LienInterne>
</Paragraphe>
											</Item>
											<Item>
												<Paragraphe>1 <LienInterne LienPublication="F10619" type="Fiche Question-réponse" audience="Particuliers">photo d'identité</LienInterne> ou 1 <LienExterne URL="https://permisdeconduire.ants.gouv.fr/Services-associes/Ou-faire-votre-photo-et-votre-signature-numerisee">photo-signature numérique</LienExterne>

</Paragraphe>
											</Item>
											<Item>
												<Paragraphe>Si nécessaire, avis médical (formulaire <LienInterne LienPublication="R14006" type="Formulaire" audience="Particuliers">cerfa n°14880*02</LienInterne>)</Paragraphe>
											</Item>
										</Liste>
									<Liste type="puce"><Item>
			
			
			
				<Paragraphe>Si vous êtes français et âgé de moins de 25 ans, copie du certificat individuel de participation à la <LienInterne LienPublication="F2871" type="Fiche Question-réponse" audience="Particuliers">journée défense et citoyenneté (JDC)</LienInterne> ou attestation provisoire en instance de convocation à la JDC ou attestation individuelle d'exemption</Paragraphe>
				<Paragraphe>Si vous déposez votre demande de permis de conduire <MiseEnEvidence>entre le 12 mars 2020 et le 31 janvier 2021</MiseEnEvidence>, les pièces suivantes sont aussi acceptées : attestation provisoire de situation vis à vis du service national délivrée par les autorités militaires ou toute attestation à finalité similaire, <LienInterne LienPublication="R56609" type="Modèle de document" audience="Particuliers">déclaration sur l'honneur</LienInterne> à compléter par vous-même.</Paragraphe>
			
		</Item>
</Liste>
<Liste type="puce"><Item>
			
			
				<Paragraphe>Si vous êtes étranger, justificatif de régularité du séjour ou, si vous êtes dispensé d'un titre de séjour, preuve de votre présence en France depuis au moins 6 mois (feuille de paie, quittance de loyer, etc.)</Paragraphe>
			
		</Item>
</Liste>
</Cas>
</BlocCas>


</Chapitre>
<Chapitre>
<Titre>
<Paragraphe>Code (épreuve théorique)</Paragraphe>
</Titre>
				<Paragraphe>
<MiseEnEvidence>Depuis le 1<Exposant>er</Exposant> mars 2020</MiseEnEvidence>, vous devez passer avec succès une épreuve théorique motocyclette (<MiseEnEvidence>ETM ou code motocyclette</MiseEnEvidence>).</Paragraphe>
				<Paragraphe>Vous pouvez vous inscrire dans une auto-école ou en candidat libre.</Paragraphe>
				<Paragraphe>L'ETM  porte sur les règles de circulation et de conduite d'une moto et sur les bons comportements du conducteur.</Paragraphe>
				<Paragraphe>Vous devez répondre à 40 questions à choix multiples.</Paragraphe>
				<Paragraphe>Pour réussir l'ETM, vous devez avoir 35 réponses justes ou plus.</Paragraphe>
				<Paragraphe>Vous conservez le bénéfice de l'ETM pour 5 épreuves pratiques pendant 5 ans maximum.</Paragraphe>
				<Paragraphe>Toutefois, si vous avez validé l'épreuve théorique générale commune (ETG) <MiseEnEvidence>entre le 12 mars 2015 et le 31 janvier 2016 inclus</MiseEnEvidence>, vous en conservez le bénéfice au-delà du délai maximum de 5 ans, soit jusqu'au <MiseEnEvidence>31 janvier 2021 inclus.</MiseEnEvidence>
</Paragraphe>
				<Paragraphe>Vous êtes dispensé de l'ETM, dans la limite de 5 épreuves pratiques, si vous remplissez les 2 conditions suivantes :</Paragraphe>
				<Liste type="puce">
					<Item>
						<Paragraphe>Vous avez un permis de conduire français ou un permis <LienIntra LienID="R55492" type="Définition de glossaire">européen</LienIntra>
</Paragraphe>
					</Item>
					<Item>
						<Paragraphe>Vous avez obtenu le permis moto depuis au maximum 5 ans maximum</Paragraphe>
					</Item>
				</Liste>
			
<Attention>
<Titre>Attention</Titre><Paragraphe>si vous êtes  inscrit au permis A1  <MiseEnEvidence>avant mars 2020</MiseEnEvidence>, vous êtes   dispensé de  passer le code motocyclette (<MiseEnEvidence>ETM</MiseEnEvidence>) <MiseEnEvidence>du 1<Exposant>er</Exposant> mars au 31 décembre 2020</MiseEnEvidence> si vous remplissez l'une des conditions suivantes : soit vous avez  réussi le code (épreuve théorique générale ou ETG) entre mars 2015 et  mars 2020, soit vous êtes  dispensé de passer le code (ETG) pour avoir obtenu une catégorie de permis de conduire entre mars 2015 et mars 2020. <MiseEnEvidence>À partir de 2021</MiseEnEvidence>, tout candidat au permis A1 devra obtenir l'ETM.</Paragraphe>
</Attention>
</Chapitre>
<Chapitre ID="T11699">
<Titre>
<Paragraphe>Conduite (épreuve pratique)</Paragraphe>
</Titre><SousChapitre>
<Titre>
<Paragraphe>Formation</Paragraphe>
</Titre><Paragraphe>L'épreuve pratique comporte 2 phases :</Paragraphe>
<Liste type="puce">
<Item>
<Paragraphe>une épreuve hors circulation (HC) d'admissibilité,</Paragraphe>
</Item>
<Item>
<Paragraphe>une épreuve en circulation (CIR).</Paragraphe>
</Item>
</Liste>

				<Paragraphe>L'auto-école doit vous proposer un <LienExterne URL="https://www.legifrance.gouv.fr/affichTexte.do?cidTexte=JORFTEXT000041609995">contrat-type de l'enseignement de la conduite</LienExterne>

.</Paragraphe>
				<Paragraphe>Ce contrat précise notamment le programme et le déroulement de la formation, le prix de la formation et  des prestations administratives, les obligations de chacun, les moyens de paiement...</Paragraphe>
			

</SousChapitre>
<SousChapitre>
<Titre>
<Paragraphe>Équipements obligatoires</Paragraphe>
</Titre><Paragraphe>Les équipements suivants sont obligatoires pour passer l'épreuve pratique :</Paragraphe>
<Liste type="puce">
<Item>
<Paragraphe>Casque homologué</Paragraphe>
</Item>
<Item>
<Paragraphe>Gants homologués</Paragraphe>
</Item>
<Item>
<Paragraphe>Blouson ou veste à manches longues</Paragraphe>
</Item>
<Item>
<Paragraphe>Pantalon ou combinaison</Paragraphe>
</Item>
<Item>
<Paragraphe>Bottes ou chaussures montantes</Paragraphe>
</Item>
</Liste>

</SousChapitre>
<SousChapitre>
<Titre>
<Paragraphe>Accompagnateur</Paragraphe>
</Titre><Paragraphe>La présence d'un accompagnateur est obligatoire pendant toute la durée des épreuves.</Paragraphe>

</SousChapitre>
<SousChapitre>
<Titre>
<Paragraphe>Épreuve hors circulation (HC)</Paragraphe>
</Titre><Paragraphe>L'épreuve HC dure 10 minutes (12 minutes du 1<Exposant>er</Exposant> août 2020 jusqu'au 31 janvier 2021 inclus).</Paragraphe>
<Paragraphe>L'épreuve HC permet de vérifier le niveau des savoirs et savoir-faire relatifs à votre moto (sens de l'équilibre, emploi des commandes, techniques d'inclinaison, d'évitement, freinage...).</Paragraphe>
<Paragraphe>L'épreuve HC est composé d'un enchaînement de 6 manœuvres :</Paragraphe>
<Liste type="puce">
<Item>
<Paragraphe>3 manœuvres de maîtrise de moto à allure réduite, dont une sans l'aide du moteur</Paragraphe>
</Item>
<Item>
<Paragraphe>3 manœuvres de maîtrise de moto à allure plus élevée</Paragraphe>
</Item>
</Liste>
<Paragraphe>Vous devez avoir satisfait à l'épreuve HC pour passer l'épreuve CIR.</Paragraphe>
<Paragraphe>Vous conservez le bénéfice de cette épreuve HC pour 5 épreuves CIR pendant les 3 ans qui suivent  la date de réussite, sous réserve de la validité du code.</Paragraphe>
<ANoter>
<Titre>À noter</Titre>
				<Paragraphe>si vous avez obtenu un résultat favorable à l'épreuve HC <MiseEnEvidence>entre le 12 mars 2017 et le 31 janvier 2021 inclus</MiseEnEvidence>, vous en conservez le bénéfice  <MiseEnEvidence>jusqu'au 31 janvier 2021 inclus</MiseEnEvidence> pour l'épreuve en circulation, sous réserve de la validité du code.</Paragraphe>
			</ANoter>

</SousChapitre>
<SousChapitre>
<Titre>
<Paragraphe>Épreuve en circulation (CIR)</Paragraphe>
</Titre><Paragraphe>L'épreuve CIR dure 40 minutes (36 minutes du 1<Exposant>er</Exposant> août 2020 jusqu'au 31 janvier 2021 inclus).</Paragraphe>
<Paragraphe>Elle permet de vérifier que vous avez  acquis les connaissances et les comportements nécessaires pour circuler en sécurité, sans gêner, sans surprendre et sans être surpris.</Paragraphe>
<Paragraphe>Pour être reçu à l'épreuve CIR, vous devez  obtenir au moins 21 points et ne pas commettre d'erreur éliminatoire.</Paragraphe>
<ANoter>
<Titre>À noter</Titre>
				<Paragraphe>si vous habitez dans les départements de l'Aude, du Gard, du Gers, de la Haute-Garonne et de l'Hérault, vous pouvez <LienExterne URL="https://www.securite-routiere.gouv.fr/passer-son-permis-de-conduire/inscription-et-formation/occitanie-reserver-en-ligne-sa-place-pour-le">prendre rendez-vous en ligne</LienExterne>

 pour passer l'épreuve pratique du permis de conduire.</Paragraphe>
			</ANoter>

</SousChapitre>
</Chapitre>
<Chapitre>
<Titre>
<Paragraphe>Résultat de l'épreuve pratique</Paragraphe>
</Titre>
				<Paragraphe>Après l'épreuve pratique, l'inspecteur ne vous communique pas oralement le résultat.</Paragraphe>
				<Paragraphe>Vous devez consulter les résultats en ligne sur le site de la Sécurité routière 48 heures après l'examen.</Paragraphe>
				<Paragraphe>Si le résultat est favorable, vous pouvez télécharger votre certificat d'examen du permis de conduire (CEPC).</Paragraphe>
				<Paragraphe>Ce certificat, accompagné d'un titre d'identité, sert de permis de conduire  pendant <MiseEnEvidence>4 mois</MiseEnEvidence> à partir du jour de l'examen.</Paragraphe>
				<Paragraphe>En cas de contrôle des forces de l'ordre, vous pouvez présenter le CEPC en version papier ou directement sur un smartphone ou une tablette.</Paragraphe>
				<Paragraphe>Le CEPC ne permet pas de conduire à l'étranger.</Paragraphe>
				<ServiceEnLigne ID="R39502" URL="http://www.securite-routiere.gouv.fr/permis-de-conduire/resultats-du-permis-de-conduire" type="Téléservice">
<Titre>Résultats du permis de conduire</Titre>
<Source ID="R30603">Ministère chargé de l'intérieur</Source>
</ServiceEnLigne>

			<ASavoir>
<Titre>À savoir</Titre>
				<Paragraphe>en cas d'échec à une épreuve du permis de conduire, vous ne pouvez pas vous présenter  à l'épreuve suivante avant un délai de 2 jours (date à date).</Paragraphe>
			</ASavoir>

</Chapitre>
<Chapitre>
<Titre>
<Paragraphe>Demande du permis</Paragraphe>
</Titre><Paragraphe>Pour obtenir votre permis A1, la démarche est différente s'il s'agit de votre 1<Exposant>ère</Exposant> obtention d'un permis de conduire ou de l'ajout d'une catégorie.</Paragraphe>
<BlocCas affichage="onglet"><Cas>
<Titre>
<Paragraphe>Premier permis</Paragraphe>
</Titre><Paragraphe>Demandez à votre auto-école si elle s'occupe de demander votre titre de conduite  ou si c'est à vous de le demander.</Paragraphe>
<Paragraphe>Si vous faites la demande vous-même, la démarche se fait en ligne sur le site de l'<LienInterne LienPublication="R50821" type="Sigle">ANTS</LienInterne>.</Paragraphe><ServiceEnLigne ID="R45443" URL="https://permisdeconduire.ants.gouv.fr/" type="Téléservice">
<Titre>Demande en ligne de permis de conduire à la suite de la réussite à un examen</Titre>
<Source ID="R30628">Agence nationale des titres sécurisés (ANTS)</Source>
<Introduction>
<Texte><Paragraphe>Accessible avec <LienIntra LienID="R48788" type="Définition de glossaire">FranceConnect</LienIntra> ou avec vos identifiants  ANTS. Si vous n'en avez pas, il vous est proposé de créer un compte pour avoir un  espace personnel sur le site de l'ANTS.</Paragraphe>
</Texte>
</Introduction>
</ServiceEnLigne>

<Paragraphe>Vous devez fournir les documents suivants en version numérisée :</Paragraphe>
<Liste type="puce">
<Item>
<Paragraphe>
<LienInterne LienPublication="F31057" type="Fiche Question-réponse" audience="Particuliers">Justificatif d'identité</LienInterne>
</Paragraphe>
</Item>
<Item>
<Paragraphe>
<LienInterne LienPublication="F31847" type="Fiche Question-réponse" audience="Particuliers">Justificatif de domicile</LienInterne>
</Paragraphe>
</Item>
<Item>
<Paragraphe>1 <LienInterne LienPublication="F10619" type="Fiche Question-réponse" audience="Particuliers">photo d'identité</LienInterne> ou 1 <LienExterne URL="https://permisdeconduire.ants.gouv.fr/Services-associes/Ou-faire-votre-photo-et-votre-signature-numerisee">photo-signature numérique</LienExterne>

</Paragraphe>
</Item>
<Item>
<Paragraphe>Copie du certificat d'examen du permis de conduire (CEPC)</Paragraphe>
</Item>
<Item>
<Paragraphe>Si nécessaire, avis médical (formulaire <LienInterne LienPublication="R14006" type="Formulaire" audience="Particuliers">cerfa n°14880</LienInterne>)</Paragraphe>
</Item>
</Liste>
<Liste type="puce"><Item>
			
			
				<Paragraphe>Si vous avez moins de 21 ans, copie de l'<LienInterne LienPublication="R50019" type="Sigle">ASSR</LienInterne> de 2<Exposant>nd</Exposant> niveau ou de l'<LienInterne LienPublication="R50018" type="Sigle">ASR</LienInterne>, ou à défaut (en cas de perte par exemple) <LienExterne URL="https://permisdeconduire.ants.gouv.fr/en/content/download/9156383/275034983/version/1/file/Declaration_sur_l%27honneur_ASSR2.pdf" format="application/pdf" poids="78.2 KB">déclaration sur l'honneur</LienExterne>

</Paragraphe>
				<Paragraphe>Si vous déposez votre demande de permis de conduire <MiseEnEvidence>entre le 12 mars 2020 et le 31 janvier 2021</MiseEnEvidence>, la pièce suivante est acceptée :  attestation sur l'honneur certifiant que  vous n'avez pas pu participer au contrôle des connaissances  du fait de la crise sanitaire de la covid-19. Elle doit être signée par votre <LienIntra LienID="R10398" type="Définition de glossaire">représentant légal</LienIntra>.</Paragraphe>
			
		</Item>
</Liste>
<Liste type="puce"><Item>
			
			
			
				<Paragraphe>Si vous êtes français et âgé de moins de 25 ans, copie du certificat individuel de participation à la <LienInterne LienPublication="F2871" type="Fiche Question-réponse" audience="Particuliers">journée défense et citoyenneté (JDC)</LienInterne> ou attestation provisoire en instance de convocation à la JDC ou attestation individuelle d'exemption</Paragraphe>
				<Paragraphe>Si vous déposez votre demande de permis de conduire <MiseEnEvidence>entre le 12 mars 2020 et le 31 janvier 2021</MiseEnEvidence>, les pièces suivantes sont aussi acceptées : attestation provisoire de situation vis à vis du service national délivrée par les autorités militaires ou toute attestation à finalité similaire, <LienInterne LienPublication="R56609" type="Modèle de document" audience="Particuliers">déclaration sur l'honneur</LienInterne> à compléter par vous-même.</Paragraphe>
			
		</Item>
</Liste>
<Liste type="puce"><Item>
			
			
				<Paragraphe>Si vous êtes étranger, justificatif de régularité du séjour ou, si vous êtes dispensé d'un titre de séjour, preuve de votre présence en France depuis au moins 6 mois (feuille de paie, quittance de loyer, etc.)</Paragraphe>
			
		</Item>
</Liste>
				<Paragraphe>Pour suivre la production de votre permis, vous pouvez utiliser le téléservice de suivi de la fabrication et de la transmission de votre permis de conduire.</Paragraphe>
				<ServiceEnLigne ID="R36427" URL="https://ants.gouv.fr/monespace/accueil" type="Téléservice">
<Titre>Suivez votre demande de permis de conduire</Titre>
<Source ID="R30628">Agence nationale des titres sécurisés (ANTS)</Source>
<Introduction>
<Texte><Paragraphe>Accessible avec <LienIntra LienID="R48788" type="Définition de glossaire">FranceConnect</LienIntra> ou avec vos identifiants ANTS. Si vous n'en avez pas, il vous est proposé de créer un compte.</Paragraphe>
</Texte>
</Introduction>
</ServiceEnLigne>

				<Paragraphe>L'expédition du permis de conduire se fait par Lettre Expert.</Paragraphe>
				<Paragraphe>Il s'agit d'un envoi sécurisé, avec remise en main propre contre signature.</Paragraphe>
				<Liste type="puce">
					<Item>
						<Paragraphe>L'adresse que vous indiquez lors de la procédure en ligne doit être la plus complète possible (numéro de bâtiment, numéro d'appartement, numéro de boite à lettres, étage, couloir, escalier, "résidant chez",...).</Paragraphe>
					</Item>
					<Item>
						<Paragraphe>Votre boite aux lettres doit présenter le nom et prénom de la personne qui reçoit le courrier.</Paragraphe>
					</Item>
				</Liste>
				<Paragraphe>Si vous êtes absent lors du passage du facteur, vous devez aller à la Poste dans un délai de 15 jours, avec votre avis de passage ou avec le numéro de la Lettre Expert. Passé ce délai, votre permis de conduire est renvoyé à l'<LienInterne LienPublication="R50821" type="Sigle">ANTS</LienInterne>.</Paragraphe>
				<OuSAdresser ID="R33823" type="Centre de contact">
<Titre>Agence nationale des titres sécurisés (ANTS) - Permis de conduire</Titre>
<Source ID="R30628">Agence nationale des titres sécurisés (ANTS)</Source>
<Texte>
						<Chapitre>
<Titre>
<Paragraphe>En ligne</Paragraphe>
</Titre>
								<Paragraphe>
<LienExterne URL="https://permisdeconduire.ants.gouv.fr/">https://permisdeconduire.ants.gouv.fr/</LienExterne>
</Paragraphe>
							</Chapitre>
						<Chapitre>
<Titre>
<Paragraphe>Par messagerie</Paragraphe>
</Titre>
								<Paragraphe> Accès au <LienExterne URL="https://permisdeconduire.ants.gouv.fr/Contacter-l-ANTS">formulaire de contact</LienExterne>
</Paragraphe>
							</Chapitre>
						<Chapitre>
<Titre>
<Paragraphe>Par téléphone</Paragraphe>
</Titre>
								<Paragraphe>
			<MiseEnEvidence>34 00</MiseEnEvidence>
</Paragraphe>
								<Paragraphe>Du lundi au vendredi de 7h45 à 19h et le samedi de 8h à 17h</Paragraphe>
								<Paragraphe>Coût d'un appel local</Paragraphe>
							</Chapitre>
					</Texte>
</OuSAdresser>
			

<ANoter>
<Titre>À noter</Titre><Paragraphe>si c'est votre 1<Exposant>er</Exposant> permis de conduire,  il s'agit d'un <LienInterne LienPublication="F2390" type="Fiche Question-réponse" audience="Particuliers">permis probatoire</LienInterne>. Vous devez apposer le signe "A" à l'arrière de votre véhicule</Paragraphe>
</ANoter>
</Cas>
<Cas>
<Titre>
<Paragraphe>Ajout de la catégorie A1 à votre permis</Paragraphe>
</Titre><Paragraphe>Si vous avez déjà le permis de conduire, vous devez  <LienInterne LienPublication="F20028" type="Fiche Question-réponse" audience="Particuliers">faire ajouter la catégorie A1</LienInterne> sur votre permis.</Paragraphe>

</Cas>
</BlocCas>

</Chapitre>
<Chapitre>
<Titre>
<Paragraphe>Prix</Paragraphe>
</Titre><Paragraphe>Les tarifs pratiqués par les auto-moto écoles sont libres.</Paragraphe>
<Paragraphe>Le prix d'un permis A1 dépend donc du tarif pratiqué par votre établissement.</Paragraphe>
<Paragraphe>L'inscription au code moto (ETM) coûte <Valeur>30 €</Valeur>. En cas d'échec au code, vous devez repayer cette somme.</Paragraphe>

</Chapitre>
<Chapitre>
<Titre>
<Paragraphe>Durée de validité</Paragraphe>
</Titre><Paragraphe>Le permis de conduire de la catégorie A1 est valide pendant 15 ans.</Paragraphe>
<Paragraphe>Cette validité est indiquée sur le document.</Paragraphe>

</Chapitre>
</Texte><VoirAussi important="non">
<Dossier ID="N18918" audience="Particuliers">
<Titre>Infractions routières</Titre>
<Theme ID="N19812">
<Titre>Transports</Titre>
</Theme>
</Dossier>
</VoirAussi>
<VoirAussi important="oui">
<Fiche ID="F31083" audience="Particuliers">
<Titre>Permis A2 (moto de puissance intermédiaire)</Titre>
<Theme ID="N19812">
<Titre>Transports</Titre>
</Theme>
</Fiche>
<Fiche ID="F2830" audience="Particuliers">
<Titre>Permis A (grosse cylindrée supérieure à 125 cm3)</Titre>
<Theme ID="N19812">
<Titre>Transports</Titre>
</Theme>
</Fiche>
<Fiche ID="F34168" audience="Particuliers">
<Titre>Équipements obligatoires à moto</Titre>
<Theme ID="N19812">
<Titre>Transports</Titre>
</Theme>
</Fiche>
</VoirAussi>
<Reference type="Texte de référence" URL="https://www.legifrance.gouv.fr/affichCode.do?idSectionTA=LEGISCTA000032465124&amp;cidTexte=LEGITEXT000006074228" ID="R913">
<Titre>Code de la route : articles R221-4 à R221-8</Titre>
<Complement>Délivrance et catégories</Complement>
</Reference>
<Reference type="Texte de référence" URL="https://www.legifrance.gouv.fr/affichCode.do?idSectionTA=LEGISCTA000032465126&amp;cidTexte=LEGITEXT000006074228" ID="R33818">
<Titre>Code de la route : articles R221-9 à R221-13</Titre>
<Complement>Vérification d'aptitude</Complement>
</Reference>
<Reference type="Texte de référence" URL="https://www.legifrance.gouv.fr/affichCode.do?idSectionTA=LEGISCTA000026204404&amp;cidTexte=LEGITEXT000006074228" ID="R33819">
<Titre>Code de la route : articles R226-1 à R226-4</Titre>
<Complement>Contrôle médical</Complement>
</Reference>
<Reference type="Texte de référence" URL="http://www.legifrance.gouv.fr/affichTexte.do?cidTexte=JORFTEXT000023278404" ID="R19022">
<Titre>Arrêté du 17 décembre 2010 relatif aux conditions requises pour la conduite des motocyclettes légères et des véhicules de la catégorie L5e par les titulaires de la catégorie B du permis de conduire</Titre>
</Reference>
<Reference type="Texte de référence" URL="http://www.legifrance.gouv.fr/affichTexte.do?cidTexte=JORFTEXT000025803494" ID="R31125">
<Titre>Arrêté du 20 avril 2012 fixant les conditions d'établissement, de délivrance et de validité du permis de conduire</Titre>
</Reference>
<Reference type="Texte de référence" URL="http://www.legifrance.gouv.fr/affichTexte.do?cidTexte=JORFTEXT000025803553" ID="R31131">
<Titre>Arrêté du 23 avril 2012 fixant les modalités pratiques de l'examen du permis de conduire des catégories A1, A2 et A</Titre>
</Reference>
<Reference type="Texte de référence" URL="http://www.legifrance.gouv.fr/affichTexte.do?cidTexte=JORFTEXT000027399390" ID="R32151">
<Titre>Arrêté du 26 avril 2013 relatif à la notification des résultats des examens du permis de conduire</Titre>
</Reference>
<ServiceEnLigne ID="R49186" URL="https://permisdeconduire.ants.gouv.fr/Services-associes/Effectuer-une-demande-de-permis-de-conduire" type="Téléservice">
<Titre>Inscription en ligne au permis de conduire pour avoir un numéro NEPH</Titre>
<Source ID="R30628">Agence nationale des titres sécurisés (ANTS)</Source>
</ServiceEnLigne>
<ServiceEnLigne ID="R45443" URL="https://permisdeconduire.ants.gouv.fr/" type="Téléservice">
<Titre>Demande en ligne de permis de conduire à la suite de la réussite à un examen</Titre>
<Source ID="R30628">Agence nationale des titres sécurisés (ANTS)</Source>
</ServiceEnLigne>
<ServiceEnLigne ID="R14006" URL="https://www.service-public.fr/simulateur/calcul/14880" numerocerfa="14880*02" type="Formulaire">
<Titre>Permis de conduire - Avis médical</Titre>
<Source ID="R30603">Ministère chargé de l'intérieur</Source><NoticeLiee ID="R1449" URL="https://www.formulaires.service-public.fr/gf/getNotice.do?cerfaNotice=51676&amp;cerfaFormulaire=14880" numerocerfa="51676*03" format="application/pdf" poids="51.1 KB">Notice explicative sur le contrôle médical de l'aptitude à la conduite des conducteurs et des candidats au permis de conduire</NoticeLiee>
</ServiceEnLigne>
<ServiceEnLigne ID="R36427" URL="https://ants.gouv.fr/monespace/accueil" type="Téléservice">
<Titre>Suivez votre demande de permis de conduire</Titre>
<Source ID="R30628">Agence nationale des titres sécurisés (ANTS)</Source>
</ServiceEnLigne>
<PourEnSavoirPlus type="Information pratique" ID="R55719" URL="https://www.securite-routiere.gouv.fr/sites/default/files/2020-02/infographie_permis-moto-fevrier-2020-vdef.pdf" audience="Particuliers" format="application/pdf" poids="2.7 MB">
<Titre>Nouveau permis moto à partir de mars 2020</Titre>
<Source ID="R30603">Ministère chargé de l'intérieur</Source>
</PourEnSavoirPlus>
<PourEnSavoirPlus type="Information pratique" ID="R50021" URL="https://permisdeconduire.ants.gouv.fr/en/content/download/9156383/275034983/version/1/file/Declaration_sur_l%27honneur_ASSR2.pdf" audience="Particuliers" format="application/pdf" poids="78.2 KB">
<Titre>Déclaration sur l'honneur pour obtenir un 1er titre de conduite</Titre>
<Source ID="R30628">Agence nationale des titres sécurisés (ANTS)</Source>
</PourEnSavoirPlus>
<Definition ID="R55492">
<Titre>Européen (EEE + Royaume-Uni)</Titre>
<Texte>
				<Paragraphe>Allemagne, Autriche, Belgique, Bulgarie, Chypre, Croatie, Danemark, Espagne, Estonie, Finlande, France, Grèce, Hongrie, Irlande, Islande, Italie, Lettonie, Liechtenstein, Lituanie, Luxembourg, Malte, Norvège, Pays-Bas, Pologne, Portugal, République tchèque, Roumanie, Royaume-Uni, Slovaquie, Slovénie, Suède</Paragraphe>
			</Texte>
</Definition>
<Definition ID="R10398">
<Titre>Représentant légal</Titre>
<Texte>
				<Paragraphe>Personne désignée par la loi pour représenter et défendre les intérêts d'une autre personne, qu'elle soit physique (par exemple, un enfant mineur représenté par son  père ou par sa mère) ou morale (par exemple, une société représentée par son  dirigeant)</Paragraphe>
			</Texte>
</Definition>
<Definition ID="R48788">
<Titre>Identification avec FranceConnect</Titre>
<Texte>
				<Paragraphe>Connexion avec l'identifiant et le mot de passe de l'un des comptes suivants :  Impots.gouv,  Ameli,  Iidentitenumerique (laposte), Mobileconnectetmoi.fr,  MSA ou Alicem</Paragraphe>
			</Texte>
</Definition>
<Definition ID="R42218">
<Titre>Espace économique européen (EEE)</Titre>
<Texte>
				<Paragraphe>Allemagne, Autriche, Belgique, Bulgarie, Chypre, Croatie, Danemark, Espagne, Estonie, Finlande, France, Grèce, Hongrie, Irlande, Islande, Italie, Lettonie, Liechtenstein, Lituanie, Luxembourg, Malte, Norvège, Pays-Bas, Pologne, Portugal, République tchèque, Roumanie, Slovaquie, Slovénie, Suède</Paragraphe>
			</Texte>
</Definition>
<Abreviation ID="R50019" type="Sigle">
<Titre>ASSR</Titre>
<Texte>
<Paragraphe>Attestation scolaire de sécurité routière</Paragraphe>
</Texte>
</Abreviation>
<Abreviation ID="R51157" type="Sigle">
<Titre>kW</Titre>
<Texte>
<Paragraphe>Kilowatt</Paragraphe>
</Texte>
</Abreviation>
<Abreviation ID="R50018" type="Sigle">
<Titre>ASR</Titre>
<Texte>
<Paragraphe>Attestation de sécurité routière</Paragraphe>
</Texte>
</Abreviation>
<Abreviation ID="R50821" type="Sigle">
<Titre>ANTS</Titre>
<Texte>
<Paragraphe>Agence nationale des titres sécurisés</Paragraphe>
</Texte>
</Abreviation>
<QuestionReponse ID="F45" audience="Particuliers">Peut-on conduire un scooter 3 roues ou une moto 125 avec le permis B ?</QuestionReponse>
<QuestionReponse ID="F31119" audience="Particuliers">Permis moto : comment passer de la catégorie A2 à la catégorie A ?</QuestionReponse>
<QuestionReponse ID="F16875" audience="Particuliers">Le débridage d'une moto est-il autorisé ?</QuestionReponse>
<QuestionReponse ID="F12789" audience="Particuliers">À quel âge peut-on conduire un scooter ou une moto ?</QuestionReponse>
<QuestionReponse ID="F20634" audience="Particuliers">Conduire une mini-moto, un quad, une moto cross : quelles sont les règles ?</QuestionReponse>
<QuestionReponse ID="F31057" audience="Particuliers">Demande de permis de conduire : quelle pièce d'identité peut-on présenter ?</QuestionReponse>
<QuestionReponse ID="F20028" audience="Particuliers">Comment faire ajouter une nouvelle catégorie sur son permis de conduire ?</QuestionReponse>
<QuestionReponse ID="F33694" audience="Particuliers">Permis de conduire : comment passer le code (épreuve théorique générale - ETG) ?</QuestionReponse>
<QuestionReponse ID="F12096" audience="Particuliers">Quel permis pour quelle catégorie de véhicules ?</QuestionReponse>












</Publication>
