<?xml version="1.0" encoding="UTF-8"?><Publication xmlns:dc="http://purl.org/dc/elements/1.1/" xmlns:xsi="http://www.w3.org/2001/XMLSchema-instance" ID="F2830" type="Fiche d'information" xsi:noNamespaceSchemaLocation="../Schemas/3.0/Publication.xsd">
<dc:title>Permis moto : permis A (grosse cylindrée supérieure à 125 cm3)</dc:title>
<dc:creator>Direction de l'information légale et administrative</dc:creator>
<dc:subject>Transports</dc:subject>
<dc:description>Le permis A permet de conduire toutes les motos avec ou sans side-car et tous les 3 roues à moteur quelle que soit leur puissance. Vous ne pouvez pas passer le permis A directement. Il est obligatoire de passer d'abord le permis A2, d'avoir 2 ans de pratique, puis de suivre une formation complémentaire de 7 heures (le prix de la formation est libre et varie selon les motos-écoles).</dc:description>
<dc:publisher>Direction de l'information légale et administrative</dc:publisher>
<dc:contributor>Direction de l'information légale et administrative (Premier ministre)</dc:contributor>
<dc:date>modified 2020-06-04</dc:date>
<dc:type>Fiche pratique</dc:type>
<dc:format>text/xml</dc:format>
<dc:identifier>F2830</dc:identifier>
<dc:source>https://www.legifrance.gouv.fr/affichCode.do?idSectionTA=LEGISCTA000032465124&amp;cidTexte=LEGITEXT000006074228, https://www.legifrance.gouv.fr/affichCode.do?idSectionTA=LEGISCTA000032465126&amp;cidTexte=LEGITEXT000006074228, https://www.legifrance.gouv.fr/affichCode.do?idSectionTA=LEGISCTA000026204404&amp;cidTexte=LEGITEXT000006074228, http://www.legifrance.gouv.fr/affichTexte.do?cidTexte=JORFTEXT000025803494, http://www.legifrance.gouv.fr/affichTexte.do?cidTexte=JORFTEXT000025803553, http://www.legifrance.gouv.fr/affichTexte.do?cidTexte=JORFTEXT000026658002, http://www.legifrance.gouv.fr/affichTexte.do?cidTexte=JORFTEXT000027399390, http://www.legifrance.gouv.fr/affichTexte.do?cidTexte=JORFTEXT000028964244</dc:source>
<dc:language>Fr</dc:language>
<dc:relation>isPartOf N530</dc:relation>
<dc:coverage>France entière</dc:coverage>
<dc:rights>https://www.service-public.fr/a-propos/mentions-legales</dc:rights>
<SurTitre>Fiche pratique</SurTitre>
<Audience>Particuliers</Audience>
<Canal>www.service-public.fr</Canal>
<Cible>Automobiliste</Cible>
<FilDAriane>
<Niveau ID="Particuliers">Accueil particuliers</Niveau>
<Niveau ID="N19812">Transports</Niveau>
<Niveau ID="N530">Permis de conduire</Niveau>
<Niveau ID="F2830" type="Fiche d'information">Permis moto : permis A (grosse cylindrée supérieure à 125 cm3)</Niveau>
</FilDAriane>
<Theme ID="N19812">
<Titre>Transports</Titre>
</Theme><DossierPere ID="N530">
<Titre>Permis de conduire</Titre><SousDossier ID="N530-1">
<Titre>Attestation et brevet de sécurité routière</Titre>
<Fiche ID="F16511">Attestation de sécurité routière (ASR)</Fiche>
<Fiche ID="F16548">Attestation scolaire de sécurité routière (ASSR)</Fiche>
<Fiche ID="F2890">Brevet de sécurité routière (BSR), catégorie AM du permis de conduire</Fiche>
</SousDossier>
<SousDossier ID="N530-2">
<Titre>Permis moto</Titre>
<Fiche ID="F2832">Permis A1 (permis 125 cm3)</Fiche>
<Fiche ID="F31083">Permis A2 (- de 35 kw)</Fiche>
<Fiche ID="F2830">Permis A (+ de 35 kw)</Fiche>
</SousDossier>
<SousDossier ID="N530-3">
<Titre>Permis B (voiture ou quadricycle lourd)</Titre>
<Fiche ID="F2826">Apprentissage anticipé (à partir de 15 ans)</Fiche>
<Fiche ID="F10036">Conduite encadrée (16 à 18 ans)</Fiche>
<Fiche ID="F21012">Conduite supervisée (18 ans ou plus)</Fiche>
<Fiche ID="F2825">Permis B en candidat libre</Fiche>
<Fiche ID="F2828">Permis B : voiture ou camionnette</Fiche>
<Fiche ID="F2833">Permis B1 : quadricycle lourd à moteur</Fiche>
<Fiche ID="F2845">Permis BE : voiture + remorque de plus de 750 kg</Fiche>
</SousDossier>
<SousDossier ID="N530-4">
<Titre>Permis pour le transport de marchandises et de personnes</Titre>
<Fiche ID="F2843">Permis C (+ de 7,5 t)</Fiche>
<Fiche ID="F2846">Permis CE (+ de 7,5 t avec remorque)</Fiche>
<Fiche ID="F31121">Permis C1 (entre 3,5 t et 7,5 t)</Fiche>
<Fiche ID="F31124">Permis C1E (entre 3,5 t et 7,5 t avec remorque)</Fiche>
<Fiche ID="F2844">Permis D (transport + de 8 passagers)</Fiche>
<Fiche ID="F2848">Permis DE (transport + 8 passagers avec remorque)</Fiche>
<Fiche ID="F31128">Permis D1 (transport de 16 passagers maximum)</Fiche>
<Fiche ID="F31129">Permis D1E (transport de 16 passagers maximum avec remorque)</Fiche>
</SousDossier>
<SousDossier ID="N530-5">
<Titre>Perte, vol ou détérioration du permis de conduire</Titre>
<Fiche ID="F1450">Vol</Fiche>
<Fiche ID="F1727">Perte</Fiche>
<Fiche ID="F20109">Détérioration</Fiche>
</SousDossier>
<SousDossier ID="N530-6">
<Titre>Contrôle médical</Titre>
<Fiche ID="F2727">Après une infraction</Fiche>
<Fiche ID="F2686">Pour raison de santé</Fiche>
<Fiche ID="F1255">Pour un permis professionnel</Fiche>
</SousDossier>
</DossierPere>

<SousDossierPere>Permis moto</SousDossierPere><Avertissement ID="R55898" date="2020-11-06">
<Titre>Covid-19/confinement : conséquences pour le permis de conduire</Titre>
<Texte>
				<Paragraphe>Un <LienExterne URL="https://www.legifrance.gouv.fr/jorf/id/JORFTEXT000042475143">décret du 29 octobre 2020</LienExterne>
 interdit tout déplacement de personne hors de son domicile  <LienExterne URL="https://www.gouvernement.fr/info-coronavirus">sauf exceptions</LienExterne>
 et sur <LienInterne LienPublication="R57404" type="Téléservice" audience="Particuliers">attestation</LienInterne> uniquement.</Paragraphe>
				<Paragraphe>Cette mesure s'applique <MiseEnEvidence>du  30 octobre 2020 au 1<Exposant>er</Exposant> décembre 2020 minimum</MiseEnEvidence>.</Paragraphe>
				<Paragraphe>Toutefois, les auto-écoles peuvent accueillir des candidats pour les épreuves du permis de conduire.</Paragraphe>
				<Paragraphe>L'activité des commissions médicales est maintenue.</Paragraphe>
				<Paragraphe>Des réponses aux questions fréquentes sont disponibles sur les sites de <LienExterne URL="https://permisdeconduire.ants.gouv.fr/Questions-frequentes/COVID-19-Je-suis-un-particulier/Reconfinement-consequences-pour-le-permis-de-conduire">l'ANTS</LienExterne>
  et de la <LienExterne URL="https://www.securite-routiere.gouv.fr/covid-19-permis-de-conduire-et-securite-routiere-toutes-les-informations">Sécurité routière</LienExterne>
.</Paragraphe>
			</Texte>
</Avertissement>

<Introduction>
<Texte><Paragraphe>Le permis A  permet de conduire toutes les motos avec ou sans side-car et tous les 3 roues à moteur quelle que soit leur puissance. Vous ne pouvez pas passer le permis A directement. Il est obligatoire de passer d'abord le permis A2, d'avoir 2 ans de pratique, puis de suivre une formation complémentaire  de 7 heures (le prix de la formation est libre et varie selon les motos-écoles).</Paragraphe>
</Texte>
</Introduction>
<Texte><Chapitre>
<Titre>
<Paragraphe>Motos concernées</Paragraphe>
</Titre><Paragraphe>Le permis A permet de conduire les véhicules suivantes :</Paragraphe>
<Liste type="puce">
<Item>
<Paragraphe>Moto, avec ou sans side-car, quelle que soit sa puissance</Paragraphe>
</Item>
<Item>
<Paragraphe>3 roues d'une puissance supérieure à 15 kilowatts</Paragraphe>
</Item>
</Liste>
<ANoter>
<Titre>À noter</Titre><Paragraphe>la limitation de la puissance de la moto n'est pas limitée si la moto est équipée système anti-blocage des roues lors du freinage (ABS).</Paragraphe>
</ANoter>
</Chapitre>
<Chapitre>
<Titre>
<Paragraphe>Conditions à remplir</Paragraphe>
</Titre>
<SousChapitre>
<Titre>
<Paragraphe>Âge</Paragraphe>
</Titre><Paragraphe>L'âge minimal requis est le suivant :</Paragraphe>
<Liste type="puce">
<Item>
<Paragraphe>Moto : 20 ans</Paragraphe>
</Item>
<Item>
<Paragraphe>3 roues d'une puissance supérieure à 15 kilowatts : 21 ans</Paragraphe>
</Item>
</Liste>

</SousChapitre>
<SousChapitre>
<Titre>
<Paragraphe>Être titulaire du permis A2</Paragraphe>
</Titre><Paragraphe>Vous devez être titulaire de la <LienInterne LienPublication="F31083" type="Fiche d'information" audience="Particuliers">catégorie A2</LienInterne> depuis au moins 2 ans.</Paragraphe>

</SousChapitre>
<SousChapitre>
<Titre>
<Paragraphe>Suivi d'une formation</Paragraphe>
</Titre>
				<Paragraphe>L'auto-école doit vous proposer un <LienExterne URL="https://www.legifrance.gouv.fr/affichTexte.do?cidTexte=JORFTEXT000041609995">contrat-type de l'enseignement de la conduite</LienExterne>

.</Paragraphe>
				<Paragraphe>Ce contrat précise notamment le programme et le déroulement de la formation, le prix de la formation et  des prestations administratives, les obligations de chacun, les moyens de paiement...</Paragraphe>
			

				<Paragraphe>Vous pouvez suivre la formation au cours des 3 mois avant la date anniversaire des 2 ans d'obtention du permis A2.</Paragraphe>
			<ANoter>
<Titre>Exemple</Titre>
				<Paragraphe>Si vous avez eu le permis A2 le 1<Exposant>er</Exposant> août 2020, vous devez suivre la formation entre le 1<Exposant>er</Exposant> mai 2022 et le 31 juillet 2022.</Paragraphe>
			</ANoter>
				<Paragraphe>La formation dure <MiseEnEvidence>7 heures</MiseEnEvidence>
</Paragraphe>
				<Paragraphe>Le <LienExterne URL="https://www.legifrance.gouv.fr/jo_pdf.do?id=JORFTEXT000026658002">programme</LienExterne>

  se divise en 3 séquences.</Paragraphe>
				<Tableau>
<Titre>Permis A : contenu et durée de la formation</Titre>
<Colonne largeur="33" type="normal"/>
<Colonne largeur="33" type="normal"/>
<Rangée type="header">
						<Cellule>
							<Paragraphe>Séquence</Paragraphe>
						</Cellule>
						<Cellule>
							<Paragraphe>Durée</Paragraphe>
						</Cellule>
					</Rangée>
<Rangée type="normal">
						<Cellule>
							<Paragraphe>Théorique</Paragraphe>
						</Cellule>
						<Cellule>
							<Paragraphe>2 heures</Paragraphe>
						</Cellule>
					</Rangée>
<Rangée type="normal">
						<Cellule>
							<Paragraphe>Pratique hors circulation</Paragraphe>
						</Cellule>
						<Cellule>
							<Paragraphe>2 heures</Paragraphe>
						</Cellule>
					</Rangée>
<Rangée type="normal">
						<Cellule>
							<Paragraphe>Pratique en circulation</Paragraphe>
						</Cellule>
						<Cellule>
							<Paragraphe>3 heures</Paragraphe>
						</Cellule>
					</Rangée>
</Tableau>
				<Paragraphe>Pour suivre cette formation, adressez-vous  à une moto-école ou à une association agréée par l'État.</Paragraphe>
				<Paragraphe>Les prix sont libres.</Paragraphe>
				<Paragraphe>À la fin de la formation, votre formateur vous remet une attestation de suivi.</Paragraphe>
				<Paragraphe>Il n'y a pas d'examen à passer.</Paragraphe>
			
<Attention>
<Titre>Attention</Titre>
				<Paragraphe>cette attestation  ne permet pas de conduire une moto ou un 3 roues relevant de la catégorie A. Vous devez avoir le permis correspondant.</Paragraphe>
			</Attention>

</SousChapitre>
</Chapitre>
<Chapitre>
<Titre>
<Paragraphe>Demande du permis</Paragraphe>
</Titre>
				<Paragraphe>C'est la moto-école qui s'occupe de la demande de votre permis A.</Paragraphe>
				<Paragraphe>Vous devez lui fournir les documents suivants :</Paragraphe>
				<Liste type="puce">
					<Item>
						<Paragraphe>
<LienInterne LienPublication="F31057" type="Fiche Question-réponse" audience="Particuliers">Justificatif d'identité</LienInterne>
</Paragraphe>
					</Item>
					<Item>
						<Paragraphe>
<LienInterne LienPublication="F31847" type="Fiche Question-réponse" audience="Particuliers">Justificatif de domicile</LienInterne>
</Paragraphe>
					</Item>
					<Item>
						<Paragraphe>2 <LienInterne LienPublication="F10619" type="Fiche Question-réponse" audience="Particuliers">photos d'identité</LienInterne> (ou une <LienExterne URL="https://permisdeconduire.ants.gouv.fr/Services-associes/Ou-faire-votre-photo-et-votre-signature-numerisee">photo numérique d'identité</LienExterne>

 si l'auto-école effectue l'inscription en ligne)</Paragraphe>
					</Item>
					<Item>
						<Paragraphe>Copie de votre permis  A2</Paragraphe>
					</Item>
					<Item>
						<Paragraphe>Attestation de suivi de la formation permettant de passer de la catégorie A2 à la catégorie A</Paragraphe>
					</Item>
					<Item>
						<Paragraphe>Si vous êtes français et âgé de moins de 25 ans,  copie du certificat individuel de participation à la journée défense et citoyenneté (JDC) ou de l'attestation provisoire en instance de convocation à la JDC ou de l'attestation individuelle d'exemption</Paragraphe>
					</Item>
					<Item>
						<Paragraphe>Si vous êtes étranger, justificatif de régularité du séjour ou si vous êtes dispensé de détenir un titre de séjour, preuve de votre présence en France depuis au moins 6 mois (feuille de paie, quittance de loyer...)</Paragraphe>
					</Item>
				</Liste>
			

</Chapitre>
<Chapitre>
<Titre>
<Paragraphe>Prix</Paragraphe>
</Titre><Paragraphe>Les tarifs sont libres concernant la formation de 7 heures.</Paragraphe>

</Chapitre>
<Chapitre>
<Titre>
<Paragraphe>Durée de validité</Paragraphe>
</Titre><Paragraphe>Le permis de conduire de la catégorie A délivré depuis septembre 2013 est valide pendant 15 ans à partir de la date de délivrance.</Paragraphe>
<Paragraphe>La  validité est indiquée sur le permis.</Paragraphe>

</Chapitre>
</Texte><VoirAussi important="non">
<Dossier ID="N18918" audience="Particuliers">
<Titre>Infractions routières</Titre>
<Theme ID="N19812">
<Titre>Transports</Titre>
</Theme>
</Dossier>
</VoirAussi>
<VoirAussi important="oui">
<Fiche ID="F31083" audience="Particuliers">
<Titre>Permis A2 (- de 35 kw)</Titre>
<Theme ID="N19812">
<Titre>Transports</Titre>
</Theme>
</Fiche>
<Fiche ID="F2832" audience="Particuliers">
<Titre>Permis A1 (125 cm3)</Titre>
<Theme ID="N19812">
<Titre>Transports</Titre>
</Theme>
</Fiche>
<Fiche ID="F34168" audience="Particuliers">
<Titre>Équipements obligatoires à moto</Titre>
<Theme ID="N19812">
<Titre>Transports</Titre>
</Theme>
</Fiche>
</VoirAussi>
<Reference type="Texte de référence" URL="https://www.legifrance.gouv.fr/affichCode.do?idSectionTA=LEGISCTA000032465124&amp;cidTexte=LEGITEXT000006074228" ID="R913">
<Titre>Code de la route : articles R221-4 à R221-8</Titre>
<Complement>Délivrance et catégories</Complement>
</Reference>
<Reference type="Texte de référence" URL="https://www.legifrance.gouv.fr/affichCode.do?idSectionTA=LEGISCTA000032465126&amp;cidTexte=LEGITEXT000006074228" ID="R33818">
<Titre>Code de la route : articles R221-9 à R221-13</Titre>
<Complement>Vérification d'aptitude</Complement>
</Reference>
<Reference type="Texte de référence" URL="https://www.legifrance.gouv.fr/affichCode.do?idSectionTA=LEGISCTA000026204404&amp;cidTexte=LEGITEXT000006074228" ID="R33819">
<Titre>Code de la route : articles R226-1 à R226-4</Titre>
<Complement>Contrôle médical</Complement>
</Reference>
<Reference type="Texte de référence" URL="http://www.legifrance.gouv.fr/affichTexte.do?cidTexte=JORFTEXT000025803494" ID="R31125">
<Titre>Arrêté du 20 avril 2012 fixant les conditions d'établissement, de délivrance et de validité du permis de conduire</Titre>
</Reference>
<Reference type="Texte de référence" URL="http://www.legifrance.gouv.fr/affichTexte.do?cidTexte=JORFTEXT000025803553" ID="R31131">
<Titre>Arrêté du 23 avril 2012 fixant les modalités pratiques de l'examen du permis de conduire des catégories A1, A2 et A</Titre>
</Reference>
<Reference type="Texte de référence" URL="http://www.legifrance.gouv.fr/affichTexte.do?cidTexte=JORFTEXT000026658002" ID="R31129">
<Titre>Arrêté du 8 novembre 2012 relatif à la formation requise pour l'obtention de la catégorie A du permis de conduire par les titulaires de la catégorie A2 depuis au moins 2 ans</Titre>
</Reference>
<Reference type="Texte de référence" URL="http://www.legifrance.gouv.fr/affichTexte.do?cidTexte=JORFTEXT000027399390" ID="R32151">
<Titre>Arrêté du 26 avril 2013 relatif à la notification des résultats des examens du permis de conduire</Titre>
</Reference>
<Reference type="Texte de référence" URL="http://www.legifrance.gouv.fr/affichTexte.do?cidTexte=JORFTEXT000028964244" ID="R37076">
<Titre>Arrêté du 12 mai 2014 relatif au livret d'apprentissage des catégories A1, A2 et A du permis de conduire</Titre>
</Reference>
<QuestionReponse ID="F31119" audience="Particuliers">Permis moto : comment passer de la catégorie A2 à la catégorie A ?</QuestionReponse>
<QuestionReponse ID="F45" audience="Particuliers">Peut-on conduire un scooter 3 roues ou une moto 125 avec le permis B ?</QuestionReponse>
<QuestionReponse ID="F16875" audience="Particuliers">Le débridage d'une moto est-il autorisé ?</QuestionReponse>
<QuestionReponse ID="F12789" audience="Particuliers">À quel âge peut-on conduire un scooter ou une moto ?</QuestionReponse>
<QuestionReponse ID="F20634" audience="Particuliers">Conduire une mini-moto, un quad, une moto cross : quelles sont les règles ?</QuestionReponse>
<QuestionReponse ID="F20028" audience="Particuliers">Comment faire ajouter une nouvelle catégorie sur son permis de conduire ?</QuestionReponse>
<QuestionReponse ID="F31057" audience="Particuliers">Demande de permis de conduire : quelle pièce d'identité peut-on présenter ?</QuestionReponse>
<QuestionReponse ID="F12096" audience="Particuliers">Quel permis pour quelle catégorie de véhicules ?</QuestionReponse>



</Publication>
