<?xml version="1.0" encoding="UTF-8"?><Publication xmlns:dc="http://purl.org/dc/elements/1.1/" xmlns:xsi="http://www.w3.org/2001/XMLSchema-instance" ID="F2991" type="Fiche Question-réponse" xsi:noNamespaceSchemaLocation="../Schemas/3.0/Publication.xsd">
<dc:title>Acheter un véhicule en Europe : quelles formalités douanières ?</dc:title>
<dc:creator>Direction de l'information légale et administrative</dc:creator>
<dc:subject>Argent</dc:subject>
<dc:description>En achetant un véhicule dans l'UE, vous n'avez pas de droits de douane à payer, mais dans certains cas il faudra payer la TVA.</dc:description>
<dc:publisher>Direction de l'information légale et administrative</dc:publisher>
<dc:contributor>Direction de l'information légale et administrative (Premier ministre)</dc:contributor>
<dc:date>modified 2019-09-10</dc:date>
<dc:type>Question-réponse</dc:type>
<dc:format>text/xml</dc:format>
<dc:identifier>F2991</dc:identifier>
<dc:source>http://bofip.impots.gouv.fr/bofip/692-PGP</dc:source>
<dc:language>Fr</dc:language>
<dc:relation>isPartOf N230</dc:relation>
<dc:coverage>France entière</dc:coverage>
<dc:rights>https://www.service-public.fr/a-propos/mentions-legales</dc:rights>
<SurTitre>Question-réponse</SurTitre>
<Audience>Particuliers</Audience>
<Canal>www.service-public.fr</Canal>
<FilDAriane>
<Niveau ID="Particuliers">Accueil particuliers</Niveau>
<Niveau ID="N19803">Argent</Niveau>
<Niveau ID="N230">Douane</Niveau>
<Niveau ID="F2991" type="Fiche Question-réponse">Acheter un véhicule en Europe : quelles formalités douanières ?</Niveau>
</FilDAriane>
<Theme ID="N19803">
<Titre>Argent</Titre>
</Theme>
<SousThemePere ID="N20073">Impôts, taxes et douane</SousThemePere><DossierPere ID="N230">
<Titre>Douane</Titre><SousDossier ID="N230-1">
<Titre>Transfert d'argent</Titre>
<Fiche ID="F794">Argent transféré de la France à l'étranger</Fiche>
<Fiche ID="F801">Argent transféré en France depuis l'étranger</Fiche>
</SousDossier>
<SousDossier ID="N230-2">
<Titre>Transfert de marchandises</Titre>
<Fiche ID="F3161">Marchandises arrivant en France</Fiche>
<Fiche ID="F799">Marchandises quittant la France</Fiche>
</SousDossier>
<SousDossier ID="N230-3">
<Titre>Droits de douane, taxes et franchises</Titre>
<Fiche ID="F50">Achats effectués à l'étranger</Fiche>
<Fiche ID="F492">S'installer en France</Fiche>
</SousDossier>
<SousDossier ID="N230-4">
<Titre>Alcool et tabac</Titre>
<Fiche ID="F804">Rapporter du tabac de l'étranger</Fiche>
<Fiche ID="F812">Rapporter de l'alcool de l'étranger</Fiche>
</SousDossier>
</DossierPere>

<ListeSituations affichage="onglet"><Situation>
<Titre>Véhicule neuf</Titre>
<Texte>
<Chapitre><Paragraphe>Si vous achetez un véhicule neuf dans un <LienIntra LienID="R41270" type="Définition de glossaire">pays de l'Union européenne (UE)</LienIntra>, vous n'avez pas de droits de douane à payer, ni de démarches douanières à réaliser.</Paragraphe>
<Paragraphe>Le  véhicule est considéré comme neuf si, le  jour de son importation en France, il a :</Paragraphe>
<Liste type="puce">
<Item>
<Paragraphe>moins de 6 mois</Paragraphe>
</Item>
<Item>
<Paragraphe>
<MiseEnEvidence>ou</MiseEnEvidence> moins de 6 000 kilomètres au compteur.</Paragraphe>
</Item>
</Liste>
<Paragraphe>En revanche, vous devez  payer la TVA en France (généralement au taux de <Valeur>20 %</Valeur>) auprès du service des impôts de votre domicile.</Paragraphe>
<OuSAdresser ID="R15019" type="Local personnalisable">
<Titre>Service en charge des impôts (trésorerie, service des impôts...)</Titre>
<PivotLocal>centre_impots</PivotLocal>
<RessourceWeb URL="https://www.impots.gouv.fr/portail/contacts"/>
<Source ID="R30612">Ministère chargé des finances</Source>
</OuSAdresser>
<Paragraphe>Vous recevrez alors un <LienInterne LienPublication="F179" type="Fiche Question-réponse" audience="Particuliers"> quitus fiscal</LienInterne> (ou certificat fiscal) qui vous permettra de procéder à l'immatriculation de votre véhicule.</Paragraphe>

</Chapitre>
</Texte>
</Situation>
<Situation>
<Titre>Véhicule d'occasion</Titre>
<Texte>
<Chapitre><Paragraphe>Si vous achetez un véhicule d'occasion dans  un <LienIntra LienID="R41270" type="Définition de glossaire">pays de l'Union européenne (UE)</LienIntra>,  vous n'avez pas de droits de douane à payer.</Paragraphe>
<Paragraphe>Le  véhicule est considéré d'occasion  si, le jour de son importation en France, il a :</Paragraphe>
<Liste type="puce">
<Item>
<Paragraphe>plus de 6 mois</Paragraphe>
</Item>
<Item>
<Paragraphe>
<MiseEnEvidence>et</MiseEnEvidence> plus de 6 000 kilomètres au compteur.</Paragraphe>
</Item>
</Liste>
<BlocCas affichage="radio"><Cas>
<Titre>
<Paragraphe>Vous l'achetez à un professionnel</Paragraphe>
</Titre><Paragraphe>Si vous achetez le véhicule à un professionnel (un concessionnaire par exemple), vous devez lui régler  la TVA applicable localement.</Paragraphe>
<Paragraphe>Vous n'aurez pas à payer de TVA supplémentaire en France.</Paragraphe>
<Paragraphe>Demandez ensuite au service des impôts de votre domicile un <LienInterne LienPublication="F179" type="Fiche Question-réponse" audience="Particuliers"> quitus fiscal</LienInterne> (ou certificat fiscal) pour procéder à l'immatriculation de votre véhicule.</Paragraphe>
<OuSAdresser ID="R15019" type="Local personnalisable">
<Titre>Service en charge des impôts (trésorerie, service des impôts...)</Titre>
<PivotLocal>centre_impots</PivotLocal>
<RessourceWeb URL="https://www.impots.gouv.fr/portail/contacts"/>
<Source ID="R30612">Ministère chargé des finances</Source>
</OuSAdresser>

</Cas>
<Cas>
<Titre>
<Paragraphe>Vous l'achetez à un particulier</Paragraphe>
</Titre><Paragraphe>Si vous achetez le véhicule à un particulier, vous n'avez pas à payer la TVA.</Paragraphe>
<Paragraphe>Demandez au service des impôts de votre domicile un <LienInterne LienPublication="F179" type="Fiche Question-réponse" audience="Particuliers"> quitus fiscal</LienInterne> (ou certificat fiscal) pour procéder à l'immatriculation de votre véhicule.</Paragraphe>
<OuSAdresser ID="R15019" type="Local personnalisable">
<Titre>Service en charge des impôts (trésorerie, service des impôts...)</Titre>
<PivotLocal>centre_impots</PivotLocal>
<RessourceWeb URL="https://www.impots.gouv.fr/portail/contacts"/>
<Source ID="R30612">Ministère chargé des finances</Source>
</OuSAdresser>

</Cas>
</BlocCas>

</Chapitre>
</Texte>
</Situation>
</ListeSituations><Reference type="Texte de référence" URL="http://bofip.impots.gouv.fr/bofip/692-PGP" ID="R34905">
<Titre>Bofip-Impôts n°BOI-TVA-SECT-70-30-10 relatif à la TVA des opérations communautaires</Titre>
</Reference>
<PourEnSavoirPlus type="Information pratique" ID="R1023" URL="http://europa.eu/about-eu/countries/index_fr.htm" audience="Particuliers">
<Titre>Pays de l'Union européenne</Titre>
<Source ID="R30669">Commission européenne</Source>
</PourEnSavoirPlus>
<PourEnSavoirPlus type="Information pratique" ID="R15137" URL="http://europa.eu/youreurope/citizens/vehicles/cars/buying-a-car-abroad/index_fr.htm" audience="Particuliers">
<Titre>Achat et leasing d'une voiture dans un autre pays européen : prix et TVA</Titre>
<Source ID="R30669">Commission européenne</Source>
</PourEnSavoirPlus>
<Definition ID="R41270">
<Titre>Union européenne (UE)</Titre>
<Texte>
				<Paragraphe>Allemagne, Autriche, Belgique, Bulgarie, Chypre, Croatie, Danemark, Espagne, Estonie, Finlande, France, Grèce, Hongrie, Irlande, Italie, Lituanie, Lettonie, Luxembourg, Malte, Pays-Bas, Pologne, Portugal, République tchèque, Roumanie, Slovaquie, Slovénie, Suède. Attention : le Royaume-Uni a quitté  l'UE, mais le droit européen s'applique encore aux britanniques jusqu'au 31 décembre 2020.</Paragraphe>
			</Texte>
</Definition>
<QuestionReponse ID="F179" audience="Particuliers">Comment obtenir un quitus fiscal ?</QuestionReponse>
</Publication>
