<?xml version="1.0" encoding="UTF-8"?><Publication xmlns:dc="http://purl.org/dc/elements/1.1/" xmlns:xsi="http://www.w3.org/2001/XMLSchema-instance" ID="F3044" type="Fiche d'information" xsi:noNamespaceSchemaLocation="../Schemas/3.0/Publication.xsd">
<dc:title>Entretien et passeport de formation dans la fonction publique hospitalière (FPH)</dc:title>
<dc:creator>Direction de l'information légale et administrative</dc:creator>
<dc:subject>Travail</dc:subject>
<dc:description>Les agents hospitaliers bénéficient, chaque année, d'un entretien destiné à déterminer leurs besoins de formation. Ils disposent d'un passeport de formation remis par leur établissement pour y mentionner toutes les actions de formation auxquelles ils participent.</dc:description>
<dc:publisher>Direction de l'information légale et administrative</dc:publisher>
<dc:contributor>Direction de l'information légale et administrative (Premier ministre)</dc:contributor>
<dc:date>modified 2020-02-04</dc:date>
<dc:type>Fiche pratique</dc:type>
<dc:format>text/xml</dc:format>
<dc:identifier>F3044</dc:identifier>
<dc:source>https://www.legifrance.gouv.fr/affichTexte.do?cidTexte=JORFTEXT000019354799</dc:source>
<dc:language>Fr</dc:language>
<dc:relation>isPartOf N186</dc:relation>
<dc:coverage>France entière</dc:coverage>
<dc:rights>https://www.service-public.fr/a-propos/mentions-legales</dc:rights>
<SurTitre>Fiche pratique</SurTitre>
<Audience>Particuliers</Audience>
<Canal>www.service-public.fr</Canal>
<FilDAriane>
<Niveau ID="Particuliers">Accueil particuliers</Niveau>
<Niveau ID="N19806">Travail</Niveau>
<Niveau ID="N186">Formation professionnelle dans la fonction publique</Niveau>
<Niveau ID="F3044" type="Fiche d'information">Entretien et passeport de formation dans la fonction publique hospitalière (FPH)</Niveau>
</FilDAriane>
<Theme ID="N19806">
<Titre>Travail</Titre>
</Theme>
<SousThemePere ID="N20176">Formation</SousThemePere><DossierPere ID="N186">
<Titre>Formation professionnelle dans la fonction publique</Titre><SousDossier ID="N186-1">
<Titre>Fonction publique d'État (FPE)</Titre>
<Fiche ID="F20094">Entretien de formation</Fiche>
<Fiche ID="F3019">Formation initiale et formation continue</Fiche>
<Fiche ID="F3026">Congé de formation professionnelle</Fiche>
<Fiche ID="F2749">Période de professionnalisation</Fiche>
<Fiche ID="F18090">Compte personnel de formation (CPF)</Fiche>
<Fiche ID="F3027">Bilan de compétences</Fiche>
</SousDossier>
<SousDossier ID="N186-2">
<Titre>Fonction publique territoriale (FPT)</Titre>
<Fiche ID="F18460">Formation initiale et formation continue</Fiche>
<Fiche ID="F3040">Compte personnel de formation (CPF)</Fiche>
<Fiche ID="F3042">Congé de formation professionnelle</Fiche>
<Fiche ID="F2282">Bilan de compétences</Fiche>
</SousDossier>
<SousDossier ID="N186-3">
<Titre>Fonction publique hospitalière (FPH)</Titre>
<Fiche ID="F3044">Entretien de formation</Fiche>
<Fiche ID="F3033">Formation initiale et formation continue</Fiche>
<Fiche ID="F3063">Période de professionnalisation</Fiche>
<Fiche ID="F3080">Compte personnel de formation (CPF)</Fiche>
<Fiche ID="F3054">Congé de formation professionnelle</Fiche>
<Fiche ID="F33300">Bilan de compétences</Fiche>
</SousDossier>
</DossierPere>

<SousDossierPere>Fonction publique hospitalière (FPH)</SousDossierPere>
<Introduction>
<Texte><Paragraphe>Les agents  hospitaliers bénéficient, chaque année, d'un entretien destiné à déterminer leurs  besoins de formation. Ils disposent d'un passeport de formation remis par leur établissement pour y mentionner toutes les actions de formation auxquelles ils participent.</Paragraphe>
</Texte>
</Introduction>
<Texte><Chapitre>
<Titre>
<Paragraphe>De quoi s'agit-il ?</Paragraphe>
</Titre><Paragraphe>Les agents de la fonction publique hospitalière bénéficient, chaque année, d'un entretien de formation avec leur responsable hiérarchique.</Paragraphe>

</Chapitre>
<Chapitre>
<Titre>
<Paragraphe>Déroulement</Paragraphe>
</Titre><Paragraphe>L'entretien est destiné à déterminer leurs besoins de formations.</Paragraphe>
<Paragraphe>Cet entretien permet également aux agents de présenter leurs demandes en matière de préparation aux concours, de validation des acquis de l'expérience (VAE), de bilan de compétences et de période de professionnalisation.</Paragraphe>
<Paragraphe>Le supérieur hiérarchique de l'agent établit un compte-rendu de l'entretien. Les objectifs de formation proposés pour l'agent y sont inscrits.</Paragraphe>
<Paragraphe>Ce compte-rendu est communiqué à l'agent qui peut y ajouter des observations. Il est joint au dossier individuel de l'agent.</Paragraphe>
<Paragraphe>Les refus aux demandes de formation de l'agent doivent être motivés.</Paragraphe>

</Chapitre>
<Chapitre>
<Titre>
<Paragraphe>Périodicité</Paragraphe>
</Titre><Paragraphe>L'entretien se déroule tous les ans.</Paragraphe>

</Chapitre>
<Chapitre>
<Titre>
<Paragraphe>Passeport de formation</Paragraphe>
</Titre><Paragraphe>Un passeport de formation est remis à chaque agent hospitalier, fonctionnaire ou contractuel, lors de son entrée dans la fonction publique hospitalière.</Paragraphe>
<Paragraphe>Ce passeport est sa propriété. <MiseEnEvidence>Il appartient à l'agent de le mettre à jour</MiseEnEvidence> tout au long de sa carrière.</Paragraphe>
<Paragraphe>Le passeport de formation recense notamment :</Paragraphe>
<Liste type="puce">
<Item>
<Paragraphe>les diplômes, titres et certifications à finalité professionnelle obtenus par l'agent,</Paragraphe>
</Item>
<Item>
<Paragraphe>les formations suivies et dispensées pour la formation continue,</Paragraphe>
</Item>
<Item>
<Paragraphe>les bilans de compétences réalisés.</Paragraphe>
</Item>
</Liste>
<Paragraphe>Il permet aussi de mentionner les emplois exercés et les aptitudes professionnelles mises en œuvre dans le cadre de ces emplois.</Paragraphe>
<Paragraphe>Le passeport permet à l'agent d'inscrire en annexe les décisions en matière de formation prises lors des entretiens de formation ou à la suite de bilans de compétences.</Paragraphe>

</Chapitre>
</Texte><Reference type="Texte de référence" URL="https://www.legifrance.gouv.fr/affichTexte.do?cidTexte=JORFTEXT000019354799" ID="R34915">
<Titre>Décret du 21 août 2008 relatif à la formation professionnelle tout au long de la vie des agents de la fonction publique hospitalière</Titre>
<Complement>Articles 3 et 4</Complement>
</Reference>
<PourEnSavoirPlus type="Information pratique" ID="R55466" URL="https://www.anfh.fr/se-former-dans-la-fph/le-passeport-formation" audience="Particuliers">
<Titre>Le passeport formation</Titre>
<Source ID="R30716">Association nationale pour la formation du personnel hospitalier (ANFH)</Source>
</PourEnSavoirPlus>
</Publication>
