<?xml version="1.0" encoding="UTF-8"?><Publication xmlns:dc="http://purl.org/dc/elements/1.1/" xmlns:xsi="http://www.w3.org/2001/XMLSchema-instance" ID="F3050" type="Fiche d'information" xsi:noNamespaceSchemaLocation="../Schemas/3.0/Publication.xsd">
<dc:title>Assurance habitation : recours en cas de litiges avec l'assureur</dc:title>
<dc:creator>Direction de l'information légale et administrative</dc:creator>
<dc:subject>Argent</dc:subject>
<dc:description>Si vous avez un désaccord avec votre assureur, vous devez tout d'abord saisir ses propres services (interlocuteur habituel ou service clientèle).</dc:description>
<dc:publisher>Direction de l'information légale et administrative</dc:publisher>
<dc:contributor>Direction de l'information légale et administrative (Premier ministre)</dc:contributor>
<dc:date>modified 2020-01-01</dc:date>
<dc:type>Fiche pratique</dc:type>
<dc:format>text/xml</dc:format>
<dc:identifier>F3050</dc:identifier>
<dc:language>Fr</dc:language>
<dc:relation>isPartOf N44</dc:relation>
<dc:coverage>France entière</dc:coverage>
<dc:rights>https://www.service-public.fr/a-propos/mentions-legales</dc:rights>
<SurTitre>Fiche pratique</SurTitre>
<Audience>Particuliers</Audience>
<Canal>www.service-public.fr</Canal>
<FilDAriane>
<Niveau ID="Particuliers">Accueil particuliers</Niveau>
<Niveau ID="N19803">Argent</Niveau>
<Niveau ID="N44">Assurance habitation</Niveau>
<Niveau ID="F3050" type="Fiche d'information">Assurance habitation : recours en cas de litiges avec l'assureur</Niveau>
</FilDAriane>
<Theme ID="N19803">
<Titre>Argent</Titre>
</Theme>
<SousThemePere ID="N20263">Assurance</SousThemePere><DossierPere ID="N44">
<Titre>Assurance habitation</Titre><SousDossier ID="N44-1">
<Titre>Vie du contrat</Titre>
<Fiche ID="F2591">Souscription</Fiche>
<Fiche ID="F2594">Modification</Fiche>
<Fiche ID="F19083">Résiliation</Fiche>
<Fiche ID="F3050">Recours et litiges</Fiche>
</SousDossier>
<SousDossier ID="N44-2">
<Titre>Assurance du locataire</Titre>
<Fiche ID="F1349">Assurance de base</Fiche>
<Fiche ID="F1350">Assurances complémentaires</Fiche>
<Fiche ID="F21478">Colocation</Fiche>
<Fiche ID="F10827">Déménagement</Fiche>
</SousDossier>
<SousDossier ID="N44-3">
<Titre>Assurance du propriétaire</Titre>
<Fiche ID="F2023">Obligations du propriétaire</Fiche>
<Fiche ID="F10830">Vente ou achat</Fiche>
</SousDossier>
<SousDossier ID="N44-4">
<Titre>Sinistre</Titre>
<Fiche ID="F3077">Sinistre courant</Fiche>
<Fiche ID="F2028">Cambriolage</Fiche>
<Fiche ID="F1352">Dégât des eaux</Fiche>
<Fiche ID="F21532">Incendie ou explosion</Fiche>
<Fiche ID="F3076">Catastrophes naturelles</Fiche>
</SousDossier>
</DossierPere>

<SousDossierPere>Vie du contrat</SousDossierPere>
<Introduction>
<Texte><Paragraphe>Si vous avez un désaccord avec votre assureur, vous devez tout d'abord saisir ses propres services (votre conseiller habituel ou le service clientèle par exemple). Si aucune solution n'a été trouvée et que le litige persiste, vous pouvez alors vous retourner vers le médiateur  de l'assurance ou saisir la justice.</Paragraphe>
</Texte>
</Introduction>
<Texte><Chapitre ID="R41828">
<Titre>
<Paragraphe>Recours auprès de votre assureur</Paragraphe>
</Titre><Paragraphe>Vous devez saisir votre assureur en cas de litige avec ses services avant de pouvoir saisir le médiateur. Vous devez contacter votre interlocuteur habituel (conseiller ou agent d'assurance) avant de saisir le service réclamation de votre assureur.</Paragraphe>

<SousChapitre>
<Titre>
<Paragraphe>Contact avec votre conseiller habituel</Paragraphe>
</Titre><Paragraphe>En cas de litige avec votre assureur (sur l'<LienInterne LienPublication="R16255" type="Modèle de document" audience="Particuliers">indemnisation d'un sinistre</LienInterne> ou sur le montant d'une cotisation par exemple), vous devez lui signaler  votre désaccord, par lettre recommandée avec accusé de réception, avant la fin du délai de prescription de 2 ans.</Paragraphe>
<Paragraphe>Une négociation (orale ou écrite) peut alors débuter  et aboutir à une solution amiable. Une transaction est alors signée entre votre assureur et vous et le litige est ainsi clos.</Paragraphe>
<ANoter>
<Titre>À noter</Titre><Paragraphe>vous pouvez aussi  faire appel personnellement à un expert indépendant de votre assureur, par exemple si vous êtes en désaccord avec la proposition d'indemnisation.</Paragraphe>
</ANoter>
</SousChapitre>
<SousChapitre>
<Titre>
<Paragraphe>Saisine du service réclamation de votre assureur</Paragraphe>
</Titre><Paragraphe>Si le litige persiste, vous pouvez saisir le service  réclamation de votre compagnie d'assurance.</Paragraphe>
<Paragraphe>Les coordonnées de ces services figurent <MiseEnEvidence>obligatoirement</MiseEnEvidence> dans les conditions générales du contrat d'assurance.</Paragraphe>
<Paragraphe>Envoyez-lui votre dossier contenant :</Paragraphe>
<Liste type="puce">
<Item>
<Paragraphe>un courrier indiquant l'objet du  litige avec votre assureur et les démarches que vous avez déjà effectuées,</Paragraphe>
</Item>
<Item>
<Paragraphe>les copies des documents en rapport avec ce litige (factures, courriers...).</Paragraphe>
</Item>
</Liste>
<Paragraphe>Le service devrait vous répondre dans les 2 mois qui suivent la réception de votre courrier.</Paragraphe>
<Paragraphe>Si vous n'avez pas de réponse ou qu'aucun  règlement amiable du litige n'est possible, vous pourrez alors saisir le médiateur.</Paragraphe>

</SousChapitre>
</Chapitre>
<Chapitre ID="R41826">
<Titre>
<Paragraphe>Saisir le médiateur des assurances</Paragraphe>
</Titre><Paragraphe>Le médiateur est une autorité indépendante et extérieure aux sociétés d'assurance. Il aide à trouver des solutions amiables aux litiges entre les consommateurs et les compagnies d'assurance membres de la Médiation de l'Assurance.</Paragraphe>

<SousChapitre>
<Titre>
<Paragraphe>Qui peut le saisir ?</Paragraphe>
</Titre><Paragraphe>Il peut être saisi par :</Paragraphe>
<Liste type="puce">
<Item>
<Paragraphe>l'assuré ou ses représentants,</Paragraphe>
</Item>
<Item>
<Paragraphe>les associations de consommateurs,</Paragraphe>
</Item>
<Item>
<Paragraphe>les professions juridiques,</Paragraphe>
</Item>
<Item>
<Paragraphe>les pouvoirs publics,</Paragraphe>
</Item>
<Item>
<Paragraphe>la société d'assurance, avec l'accord de son client.</Paragraphe>
</Item>
</Liste>

</SousChapitre>
<SousChapitre>
<Titre>
<Paragraphe>Quel médiateur saisir ?</Paragraphe>
</Titre><Paragraphe>Le médiateur à saisir doit être inscrit dans le contrat d'assurance. Il s'agit en règle générale du médiateur de l'assurance.</Paragraphe>
<OuSAdresser ID="R53" type="Centre de contact">
<Titre>Médiateur de l'assurance</Titre>
<Texte>
						<Chapitre>
<Titre>
<Paragraphe>Par courrier</Paragraphe>
</Titre>
								<Paragraphe>
			Médiation de l'assurance</Paragraphe>
								<Paragraphe>
			TSA 50 110</Paragraphe>
								<Paragraphe>
			75441 PARIS CEDEX 09
		</Paragraphe>
							</Chapitre>
						<Chapitre>
<Titre>
<Paragraphe>Par voie électronique</Paragraphe>
</Titre>
								<Paragraphe>
			<LienExterne URL="http://www.mediation-assurance.org/Saisir+le+mediateur">Saisir le médiateur de l'assurance</LienExterne>
</Paragraphe>
							</Chapitre>
					</Texte>
</OuSAdresser>
<Paragraphe>S'il s'agit d'un médiateur différent du Médiateur de l'assurance, vous pouvez demander ses coordonnées à votre assureur.</Paragraphe>

</SousChapitre>
<SousChapitre>
<Titre>
<Paragraphe>Quand le saisir ?</Paragraphe>
</Titre><Paragraphe>Il peut être saisi lorsque vous avez adressée une réclamation écrite à la compagnie d'assurance et que vous n'avez pas obtenu un résultat satisfaisant.</Paragraphe>

</SousChapitre>
<SousChapitre>
<Titre>
<Paragraphe>Comment le saisir?</Paragraphe>
</Titre><Paragraphe>Adressez-lui un  courrier ou un courriel, en indiquant notamment :</Paragraphe>
<Liste type="puce">
<Item>
<Paragraphe>le nom de la compagnie d'assurance avec laquelle vous avez un litige,</Paragraphe>
</Item>
<Item>
<Paragraphe>le numéro de votre contrat,</Paragraphe>
</Item>
<Item>
<Paragraphe>une description des événements intervenus et de l'objet du litige.</Paragraphe>
</Item>
</Liste>
<Paragraphe>Joignez également les photocopies des justificatifs nécessaires (contrat d'assurance) et des courriers échangés avec la compagnie d'assurance.</Paragraphe>
<ANoter>
<Titre>À noter</Titre>
<Paragraphe>la procédure interrompt le <LienInterne LienPublication="F862" type="Fiche Question-réponse" audience="Particuliers">délai de prescription</LienInterne> de 2 ans.</Paragraphe>
</ANoter><ServiceEnLigne ID="R12259" URL="https://www.inc-conso.fr/content/vous-saisissez-le-mediateur-en-assurances-pour-resoudre-un-litige" type="Modèle de document">
<Titre>Saisir le médiateur en assurances</Titre>
<Source ID="R30643">Institut national de la consommation (INC)</Source>
</ServiceEnLigne>


</SousChapitre>
<SousChapitre>
<Titre>
<Paragraphe>Traitement de la demande</Paragraphe>
</Titre><Paragraphe>Le médiateur émet un avis dans un délai moyen entre 3 et 6 mois. La portée de cet avis est précisée dans le contrat d'assurance.</Paragraphe>
<Paragraphe>Si la décision du médiateur ne vous satisfait pas, vous pouvez encore faire un <LienIntra LienID="R41827" type="Chapitre">recours en justice</LienIntra>.</Paragraphe>

</SousChapitre>
</Chapitre>
<Chapitre ID="R41827">
<Titre>
<Paragraphe>Agir en justice</Paragraphe>
</Titre><Paragraphe>Quand les autres voies de recours n'ont pas permis d'obtenir un accord, vous pouvez encore porter l'affaire devant la justice. La  détermination de la juridiction compétente dépend  de l'importance du litige.</Paragraphe>

<SousChapitre>
<Titre>
<Paragraphe>Quelle juridiction saisir ?</Paragraphe>
</Titre>
				<Paragraphe>La juridiction compétente dépend des sommes en jeu dans le litige.</Paragraphe>
				<Paragraphe>Pour un litige inférieur ou égal à   <Valeur>10 000 €</Valeur>, c'est  le <LienInterne LienPublication="F1783" type="Fiche d'information" audience="Particuliers">tribunal de proximité </LienInterne>ou le <LienInterne LienPublication="F20851" type="Fiche d'information" audience="Particuliers">tribunal judiciaire</LienInterne>
</Paragraphe>
				<Paragraphe>Pour un  litige  supérieur à <Valeur>10 000 €</Valeur>, c'est le  <LienInterne LienPublication="F20851" type="Fiche d'information" audience="Particuliers">tribunal judiciaire</LienInterne>
</Paragraphe>
				<OuSAdresser ID="R30" type="Local">
<Titre>Tribunal judiciaire ou de proximité</Titre>
<RessourceWeb URL="https://www.justice.fr/recherche/annuaires"/>
<Source ID="R30663">Ministère chargé de la justice</Source>
</OuSAdresser>
			<Attention>
<Titre>Attention</Titre><Paragraphe>si le litige est lié à un accident, c'est toujours le  tribunal judiciaire qui est compétent.</Paragraphe>
</Attention><Paragraphe>Vous pouvez saisir la juridiction dont dépend votre domicile pour toute action en indemnisation, sauf dans 2 cas :</Paragraphe>
<Liste type="puce">
<Item>
<Paragraphe>si le litige est lié à un accident, vous pouvez saisir la juridiction du lieu où s'est produit le sinistre,</Paragraphe>
</Item>
<Item>
<Paragraphe>si le litige concerne un bâtiment ou un bien mobilier,  c'est la juridiction du lieu de situation du bâtiment  ou de l'objet assurés qui doit être saisie.</Paragraphe>
</Item>
</Liste>
<Paragraphe>Par exemple, si vous habitez Paris et avez eu un accident à Bordeaux, vous pouvez saisir le tribunal de Paris ou Bordeaux.</Paragraphe>

</SousChapitre>
<SousChapitre>
<Titre>
<Paragraphe>Faut-il un avocat ?</Paragraphe>
</Titre><Paragraphe>Vous devez être représenté par  un <LienInterne LienPublication="F2153" type="Fiche d'information" audience="Particuliers">avocat</LienInterne> si le porte sur un montant de plus de <Valeur>10 000 €</Valeur>.</Paragraphe>
<Paragraphe>Dans les autres cas, quand l'affaire est jugée par le tribunal, un avocat n'est pas obligatoire.</Paragraphe>

</SousChapitre>
<SousChapitre>
<Titre>
<Paragraphe>Délai de prescription</Paragraphe>
</Titre><Paragraphe>Le <LienInterne LienPublication="F862" type="Fiche Question-réponse" audience="Particuliers">délai de prescription</LienInterne> en matière d'assurance est de <LienInterne LienPublication="F31111" type="Fiche Question-réponse" audience="Particuliers">2 ans à partir de la date de l’événement</LienInterne> qui a donné naissance au litige.</Paragraphe>
<Paragraphe>Ce délai peut être prolongé par une des causes ordinaires de suspension  comme la désignation d'un expert, l'envoi d'une lettre recommandée papier ou électronique par exemple.</Paragraphe>
<Paragraphe>Ce délai est porté à 10 ans pour les recours en réparation de dommages corporels.</Paragraphe>

</SousChapitre>
</Chapitre>
</Texte><OuSAdresser ID="R16526" type="Local">
<Titre>Assurance Banque Épargne Info Service</Titre>
<Complement>Pour un complément d'information</Complement>
<RessourceWeb URL="https://www.abe-infoservice.fr/vos-demarches/nous-contacter#1"/>
</OuSAdresser>
<OuSAdresser ID="R11621" type="Local personnalisé sur SP">
<Titre>Maison de justice et du droit</Titre>
<Complement>Pour obtenir des conseils</Complement>
<PivotLocal>mjd</PivotLocal>
<RessourceWeb URL="http://www.annuaires.justice.gouv.fr/lieux-dacces-aux-droits-10111/"/>
<Source ID="R30663">Ministère chargé de la justice</Source>
</OuSAdresser>
<ServiceEnLigne ID="R12259" URL="https://www.inc-conso.fr/content/vous-saisissez-le-mediateur-en-assurances-pour-resoudre-un-litige" type="Modèle de document">
<Titre>Saisir le médiateur en assurances</Titre>
<Source ID="R30643">Institut national de la consommation (INC)</Source>
</ServiceEnLigne>
<ServiceEnLigne ID="R16255" URL="https://www.inc-conso.fr/content/la-suite-dun-sinistre-votre-assureur-tarde-vous-indemniser" type="Modèle de document">
<Titre>Saisir son assureur en cas de retard dans l'indemnisation d'un sinistre</Titre>
<Source ID="R30643">Institut national de la consommation (INC)</Source>
</ServiceEnLigne>
<PourEnSavoirPlus type="Information pratique" ID="R53625" URL="https://www.abe-infoservice.fr/vos-demarches/formuler-une-reclamation-aupres-dun-organisme/assurance-comment-regler-un-litige" audience="Particuliers">
<Titre>Assurance : comment régler un litige ?</Titre>
<Source ID="R34551">Autorité de contrôle prudentiel et de résolution (ACPR)</Source>
</PourEnSavoirPlus>
<PourEnSavoirPlus type="Information pratique" ID="R51387" URL="https://www.inc-conso.fr/content/lassurance-multirisques-habitation" audience="Particuliers">
<Titre>L'assurance multirisques habitation</Titre>
<Source ID="R30643">Institut national de la consommation (INC)</Source>
</PourEnSavoirPlus>
<QuestionReponse ID="F862" audience="Particuliers">Quel est le délai de prescription en matière d'assurance habitation?</QuestionReponse>
<QuestionReponse ID="F3075" audience="Particuliers">Assurance habitation : comment se déroule l'expertise ?</QuestionReponse>



</Publication>
