<?xml version="1.0" encoding="UTF-8"?><Publication xmlns:dc="http://purl.org/dc/elements/1.1/" xmlns:xsi="http://www.w3.org/2001/XMLSchema-instance" ID="F3087" type="Fiche d'information" xsi:noNamespaceSchemaLocation="../Schemas/3.0/Publication.xsd">
<dc:title>Bilan de compétences d'un salarié du secteur privé</dc:title>
<dc:creator>Direction de l'information légale et administrative</dc:creator>
<dc:subject>Travail</dc:subject>
<dc:description>Un salarié peut effectuer un bilan de compétences en appui d'un projet d'évolution professionnelle. Son consentement est obligatoire.</dc:description>
<dc:publisher>Direction de l'information légale et administrative</dc:publisher>
<dc:contributor>Direction de l'information légale et administrative (Premier ministre)</dc:contributor>
<dc:date>modified 2019-01-01</dc:date>
<dc:type>Fiche pratique</dc:type>
<dc:format>text/xml</dc:format>
<dc:identifier>F3087</dc:identifier>
<dc:source>http://www.legifrance.gouv.fr/affichCodeArticle.do?idArticle=LEGIARTI000021341894&amp;cidTexte=LEGITEXT000006072050, https://www.legifrance.gouv.fr/affichCodeArticle.do?idArticle=LEGIARTI000037385673&amp;cidTexte=LEGITEXT000006072050, https://www.legifrance.gouv.fr/affichCode.do?idSectionTA=LEGISCTA000038014105&amp;cidTexte=LEGITEXT000006072050, https://www.legifrance.gouv.fr/affichCode.do?idSectionTA=LEGISCTA000028697779&amp;cidTexte=LEGITEXT000006072050, https://www.legifrance.gouv.fr/affichCode.do?idSectionTA=LEGISCTA000038034674&amp;cidTexte=LEGITEXT000006072050</dc:source>
<dc:language>Fr</dc:language>
<dc:relation>isPartOf N177</dc:relation>
<dc:coverage>France entière</dc:coverage>
<dc:rights>https://www.service-public.fr/a-propos/mentions-legales</dc:rights>
<SurTitre>Fiche pratique</SurTitre>
<Audience>Particuliers</Audience>
<Canal>www.service-public.fr</Canal>
<FilDAriane>
<Niveau ID="Particuliers">Accueil particuliers</Niveau>
<Niveau ID="N19806">Travail</Niveau>
<Niveau ID="N177">Formation des salariés du secteur privé</Niveau>
<Niveau ID="F3087" type="Fiche d'information">Bilan de compétences d'un salarié du secteur privé</Niveau>
</FilDAriane>
<Theme ID="N19806">
<Titre>Travail</Titre>
</Theme>
<SousThemePere ID="N20176">Formation</SousThemePere><DossierPere ID="N177">
<Titre>Formation des salariés du secteur privé</Titre><SousDossier ID="N177-1">
<Titre>Dispositifs d'accès à la formation</Titre>
<Fiche ID="F11267">Plan de développement des compétences</Fiche>
<Fiche ID="F13516">Reconversion ou promotion par alternance (Pro-A)</Fiche>
<Fiche ID="F10705">Compte personnel de formation (CPF) - Secteur privé</Fiche>
<Fiche ID="F32457">Conseil en évolution professionnelle (CEP)</Fiche>
</SousDossier>
<SousDossier ID="N177-2">
<Titre>Congés et absence pour formation</Titre>
<Fiche ID="F3087">Bilan de compétence</Fiche>
<Fiche ID="F14018">CPF de transition</Fiche>
<Fiche ID="F2285">Congé de formation d'un conseiller prud'homal</Fiche>
<Fiche ID="F2297">Congé de formation d'un salarié membre du CSE</Fiche>
<Fiche ID="F2299">Congé de formation - Animateur ou cadre pour la jeunesse</Fiche>
<Fiche ID="F2320">Congé de formation économique, sociale et syndicale</Fiche>
</SousDossier>
</DossierPere>

<SousDossierPere>Congés et absence pour formation</SousDossierPere>
<Introduction>
<Texte><Paragraphe>Les salariés du secteur privé, ainsi que les demandeurs d'emploi, peuvent bénéficier d'un bilan de compétences afin d'analyser ses compétences professionnelles et personnelles. Le  financement passe par le compte personnel de formation (CPF). La rémunération du salarié est maintenue si le bilan a lieu sur le temps de travail. Si le bilan est à la demande de l'employeur, il faut le consentement du salarié.</Paragraphe>
</Texte>
</Introduction>
<Texte><Chapitre>
<Titre>
<Paragraphe>Qui peut en bénéficier ?</Paragraphe>
</Titre><Paragraphe>Tous les salariés du secteur privé,  ainsi que les demandeurs d'emploi, peuvent bénéficier d'un bilan de compétences.</Paragraphe>

</Chapitre>
<Chapitre>
<Titre>
<Paragraphe>Démarche</Paragraphe>
</Titre><SousChapitre>
<Titre>
<Paragraphe>Auprès de l'employeur</Paragraphe>
</Titre><Paragraphe>La demande diffère selon que le bilan de compétences a lieu dans le cadre du compte personnel de formation (CPF) ou du plan de développement des compétences ou d'un congé de reclassement.</Paragraphe>
<BlocCas affichage="onglet"><Cas>
<Titre>
<Paragraphe>CPF</Paragraphe>
</Titre><Paragraphe>Lorsque le salarié utilise son <LienInterne LienPublication="F10705" type="Fiche d'information" audience="Particuliers">CPF</LienInterne> pour un bilan réalisé hors temps de travail, l'employeur n'a pas à être informé.</Paragraphe>
<Paragraphe>Lorsque le salarié utilise son CPF pour un bilan réalisé en tout ou partie, pendant le temps de travail, il doit demander l'accord préalable de l'employeur selon les règles propres à l'utilisation du CPF.</Paragraphe>

</Cas>
<Cas>
<Titre>
<Paragraphe>Plan de développement des compétences</Paragraphe>
</Titre><Paragraphe>Il faut obligatoirement le consentement du salarié.</Paragraphe>
<Paragraphe>Si le bilan de compétences  est réalisé au titre du plan de développement des compétences, il fait l'objet d'une convention écrite  entre l'employeur, le salarié et l'organisme prestataire du bilan de compétences.</Paragraphe>
<Paragraphe>La convention rappelle aux signataires leurs principales obligations respectives (durée, période de réalisation, remise des résultats, prix...).</Paragraphe>
<Paragraphe>Le salarié dispose d'un délai de 10 jours pour faire connaître son acceptation en rendant la convention signée. L'absence de réponse du salarié à la fin de ce délai vaut refus de conclure la convention.</Paragraphe>
<Paragraphe>Le refus d'un salarié de consentir au bilan ne constitue ni une faute ni un motif de licenciement.</Paragraphe>

</Cas>
<Cas>
<Titre>
<Paragraphe>Congé de reclassement</Paragraphe>
</Titre><Paragraphe>Le bilan de compétence peut être réalisé en début de <LienInterne LienPublication="F2906" type="Fiche d'information" audience="Particuliers">congé de reclassement</LienInterne>.</Paragraphe>

</Cas>
</BlocCas>

</SousChapitre>
<SousChapitre>
<Titre>
<Paragraphe>Choix de l'organisme prestataire</Paragraphe>
</Titre><Paragraphe>Le salarié doit choisir le prestataire de bilans de compétences.</Paragraphe>
<Paragraphe>Les employeurs ne peuvent pas réaliser eux-mêmes des bilans de compétences pour leurs salariés.</Paragraphe>
<Paragraphe>Les organismes paritaires agréés sont  à disposition du salarié pour le renseigner.</Paragraphe>
<OuSAdresser ID="R39859" type="National">
<Titre>Commissions paritaires interprofessionnelles régionales (CPIR)</Titre>
<RessourceWeb URL="https://travail-emploi.gouv.fr/formation-professionnelle/acteurs-cadre-et-qualite-de-la-formation-professionnelle/cpir"/>
<Source ID="R30661">Ministère chargé du travail</Source>
</OuSAdresser>

</SousChapitre>
</Chapitre>
<Chapitre ID="R42108">
<Titre>
<Paragraphe>Déroulement</Paragraphe>
</Titre><SousChapitre>
<Titre>
<Paragraphe>Phase préliminaire</Paragraphe>
</Titre><Paragraphe>La phase préliminaire a pour objet :</Paragraphe>
<Liste type="puce">
<Item>
<Paragraphe>d'analyser la demande et le besoin du bénéficiaire,</Paragraphe>
</Item>
<Item>
<Paragraphe>de déterminer le format le plus adapté à la situation et au besoin,</Paragraphe>
</Item>
<Item>
<Paragraphe>de définir conjointement la procédure de déroulement du bilan.</Paragraphe>
</Item>
</Liste>

</SousChapitre>
<SousChapitre>
<Titre>
<Paragraphe>Phase d'investigation</Paragraphe>
</Titre><Paragraphe>La phase d'investigation permet au bénéficiaire :</Paragraphe>
<Liste type="puce">
<Item>
<Paragraphe>soit de construire son projet professionnel et d'en vérifier la pertinence,</Paragraphe>
</Item>
<Item>
<Paragraphe>soit d'élaborer une ou plusieurs alternatives.</Paragraphe>
</Item>
</Liste>

</SousChapitre>
<SousChapitre>
<Titre>
<Paragraphe>Phase de conclusion</Paragraphe>
</Titre><Paragraphe>La phase de conclusion permet au bénéficiaire, au moyen d'entretiens personnalisés :</Paragraphe>
<Liste type="puce">
<Item>
<Paragraphe>de s'approprier les résultats détaillés de la phase d'investigation,</Paragraphe>
</Item>
<Item>
<Paragraphe>de  recenser les conditions et moyens favorisant la réalisation du ou des projets professionnels,</Paragraphe>
</Item>
<Item>
<Paragraphe>de prévoir les principales  étapes du ou des projets professionnels, dont la possibilité de bénéficier d'un entretien de suivi avec le prestataire de bilan de compétences.</Paragraphe>
</Item>
</Liste>
<Paragraphe>Cette phase se termine par la présentation au bénéficiaire d’un document de synthèse, établi par l'organisme prestataire. Le bénéficiaire du bilan est seul destinataire des résultats détaillés et du document de synthèse qui ne peuvent être communiqués à un tiers qu'avec son accord.</Paragraphe>

</SousChapitre>
</Chapitre>
<Chapitre>
<Titre>
<Paragraphe>Durée</Paragraphe>
</Titre><Paragraphe>La durée du bilan de compétences est de 24 heures maximum. Ces heures se répartissent généralement sur plusieurs semaines.</Paragraphe>

</Chapitre>
<Chapitre>
<Titre>
<Paragraphe>Rémunération</Paragraphe>
</Titre><Paragraphe>Lorsque le bilan est réalisé sur le temps de travail il  donne lieu, pendant sa réalisation, au maintien de la rémunération.</Paragraphe>
<Paragraphe>Si le bilan se déroule hors temps de travail, aucune rémunération ne sera versée.</Paragraphe>

</Chapitre>
</Texte><Reference type="Texte de référence" URL="http://www.legifrance.gouv.fr/affichCodeArticle.do?idArticle=LEGIARTI000021341894&amp;cidTexte=LEGITEXT000006072050" ID="R41837">
<Titre>Code du travail : article L6313-1</Titre>
<Complement>Liste des formations autorisées</Complement>
</Reference>
<Reference type="Texte de référence" URL="https://www.legifrance.gouv.fr/affichCodeArticle.do?idArticle=LEGIARTI000037385673&amp;cidTexte=LEGITEXT000006072050" ID="R52712">
<Titre>Code du travail : article L6313-4</Titre>
<Complement>Bilan de compétences</Complement>
</Reference>
<Reference type="Texte de référence" URL="https://www.legifrance.gouv.fr/affichCode.do?idSectionTA=LEGISCTA000038014105&amp;cidTexte=LEGITEXT000006072050" ID="R52711">
<Titre>Code du travail : articles R6313-4 à R6313-8</Titre>
<Complement>Bilan de compétences</Complement>
</Reference>
<Reference type="Texte de référence" URL="https://www.legifrance.gouv.fr/affichCode.do?idSectionTA=LEGISCTA000028697779&amp;cidTexte=LEGITEXT000006072050" ID="R39212">
<Titre>Code du travail : articles L6323-1 à L6323-9</Titre>
<Complement>Bilan de compétences dans le cadre du CPF (article L6323-6)</Complement>
</Reference>
<Reference type="Texte de référence" URL="https://www.legifrance.gouv.fr/affichCode.do?idSectionTA=LEGISCTA000038034674&amp;cidTexte=LEGITEXT000006072050" ID="R52709">
<Titre>Code du travail : articles D6323-6 à D6323-8</Titre>
<Complement>Bilan de compétences dans le cadre du CPF (article D6323-6)</Complement>
</Reference>
<PourEnSavoirPlus type="Information pratique" ID="R52710" URL="https://travail-emploi.gouv.fr/formation-professionnelle/evoluer-professionnellement/bilan-competences" audience="Particuliers">
<Titre>Le bilan de compétences</Titre>
<Source ID="R30661">Ministère chargé du travail</Source>
</PourEnSavoirPlus>
<PourEnSavoirPlus type="Information pratique" ID="R41809" URL="http://www.cibc.net/" audience="Particuliers">
<Titre>Site des CIBC</Titre>
<Source ID="R30774">Fédération nationale des centres interinstitutionnels de bilan de compétences</Source>
</PourEnSavoirPlus>
<PourEnSavoirPlus type="Information pratique" ID="R54890" URL="http://www.ffpabc.org/nos-implantations/" audience="Particuliers">
<Titre>Site de la FFPABC</Titre>
<Source ID="R54894">Fédération Française des Professionnels de l'Accompagnement et du Bilan de Compétences</Source>
</PourEnSavoirPlus>
<PourEnSavoirPlus type="Information pratique" ID="R54282" URL="https://travail-emploi.gouv.fr/ministere/acteurs/partenaires/opco#Liste-des-operateurs-de-competences-OPCO" audience="Particuliers">
<Titre>Liste des opérateurs de compétences (OPCO)</Titre>
<Source ID="R30661">Ministère chargé du travail</Source>
</PourEnSavoirPlus>
<QuestionReponse ID="F31878" audience="Particuliers">Quels sont les différents dispositifs de formation pour le secteur privé ?</QuestionReponse>

</Publication>
