<?xml version="1.0" encoding="UTF-8"?><Publication xmlns:dc="http://purl.org/dc/elements/1.1/" xmlns:xsi="http://www.w3.org/2001/XMLSchema-instance" ID="F31121" type="Fiche d'information" xsi:noNamespaceSchemaLocation="../Schemas/3.0/Publication.xsd">
<dc:title>Permis C1 : véhicule compris entre 3,5 et 7,5 tonnes</dc:title>
<dc:creator>Direction de l'information légale et administrative</dc:creator>
<dc:subject>Transports</dc:subject>
<dc:description>Le permis C1 permet de conduire un véhicule dont le PTAC est compris entre 3,5 et 7,5 tonnes. Peut y être attelé une remorque de moins de 750 kg.</dc:description>
<dc:publisher>Direction de l'information légale et administrative</dc:publisher>
<dc:contributor>Direction de l'information légale et administrative (Premier ministre)</dc:contributor>
<dc:date>modified 2020-10-16</dc:date>
<dc:type>Fiche pratique</dc:type>
<dc:format>text/xml</dc:format>
<dc:identifier>F31121</dc:identifier>
<dc:source>https://www.legifrance.gouv.fr/affichCode.do?idSectionTA=LEGISCTA000032465124&amp;cidTexte=LEGITEXT000006074228, https://www.legifrance.gouv.fr/affichCode.do?idSectionTA=LEGISCTA000032465126&amp;cidTexte=LEGITEXT000006074228, https://www.legifrance.gouv.fr/affichCode.do?idSectionTA=LEGISCTA000026204404&amp;cidTexte=LEGITEXT000006074228, https://www.legifrance.gouv.fr/affichTexte.do?cidTexte=JORFTEXT000041609995, http://www.legifrance.gouv.fr/affichTexte.do?cidTexte=JORFTEXT000028970138, http://www.legifrance.gouv.fr/affichTexte.do?cidTexte=JORFTEXT000027399390, http://www.legifrance.gouv.fr/affichTexte.do?cidTexte=JORFTEXT000026310765, http://www.legifrance.gouv.fr/affichTexte.do?cidTexte=JORFTEXT000025823079, http://www.legifrance.gouv.fr/affichTexte.do?cidTexte=JORFTEXT000025803494, http://circulaires.legifrance.gouv.fr/pdf/2012/09/cir_35829.pdf</dc:source>
<dc:language>Fr</dc:language>
<dc:relation>isPartOf N530</dc:relation>
<dc:coverage>France entière</dc:coverage>
<dc:rights>https://www.service-public.fr/a-propos/mentions-legales</dc:rights>
<SurTitre>Fiche pratique</SurTitre>
<Audience>Particuliers</Audience>
<Canal>www.service-public.fr</Canal>
<Cible>Automobiliste</Cible>
<FilDAriane>
<Niveau ID="Particuliers">Accueil particuliers</Niveau>
<Niveau ID="N19812">Transports</Niveau>
<Niveau ID="N530">Permis de conduire</Niveau>
<Niveau ID="F31121" type="Fiche d'information">Permis C1 : véhicule compris entre 3,5 et 7,5 tonnes</Niveau>
</FilDAriane>
<Theme ID="N19812">
<Titre>Transports</Titre>
</Theme><DossierPere ID="N530">
<Titre>Permis de conduire</Titre><SousDossier ID="N530-1">
<Titre>Attestation et brevet de sécurité routière</Titre>
<Fiche ID="F16511">Attestation de sécurité routière (ASR)</Fiche>
<Fiche ID="F16548">Attestation scolaire de sécurité routière (ASSR)</Fiche>
<Fiche ID="F2890">Brevet de sécurité routière (BSR), catégorie AM du permis de conduire</Fiche>
</SousDossier>
<SousDossier ID="N530-2">
<Titre>Permis moto</Titre>
<Fiche ID="F2832">Permis A1 (permis 125 cm3)</Fiche>
<Fiche ID="F31083">Permis A2 (- de 35 kw)</Fiche>
<Fiche ID="F2830">Permis A (+ de 35 kw)</Fiche>
</SousDossier>
<SousDossier ID="N530-3">
<Titre>Permis B (voiture ou quadricycle lourd)</Titre>
<Fiche ID="F2826">Apprentissage anticipé (à partir de 15 ans)</Fiche>
<Fiche ID="F10036">Conduite encadrée (16 à 18 ans)</Fiche>
<Fiche ID="F21012">Conduite supervisée (18 ans ou plus)</Fiche>
<Fiche ID="F2825">Permis B en candidat libre</Fiche>
<Fiche ID="F2828">Permis B : voiture ou camionnette</Fiche>
<Fiche ID="F2833">Permis B1 : quadricycle lourd à moteur</Fiche>
<Fiche ID="F2845">Permis BE : voiture + remorque de plus de 750 kg</Fiche>
</SousDossier>
<SousDossier ID="N530-4">
<Titre>Permis pour le transport de marchandises et de personnes</Titre>
<Fiche ID="F2843">Permis C (+ de 7,5 t)</Fiche>
<Fiche ID="F2846">Permis CE (+ de 7,5 t avec remorque)</Fiche>
<Fiche ID="F31121">Permis C1 (entre 3,5 t et 7,5 t)</Fiche>
<Fiche ID="F31124">Permis C1E (entre 3,5 t et 7,5 t avec remorque)</Fiche>
<Fiche ID="F2844">Permis D (transport + de 8 passagers)</Fiche>
<Fiche ID="F2848">Permis DE (transport + 8 passagers avec remorque)</Fiche>
<Fiche ID="F31128">Permis D1 (transport de 16 passagers maximum)</Fiche>
<Fiche ID="F31129">Permis D1E (transport de 16 passagers maximum avec remorque)</Fiche>
</SousDossier>
<SousDossier ID="N530-5">
<Titre>Perte, vol ou détérioration du permis de conduire</Titre>
<Fiche ID="F1450">Vol</Fiche>
<Fiche ID="F1727">Perte</Fiche>
<Fiche ID="F20109">Détérioration</Fiche>
</SousDossier>
<SousDossier ID="N530-6">
<Titre>Contrôle médical</Titre>
<Fiche ID="F2727">Après une infraction</Fiche>
<Fiche ID="F2686">Pour raison de santé</Fiche>
<Fiche ID="F1255">Pour un permis professionnel</Fiche>
</SousDossier>
</DossierPere>

<SousDossierPere>Permis pour le transport de marchandises et de personnes</SousDossierPere>
<Introduction>
<Texte><Paragraphe>Le permis C1 permet de conduire un véhicule dont le <LienInterne LienPublication="R45943" type="Sigle">PTAC</LienInterne> est compris entre 3,5 et 7,5 tonnes et  auquel peut être attelée une remorque de moins de 750 kg.  Pour passer le permis C1, il faut avoir au moins 18 ans et être titulaire du permis B. Un contrôle médical est obligatoire. Vous pouvez vous inscrire à l'examen via une auto-école ou par vous-même sur le site de l'<LienInterne LienPublication="R50821" type="Sigle">ANTS</LienInterne>. La durée de validité du permis C1 dépend de votre âge et son renouvellement s'obtient sous réserve d'un avis médical favorable.</Paragraphe>
</Texte>
</Introduction>
<Texte><Chapitre>
<Titre>
<Paragraphe>Quel véhicule peut-on conduire avec le permis C1 ?</Paragraphe>
</Titre><Paragraphe>Le permis C1 permet de conduire un véhicule qui présente les 2 caractéristiques suivantes :</Paragraphe>
<Liste type="puce">
<Item>
<Paragraphe>
<LienIntra LienID="R15487" type="Définition de glossaire">PTAC</LienIntra> supérieur à 3,5 tonnes, sans dépasser 7,5 tonnes,</Paragraphe>
</Item>
<Item>
<Paragraphe>9 places assises maximum (conducteur compris).</Paragraphe>
</Item>
</Liste>
<Paragraphe>Vous pouvez tracter une remorque dont le PTAC ne dépasse pas 750 kg.</Paragraphe>

</Chapitre>
<Chapitre>
<Titre>
<Paragraphe>Qui peut passer le permis C1 ?</Paragraphe>
</Titre><SousChapitre>
<Titre>
<Paragraphe>Âge</Paragraphe>
</Titre><Paragraphe>Vous devez avoir au moins 18 ans sauf si vous suivez une formation professionnelle de conducteur (CAP, Bac pro, titre professionnel, <LienInterne LienPublication="R53607" type="Acronyme">Fimo</LienInterne>).</Paragraphe>

</SousChapitre>
<SousChapitre>
<Titre>
<Paragraphe>Catégorie préalable nécessaire</Paragraphe>
</Titre><Paragraphe>Vous devez avoir le permis B pour pouvoir passer le permis C1.</Paragraphe>

</SousChapitre>
<SousChapitre>
<Titre>
<Paragraphe>Citoyenneté - Nationalité</Paragraphe>
</Titre><BlocCas affichage="onglet"><Cas>
<Titre>
<Paragraphe>Vous êtes français</Paragraphe>
</Titre>
										<Paragraphe>Si vous avez moins de 25 ans, vous devez être en règle avec les <LienInterne LienPublication="N24" type="Dossier" audience="Particuliers">obligations de recensement</LienInterne>.</Paragraphe>
									
</Cas>
<Cas>
<Titre>
<Paragraphe>Vous êtes européen</Paragraphe>
</Titre>
										<Paragraphe>Si vous avez la nationalité  suisse, andorrane, monégasque ou  d'un État de <LienIntra LienID="R42218" type="Définition de glossaire">l'Espace économique européen (EEE)</LienIntra>, vous  devez avoir vos attaches personnelles et/ou professionnelles depuis au moins 6 mois en France.</Paragraphe>
									
</Cas>
<Cas>
<Titre>
<Paragraphe>Vous êtes étranger</Paragraphe>
</Titre>
										<Paragraphe>Vous devez vivre  en France depuis au moins 6 mois et avoir un titre de séjour valide.</Paragraphe>
									
</Cas>
</BlocCas>


</SousChapitre>
<SousChapitre>
<Titre>
<Paragraphe>État de santé</Paragraphe>
</Titre><Paragraphe>Vous devez effectuer un <LienInterne LienPublication="F1255" type="Fiche d'information" audience="Particuliers">contrôle médical</LienInterne> après d'un médecin agréé avant de passer les épreuves du permis C1.</Paragraphe>

</SousChapitre>
</Chapitre>
<Chapitre ID="T11592" type="important">
<Titre>
<Paragraphe>Inscription au permis</Paragraphe>
</Titre><BlocCas affichage="onglet"><Cas>
<Titre>
<Paragraphe>Par le biais d'un centre de formation</Paragraphe>
</Titre><Paragraphe>À votre demande, votre centre se charge à votre demande de votre inscription au permis.</Paragraphe>
<Paragraphe>Toutefois, vous devez activer vous-même le compte créé en votre nom sur le site de l'<LienInterne LienPublication="R50821" type="Sigle">ANTS</LienInterne>. Vous recevez un mail pour activer le compte.</Paragraphe>
<Paragraphe>Le dossier doit comprendre les documents suivants :</Paragraphe>
<Liste type="puce">
<Item>
<Paragraphe>
<LienInterne LienPublication="F31057" type="Fiche Question-réponse" audience="Particuliers">Justificatif d'identité</LienInterne>
</Paragraphe>
</Item>
<Item>
<Paragraphe>
<LienInterne LienPublication="F31847" type="Fiche Question-réponse" audience="Particuliers">Justificatif de domicile</LienInterne>
</Paragraphe>
</Item>
<Item>
<Paragraphe>1 <LienInterne LienPublication="F10619" type="Fiche Question-réponse" audience="Particuliers">photo d'identité</LienInterne> ou 1 <LienExterne URL="https://permisdeconduire.ants.gouv.fr/Services-associes/Ou-faire-votre-photo-et-votre-signature-numerisee">photo-signature numérique</LienExterne>

</Paragraphe>
</Item>
<Item>
<Paragraphe>Avis médical (formulaire <LienInterne LienPublication="R14006" type="Formulaire" audience="Particuliers">cerfa n°14880*02</LienInterne>)</Paragraphe>
</Item>
<Item>
<Paragraphe>Copie de votre permis de conduire de la catégorie B (+ si nécessaire, copie du diplôme, certificat ou titre professionnel constatant l'achèvement d'une formation de conducteur)</Paragraphe>
</Item>
</Liste>
<Liste type="puce"><Item>
			
			
			
				<Paragraphe>Si vous êtes français et âgé de moins de 25 ans, copie du certificat individuel de participation à la <LienInterne LienPublication="F2871" type="Fiche Question-réponse" audience="Particuliers">journée défense et citoyenneté (JDC)</LienInterne> ou attestation provisoire en instance de convocation à la JDC ou attestation individuelle d'exemption</Paragraphe>
				<Paragraphe>Si vous déposez votre demande de permis de conduire <MiseEnEvidence>entre le 12 mars 2020 et le 31 janvier 2021</MiseEnEvidence>, les pièces suivantes sont aussi acceptées : attestation provisoire de situation vis à vis du service national délivrée par les autorités militaires ou toute attestation à finalité similaire, <LienInterne LienPublication="R56609" type="Modèle de document" audience="Particuliers">déclaration sur l'honneur</LienInterne> à compléter par vous-même.</Paragraphe>
			
		</Item>
</Liste>
<Liste type="puce"><Item>
			
			
				<Paragraphe>Si vous êtes étranger, justificatif de régularité du séjour ou, si vous êtes dispensé d'un titre de séjour, preuve de votre présence en France depuis au moins 6 mois (feuille de paie, quittance de loyer, etc.)</Paragraphe>
			
		</Item>
</Liste>
</Cas>
<Cas>
<Titre>
<Paragraphe>Par vous-même</Paragraphe>
</Titre><Paragraphe>Vous pouvez choisir de vous inscrire vous-même au permis.</Paragraphe>
<Paragraphe>Vous devez créer un compte sur le site de l'<LienInterne LienPublication="R50821" type="Sigle">ANTS</LienInterne> et obtenir ainsi vos identifiants.</Paragraphe><ServiceEnLigne ID="R49186" URL="https://permisdeconduire.ants.gouv.fr/Services-associes/Effectuer-une-demande-de-permis-de-conduire" type="Téléservice">
<Titre>Inscription en ligne au permis de conduire pour avoir un numéro NEPH</Titre>
<Source ID="R30628">Agence nationale des titres sécurisés (ANTS)</Source>
</ServiceEnLigne>

<Paragraphe>Pour vous inscrire en ligne, vous avez besoin des documents suivants en version numérisée :</Paragraphe>
<Liste type="puce">
<Item>
<Paragraphe>
<LienInterne LienPublication="F31057" type="Fiche Question-réponse" audience="Particuliers">Justificatif d'identité</LienInterne>
</Paragraphe>
</Item>
<Item>
<Paragraphe>
<LienInterne LienPublication="F31847" type="Fiche Question-réponse" audience="Particuliers">Justificatif de domicile</LienInterne>
</Paragraphe>
</Item>
<Item>
<Paragraphe>1 <LienInterne LienPublication="F10619" type="Fiche Question-réponse" audience="Particuliers">photo d'identité</LienInterne> ou 1 <LienExterne URL="https://permisdeconduire.ants.gouv.fr/Services-associes/Ou-faire-votre-photo-et-votre-signature-numerisee">photo-signature numérique</LienExterne>

</Paragraphe>
</Item>
<Item>
<Paragraphe>Avis médical (formulaire <LienInterne LienPublication="R14006" type="Formulaire" audience="Particuliers">cerfa n°14880*02</LienInterne>)</Paragraphe>
</Item>
<Item>
<Paragraphe>Copie de votre permis de conduire de la catégorie B (+ si nécessaire, copie du diplôme, certificat ou titre professionnel constatant l'achèvement d'une formation de conducteur par route)</Paragraphe>
</Item>
</Liste>
<Liste type="puce"><Item>
			
			
			
				<Paragraphe>Si vous êtes français et âgé de moins de 25 ans, copie du certificat individuel de participation à la <LienInterne LienPublication="F2871" type="Fiche Question-réponse" audience="Particuliers">journée défense et citoyenneté (JDC)</LienInterne> ou attestation provisoire en instance de convocation à la JDC ou attestation individuelle d'exemption</Paragraphe>
				<Paragraphe>Si vous déposez votre demande de permis de conduire <MiseEnEvidence>entre le 12 mars 2020 et le 31 janvier 2021</MiseEnEvidence>, les pièces suivantes sont aussi acceptées : attestation provisoire de situation vis à vis du service national délivrée par les autorités militaires ou toute attestation à finalité similaire, <LienInterne LienPublication="R56609" type="Modèle de document" audience="Particuliers">déclaration sur l'honneur</LienInterne> à compléter par vous-même.</Paragraphe>
			
		</Item>
</Liste>
<Liste type="puce"><Item>
			
			
				<Paragraphe>Si vous êtes étranger, justificatif de régularité du séjour ou, si vous êtes dispensé d'un titre de séjour, preuve de votre présence en France depuis au moins 6 mois (feuille de paie, quittance de loyer, etc.)</Paragraphe>
			
		</Item>
</Liste>
</Cas>
</BlocCas>

</Chapitre>
<Chapitre>
<Titre>
<Paragraphe>Code (épreuve théorique)</Paragraphe>
</Titre>
				<Paragraphe>Vous devez passer avec succès le code (épreuve théorique générale ou ETG).</Paragraphe>
				<Paragraphe>Vous pouvez <LienInterne LienPublication="F33694" type="Fiche Question-réponse" audience="Particuliers">vous inscrire dans une auto-école ou en candidat libre</LienInterne>.</Paragraphe>
				<Paragraphe>Pour être  dispensé de passer le code, vous devez remplir au moins l'une des conditions suivantes :</Paragraphe>
				<Liste type="puce">
					<Item>
						<Paragraphe>Avoir obtenu un résultat favorable à l'épreuve théorique (code) depuis au maximum 5 ans</Paragraphe>
					</Item>
					<Item>
						<Paragraphe>Avoir une catégorie de permis depuis 5 ans ou moins, sauf la <LienInterne LienPublication="F2890" type="Fiche d'information" audience="Particuliers">catégorie AM</LienInterne>
</Paragraphe>
					</Item>
					<Item>
						<Paragraphe>Avoir un permis de conduire français obtenu par échange (code 70) depuis 5 ans ou moins</Paragraphe>
						<Paragraphe>Le  code 70 doit être  suivi des lettres suivantes : DE (Allemagne), AT (Autriche), BE (Belgique), BG (Bulgarie), CY (Chypre, partie grecque), HR (Croatie), DK (Danemark), ES (Espagne), EE (Estonie), FI (Finlande), GR (Grèce), HU (Hongrie), IE (Irlande), IT (Italie), LV (Lettonie), LT (Lituanie), LU (Luxembourg), MT (Malte), NL (Pays-Bas), PL (Pologne), PT (Portugal), CZ (République tchèque), RO (Roumanie), UK (Royaume-Uni), SK (Slovaquie), SI (Slovénie), SE (Suède), IS (Islande), LI (Liechtenstein), NO (Norvège).</Paragraphe>
					</Item>
				</Liste>
				<Paragraphe>La dispense de code peut être accordée si vous présentez l'un des documents suivants :</Paragraphe>
				<Liste type="puce">
					<Item>
						<Paragraphe>Permis de conduire en cours de validité</Paragraphe>
					</Item>
					<Item>
						<Paragraphe>Certificat d'examen temporaire du permis de conduire, papier ou dématérialisé, en cours de validité (4 mois maximum)</Paragraphe>
					</Item>
				</Liste>
			<ANoter>
<Titre>À noter</Titre>
				<Paragraphe>si vous avez obtenu par examen un permis B1, B, BE, C, D, CE, DE, C1, D1, C1E, ou D1E, français ou <LienIntra LienID="R55492" type="Définition de glossaire">européen</LienIntra>, <MiseEnEvidence>entre le 12 mars 2015 et le 31 janvier 2016 inclus</MiseEnEvidence>, vous êtes dispensé de l'ETG  jusqu'au <MiseEnEvidence>31 janvier 2021 inclus</MiseEnEvidence>. La dispense vaut pour 5 épreuves pratiques maximum.</Paragraphe>
			</ANoter>
<Attention>
<Titre>Attention</Titre>
				<Paragraphe>à partir de 2021, les catégories A1 ou A2 ne permettent plus d'obtenir une dispense du code (épreuve théorique générale ou ETG).</Paragraphe>
			</Attention>

</Chapitre>
<Chapitre>
<Titre>
<Paragraphe>Conduite (Épreuve pratique)</Paragraphe>
</Titre><SousChapitre>
<Titre>
<Paragraphe>Formation</Paragraphe>
</Titre>
				<Paragraphe>L'auto-école doit vous proposer un <LienExterne URL="https://www.legifrance.gouv.fr/affichTexte.do?cidTexte=JORFTEXT000041609995">contrat-type de l'enseignement de la conduite</LienExterne>

.</Paragraphe>
				<Paragraphe>Ce contrat précise notamment le programme et le déroulement de la formation, le prix de la formation et  des prestations administratives, les obligations de chacun, les moyens de paiement...</Paragraphe>
			

</SousChapitre>
<SousChapitre>
<Titre>
<Paragraphe>Accompagnateur</Paragraphe>
</Titre>
				<Paragraphe>La présence d'un accompagnateur est obligatoire pendant toute la durée des épreuves.</Paragraphe>
			

</SousChapitre>
<SousChapitre>
<Titre>
<Paragraphe>Épreuve hors circulation (HC)</Paragraphe>
</Titre>
				<Paragraphe>L'objectif de l'épreuve HC est de vérifier vos connaissances notamment en matière de réglementation des transports et de sécurité liée au chargement et de mécanique.</Paragraphe>
				<Paragraphe>Elle comprend plusieurs exercices : interrogations écrite et orale, tests sur les vérifications courantes de sécurité, exercices de maniabilité.</Paragraphe>
			
				<Paragraphe>Pour être admis, vous devez :</Paragraphe>
				<Liste type="puce">
					<Item>
						<Paragraphe>obtenir plus de 13 points,</Paragraphe>
					</Item>
					<Item>
						<Paragraphe>ne pas avoir de note éliminatoire,</Paragraphe>
					</Item>
					<Item>
						<Paragraphe>et avoir un résultat favorable à l'exercice de maniabilité.</Paragraphe>
					</Item>
				</Liste>
			
				<Paragraphe>Vous conservez le bénéfice de l'épreuve HC pour 3 épreuves en circulation (CIR) pendant 1 an maximum à partir de la réussite à l'épreuve HC à condition de valider l'épreuve théorique.</Paragraphe>
			
<ANoter>
<Titre>À noter</Titre>
				<Paragraphe>si vous avez obtenu un résultat favorable à l'épreuve HC <MiseEnEvidence>entre le 12 mars 2019 et le 31 janvier 2021 inclus</MiseEnEvidence>, vous en conservez le bénéfice  <MiseEnEvidence>jusqu'au 31 janvier 2021 inclus</MiseEnEvidence> pour l'épreuve CIR, sous réserve de la validité du code.</Paragraphe>
			</ANoter>

</SousChapitre>
<SousChapitre>
<Titre>
<Paragraphe>Épreuve en circulation (CIR)</Paragraphe>
</Titre>
				<Paragraphe>L'épreuve CIR se déroule sur des itinéraires variés.</Paragraphe>
				<Paragraphe>Les compétences suivantes sont évaluées :</Paragraphe>
				<Liste type="puce">
					<Item>
						<Paragraphe>Savoir s'installer et assurer la sécurité à bord</Paragraphe>
					</Item>
					<Item>
						<Paragraphe>Autonomie et la conscience du risque</Paragraphe>
					</Item>
					<Item>
						<Paragraphe>Connaître et utiliser les commandes</Paragraphe>
					</Item>
					<Item>
						<Paragraphe>Prendre l'information</Paragraphe>
					</Item>
					<Item>
						<Paragraphe>Adapter son allure aux circonstances</Paragraphe>
					</Item>
					<Item>
						<Paragraphe>Appliquer la réglementation</Paragraphe>
					</Item>
					<Item>
						<Paragraphe>Communiquer avec les autres usagers</Paragraphe>
					</Item>
					<Item>
						<Paragraphe>Partager la chaussée</Paragraphe>
					</Item>
					<Item>
						<Paragraphe>Maintenir des espaces de sécurité</Paragraphe>
					</Item>
				</Liste>
				<Paragraphe>Pour être reçu à l'épreuve CIR, vous devez obtenir au moins 17 points et  ne pas commettre d'erreur éliminatoire.</Paragraphe>
			

</SousChapitre>
</Chapitre>
<Chapitre ID="T11596">
<Titre>
<Paragraphe>Résultat de l'épreuve pratique</Paragraphe>
</Titre><Paragraphe>Après l'épreuve pratique, l'inspecteur ne vous communique pas oralement le résultat.</Paragraphe>
<Paragraphe>Vous devez consulter les résultats en ligne sur le site de la Sécurité routière 48 heures après l'examen.</Paragraphe>
<Paragraphe>Si le résultat est favorable, vous pouvez télécharger votre certificat d'examen du permis de conduire (CEPC). Ce certificat, accompagné d'un titre d'identité, sert de permis de conduire  pendant <MiseEnEvidence>4 mois</MiseEnEvidence> à partir du jour de l'examen.</Paragraphe>
<Paragraphe>En cas de contrôle des forces de l'ordre, vous pouvez présenter le CEPC en version papier ou directement sur un smartphone ou une tablette. Le CEPC ne permet pas de conduire à l'étranger.</Paragraphe>
<Paragraphe>Avant l'expiration du délai de<MiseEnEvidence> 4 mois</MiseEnEvidence>, vous devez faire  <LienInterne LienPublication="F20028" type="Fiche Question-réponse" audience="Particuliers">ajouter la nouvelle catégorie</LienInterne> sur votre permis.</Paragraphe><ServiceEnLigne ID="R39502" URL="http://www.securite-routiere.gouv.fr/permis-de-conduire/resultats-du-permis-de-conduire" type="Téléservice">
<Titre>Résultats du permis de conduire</Titre>
<Source ID="R30603">Ministère chargé de l'intérieur</Source>
</ServiceEnLigne>

<ASavoir>
<Titre>À savoir</Titre><Paragraphe>en cas d'échec à une épreuve du permis de conduire, vous ne pouvez pas vous présenter  à l'épreuve suivante avant un délai de 2 jours (date à date).</Paragraphe>
</ASavoir>
</Chapitre>
<Chapitre>
<Titre>
<Paragraphe>Validité du permis</Paragraphe>
</Titre><Paragraphe>La durée de validité de la catégorie C1 du permis dépend de votre âge :</Paragraphe>

				<Tableau>
<Titre>Durée de validité du permis  en fonction de l'âge</Titre>
<Colonne largeur="50" type="header"/>
<Colonne largeur="50" type="normal"/>
<Rangée type="header">
						<Cellule>
							<Paragraphe>Âge du conducteur</Paragraphe>
						</Cellule>
						<Cellule>
							<Paragraphe>Durée de validité</Paragraphe>
						</Cellule>
					</Rangée>
<Rangée type="normal">
						<Cellule>
							<Paragraphe>Moins de 55 ans</Paragraphe>
						</Cellule>
						<Cellule>
							<Paragraphe>5 ans</Paragraphe>
						</Cellule>
					</Rangée>
<Rangée type="normal">
						<Cellule>
							<Paragraphe>De 55 à 60 ans</Paragraphe>
						</Cellule>
						<Cellule>
							<Paragraphe>5 ans ou jusqu'à la date anniversaire des 60 ans</Paragraphe>
						</Cellule>
					</Rangée>
<Rangée type="normal">
						<Cellule>
							<Paragraphe>De 60 à 76 ans</Paragraphe>
						</Cellule>
						<Cellule>
							<Paragraphe>2 ans ou jusqu'à la date anniversaire des 76 ans</Paragraphe>
						</Cellule>
					</Rangée>
<Rangée type="normal">
						<Cellule>
							<Paragraphe>Plus de 76 ans</Paragraphe>
						</Cellule>
						<Cellule>
							<Paragraphe>1 an</Paragraphe>
						</Cellule>
					</Rangée>
</Tableau>
			<Attention>
<Titre>Attention</Titre>
				<Paragraphe>vous devez passer un <LienInterne LienPublication="F1255" type="Fiche d'information" audience="Particuliers">contrôle médical</LienInterne> avant de demander le renouvellement de votre permis.</Paragraphe>
			</Attention>
				<Paragraphe>La demande de renouvellement se fait en ligne sur le site de l'<LienInterne LienPublication="R50821" type="Sigle">ANTS</LienInterne>  avant l'expiration du délai de validité du permis de conduire.</Paragraphe>
				<ServiceEnLigne ID="R49276" URL="https://permisdeconduire.ants.gouv.fr/Services-associes/Effectuer-une-demande-de-permis-de-conduire" type="Téléservice">
<Titre>Demande en ligne de permis de conduire en cas de fin de validité</Titre>
<Source ID="R30628">Agence nationale des titres sécurisés (ANTS)</Source>
<Introduction>
<Texte><Paragraphe>Accessible avec vos  identifiants.</Paragraphe>
</Texte>
</Introduction>
</ServiceEnLigne>

			
				<Paragraphe>Pour suivre la production de votre permis, vous pouvez utiliser le téléservice de suivi de la fabrication et de la transmission de votre permis de conduire.</Paragraphe>
				<ServiceEnLigne ID="R36427" URL="https://ants.gouv.fr/monespace/accueil" type="Téléservice">
<Titre>Suivez votre demande de permis de conduire</Titre>
<Source ID="R30628">Agence nationale des titres sécurisés (ANTS)</Source>
<Introduction>
<Texte><Paragraphe>Accessible avec <LienIntra LienID="R48788" type="Définition de glossaire">FranceConnect</LienIntra> ou avec vos identifiants ANTS. Si vous n'en avez pas, il vous est proposé de créer un compte.</Paragraphe>
</Texte>
</Introduction>
</ServiceEnLigne>

				<Paragraphe>L'expédition du permis de conduire se fait par Lettre Expert.</Paragraphe>
				<Paragraphe>Il s'agit d'un envoi sécurisé, avec remise en main propre contre signature.</Paragraphe>
				<Liste type="puce">
					<Item>
						<Paragraphe>L'adresse que vous indiquez lors de la procédure en ligne doit être la plus complète possible (numéro de bâtiment, numéro d'appartement, numéro de boite à lettres, étage, couloir, escalier, "résidant chez",...).</Paragraphe>
					</Item>
					<Item>
						<Paragraphe>Votre boite aux lettres doit présenter le nom et prénom de la personne qui reçoit le courrier.</Paragraphe>
					</Item>
				</Liste>
				<Paragraphe>Si vous êtes absent lors du passage du facteur, vous devez aller à la Poste dans un délai de 15 jours, avec votre avis de passage ou avec le numéro de la Lettre Expert. Passé ce délai, votre permis de conduire est renvoyé à l'<LienInterne LienPublication="R50821" type="Sigle">ANTS</LienInterne>.</Paragraphe>
				<OuSAdresser ID="R33823" type="Centre de contact">
<Titre>Agence nationale des titres sécurisés (ANTS) - Permis de conduire</Titre>
<Source ID="R30628">Agence nationale des titres sécurisés (ANTS)</Source>
<Texte>
						<Chapitre>
<Titre>
<Paragraphe>En ligne</Paragraphe>
</Titre>
								<Paragraphe>
<LienExterne URL="https://permisdeconduire.ants.gouv.fr/">https://permisdeconduire.ants.gouv.fr/</LienExterne>
</Paragraphe>
							</Chapitre>
						<Chapitre>
<Titre>
<Paragraphe>Par messagerie</Paragraphe>
</Titre>
								<Paragraphe> Accès au <LienExterne URL="https://permisdeconduire.ants.gouv.fr/Contacter-l-ANTS">formulaire de contact</LienExterne>
</Paragraphe>
							</Chapitre>
						<Chapitre>
<Titre>
<Paragraphe>Par téléphone</Paragraphe>
</Titre>
								<Paragraphe>
			<MiseEnEvidence>34 00</MiseEnEvidence>
</Paragraphe>
								<Paragraphe>Du lundi au vendredi de 7h45 à 19h et le samedi de 8h à 17h</Paragraphe>
								<Paragraphe>Coût d'un appel local</Paragraphe>
							</Chapitre>
					</Texte>
</OuSAdresser>
			


</Chapitre>
</Texte><VoirAussi important="non">
<Fiche ID="F1255" audience="Particuliers">
<Titre>Permis de conduire professionnel : contrôle médical obligatoire</Titre>
<Theme ID="N19812">
<Titre>Transports</Titre>
</Theme>
</Fiche>
</VoirAussi>
<VoirAussi important="oui">
<Fiche ID="F2843" audience="Particuliers">
<Titre>Permis C</Titre>
<Theme ID="N19812">
<Titre>Transports</Titre>
</Theme>
</Fiche>
<Fiche ID="F2846" audience="Particuliers">
<Titre>Permis CE</Titre>
<Theme ID="N19812">
<Titre>Transports</Titre>
</Theme>
</Fiche>
<Fiche ID="F31124" audience="Particuliers">
<Titre>Permis C1E</Titre>
<Theme ID="N19812">
<Titre>Transports</Titre>
</Theme>
</Fiche>
<Fiche ID="F2844" audience="Particuliers">
<Titre>Permis D</Titre>
<Theme ID="N19812">
<Titre>Transports</Titre>
</Theme>
</Fiche>
<Fiche ID="F2848" audience="Particuliers">
<Titre>Permis DE</Titre>
<Theme ID="N19812">
<Titre>Transports</Titre>
</Theme>
</Fiche>
<Fiche ID="F31128" audience="Particuliers">
<Titre>Permis D1</Titre>
<Theme ID="N19812">
<Titre>Transports</Titre>
</Theme>
</Fiche>
<Fiche ID="F31129" audience="Particuliers">
<Titre>Permis D1E</Titre>
<Theme ID="N19812">
<Titre>Transports</Titre>
</Theme>
</Fiche>
</VoirAussi>
<Reference type="Texte de référence" URL="https://www.legifrance.gouv.fr/affichCode.do?idSectionTA=LEGISCTA000032465124&amp;cidTexte=LEGITEXT000006074228" ID="R913">
<Titre>Code de la route : articles R221-4 à R221-8</Titre>
<Complement>Délivrance et catégories</Complement>
</Reference>
<Reference type="Texte de référence" URL="https://www.legifrance.gouv.fr/affichCode.do?idSectionTA=LEGISCTA000032465126&amp;cidTexte=LEGITEXT000006074228" ID="R33818">
<Titre>Code de la route : articles R221-9 à R221-13</Titre>
<Complement>Vérification d'aptitude</Complement>
</Reference>
<Reference type="Texte de référence" URL="https://www.legifrance.gouv.fr/affichCode.do?idSectionTA=LEGISCTA000026204404&amp;cidTexte=LEGITEXT000006074228" ID="R33819">
<Titre>Code de la route : articles R226-1 à R226-4</Titre>
<Complement>Organisation du contrôle médical de l'aptitude à la conduite</Complement>
</Reference>
<Reference type="Texte de référence" URL="https://www.legifrance.gouv.fr/affichTexte.do?cidTexte=JORFTEXT000041609995" ID="R55655">
<Titre>Décret n°2020-142 du 20 février 2020 définissant le contrat type de l'enseignement de la conduite</Titre>
</Reference>
<Reference type="Texte de référence" URL="http://www.legifrance.gouv.fr/affichTexte.do?cidTexte=JORFTEXT000028970138" ID="R37074">
<Titre>Arrêté du 12 mai 2014 relatif au livret d'apprentissage des catégories C1, C1E, C, CE du permis de conduire</Titre>
</Reference>
<Reference type="Texte de référence" URL="http://www.legifrance.gouv.fr/affichTexte.do?cidTexte=JORFTEXT000027399390" ID="R32151">
<Titre>Arrêté du 26 avril 2013 relatif à la notification des résultats des examens du permis de conduire</Titre>
</Reference>
<Reference type="Texte de référence" URL="http://www.legifrance.gouv.fr/affichTexte.do?cidTexte=JORFTEXT000026310765" ID="R31418">
<Titre>Arrêté du 31 juillet 2012 relatif à l'organisation du contrôle médical de l'aptitude à la conduite</Titre>
</Reference>
<Reference type="Texte de référence" URL="http://www.legifrance.gouv.fr/affichTexte.do?cidTexte=JORFTEXT000025823079" ID="R31132">
<Titre>Arrêté du 23 avril 2012 relatif à l'examen du permis de conduire des catégories BE, C1, C1E, C, CE, D1, D1E, D et DE</Titre>
</Reference>
<Reference type="Texte de référence" URL="http://www.legifrance.gouv.fr/affichTexte.do?cidTexte=JORFTEXT000025803494" ID="R31125">
<Titre>Arrêté du 20 avril 2012 fixant les conditions d'établissement, de délivrance et de validité du permis de conduire</Titre>
</Reference>
<Reference type="Texte de référence" URL="http://circulaires.legifrance.gouv.fr/pdf/2012/09/cir_35829.pdf" ID="R22664" format="application/pdf" poids="6.6 MB">
<Titre>Circulaire du 3 août 2012 relative à l'organisation du contrôle médical de l'aptitude à la conduite des conducteurs</Titre>
</Reference>
<ServiceEnLigne ID="R49276" URL="https://permisdeconduire.ants.gouv.fr/Services-associes/Effectuer-une-demande-de-permis-de-conduire" type="Téléservice">
<Titre>Demande en ligne de permis de conduire en cas de fin de validité</Titre>
<Source ID="R30628">Agence nationale des titres sécurisés (ANTS)</Source>
</ServiceEnLigne>
<ServiceEnLigne ID="R14006" URL="https://www.service-public.fr/simulateur/calcul/14880" numerocerfa="14880*02" type="Formulaire">
<Titre>Permis de conduire - Avis médical</Titre>
<Source ID="R30603">Ministère chargé de l'intérieur</Source><NoticeLiee ID="R1449" URL="https://www.formulaires.service-public.fr/gf/getNotice.do?cerfaNotice=51676&amp;cerfaFormulaire=14880" numerocerfa="51676*03" format="application/pdf" poids="51.1 KB">Notice explicative sur le contrôle médical de l'aptitude à la conduite des conducteurs et des candidats au permis de conduire</NoticeLiee>
</ServiceEnLigne>
<PourEnSavoirPlus type="Information pratique" ID="R56340" URL="https://www.legifrance.gouv.fr/affichTexte.do?cidTexte=JORFTEXT000041609995" audience="Particuliers">
<Titre>Contrat type de l'enseignement de la conduite</Titre>
<Source ID="R38880">Legifrance</Source>
</PourEnSavoirPlus>
<Definition ID="R55492">
<Titre>Européen (EEE + Royaume-Uni)</Titre>
<Texte>
				<Paragraphe>Allemagne, Autriche, Belgique, Bulgarie, Chypre, Croatie, Danemark, Espagne, Estonie, Finlande, France, Grèce, Hongrie, Irlande, Islande, Italie, Lettonie, Liechtenstein, Lituanie, Luxembourg, Malte, Norvège, Pays-Bas, Pologne, Portugal, République tchèque, Roumanie, Royaume-Uni, Slovaquie, Slovénie, Suède</Paragraphe>
			</Texte>
</Definition>
<Definition ID="R48788">
<Titre>Identification avec FranceConnect</Titre>
<Texte>
				<Paragraphe>Connexion avec l'identifiant et le mot de passe de l'un des comptes suivants :  Impots.gouv,  Ameli,  Iidentitenumerique (laposte), Mobileconnectetmoi.fr,  MSA ou Alicem</Paragraphe>
			</Texte>
</Definition>
<Definition ID="R15487">
<Titre>PTAC</Titre>
<Texte>
				<Paragraphe>Poids total en charge du véhicule : poids maximal autorisé, c'est-à-dire poids du véhicule et de ce qu’il transporte (personnes, marchandises, etc.)</Paragraphe>
			</Texte>
</Definition>
<Definition ID="R42218">
<Titre>Espace économique européen (EEE)</Titre>
<Texte>
				<Paragraphe>Allemagne, Autriche, Belgique, Bulgarie, Chypre, Croatie, Danemark, Espagne, Estonie, Finlande, France, Grèce, Hongrie, Irlande, Islande, Italie, Lettonie, Liechtenstein, Lituanie, Luxembourg, Malte, Norvège, Pays-Bas, Pologne, Portugal, République tchèque, Roumanie, Slovaquie, Slovénie, Suède</Paragraphe>
			</Texte>
</Definition>
<Abreviation ID="R53607" type="Acronyme">
<Titre>Fimo</Titre>
<Texte>
<Paragraphe>Formation initiale minimum obligatoire</Paragraphe>
</Texte>
</Abreviation>
<Abreviation ID="R45943" type="Sigle">
<Titre>PTAC</Titre>
<Texte>
<Paragraphe>Poids total autorisé en charge</Paragraphe>
</Texte>
</Abreviation>
<Abreviation ID="R50821" type="Sigle">
<Titre>ANTS</Titre>
<Texte>
<Paragraphe>Agence nationale des titres sécurisés</Paragraphe>
</Texte>
</Abreviation>
<QuestionReponse ID="F12096" audience="Particuliers">Quel permis pour quelle catégorie de véhicules ?</QuestionReponse>
<QuestionReponse ID="F20028" audience="Particuliers">Comment faire ajouter une nouvelle catégorie sur son permis de conduire ?</QuestionReponse>
<QuestionReponse ID="F31057" audience="Particuliers">Demande de permis de conduire : quelle pièce d'identité peut-on présenter ?</QuestionReponse>
<QuestionReponse ID="F31847" audience="Particuliers">Demande de permis de conduire : quel justificatif de domicile ?</QuestionReponse>
<QuestionReponse ID="F33694" audience="Particuliers">Permis de conduire : comment passer le code (épreuve théorique générale - ETG) ?</QuestionReponse>
<QuestionReponse ID="F33352" audience="Particuliers">Comment suivre la fabrication de son permis de conduire ?</QuestionReponse>











</Publication>
