<?xml version="1.0" encoding="UTF-8"?><Publication xmlns:dc="http://purl.org/dc/elements/1.1/" xmlns:xsi="http://www.w3.org/2001/XMLSchema-instance" ID="F31241" type="Fiche d'information" xsi:noNamespaceSchemaLocation="../Schemas/3.0/Publication.xsd">
<dc:title>Perte de sa carte bancaire</dc:title>
<dc:creator>Direction de l'information légale et administrative</dc:creator>
<dc:subject>Argent</dc:subject>
<dc:description>Dès la perte de votre carte bancaire, vous devez immédiatement faire opposition sur carte bancaire.</dc:description>
<dc:publisher>Direction de l'information légale et administrative</dc:publisher>
<dc:contributor>Direction de l'information légale et administrative (Premier ministre)</dc:contributor>
<dc:date>modified 2020-01-31</dc:date>
<dc:type>Fiche pratique</dc:type>
<dc:format>text/xml</dc:format>
<dc:identifier>F31241</dc:identifier>
<dc:source>http://www.legifrance.gouv.fr/affichCode.do?idSectionTA=LEGISCTA000020861605&amp;cidTexte=LEGITEXT000006072026, http://www.legifrance.gouv.fr/affichCode.do?idSectionTA=LEGISCTA000020861595&amp;cidTexte=LEGITEXT000006072026, http://www.legifrance.gouv.fr/affichCode.do?idSectionTA=LEGISCTA000020861593&amp;cidTexte=LEGITEXT000006072026</dc:source>
<dc:language>Fr</dc:language>
<dc:relation>isPartOf N91</dc:relation>
<dc:coverage>France entière</dc:coverage>
<dc:rights>https://www.service-public.fr/a-propos/mentions-legales</dc:rights>
<SurTitre>Fiche pratique</SurTitre>
<Audience>Particuliers</Audience>
<Canal>www.service-public.fr</Canal>
<FilDAriane>
<Niveau ID="Particuliers">Accueil particuliers</Niveau>
<Niveau ID="N19803">Argent</Niveau>
<Niveau ID="N91">Moyens de paiement</Niveau>
<Niveau ID="F31241" type="Fiche d'information">Perte de sa carte bancaire</Niveau>
</FilDAriane>
<Theme ID="N19803">
<Titre>Argent</Titre>
</Theme>
<SousThemePere ID="N20096">Banque</SousThemePere><DossierPere ID="N91">
<Titre>Moyens de paiement</Titre><SousDossier ID="N91-1">
<Titre>Carte bancaire</Titre>
<Fiche ID="F2420">Délivrance et retrait d'une carte</Fiche>
<Fiche ID="F2424">Paiement par carte</Fiche>
<Fiche ID="F31324">Fraude à la carte bancaire</Fiche>
<Fiche ID="F2428">Vol de sa carte bancaire</Fiche>
<Fiche ID="F31241">Perte de sa carte bancaire</Fiche>
</SousDossier>
<SousDossier ID="N91-2">
<Titre>Chèque</Titre>
<Fiche ID="F2402">Paiement par chèque</Fiche>
<Fiche ID="F2409">Opposition</Fiche>
<Fiche ID="F31388">Interdit bancaire</Fiche>
</SousDossier>
<SousDossier ID="N91-3">
<Titre>Espèces</Titre>
<Fiche ID="F2421">Retrait d'espèces</Fiche>
<Fiche ID="F10999">Paiement en espèces</Fiche>
</SousDossier>
</DossierPere>

<SousDossierPere>Carte bancaire</SousDossierPere>
<Introduction>
<Texte><Paragraphe>Dès  la perte de votre carte bancaire, vous devez immédiatement <LienIntra LienID="R55440" type="Définition de glossaire"> faire opposition</LienIntra> sur votre carte. Si votre vigilance n'est pas en cause, votre banque vous rembourse les sommes dépensées frauduleusement. En cas de difficultés pour obtenir le remboursement, vous pouvez saisir le médiateur bancaire et/ou la justice.</Paragraphe>
</Texte>
</Introduction>
<Texte><Chapitre>
<Titre>
<Paragraphe>Faire opposition</Paragraphe>
</Titre>
				<Paragraphe>Vous devez faire opposition sur votre carte bancaire <MiseEnEvidence>au plus vite</MiseEnEvidence> pour empêcher tout paiement à venir et pour obtenir l'annulation de paiements déjà engagés.</Paragraphe>
				<Paragraphe>Aucune opération ne peut être remboursée si elle date de plus de 13 mois.</Paragraphe>
				<Paragraphe>Dès que vous vous rendez compte de la perte, vous devez appeler le numéro de téléphone interbancaire réservé aux oppositions, qui fonctionne 24h/24 et 7j/7.</Paragraphe>
				<OuSAdresser ID="R86" type="Centre de contact">
<Titre>Serveur interbancaire d'opposition à carte bancaire</Titre>
<Texte>
						
								<Paragraphe>
			Permet de faire immédiatement opposition sur sa carte bancaire.</Paragraphe>
							
						<Chapitre>
<Titre>
<Paragraphe>Par téléphone</Paragraphe>
</Titre>
								<Paragraphe>
			<MiseEnEvidence>0 892 705 705</MiseEnEvidence>
     </Paragraphe>
								<Paragraphe>Ouvert 7 jours/7 et 24h/24.</Paragraphe>
								<Paragraphe>Numéro violet ou majoré : coût d'un appel vers un numéro fixe +<MiseEnEvidence> service payant</MiseEnEvidence>, depuis un téléphone fixe ou mobile.</Paragraphe>
							</Chapitre>
					</Texte>
</OuSAdresser>
				<Paragraphe>Un numéro d'enregistrement vous est remis.</Paragraphe>
				<Paragraphe>Vous possédez ainsi une trace datée de votre demande d'opposition, qui pourra vous être utile en cas de contestation.</Paragraphe>
				<Paragraphe>Votre <LienInterne LienPublication="F2420" type="Fiche d'information" audience="Particuliers">contrat carte bancaire</LienInterne> peut vous obliger à avertir votre agence de votre démarche d'opposition :</Paragraphe>
				<Liste type="puce">
					<Item>
						<Paragraphe>par lettre recommandée avec accusé de réception</Paragraphe>
					</Item>
					<Item>
						<Paragraphe>ou sur place, au guichet.</Paragraphe>
					</Item>
				</Liste>
				<ServiceEnLigne ID="R18301" URL="https://www.inc-conso.fr/content/votre-carte-bancaire-disparu-vous-faites-opposition-aupres-de-votre-banque" type="Modèle de document">
<Titre>Confirmer sa déclaration d'opposition téléphonique à sa carte bancaire</Titre>
<Source ID="R30643">Institut national de la consommation (INC)</Source>
</ServiceEnLigne>

			<Attention>
<Titre>Attention</Titre>
				<Paragraphe>certaines banques ne sont pas reliées au serveur interbancaire d'opposition et obligent leurs clients à utiliser un autre numéro de téléphone spécial.</Paragraphe>
			</Attention>
				<Paragraphe>Si vous êtes à l'étranger, vous devez contacter un numéro de téléphone spécial attribué par votre banque.</Paragraphe>
			
				<Paragraphe>Après votre opposition, il est impossible de faire une dépense avec votre carte.</Paragraphe>
				<Paragraphe>La procédure est définitive : vous ne pouvez pas demander la remise en service de votre carte après avoir fait opposition (même si vous la retrouvez par la suite).</Paragraphe>
			
				<Paragraphe>Un <LienIntra LienID="R48716" type="Définition de glossaire">ordre de paiement</LienIntra> ne peut plus être inscrit au débit de la carte bancaire après la date de demande d'opposition. Dans le cas contraire, il s'agit d'une faute de la banque : celle-ci a l'obligation de rectifier son erreur.</Paragraphe>
				<Paragraphe>Cette règle vaut pour les ordres relatifs à des opérations uniques comme pour ceux relatifs à des séries d'opérations.</Paragraphe>
				<Paragraphe>Ainsi,  si vous avez convenu d'un paiement par carte en plusieurs échéances, la banque ne peut pas déclencher le paiement des échéances non échues. Pour honorer les échéances concernées, vous devez en reprogrammer le paiement par un autre moyen.</Paragraphe>
			
				<Paragraphe>La procédure d'opposition peut être payante. Son coût varie selon les banques et les garanties d'assurance éventuellement prises pour couvrir le risque.</Paragraphe>
			

</Chapitre>
<Chapitre>
<Titre>
<Paragraphe>Remboursement</Paragraphe>
</Titre><Paragraphe>Si des dépenses ont été effectuées avant l'opposition, vous pouvez <LienInterne LienPublication="F1435" type="Fiche d'information" audience="Particuliers">porter plainte</LienInterne>.</Paragraphe>
<Paragraphe>Le niveau de remboursement par la banque dépend de l'utilisation du code secret et du montant dépensé.</Paragraphe>
<Attention>
<Titre>Attention</Titre><Paragraphe>aucun remboursement ne sera fait en cas de faute ou de négligence de votre part (code inscrit au dos de la carte par exemple). C'est à la banque de prouver  cette faute ou négligence.</Paragraphe>
</Attention><BlocCas affichage="onglet"><Cas>
<Titre>
<Paragraphe>Si le code secret n'a pas été utilisé</Paragraphe>
</Titre>
										<Paragraphe>Le remboursement est intégral quelles que soient les sommes dépensées.</Paragraphe>
									
</Cas>
<Cas>
<Titre>
<Paragraphe>Si le code secret a été utilisé</Paragraphe>
</Titre>
<BlocCas affichage="radio"><Cas>
<Titre>
<Paragraphe>Jusqu'à 50 € dépensés</Paragraphe>
</Titre>
												<Paragraphe>Il n'y a aucun remboursement.</Paragraphe>
											
</Cas>
<Cas>
<Titre>
<Paragraphe>Plus de 50 € dépensés</Paragraphe>
</Titre>
												<Paragraphe>Le remboursement est partiel : <Valeur>50 €</Valeur> sont à votre charge, le reste est remboursé.</Paragraphe>
												<Paragraphe>Par exemple, si <Valeur>200 €</Valeur> ont été dépensés,  votre banque vous rembourse <Valeur>150 €</Valeur>.</Paragraphe>
											
</Cas>
</BlocCas>
</Cas>
</BlocCas>


<ANoter>
<Titre>À noter</Titre><Paragraphe>certaines assurances proposées par les banques prévoient un remboursement plus important.</Paragraphe>
</ANoter><Paragraphe>Toutefois, la banque devra vous rembourser intégralement dans les 2 cas suivants :</Paragraphe>
<Liste type="puce">
<Item>
<Paragraphe>La perte ne pouvait pas être détectée avant l'utilisation frauduleuse de la carte</Paragraphe>
</Item>
<Item>
<Paragraphe>Un agent de la banque est responsable de la perte.</Paragraphe>
</Item>
</Liste>

</Chapitre>
<Chapitre>
<Titre>
<Paragraphe>Demande d'une nouvelle carte</Paragraphe>
</Titre><Paragraphe>Pour avoir une nouvelle carte bancaire, vous devez en faire la demande à votre banque. La carte aura un nouveau numéro et un nouveau code secret.</Paragraphe>

</Chapitre>
<Chapitre>
<Titre>
<Paragraphe>Sanctions en cas de fausses déclarations</Paragraphe>
</Titre><Paragraphe>Si vous avez  fourni de faux renseignements pour justifier votre demande d'opposition, vous devrez reverser à votre banque les remboursements effectués à tort.</Paragraphe>
<Paragraphe>De plus, vous risquez une amende de <Valeur>375 000 €</Valeur>) et une peine de 5 ans de prison.</Paragraphe>

</Chapitre>
<Chapitre>
<Titre>
<Paragraphe>En cas de litige avec la banque</Paragraphe>
</Titre><Paragraphe>Si vous ne parvenez pas à obtenir  le remboursement ou l'annulation de paiements associés à une demande d'opposition, vous pouvez saisir le <LienInterne LienPublication="F20523" type="Fiche Question-réponse" audience="Particuliers">médiateur bancaire</LienInterne>.</Paragraphe>
<Paragraphe>Si l'intervention du médiateur bancaire n'a pas permis de régler le litige, vous pouvez  saisir la justice.</Paragraphe>

				<Paragraphe>La juridiction compétente dépend des sommes en jeu dans le litige.</Paragraphe>
				<Liste type="puce">
					<Item>
						<Paragraphe>Pour un litige inférieur ou égal à   <Valeur>10 000 €</Valeur>, c'est  le tribunal de proximité ou le tribunal judiciaire.</Paragraphe>
					</Item>
					<Item>
						<Paragraphe>Pour un  litige  supérieur à <Valeur>10 000 €</Valeur>, c'est le  tribunal judiciaire.</Paragraphe>
					</Item>
				</Liste>
				<OuSAdresser ID="R30" type="Local">
<Titre>Tribunal judiciaire ou de proximité</Titre>
<RessourceWeb URL="https://www.justice.fr/recherche/annuaires"/>
<Source ID="R30663">Ministère chargé de la justice</Source>
</OuSAdresser>
			

</Chapitre>
</Texte><VoirAussi important="non">
<Fiche ID="F2428" audience="Particuliers">
<Titre>Vol de sa carte bancaire</Titre>
<Theme ID="N19803">
<Titre>Argent</Titre>
</Theme>
</Fiche>
</VoirAussi>
<Reference type="Texte de référence" URL="http://www.legifrance.gouv.fr/affichCode.do?idSectionTA=LEGISCTA000020861605&amp;cidTexte=LEGITEXT000006072026" ID="R384">
<Titre>Code monétaire et financier : articles L133-15 à L133-17</Titre>
<Complement>Opposition</Complement>
</Reference>
<Reference type="Texte de référence" URL="http://www.legifrance.gouv.fr/affichCode.do?idSectionTA=LEGISCTA000020861595&amp;cidTexte=LEGITEXT000006072026" ID="R378">
<Titre>Code monétaire et financier : article L133-18</Titre>
<Complement>Remboursement des sommes volées après opposition</Complement>
</Reference>
<Reference type="Texte de référence" URL="http://www.legifrance.gouv.fr/affichCode.do?idSectionTA=LEGISCTA000020861593&amp;cidTexte=LEGITEXT000006072026" ID="R369">
<Titre>Code monétaire et financier : articles L133-19 à L133-20</Titre>
<Complement>Remboursement des sommes volées avant opposition</Complement>
</Reference>
<ServiceEnLigne ID="R18301" URL="https://www.inc-conso.fr/content/votre-carte-bancaire-disparu-vous-faites-opposition-aupres-de-votre-banque" type="Modèle de document">
<Titre>Confirmer sa déclaration d'opposition téléphonique à sa carte bancaire</Titre>
<Source ID="R30643">Institut national de la consommation (INC)</Source>
</ServiceEnLigne>
<PourEnSavoirPlus type="Information pratique" ID="R46706" URL="https://www.inc-conso.fr/content/la-carte-bancaire" audience="Particuliers">
<Titre>La carte bancaire</Titre>
<Source ID="R30643">Institut national de la consommation (INC)</Source>
</PourEnSavoirPlus>
<Definition ID="R48716">
<Titre>Ordre de paiement</Titre>
<Texte>
				<Paragraphe>Ordre donné par le détenteur d'un compte bancaire à sa banque pour transférer de l'argent de son compte ou de sa carte bancaire à un  bénéficiaire.</Paragraphe>
			</Texte>
</Definition>
<Definition ID="R55440">
<Titre>Faire opposition</Titre>
<Texte>
				<Paragraphe>Action permettant de bloquer l'utilisation d'une carte bancaire, le paiement d'un chèque ou d'empêcher  un prélèvement automatique</Paragraphe>
			</Texte>
</Definition>
<QuestionReponse ID="F20523" audience="Particuliers">Médiateur bancaire : comment y recourir ?</QuestionReponse>



</Publication>
