<?xml version="1.0" encoding="UTF-8"?><Publication xmlns:dc="http://purl.org/dc/elements/1.1/" xmlns:xsi="http://www.w3.org/2001/XMLSchema-instance" ID="F31487" type="Fiche d'information" xsi:noNamespaceSchemaLocation="../Schemas/3.0/Publication.xsd">
<dc:title>Obtenir de l'électricité à l'aide de panneaux solaires</dc:title>
<dc:creator>Direction de l'information légale et administrative</dc:creator>
<dc:subject>Logement</dc:subject>
<dc:description>Il est possible d'obtenir de l'électricité à partir de panneaux solaires (ou panneaux photovoltaïques) installés sur la toiture. L'électricité obtenue peut être utilisée pour votre usage personnel ou vendue, en totalité ou en partie, à un fournisseur d'électricité. De ce choix dépendront notamment les obligations techniques et administratives à respecter.</dc:description>
<dc:publisher>Direction de l'information légale et administrative</dc:publisher>
<dc:contributor>Direction de l'information légale et administrative (Premier ministre)</dc:contributor>
<dc:date>modified 2019-07-23</dc:date>
<dc:type>Fiche pratique</dc:type>
<dc:format>text/xml</dc:format>
<dc:identifier>F31487</dc:identifier>
<dc:source>http://www.legifrance.gouv.fr/affichTexteArticle.do?idArticle=LEGIARTI000023712228&amp;cidTexte=LEGITEXT000006068256, http://legifrance.gouv.fr/affichTexteArticle.do?idArticle=LEGIARTI000006471789&amp;cidTexte=LEGITEXT000006068256, http://www.legifrance.gouv.fr/affichCode.do?idSectionTA=LEGISCTA000006188272&amp;cidTexte=LEGITEXT000006074075, https://www.legifrance.gouv.fr/affichCode.do?idSectionTA=LEGISCTA000032939883&amp;cidTexte=LEGITEXT000023983208, https://www.legifrance.gouv.fr/affichTexte.do?cidTexte=JORFTEXT000027008908&amp;dateTexte=&amp;categorieLien=id, https://www.legifrance.gouv.fr/affichCodeArticle.do?cidTexte=LEGITEXT000023983208&amp;idArticle=LEGIARTI000031068218, https://www.legifrance.gouv.fr/affichCode.do?idSectionTA=LEGISCTA000032348043&amp;cidTexte=LEGITEXT000023983208, https://www.legifrance.gouv.fr/affichCode.do?idSectionTA=LEGISCTA000023986398&amp;cidTexte=LEGITEXT000023983208, https://www.legifrance.gouv.fr/affichCode.do?idSectionTA=LEGISCTA000032597615&amp;cidTexte=LEGITEXT000023983208, https://www.legifrance.gouv.fr/affichTexte.do?cidTexte=JORFTEXT000034631446, https://www.legifrance.gouv.fr/affichTexte.do?cidTexte=JORFTEXT000034600911, http://bofip.impots.gouv.fr/bofip/8123-PGP.html?ftsq=puissance+cr%C3%AAte&amp;identifiant=BOI-BIC-CHAMP-80-30</dc:source>
<dc:language>Fr</dc:language>
<dc:relation>isPartOf N31030</dc:relation>
<dc:coverage>France entière</dc:coverage>
<dc:rights>https://www.service-public.fr/a-propos/mentions-legales</dc:rights>
<SurTitre>Fiche pratique</SurTitre>
<Audience>Particuliers</Audience>
<Canal>www.service-public.fr</Canal>
<FilDAriane>
<Niveau ID="Particuliers">Accueil particuliers</Niveau>
<Niveau ID="N19808">Logement</Niveau>
<Niveau ID="N31030">Vie pratique en logement individuel (maison)</Niveau>
<Niveau ID="F31487" type="Fiche d'information">Obtenir de l'électricité à l'aide de panneaux solaires</Niveau>
</FilDAriane>
<Theme ID="N19808">
<Titre>Logement</Titre>
</Theme>
<SousThemePere ID="N31029">Vie pratique dans un logement</SousThemePere><DossierPere ID="N31030">
<Titre>Vie pratique en logement individuel (maison)</Titre><SousDossier ID="N31030-1">
<Titre>Mitoyenneté (droits des voisins)</Titre>
<Fiche ID="F3037">Bornage de terrains</Fiche>
<Fiche ID="F76">Ouvertures (fenêtres, balcons)</Fiche>
<Fiche ID="F2040">Droit de passage sur le terrain d'un autre propriétaire (servitude de passage)</Fiche>
<Fiche ID="F2415">Murs</Fiche>
<Fiche ID="F614">Plantations (haies, arbres, arbustes...)</Fiche>
</SousDossier>
<SousDossier ID="N31030-2">
<Titre>Aménagements extérieurs (loisirs et travaux)</Titre>
<Fiche ID="F31404">Piscine privative</Fiche>
<Fiche ID="F31471">Annexes extérieures</Fiche>
<Fiche ID="F31473">Travaux extérieurs</Fiche>
</SousDossier>
<SousDossier ID="N31030-3">
<Titre>Autres aménagements</Titre>
<Fiche ID="F31481">Récupération de l'eau de pluie</Fiche>
<Fiche ID="F31487">Toiture photovoltaïque</Fiche>
<Fiche ID="F31488">Chauffage solaire</Fiche>
</SousDossier>
</DossierPere>

<SousDossierPere>Autres aménagements</SousDossierPere>
<Introduction>
<Texte><Paragraphe>Il est possible d'obtenir de l'électricité    à partir de panneaux solaires (ou <Expression>panneaux photovoltaïques</Expression>) installés sur la toiture. L'électricité obtenue peut être utilisée  pour votre usage personnel ou vendue, en totalité  ou en partie, à  un fournisseur d'électricité. De ce choix dépendront notamment les obligations techniques et administratives   à respecter.</Paragraphe>
</Texte>
</Introduction>
<ListeSituations affichage="onglet"><Situation>
<Titre>Pour l'utiliser et vendre le surplus</Titre>
<Texte><Chapitre>
<Titre>
<Paragraphe>De quoi s'agit-il ?</Paragraphe>
</Titre><Paragraphe>Produire de l'électricité à partir du rayonnement solaire nécessite un dispositif spécifique.</Paragraphe>
<Paragraphe>En pratique, votre il se compose notamment des éléments suivants  :</Paragraphe>
<Liste type="puce">
<Item>
<Paragraphe>Plusieurs <MiseEnEvidence>panneaux photovoltaïques</MiseEnEvidence>
</Paragraphe>
<Paragraphe>Ces panneaux captent l'énergie solaire pour la transformer en électricité. Ils peuvent être fixés sur votre toiture d'origine (équipement non intégré) ou intégrés en remplacement de la toiture d'origine (équipement intégré au bâti).</Paragraphe>
</Item>
<Item>
<Paragraphe>Un ou plusieurs <MiseEnEvidence>onduleurs </MiseEnEvidence>
</Paragraphe>
<Paragraphe>L'onduleur est un petit boîtier fixé sur un mur au plus près des panneaux photovoltaïques. Il permet de convertir le courant continu obtenu en courant alternatif identique à celui du réseau public d'électricité et utilisable chez soi.</Paragraphe>
</Item>
</Liste>
<Paragraphe>Pour pouvoir vendre le surplus d'électricité obtenue (vous en utilisez une partie pour vos besoins), votre équipement doit être raccordée au réseau public d'électricité.</Paragraphe>

</Chapitre>
<Chapitre>
<Titre>
<Paragraphe>Coûts et gains</Paragraphe>
</Titre><Paragraphe>Un conseiller <Expression>Faire</Expression> peut vous aider à définir  <LienExterne URL="https://www.ademe.fr/sites/default/files/assets/documents/guide-pratique-electricite-solaire.pdf" format="application/pdf" poids="656.0 KB">votre projet</LienExterne>

, ainsi qu'en estimer les <LienExterne URL="https://www.photovoltaique.info/fr/preparer-un-projet/quelles-demarches-realiser/choisir-son-modele-economique/">coûts et la rentabilité</LienExterne>

.</Paragraphe>
<OuSAdresser ID="R34708" type="Local personnalisable">
<Titre>Faire.gouv.fr (travaux de rénovation énergétique)</Titre>
<PivotLocal>renovation_info_service</PivotLocal>
<RessourceWeb URL="https://www.faire.gouv.fr/"/>
</OuSAdresser>

<SousChapitre>
<Titre>
<Paragraphe>Coûts d'installation</Paragraphe>
</Titre><Paragraphe>Le prix des équipements (panneaux photovoltaïques et onduleur) et de leur pose est variable. Il   dépend notamment :</Paragraphe>
<Liste type="puce">
<Item>
<Paragraphe>des matériaux utilisés,</Paragraphe>
</Item>
<Item>
<Paragraphe>de la méthode d'installation (panneaux intégrés ou simplement posés),</Paragraphe>
</Item>
<Item>
<Paragraphe>et de l'installateur auquel vous faites appel.</Paragraphe>
</Item>
</Liste>
<Paragraphe>Le raccordement et la mise en service de votre équipement au réseau public  d'électricité sont  effectués par le gestionnaire réseau (<LienIntra LienID="R54154" type="Définition de glossaire">Enedis</LienIntra> ou <LienIntra LienID="R49456" type="Définition de glossaire">ELD</LienIntra>). Ces services sont payants. Les coûts varient selon les caractéristiques de votre équipement.</Paragraphe>

</SousChapitre>
<SousChapitre>
<Titre>
<Paragraphe>Prime à l'investissement</Paragraphe>
</Titre><Paragraphe>En décidant de vendre le  surplus de votre électricité  et en faisant appel à un installateur RGE, vous pouvez bénéficier de la <Expression>prime à l'investissement</Expression>.</Paragraphe>
<Paragraphe>Le montant de la prime est fonction de la puissance de votre équipement.</Paragraphe>
<Paragraphe>La prime est dégressive, son versement est effectué sur les 5 premières années de fonctionnement de votre équipement.</Paragraphe>
<Tableau>
<Titre>Prime d'investissement en euros par kWc</Titre>
<Colonne largeur="50" type="normal"/>
<Colonne largeur="50" type="normal"/>
<Rangée type="header">
<Cellule>
<Paragraphe>Puissance de l'équipement</Paragraphe>
</Cellule>
<Cellule>
<Paragraphe>Montant de la prime d'investissement</Paragraphe>
</Cellule>
</Rangée>
<Rangée type="normal">
<Cellule>
<Paragraphe>Inférieure ou égale à 3 kWc</Paragraphe>
</Cellule>
<Cellule>
<Paragraphe>390 €/kWc</Paragraphe>
</Cellule>
</Rangée>
<Rangée type="normal">
<Cellule>
<Paragraphe>Entre 3 et 9 kWc</Paragraphe>
</Cellule>
<Cellule>
<Paragraphe>290 €/kWc</Paragraphe>
</Cellule>
</Rangée>
<Rangée type="normal">
<Cellule>
<Paragraphe>Entre 9 et 36 kWc</Paragraphe>
</Cellule>
<Cellule>
<Paragraphe>190 €/kWc</Paragraphe>
</Cellule>
</Rangée>
<Rangée type="normal">
<Cellule>
<Paragraphe>Entre 36 et 100 kWc</Paragraphe>
</Cellule>
<Cellule>
<Paragraphe>90 €/kWc</Paragraphe>
</Cellule>
</Rangée>
</Tableau>
<ASavoir>
<Titre>À savoir</Titre><Paragraphe>il existe des aides locales. Renseignez-vous auprès  de votre mairie, département ou région.</Paragraphe>
</ASavoir>
</SousChapitre>
<SousChapitre>
<Titre>
<Paragraphe>Coûts de fonctionnement</Paragraphe>
</Titre><Paragraphe>Une fois les panneaux installés :</Paragraphe>
<Liste type="puce">
<Item>
<Paragraphe>vous avez l'obligation de souscrire  une assurance responsabilité civile pour  votre équipement photovoltaïque.  Pour cela, vous pouvez  demander la modification de votre contrat <LienInterne LienPublication="N44" type="Dossier" audience="Particuliers">d'assurance habitation</LienInterne>. Le montant de votre cotisation sera  réévalué.</Paragraphe>
</Item>
<Item>
<Paragraphe>vous pouvez souscrire une assurance "dommage aux biens" pour votre équipement.</Paragraphe>
</Item>
<Item>
<Paragraphe>pour l'utilisation du réseau public d'électricité en tant que fournisseur  d'électricité, une <LienExterne URL="https://www.enedis.fr/producteurs-et-tarif-dacheminement">taxe (laTurpe</LienExterne>

) vous est facturée chaque année.</Paragraphe>
</Item>
<Item>
<Paragraphe>l'onduleur doit être changé régulièrement, environ tous les 10 ans.</Paragraphe>
</Item>
</Liste>
<ASavoir>
<Titre>À savoir</Titre><Paragraphe>ne négligez pas l'entretien périodique des panneaux car, soumis aux intempéries, leurs matériaux se dégradent peu à peu.</Paragraphe>
</ASavoir>
</SousChapitre>
<SousChapitre>
<Titre>
<Paragraphe>Revenus issus de la vente d'électricité</Paragraphe>
</Titre><Paragraphe>Le surplus d'électricité est  vendu  en   <Expression>obligation d'achat</Expression> avec un  tarif réglementé, à la condition d'avoir fait appel à  un <LienInterne LienPublication="R54159" type="Téléservice" audience="Particuliers">installateur RGE</LienInterne>.</Paragraphe>
<ASavoir>
<Titre>À savoir</Titre><Paragraphe>pour un équipement d'une puissance inférieure à 3 kWc, l'électricité obtenue peut être  cédée gratuitement.</Paragraphe>
</ASavoir><Paragraphe>Les revenus issus de la vente du surplus d'électricité  sont exonérés d'impôt si votre équipement répond aux 3 conditions suivantes :</Paragraphe>
<Liste type="puce">
<Item>
<Paragraphe>elle n'a pas une  puissance supérieure à  3 kilowatts crête,</Paragraphe>
</Item>
<Item>
<Paragraphe>et elle est raccordée au réseau public en 2 points au plus,</Paragraphe>
</Item>
<Item>
<Paragraphe>et elle n'est pas utilisée pour  l'exercice d'une activité professionnelle.</Paragraphe>
</Item>
</Liste>
<Paragraphe>Si l'une des 3 conditions n'est pas remplie, les revenus issus de la vente de votre électricité sont sont imposables et doivent figurer dans votre déclaration de revenus, en tant que <LienInterne LienPublication="R14120" type="Formulaire" audience="Particuliers">bénéfices industriels et commerciaux (BIC)</LienInterne>.</Paragraphe>

</SousChapitre>
</Chapitre>
<Chapitre>
<Titre>
<Paragraphe>Autorisations préalables</Paragraphe>
</Titre><BlocCas affichage="onglet"><Cas>
<Titre>
<Paragraphe>Pour une maison individuelle</Paragraphe>
</Titre><Paragraphe>Avant d'installer des panneaux photovoltaïques, vous devez :</Paragraphe>
<Liste type="puce">
<Item>
<Paragraphe>pour un bâtiment existant : faire une demande <LienInterne LienPublication="F17578" type="Fiche d'information" audience="Particuliers">d'autorisation préalable</LienInterne> auprès de votre mairie,</Paragraphe>
</Item>
<Item>
<Paragraphe>pour un construction neuve : intégrer les panneaux photovoltaïques à votre dossier de permis de construire.</Paragraphe>
</Item>
</Liste>

</Cas>
<Cas>
<Titre>
<Paragraphe>Pour un logement en copropriété</Paragraphe>
</Titre><Paragraphe>Avant d'installer des panneaux photovoltaïques, vous devez obtenir l'autorisation des autres copropriétaires  réunis en assemblée générale.</Paragraphe>
<Paragraphe>Dans un 1<Exposant>er</Exposant>  temps, il faut obtenir l'autorisation de la <LienInterne LienPublication="F2137" type="Fiche Question-réponse" audience="Particuliers">majorité absolue</LienInterne> de tous les copropriétaires. On parle de <Expression>majorité de l'article 25</Expression>.</Paragraphe>
<Paragraphe>Si la majorité absolue n'est pas obtenue, il est possible de procéder à un nouveau vote à la <LienInterne LienPublication="F2137" type="Fiche Question-réponse" audience="Particuliers">majorité simple</LienInterne> (dite <Expression>majorité de l'article 24</Expression>, c'est-à-dire la majorité des copropriétaires présents ou représentés) :</Paragraphe>
<Liste type="puce">
<Item>
<Paragraphe>immédiatement, si le projet a recueilli au moins le tiers des voix de tous les copropriétaires,</Paragraphe>
</Item>
<Item>
<Paragraphe>dans un délai de 3 mois, si le tiers des voix n'a pas été  recueilli.</Paragraphe>
</Item>
</Liste>
<Paragraphe>Une fois l'autorisation obtenue, c'est au  <LienInterne LienPublication="F2608" type="Fiche d'information" audience="Particuliers">syndic de copropriété</LienInterne> de  faire la demande <LienInterne LienPublication="F17578" type="Fiche d'information" audience="Particuliers">d'autorisation préalable</LienInterne>  auprès de la mairie.</Paragraphe>

</Cas>
</BlocCas>
<ASavoir>
<Titre>À savoir</Titre><Paragraphe>contactez votre  mairie pour savoir s'il existe des  règles  particulières  en vigueur dans votre commune  (exemple : couleur de la toiture).</Paragraphe>
</ASavoir>
</Chapitre>
<Chapitre>
<Titre>
<Paragraphe>Choisir un installateur</Paragraphe>
</Titre><Paragraphe>Pour avoir droit aux aides publiques (<Expression>obligation d'achat</Expression>, <Expression>prime à l'investissement</Expression>), il faut faire appel à  un installateur  qualifié RGE.</Paragraphe>
<Paragraphe>Pour connaître la liste des installateurs qualifiés RGE :</Paragraphe><ServiceEnLigne ID="R54159" URL="https://www.faire.fr/trouvez-un-professionnel" type="Téléservice">
<Titre>Trouver un professionnel RGE ou un architecte</Titre>
<Source ID="R30674">Agence de l'environnement et de la maîtrise de l'énergie (Ademe)</Source>
</ServiceEnLigne>


</Chapitre>
<Chapitre>
<Titre>
<Paragraphe>Raccordement et mise en service</Paragraphe>
</Titre><Paragraphe>Vous  devez adresser  au gestionnaire de réseau public d'électricité présent dans votre commune  (<LienIntra LienID="R54154" type="Définition de glossaire">Enedis</LienIntra> ou   <LienIntra LienID="R49456" type="Définition de glossaire">ELD</LienIntra>), une demande de <LienExterne URL="http://www.enedis.fr/produire-de-lelectricite">raccordement de votre équipement photovoltaïque</LienExterne>

.</Paragraphe><ServiceEnLigne ID="R49471" URL="https://connect-racco.enedis.fr/prac-internet/login/" type="Téléservice">
<Titre>Enedis : faire une demande de raccordement au réseau public d'électricité</Titre>
<Source ID="R32337">ENEDIS (ex-ERDF)</Source>
</ServiceEnLigne>

<Paragraphe>Vous pouvez faire la demande de raccordement vous-même ou  la confier à un mandataire (installateur de panneaux photovoltaïque, par exemple).</Paragraphe>
<Paragraphe>Le gestionnaire de réseau  dispose de :</Paragraphe>
<Liste type="puce">
<Item>
<Paragraphe>10 jours pour vous envoyer une notification de délai pour l'obtention d'une proposition de raccordement (PDR), ainsi que votre numéro de contrat d'accès au réseau et d'exploitation  (CAE),</Paragraphe>
</Item>
<Item>
<Paragraphe>1 à 3 mois pour vous adresser la PDR  et  le CAE.</Paragraphe>
</Item>
</Liste>
<Paragraphe>Vous disposez ensuite de 3 mois pour envoyer :</Paragraphe>
<Liste type="puce">
<Item>
<Paragraphe>le PDR accepté,</Paragraphe>
</Item>
<Item>
<Paragraphe>le CAE signé,</Paragraphe>
</Item>
<Item>
<Paragraphe>et le règlement des travaux.</Paragraphe>
</Item>
</Liste>
<Paragraphe>Le gestionnaire de réseau effectue le raccordement et la mise en service de votre équipement.</Paragraphe>

</Chapitre>
<Chapitre>
<Titre>
<Paragraphe>Contrat d'achat</Paragraphe>
</Titre><Paragraphe>Électricité de France (EDF OA), ou <LienIntra LienID="R49456" type="Définition de glossaire"> l'entreprise locale de distribution (ELD)</LienIntra>, a l'obligation d'acheter votre électricité :</Paragraphe>
<Liste type="puce">
<Item>
<Paragraphe>si vous  faites la demande d'un contrat d'obligation d'achat,</Paragraphe>
</Item>
<Item>
<Paragraphe>et si vous avez fait appel à un <LienInterne LienPublication="R54159" type="Téléservice" audience="Particuliers">installateur qualifié RGE</LienInterne>.</Paragraphe>
</Item>
</Liste>
<Paragraphe>La demande de contrat d'obligation d'achat s'effectue en même temps que la demande de raccordement au réseau public d'électricité.</Paragraphe>
<Paragraphe>La durée du contrat est de 20 ans, non renouvelable. Elle s'applique à partir  de la date de mise en service de votre équipement (raccordement effectif au réseau).</Paragraphe>
<Paragraphe>Le tarif d'achat de l'électricité produite est fixé par trimestre.</Paragraphe>
<Paragraphe>Le tarif qui s'applique à votre contrat est celui en  vigueur à la date de demande de raccordement de votre équipement.</Paragraphe>
<Paragraphe>Vous adressez ensuite chaque année votre facture à la date anniversaire du contrat.</Paragraphe>

</Chapitre>
</Texte>
</Situation>
<Situation>
<Titre>Pour tout utiliser</Titre>
<Texte><Chapitre>
<Titre>
<Paragraphe>De quoi s'agit-il ?</Paragraphe>
</Titre><Paragraphe>Produire de l'électricité à partir du rayonnement solaire nécessite une dispositif spécifique.</Paragraphe>
<Paragraphe>En pratique, il se compose notamment :</Paragraphe>
<Liste type="puce">
<Item>
<Paragraphe>de plusieurs panneaux photovoltaïques. Ces panneaux captent l'énergie solaire pour la transformer en électricité. Ils peuvent être fixés sur votre toiture d'origine (équipement non intégré) ou intégrés en remplacement de la toiture d'origine (équipement intégré au bâti). Dans certaines régions géographiques, ils peuvent aussi être installés sur une façade ou dans un jardin.</Paragraphe>
</Item>
<Item>
<Paragraphe>d'un ou plusieurs onduleurs. L'onduleur est un petit boîtier fixé sur un mur au plus près des modules photovoltaïques. Il permet de convertir le courant continu obtenu en courant alternatif utilisable chez soi.</Paragraphe>
</Item>
<Item>
<Paragraphe>de <LienExterne URL="https://www.ademe.fr/sites/default/files/assets/documents/guide-pratique-electricite-solaire.pdf" format="application/pdf" poids="656.0 KB">batteries</LienExterne>

, si vous voulez pouvoir stocker l'électricité obtenue.</Paragraphe>
</Item>
<Item>
<Paragraphe>d'un dispositif de "bridage" éventuellement, car votre équipement doit  être dimensionné de sorte que l'électricité obtenue ne dépasse jamais vos besoins.</Paragraphe>
</Item>
</Liste>

</Chapitre>
<Chapitre>
<Titre>
<Paragraphe>Coûts et aides</Paragraphe>
</Titre><Paragraphe>Un conseiller <Expression>Faire</Expression> peut vous aider à définir <LienExterne URL="https://www.ademe.fr/sites/default/files/assets/documents/guide-pratique-electricite-solaire.pdf" format="application/pdf" poids="656.0 KB">votre projet</LienExterne>

, ainsi qu'en estimer la rentabilité (<LienExterne URL="https://www.photovoltaique.info/fr/preparer-un-projet/quelles-demarches-realiser/choisir-son-modele-economique/">coûts</LienExterne>

 et avantages).</Paragraphe>
<OuSAdresser ID="R34708" type="Local personnalisable">
<Titre>Faire.gouv.fr (travaux de rénovation énergétique)</Titre>
<PivotLocal>renovation_info_service</PivotLocal>
<RessourceWeb URL="https://www.faire.gouv.fr/"/>
</OuSAdresser>

<SousChapitre>
<Titre>
<Paragraphe>Coûts d'installation</Paragraphe>
</Titre><Paragraphe>Le prix des équipements (panneaux photovoltaïques et onduleur) et de leur pose est variable. Il   dépend notamment :</Paragraphe>
<Liste type="puce">
<Item>
<Paragraphe>des matériaux utilisés,</Paragraphe>
</Item>
<Item>
<Paragraphe>de la méthode d'installation (panneaux intégrés ou simplement posés),</Paragraphe>
</Item>
<Item>
<Paragraphe>et de l'installateur auquel vous faites appel.</Paragraphe>
</Item>
</Liste>
<ASavoir>
<Titre>À savoir</Titre><Paragraphe>certaines collectivités territoriales proposent des aides financières pour l'installation d'un équipement photovoltaïque.</Paragraphe>
</ASavoir>
</SousChapitre>
<SousChapitre>
<Titre>
<Paragraphe>Coûts de fonctionnement</Paragraphe>
</Titre><Paragraphe>Une fois les panneaux installés :</Paragraphe>
<Liste type="puce">
<Item>
<Paragraphe>vous avez l'obligation de souscrire  une assurance responsabilité civile pour  votre équipement photovoltaïque.  Pour cela, vous pouvez  demander la modification de votre contrat <LienInterne LienPublication="N44" type="Dossier" audience="Particuliers">d'assurance habitation</LienInterne>. Le montant de votre cotisation sera  réévalué.</Paragraphe>
</Item>
<Item>
<Paragraphe>vous pouvez souscrire une assurance "dommage aux biens" pour votre équipement.</Paragraphe>
</Item>
<Item>
<Paragraphe>l'onduleur doit être changé régulièrement, environ tous les 10 ans.</Paragraphe>
</Item>
</Liste>
<ASavoir>
<Titre>À savoir</Titre><Paragraphe>ne négligez pas l'entretien périodique des panneaux car, soumis aux intempéries, leurs matériaux se dégradent peu à peu.</Paragraphe>
</ASavoir>
</SousChapitre>
</Chapitre>
<Chapitre>
<Titre>
<Paragraphe>Choisir un installateur</Paragraphe>
</Titre><Paragraphe>Pour connaître la liste des <LienExterne URL="http://www.photovoltaique.info/Choisir-son-installateur.html">installateurs</LienExterne>

, vous pouvez  contacter un conseiller <Expression>Faire</Expression> :</Paragraphe>
<OuSAdresser ID="R34708" type="Local personnalisable">
<Titre>Faire.gouv.fr (travaux de rénovation énergétique)</Titre>
<PivotLocal>renovation_info_service</PivotLocal>
<RessourceWeb URL="https://www.faire.gouv.fr/"/>
</OuSAdresser>
<Paragraphe>Pour connaître la liste des installateurs qualifiés RGE :</Paragraphe><ServiceEnLigne ID="R54159" URL="https://www.faire.fr/trouvez-un-professionnel" type="Téléservice">
<Titre>Trouver un professionnel RGE ou un architecte</Titre>
<Source ID="R30674">Agence de l'environnement et de la maîtrise de l'énergie (Ademe)</Source>
</ServiceEnLigne>


</Chapitre>
<Chapitre>
<Titre>
<Paragraphe>Autorisations préalables</Paragraphe>
</Titre><BlocCas affichage="onglet"><Cas>
<Titre>
<Paragraphe>Pour une maison individuelle</Paragraphe>
</Titre><Paragraphe>Avant d'installer des panneaux photovoltaïques, vous devez :</Paragraphe>
<Liste type="puce">
<Item>
<Paragraphe>pour un bâtiment existant : faire une demande <LienInterne LienPublication="F17578" type="Fiche d'information" audience="Particuliers">d'autorisation préalable</LienInterne> auprès de votre mairie,</Paragraphe>
</Item>
<Item>
<Paragraphe>pour un construction neuve : intégrer les panneaux photovoltaïques à votre dossier de permis de construire.</Paragraphe>
</Item>
</Liste>

</Cas>
<Cas>
<Titre>
<Paragraphe>Pour un logement en copropriété</Paragraphe>
</Titre><Paragraphe>Avant d'installer des panneaux photovoltaïques, vous devez obtenir l'autorisation des autres copropriétaires  réunis en assemblée générale.</Paragraphe>
<Paragraphe>Dans un 1<Exposant>er</Exposant>  temps, il faut obtenir l'autorisation de la <LienInterne LienPublication="F2137" type="Fiche Question-réponse" audience="Particuliers">majorité absolue</LienInterne> de tous les copropriétaires. On parle de <Expression>majorité de l'article 25</Expression>.</Paragraphe>
<Paragraphe>Si la majorité absolue n'est pas obtenue, il est possible de procéder à un nouveau vote à la <LienInterne LienPublication="F2137" type="Fiche Question-réponse" audience="Particuliers">majorité simple</LienInterne> (dite <Expression>majorité de l'article 24</Expression>, c'est-à-dire la majorité des copropriétaires présents ou représentés) :</Paragraphe>
<Liste type="puce">
<Item>
<Paragraphe>immédiatement, si le projet a recueilli au moins le tiers des voix de tous les copropriétaires,</Paragraphe>
</Item>
<Item>
<Paragraphe>dans un délai de 3 mois, si le tiers des voix n'a pas été  recueilli.</Paragraphe>
</Item>
</Liste>
<Paragraphe>Une fois l'autorisation obtenue, c'est au  <LienInterne LienPublication="F2608" type="Fiche d'information" audience="Particuliers">syndic de copropriété</LienInterne> de  faire la demande <LienInterne LienPublication="F17578" type="Fiche d'information" audience="Particuliers">d'autorisation préalable</LienInterne>  auprès de la mairie.</Paragraphe>

</Cas>
</BlocCas>
<ASavoir>
<Titre>À savoir</Titre><Paragraphe>contactez votre  mairie pour savoir s'il existe des  règles  particulières  en vigueur dans votre commune  (exemple : couleur de la toiture).</Paragraphe>
</ASavoir>
</Chapitre>
<Chapitre>
<Titre>
<Paragraphe>Mise en service</Paragraphe>
</Titre><Paragraphe>Vous devez signer une <Expression>convention  d'autoconsommation sans injection (CACSI)</Expression>  avec le gestionnaire du  réseau public  d'électricité présent sur votre commune :</Paragraphe>
<Liste type="puce">
<Item>
<Paragraphe>
<LienIntra LienID="R54154" type="Définition de glossaire">Enedis</LienIntra> dans la plupart des cas,</Paragraphe>
</Item>
<Item>
<Paragraphe>ou  <LienIntra LienID="R49456" type="Définition de glossaire">ELD</LienIntra>
</Paragraphe>
</Item>
</Liste>
<Paragraphe>La mise en service de votre équipement sera effectuée après la réception par le gestionnaire de réseau de votre convention signée.</Paragraphe>
<ServiceEnLigne ID="R49476" URL="https://www.enedis.fr/sites/default/files/Enedis-FOR-RAC_43E.pdf" format="application/pdf" poids="606.9 KB" type="Modèle de document">
<Titre>Convention d'autoconsommation sans injection pour une installation de production d'électricité</Titre>
<Source ID="R32337">ENEDIS (ex-ERDF)</Source>
</ServiceEnLigne>


</Chapitre>
</Texte>
</Situation>
<Situation>
<Titre>Pour tout vendre</Titre>
<Texte><Chapitre>
<Titre>
<Paragraphe>De quoi s'agit-il ?</Paragraphe>
</Titre><Paragraphe>Produire de l'électricité à partir du rayonnement solaire nécessite un dispositif  spécifique.</Paragraphe>
<Paragraphe>En pratique, il se compose notamment :</Paragraphe>
<Liste type="puce">
<Item>
<Paragraphe>de plusieurs panneaux photovoltaïques. Ces panneaux captent l'énergie solaire pour la transformer en électricité. Ils  peuvent être fixés sur votre toiture d'origine (équipement non intégré) ou intégrés en remplacement de la toiture d'origine (équipement  intégré au bâti).</Paragraphe>
</Item>
<Item>
<Paragraphe>d'un ou plusieurs onduleurs. L'onduleur est un petit boîtier fixé sur un mur au plus près des modules photovoltaïques. Il permet de convertir le courant continu obtenu en courant alternatif identique à celui du réseau public d'électricité.</Paragraphe>
</Item>
</Liste>
<Paragraphe>Pour pouvoir vendre l'électricité obtenue, votre dispositif doit être raccordée au réseau public d'électricité. Au total, 2 compteurs communicants doivent être installés chez vous.</Paragraphe>

</Chapitre>
<Chapitre>
<Titre>
<Paragraphe>Coûts et gains</Paragraphe>
</Titre><Paragraphe>Un conseiller <Expression>Faire</Expression> peut vous aider à définir <LienExterne URL="https://www.ademe.fr/sites/default/files/assets/documents/guide-pratique-electricite-solaire.pdf" format="application/pdf" poids="656.0 KB">votre projet</LienExterne>

, ainsi qu'en évaluer la rentabilité (<LienExterne URL="https://www.photovoltaique.info/fr/preparer-un-projet/quelles-demarches-realiser/choisir-son-modele-economique/">coûts</LienExterne>

 et avantages)</Paragraphe>
<OuSAdresser ID="R34708" type="Local personnalisable">
<Titre>Faire.gouv.fr (travaux de rénovation énergétique)</Titre>
<PivotLocal>renovation_info_service</PivotLocal>
<RessourceWeb URL="https://www.faire.gouv.fr/"/>
</OuSAdresser>

<SousChapitre>
<Titre>
<Paragraphe>Coûts d'installation</Paragraphe>
</Titre><Paragraphe>Le prix des équipements (panneaux photovoltaïques et onduleur) et de leur pose est variable. Il   dépend notamment :</Paragraphe>
<Liste type="puce">
<Item>
<Paragraphe>des matériaux utilisés,</Paragraphe>
</Item>
<Item>
<Paragraphe>de la méthode d'installation (panneaux intégrés ou simplement posés),</Paragraphe>
</Item>
<Item>
<Paragraphe>et de l'installateur auquel vous faites appel.</Paragraphe>
</Item>
</Liste>
<Paragraphe>Le raccordement et la mise en service de votre dispositif au réseau public  d'électricité sont  effectués par le gestionnaire réseau (<LienIntra LienID="R54154" type="Définition de glossaire">Enedis</LienIntra> ou <LienIntra LienID="R49456" type="Définition de glossaire">ELD</LienIntra>).</Paragraphe>
<Paragraphe>Ces services sont payants. Leur coût varie selon les caractéristiques de   votre équipement.</Paragraphe>

</SousChapitre>
<SousChapitre>
<Titre>
<Paragraphe>Coûts de fonctionnement</Paragraphe>
</Titre><Paragraphe>Une fois les panneaux installés :</Paragraphe>
<Liste type="puce">
<Item>
<Paragraphe>vous avez l'obligation de souscrire  une assurance responsabilité civile pour  votre équipement photovoltaïque.  Pour cela, vous pouvez  demander la modification de votre contrat <LienInterne LienPublication="N44" type="Dossier" audience="Particuliers">d'assurance habitation</LienInterne>. Le montant de votre cotisation sera  réévalué.</Paragraphe>
</Item>
<Item>
<Paragraphe>vous pouvez souscrire une assurance "dommage aux biens" pour votre équipement.</Paragraphe>
</Item>
<Item>
<Paragraphe>pour l'utilisation du réseau public d'électricité en tant que fournisseur  d'électricité, une <LienExterne URL="https://www.enedis.fr/producteurs-et-tarif-dacheminement">taxe (la Turpe)</LienExterne>

 vous est facturée chaque année.</Paragraphe>
</Item>
<Item>
<Paragraphe>l'onduleur doit être changé régulièrement, environ tous les 10 ans.</Paragraphe>
</Item>
</Liste>
<ASavoir>
<Titre>À savoir</Titre><Paragraphe>ne négligez pas l'entretien périodique des panneaux car, soumis aux intempéries, leurs matériaux se dégradent peu à peu.</Paragraphe>
</ASavoir>
</SousChapitre>
<SousChapitre>
<Titre>
<Paragraphe>Revenus issus de la vente d'électricité</Paragraphe>
</Titre><Paragraphe>L'électricité obtenue est  vendue  en   <Expression>obligation d'achat</Expression> avec un  tarif réglementé, à la condition d'avoir fait appel à  un <LienInterne LienPublication="R54159" type="Téléservice" audience="Particuliers">installateur RGE</LienInterne>.</Paragraphe>
<Paragraphe>Si la puissance de votre équipement est supérieure à 3kWc,  les revenus issus de  la vente de votre électricité sont imposables et doivent figurer dans votre déclaration de revenus, en tant que <LienInterne LienPublication="R14120" type="Formulaire" audience="Particuliers">bénéfices industriels et commerciaux (BIC)</LienInterne>.</Paragraphe>
<ASavoir>
<Titre>À savoir</Titre><Paragraphe>pour un équipement d'une puissance inférieure à 3 kWc, l'électricité obtenue peut être  cédée gratuitement.</Paragraphe>
</ASavoir>
</SousChapitre>
</Chapitre>
<Chapitre>
<Titre>
<Paragraphe>Autorisations préalables</Paragraphe>
</Titre><BlocCas affichage="onglet"><Cas>
<Titre>
<Paragraphe>Pour une maison individuelle</Paragraphe>
</Titre><Paragraphe>Avant d'installer des panneaux photovoltaïques, vous devez :</Paragraphe>
<Liste type="puce">
<Item>
<Paragraphe>pour un bâtiment existant : faire une demande <LienInterne LienPublication="F17578" type="Fiche d'information" audience="Particuliers">d'autorisation préalable</LienInterne> auprès de votre mairie,</Paragraphe>
</Item>
<Item>
<Paragraphe>pour un construction neuve : intégrer les panneaux photovoltaïques à votre dossier de permis de construire.</Paragraphe>
</Item>
</Liste>

</Cas>
<Cas>
<Titre>
<Paragraphe>Pour un logement en copropriété</Paragraphe>
</Titre><Paragraphe>Avant d'installer des panneaux photovoltaïques, vous devez obtenir l'autorisation des autres copropriétaires  réunis en assemblée générale.</Paragraphe>
<Paragraphe>Dans un 1<Exposant>er</Exposant>  temps, il faut obtenir l'autorisation de la <LienInterne LienPublication="F2137" type="Fiche Question-réponse" audience="Particuliers">majorité absolue</LienInterne> de tous les copropriétaires. On parle de <Expression>majorité de l'article 25</Expression>.</Paragraphe>
<Paragraphe>Si la majorité absolue n'est pas obtenue, il est possible de procéder à un nouveau vote à la <LienInterne LienPublication="F2137" type="Fiche Question-réponse" audience="Particuliers">majorité simple</LienInterne> (dite <Expression>majorité de l'article 24</Expression>, c'est-à-dire la majorité des copropriétaires présents ou représentés) :</Paragraphe>
<Liste type="puce">
<Item>
<Paragraphe>immédiatement, si le projet a recueilli au moins le tiers des voix de tous les copropriétaires,</Paragraphe>
</Item>
<Item>
<Paragraphe>dans un délai de 3 mois, si le tiers des voix n'a pas été  recueilli.</Paragraphe>
</Item>
</Liste>
<Paragraphe>Une fois l'autorisation obtenue, c'est au  <LienInterne LienPublication="F2608" type="Fiche d'information" audience="Particuliers">syndic de copropriété</LienInterne> de  faire la demande <LienInterne LienPublication="F17578" type="Fiche d'information" audience="Particuliers">d'autorisation préalable</LienInterne>  auprès de la mairie.</Paragraphe>

</Cas>
</BlocCas>
<ASavoir>
<Titre>À savoir</Titre><Paragraphe>contactez votre  mairie pour savoir s'il existe des  règles  particulières  en vigueur dans votre commune  (exemple : couleur de la toiture).</Paragraphe>
</ASavoir>
</Chapitre>
<Chapitre>
<Titre>
<Paragraphe>Choisir un installateur</Paragraphe>
</Titre><Paragraphe>Pour avoir droit aux aides publiques (<Expression>obligation d'achat</Expression>), il faut faire appel à  un installateur  qualifié RGE.</Paragraphe>
<Paragraphe>Pour connaître la liste des installateurs qualifiés RGE :</Paragraphe><ServiceEnLigne ID="R54159" URL="https://www.faire.fr/trouvez-un-professionnel" type="Téléservice">
<Titre>Trouver un professionnel RGE ou un architecte</Titre>
<Source ID="R30674">Agence de l'environnement et de la maîtrise de l'énergie (Ademe)</Source>
</ServiceEnLigne>


</Chapitre>
<Chapitre>
<Titre>
<Paragraphe>Raccordement et mise en service</Paragraphe>
</Titre><Paragraphe>Vous  devez adresser  au gestionnaire de réseau public d'électricité présent dans votre commune  (<LienIntra LienID="R54154" type="Définition de glossaire">Enedis</LienIntra> ou   <LienIntra LienID="R49456" type="Définition de glossaire">ELD</LienIntra>), une demande de <LienExterne URL="http://www.enedis.fr/produire-de-lelectricite">raccordement de votre équipement photovoltaïque</LienExterne>

.</Paragraphe><ServiceEnLigne ID="R49471" URL="https://connect-racco.enedis.fr/prac-internet/login/" type="Téléservice">
<Titre>Enedis : faire une demande de raccordement au réseau public d'électricité</Titre>
<Source ID="R32337">ENEDIS (ex-ERDF)</Source>
</ServiceEnLigne>

<Paragraphe>Vous pouvez choisir de faire la demande de raccordement :</Paragraphe>
<Liste type="puce">
<Item>
<Paragraphe>vous-mêmes,</Paragraphe>
</Item>
<Item>
<Paragraphe>ou de la confier à un mandataire (installateur de panneaux photovoltaïque, par exemple).</Paragraphe>
</Item>
</Liste>
<Paragraphe>Le gestionnaire de réseau  dispose de :</Paragraphe>
<Liste type="puce">
<Item>
<Paragraphe>10 jours pour vous envoyer une notification de délai pour l'obtention d'une proposition de raccordement (PDR), ainsi que votre numéro de contrat d'accès au réseau et d'exploitation  (CAE),</Paragraphe>
</Item>
<Item>
<Paragraphe>1 à 3 mois pour vous adresser la PDR  et  le CAE.</Paragraphe>
</Item>
</Liste>
<Paragraphe>Vous disposez ensuite de 3 mois pour envoyer :</Paragraphe>
<Liste type="puce">
<Item>
<Paragraphe>le PDR accepté,</Paragraphe>
</Item>
<Item>
<Paragraphe>le CAE signé,</Paragraphe>
</Item>
<Item>
<Paragraphe>et le règlement des travaux.</Paragraphe>
</Item>
</Liste>
<Paragraphe>Le gestionnaire de réseau effectue le raccordement et la mise en service de votre équipement.</Paragraphe>

</Chapitre>
<Chapitre>
<Titre>
<Paragraphe>Contrat d'achat</Paragraphe>
</Titre><Paragraphe>Électricité de France (EDF OA), ou <LienIntra LienID="R49456" type="Définition de glossaire"> l'entreprise locale de distribution (ELD)</LienIntra>, a l'obligation d'acheter votre électricité :</Paragraphe>
<Liste type="puce">
<Item>
<Paragraphe>si vous  faites la demande d'un contrat d'obligation d'achat,</Paragraphe>
</Item>
<Item>
<Paragraphe>et si vous avez fait appel à un <LienInterne LienPublication="R54159" type="Téléservice" audience="Particuliers">installateur qualifié RGE</LienInterne>.</Paragraphe>
</Item>
</Liste>
<Paragraphe>La demande de contrat d'obligation d'achat s'effectue en même temps que la demande de raccordement au réseau public d'électricité.</Paragraphe>
<Paragraphe>La durée du contrat est de 20 ans, non renouvelable. Elle s'applique à partir  de la date de mise en service de votre équipement (raccordement effectif au réseau).</Paragraphe>
<Paragraphe>Le tarif d'achat de l'électricité produite est fixé par trimestre.</Paragraphe>
<Paragraphe>Le tarif qui s'applique à votre contrat est celui en  vigueur à la date de demande de raccordement de votre équipement.</Paragraphe>
<Paragraphe>Vous adressez ensuite chaque année votre facture à la date anniversaire du contrat.</Paragraphe>

</Chapitre>
</Texte>
</Situation>
</ListeSituations><OuSAdresser ID="R34708" type="Local personnalisable">
<Titre>Faire.gouv.fr (travaux de rénovation énergétique)</Titre>
<Complement>Pour des informations personnalisées</Complement>
<PivotLocal>renovation_info_service</PivotLocal>
<RessourceWeb URL="https://www.faire.gouv.fr/"/>
</OuSAdresser>
<Reference type="Texte de référence" URL="http://www.legifrance.gouv.fr/affichTexteArticle.do?idArticle=LEGIARTI000023712228&amp;cidTexte=LEGITEXT000006068256" ID="R33613">
<Titre>Loi n°65-557 du 10 juillet 1965 fixant le statut de la copropriété : article 25</Titre>
<Complement>Copropriété : vote en assemblée générale (1er vote)</Complement>
</Reference>
<Reference type="Texte de référence" URL="http://legifrance.gouv.fr/affichTexteArticle.do?idArticle=LEGIARTI000006471789&amp;cidTexte=LEGITEXT000006068256" ID="R33614">
<Titre>Loi n°65-557 du 10 juillet 1965 : article 25-1</Titre>
<Complement>Copropriété : vote en assemblée générale (2e vote)</Complement>
</Reference>
<Reference type="Texte de référence" URL="http://www.legifrance.gouv.fr/affichCode.do?idSectionTA=LEGISCTA000006188272&amp;cidTexte=LEGITEXT000006074075" ID="R32252">
<Titre>Code de l'urbanisme : articles R421-9 à R*421-12</Titre>
<Complement>Autorisation d'urbanisme</Complement>
</Reference>
<Reference type="Texte de référence" URL="https://www.legifrance.gouv.fr/affichCode.do?idSectionTA=LEGISCTA000032939883&amp;cidTexte=LEGITEXT000023983208" ID="R54169">
<Titre>Code de l'énergie : articles L315-1 à L315-8</Titre>
<Complement>Autoconsommation</Complement>
</Reference>
<Reference type="Texte de référence" URL="https://www.legifrance.gouv.fr/affichTexte.do?cidTexte=JORFTEXT000027008908&amp;dateTexte=&amp;categorieLien=id" ID="R36919">
<Titre>Arrêté du 7 janvier 2013 portant majoration des tarifs de l'électricité</Titre>
<Complement>Tarif d'achat</Complement>
</Reference>
<Reference type="Texte de référence" URL="https://www.legifrance.gouv.fr/affichCodeArticle.do?cidTexte=LEGITEXT000023983208&amp;idArticle=LEGIARTI000031068218" ID="R32339">
<Titre>Code de l'énergie : article L342-3</Titre>
<Complement>Délais de raccordement</Complement>
</Reference>
<Reference type="Texte de référence" URL="https://www.legifrance.gouv.fr/affichCode.do?idSectionTA=LEGISCTA000032348043&amp;cidTexte=LEGITEXT000023983208" ID="R43998">
<Titre>Code de l'énergie : articles R342-3 et R342-4</Titre>
<Complement>Indemnités en cas de retard de raccordement</Complement>
</Reference>
<Reference type="Texte de référence" URL="https://www.legifrance.gouv.fr/affichCode.do?idSectionTA=LEGISCTA000023986398&amp;cidTexte=LEGITEXT000023983208" ID="R43481">
<Titre>Code de l'énergie : articles L314-1 à L314-13</Titre>
<Complement>Obligation d'achat</Complement>
</Reference>
<Reference type="Texte de référence" URL="https://www.legifrance.gouv.fr/affichCode.do?idSectionTA=LEGISCTA000032597615&amp;cidTexte=LEGITEXT000023983208" ID="R54170">
<Titre>Code de l'énergie : articles D314-15 à D314-16</Titre>
<Complement>Obligation d'achat</Complement>
</Reference>
<Reference type="Texte de référence" URL="https://www.legifrance.gouv.fr/affichTexte.do?cidTexte=JORFTEXT000034631446" ID="R32340">
<Titre>Arrêté du 9 mai 2017 sur l'achat d'électricité issue de panneaux solaires (France métropolitaine continentale)</Titre>
<Complement>Prime à l'investissement</Complement>
</Reference>
<Reference type="Texte de référence" URL="https://www.legifrance.gouv.fr/affichTexte.do?cidTexte=JORFTEXT000034600911" ID="R49469">
<Titre>Arrêté du 4 mai 2017 sur l'achat d'électricité issue de panneaux solaires (Corse, Guadeloupe, Guyane, Martinique, Mayotte, La Réunion)</Titre>
</Reference>
<Reference type="Texte de référence" URL="http://bofip.impots.gouv.fr/bofip/8123-PGP.html?ftsq=puissance+cr%C3%AAte&amp;identifiant=BOI-BIC-CHAMP-80-30" ID="R32348">
<Titre>Bofip-impôts n°BOI-BIC-CHAMP-80-30-20130325</Titre>
<Complement>Conditions d'exonération des revenus tirés de la vente d'électricité</Complement>
</Reference>
<ServiceEnLigne ID="R49471" URL="https://connect-racco.enedis.fr/prac-internet/login/" type="Téléservice">
<Titre>Enedis : faire une demande de raccordement au réseau public d'électricité</Titre>
<Source ID="R32337">ENEDIS (ex-ERDF)</Source>
</ServiceEnLigne>
<ServiceEnLigne ID="R49476" URL="https://www.enedis.fr/sites/default/files/Enedis-FOR-RAC_43E.pdf" format="application/pdf" poids="606.9 KB" type="Modèle de document">
<Titre>Convention d'autoconsommation sans injection pour une installation de production d'électricité</Titre>
<Source ID="R32337">ENEDIS (ex-ERDF)</Source>
</ServiceEnLigne>
<ServiceEnLigne ID="R14120" URL="https://www.impots.gouv.fr/portail/formulaire/2031-sd/impot-sur-le-revenu" numerocerfa="11085*22" autrenumero="2031-SD" type="Formulaire">
<Titre>Déclaration 2020 des revenus 2019 : bénéfices industriels et commerciaux (BIC)</Titre>
<Source ID="R30612">Ministère chargé des finances</Source>
</ServiceEnLigne>
<PourEnSavoirPlus type="Information pratique" ID="R49452" URL="https://www.ademe.fr/sites/default/files/assets/documents/guide-pratique-electricite-solaire.pdf" audience="Particuliers" format="application/pdf" poids="656.0 KB">
<Titre>Guide pour la réalisation d'un projet photovoltaïque</Titre>
<Source ID="R30674">Agence de l'environnement et de la maîtrise de l'énergie (Ademe)</Source>
</PourEnSavoirPlus>
<PourEnSavoirPlus type="Information pratique" ID="R41597" URL="http://www.photovoltaique.info/" audience="Particuliers">
<Titre>Informations sur le photovoltaïque</Titre>
<Source ID="R30674">Agence de l'environnement et de la maîtrise de l'énergie (Ademe)</Source>
</PourEnSavoirPlus>
<PourEnSavoirPlus type="Information pratique" ID="R54177" URL="https://www.photovoltaique.info/fr/preparer-un-projet/quelles-demarches-realiser/choisir-son-modele-economique/" audience="Particuliers">
<Titre>Panneaux solaires : connaître les coûts et évaluer la rentabilité</Titre>
<Source ID="R30674">Agence de l'environnement et de la maîtrise de l'énergie (Ademe)</Source>
</PourEnSavoirPlus>
<PourEnSavoirPlus type="Information pratique" ID="R54182" URL="https://www.enedis.fr/producteurs-et-tarif-dacheminement" audience="Particuliers">
<Titre>Tarif d'acheminement (Turpe) des producteurs d'électricité</Titre>
<Source ID="R32337">ENEDIS (ex-ERDF)</Source>
</PourEnSavoirPlus>
<PourEnSavoirPlus type="Information pratique" ID="R54180" URL="https://www.economie.gouv.fr/particuliers/aides-installation-photovoltaiques" audience="Particuliers">
<Titre>Panneaux solaires : les aides financières</Titre>
<Source ID="R30656">Ministère chargé de l'économie</Source>
</PourEnSavoirPlus>
<PourEnSavoirPlus type="Information pratique" ID="R49483" URL="http://www.photovoltaique.info/Choisir-son-installateur.html" audience="Particuliers">
<Titre>Panneaux solaires : choisir son installateur</Titre>
<Source ID="R30674">Agence de l'environnement et de la maîtrise de l'énergie (Ademe)</Source>
</PourEnSavoirPlus>
<PourEnSavoirPlus type="Information pratique" ID="R54176" URL="https://www.enedis.fr/les-demarches-prealables-pour-produire-son-electricite" audience="Particuliers">
<Titre>Démarches préalables pour produire son électricité</Titre>
<Source ID="R32337">ENEDIS (ex-ERDF)</Source>
</PourEnSavoirPlus>
<PourEnSavoirPlus type="Information pratique" ID="R49444" URL="http://www.enedis.fr/produire-de-lelectricite" audience="Particuliers">
<Titre>Raccorder votre équipement de production d'électricité</Titre>
<Source ID="R32337">ENEDIS (ex-ERDF)</Source>
</PourEnSavoirPlus>
<PourEnSavoirPlus type="Information pratique" ID="R55501" URL="https://www.inc-conso.fr/sites/default/files/guide-aqc-gp-photovoltaique.pdf" audience="Particuliers" format="application/pdf" poids="1.4 MB">
<Titre>Photovoltaïque : comment bien choisir son installateur ?</Titre>
<Source ID="R30643">Institut national de la consommation (INC)</Source>
</PourEnSavoirPlus>
<Definition ID="R49456">
<Titre>Entreprise locale de distribution (ELD)</Titre>
<Texte>
				<Paragraphe>Entreprise ou régie assurant la distribution et/ou la fourniture d'électricité ou de gaz sur un territoire non desservi par Enedis (Ex-ERDF) ou GRDF</Paragraphe>
			</Texte>
</Definition>
<Definition ID="R54154">
<Titre>Enedis</Titre>
<Texte>
				<Paragraphe>Fournisseur d'électricité. Enedis est également gestionnaire du réseau public d'électricité et réalise toutes les interventions techniques sur ce réseau. Entreprise anciennement appelée ERDF.</Paragraphe>
			</Texte>
</Definition>
</Publication>
