<?xml version="1.0" encoding="UTF-8"?><Publication xmlns:dc="http://purl.org/dc/elements/1.1/" xmlns:xsi="http://www.w3.org/2001/XMLSchema-instance" ID="F31527" type="Fiche Question-réponse" xsi:noNamespaceSchemaLocation="../Schemas/3.0/Publication.xsd">
<dc:title>Peut-on accrocher librement des objets à ses fenêtres ?</dc:title>
<dc:creator>Direction de l'information légale et administrative</dc:creator>
<dc:subject>Logement</dc:subject>
<dc:description>Oui, sauf si le règlement de copropriété ou un arrêté municipal l'interdit.</dc:description>
<dc:publisher>Direction de l'information légale et administrative</dc:publisher>
<dc:contributor>Direction de l'information légale et administrative (Premier ministre)</dc:contributor>
<dc:date>modified 2019-03-08</dc:date>
<dc:type>Question-réponse</dc:type>
<dc:format>text/xml</dc:format>
<dc:identifier>F31527</dc:identifier>
<dc:source>https://www.legifrance.gouv.fr/affichCode.do?cidTexte=LEGITEXT000006070721&amp;idSectionTA=LEGISCTA000032021488</dc:source>
<dc:language>Fr</dc:language>
<dc:relation>isPartOf N31064</dc:relation>
<dc:coverage>France entière</dc:coverage>
<dc:rights>https://www.service-public.fr/a-propos/mentions-legales</dc:rights>
<SurTitre>Question-réponse</SurTitre>
<Audience>Particuliers</Audience>
<Canal>www.service-public.fr</Canal>
<FilDAriane>
<Niveau ID="Particuliers">Accueil particuliers</Niveau>
<Niveau ID="N19808">Logement</Niveau>
<Niveau ID="N31064">Droits des copropriétaires</Niveau>
<Niveau ID="F31527" type="Fiche Question-réponse">Peut-on accrocher librement des objets à ses fenêtres ?</Niveau>
</FilDAriane>
<Theme ID="N19808">
<Titre>Logement</Titre>
</Theme>
<SousThemePere ID="N31337">Copropriété</SousThemePere><DossierPere ID="N31064">
<Titre>Droits des copropriétaires</Titre>
<Fiche ID="F31512">Parties privatives réservées à l'usage exclusif de son copropriétaire</Fiche>
<Fiche ID="F31518">Parties communes réservées à l'usage exclusif d'un copropriétaire (droit de jouissance exclusif)</Fiche>
<Fiche ID="F31513">Travaux et aménagements par le propriétaire occupant d'un appartement</Fiche>
</DossierPere>

<Texte><Paragraphe>Oui, vous pouvez accrocher ce que vous voulez à vos fenêtres ou sur votre balcon à condition qu'un arrêté municipal ou le  règlement de copropriété  ne s'y opposent pas. Vous êtes toutefois responsable des dégâts causés par ces biens s'ils sont mal fixés.</Paragraphe>
<Paragraphe>Si un objet tombe et blesse quelqu'un ou lui cause un dommage matériel (pare-brise d'une voiture abîmé, par exemple), votre responsabilité civile peut être mise en cause par cette personne.</Paragraphe>
<Paragraphe>Il convient donc de veiller à ce que les objets que vous accrochez à vos fenêtres soient correctement fixés, et non simplement posés.</Paragraphe>
<Paragraphe>En principe, vous êtes couvert pour ce genre de dommages dans le cadre d'une assurance responsabilité civile, notamment avec une <LienInterne LienPublication="F2123" type="Fiche Question-réponse" audience="Particuliers">assurance habitation</LienInterne>.</Paragraphe>

</Texte>
<OuSAdresser ID="R5" type="Local personnalisé sur SP">
<Titre>Agence départementale pour l'information sur le logement (Adil)</Titre>
<PivotLocal>adil</PivotLocal>
<RessourceWeb URL="https://www.anil.org/lanil-et-les-adil/votre-adil/"/>
<Source ID="R30676">Agence nationale pour l'information sur le logement (Anil)</Source>
</OuSAdresser>
<Reference type="Texte de référence" URL="https://www.legifrance.gouv.fr/affichCode.do?cidTexte=LEGITEXT000006070721&amp;idSectionTA=LEGISCTA000032021488" ID="R610">
<Titre>Code civil : articles 1240 à 1244</Titre>
<Complement>Responsabilité par son fait, sa négligence ou son imprudence (article 1241)</Complement>
</Reference>
</Publication>
