<?xml version="1.0" encoding="UTF-8"?><Publication xmlns:dc="http://purl.org/dc/elements/1.1/" xmlns:xsi="http://www.w3.org/2001/XMLSchema-instance" ID="F32172" type="Fiche d'information" xsi:noNamespaceSchemaLocation="../Schemas/3.0/Publication.xsd">
<dc:title>Maladie professionnelle : indemnisation des ayants droit du salarié décédé</dc:title>
<dc:creator>Direction de l'information légale et administrative</dc:creator>
<dc:subject>Famille</dc:subject>
<dc:description>Vous pouvez percevoir, sous conditions, une rente de la sécurité sociale si vous êtes ayant droit d'un salarié dont la maladie professionnelle a entraîné son décès.</dc:description>
<dc:publisher>Direction de l'information légale et administrative</dc:publisher>
<dc:contributor>Direction de l'information légale et administrative (Premier ministre)</dc:contributor>
<dc:date>modified 2020-01-01</dc:date>
<dc:type>Fiche pratique</dc:type>
<dc:format>text/xml</dc:format>
<dc:identifier>F32172</dc:identifier>
<dc:source>http://www.legifrance.gouv.fr/affichCode.do?idSectionTA=LEGISCTA000006172663&amp;cidTexte=LEGITEXT000006073189, https://www.legifrance.gouv.fr/affichCode.do?idArticle=LEGIARTI000006743080&amp;idSectionTA=LEGISCTA000006156132&amp;cidTexte=LEGITEXT000006073189, http://www.legifrance.gouv.fr/affichCode.do?idSectionTA=LEGISCTA000006173456&amp;cidTexte=LEGITEXT000006073189</dc:source>
<dc:language>Fr</dc:language>
<dc:relation>isPartOf N31163</dc:relation>
<dc:coverage>France entière</dc:coverage>
<dc:rights>https://www.service-public.fr/a-propos/mentions-legales</dc:rights>
<SurTitre>Fiche pratique</SurTitre>
<Audience>Particuliers</Audience>
<Canal>www.service-public.fr</Canal>
<FilDAriane>
<Niveau ID="Particuliers">Accueil particuliers</Niveau>
<Niveau ID="N19805">Famille</Niveau>
<Niveau ID="N31163">Rentes et capitaux versés en cas de décès</Niveau>
<Niveau ID="F32172" type="Fiche d'information">Maladie professionnelle : indemnisation des ayants droit du salarié décédé</Niveau>
</FilDAriane>
<Theme ID="N19805">
<Titre>Famille</Titre>
</Theme>
<SousThemePere ID="N31161">Décès</SousThemePere><DossierPere ID="N31163">
<Titre>Rentes et capitaux versés en cas de décès</Titre><SousDossier ID="N31163-1">
<Titre>Capital décès</Titre>
<Fiche ID="F3005">Décès d'un salarié du privé</Fiche>
<Fiche ID="F1544">Décès d'un fonctionnaire</Fiche>
</SousDossier>
<SousDossier ID="N31163-2">
<Titre>Rentes</Titre>
<Fiche ID="F744">Allocation veuvage</Fiche>
<Fiche ID="F14868">Décès lié à un accident du travail</Fiche>
<Fiche ID="F32172">Décès lié à une maladie professionnelle</Fiche>
</SousDossier>
</DossierPere>

<SousDossierPere>Rentes</SousDossierPere>
<Introduction>
<Texte><Paragraphe>Vous pouvez percevoir, sous conditions, une rente de la sécurité sociale si vous êtes <LienIntra LienID="R13146" type="Définition de glossaire">ayant droit</LienIntra> d'un salarié dont la maladie professionnelle a entraîné son décès.</Paragraphe>
</Texte>
</Introduction>
<ListeSituations affichage="onglet"><Situation>
<Titre>Conjoint</Titre>
<Texte><Paragraphe>Si vous <LienIntra LienID="R42442" type="Définition de glossaire">viviez en couple</LienIntra> avec un salarié décédé à la suite d'une maladie professionnelle, vous avez droit,  sous conditions, à une  indemnisation sous forme de rente. Un complément de rente peut également être versé. Vous pouvez également demander une prise en charge des frais funéraires.</Paragraphe>
<Chapitre>
<Titre>
<Paragraphe>Conditions</Paragraphe>
</Titre><Paragraphe>Si vous <LienIntra LienID="R42442" type="Définition de glossaire">viviez en couple</LienIntra> avec le défunt, vous avez droit à une rente sauf si  vous êtes dans l'une des situations suivantes :</Paragraphe>
<Liste type="puce">
<Item>
<Paragraphe> Le mariage, le Pacs ou le concubinage est effectif depuis moins de 2 ans à la date du décès et vous n'avez pas eu d'enfants</Paragraphe>
</Item>
<Item>
<Paragraphe>Vous <LienIntra LienID="R42442" type="Définition de glossaire">vivez de nouveau en couple</LienIntra> et vous n'avez pas eu d'enfants avec le défunt</Paragraphe>
</Item>
<Item>
<Paragraphe>Vous avez été condamné pour abandon de famille ou déchu totalement de l'exercice de l'autorité parentale</Paragraphe>
</Item>
<Item>
<Paragraphe>Vous avez été condamné pour non-paiement de l'aide financière (en cas de dissolution du Pacs et si cette aide a été prévue)</Paragraphe>
</Item>
</Liste>

</Chapitre>
<Chapitre>
<Titre>
<Paragraphe>Montant</Paragraphe>
</Titre><BlocCas affichage="onglet"><Cas>
<Titre>
<Paragraphe>Cas général</Paragraphe>
</Titre><Paragraphe>Le montant est fixé à <Valeur>40 %</Valeur> du salaire annuel du défunt.</Paragraphe>
<Paragraphe>Cependant, il est abaissé au taux de <Valeur>20 %</Valeur> du salaire annuel,  dans l'un des cas suivants :</Paragraphe>
<Liste type="puce">
<Item>
<Paragraphe>Il y a eu divorce, séparation de corps ou rupture du Pacs, et le défunt était tenu de vous verser une pension alimentaire ou une aide financière</Paragraphe>
</Item>
<Item>
<Paragraphe>Le défunt vivait avec un nouvel époux, partenaire pacsé ou concubin</Paragraphe>
</Item>
</Liste>
<Paragraphe>Vous avez droit à un complément de rente, égal à <Valeur>20 %</Valeur> du salaire annuel du défunt si vous viviez <LienIntra LienID="R42442" type="Définition de glossaire">en couple</LienIntra> avec le défunt  et que vous remplissez l'une des 2 conditions suivantes :</Paragraphe>
<Liste type="puce">
<Item>
<Paragraphe>Vous avez au moins 55 ans</Paragraphe>
</Item>
<Item>
<Paragraphe>Vous êtes atteint d'une incapacité de travail d'au moins <Valeur>50 %</Valeur> depuis au moins 3 mois</Paragraphe>
</Item>
</Liste>

</Cas>
<Cas>
<Titre>
<Paragraphe>En cas de nouvelle union</Paragraphe>
</Titre><Paragraphe>En cas de nouvelle union (mariage, Pacs, concubinage) et que vous avez eu  un ou des enfants avec le défunt, vous n'avez pas droit à une rente mais à une somme égale à 3 fois le montant annuel de la rente.</Paragraphe>
<Paragraphe>Si votre nouvelle union prend fin, vous pouvez à nouveau percevoir la rente. Toutefois, le rétablissement de la rente doit intervenir dans un délai de 3 ans.</Paragraphe>

</Cas>
</BlocCas>

</Chapitre>
<Chapitre>
<Titre>
<Paragraphe>Plafond total des rentes</Paragraphe>
</Titre><Paragraphe>Lorsque plusieurs ayants droit perçoivent une rente, le montant total des rentes versées ne peut pas dépasser <Valeur>85 %</Valeur> du salaire annuel de la victime.</Paragraphe>
<Paragraphe>Si ce plafond est dépassé, le montant de chaque rente versée est diminué proportionnellement.</Paragraphe>

</Chapitre>
<Chapitre>
<Titre>
<Paragraphe>Paiement</Paragraphe>
</Titre><BlocCas affichage="onglet"><Cas>
<Titre>
<Paragraphe>Cas général</Paragraphe>
</Titre><Paragraphe>La rente  est versée à partir du lendemain du décès.</Paragraphe>
<Paragraphe>Elle est versée chaque trimestre.</Paragraphe>

</Cas>
<Cas>
<Titre>
<Paragraphe>Défunt bénéficiaire d'une rente d'IPP</Paragraphe>
</Titre><Paragraphe>Lorsque le défunt percevait une rente d'incapacité permanente de travail (IPP), la rente d'ayant droit est versée à partir du 1<Exposant>er</Exposant> jour du mois suivant celui au cours duquel est survenu le décès.</Paragraphe>
<Paragraphe>La rente est versée chaque trimestre.</Paragraphe>

</Cas>
</BlocCas>

</Chapitre>
<Chapitre>
<Titre>
<Paragraphe>Frais funéraires et de transport du corps</Paragraphe>
</Titre>
				<Paragraphe>Les frais funéraires de la victime décédée sont pris en charge par la <LienInterne LienPublication="R15469" type="Sigle">CPAM</LienInterne>, dans la limite de <Valeur>1 714,00 €</Valeur>.</Paragraphe>
				<Paragraphe>La <LienInterne LienPublication="R15469" type="Sigle">CPAM</LienInterne> prend également en charge les frais de transport du corps au lieu de sépulture (uniquement en France), à la demande de la famille, dans les conditions suivantes :</Paragraphe>
				<Liste type="puce">
					<Item>
						<Paragraphe>Soit  lorsque le décès s'est produit au cours d'un déplacement professionnel</Paragraphe>
					</Item>
					<Item>
						<Paragraphe>Soit lorsque le défunt avait quitté sa résidence à la sollicitation de son employeur pour être embauché</Paragraphe>
					</Item>
				</Liste>
			

</Chapitre>
<Chapitre>
<Titre>
<Paragraphe>Capital décès</Paragraphe>
</Titre><Paragraphe>Les ayants droits du défunt peuvent aussi percevoir, sous conditions, un <LienInterne LienPublication="F3005" type="Fiche d'information" audience="Particuliers">capital décès</LienInterne>.</Paragraphe>

</Chapitre>
</Texte>
</Situation>
<Situation>
<Titre>Enfant</Titre>
<Texte><Paragraphe>Si vous êtes l'enfant d'un salarié décédé à la suite d'une maladie professionnelle, vous avez droit,  sous conditions, à une  indemnisation sous forme de rente. </Paragraphe>
<Chapitre>
<Titre>
<Paragraphe>Conditions</Paragraphe>
</Titre><Paragraphe>Vous avez droit à une rente  si vous avez <MiseEnEvidence>20 ans</MiseEnEvidence> au maximum.</Paragraphe>

</Chapitre>
<Chapitre>
<Titre>
<Paragraphe>Montant</Paragraphe>
</Titre><Paragraphe>Le montant est fixé à :</Paragraphe>
<Liste type="puce">
<Item>
<Paragraphe>
<Valeur>25 %</Valeur> du salaire annuel du défunt par enfant, pour les 2 premiers enfants, puis <Valeur>20 %</Valeur> par enfant à partir du 3e</Paragraphe>
</Item>
<Item>
<Paragraphe>
<Valeur>30 %</Valeur> du salaire annuel du défunt si vous devenez orphelin de père et de mère, soit au moment du décès, soit avant vos 20 ans</Paragraphe>
</Item>
</Liste>

</Chapitre>
<Chapitre>
<Titre>
<Paragraphe>Plafond total des rentes</Paragraphe>
</Titre><Paragraphe>Lorsque plusieurs ayants droit perçoivent une rente, le montant total des rentes versées ne peut pas dépasser <Valeur>85 %</Valeur> du salaire annuel de la victime.</Paragraphe>
<Paragraphe>Si ce plafond est dépassé, le montant de chaque rente versée est diminué proportionnellement.</Paragraphe>

</Chapitre>
<Chapitre>
<Titre>
<Paragraphe>Paiement</Paragraphe>
</Titre><BlocCas affichage="onglet"><Cas>
<Titre>
<Paragraphe>Cas général</Paragraphe>
</Titre><Paragraphe>La rente  est versée à partir du lendemain du décès.</Paragraphe>
<Paragraphe>Elle est versée chaque trimestre.</Paragraphe>

</Cas>
<Cas>
<Titre>
<Paragraphe>Défunt bénéficiaire d'une rente d'IPP</Paragraphe>
</Titre><Paragraphe>Lorsque le défunt percevait une rente d'incapacité permanente de travail (IPP), la rente d'ayant droit est versée à partir du 1<Exposant>er</Exposant> jour du mois suivant celui au cours duquel est survenu le décès.</Paragraphe>
<Paragraphe>La rente est versée chaque trimestre.</Paragraphe>

</Cas>
</BlocCas>

</Chapitre>
<Chapitre>
<Titre>
<Paragraphe>Frais funéraires et de transport du corps</Paragraphe>
</Titre>
				<Paragraphe>Les frais funéraires de la victime décédée sont pris en charge par la <LienInterne LienPublication="R15469" type="Sigle">CPAM</LienInterne>, dans la limite de <Valeur>1 714,00 €</Valeur>.</Paragraphe>
				<Paragraphe>La <LienInterne LienPublication="R15469" type="Sigle">CPAM</LienInterne> prend également en charge les frais de transport du corps au lieu de sépulture (uniquement en France), à la demande de la famille, dans les conditions suivantes :</Paragraphe>
				<Liste type="puce">
					<Item>
						<Paragraphe>Soit  lorsque le décès s'est produit au cours d'un déplacement professionnel</Paragraphe>
					</Item>
					<Item>
						<Paragraphe>Soit lorsque le défunt avait quitté sa résidence à la sollicitation de son employeur pour être embauché</Paragraphe>
					</Item>
				</Liste>
			

</Chapitre>
<Chapitre>
<Titre>
<Paragraphe>Capital décès</Paragraphe>
</Titre><Paragraphe>Les ayants droits peuvent aussi percevoir, sous conditions, un <LienInterne LienPublication="F3005" type="Fiche d'information" audience="Particuliers">capital décès</LienInterne>.</Paragraphe>

</Chapitre>
</Texte>
</Situation>
<Situation>
<Titre>Ascendant</Titre>
<Texte><Paragraphe>Si vous êtes <LienIntra LienID="R12668" type="Définition de glossaire">l'ascendant</LienIntra> d'un salarié décédé à la suite dune maladie professionnelle, vous avez droit, sous conditions, à une indemnisation sous forme de rente. </Paragraphe>
<Chapitre>
<Titre>
<Paragraphe>Conditions</Paragraphe>
</Titre><Paragraphe>Vous avez droit à une rente si vous remplissez l'une des conditions suivantes :</Paragraphe>
<Liste type="puce">
<Item>
<Paragraphe>Si le défunt vivait en couple ou  avait au moins 1 enfant, vous devez prouver que vous étiez à sa charge</Paragraphe>
</Item>
<Item>
<Paragraphe>Si le défunt ne vivait pas en couple et n'avait pas d'enfant, vous devez prouver que vous auriez pu obtenir de sa part une pension alimentaire</Paragraphe>
</Item>
</Liste>

</Chapitre>
<Chapitre>
<Titre>
<Paragraphe>Montant</Paragraphe>
</Titre><Paragraphe>Le montant est fixé à <Valeur>10 %</Valeur> du salaire annuel du défunt.</Paragraphe>

</Chapitre>
<Chapitre>
<Titre>
<Paragraphe>Plafond total des rentes</Paragraphe>
</Titre><Paragraphe>Lorsque plusieurs ayants droit perçoivent une rente, le montant total des rentes versées ne peut pas dépasser <Valeur>85 %</Valeur> du salaire annuel de la victime.</Paragraphe>
<Paragraphe>Si ce plafond est dépassé, le montant de chaque rente versée est diminué proportionnellement.</Paragraphe>

</Chapitre>
<Chapitre>
<Titre>
<Paragraphe>Paiement</Paragraphe>
</Titre><BlocCas affichage="onglet"><Cas>
<Titre>
<Paragraphe>Cas général</Paragraphe>
</Titre><Paragraphe>La rente  est versée à partir du lendemain du décès.</Paragraphe>
<Paragraphe>Elle est versée chaque trimestre.</Paragraphe>

</Cas>
<Cas>
<Titre>
<Paragraphe>Défunt bénéficiaire d'une rente d'IPP</Paragraphe>
</Titre><Paragraphe>Lorsque le défunt percevait une rente d'incapacité permanente de travail (IPP), la rente d'ayant droit est versée à partir du 1<Exposant>er</Exposant> jour du mois suivant celui au cours duquel est survenu le décès.</Paragraphe>
<Paragraphe>La rente est versée chaque trimestre.</Paragraphe>

</Cas>
</BlocCas>

</Chapitre>
<Chapitre>
<Titre>
<Paragraphe>Frais funéraires et de transport du corps</Paragraphe>
</Titre>
				<Paragraphe>Les frais funéraires de la victime décédée sont pris en charge par la <LienInterne LienPublication="R15469" type="Sigle">CPAM</LienInterne>, dans la limite de <Valeur>1 714,00 €</Valeur>.</Paragraphe>
				<Paragraphe>La <LienInterne LienPublication="R15469" type="Sigle">CPAM</LienInterne> prend également en charge les frais de transport du corps au lieu de sépulture (uniquement en France), à la demande de la famille, dans les conditions suivantes :</Paragraphe>
				<Liste type="puce">
					<Item>
						<Paragraphe>Soit  lorsque le décès s'est produit au cours d'un déplacement professionnel</Paragraphe>
					</Item>
					<Item>
						<Paragraphe>Soit lorsque le défunt avait quitté sa résidence à la sollicitation de son employeur pour être embauché</Paragraphe>
					</Item>
				</Liste>
			

</Chapitre>
<Chapitre>
<Titre>
<Paragraphe>Capital décès</Paragraphe>
</Titre><Paragraphe>Les ayants droits du défunt peuvent aussi percevoir, sous conditions, un <LienInterne LienPublication="F3005" type="Fiche d'information" audience="Particuliers">capital décès</LienInterne>.</Paragraphe>

</Chapitre>
</Texte>
</Situation>
</ListeSituations><VoirAussi important="non">
<Dossier ID="N526" audience="Particuliers">
<Titre>Maladie ou accident du travail dans le secteur privé</Titre>
<Theme ID="N19806">
<Titre>Travail</Titre>
</Theme>
</Dossier>
<Dossier ID="N31163" audience="Particuliers">
<Titre>Rentes et capitaux versés en cas de décès</Titre>
<Theme ID="N19805">
<Titre>Famille</Titre>
</Theme>
</Dossier>
</VoirAussi>
<OuSAdresser ID="R19040" type="Centre de contact">
<Titre>Assurance maladie - 3646</Titre>
<Complement>Pour tout renseignement complémentaire (notamment concernant les démarches à effectuer)</Complement><Texte>
						
								<Paragraphe>
			Pour obtenir des renseignements sur vos droits et démarches,  poser une question sur votre dossier,  signaler un changement de situation ou encore  consulter vos remboursements.
		</Paragraphe>
							
						<Chapitre>
<Titre>
<Paragraphe>Par téléphone</Paragraphe>
</Titre>
								<Paragraphe>
			<MiseEnEvidence>3646</MiseEnEvidence>
</Paragraphe>
								<Paragraphe>
			Ouvert du lundi au vendredi. Attention : les horaires varient selon votre département. En règle générale, les horaires d'ouverture sont au minimum de 8h30 à 17h.</Paragraphe>
								<Paragraphe>Service gratuit + prix appel, depuis un téléphone fixe ou mobile.</Paragraphe>
								<Paragraphe>
			Depuis l'étranger : +33 1 84 90 36 46 (tarif variable selon l'opérateur téléphonique).</Paragraphe>
							</Chapitre>
						<Chapitre>
<Titre>
<Paragraphe>Par messagerie</Paragraphe>
</Titre>
								<Paragraphe>
			
      Connectez-vous sur votre
      <LienExterne URL="http://www.ameli.fr/">compte ameli</LienExterne>
,      puis sélectionnez l'onglet
      <Citation>Vos demandes</Citation>
      et cliquez sur
      <Citation>Contactez-nous / Vos questions</Citation>.</Paragraphe>
							</Chapitre>
					</Texte>
</OuSAdresser>
<OuSAdresser ID="R40" type="Local personnalisé sur SP">
<Titre>Caisse primaire d'assurance maladie (CPAM)</Titre>
<Complement>Pour tout renseignement complémentaire (notamment concernant les démarches à effectuer)</Complement>
<PivotLocal>cpam</PivotLocal>
<RessourceWeb URL="http://www.ameli.fr/assures/votre-caisse/index.php"/>
<Source ID="R30675">Caisse nationale d'assurance maladie (Cnam)</Source>
</OuSAdresser>
<OuSAdresser ID="R11156" type="Local personnalisable">
<Titre>Caisse régionale d'assurance maladie d'Île-de-France (CRAMIF)</Titre>
<Complement>Pour tout renseignement complémentaire, si vous résidez dans un département d'Ile-de-France, à l'exception de la Seine-et-Marne (notamment concernant les démarches à effectuer)</Complement>
<PivotLocal>cramif</PivotLocal>
<RessourceWeb URL="https://www.cramif.fr/"/>
</OuSAdresser>
<Reference type="Texte de référence" URL="http://www.legifrance.gouv.fr/affichCode.do?idSectionTA=LEGISCTA000006172663&amp;cidTexte=LEGITEXT000006073189" ID="R13619">
<Titre>Code de la sécurité sociale : articles L434-7 à L434-14</Titre>
<Complement>Principes généraux</Complement>
</Reference>
<Reference type="Texte de référence" URL="https://www.legifrance.gouv.fr/affichCode.do?idArticle=LEGIARTI000006743080&amp;idSectionTA=LEGISCTA000006156132&amp;cidTexte=LEGITEXT000006073189" ID="R18337">
<Titre>Code de la sécurité sociale : articles L435-1 et L435-2</Titre>
<Complement>Prise en charge des frais funéraires</Complement>
</Reference>
<Reference type="Texte de référence" URL="http://www.legifrance.gouv.fr/affichCode.do?idSectionTA=LEGISCTA000006173456&amp;cidTexte=LEGITEXT000006073189" ID="R13620">
<Titre>Code de la sécurité sociale : articles R434-10 à R434-18</Titre>
<Complement>Montant et paiement de la rente</Complement>
</Reference>
<ServiceEnLigne ID="R1343" URL="http://www.ameli.fr/fileadmin/user_upload/formulaires/S6108.pdf" format="application/pdf" poids="27.4 KB" numerocerfa="60-3555" autrenumero="S 6108" type="Formulaire">
<Titre>Demande du conjoint survivant en vue d'obtenir le bénéfice du complément de rente de 20%</Titre>
<Source ID="R30675">Caisse nationale d'assurance maladie (Cnam)</Source>
</ServiceEnLigne>
<Definition ID="R42442">
<Titre>Vivre en couple</Titre>
<Texte>
				<Paragraphe>Mariage, Pacs ou concubinage (union libre)</Paragraphe>
			</Texte>
</Definition>
<Definition ID="R12668">
<Titre>Ascendant</Titre>
<Texte>
				<Paragraphe>Personne dont on est issu : parents, grands-parents, arrière-grands-parents,... </Paragraphe>
			</Texte>
</Definition>
<Definition ID="R13146">
<Titre>Ayant droit (pour la Sécurité sociale)</Titre>
<Texte>
				<Paragraphe>Personne qui tient son droit à l'assurance maladie-maternité du fait de ses liens avec un assuré</Paragraphe>
			</Texte>
</Definition>
<Abreviation ID="R15469" type="Sigle">
<Titre>CPAM</Titre>
<Texte>
<Paragraphe>Caisse primaire d'assurance maladie</Paragraphe>
</Texte>
</Abreviation>

</Publication>
