<?xml version="1.0" encoding="UTF-8"?><Publication xmlns:dc="http://purl.org/dc/elements/1.1/" xmlns:xsi="http://www.w3.org/2001/XMLSchema-instance" ID="F32428" type="Fiche d'information" xsi:noNamespaceSchemaLocation="../Schemas/3.0/Publication.xsd">
<dc:title>Temps partiel dans le secteur privé</dc:title>
<dc:creator>Direction de l'information légale et administrative</dc:creator>
<dc:subject>Travail</dc:subject>
<dc:description>Tout salarié peut être amené à travailler à temps partiel. Il est alors tenu de travailler pendant une durée minimale, précisée dans le contrat.</dc:description>
<dc:publisher>Direction de l'information légale et administrative</dc:publisher>
<dc:contributor>Direction de l'information légale et administrative (Premier ministre)</dc:contributor>
<dc:date>modified 2020-02-28</dc:date>
<dc:type>Fiche pratique</dc:type>
<dc:format>text/xml</dc:format>
<dc:identifier>F32428</dc:identifier>
<dc:source>https://www.legifrance.gouv.fr/affichCode.do?idSectionTA=LEGISCTA000033004059&amp;cidTexte=LEGITEXT000006072050, https://www.legifrance.gouv.fr/codes/id/LEGISCTA000033004161/, https://www.legifrance.gouv.fr/affichCode.do?idSectionTA=LEGISCTA000033004178&amp;cidTexte=LEGITEXT000006072050, https://www.legifrance.gouv.fr/affichCode.do?idSectionTA=LEGISCTA000033004196&amp;cidTexte=LEGITEXT000006072050, https://www.legifrance.gouv.fr/affichCode.do?idSectionTA=LEGISCTA000033004544&amp;cidTexte=LEGITEXT000006072050, https://www.legifrance.gouv.fr/affichCode.do?idSectionTA=LEGISCTA000033004787&amp;cidTexte=LEGITEXT000006072050</dc:source>
<dc:language>Fr</dc:language>
<dc:relation>isPartOf N458</dc:relation>
<dc:coverage>France entière</dc:coverage>
<dc:rights>https://www.service-public.fr/a-propos/mentions-legales</dc:rights>
<SurTitre>Fiche pratique</SurTitre>
<Audience>Particuliers</Audience>
<Canal>www.service-public.fr</Canal>
<FilDAriane>
<Niveau ID="Particuliers">Accueil particuliers</Niveau>
<Niveau ID="N19806">Travail</Niveau>
<Niveau ID="N458">Temps de travail dans le secteur privé</Niveau>
<Niveau ID="F32428" type="Fiche d'information">Temps partiel dans le secteur privé</Niveau>
</FilDAriane>
<Theme ID="N19806">
<Titre>Travail</Titre>
</Theme>
<SousThemePere ID="N31777">Temps de travail</SousThemePere><DossierPere ID="N458">
<Titre>Temps de travail dans le secteur privé</Titre><SousDossier ID="N458-1">
<Titre>Durée du travail</Titre>
<Fiche ID="F1911">Durée du travail à temps complet</Fiche>
<Fiche ID="F2216">Durée du travail d'un jeune avant 18 ans</Fiche>
<Fiche ID="F19261">Convention de forfait (en heures ou en jours)</Fiche>
</SousDossier>
<SousDossier ID="N458-2">
<Titre>Travail à temps partiel</Titre>
<Fiche ID="F32428">Temps partiel</Fiche>
<Fiche ID="F2332">Congé parental à temps partiel</Fiche>
</SousDossier>
<SousDossier ID="N458-3">
<Titre>Repos</Titre>
<Fiche ID="F990">Repos quotidien</Fiche>
<Fiche ID="F2327">Repos hebdomadaire</Fiche>
<Fiche ID="F13887">Repos dominical</Fiche>
<Fiche ID="F1907">Compte épargne-temps (CET) du salarié</Fiche>
</SousDossier>
<SousDossier ID="N458-4">
<Titre>Aménagement du temps de travail</Titre>
<Fiche ID="F75">Répartition des horaires</Fiche>
<Fiche ID="F74">Horaires individualisés</Fiche>
</SousDossier>
<SousDossier ID="N458-5">
<Titre>Heures supplémentaires, équivalence et astreintes</Titre>
<Fiche ID="F2391">Heures supplémentaires</Fiche>
<Fiche ID="F1903">Heures d'équivalence</Fiche>
<Fiche ID="F20873">Astreintes</Fiche>
</SousDossier>
</DossierPere>

<SousDossierPere>Travail à temps partiel</SousDossierPere>
<Introduction>
<Texte><Paragraphe>Tout salarié peut être amené à travailler à temps partiel, c'est-à-dire pendant une durée inférieure à la durée de travail d'un salarié à temps plein. Dans ce cas, le salarié à temps partiel est tenu de travailler pendant une durée minimale (sauf exceptions). Celle-ci est précisée dans le contrat de travail. Le salarié à temps partiel peut être amené à effectuer des heures complémentaires, dans certaines limites. Les heures complémentaires font l'objet d'une majoration de salaire.</Paragraphe>
</Texte>
</Introduction>
<Texte><Chapitre>
<Titre>
<Paragraphe>De quoi s'agit-il ?</Paragraphe>
</Titre><Paragraphe>Le travail à temps partiel correspond à un travail dont la durée est nécessairement inférieure à la durée de travail prévue pour le salarié à temps plein.</Paragraphe>
<Paragraphe>Elle doit donc être inférieure aux limites suivantes :</Paragraphe>
<Liste type="puce">
<Item>
<Paragraphe>Durée légale hebdomadaire : 35 heures</Paragraphe>
</Item>
<Item>
<Paragraphe>Durée légale mensuelle : 151,67 heures</Paragraphe>
</Item>
<Item>
<Paragraphe>Durée légale annuelle : 1 607 heures</Paragraphe>
</Item>
</Liste>
<Attention>
<Titre>Attention</Titre><Paragraphe>une convention collective ou un accord collectif peut prévoir une durée de travail inférieure pour le temps plein (32 heures par semaine, par exemple). Dans ce cas, le salarié qui travaille moins que cette durée travaille à temps partiel.</Paragraphe>
</Attention>
</Chapitre>
<Chapitre>
<Titre>
<Paragraphe>Qui est concerné ?</Paragraphe>
</Titre><Paragraphe>Tout salarié peut travailler à temps partiel, quelle que soit la durée de son contrat (<LienInterne LienPublication="R24389" type="Sigle">CDI</LienInterne> ou <LienInterne LienPublication="R2454" type="Sigle">CDD</LienInterne>).</Paragraphe>

</Chapitre>
<Chapitre>
<Titre>
<Paragraphe>Demande</Paragraphe>
</Titre><Paragraphe>Le travail à temps partiel peut être demandé par <LienInterne LienPublication="F874" type="Fiche Question-réponse" audience="Particuliers">l'employeur</LienInterne> ou le <LienInterne LienPublication="F878" type="Fiche Question-réponse" audience="Particuliers">salarié</LienInterne>.</Paragraphe>

</Chapitre>
<Chapitre>
<Titre>
<Paragraphe>Contrat de travail</Paragraphe>
</Titre><BlocCas affichage="onglet"><Cas>
<Titre>
<Paragraphe>Cas général</Paragraphe>
</Titre><Paragraphe>Le salarié qui travaille à temps partiel doit signer un contrat de travail  écrit.</Paragraphe>
<Paragraphe>Ce contrat mentionne tous les éléments suivants :</Paragraphe>
<Liste type="puce">
<Item>
<Paragraphe>Qualification du salarié</Paragraphe>
</Item>
<Item>
<Paragraphe>Rémunération</Paragraphe>
</Item>
<Item>
<Paragraphe>Durée de travail hebdomadaire ou mensuelle prévue</Paragraphe>
</Item>
<Item>
<Paragraphe>Répartition de la durée du travail entre les jours de la semaine ou les semaines du mois (sauf si la répartition des horaires de travail est prévue, par convention ou accord, sur une <LienInterne LienPublication="F75" type="Fiche d'information" audience="Particuliers">période supérieure à la semaine</LienInterne>)</Paragraphe>
</Item>
<Item>
<Paragraphe>Limites dans lesquelles peuvent être accomplies  des heures complémentaires</Paragraphe>
</Item>
<Item>
<Paragraphe>Mode de communication par écrit au salarié des horaires de travail pour chaque journée travaillée</Paragraphe>
</Item>
<Item>
<Paragraphe>Cas dans lesquels la répartition de la durée du travail peut être modifiée et nature de cette modification</Paragraphe>
</Item>
</Liste>
<Paragraphe>Tout avenant au contrat doit également faire l'objet d'un écrit. En l'absence d'écrit, le contrat est présumé être à temps plein.</Paragraphe>

</Cas>
<Cas>
<Titre>
<Paragraphe>Association</Paragraphe>
</Titre><Paragraphe>Le salarié qui travaille à temps partiel doit signer un contrat de travail  écrit.</Paragraphe>
<Paragraphe>Ce contrat mentionne tous les éléments suivants :</Paragraphe>
<Liste type="puce">
<Item>
<Paragraphe>Qualification du salarié</Paragraphe>
</Item>
<Item>
<Paragraphe>Rémunération</Paragraphe>
</Item>
<Item>
<Paragraphe>Durée de travail hebdomadaire ou mensuelle prévue</Paragraphe>
</Item>
<Item>
<Paragraphe>Répartition de la durée du travail entre les jours de la semaine ou les semaines du mois (sauf si la répartition des horaires de travail est prévue, par convention ou accord, sur une <LienInterne LienPublication="F75" type="Fiche d'information" audience="Particuliers">période supérieure à la semaine</LienInterne>)</Paragraphe>
</Item>
<Item>
<Paragraphe>Limites dans lesquelles peuvent être accomplies  des heures complémentaires</Paragraphe>
</Item>
<Item>
<Paragraphe>Cas dans lesquels la répartition de la durée du travail peut être modifiée et nature de cette modification</Paragraphe>
</Item>
</Liste>
<Paragraphe>Les horaires de travail sont communiqués au salarié chaque mois, par écrit.</Paragraphe>
<Paragraphe>Tout avenant au contrat doit également faire l'objet d'un écrit. En l'absence d'écrit, le contrat est présumé être à temps plein.</Paragraphe>

</Cas>
<Cas>
<Titre>
<Paragraphe>Entreprise d'aide à domicile</Paragraphe>
</Titre><Paragraphe>Le salarié qui travaille à temps partiel doit signer un contrat de travail  écrit.</Paragraphe>
<Paragraphe>Ce contrat mentionne tous les éléments suivants :</Paragraphe>
<Liste type="puce">
<Item>
<Paragraphe>Qualification du salarié</Paragraphe>
</Item>
<Item>
<Paragraphe>Rémunération</Paragraphe>
</Item>
<Item>
<Paragraphe>Durée de travail hebdomadaire ou mensuelle prévue</Paragraphe>
</Item>
<Item>
<Paragraphe>Répartition de la durée du travail entre les jours de la semaine ou les semaines du mois (sauf si la répartition des horaires de travail est prévue, par convention ou accord, sur une <LienInterne LienPublication="F75" type="Fiche d'information" audience="Particuliers">période supérieure à la semaine</LienInterne>)</Paragraphe>
</Item>
<Item>
<Paragraphe>Limites dans lesquelles peuvent être accomplies  des heures complémentaires</Paragraphe>
</Item>
<Item>
<Paragraphe>Cas dans lesquels la répartition de la durée du travail peut être modifiée et nature de cette modification</Paragraphe>
</Item>
</Liste>
<Paragraphe>Les horaires de travail sont communiqués au salarié  chaque mois, par écrit.</Paragraphe>
<Paragraphe>Tout avenant au contrat doit également faire l'objet d'un écrit. En l'absence d'écrit, le contrat est présumé être à temps plein.</Paragraphe>

</Cas>
</BlocCas>

</Chapitre>
<Chapitre>
<Titre>
<Paragraphe>Durée de travail</Paragraphe>
</Titre><Paragraphe>Le salarié à temps partiel doit respecter une durée minimale de travail.</Paragraphe>
<Paragraphe>Cette durée est fixée par convention ou accord de branche étendu. En l'absence de convention ou d'accord, la durée minimale de travail est fixée à :</Paragraphe>
<Liste type="puce">
<Item>
<Paragraphe>Soit  24 heures par semaine (ou la durée mensuelle équivalente, soit 104 heures)</Paragraphe>
</Item>
<Item>
<Paragraphe>Soit, en cas de répartition de la durée du travail sur une période supérieure à la semaine,  104 heures par mois</Paragraphe>
</Item>
</Liste>
<Paragraphe>Toutefois, la convention collective ou l'accord collectif peut prévoir une durée minimale inférieure à 24 heures par semaine.</Paragraphe>
<Paragraphe>La convention ou l'accord doit alors déterminer :</Paragraphe>
<Liste type="puce">
<Item>
<Paragraphe>les garanties prévoyant la mise en œuvre d'horaires réguliers</Paragraphe>
</Item>
<Item>
<Paragraphe>les garanties permettant au salarié de cumuler plusieurs activités, afin d'atteindre une durée globale d'activité correspondant à un temps plein ou au moins égale à 24 heures par semaine</Paragraphe>
</Item>
<Item>
<Paragraphe>les conditions selon lesquelles les horaires de travail des salariés sont regroupés sur des journées ou des demi-journées régulières ou complètes</Paragraphe>
</Item>
</Liste>
<Paragraphe>Des dérogations à cette durée minimale sont prévues également dans les cas suivants :</Paragraphe>
<BlocCas affichage="onglet"><Cas>
<Titre>
<Paragraphe>Cas général</Paragraphe>
</Titre>
										<Paragraphe>Le salarié qui a signé son contrat de travail à temps partiel (<LienInterne LienPublication="R24389" type="Sigle">CDI</LienInterne> ou <LienInterne LienPublication="R2454" type="Sigle">CDD</LienInterne>) doit respecter une durée minimale de travail d'<MiseEnEvidence>au moins 24 heures par semaine</MiseEnEvidence>.</Paragraphe>
									
										<Paragraphe>Le salarié qui a signé son contrat de travail à temps partiel avant le 1<Exposant>er</Exposant> juillet 2014 (<LienInterne LienPublication="R24389" type="Sigle">CDI</LienInterne> ou <LienInterne LienPublication="R2454" type="Sigle">CDD</LienInterne>) n'est pas tenu de respecter une durée minimale de travail.</Paragraphe>
									
</Cas>
<Cas>
<Titre>
<Paragraphe>Dérogation demandée par le salarié</Paragraphe>
</Titre>
<BlocCas affichage="radio"><Cas>
<Titre>
<Paragraphe>Contraintes personnelles</Paragraphe>
</Titre>
												<Paragraphe>Une durée minimale inférieure à la durée applicable dans l'entreprise peut être fixée, à la demande du salarié, pour lui permettre de faire face à des contraintes personnelles (raisons de santé ou familiales).</Paragraphe>
												<Paragraphe>Cette demande est écrite et motivée.</Paragraphe>
											
</Cas>
<Cas>
<Titre>
<Paragraphe>Cumul d'activités</Paragraphe>
</Titre>
												<Paragraphe>Une durée minimale inférieure à la durée applicable dans l'entreprise peut être fixée, à la demande du salarié, pour lui permettre de cumuler plusieurs activités. Le salarié peut ainsi atteindre une durée globale d'activité correspondant à un temps plein ou au moins égale à la durée minimale de travail.</Paragraphe>
												<Paragraphe>Cette demande est écrite et motivée.</Paragraphe>
											
</Cas>
<Cas>
<Titre>
<Paragraphe>Étudiant de moins de 26 ans</Paragraphe>
</Titre>
												<Paragraphe>Le salarié a droit, s'il le demande, de bénéficier d'une durée minimale inférieure à la durée applicable dans l'entreprise pour lui permettre de poursuivre ses études. Le salarié doit être âgé de moins de 26 ans.</Paragraphe>
											
</Cas>
</BlocCas>
</Cas>
<Cas>
<Titre>
<Paragraphe>CDD</Paragraphe>
</Titre>
<BlocCas affichage="radio"><Cas>
<Titre>
<Paragraphe>CDD d'une durée maximale de 7 jours</Paragraphe>
</Titre>
												<Paragraphe>Le salarié n'est pas tenu de respecter une durée minimale de travail.</Paragraphe>
											
</Cas>
<Cas>
<Titre>
<Paragraphe>Remplacement d'un salarié absent</Paragraphe>
</Titre>
												<Paragraphe>En cas de signature d'un CDD ou d'un contrat temporaire justifié par le remplacement d'un salarié, le salarié n'est pas tenu de respecter une durée minimale de travail.</Paragraphe>
											
</Cas>
</BlocCas>
</Cas>
<Cas>
<Titre>
<Paragraphe>Salarié d'un particulier employeur</Paragraphe>
</Titre>
										<Paragraphe>Les dispositions concernant la durée minimale de travail ne sont pas applicables au <LienInterne LienPublication="F104" type="Fiche d'information" audience="Particuliers">salarié employé directement par un particulier</LienInterne>.</Paragraphe>
									
</Cas>
</BlocCas>


</Chapitre>
<Chapitre>
<Titre>
<Paragraphe>Rémunération</Paragraphe>
</Titre><Paragraphe>La rémunération du salarié à temps partiel est calculée au <Expression>prorata</Expression> de sa durée du travail (sauf <LienIntra LienID="R51533" type="Définition de glossaire">dispositions conventionnelles</LienIntra> ou <LienIntra LienID="R12915" type="Définition de glossaire">usages</LienIntra> plus favorables).</Paragraphe>
<Paragraphe>Elle est proportionnelle à celle du salarié qui, à qualification égale, occupe à temps complet un emploi équivalent dans l'entreprise.</Paragraphe>
<Paragraphe>La rémunération peut être lissée, ce qui permet d'assurer une rémunération fixe et régulière aux salariés dont l'horaire varie au cours de l'année.</Paragraphe>

</Chapitre>
<Chapitre>
<Titre>
<Paragraphe>Heures complémentaires</Paragraphe>
</Titre><Paragraphe>Tout salarié à temps partiel peut être amené à travailler au-delà de la durée de travail prévue au contrat. Dans ce cas, le salarié effectue des heures complémentaires.</Paragraphe>

<SousChapitre>
<Titre>
<Paragraphe>Nombre d'heures</Paragraphe>
</Titre><Paragraphe>Les heures complémentaires peuvent être effectuées dans la limite de 1/10<Exposant>e</Exposant> de la durée hebdomadaire ou mensuelle de travail prévue dans le contrat.</Paragraphe>
<Paragraphe>Par exemple, si le contrat prévoit une durée de travail de 30 heures hebdomadaires, le salarié peut effectuer 3 heures complémentaires au maximum.</Paragraphe>
<Paragraphe>Toutefois, elle peut être portée à 1/3 de la durée hebdomadaire ou mensuelle par convention ou accord d'entreprise.</Paragraphe>
<Paragraphe>Les heures complémentaires ne doivent pas porter la durée de travail du salarié au niveau de la durée légale (ou de la durée conventionnelle applicable dans l'entreprise, si elle est inférieure).</Paragraphe>

</SousChapitre>
<SousChapitre>
<Titre>
<Paragraphe>Rémunération des heures complémentaires</Paragraphe>
</Titre><Paragraphe>Toute heure complémentaire accomplie donne lieu à une majoration de salaire.</Paragraphe>
<Paragraphe>Le taux de majoration d'une heure complémentaire peut être fixé par convention ou accord de branche étendu, sans être inférieur à 10%. En l'absence de convention ou d'accord, le taux de majoration est fixé à :</Paragraphe>
<Liste type="puce">
<Item>
<Paragraphe>10% pour chaque heure complémentaire accomplie dans la limite de 1/10<Exposant>e</Exposant> de la durée de travail fixé dans le contrat</Paragraphe>
</Item>
<Item>
<Paragraphe>25% pour chaque heure accomplie au-delà de 1/10<Exposant>e</Exposant> (et dans la limite de 1/3)</Paragraphe>
</Item>
</Liste>

</SousChapitre>
<SousChapitre>
<Titre>
<Paragraphe>Droit au refus du salarié</Paragraphe>
</Titre><Paragraphe>Le salarié a le droit de refuser d'effectuer des heures complémentaires :</Paragraphe>
<Liste type="puce">
<Item>
<Paragraphe>s'il est informé moins de 3 jours avant la date à laquelle les heures complémentaires sont prévues</Paragraphe>
</Item>
<Item>
<Paragraphe>ou si les heures complémentaires sont accomplies au-delà des limites fixées par le contrat de travail</Paragraphe>
</Item>
</Liste>
<Paragraphe>Le refus du salarié pour l'un de ces motifs ne constitue ni une faute, ni un motif de licenciement.</Paragraphe>
<Paragraphe>Par contre, le salarié ne peut pas refuser d'effectuer les heures complémentaires s'il est informé au moins 3 jours avant et que les heures sont effectuées dans les limites prévues au contrat. Dans ce cas, le refus du salarié constitue une faute pouvant justifier une <LienInterne LienPublication="F2234" type="Fiche d'information" audience="Particuliers">sanction disciplinaire</LienInterne> (avertissement, mise à pied...) ou, en fonction des circonstances, un <LienInterne LienPublication="F1137" type="Fiche Question-réponse" audience="Particuliers">licenciement pour faute</LienInterne>.</Paragraphe>

</SousChapitre>
</Chapitre>
</Texte>
<Reference type="Texte de référence" URL="https://www.legifrance.gouv.fr/affichCode.do?idSectionTA=LEGISCTA000033004059&amp;cidTexte=LEGITEXT000006072050" ID="R38961">
<Titre>Code du travail : article L3123-1</Titre>
<Complement>Définition (ordre public)</Complement>
</Reference>
<Reference type="Texte de référence" URL="https://www.legifrance.gouv.fr/codes/id/LEGISCTA000033004161/" ID="R36161">
<Titre>Code du travail : article L3123-5</Titre>
<Complement>Rémunération (ordre public)</Complement>
</Reference>
<Reference type="Texte de référence" URL="https://www.legifrance.gouv.fr/affichCode.do?idSectionTA=LEGISCTA000033004178&amp;cidTexte=LEGITEXT000006072050" ID="R1699">
<Titre>Code du travail : article L3123-6</Titre>
<Complement>Contrat de travail (ordre public)</Complement>
</Reference>
<Reference type="Texte de référence" URL="https://www.legifrance.gouv.fr/affichCode.do?idSectionTA=LEGISCTA000033004196&amp;cidTexte=LEGITEXT000006072050" ID="R39340">
<Titre>Code du travail : articles L3123-7 à L3123-10</Titre>
<Complement>Durée du travail et heures complémentaires (ordre public)</Complement>
</Reference>
<Reference type="Texte de référence" URL="https://www.legifrance.gouv.fr/affichCode.do?idSectionTA=LEGISCTA000033004544&amp;cidTexte=LEGITEXT000006072050" ID="R39341">
<Titre>Code du travail : articles L3121-19 à L3123-21</Titre>
<Complement>Durée du travail et heures complémentaires (champ de la négociation collective)</Complement>
</Reference>
<Reference type="Texte de référence" URL="https://www.legifrance.gouv.fr/affichCode.do?idSectionTA=LEGISCTA000033004787&amp;cidTexte=LEGITEXT000006072050" ID="R45603">
<Titre>Code du travail : articles L3121-27 à L3123-29</Titre>
<Complement>Durée du travail et heures complémentaires (dispositions supplétives)</Complement>
</Reference>
<Definition ID="R12915">
<Titre>Usages locaux</Titre>
<Texte>
				<Paragraphe>Règles non écrites fixées par l'usage des lieux : coutumes locales qui s'appliquent à tous, ou usages propres qui s'appliquent à certaines catégories de personnes (agriculteurs, particuliers...)</Paragraphe>
			</Texte>
</Definition>
<Definition ID="R51533">
<Titre>Dispositions conventionnelles</Titre>
<Texte>
				<Paragraphe>Convention collective, accord collectif, accord de branche, d'entreprise ou d'établissement applicables en droit du travail. Elles fixent les obligations et les droits de l'employeur et du salarié.</Paragraphe>
			</Texte>
</Definition>
<Abreviation ID="R2454" type="Sigle">
<Titre>CDD</Titre>
<Texte>
<Paragraphe>Contrat à durée déterminée</Paragraphe>
</Texte>
</Abreviation>
<Abreviation ID="R24389" type="Sigle">
<Titre>CDI</Titre>
<Texte>
<Paragraphe>Contrat de travail à durée indéterminée</Paragraphe>
</Texte>
</Abreviation>
<QuestionReponse ID="F1915" audience="Particuliers">Temps partiel : quelle est la durée minimale de travail ?</QuestionReponse>
<QuestionReponse ID="F876" audience="Particuliers">L'employeur peut-il modifier les horaires du salarié à temps partiel ?</QuestionReponse>
<QuestionReponse ID="F878" audience="Particuliers">Comment faire pour passer à temps partiel dans le secteur privé ?</QuestionReponse>
<QuestionReponse ID="F874" audience="Particuliers">L'employeur peut-il instaurer du travail à temps partiel dans l'entreprise ?</QuestionReponse>

</Publication>
