<?xml version="1.0" encoding="UTF-8"?><Publication xmlns:dc="http://purl.org/dc/elements/1.1/" xmlns:xsi="http://www.w3.org/2001/XMLSchema-instance" ID="F32562" type="Fiche d'information" xsi:noNamespaceSchemaLocation="../Schemas/3.0/Publication.xsd">
<dc:title>Libération conditionnelle</dc:title>
<dc:creator>Direction de l'information légale et administrative</dc:creator>
<dc:subject>Justice</dc:subject>
<dc:description>La libération conditionnelle est une mesure prise par la justice pour libérer un détenu avant l'expiration de sa peine. La justice prend en compte le comportement personnel du détenu, ou sa situation de fragilité liée à son âge, à son état de santé ou de grossesse, et à la présence de son enfant. Certaines contraintes sont imposées au détenu qui bénéficie de la libération conditionnelle, dont le non-respect peut entraîner le retrait de la mesure.</dc:description>
<dc:publisher>Direction de l'information légale et administrative</dc:publisher>
<dc:contributor>Direction de l'information légale et administrative (Premier ministre)</dc:contributor>
<dc:date>modified 2019-05-06</dc:date>
<dc:type>Fiche pratique</dc:type>
<dc:format>text/xml</dc:format>
<dc:identifier>F32562</dc:identifier>
<dc:source>http://www.legifrance.gouv.fr/affichCode.do?idSectionTA=LEGISCTA000006138144&amp;cidTexte=LEGITEXT000006071154</dc:source>
<dc:language>Fr</dc:language>
<dc:relation>isPartOf N275</dc:relation>
<dc:coverage>France entière</dc:coverage>
<dc:rights>https://www.service-public.fr/a-propos/mentions-legales</dc:rights>
<SurTitre>Fiche pratique</SurTitre>
<Audience>Particuliers</Audience>
<Canal>www.service-public.fr</Canal>
<FilDAriane>
<Niveau ID="Particuliers">Accueil particuliers</Niveau>
<Niveau ID="N19807">Justice</Niveau>
<Niveau ID="N275">Condamnations et peines</Niveau>
<Niveau ID="F32562" type="Fiche d'information">Libération conditionnelle</Niveau>
</FilDAriane>
<Theme ID="N19807">
<Titre>Justice</Titre>
</Theme>
<SousThemePere ID="N20334">Sanctions pénales</SousThemePere><DossierPere ID="N275">
<Titre>Condamnations et peines</Titre><SousDossier ID="N275-1">
<Titre>Peines principales et complémentaires</Titre>
<Fiche ID="F32803">Amendes</Fiche>
<Fiche ID="F14148">Prison ferme</Fiche>
<Fiche ID="F1406">Peines complémentaires</Fiche>
<Fiche ID="F1407">Travail d'intérêt général (TIG)</Fiche>
<Fiche ID="F32312">Contrainte pénale</Fiche>
</SousDossier>
<SousDossier ID="N275-2">
<Titre>Exécution des condamnations</Titre>
<Fiche ID="F1779">Décision du juge pénal</Fiche>
<Fiche ID="F1531">Application du sursis</Fiche>
</SousDossier>
<SousDossier ID="N275-3">
<Titre>Suivi des anciens détenus</Titre>
<Fiche ID="F1278">Surveillance de sûreté</Fiche>
<Fiche ID="F18535">Rétention de sûreté</Fiche>
<Fiche ID="F32562">Libération conditionnelle</Fiche>
<Fiche ID="F34150">Libération sous contrainte</Fiche>
</SousDossier>
<SousDossier ID="N275-4">
<Titre>Casier judiciaire</Titre>
<Fiche ID="F14710">Contenu du casier</Fiche>
<Fiche ID="F1420">Demande de bulletin numéro 3</Fiche>
</SousDossier>
</DossierPere>

<SousDossierPere>Suivi des anciens détenus</SousDossierPere>
<Introduction>
<Texte><Paragraphe>La libération conditionnelle est une mesure prise par la justice pour libérer un détenu avant l'expiration de sa peine. La justice prend en compte le comportement personnel du détenu, ou sa situation de fragilité liée à son  âge, à son état de santé ou de grossesse, et  à la présence de   son  enfant. Certaines contraintes  sont imposées au détenu qui bénéficie de la libération conditionnelle, dont le non-respect peut entraîner le retrait de la mesure.</Paragraphe>
</Texte>
</Introduction>
<Texte><Chapitre>
<Titre>
<Paragraphe>De quoi s'agit-il ?</Paragraphe>
</Titre><Paragraphe>La libération conditionnelle permet la sortie <MiseEnEvidence>anticipée</MiseEnEvidence> d'une personne qui a été condamnée à une peine de prison ferme.</Paragraphe>

</Chapitre>
<Chapitre>
<Titre>
<Paragraphe>Conditions</Paragraphe>
</Titre><BlocCas affichage="onglet"><Cas>
<Titre>
<Paragraphe>Cas général</Paragraphe>
</Titre><Paragraphe>Si elle manifeste des efforts sérieux de réinsertion, la <LienInterne LienPublication="F14148" type="Fiche d'information" audience="Particuliers">personne condamnée</LienInterne> peut être libérée s'il lui reste au maximum la moitié de sa peine à effectuer.</Paragraphe>
<Paragraphe>La libération conditionnelle  n'est pas accordée en cas de risque de récidive.</Paragraphe>
<Paragraphe>Si la personne a été condamnée à une peine à perpétuité, elle peut demander sa libération conditionnelle au bout de</Paragraphe>
<Liste type="puce">
<Item>
<Paragraphe>18 ans,</Paragraphe>
</Item>
<Item>
<Paragraphe>ou de 22 ans, si elle est récidiviste.</Paragraphe>
</Item>
</Liste>
<Paragraphe>Pour certains <LienIntra LienID="R49230" type="Définition de glossaire">crimes</LienIntra> et <LienIntra LienID="R49229" type="Définition de glossaire">délits</LienIntra>, le tribunal peut décider que la libération conditionnelle ne pourra pas être accordée avant un certain délai. Ce délai s'appelle la <Expression>période de sûreté</Expression>.</Paragraphe>
<Paragraphe>En outre, la personne condamnée doit justifier :</Paragraphe>
<Liste type="puce">
<Item>
<Paragraphe>d'un futur emploi, stage à sa sortie de prison,</Paragraphe>
</Item>
<Item>
<Paragraphe>d'une future formation,</Paragraphe>
</Item>
<Item>
<Paragraphe>de sa participation essentielle à la vie de sa famille. Sa présence est nécessaire pour l'éducation d'un enfant par exemple,</Paragraphe>
</Item>
<Item>
<Paragraphe>de la nécessité de suivre un traitement médical,</Paragraphe>
</Item>
<Item>
<Paragraphe>de ses efforts en vue <LienInterne LienPublication="F1423" type="Fiche Question-réponse" audience="Particuliers">d'indemniser</LienInterne> ses victimes,</Paragraphe>
</Item>
<Item>
<Paragraphe>ou de son implication dans tout autre projet sérieux de réinsertion.</Paragraphe>
</Item>
</Liste>

</Cas>
<Cas>
<Titre>
<Paragraphe>Condamné(e) âgé de plus de 70 ans</Paragraphe>
</Titre><Paragraphe>Si la personne condamnée a plus de 70 ans, elle peut être libérée quelle que soit la durée de la peine lui restant à effectuer.</Paragraphe>
<Paragraphe>La libération conditionnelle lui est accordée dès lors dès lors que sa réinsertion est assurée. Le condamné doit justifier qu'il sera pris en charge à sa sortie ou qu'il bénéficie d'un hébergement.</Paragraphe>
<Paragraphe>Une telle libération n'est pas accordée en cas de risque grave de récidive ou si elle est susceptible de causer un trouble grave à l'ordre public.</Paragraphe>

</Cas>
<Cas>
<Titre>
<Paragraphe>Condamné(e) avec enfant ou enceinte</Paragraphe>
</Titre><Paragraphe>La libération conditionnelle peut être accordée pour raisons familiales à une personne condamnée à qui il reste moins de 4 ans de prison à accomplir, quelle que soit la peine initiale.</Paragraphe>
<Paragraphe>Une telle libération est accordée uniquement si la personne condamnée exerce <LienInterne LienPublication="F3132" type="Fiche d'information" audience="Particuliers">l'autorité parentale</LienInterne> sur un enfant de moins de 10 ans. L'enfant doit avoir sa résidence <MiseEnEvidence>habituelle</MiseEnEvidence> chez la personne condamnée. Si la personne condamnée est divorcée/séparée et dispose d'un simple droit de visite, elle ne peut pas bénéficier de ce dispositif.</Paragraphe>
<Paragraphe>Une femme enceinte de plus de 12 semaines est également  concernée par cette mesure.</Paragraphe>
<Paragraphe>Elle n'est pas accordée en cas de risque de récidive ou en cas de  <LienIntra LienID="R49230" type="Définition de glossaire">crime</LienIntra> ou de  <LienIntra LienID="R49229" type="Définition de glossaire">délit</LienIntra>, commis sur un mineur.</Paragraphe>

</Cas>
<Cas>
<Titre>
<Paragraphe>Condamné ayant bénéficié d'une suspension de peine pour motif médical</Paragraphe>
</Titre><Paragraphe>La libération conditionnelle peut être accordée sans condition de durée de peine accomplie   à un condamné qui a bénéficié d'une mesure de suspension de peine pour ce motif. Il faut pour cela que les 2 conditions suivantes soient remplies :</Paragraphe>
<Liste type="puce">
<Item>
<Paragraphe>1 an après l'octroi de la mesure de suspension de peine, une nouvelle expertise établit que l'état de santé physique ou mentale de la personne est toujours durablement incompatible avec le maintien en détention.</Paragraphe>
</Item>
<Item>
<Paragraphe>Le condamné justifie d'une prise en charge adaptée à sa situation.</Paragraphe>
</Item>
</Liste>

</Cas>
</BlocCas>

</Chapitre>
<Chapitre>
<Titre>
<Paragraphe>Demande de libération</Paragraphe>
</Titre><Paragraphe>La libération conditionnelle est accordée :</Paragraphe>
<Liste type="puce">
<Item>
<Paragraphe>par le juge de l'application des peines pour les condamnés jusqu'à 10 ans de prison,</Paragraphe>
</Item>
<Item>
<Paragraphe>par le tribunal de l'application des peines pour les autres condamnés.</Paragraphe>
</Item>
</Liste>
<Paragraphe>La personne condamnée est entendue par le juge ou le tribunal. Elle peut être assistée d'un avocat.</Paragraphe>
<OuSAdresser ID="R14218" type="Local personnalisable">
<Titre>Avocat</Titre>
<PivotLocal>avocat_conseil_national</PivotLocal>
<RessourceWeb URL="http://cnb.avocat.fr/Trouver-un-avocat-en-France_a341.html"/>
<Source ID="R30762">Conseil national des barreaux</Source>
</OuSAdresser>
<Paragraphe>C'est la décision de libération conditionnelle qui fixe les mesures de suivi.</Paragraphe>
<Paragraphe>Le juge ou le tribunal compétent sont ceux dont dépend la prison où est enfermée la personne condamnée.</Paragraphe>
<OuSAdresser ID="R30" type="Local">
<Titre>Tribunal judiciaire ou de proximité</Titre>
<RessourceWeb URL="https://www.justice.fr/recherche/annuaires"/>
<Source ID="R30663">Ministère chargé de la justice</Source>
</OuSAdresser>
<Paragraphe>La personne condamnée peut faire appel de la décision dans un délai de 10 jours <LienIntra LienID="R1008" type="Définition de glossaire">francs</LienIntra> après la <LienIntra LienID="R14732" type="Définition de glossaire">notification</LienIntra> de la décision. La cour d'appel compétente est celle dont dépend le juge ou le tribunal ayant pris la décision.</Paragraphe>
<OuSAdresser ID="R11624" type="Local personnalisé sur SP">
<Titre>Cour d'appel</Titre>
<PivotLocal>cour_appel</PivotLocal>
<RessourceWeb URL="http://www.annuaires.justice.gouv.fr/annuaires-12162/annuaire-des-cours-dappel-21767.html"/>
<Source ID="R30663">Ministère chargé de la justice</Source>
</OuSAdresser>
<ASavoir>
<Titre>À savoir</Titre><Paragraphe>l'avocat des victimes (mais pas la victime elle-même) peut assister l'audience et être entendu, si la personne demandant une libération conditionnelle a été condamnée à une peine de plus de 5 ans. Il peut aussi être entendu en cas d'appel.</Paragraphe>
</ASavoir>
</Chapitre>
<Chapitre>
<Titre>
<Paragraphe>Mesures de suivi</Paragraphe>
</Titre><Paragraphe>Dans tous les cas, après sa libération, la personne condamnée est suivie par un <LienInterne LienPublication="F2176" type="Fiche avec liens externes" audience="Particuliers">juge de l'application des peines</LienInterne> et par un conseiller pénitentiaire d'insertion et de probation. Elle est soumise à des mesures de suivi socio-judiciaires comme :</Paragraphe>
<Liste type="puce">
<Item>
<Paragraphe>l'exercice d'un emploi,</Paragraphe>
</Item>
<Item>
<Paragraphe>l'obligation de suivre des soins,</Paragraphe>
</Item>
<Item>
<Paragraphe>des restrictions à sa liberté de mouvement ,</Paragraphe>
</Item>
<Item>
<Paragraphe>ou l'obligation d'indemniser les victimes.</Paragraphe>
</Item>
</Liste>
<Paragraphe>La personne condamnée reste soumise à ce suivi durant la durée de la peine qu'il lui reste à effectuer. Si elle a été condamnée à perpétuité, ce suivi dure entre 5 et 10 ans.</Paragraphe>
<Paragraphe>Si elle ne respecte pas ses obligations, la personne condamnée peut retourner en prison et effectuer le reste de sa peine.</Paragraphe>
<ASavoir>
<Titre>À savoir</Titre><Paragraphe>depuis le 25 mars 2019, pour les peines d'au moins 5 ans d'emprisonnement, le  suivi socio-judiciaire peut s'effectuer via une  surveillance électronique mobile.</Paragraphe>
</ASavoir>
</Chapitre>
</Texte><VoirAussi important="oui">
<Fiche ID="F34150" audience="Particuliers">
<Titre>Libération sous contrainte</Titre>
<Theme ID="N19807">
<Titre>Justice</Titre>
</Theme>
</Fiche>
</VoirAussi>
<OuSAdresser ID="R14218" type="Local personnalisable">
<Titre>Avocat</Titre>
<Complement>Pour être assisté</Complement>
<PivotLocal>avocat_conseil_national</PivotLocal>
<RessourceWeb URL="http://cnb.avocat.fr/Trouver-un-avocat-en-France_a341.html"/>
<Source ID="R30762">Conseil national des barreaux</Source>
</OuSAdresser>
<Reference type="Texte de référence" URL="http://www.legifrance.gouv.fr/affichCode.do?idSectionTA=LEGISCTA000006138144&amp;cidTexte=LEGITEXT000006071154" ID="R39593">
<Titre>Code de procédure pénale : articles 729 à 733</Titre>
<Complement>Procédure de libération conditionnelle</Complement>
</Reference>
<PourEnSavoirPlus type="Information pratique" ID="R39585" URL="http://www.avocats.paris/la-liberation-conditionnelle" audience="Particuliers">
<Titre>La libération conditionnelle</Titre>
<Source ID="R46553">Barreau de Paris</Source>
</PourEnSavoirPlus>
<PourEnSavoirPlus type="Information pratique" ID="R39583" URL="http://www.vie-publique.fr/politiques-publiques/prison-reinsertion-detenu/alternatives-prison/" audience="Particuliers">
<Titre>Les mesures alternatives à la prison</Titre>
<Source ID="R30608">Direction de l'information légale et administrative (Dila) - Premier ministre</Source>
</PourEnSavoirPlus>
<Definition ID="R49230">
<Titre>Crime</Titre>
<Texte>
				<Paragraphe>Infraction la plus grave punissable par une peine de prison (homicide volontaire ou  viol par exemple)</Paragraphe>
			</Texte>
</Definition>
<Definition ID="R49229">
<Titre>Délit</Titre>
<Texte>
				<Paragraphe>Infraction jugée par le tribunal correctionnel et punie principalement d'une amende et/ou  d'une peine d'emprisonnement inférieure à 10 ans</Paragraphe>
			</Texte>
</Definition>
<Definition ID="R1008">
<Titre>Jour franc</Titre>
<Texte>
				<Paragraphe>Jour qui dure de 0h à 24h. Un délai ainsi calculé  ne tient pas compte du jour de la décision à l'origine du délai, ni du jour de l'échéance. Si le délai s'achève un samedi ou un dimanche, il est reporté au lundi. Si le délai s'achève un jour férié, il est reporté d'un jour. Ainsi, par exemple, si un délai s'achève un samedi et le lundi suivant est un jour férié, il est reporté au mardi.</Paragraphe>
			</Texte>
</Definition>
<Definition ID="R14732">
<Titre>Notification</Titre>
<Texte>
				<Paragraphe>Formalité par laquelle un acte de procédure ou une décision est porté à la connaissance d’une personne</Paragraphe>
			</Texte>
</Definition>
<QuestionReponse ID="F31728" audience="Particuliers">Contrôleur général des prisons : comment y recourir ?</QuestionReponse>
</Publication>
