<?xml version="1.0" encoding="UTF-8"?><Publication xmlns:dc="http://purl.org/dc/elements/1.1/" xmlns:xsi="http://www.w3.org/2001/XMLSchema-instance" ID="F32777" type="Fiche Question-réponse" xsi:noNamespaceSchemaLocation="../Schemas/3.0/Publication.xsd">
<dc:title>Que faire si un élève n'a pas de lycée d'affectation après la troisième ?</dc:title>
<dc:creator>Direction de l'information légale et administrative</dc:creator>
<dc:subject>Famille</dc:subject>
<dc:description>Si la décision de fin de 3e était l'orientation en lycée, votre enfant devrait être affecté dans le lycée de votre secteur, sinon contacter le Dasen.</dc:description>
<dc:publisher>Direction de l'information légale et administrative</dc:publisher>
<dc:contributor>Direction de l'information légale et administrative (Premier ministre)</dc:contributor>
<dc:date>modified 2020-09-25</dc:date>
<dc:type>Question-réponse</dc:type>
<dc:format>text/xml</dc:format>
<dc:identifier>F32777</dc:identifier>
<dc:language>Fr</dc:language>
<dc:relation>isPartOf N56</dc:relation>
<dc:coverage>France entière</dc:coverage>
<dc:rights>https://www.service-public.fr/a-propos/mentions-legales</dc:rights>
<SurTitre>Question-réponse</SurTitre>
<Audience>Particuliers</Audience>
<Canal>www.service-public.fr</Canal>
<FilDAriane>
<Niveau ID="Particuliers">Accueil particuliers</Niveau>
<Niveau ID="N19805">Famille</Niveau>
<Niveau ID="N56">Collège et lycée</Niveau>
<Niveau ID="F32777" type="Fiche Question-réponse">Que faire si un élève n'a pas de lycée d'affectation après la troisième ?</Niveau>
</FilDAriane>
<Theme ID="N19805">
<Titre>Famille</Titre>
</Theme>
<SousThemePere ID="N20265">Scolarité</SousThemePere><DossierPere ID="N56">
<Titre>Collège et lycée</Titre><SousDossier ID="N56-1">
<Titre>Inscription au collège et au lycée</Titre>
<Fiche ID="F2322">Inscription au collège</Fiche>
<Fiche ID="F2323">Inscription au lycée</Fiche>
<Fiche ID="F20393">Changement de collège ou de lycée en cours d'année</Fiche>
<Fiche ID="F1867">Internat</Fiche>
</SousDossier>
<SousDossier ID="N56-2">
<Titre>Horaires et programmes</Titre>
<Fiche ID="F31099">Collège</Fiche>
<Fiche ID="F32924">Lycée</Fiche>
<Fiche ID="F32925">Voie professionnelle</Fiche>
</SousDossier>
<SousDossier ID="N56-3">
<Titre>Vie quotidienne</Titre>
<Fiche ID="F1409">Règlement intérieur</Fiche>
<Fiche ID="F24569">Restauration scolaire</Fiche>
<Fiche ID="F21766">Surveillance et sécurité des élèves</Fiche>
<Fiche ID="F22575">Sorties et voyages scolaires</Fiche>
<Fiche ID="F197">Santé</Fiche>
</SousDossier>
<SousDossier ID="N56-4">
<Titre>Parcours scolaire et orientation</Titre>
<Fiche ID="F112">Collège</Fiche>
<Fiche ID="F111">Lycée général ou technologique</Fiche>
<Fiche ID="F20395">Lycée professionnel</Fiche>
<Fiche ID="F232">3ème "prépa-métiers" (ancienne Prépa-pro ou Dima)</Fiche>
<Fiche ID="F23476">Parcoursup</Fiche>
</SousDossier>
<SousDossier ID="N56-5">
<Titre>Fonctionnement de l'établissement</Titre>
<Fiche ID="F1394">Conseil de classe</Fiche>
<Fiche ID="F1393">Conseil d'administration</Fiche>
<Fiche ID="F1396">Discipline</Fiche>
<Fiche ID="F315">Commission éducative</Fiche>
</SousDossier>
<SousDossier ID="N56-6">
<Titre>Participation des élèves à la vie scolaire</Titre>
<Fiche ID="F1370">Délégués de classe</Fiche>
<Fiche ID="F34426">Conseil de la vie collégienne (CVC)</Fiche>
<Fiche ID="F1388">Conseil des délégués pour la vie lycéenne (CVL)</Fiche>
<Fiche ID="F1443">Conseil académique (CAVL) et Conseil national (CNVL) de la vie lycéenne</Fiche>
</SousDossier>
<SousDossier ID="N56-7">
<Titre>Participation des parents à la vie scolaire</Titre>
<Fiche ID="F21287">Information des parents</Fiche>
<Fiche ID="F1389">Représentants des parents d'élèves</Fiche>
</SousDossier>
<SousDossier ID="N56-8">
<Titre>Coût de la scolarité</Titre>
<Fiche ID="F34787">Au collège</Fiche>
<Fiche ID="F31024">Au lycée</Fiche>
</SousDossier>
</DossierPere>

<Texte><Paragraphe>Tout élève ayant une décision d'orientation pour la seconde générale et technologique (public ou privé sous contrat) en fin de 3<Exposant>e</Exposant> doit être admis dans un lycée public. L'affectation se fait de préférence dans son secteur géographique.</Paragraphe>
<Paragraphe>Si vous n'avez pas reçu d'avis d'affectation par manque de place disponible, vous devez contacter la direction des services départementaux de l'éducation nationale de votre secteur géographique :</Paragraphe>
<OuSAdresser ID="R24" type="Local personnalisé sur SP">
<Titre>Direction des services départementaux de l'Éducation nationale</Titre>
<PivotLocal>inspection_academique</PivotLocal>
<RessourceWeb URL="http://www.education.gouv.fr/cid3/les-regions-academiques-academies-et-services-departementaux-de-l-education-nationale.html#La_carte_des_regions_academiques_et_les_coordonnees_des_rectorats_vice-rectorats_et_services_departementaux_de_l_Education_nationale"/>
<Source ID="R30638">Ministère chargé de l'éducation</Source>
</OuSAdresser>
<Paragraphe>Vous pouvez également vous rapprocher du principal de votre collège ou d'un conseiller d'orientation-psychologue de l'éducation nationale dans un centre d'information et d'orientation (CIO). Ils vous accompagneront dans la recherche d'une place dans un lycée.</Paragraphe>
<OuSAdresser ID="R16794" type="Local personnalisé sur SP">
<Titre>Centre d'information et d'orientation (CIO)</Titre>
<PivotLocal>cio</PivotLocal>
<RessourceWeb URL="https://www.education.gouv.fr/annuaire?keywords=&amp;field_type_etablissement=6&amp;field_status=All&amp;geo_point="/>
<Source ID="R30638">Ministère chargé de l'éducation</Source>
</OuSAdresser>

</Texte><PourEnSavoirPlus type="Information pratique" ID="R55425" URL="https://www.education.gouv.fr/cid23858/le-calendrier-de-l-orientation-en-troisieme.html" audience="Particuliers">
<Titre>L'orientation en 3e et l'affectation en lycée</Titre>
<Source ID="R30638">Ministère chargé de l'éducation</Source>
</PourEnSavoirPlus>
<QuestionReponse ID="F23512" audience="Particuliers">Quelles sont les orientations possibles après la classe de troisième ?</QuestionReponse>
</Publication>
