<?xml version="1.0" encoding="UTF-8"?><Publication xmlns:dc="http://purl.org/dc/elements/1.1/" xmlns:xsi="http://www.w3.org/2001/XMLSchema-instance" ID="F32776" type="Fiche Question-réponse" xsi:noNamespaceSchemaLocation="../Schemas/3.0/Publication.xsd">
<dc:title>Retour d'expatriation : comment faire rétablir son permis de conduire français ?</dc:title>
<dc:creator>Direction de l'information légale et administrative</dc:creator>
<dc:subject>Transports</dc:subject>
<dc:description>Si vous avez obtenu un permis étranger en échange de votre permis français lors d'une expatriation, vous pouvez demander le rétablissement de vos droits à conduire à votre retour en France. Cette démarche n'est pas obligatoire pour un permis obtenu dans un État de l'Espace économique européen (EEE). Par contre, pour un permis obtenu dans un autre pays, la démarche est obligatoire pour continuer à conduire au-delà d'1 an après l'acquisition de votre résidence normale en France.</dc:description>
<dc:publisher>Direction de l'information légale et administrative</dc:publisher>
<dc:contributor>Direction de l'information légale et administrative (Premier ministre)</dc:contributor>
<dc:date>modified 2020-08-07</dc:date>
<dc:type>Question-réponse</dc:type>
<dc:format>text/xml</dc:format>
<dc:identifier>F32776</dc:identifier>
<dc:source>http://www.legifrance.gouv.fr/affichCode.do?idSectionTA=LEGISCTA000006159563&amp;cidTexte=LEGITEXT000006074228, http://www.legifrance.gouv.fr/affichTexte.do?cidTexte=JORFTEXT000025175223, http://www.legifrance.gouv.fr/affichTexte.do?cidTexte=LEGITEXT000005627531, http://circulaire.legifrance.gouv.fr/pdf/2012/10/cir_35951.pdf</dc:source>
<dc:language>Fr</dc:language>
<dc:relation>isPartOf N19126</dc:relation>
<dc:coverage>France entière</dc:coverage>
<dc:rights>https://www.service-public.fr/a-propos/mentions-legales</dc:rights>
<SurTitre>Question-réponse</SurTitre>
<Audience>Particuliers</Audience>
<Canal>www.service-public.fr</Canal>
<FilDAriane>
<Niveau ID="Particuliers">Accueil particuliers</Niveau>
<Niveau ID="N19812">Transports</Niveau>
<Niveau ID="N19126">Conduire en France avec un permis étranger</Niveau>
<Niveau ID="F32776" type="Fiche Question-réponse">Retour d'expatriation : comment faire rétablir son permis de conduire français ?</Niveau>
</FilDAriane>
<Theme ID="N19812">
<Titre>Transports</Titre>
</Theme><DossierPere ID="N19126">
<Titre>Conduire en France avec un permis étranger</Titre><SousDossier ID="N19126-1">
<Titre>Permis européen</Titre>
<Fiche ID="F1757">Conduire en France avec un permis européen (EEE + Royaume-Uni)</Fiche>
<Fiche ID="F1758">Echange d'un permis européen (EEE + Royaume-Uni)</Fiche>
</SousDossier>
<SousDossier ID="N19126-2">
<Titre>Permis d'un autre pays</Titre>
<Fiche ID="F1459">Court séjour ou études</Fiche>
<Fiche ID="F1460">Installation durable</Fiche>
</SousDossier>
</DossierPere>

<Introduction>
<Texte><Paragraphe>Si vous avez obtenu un permis étranger en échange de votre permis français lors d'une expatriation,  vous pouvez demander le rétablissement de vos droits à conduire à votre retour en France. Cette démarche n'est pas obligatoire pour un permis obtenu dans un <LienIntra LienID="R42218" type="Définition de glossaire">État de l'Espace économique européen (EEE)</LienIntra>. Par contre, pour un permis obtenu dans un autre pays, la démarche est obligatoire pour continuer à conduire au-delà d'1 an après l'acquisition de votre <LienIntra LienID="R2308" type="Définition de glossaire">résidence normale</LienIntra> en France.</Paragraphe>
</Texte>
</Introduction>
<ListeSituations affichage="onglet"><Situation>
<Titre>Vous avez obtenu un permis en Europe (EEE)</Titre>
<Texte><Chapitre>
<Titre>
<Paragraphe>Qui est concerné ?</Paragraphe>
</Titre><Paragraphe>Si vous avez obtenu un permis <LienIntra LienID="R42218" type="Définition de glossaire">européen</LienIntra> en échange de votre permis français lors d'une expatriation, vous pouvez demander à votre retour en France le rétablissement de vos droits à conduire.</Paragraphe>
<Paragraphe>Cette démarche n'est pas obligatoire.</Paragraphe>
<Paragraphe>Toutefois, vous devez faire la démarche  dans les 2 cas suivants :</Paragraphe>
<Liste type="puce">
<Item>
<Paragraphe>Vous résidez en France et vous avez commis une infraction routière</Paragraphe>
</Item>
<Item>
<Paragraphe>Vous souhaitez conduire en France mais votre  permis est expiré</Paragraphe>
</Item>
</Liste>
<ASavoir>
<Titre>À savoir</Titre><Paragraphe>le rétablissement des droits à conduire concerne uniquement  les droits acquis en France. Par exemple, si vous avez obtenu le permis B en France puis passé le permis moto à l'étranger, vous pourrez obtenir uniquement le permis B. Vous  devrez demander l'échange de votre permis  moto passé à l'étranger.</Paragraphe>
</ASavoir>
</Chapitre>
<Chapitre>
<Titre>
<Paragraphe>Conditions à remplir</Paragraphe>
</Titre><Paragraphe>Vous devez remplir les 3 conditions suivantes :</Paragraphe>
<Liste type="puce">
<Item>
<Paragraphe>Avoir  obtenu votre permis français avant votre expatriation (peu importe votre nationalité).</Paragraphe>
<Paragraphe>Le permis peut avoir été obtenu d'une des manières suivantes :  examen (code + épreuve pratique), conversion d'un brevet militaire de conduite, validation d'un diplôme ou d'un titre professionnel délivré à cette fin, échange d'un permis de conduire délivré par une <LienIntra LienID="R49970" type="Définition de glossaire">Com</LienIntra> ou par la Nouvelle-Calédonie.</Paragraphe>
</Item>
<Item>
<Paragraphe>Avoir à nouveau votre  <LienIntra LienID="R2308" type="Définition de glossaire">résidence normale</LienIntra>  en France</Paragraphe>
</Item>
<Item>
<Paragraphe>Ne pas avoir été sanctionné par une restriction, suspension, annulation ou retrait du droit à conduire en France et dans le pays ayant délivré votre permis étranger</Paragraphe>
</Item>
</Liste>

</Chapitre>
<Chapitre>
<Titre>
<Paragraphe>Demande en ligne</Paragraphe>
</Titre><Paragraphe>La démarche se fait en ligne via un téléservice disponible sur le site de l'<LienInterne LienPublication="R50821" type="Sigle">ANTS</LienInterne>.</Paragraphe><ServiceEnLigne ID="R56960" URL="https://permisdeconduire.ants.gouv.fr/" type="Téléservice">
<Titre>Retour d'expatriation : demande en ligne de rétablissement de permis conduire</Titre>
<Source ID="R30628">Agence nationale des titres sécurisés (ANTS)</Source>
<Introduction>
<Texte><Paragraphe>Téléservice accessible avec <LienIntra LienID="R48788" type="Définition de glossaire">FranceConnect</LienIntra> ou avec vos identifiants ANTS.</Paragraphe>
<Paragraphe>Sur le site de l'<LienInterne LienPublication="R50821" type="Sigle">ANTS</LienInterne>, choisir "demande de rétablissement"</Paragraphe>
</Texte>
</Introduction>
</ServiceEnLigne>

<Paragraphe>Pour faire la démarche en ligne, vous avez besoin des documents suivants (photographiés ou numérisés) :</Paragraphe>
<BlocCas affichage="radio"><Cas>
<Titre>
<Paragraphe>Vous êtes Français</Paragraphe>
</Titre><Liste type="puce">
<Item>
<Paragraphe>Image couleur recto verso du permis de conduire original</Paragraphe>
</Item>
<Item>
<Paragraphe>
<LienInterne LienPublication="F31057" type="Fiche Question-réponse" audience="Particuliers">Justificatif d'identité</LienInterne>
</Paragraphe>
</Item>
<Item>
<Paragraphe>
<LienInterne LienPublication="F31847" type="Fiche Question-réponse" audience="Particuliers">Justificatif de domicile</LienInterne>
</Paragraphe>
</Item>
<Item>
<Paragraphe><LienExterne URL="https://permisdeconduire.ants.gouv.fr/Services-associes/Ou-faire-votre-photo-et-votre-signature-numerisee">Photo-signature numérique</LienExterne>

. Si vous n'avez pas accès à un service de photo et de signature numérique, il vous est proposé de remplir et d'envoyer par courrier un formulaire photo-signature (FPS) lors de la téléprocédure.</Paragraphe>
</Item>
<Item>
<Paragraphe>Si vous avez un  <LienInterne LienPublication="N530" type="Dossier" audience="Particuliers">permis lourd</LienInterne>,  avis médical d'aptitude à la conduite des catégories lourdes, ou déclaration de renonciation aux catégories lourdes</Paragraphe>
</Item>
</Liste>

</Cas>
<Cas>
<Titre>
<Paragraphe>Vous êtes européen</Paragraphe>
</Titre><Paragraphe>Si vous êtes <LienIntra LienID="R56962" type="Définition de glossaire">européen</LienIntra>, préparez les documents suivants :</Paragraphe>
<Liste type="puce">
<Item>
<Paragraphe>Image couleur recto verso du permis de conduire original</Paragraphe>
</Item>
<Item>
<Paragraphe>
<LienInterne LienPublication="F31057" type="Fiche Question-réponse" audience="Particuliers">Justificatif d'identité</LienInterne>
</Paragraphe>
</Item>
<Item>
<Paragraphe>
<LienInterne LienPublication="F31847" type="Fiche Question-réponse" audience="Particuliers">Justificatif de domicile</LienInterne>
</Paragraphe>
</Item>
<Item>
<Paragraphe>Justificatif de <LienIntra LienID="R2308" type="Définition de glossaire">résidence normale</LienIntra> en France  à la date de la demande. Par exemple, avis d'imposition/non imposition sur le revenu, contrat de travail, attestation sécurité sociale...</Paragraphe>
</Item>
<Item>
<Paragraphe><LienExterne URL="https://permisdeconduire.ants.gouv.fr/Services-associes/Ou-faire-votre-photo-et-votre-signature-numerisee">Photo-signature numérique</LienExterne>

. Si vous n'avez pas accès à un service de photo et de signature numérique, il vous est proposé de remplir et d'envoyer par courrier un formulaire photo-signature (FPS) lors de la téléprocédure.</Paragraphe>
</Item>
<Item>
<Paragraphe>Si vous avez un  <LienInterne LienPublication="N530" type="Dossier" audience="Particuliers">permis lourd</LienInterne>,  avis médical d'aptitude à la conduite des catégories lourdes, ou déclaration de renonciation aux catégories lourdes</Paragraphe>
</Item>
</Liste>

</Cas>
<Cas>
<Titre>
<Paragraphe>Vous avez la nationalité d'un autre État</Paragraphe>
</Titre><Liste type="puce">
<Item>
<Paragraphe>Image couleur recto verso du permis de conduire original</Paragraphe>
</Item>
<Item>
<Paragraphe>
<LienInterne LienPublication="F31057" type="Fiche Question-réponse" audience="Particuliers">Justificatif d'identité</LienInterne>
</Paragraphe>
</Item>
<Item>
<Paragraphe>
<LienInterne LienPublication="F31847" type="Fiche Question-réponse" audience="Particuliers">Justificatif de domicile</LienInterne>
</Paragraphe>
</Item>
<Item>
<Paragraphe>Justificatif  de régularité de séjour en France (titre de séjour ou  <LienInterne LienPublication="F39" type="Fiche Question-réponse" audience="Particuliers">vignette Ofii apposé sur votre passeport</LienInterne>
</Paragraphe>
</Item>
<Item>
<Paragraphe><LienExterne URL="https://permisdeconduire.ants.gouv.fr/Services-associes/Ou-faire-votre-photo-et-votre-signature-numerisee">Photo-signature numérique</LienExterne>

. Si vous n'avez pas accès à un service de photo et de signature numérique, il vous est proposé de remplir et d'envoyer par courrier un formulaire photo-signature (FPS) lors de la téléprocédure.</Paragraphe>
</Item>
<Item>
<Paragraphe>Si vous avez un  <LienInterne LienPublication="N530" type="Dossier" audience="Particuliers">permis lourd</LienInterne>,  avis médical d'aptitude à la conduite des catégories lourdes, ou déclaration de renonciation aux catégories lourdes</Paragraphe>
</Item>
</Liste>

</Cas>
</BlocCas>

</Chapitre>
<Chapitre>
<Titre>
<Paragraphe>Remise du permis</Paragraphe>
</Titre>
				<Paragraphe>Après examen de votre demande, votre permis de conduire étranger original vous est demandé pour en vérifier l'authenticité (sauf en cas de suspension ou d'annulation).</Paragraphe>
				<Paragraphe>Vous êtes contacté par SMS et mail.</Paragraphe>
				<Paragraphe>Le mail vous indique la démarche  pour remettre votre permis de conduire.</Paragraphe>
				<Paragraphe>En échange de votre permis, vous recevez une attestation de dépôt sécurisée (ADS) de votre permis de conduire étranger.</Paragraphe>
				<Paragraphe>Cette attestation vous permet de conduire en attendant de recevoir votre permis français, dans la limite de la durée de reconnaissance de votre permis étranger.</Paragraphe>
				<Paragraphe>Selon la complexité de votre dossier, le délai de traitement  peut être de plusieurs mois.</Paragraphe>
				<Paragraphe>Il est notamment lié à la vérification de vos droits à conduire via le réseau des permis de conduire de l'Union européenne <Expression>"RESPER"</Expression>.</Paragraphe>
			

				<Paragraphe>Pour suivre la production de votre permis, vous pouvez utiliser le téléservice de suivi de la fabrication et de la transmission de votre permis de conduire.</Paragraphe>
				<ServiceEnLigne ID="R36427" URL="https://ants.gouv.fr/monespace/accueil" type="Téléservice">
<Titre>Suivez votre demande de permis de conduire</Titre>
<Source ID="R30628">Agence nationale des titres sécurisés (ANTS)</Source>
<Introduction>
<Texte><Paragraphe>Accessible avec <LienIntra LienID="R48788" type="Définition de glossaire">FranceConnect</LienIntra> ou avec vos identifiants ANTS. Si vous n'en avez pas, il vous est proposé de créer un compte.</Paragraphe>
</Texte>
</Introduction>
</ServiceEnLigne>

				<Paragraphe>L'expédition du permis de conduire se fait par Lettre Expert.</Paragraphe>
				<Paragraphe>Il s'agit d'un envoi sécurisé, avec remise en main propre contre signature.</Paragraphe>
				<Liste type="puce">
					<Item>
						<Paragraphe>L'adresse que vous indiquez lors de la procédure en ligne doit être la plus complète possible (numéro de bâtiment, numéro d'appartement, numéro de boite à lettres, étage, couloir, escalier, "résidant chez",...).</Paragraphe>
					</Item>
					<Item>
						<Paragraphe>Votre boite aux lettres doit présenter le nom et prénom de la personne qui reçoit le courrier.</Paragraphe>
					</Item>
				</Liste>
				<Paragraphe>Si vous êtes absent lors du passage du facteur, vous devez aller à la Poste dans un délai de 15 jours, avec votre avis de passage ou avec le numéro de la Lettre Expert. Passé ce délai, votre permis de conduire est renvoyé à l'<LienInterne LienPublication="R50821" type="Sigle">ANTS</LienInterne>.</Paragraphe>
				<OuSAdresser ID="R33823" type="Centre de contact">
<Titre>Agence nationale des titres sécurisés (ANTS) - Permis de conduire</Titre>
<Source ID="R30628">Agence nationale des titres sécurisés (ANTS)</Source>
<Texte>
						<Chapitre>
<Titre>
<Paragraphe>En ligne</Paragraphe>
</Titre>
								<Paragraphe>
<LienExterne URL="https://permisdeconduire.ants.gouv.fr/">https://permisdeconduire.ants.gouv.fr/</LienExterne>
</Paragraphe>
							</Chapitre>
						<Chapitre>
<Titre>
<Paragraphe>Par messagerie</Paragraphe>
</Titre>
								<Paragraphe> Accès au <LienExterne URL="https://permisdeconduire.ants.gouv.fr/Contacter-l-ANTS">formulaire de contact</LienExterne>
</Paragraphe>
							</Chapitre>
						<Chapitre>
<Titre>
<Paragraphe>Par téléphone</Paragraphe>
</Titre>
								<Paragraphe>
			<MiseEnEvidence>34 00</MiseEnEvidence>
</Paragraphe>
								<Paragraphe>Du lundi au vendredi de 7h45 à 19h et le samedi de 8h à 17h</Paragraphe>
								<Paragraphe>Coût d'un appel local</Paragraphe>
							</Chapitre>
					</Texte>
</OuSAdresser>
			

</Chapitre>
<Chapitre>
<Titre>
<Paragraphe>Caractéristique du permis</Paragraphe>
</Titre>
				<Paragraphe>Le permis français qui vous est remis n'est pas un <LienInterne LienPublication="F2390" type="Fiche Question-réponse" audience="Particuliers">permis probatoire</LienInterne> sauf si le permis d'origine a été obtenu depuis moins de 3 ans.</Paragraphe>
			
				<Paragraphe>La date de délivrance  indiquée sur le permis  est la date de délivrance du permis français.</Paragraphe>
				<Paragraphe>À partir de cette date, le permis est valable 15 ans.</Paragraphe>
				<Paragraphe>Toutefois, la durée de validité du permis est différente dans les 2 cas suivants :</Paragraphe>
				<Liste type="puce">
					<Item>
						<Paragraphe>en cas d'affection médicale nécessitant une restriction,</Paragraphe>
					</Item>
					<Item>
						<Paragraphe>et pour  les <LienInterne LienPublication="N530" type="Dossier" audience="Particuliers">catégories dites "lourdes"</LienInterne> dont la validité est liée à l'âge du conducteur. Par exemple, 5 ans pour un conducteur de moins de 55 ans.</Paragraphe>
					</Item>
				</Liste>
			

</Chapitre>
</Texte>
</Situation>
<Situation>
<Titre>Vous avez obtenu un permis dans un autre pays</Titre>
<Texte><Chapitre>
<Titre>
<Paragraphe>Qui est concerné ?</Paragraphe>
</Titre><Paragraphe>Si vous avez obtenu un permis étranger (hors <LienIntra LienID="R42218" type="Définition de glossaire">EEE</LienIntra>) en échange de votre permis français lors d'une expatriation, vous pouvez demander à votre retour en France le rétablissement de vos droits à conduire.</Paragraphe>
<Paragraphe>Ce rétablissement est obligatoire dans les 3 cas suivants :</Paragraphe>
<Liste type="puce">
<Item>
<Paragraphe>Vous résidez en France et vous avez commis une infraction routière</Paragraphe>
</Item>
<Item>
<Paragraphe>Vous souhaitez conduire en France, mais votre  permis est expiré</Paragraphe>
</Item>
<Item>
<Paragraphe>Vous souhaitez continuer à conduire en France au-delà d'un an suivant l'acquisition de votre <LienIntra LienID="R2308" type="Définition de glossaire">résidence normale</LienIntra> en France.</Paragraphe>
</Item>
</Liste>
<ASavoir>
<Titre>À savoir</Titre><Paragraphe>le rétablissement des droits à conduire concerne uniquement  les droits acquis en France. Par exemple, si vous avez obtenu le permis B en France puis passé le permis moto à l'étranger, vous pourrez obtenir uniquement le permis B. Vous  devrez demander l'échange de votre permis  moto passé à l'étranger.</Paragraphe>
</ASavoir>
</Chapitre>
<Chapitre>
<Titre>
<Paragraphe>Conditions à remplir</Paragraphe>
</Titre><Paragraphe>Vous devez remplir les 3 conditions suivantes :</Paragraphe>
<Liste type="puce">
<Item>
<Paragraphe>Avoir  obtenu votre permis français avant votre expatriation (peu importe votre nationalité).</Paragraphe>
<Paragraphe>Le permis peut avoir été obtenu d'une des manières suivantes :  examen (code + épreuve pratique), conversion d'un brevet militaire de conduite, validation d'un diplôme ou d'un titre professionnel délivré à cette fin, échange d'un permis de conduire délivré par une <LienIntra LienID="R49970" type="Définition de glossaire">Com</LienIntra> ou par la Nouvelle-Calédonie.</Paragraphe>
</Item>
<Item>
<Paragraphe>Avoir à nouveau votre  <LienIntra LienID="R2308" type="Définition de glossaire">résidence normale</LienIntra>  en France</Paragraphe>
</Item>
<Item>
<Paragraphe>Ne pas avoir été sanctionné par une restriction, suspension, annulation ou retrait du droit à conduire en France et dans le pays ayant délivré votre permis étranger</Paragraphe>
</Item>
</Liste>

</Chapitre>
<Chapitre>
<Titre>
<Paragraphe>Demande en ligne</Paragraphe>
</Titre><Paragraphe>La demande se fait en ligne via un téléservice disponible sur le site de l'<LienInterne LienPublication="R50821" type="Sigle">ANTS</LienInterne>.</Paragraphe><ServiceEnLigne ID="R56960" URL="https://permisdeconduire.ants.gouv.fr/" type="Téléservice">
<Titre>Retour d'expatriation : demande en ligne de rétablissement de permis conduire</Titre>
<Source ID="R30628">Agence nationale des titres sécurisés (ANTS)</Source>
<Introduction>
<Texte><Paragraphe>Téléservice accessible avec <LienIntra LienID="R48788" type="Définition de glossaire">FranceConnect</LienIntra> ou avec vos identifiants ANTS.</Paragraphe>
<Paragraphe>Sur le site de l'<LienInterne LienPublication="R50821" type="Sigle">ANTS</LienInterne>, choisir "demande de rétablissement"</Paragraphe>
</Texte>
</Introduction>
</ServiceEnLigne>

<Paragraphe>Pour faire la démarche en ligne, vous avez besoin des documents suivants (photographiés ou numérisés) :</Paragraphe>
<BlocCas affichage="radio"><Cas>
<Titre>
<Paragraphe>Vous êtes Français</Paragraphe>
</Titre><Liste type="puce">
<Item>
<Paragraphe>Image couleur du permis de conduire étranger original</Paragraphe>
</Item>
<Item>
<Paragraphe>Traduction en français du permis s'il n'est pas rédigé en français</Paragraphe>
</Item>
<Item>
<Paragraphe>
<LienInterne LienPublication="F31057" type="Fiche Question-réponse" audience="Particuliers">Justificatif d'identité</LienInterne>
</Paragraphe>
</Item>
<Item>
<Paragraphe>
<LienInterne LienPublication="F31847" type="Fiche Question-réponse" audience="Particuliers">Justificatif de domicile</LienInterne>
</Paragraphe>
</Item>
<Item>
<Paragraphe><LienExterne URL="https://permisdeconduire.ants.gouv.fr/Services-associes/Ou-faire-votre-photo-et-votre-signature-numerisee">Photo-signature numérique</LienExterne>

. Si vous n'avez pas accès à un service de photo et de signature numérique, il vous est proposé de remplir et d'envoyer par courrier un formulaire photo-signature (FPS) lors de la téléprocédure.</Paragraphe>
</Item>
<Item>
<Paragraphe>Si vous avez un  <LienInterne LienPublication="N530" type="Dossier" audience="Particuliers">permis lourd</LienInterne>,  avis médical d'aptitude à la conduite des catégories lourdes, ou déclaration de renonciation aux catégories lourdes</Paragraphe>
</Item>
</Liste>
<Paragraphe>Il peut aussi vous être demandé une attestation des droits à conduire de moins de 3 mois, avec sa traduction, établie par l'État de délivrance du permis de conduire.</Paragraphe>
<Paragraphe>Il est conseillé de l'obtenir afin de l'avoir à disposition si nécessaire.</Paragraphe>

</Cas>
<Cas>
<Titre>
<Paragraphe>Vous êtes européen</Paragraphe>
</Titre><Paragraphe>Vous êtes concerné par cette démarche si vous avez la nationalité suisse, monégasque, andorrane ou d'un État de <LienIntra LienID="R42218" type="Définition de glossaire">l'Espace Économique Européen (EEE)</LienIntra>.</Paragraphe>
<Liste type="puce">
<Item>
<Paragraphe>Image couleur du permis de conduire étranger original</Paragraphe>
</Item>
<Item>
<Paragraphe>Traduction en français du permis s'il n'est pas rédigé en français</Paragraphe>
</Item>
<Item>
<Paragraphe>
<LienInterne LienPublication="F31057" type="Fiche Question-réponse" audience="Particuliers">Justificatif d'identité</LienInterne>
</Paragraphe>
</Item>
<Item>
<Paragraphe>
<LienInterne LienPublication="F31847" type="Fiche Question-réponse" audience="Particuliers">Justificatif de domicile</LienInterne>
</Paragraphe>
</Item>
<Item>
<Paragraphe>Justificatif de <LienIntra LienID="R2308" type="Définition de glossaire">résidence normale</LienIntra> en France  à la date de la demande. Par exemple, avis d'imposition/non imposition sur le revenu, contrat de travail, attestation sécurité sociale, etc.</Paragraphe>
</Item>
<Item>
<Paragraphe><LienExterne URL="https://permisdeconduire.ants.gouv.fr/Services-associes/Ou-faire-votre-photo-et-votre-signature-numerisee">Photo-signature numérique</LienExterne>

. Si vous n'avez pas accès à un service de photo et de signature numérique, il vous est proposé de remplir et d'envoyer par courrier un formulaire photo-signature (FPS) lors de la téléprocédure.</Paragraphe>
</Item>
<Item>
<Paragraphe>Si vous avez un  <LienInterne LienPublication="N530" type="Dossier" audience="Particuliers">permis lourd</LienInterne>,  avis médical d'aptitude à la conduite des catégories lourdes, ou déclaration de renonciation aux catégories lourdes</Paragraphe>
</Item>
</Liste>
<Paragraphe>Il peut aussi vous être demandé une attestation des droits à conduire de moins de 3 mois, avec sa traduction, établie par l'État de délivrance du permis de conduire.</Paragraphe>
<Paragraphe>Il est conseillé de l'obtenir afin de l'avoir à disposition si nécessaire.</Paragraphe>

</Cas>
<Cas>
<Titre>
<Paragraphe>Vous avez la nationalité d'un autre État</Paragraphe>
</Titre><Liste type="puce">
<Item>
<Paragraphe>Image couleur du permis de conduire étranger original</Paragraphe>
</Item>
<Item>
<Paragraphe>Traduction en français du permis s'il  n'est pas rédigé en français</Paragraphe>
</Item>
<Item>
<Paragraphe>
<LienInterne LienPublication="F31057" type="Fiche Question-réponse" audience="Particuliers">Justificatif d'identité</LienInterne>
</Paragraphe>
</Item>
<Item>
<Paragraphe>
<LienInterne LienPublication="F31847" type="Fiche Question-réponse" audience="Particuliers">Justificatif de domicile</LienInterne>
</Paragraphe>
</Item>
<Item>
<Paragraphe>Justificatif  de régularité du séjour en France. Par exemple, carte de séjour temporaire, carte de résident, titre pluri-annuel...</Paragraphe>
</Item>
<Item>
<Paragraphe><LienExterne URL="https://permisdeconduire.ants.gouv.fr/Services-associes/Ou-faire-votre-photo-et-votre-signature-numerisee">Photo-signature numérique</LienExterne>

. Si vous n'avez pas accès à un service de photo et de signature numérique, il vous est proposé de remplir et d'envoyer par courrier un formulaire photo-signature (FPS) lors de la téléprocédure.</Paragraphe>
</Item>
<Item>
<Paragraphe>Si vous avez un  <LienInterne LienPublication="N530" type="Dossier" audience="Particuliers">permis lourd</LienInterne>,  avis médical d'aptitude à la conduite des catégories lourdes, ou déclaration de renonciation aux catégories lourdes</Paragraphe>
</Item>
</Liste>
<Paragraphe>Il peut aussi vous être demandé une attestation des droits à conduire de moins de 3 mois, avec sa traduction, établie par l'État de délivrance du permis de conduire.</Paragraphe>
<Paragraphe>Il est conseillé de l'obtenir afin de l'avoir à disposition si nécessaire.</Paragraphe>

</Cas>
</BlocCas>

</Chapitre>
<Chapitre>
<Titre>
<Paragraphe>Remise du permis</Paragraphe>
</Titre>
				<Paragraphe>Après examen de votre demande, votre permis de conduire étranger original vous est demandé pour en vérifier l'authenticité (sauf en cas de suspension ou d'annulation).</Paragraphe>
				<Paragraphe>Vous êtes contacté par SMS et mail.</Paragraphe>
				<Paragraphe>Le mail vous indique la démarche  pour remettre votre permis de conduire.</Paragraphe>
				<Paragraphe>En échange de votre permis, vous recevez une attestation de dépôt sécurisée (ADS) de votre permis de conduire étranger.</Paragraphe>
				<Paragraphe>Cette attestation vous permet de conduire en attendant de recevoir votre permis français, dans la limite de la durée de reconnaissance de votre permis étranger.</Paragraphe>
				<Paragraphe>Selon la complexité de votre dossier, le délai de traitement  peut être de plusieurs mois.</Paragraphe>
				<Paragraphe>Il est notamment lié à la vérification de vos droits à conduire via le réseau des permis de conduire de l'Union européenne <Expression>"RESPER"</Expression>.</Paragraphe>
			

				<Paragraphe>Pour suivre la production de votre permis, vous pouvez utiliser le téléservice de suivi de la fabrication et de la transmission de votre permis de conduire.</Paragraphe>
				<ServiceEnLigne ID="R36427" URL="https://ants.gouv.fr/monespace/accueil" type="Téléservice">
<Titre>Suivez votre demande de permis de conduire</Titre>
<Source ID="R30628">Agence nationale des titres sécurisés (ANTS)</Source>
<Introduction>
<Texte><Paragraphe>Accessible avec <LienIntra LienID="R48788" type="Définition de glossaire">FranceConnect</LienIntra> ou avec vos identifiants ANTS. Si vous n'en avez pas, il vous est proposé de créer un compte.</Paragraphe>
</Texte>
</Introduction>
</ServiceEnLigne>

				<Paragraphe>L'expédition du permis de conduire se fait par Lettre Expert.</Paragraphe>
				<Paragraphe>Il s'agit d'un envoi sécurisé, avec remise en main propre contre signature.</Paragraphe>
				<Liste type="puce">
					<Item>
						<Paragraphe>L'adresse que vous indiquez lors de la procédure en ligne doit être la plus complète possible (numéro de bâtiment, numéro d'appartement, numéro de boite à lettres, étage, couloir, escalier, "résidant chez",...).</Paragraphe>
					</Item>
					<Item>
						<Paragraphe>Votre boite aux lettres doit présenter le nom et prénom de la personne qui reçoit le courrier.</Paragraphe>
					</Item>
				</Liste>
				<Paragraphe>Si vous êtes absent lors du passage du facteur, vous devez aller à la Poste dans un délai de 15 jours, avec votre avis de passage ou avec le numéro de la Lettre Expert. Passé ce délai, votre permis de conduire est renvoyé à l'<LienInterne LienPublication="R50821" type="Sigle">ANTS</LienInterne>.</Paragraphe>
				<OuSAdresser ID="R33823" type="Centre de contact">
<Titre>Agence nationale des titres sécurisés (ANTS) - Permis de conduire</Titre>
<Source ID="R30628">Agence nationale des titres sécurisés (ANTS)</Source>
<Texte>
						<Chapitre>
<Titre>
<Paragraphe>En ligne</Paragraphe>
</Titre>
								<Paragraphe>
<LienExterne URL="https://permisdeconduire.ants.gouv.fr/">https://permisdeconduire.ants.gouv.fr/</LienExterne>
</Paragraphe>
							</Chapitre>
						<Chapitre>
<Titre>
<Paragraphe>Par messagerie</Paragraphe>
</Titre>
								<Paragraphe> Accès au <LienExterne URL="https://permisdeconduire.ants.gouv.fr/Contacter-l-ANTS">formulaire de contact</LienExterne>
</Paragraphe>
							</Chapitre>
						<Chapitre>
<Titre>
<Paragraphe>Par téléphone</Paragraphe>
</Titre>
								<Paragraphe>
			<MiseEnEvidence>34 00</MiseEnEvidence>
</Paragraphe>
								<Paragraphe>Du lundi au vendredi de 7h45 à 19h et le samedi de 8h à 17h</Paragraphe>
								<Paragraphe>Coût d'un appel local</Paragraphe>
							</Chapitre>
					</Texte>
</OuSAdresser>
			

</Chapitre>
<Chapitre>
<Titre>
<Paragraphe>Caractéristiques du permis remis</Paragraphe>
</Titre>
				<Paragraphe>Le permis français qui vous est remis n'est pas un <LienInterne LienPublication="F2390" type="Fiche Question-réponse" audience="Particuliers">permis probatoire</LienInterne> sauf si le permis d'origine a été obtenu depuis moins de 3 ans.</Paragraphe>
			
				<Paragraphe>La date de délivrance  indiquée sur le permis  est la date de délivrance du permis français.</Paragraphe>
				<Paragraphe>À partir de cette date, le permis est valable 15 ans.</Paragraphe>
				<Paragraphe>Toutefois, la durée de validité du permis est différente dans les 2 cas suivants :</Paragraphe>
				<Liste type="puce">
					<Item>
						<Paragraphe>en cas d'affection médicale nécessitant une restriction,</Paragraphe>
					</Item>
					<Item>
						<Paragraphe>et pour  les <LienInterne LienPublication="N530" type="Dossier" audience="Particuliers">catégories dites "lourdes"</LienInterne> dont la validité est liée à l'âge du conducteur. Par exemple, 5 ans pour un conducteur de moins de 55 ans.</Paragraphe>
					</Item>
				</Liste>
			

</Chapitre>
</Texte>
</Situation>
</ListeSituations><VoirAussi important="non">
<Fiche ID="F1758" audience="Particuliers">
<Titre>Échange d'un permis de conduire obtenu en Europe (EEE + Royaume-Uni)</Titre>
<Theme ID="N19812">
<Titre>Transports</Titre>
</Theme>
</Fiche>
<Fiche ID="F1460" audience="Particuliers">
<Titre>Échange d'un permis de conduire passé à l'étranger (installation durable)</Titre>
<Theme ID="N19812">
<Titre>Transports</Titre>
</Theme>
</Fiche>
</VoirAussi>
<Reference type="Texte de référence" URL="http://www.legifrance.gouv.fr/affichCode.do?idSectionTA=LEGISCTA000006159563&amp;cidTexte=LEGITEXT000006074228" ID="R799">
<Titre>Code de la route : articles R222-1 à R222-8</Titre>
<Complement>Définition de la résidence normale en France et reconnaissance des permis de conduire étrangers (articles R222-1 dernier alinéa et R222-3)</Complement>
</Reference>
<Reference type="Texte de référence" URL="http://www.legifrance.gouv.fr/affichTexte.do?cidTexte=JORFTEXT000025175223" ID="R18322">
<Titre>Arrêté du 12 janvier 2012 fixant les conditions de reconnaissance et d'échange des permis de conduire délivrés par des États hors Espace économique européen</Titre>
<Complement>Rétablissement des droits à conduire au retour en France (article 8)</Complement>
</Reference>
<Reference type="Texte de référence" URL="http://www.legifrance.gouv.fr/affichTexte.do?cidTexte=LEGITEXT000005627531" ID="R11477">
<Titre>Arrêté du 8 février 1999 fixant les conditions de reconnaissance et d'échange des permis de conduire délivrés par les États appartenant à l'UE et à l'EEE</Titre>
<Complement>Rétablissement des droits à conduire au retour en France (article 8-1)</Complement>
</Reference>
<Reference type="Texte de référence" URL="http://circulaire.legifrance.gouv.fr/pdf/2012/10/cir_35951.pdf" ID="R39440" format="application/pdf" poids="272.8 KB">
<Titre>Circulaire du 3 août 2012 relative aux conditions de reconnaissance et d'échange des permis de conduire délivrés par des pays hors EEE</Titre>
</Reference>
<ServiceEnLigne ID="R56960" URL="https://permisdeconduire.ants.gouv.fr/" type="Téléservice">
<Titre>Retour d'expatriation : demande en ligne de rétablissement de permis conduire</Titre>
<Source ID="R30628">Agence nationale des titres sécurisés (ANTS)</Source>
</ServiceEnLigne>
<PourEnSavoirPlus type="Information pratique" ID="R10943" URL="https://www.diplomatie.gouv.fr/IMG/pdf/liste_permis_de_conduire_valables_a_l_echange_20200331_cle89bfda.pdf" audience="Particuliers" format="application/pdf" poids="147.2 KB">
<Titre>Pays pratiquant l'échange réciproque des permis de conduire avec la France</Titre>
<Source ID="R30604">Ministère chargé de l'Europe et des affaires étrangères</Source>
</PourEnSavoirPlus>
<Definition ID="R2308">
<Titre>Résidence normale (permis de conduire)</Titre>
<Texte>
				<Paragraphe>Pays où une personne demeure plus de 6 mois (185 jours minimum) par année civile,
		du fait d'attaches personnelles ou professionnelles. Toutefois, la résidence normale d'une personne dont les attaches personnelles sont situées en France mais qui se trouve à l'étranger pour y suivre ses études, une formation, un stage ou pour accomplir une mission d'une durée déterminée, se situe en France. </Paragraphe>
			</Texte><Reference type="Texte de référence" URL="http://www.legifrance.gouv.fr/affichTexte.do?cidTexte=JORFTEXT000025803494" ID="R31125">
<Titre>Arrêté du 20 avril 2012 fixant les conditions d'établissement, de délivrance et de validité du permis de conduire</Titre>
</Reference>
</Definition>
<Definition ID="R56962">
<Titre>Européen (EEE + Suisse + Monaco + Andorre + Royaume-Uni)</Titre>
<Texte>
				<Paragraphe>Allemagne, Andorre, Autriche, Belgique, Bulgarie, Chypre, Croatie, Danemark, Espagne, Estonie, Finlande, France, Grèce, Hongrie, Irlande, Islande, Italie, Lettonie, Liechtenstein, Lituanie, Luxembourg, Malte, Monaco, Norvège, Pays-Bas, Pologne, Portugal, République tchèque, Roumanie, Royaume-Uni, Slovaquie, Slovénie, Suède, Suisse.</Paragraphe>
			</Texte>
</Definition>
<Definition ID="R49970">
<Titre>Collectivités d'outre-mer (Com)</Titre>
<Texte>
				<Paragraphe>Polynésie française - Saint-Barthélemy - Saint-Martin - Saint-Pierre-et-Miquelon - Wallis-et-Futuna</Paragraphe>
			</Texte>
</Definition>
<Definition ID="R48788">
<Titre>Identification avec FranceConnect</Titre>
<Texte>
				<Paragraphe>Connexion avec l'identifiant et le mot de passe de l'un des comptes suivants :  Impots.gouv,  Ameli,  Iidentitenumerique (laposte), Mobileconnectetmoi.fr,  MSA ou Alicem</Paragraphe>
			</Texte>
</Definition>
<Definition ID="R42218">
<Titre>Espace économique européen (EEE)</Titre>
<Texte>
				<Paragraphe>Allemagne, Autriche, Belgique, Bulgarie, Chypre, Croatie, Danemark, Espagne, Estonie, Finlande, France, Grèce, Hongrie, Irlande, Islande, Italie, Lettonie, Liechtenstein, Lituanie, Luxembourg, Malte, Norvège, Pays-Bas, Pologne, Portugal, République tchèque, Roumanie, Slovaquie, Slovénie, Suède</Paragraphe>
			</Texte>
</Definition>
<Abreviation ID="R50821" type="Sigle">
<Titre>ANTS</Titre>
<Texte>
<Paragraphe>Agence nationale des titres sécurisés</Paragraphe>
</Texte>
</Abreviation>
<QuestionReponse ID="F12956" audience="Particuliers">Comment trouver un traducteur agréé ?</QuestionReponse>
<QuestionReponse ID="F10619" audience="Particuliers">Quelle photo fournir pour un titre d'identité (passeport, carte d'identité...) ?</QuestionReponse>
<QuestionReponse ID="F31847" audience="Particuliers">Demande de permis de conduire : quel justificatif de domicile ?</QuestionReponse>
<QuestionReponse ID="F31057" audience="Particuliers">Demande de permis de conduire : quelle pièce d'identité peut-on présenter ?</QuestionReponse>



</Publication>
