<?xml version="1.0" encoding="UTF-8"?><Publication xmlns:dc="http://purl.org/dc/elements/1.1/" xmlns:xsi="http://www.w3.org/2001/XMLSchema-instance" ID="F33052" type="Fiche Question-réponse" xsi:noNamespaceSchemaLocation="../Schemas/3.0/Publication.xsd">
<dc:title>Demande de carte de séjour : quel justificatif de domicile ?</dc:title>
<dc:creator>Direction de l'information légale et administrative</dc:creator>
<dc:subject>Étranger</dc:subject>
<dc:description>Si vous demandez une carte de séjour, vous devez fournir un justificatif de domicile datant de moins de 3 mois. Le document à produire dépend de votre situation.</dc:description>
<dc:publisher>Direction de l'information légale et administrative</dc:publisher>
<dc:contributor>Direction de l'information légale et administrative (Premier ministre)</dc:contributor>
<dc:date>modified 2019-11-12</dc:date>
<dc:type>Question-réponse</dc:type>
<dc:format>text/xml</dc:format>
<dc:identifier>F33052</dc:identifier>
<dc:source>https://www.legifrance.gouv.fr/affichCode.do?idSectionTA=LEGISCTA000006163264&amp;cidTexte=LEGITEXT000006070158, http://www.legifrance.gouv.fr/affichCode.do?idSectionTA=LEGISCTA000031370017&amp;cidTexte=LEGITEXT000031366350, https://www.legifrance.gouv.fr/loda/id/JORFTEXT000028090286/</dc:source>
<dc:language>Fr</dc:language>
<dc:relation>isPartOf N110</dc:relation>
<dc:coverage>France entière</dc:coverage>
<dc:rights>https://www.service-public.fr/a-propos/mentions-legales</dc:rights>
<SurTitre>Question-réponse</SurTitre>
<Audience>Particuliers</Audience>
<Canal>www.service-public.fr</Canal>
<FilDAriane>
<Niveau ID="Particuliers">Accueil particuliers</Niveau>
<Niveau ID="N19804">Étranger</Niveau>
<Niveau ID="N110">Titres, carte de séjour et documents de circulation pour étranger en France</Niveau>
<Niveau ID="F33052" type="Fiche Question-réponse">Demande de carte de séjour : quel justificatif de domicile ?</Niveau>
</FilDAriane>
<Theme ID="N19804">
<Titre>Étranger</Titre>
</Theme>
<SousThemePere ID="N20306">Étranger en France</SousThemePere><DossierPere ID="N110">
<Titre>Titres, carte de séjour et documents de circulation pour étranger en France</Titre><SousDossier ID="N110-1">
<Titre>Carte de séjour</Titre>
<Fiche ID="F2209">Carte de séjour "vie privée et familiale"</Fiche>
<Fiche ID="F15898">Carte de séjour "salarié" ou "travailleur temporaire"</Fiche>
<Fiche ID="F16922">Carte de séjour "passeport talent"</Fiche>
<Fiche ID="F21516">Carte de séjour "travailleur saisonnier"</Fiche>
<Fiche ID="F33952">Carte de séjour "salarié détaché ICT"</Fiche>
<Fiche ID="F302">Carte de séjour "visiteur"</Fiche>
<Fiche ID="F2710">Carte de séjour "retraité"</Fiche>
</SousDossier>
<SousDossier ID="N110-2">
<Titre>Carte de résident</Titre>
<Fiche ID="F2208">Carte de résident</Fiche>
<Fiche ID="F17359">Carte de résident longue durée - UE</Fiche>
<Fiche ID="F11201">Carte de résident permanent</Fiche>
</SousDossier>
<SousDossier ID="N110-3">
<Titre>Autorisations provisoires de séjour</Titre>
<Fiche ID="F17336">Parent d'enfant malade</Fiche>
<Fiche ID="F17335">Mission de volontariat en France</Fiche>
</SousDossier>
<SousDossier ID="N110-4">
<Titre>Certificat de résidence pour Algérien</Titre>
<Fiche ID="F2215">Certificat d'un an</Fiche>
<Fiche ID="F2257">Certificat de 10 ans</Fiche>
<Fiche ID="F3137">Certificat de résidence "retraité" et "conjoint de retraité"</Fiche>
</SousDossier>
<SousDossier ID="N110-5">
<Titre>Étudiant / Stagiaire étranger</Titre>
<Fiche ID="F2231">Visa ou carte de séjour "étudiant"</Fiche>
<Fiche ID="F17319">Carte de séjour - Recherche d'emploi/création d'entreprise</Fiche>
<Fiche ID="F17312">Visa ou carte de séjour "stagiaire"</Fiche>
<Fiche ID="F35178">Visa ou carte de séjour "stagiaire ICT"</Fiche>
<Fiche ID="F15813">Carte de séjour "jeune au pair"</Fiche>
</SousDossier>
<SousDossier ID="N110-6">
<Titre>Document de circulation pour mineur étranger</Titre>
<Fiche ID="F2718">Document de circulation pour mineur étranger</Fiche>
<Fiche ID="F297">Titre d'identité républicain pour mineur étranger né en France</Fiche>
</SousDossier>
<SousDossier ID="N110-7">
<Titre>Carte de séjour pour Européen</Titre>
<Fiche ID="F16003">Travailleur</Fiche>
<Fiche ID="F22116">Étudiant</Fiche>
<Fiche ID="F22117">Retraité ou inactif</Fiche>
<Fiche ID="F19315">Membre de la famille d'un européen</Fiche>
<Fiche ID="F847">Perte de la carte de séjour</Fiche>
<Fiche ID="F22118">Vol de la carte de séjour</Fiche>
</SousDossier>
</DossierPere>

<Introduction>
<Texte><Paragraphe>Si vous demandez une carte de séjour, vous devez fournir un justificatif de domicile datant de moins de 3 mois. Le document à produire dépend de votre situation.</Paragraphe>
</Texte>
</Introduction>
<Texte><Chapitre>
<Titre>
<Paragraphe>Vous êtes locataire ou propriétaire</Paragraphe>
</Titre><Paragraphe>Vous devez fournir  un des documents suivants :</Paragraphe>
<Liste type="puce">
<Item>
<Paragraphe>Facture d'électricité ou de gaz, d'eau, de téléphone fixe ou d'accès à internet</Paragraphe>
</Item>
<Item>
<Paragraphe>Bail de location</Paragraphe>
</Item>
<Item>
<Paragraphe>Quittance de loyer</Paragraphe>
</Item>
<Item>
<Paragraphe>Taxe d'habitation</Paragraphe>
</Item>
</Liste>
<ASavoir>
<Titre>À savoir</Titre>
				<Paragraphe>un justificatif de domicile sécurisé (comportant un <LienExterne URL="https://ants.gouv.fr/Les-solutions/2D-Doc">code barre 2D-Doc</LienExterne>

) ne peut pas être refusé.</Paragraphe>
			</ASavoir>

</Chapitre>
<Chapitre>
<Titre>
<Paragraphe>Vous vivez à l'hôtel</Paragraphe>
</Titre><Paragraphe>Vous devez fournir les 2 documents suivants :</Paragraphe>
<Liste type="puce">
<Item>
<Paragraphe>Attestation de votre hôtelier</Paragraphe>
</Item>
<Item>
<Paragraphe>Facture du dernier mois</Paragraphe>
</Item>
</Liste>

</Chapitre>
<Chapitre>
<Titre>
<Paragraphe>Vous êtes hébergé chez un particulier (famille, ami, etc.)</Paragraphe>
</Titre><Paragraphe>Vous devez fournir les documents suivants :</Paragraphe>
<Liste type="puce">
<Item>
<Paragraphe>Attestation de votre hébergeant datée et signée</Paragraphe>
</Item>
<Item>
<Paragraphe>Copie de sa carte d'identité ou de sa carte de séjour</Paragraphe>
</Item>
<Item>
<Paragraphe>Justificatif de domicile à son nom (acte de propriété ou  relevé de taxe d'habitation ou copie du bail de location ou facture d'électricité, de gaz, d'eau, de téléphone fixe ou d'accès à internet)</Paragraphe>
</Item>
</Liste>
<ASavoir>
<Titre>À savoir</Titre>
				<Paragraphe>un justificatif de domicile sécurisé (comportant un <LienExterne URL="https://ants.gouv.fr/Les-solutions/2D-Doc">code barre 2D-Doc</LienExterne>

) ne peut pas être refusé.</Paragraphe>
			</ASavoir>

</Chapitre>
</Texte>
<Reference type="Texte de référence" URL="https://www.legifrance.gouv.fr/affichCode.do?idSectionTA=LEGISCTA000006163264&amp;cidTexte=LEGITEXT000006070158" ID="R46702">
<Titre>Code de l'entrée et du séjour des étrangers et du droit d'asile : articles R313-1 à R313-5</Titre>
<Complement>Justificatif de domicile : article R313-1 5°</Complement>
</Reference>
<Reference type="Texte de référence" URL="http://www.legifrance.gouv.fr/affichCode.do?idSectionTA=LEGISCTA000031370017&amp;cidTexte=LEGITEXT000031366350" ID="R18389">
<Titre>Code des relations entre le public et l'administration : articles R113-5 à R113-9</Titre>
</Reference>
<Reference type="Texte de référence" URL="https://www.legifrance.gouv.fr/loda/id/JORFTEXT000028090286/" ID="R393">
<Titre>Arrêté du 27 septembre 2013 relatif à la sécurisation des pièces justificatives de domicile au moyen d'un dispositif électronique pour garantir son authenticité</Titre>
<Complement>Dispositif 2D-doc</Complement>
</Reference>

</Publication>
