<?xml version="1.0" encoding="UTF-8"?><Publication xmlns:dc="http://purl.org/dc/elements/1.1/" xmlns:xsi="http://www.w3.org/2001/XMLSchema-instance" ID="F33078" type="Fiche Question-réponse" xsi:noNamespaceSchemaLocation="../Schemas/3.0/Publication.xsd">
<dc:title>Que signifie le numéro de sécurité sociale ?</dc:title>
<dc:creator>Direction de l'information légale et administrative</dc:creator>
<dc:subject>Social - Santé</dc:subject>
<dc:description>Le numéro de sécurité sociale est formé du numéro d'inscription (NIR) à 13 chiffres et d'une clé de contrôle à 2 chiffres.</dc:description>
<dc:publisher>Direction de l'information légale et administrative</dc:publisher>
<dc:contributor>Direction de l'information légale et administrative (Premier ministre)</dc:contributor>
<dc:date>modified 2019-02-21</dc:date>
<dc:type>Question-réponse</dc:type>
<dc:format>text/xml</dc:format>
<dc:identifier>F33078</dc:identifier>
<dc:source>https://www.cnracl.retraites.fr/sites/default/files/pdf/regles_d_identification_et_d_immatriculation-2.pdf</dc:source>
<dc:language>Fr</dc:language>
<dc:relation>isPartOf N31750</dc:relation>
<dc:coverage>France entière</dc:coverage>
<dc:rights>https://www.service-public.fr/a-propos/mentions-legales</dc:rights>
<SurTitre>Question-réponse</SurTitre>
<Audience>Particuliers</Audience>
<Canal>www.service-public.fr</Canal>
<FilDAriane>
<Niveau ID="Particuliers">Accueil particuliers</Niveau>
<Niveau ID="N19811">Social - Santé</Niveau>
<Niveau ID="N31750">Affiliation à la sécurité sociale (assurance maladie)</Niveau>
<Niveau ID="F33078" type="Fiche Question-réponse">Que signifie le numéro de sécurité sociale ?</Niveau>
</FilDAriane>
<Theme ID="N19811">
<Titre>Social - Santé</Titre>
</Theme>
<SousThemePere ID="N20272">Sécurité sociale</SousThemePere><DossierPere ID="N31750">
<Titre>Affiliation à la sécurité sociale (assurance maladie)</Titre>
<Fiche ID="F675">Sécurité sociale d'un étudiant</Fiche>
<Fiche ID="F16467">Immatriculation à la Sécurité sociale pour un salarié qui arrive en France</Fiche>
<Fiche ID="F23671">Sécurité sociale : affiliation d'un agent public auprès de l'assurance maladie</Fiche>
<Fiche ID="F674">Sécurité sociale : changement de situation professionnelle</Fiche>
<Fiche ID="F737">Sécurité sociale : changement de situation personnelle</Fiche>
<Fiche ID="F16620">Rattachement d'un enfant en qualité d'ayant droit d'un assuré social</Fiche>
</DossierPere>

<Texte><ContenuIllustre positionIllustration="gauche">
<Contenu><Paragraphe>Le numéro de sécurité sociale correspond au numéro d'inscription au répertoire national d'identification des personnes physiques (RNIPP).</Paragraphe>
<Paragraphe>Il est formé du numéro d'inscription (NIR) à 13 chiffres et d'une clé de contrôle à 2 chiffres.</Paragraphe>
</Contenu><Illustration LienPublication="I3079.png" langue="fr" poids="97.52" format="image/png" type="Image" redimensionnable="oui">
</Illustration>
</ContenuIllustre>
<Paragraphe>Le NIR, créé à partir de l'état civil, est composé de la façon suivante :</Paragraphe>
<Liste type="puce">
<Item>
<Paragraphe>Sexe (1<Exposant>er</Exposant> chiffre)</Paragraphe>
</Item>
<Item>
<Paragraphe>Année de naissance (les 2 chiffres suivants)</Paragraphe>
</Item>
<Item>
<Paragraphe>Mois de naissance (les 2 chiffres suivants)</Paragraphe>
</Item>
<Item>
<Paragraphe>Lieu de naissance (les 5 chiffres ou caractères suivants - 2 chiffres du code du département de naissance,  suivis des 3 chiffres du code commune officiel de l'<LienInterne LienPublication="R12417" type="Acronyme">Insee</LienInterne>)</Paragraphe>
</Item>
<Item>
<Paragraphe>Numéro d'ordre permettant de distinguer les personnes nées au même lieu à la même période (les 3 chiffres suivants).</Paragraphe>
</Item>
</Liste>
<Paragraphe>Ces chiffres sont gérés par l'Insee.</Paragraphe>
<Paragraphe>Si vous êtes né à l'étranger, les 2 chiffres du code du département sont remplacés par 99 et le code commune par un code Insee du pays de naissance.</Paragraphe>
<Paragraphe>Si vous êtes né en Algérie avant le 3 juillet 1962 ou au Maroc ou en Tunisie avant 1964, le code 99 peut être remplacé par 91, 92, 93 ou 94 pour l'Algérie, 95 pour le Maroc et 96 pour la Tunisie.</Paragraphe>

</Texte><VoirAussi important="non">
<Dossier ID="N418" audience="Particuliers">
<Titre>Remboursement des soins par la sécurité sociale</Titre>
<Theme ID="N19811">
<Titre>Social - Santé</Titre>
</Theme>
</Dossier>
</VoirAussi>
<Reference type="Texte de référence" URL="https://www.cnracl.retraites.fr/sites/default/files/pdf/regles_d_identification_et_d_immatriculation-2.pdf" ID="R48957" format="application/pdf" poids="0">
<Titre>Règles d'identification et d'immatriculation des assurés par les organismes sociaux</Titre>
</Reference>
<PourEnSavoirPlus type="Information pratique" ID="R48958" URL="https://www.ameli.fr/assure/droits-demarches/principes/numero-securite-sociale#text_68745" audience="Particuliers">
<Titre>Comprendre votre numéro de sécurité sociale</Titre>
<Source ID="R30675">Caisse nationale d'assurance maladie (Cnam)</Source>
</PourEnSavoirPlus>
<Abreviation ID="R12417" type="Acronyme">
<Titre>Insee</Titre>
<Texte>
<Paragraphe>Institut national de la statistique et des études économiques</Paragraphe>
</Texte>
</Abreviation>
</Publication>
