<?xml version="1.0" encoding="UTF-8"?><Publication xmlns:dc="http://purl.org/dc/elements/1.1/" xmlns:xsi="http://www.w3.org/2001/XMLSchema-instance" ID="F33252" type="Fiche d'information" xsi:noNamespaceSchemaLocation="../Schemas/3.0/Publication.xsd">
<dc:title>Congé pour invalidité temporaire imputable au service (Citis) du fonctionnaire</dc:title>
<dc:creator>Direction de l'information légale et administrative</dc:creator>
<dc:subject>Travail</dc:subject>
<dc:description>Le fonctionnaire en incapacité temporaire de travail à cause d'un accident de travail ou de trajet ou d'une maladie professionnelle a droit à un congé pour invalidité temporaire imputable au service (Citis). Le Citis est accordé sur demande du fonctionnaire. Le congé est accordé jusqu'à la guérison ou la mise à la retraite. Le fonctionnaire en Citis conserve l'intégralité de son traitement indiciaire, de l'indemnité de résidence et du supplément familial de traitement.</dc:description>
<dc:publisher>Direction de l'information légale et administrative</dc:publisher>
<dc:contributor>Direction de l'information légale et administrative (Premier ministre)</dc:contributor>
<dc:date>modified 2020-06-05</dc:date>
<dc:type>Fiche pratique</dc:type>
<dc:format>text/xml</dc:format>
<dc:identifier>F33252</dc:identifier>
<dc:source>http://legifrance.gouv.fr/affichTexte.do?cidTexte=JORFTEXT000000504704, https://www.legifrance.gouv.fr/affichTexte.do?cidTexte=LEGITEXT000006065530, http://www.legifrance.gouv.fr/affichTexte.do?cidTexte=JORFTEXT000000521836, http://legifrance.gouv.fr/affichTexte.do?cidTexte=JORFTEXT000000366828, http://www.legifrance.gouv.fr/affichTexte.do?cidTexte=JORFTEXT000000695289</dc:source>
<dc:language>Fr</dc:language>
<dc:relation>isPartOf N512</dc:relation>
<dc:coverage>France entière</dc:coverage>
<dc:rights>https://www.service-public.fr/a-propos/mentions-legales</dc:rights>
<SurTitre>Fiche pratique</SurTitre>
<Audience>Particuliers</Audience>
<Canal>www.service-public.fr</Canal>
<FilDAriane>
<Niveau ID="Particuliers">Accueil particuliers</Niveau>
<Niveau ID="N19806">Travail</Niveau>
<Niveau ID="N512">Maladie ou accident du travail dans la fonction publique</Niveau>
<Niveau ID="F33252" type="Fiche d'information">Congé pour invalidité temporaire imputable au service (Citis) du fonctionnaire</Niveau>
</FilDAriane>
<Theme ID="N19806">
<Titre>Travail</Titre>
</Theme>
<SousThemePere ID="N19965">Santé, sécurité et conditions de travail</SousThemePere><DossierPere ID="N512">
<Titre>Maladie ou accident du travail dans la fonction publique</Titre><SousDossier ID="N512-1">
<Titre>Pour un fonctionnaire</Titre>
<Fiche ID="F490">Arrêt maladie - Congé de maladie ordinaire (CMO)</Fiche>
<Fiche ID="F18089">Congé de longue maladie (CLM)</Fiche>
<Fiche ID="F18098">Congé de longue durée (CLD)</Fiche>
<Fiche ID="F33252">Accident de service ou maladie professionnelle</Fiche>
</SousDossier>
<SousDossier ID="N512-2">
<Titre>Pour un contractuel</Titre>
<Fiche ID="F491">Arrêt maladie</Fiche>
<Fiche ID="F547">Congé de grave maladie</Fiche>
</SousDossier>
</DossierPere>

<SousDossierPere>Pour un fonctionnaire</SousDossierPere>
<Introduction>
<Texte><Paragraphe>Le fonctionnaire en  incapacité temporaire de travail à cause d'un accident de travail ou de  trajet ou d'une maladie professionnelle a droit à un congé pour invalidité temporaire imputable au service (Citis). Le Citis est accordé sur demande du fonctionnaire. Le congé est accordé jusqu'à la guérison ou la mise à la retraite. Le fonctionnaire en Citis conserve l'intégralité de son traitement indiciaire, de l'indemnité de résidence et du supplément familial de traitement.</Paragraphe>
</Texte>
</Introduction>
<ListeSituations affichage="onglet"><Situation>
<Titre>Accident de travail ou de trajet</Titre>
<Texte><Chapitre>
<Titre>
<Paragraphe>Qui est concerné ?</Paragraphe>
</Titre><Paragraphe>Vous êtes placé en congé pour invalidité temporaire imputable au service (Citis) si vous vous trouvez dans l'une des situations suivantes :</Paragraphe>
<Liste type="puce">
<Item>
<Paragraphe>Vous avez été victime d'un accident de travail, quelle qu'en soit la cause,  dans l'exercice de vos fonctions, en l'absence de faute personnelle</Paragraphe>
</Item>
<Item>
<Paragraphe>Vous avez été victime d'un accident de trajet sur le parcours habituel entre votre résidence et votre lieu de travail (ou votre lieu de restauration)</Paragraphe>
</Item>
</Liste>

</Chapitre>
<Chapitre>
<Titre>
<Paragraphe>Démarche</Paragraphe>
</Titre><SousChapitre>
<Titre>
<Paragraphe>Demande du fonctionnaire</Paragraphe>
</Titre><Paragraphe>Pour obtenir un Citis, vous devez adresser par tout moyen à votre administration une déclaration d'accident de service ou d'accident de trajet.</Paragraphe>
<Paragraphe>Elle doit être accompagnée des pièces nécessaires pour établir vos droits.</Paragraphe>
<Paragraphe>La déclaration comporte les documents suivants :</Paragraphe>
<Liste type="puce">
<Item>
<Paragraphe>
<LienInterne LienPublication="R53535" type="Formulaire" audience="Particuliers">Formulaire</LienInterne> de déclaration d'accident précisant les circonstances de l'accident de travail ou de trajet</Paragraphe>
</Item>
<Item>
<Paragraphe>Certificat médical indiquant la nature et la localisation des lésions résultant de l'accident  et la durée probable de l'incapacité de travail</Paragraphe>
</Item>
</Liste>
<Paragraphe>Vous devez transmettre le certificat médical à votre administration dans les <MiseEnEvidence>48 heures</MiseEnEvidence> suivant son établissement.  En cas d'envoi au-delà de 48 heures, la rémunération correspondant à la période entre la date d'établissement de l'arrêt de travail et la date de son envoi peut être réduite de moitié.</Paragraphe>
<Paragraphe>Vous devez transmettre la déclaration d'accident  dans les <MiseEnEvidence>15 jours</MiseEnEvidence> suivant la date de l'accident.</Paragraphe>
<Paragraphe>Quand les lésions sont médicalement constatées dans les 2 ans suivant l'accident, le certificat médical doit être transmis  dans les 15 jours suivant la date de cette constatation.</Paragraphe>
<ASavoir>
<Titre>À savoir</Titre><Paragraphe>en cas d'accident de trajet sur le parcours habituel entre votre résidence et votre lieu de travail (ou votre lieu de restauration), c'est à vous d'apporter la preuve qu'il est en lien avec le service.</Paragraphe>
</ASavoir>
</SousChapitre>
<SousChapitre>
<Titre>
<Paragraphe>Examen de la demande par l'administration</Paragraphe>
</Titre><Paragraphe>L'administration se prononce sur l'imputabilité  au service de l'accident, c'est-à-dire qu'elle examine si le lien entre l'accident et le service est établi.</Paragraphe>
<Paragraphe>Elle doit se prononcer dans le délai d'1 mois à partir de la date à laquelle elle reçoit la déclaration d'accident et le certificat médical.</Paragraphe>
<Paragraphe>L'administration  peut vous soumettre   à une expertise médicale  par un médecin agréé afin de vérifier le lien entre l'accident et le service.</Paragraphe>
<Paragraphe>L'administration peut également mener une enquête administrative pour vérifier l'exactitude  des  faits et des circonstances ayant conduit à  l'accident.</Paragraphe>
<Paragraphe>En cas d'expertise médicale ou d'enquête administrative, le délai d'un mois pour se prononcer sur l'imputabilité au service de l'accident est prolongé de 3 mois.</Paragraphe>
<Paragraphe>En l'absence de décision de l'administration à la fin du délai d'1 ou 4 mois, vous êtes placé provisoirement en Citis pour la durée indiquée sur le certificat médical.</Paragraphe>
<Paragraphe>Si l'administration ne constate pas finalement l'imputabilité au service de l'accident, elle retire sa décision de placement provisoire en Citis. Dans ce cas, vous devez rembourser les rémunérations et/ou frais médicaux indûment  perçus.</Paragraphe>

</SousChapitre>
</Chapitre>
<Chapitre>
<Titre>
<Paragraphe>Durée du congé</Paragraphe>
</Titre><BlocCas affichage="onglet"><Cas>
<Titre>
<Paragraphe>Cas général</Paragraphe>
</Titre><Paragraphe>Le Citis n'a pas de durée maximale. Il est prolongé jusqu'à ce que vous soyez en état de reprendre votre service ou jusqu'à votre mise à la retraite.</Paragraphe>
<Paragraphe>Si la demande de Citis est présentée au cours d'un congé de maladie, de longue maladie ou de longue durée, la 1<Exposant>re</Exposant> période de Citis part du 1<Exposant>er</Exposant> jour de ce congé  initial.</Paragraphe>
<Paragraphe>Pour obtenir la prolongation de votre Citis, vous devez adresser un nouveau certificat médical à votre administration précisant la durée probable de votre incapacité de travail.</Paragraphe>
<Paragraphe>Lorsque vous êtes guéri ou que les lésions dues à l'accident sont stabilisées, vous transmettez à votre administration un certificat médical final de guérison ou de consolidation.</Paragraphe>
<Paragraphe>En cas de rechute, vous devez refaire une demande de Citis dans le délai d'1 mois suivant sa constatation médicale.</Paragraphe>

</Cas>
<Cas>
<Titre>
<Paragraphe>Fonctionnaire stagiaire dans la fonction publique d'État</Paragraphe>
</Titre><Paragraphe>La durée du Citis est limitée à 5 ans.</Paragraphe>
<Paragraphe>Si vous n'êtes pas guéri à  la fin des 5 ans, vous pouvez être  placé en congé non rémunéré pour un an renouvelable 2 fois.</Paragraphe>
<Paragraphe>Si vous êtes définitivement inapte à la fin du Citis ou du congé non rémunéré, vous êtes licencié. Si vous étiez déjà  titulaire dans un autre <LienIntra LienID="R53649" type="Définition de glossaire">corps ou cadre d'emplois</LienIntra>, vous êtes  remis à la disposition de votre administration d'origine.</Paragraphe>

</Cas>
</BlocCas>

</Chapitre>
<Chapitre>
<Titre>
<Paragraphe>Rémunération</Paragraphe>
</Titre><BlocCas affichage="onglet"><Cas>
<Titre>
<Paragraphe>Fonction publique d'État (FPE)</Paragraphe>
</Titre><Paragraphe>Vous conservez l'intégralité de votre <LienInterne LienPublication="F461" type="Fiche d'information" audience="Particuliers">traitement indiciaire</LienInterne>, de <LienInterne LienPublication="F32511" type="Fiche d'information" audience="Particuliers">l'indemnité de résidence</LienInterne> et du <LienInterne LienPublication="F32513" type="Fiche d'information" audience="Particuliers">supplément familial de traitement</LienInterne>.</Paragraphe>
<Paragraphe>Les primes et indemnités liées à l'exercice des fonctions ou qui consistent en des remboursements de frais cessent d'être versées. Les autres indemnités sont versées intégralement.</Paragraphe>
<Paragraphe>Vous avez également droit au remboursement des honoraires médicaux et des frais directement entraînés par l'accident.</Paragraphe>

</Cas>
<Cas>
<Titre>
<Paragraphe>Territoriale (FPT)</Paragraphe>
</Titre><Paragraphe>Vous conservez l'intégralité de votre <LienInterne LienPublication="F461" type="Fiche d'information" audience="Particuliers">traitement indiciaire</LienInterne>, de <LienInterne LienPublication="F32511" type="Fiche d'information" audience="Particuliers">l'indemnité de résidence</LienInterne> et du <LienInterne LienPublication="F32513" type="Fiche d'information" audience="Particuliers">supplément familial de traitement</LienInterne>.</Paragraphe>
<Paragraphe>Les conditions de suspension ou de maintien des primes et indemnités sont fixées par délibération de la collectivité territoriale.</Paragraphe>
<Paragraphe>Vous avez également droit au remboursement des honoraires médicaux et des frais directement entraînés par l'accident.</Paragraphe>

</Cas>
<Cas>
<Titre>
<Paragraphe>Hospitalière (FPH)</Paragraphe>
</Titre><Paragraphe>Vous conservez l'intégralité de votre <LienInterne LienPublication="F461" type="Fiche d'information" audience="Particuliers">traitement indiciaire</LienInterne>, de <LienInterne LienPublication="F32511" type="Fiche d'information" audience="Particuliers">l'indemnité de résidence</LienInterne> et du <LienInterne LienPublication="F32513" type="Fiche d'information" audience="Particuliers">supplément familial de traitement</LienInterne>.</Paragraphe>
<Paragraphe>La prime de service continue d'être versée sauf si vous êtes  absent une année complète.</Paragraphe>
<Paragraphe>Vous avez également droit au remboursement des honoraires médicaux et des frais directement entraînés par l'accident.</Paragraphe>

</Cas>
</BlocCas>

</Chapitre>
<Chapitre>
<Titre>
<Paragraphe>Obligations</Paragraphe>
</Titre><Paragraphe>Vous devez respecter les obligations suivantes :</Paragraphe>
<Liste type="puce">
<Item>
<Paragraphe>Vous soumettre aux contre-visites d'un médecin agréé. Au-delà de 6 mois de prolongation de votre Citis, vous devez obligatoirement vous soumettre 1 fois par an à un examen par un médecin agréé. Et sinon, votre  administration peut vous soumettre à tout moment à une  contre-visite par un médecin agréé.</Paragraphe>
</Item>
<Item>
<Paragraphe>Cesser tout travail (sauf les activités ordonnées et contrôlées médicalement pour la réadaptation à l'emploi)</Paragraphe>
</Item>
<Item>
<Paragraphe>Informer votre administration de tout changement de domicile et de toute absence du domicile supérieure à 2 semaines (sauf en cas d'hospitalisation)</Paragraphe>
</Item>
</Liste>
<Paragraphe>Le non-respect de ces obligations peut entraîner l'interruption du versement de votre rémunération.</Paragraphe>

</Chapitre>
<Chapitre>
<Titre>
<Paragraphe>Carrière</Paragraphe>
</Titre><Paragraphe>La durée du Citis est prise en compte pour  l'avancement d'échelon et de grade et pour la constitution et la <LienIntra LienID="R42089" type="Définition de glossaire">liquidation</LienIntra> de vos droits à pension de retraite.</Paragraphe>

</Chapitre>
<Chapitre>
<Titre>
<Paragraphe>Fin du congé</Paragraphe>
</Titre><BlocCas affichage="onglet"><Cas>
<Titre>
<Paragraphe>Vous êtes apte à reprendre votre emploi</Paragraphe>
</Titre><Paragraphe>À la fin du Citis,  vous réintégrez votre emploi ou êtes réaffecté dans un emploi correspondant à votre grade.</Paragraphe>
<Paragraphe>Vous pouvez être autorisé à <LienInterne LienPublication="F12788" type="Fiche Question-réponse" audience="Particuliers">travailler à temps partiel pour raison thérapeutique</LienInterne>.</Paragraphe>

</Cas>
<Cas>
<Titre>
<Paragraphe>Vous êtes inapte à reprendre votre emploi</Paragraphe>
</Titre><Paragraphe>À la fin du Citis, vous êtes reclassé dans un autre emploi correspondant à vos aptitudes physiques ou</Paragraphe>
<Paragraphe>êtes reconnu définitivement inapte à l'exercice de tout emploi et admis à la retraite pour invalidité.</Paragraphe>

</Cas>
</BlocCas>

</Chapitre>
</Texte>
</Situation>
<Situation>
<Titre>Maladie professionnelle</Titre>
<Texte><Chapitre>
<Titre>
<Paragraphe>Qui est concerné ?</Paragraphe>
</Titre><Paragraphe>Vous êtes placé en congé pour invalidité temporaire imputable au service (Citis) si vous avez contracté une <LienInterne LienPublication="F31880" type="Fiche Question-réponse" audience="Particuliers">maladie professionnelle dans l'exercice de vos fonctions</LienInterne>.</Paragraphe>

</Chapitre>
<Chapitre>
<Titre>
<Paragraphe>Démarche</Paragraphe>
</Titre><SousChapitre>
<Titre>
<Paragraphe>Demande du fonctionnaire</Paragraphe>
</Titre><Paragraphe>Pour obtenir un Citis, vous devez adresser par tout moyen à votre administration une déclaration  de maladie professionnelle.</Paragraphe>
<Paragraphe>Elle doit être accompagnée des pièces nécessaires pour établir vos droits.</Paragraphe>
<Paragraphe>La déclaration comporte les documents suivants :</Paragraphe>
<Liste type="puce">
<Item>
<Paragraphe>
<LienInterne LienPublication="R53534" type="Formulaire" audience="Particuliers">Formulaire</LienInterne> de déclaration de maladie professionnelle précisant les circonstances de la maladie</Paragraphe>
</Item>
<Item>
<Paragraphe>Certificat médical indiquant la nature et la localisation des lésions résultant de la maladie professionnelle et la durée probable de l'incapacité de travail</Paragraphe>
</Item>
</Liste>
<Paragraphe>Vous devez transmettre le certificat médical à votre administration dans les <MiseEnEvidence>48 heures</MiseEnEvidence> suivant son établissement. En cas d'envoi au-delà de 48 heures, la rémunération correspondant à la période entre la date d'établissement de l'arrêt de travail et la date de son envoi peut être réduite de moitié.</Paragraphe>
<Paragraphe>Vous devez transmettre la  déclaration de maladie professionnelle  dans les <MiseEnEvidence>2 ans </MiseEnEvidence>suivant la date de la 1<Exposant>re</Exposant> constatation médicale de la maladie.</Paragraphe>
<Paragraphe>Quand vous avez été informé par un certificat médical du lien possible entre votre maladie et votre activité professionnelle, vous devez adresser votre déclaration dans les 2 ans suivant cette information.</Paragraphe>
<Paragraphe>Quand une nouvelle maladie est reconnue maladie professionnelle, vous devez adresser votre déclaration dans les 2 ans suivant cette reconnaissance. Dans ce cas, vous avez droit au Citis, à la prise en charge des honoraires et frais médicaux à partir de la date   de la reconnaissance de la maladie professionnelle.</Paragraphe>

</SousChapitre>
<SousChapitre>
<Titre>
<Paragraphe>Examen de la demande par l'administration</Paragraphe>
</Titre><Paragraphe>L'administration se prononce sur l'imputabilité  au service de la maladie, c'est-à-dire qu'elle examine si le lien entre la maladie et  le service est établi.</Paragraphe>
<Paragraphe>Elle doit se prononcer dans le délai de 2 mois à partir de la date à laquelle elle reçoit la déclaration de  maladie professionnelle,  le certificat médical et le résultat des examens médicaux complémentaires.</Paragraphe>
<Paragraphe>L'administration  peut vous soumettre   à une expertise médicale  par un médecin agréé.</Paragraphe>
<Paragraphe>L'administration peut également mener une enquête administrative pour vérifier l'exactitude des faits et des circonstances ayant conduit à   l'apparition de la maladie.</Paragraphe>
<Paragraphe>En cas d'expertise médicale ou d'enquête administrative, le délai de 2 mois pour se prononcer sur l'imputabilité au service  de la maladie est prolongé de 3 mois.</Paragraphe>
<Paragraphe>En l'absence de décision de l'administration à la fin du délai de 2 ou 5 mois, vous êtes placé provisoirement en Citis pour la durée indiquée sur le certificat médical.</Paragraphe>
<Paragraphe>Si l'administration ne constate pas finalement l'imputabilité au service de la maladie,  elle retire sa décision de placement provisoire en Citis. Dans ce cas, vous devez rembourser les rémunérations et/ou frais médicaux indûment perçus.</Paragraphe>

</SousChapitre>
</Chapitre>
<Chapitre>
<Titre>
<Paragraphe>Durée du congé</Paragraphe>
</Titre><BlocCas affichage="onglet"><Cas>
<Titre>
<Paragraphe>Cas général</Paragraphe>
</Titre><Paragraphe>Le Citis n'a pas de durée maximale. Il est prolongé jusqu'à ce que vous soyez en état de reprendre votre service ou jusqu'à votre mise à la retraite.</Paragraphe>
<Paragraphe>Si la demande de Citis est présentée au cours d'un congé de maladie, de longue maladie ou de longue durée, la 1<Exposant>re</Exposant> période de Citis part du 1<Exposant>er</Exposant> jour de ce congé  initial.</Paragraphe>
<Paragraphe>Pour obtenir la prolongation de votre Citis, vous devez adresser un nouveau certificat médical à votre administration précisant la durée probable de votre incapacité de travail.</Paragraphe>
<Paragraphe>Lorsque vous êtes guéri ou que les lésions dues à l'accident sont stabilisées, vous transmettez à votre administration un certificat médical final de guérison ou de consolidation.</Paragraphe>
<Paragraphe>En cas de rechute, vous devez refaire une demande de Citis dans le délai d'1 mois suivant sa constatation médicale.</Paragraphe>

</Cas>
<Cas>
<Titre>
<Paragraphe>Fonctionnaire stagiaire dans la fonction publique d'État</Paragraphe>
</Titre><Paragraphe>La durée du Citis est limitée à 5 ans.</Paragraphe>
<Paragraphe>Si vous n'êtes pas guéri à  la fin des 5 ans, vous pouvez être  placé en congé non rémunéré pour un an renouvelable 2 fois.</Paragraphe>
<Paragraphe>Si vous êtes définitivement inapte à la fin du Citis ou du congé non rémunéré, vous êtes licencié. Si vous étiez déjà  titulaire dans un autre <LienIntra LienID="R53649" type="Définition de glossaire">corps ou cadre d'emplois</LienIntra>, vous êtes  remis à la disposition de votre administration d'origine.</Paragraphe>

</Cas>
</BlocCas>

</Chapitre>
<Chapitre>
<Titre>
<Paragraphe>Rémunération</Paragraphe>
</Titre><BlocCas affichage="onglet"><Cas>
<Titre>
<Paragraphe>Fonction publique d'État (FPE)</Paragraphe>
</Titre><Paragraphe>Vous conservez l'intégralité de votre <LienInterne LienPublication="F461" type="Fiche d'information" audience="Particuliers">traitement indiciaire</LienInterne>, de <LienInterne LienPublication="F32511" type="Fiche d'information" audience="Particuliers">l'indemnité de résidence</LienInterne> et du <LienInterne LienPublication="F32513" type="Fiche d'information" audience="Particuliers">supplément familial de traitement</LienInterne>.</Paragraphe>
<Paragraphe>Les primes et indemnités liées à l'exercice des fonctions ou qui consistent en remboursements de frais cessent d'être versées. Les autres indemnités sont versées intégralement.</Paragraphe>
<Paragraphe>Vous avez également droit au remboursement des honoraires médicaux et des frais directement entraînés par l'accident.</Paragraphe>

</Cas>
<Cas>
<Titre>
<Paragraphe>Territoriale (FPT)</Paragraphe>
</Titre><Paragraphe>Vous conservez l'intégralité de votre <LienInterne LienPublication="F461" type="Fiche d'information" audience="Particuliers">traitement indiciaire</LienInterne>, de <LienInterne LienPublication="F32511" type="Fiche d'information" audience="Particuliers">l'indemnité de résidence</LienInterne> et du <LienInterne LienPublication="F32513" type="Fiche d'information" audience="Particuliers">supplément familial de traitement</LienInterne>.</Paragraphe>
<Paragraphe>Les conditions de suspension ou de maintien des primes et indemnités sont fixées par délibération de la collectivité territoriale.</Paragraphe>
<Paragraphe>Vous avez également droit au remboursement des honoraires médicaux et des frais directement entraînés par l'accident.</Paragraphe>

</Cas>
<Cas>
<Titre>
<Paragraphe>Hospitalière (FPH)</Paragraphe>
</Titre><Paragraphe>Vous conservez l'intégralité de votre <LienInterne LienPublication="F461" type="Fiche d'information" audience="Particuliers">traitement indiciaire</LienInterne>, de <LienInterne LienPublication="F32511" type="Fiche d'information" audience="Particuliers">l'indemnité de résidence</LienInterne> et du <LienInterne LienPublication="F32513" type="Fiche d'information" audience="Particuliers">supplément familial de traitement</LienInterne>.</Paragraphe>
<Paragraphe>La prime de service continue d'être versée sauf si vous êtes absent une année complète.</Paragraphe>
<Paragraphe>Vous avez également droit au remboursement des honoraires médicaux et des frais directement entraînés par l'accident.</Paragraphe>

</Cas>
</BlocCas>

</Chapitre>
<Chapitre>
<Titre>
<Paragraphe>Obligations</Paragraphe>
</Titre><Paragraphe>Vous devez respecter les obligations suivantes :</Paragraphe>
<Liste type="puce">
<Item>
<Paragraphe>Vous soumettre aux contre-visites d'un médecin agréé. Au-delà de 6 mois de prolongation de votre Citis, vous devez obligatoirement vous soumettre 1 fois par an à un examen par un médecin agréé. Et sinon, votre  administration peut vous soumettre à tout moment à une  contre-visite par un médecin agréé.</Paragraphe>
</Item>
<Item>
<Paragraphe>Cesser tout travail (sauf les activités ordonnées et contrôlées médicalement pour la réadaptation à l'emploi)</Paragraphe>
</Item>
<Item>
<Paragraphe>Informer votre administration de tout changement de domicile et de toute absence du domicile supérieure à 2 semaines (sauf en cas d'hospitalisation)</Paragraphe>
</Item>
</Liste>
<Paragraphe>Le non-respect de ces obligations peut entraîner l'interruption du versement de votre rémunération.</Paragraphe>

</Chapitre>
<Chapitre>
<Titre>
<Paragraphe>Carrière</Paragraphe>
</Titre><Paragraphe>La durée du Citis est prise en compte pour  l'avancement d'échelon et de grade et pour la constitution et la <LienIntra LienID="R42089" type="Définition de glossaire">liquidation</LienIntra> de vos droits à pension de retraite.</Paragraphe>

</Chapitre>
<Chapitre>
<Titre>
<Paragraphe>Fin du congé</Paragraphe>
</Titre><BlocCas affichage="onglet"><Cas>
<Titre>
<Paragraphe>Vous êtes apte à reprendre votre emploi</Paragraphe>
</Titre><Paragraphe>À la fin du Citis,  vous vous réintégrez votre emploi ou êtes réaffecté dans un emploi correspondant à votre grade.</Paragraphe>
<Paragraphe>Vous pouvez être autorisé à <LienInterne LienPublication="F12788" type="Fiche Question-réponse" audience="Particuliers">travailler à temps partiel pour raison thérapeutique</LienInterne>.</Paragraphe>

</Cas>
<Cas>
<Titre>
<Paragraphe>Vous êtes inapte à reprendre votre emploi</Paragraphe>
</Titre><Paragraphe>À la fin du Citis, vous êtes reclassé dans un autre emploi correspondant à vos aptitudes physiques ou</Paragraphe>
<Paragraphe>êtes reconnu définitivement inapte à l'exercice de tout emploi et admis à la retraite pour invalidité.</Paragraphe>

</Cas>
</BlocCas>

</Chapitre>
</Texte>
</Situation>
</ListeSituations><Reference type="Texte de référence" URL="http://legifrance.gouv.fr/affichTexte.do?cidTexte=JORFTEXT000000504704" ID="R13601">
<Titre>Loi n°83-634 du 13 juillet 1983 portant droits et obligations des fonctionnaires</Titre>
<Complement>Article 21 bis</Complement>
</Reference>
<Reference type="Texte de référence" URL="https://www.legifrance.gouv.fr/affichTexte.do?cidTexte=LEGITEXT000006065530" ID="R2389">
<Titre>Décret n°86-442 du 14 mars 1986 relatif aux médecins agréés, aux comités médicaux et commissions de réforme, aux conditions d'aptitude physique et aux congés de maladie des fonctionnaires</Titre>
<Complement>Articles 47-1 à 47-20</Complement>
</Reference>
<Reference type="Texte de référence" URL="http://www.legifrance.gouv.fr/affichTexte.do?cidTexte=JORFTEXT000000521836" ID="R2345">
<Titre>Décret n°87-602 du 30 juillet 1987 relatif à l'organisation des comités médicaux, aux conditions d'aptitude physique et au régime des congés de maladie des fonctionnaires territoriaux</Titre>
<Complement>Articles 37-1 à 37-20</Complement>
</Reference>
<Reference type="Texte de référence" URL="http://legifrance.gouv.fr/affichTexte.do?cidTexte=JORFTEXT000000366828" ID="R2388">
<Titre>Décret n°94-874 du 7 octobre 1994 fixant les dispositions communes applicables aux stagiaires de l'État</Titre>
<Complement>Article 24</Complement>
</Reference>
<Reference type="Texte de référence" URL="http://www.legifrance.gouv.fr/affichTexte.do?cidTexte=JORFTEXT000000695289" ID="R2396">
<Titre>Décret n°88-386 du 19 avril 1988 relatif aux conditions d'aptitude physique et aux congés de maladie des agents de la fonction publique hospitalière</Titre>
<Complement>Articles 35-1 à 35-20</Complement>
</Reference>
<ServiceEnLigne ID="R53535" URL="https://www.fonction-publique.gouv.fr/files/files/temps_de_travail_et_conges/20190221-Declaration-AS.pdf" format="application/pdf" poids="414.1 KB" type="Formulaire">
<Titre>Déclaration d'accident de service - accident de trajet - Fonction publique</Titre>
<Source ID="R30602">Ministère chargé de la fonction publique</Source>
</ServiceEnLigne>
<ServiceEnLigne ID="R53534" URL="https://www.fonction-publique.gouv.fr/files/files/temps_de_travail_et_conges/20190221-Declaration-MP.pdf" format="application/pdf" poids="229.1 KB" type="Formulaire">
<Titre>Déclaration de maladie professionnelle - Fonction publique</Titre>
<Source ID="R30602">Ministère chargé de la fonction publique</Source>
</ServiceEnLigne>
<Definition ID="R42089">
<Titre>Liquidation (retraite)</Titre>
<Texte>
				<Paragraphe>Ensemble des opérations qui permet de déterminer le droit d'un assuré à une pension de vieillesse et à la calculer</Paragraphe>
			</Texte>
</Definition>
<Definition ID="R53649">
<Titre>Corps ou cadre d'emplois de la fonction publique</Titre>
<Texte>
				<Paragraphe>Ensemble de fonctionnaires soumis à un même ensemble de règles, appelé <Expression>statut particulier</Expression>, fixé par décret, et ayant vocation à occuper les mêmes emplois</Paragraphe>
			</Texte>
</Definition>
<QuestionReponse ID="F12788" audience="Particuliers">Un fonctionnaire peut-il bénéficier d'un temps partiel thérapeutique ?</QuestionReponse>
</Publication>
