<?xml version="1.0" encoding="UTF-8"?><Publication xmlns:dc="http://purl.org/dc/elements/1.1/" xmlns:xsi="http://www.w3.org/2001/XMLSchema-instance" ID="F33536" type="Fiche Question-réponse" xsi:noNamespaceSchemaLocation="../Schemas/3.0/Publication.xsd">
<dc:title>Comment obtenir la carte grise d'un véhicule en location longue durée (LLD) ?</dc:title>
<dc:creator>Direction de l'information légale et administrative</dc:creator>
<dc:subject>Transports</dc:subject>
<dc:description>La carte grise d'un véhicule en LLD (location longue durée) est à la charge du loueur, propriétaire du véhicule.</dc:description>
<dc:publisher>Direction de l'information légale et administrative</dc:publisher>
<dc:contributor>Direction de l'information légale et administrative (Premier ministre)</dc:contributor>
<dc:date>modified 2019-12-13</dc:date>
<dc:type>Question-réponse</dc:type>
<dc:format>text/xml</dc:format>
<dc:identifier>F33536</dc:identifier>
<dc:source>https://www.legifrance.gouv.fr/codes/section_lc/LEGITEXT000006074228/LEGISCTA000006177098, https://www.legifrance.gouv.fr/loda/id/JORFTEXT000020237165</dc:source>
<dc:language>Fr</dc:language>
<dc:relation>isPartOf N367</dc:relation>
<dc:coverage>France entière</dc:coverage>
<dc:rights>https://www.service-public.fr/a-propos/mentions-legales</dc:rights>
<SurTitre>Question-réponse</SurTitre>
<Audience>Particuliers</Audience>
<Canal>www.service-public.fr</Canal>
<FilDAriane>
<Niveau ID="Particuliers">Accueil particuliers</Niveau>
<Niveau ID="N19812">Transports</Niveau>
<Niveau ID="N367">Carte grise (certificat d'immatriculation)</Niveau>
<Niveau ID="F33536" type="Fiche Question-réponse">Comment obtenir la carte grise d'un véhicule en location longue durée (LLD) ?</Niveau>
</FilDAriane>
<Theme ID="N19812">
<Titre>Transports</Titre>
</Theme><DossierPere ID="N367">
<Titre>Carte grise (certificat d'immatriculation)</Titre><SousDossier ID="N367-1">
<Titre>Vendre (ou donner) un véhicule</Titre>
<Fiche ID="F1707">Démarches à accomplir</Fiche>
<Fiche ID="F1360">Obtenir un certificat de non gage</Fiche>
</SousDossier>
<SousDossier ID="N367-2">
<Titre>Immatriculer un véhicule</Titre>
<Fiche ID="F10293">Immatriculer un véhicule neuf</Fiche>
<Fiche ID="F1050">Immatriculer un véhicule d'occasion</Fiche>
<Fiche ID="F10522">Immatriculer un tracteur ou un véhicule agricole</Fiche>
<Fiche ID="F1480">Hériter d'un véhicule</Fiche>
<Fiche ID="F1726">Demander un duplicata suite à une perte, un vol ou une détérioration</Fiche>
<Fiche ID="F19211">Coût de la carte grise</Fiche>
</SousDossier>
<SousDossier ID="N367-3">
<Titre>Titulaire du certificat et modification de sa situation</Titre>
<Fiche ID="F10477">Titulaire et cotitulaire de la carte grise</Fiche>
<Fiche ID="F12118">Changement d'adresse</Fiche>
<Fiche ID="F10613">Ajouter une autre personne sur sa carte grise</Fiche>
<Fiche ID="F31218">Retirer une personne sur la carte grise</Fiche>
<Fiche ID="F16876">Changement du nom du titulaire</Fiche>
</SousDossier>
<SousDossier ID="N367-4">
<Titre>Modifications du véhicule</Titre>
<Fiche ID="F1754">Véhicule retiré de la circulation</Fiche>
<Fiche ID="F1473">Véhicule accidenté</Fiche>
<Fiche ID="F1478">Véhicule transformé</Fiche>
<Fiche ID="F1468">Véhicule à détruire</Fiche>
</SousDossier>
<SousDossier ID="N367-5">
<Titre>Plaques d'immatriculation</Titre>
<Fiche ID="F20319">Caractéristiques</Fiche>
<Fiche ID="F18679">Vol</Fiche>
<Fiche ID="F34375">Usurpation</Fiche>
</SousDossier>
</DossierPere>

<Texte><Paragraphe>Si vous souhaitez prendre un véhicule neuf en location longue durée (LLD), vous n'aurez pas à vous charger des formalités d'immatriculation. En effet, c'est le propriétaire, donc le loueur, qui devra faire ces démarches.</Paragraphe>
<Paragraphe>La carte grise, désormais appelée <Expression>certificat d'immatriculation</Expression>, sera alors à son nom.</Paragraphe>
<Paragraphe>Le loueur vous confiera la carte grise originale (ou une copie) afin que vous puissiez circuler en règle avec le véhicule.</Paragraphe>
<Paragraphe>Vous devrez fournir au loueur les pièces nécessaires à votre dossier de location.</Paragraphe>
<Paragraphe>Le coût de la carte grise est à la charge du loueur, mais il peut cependant répercuter ce coût sur le prix de la location.</Paragraphe>
<ANoter>
<Titre>À noter</Titre><Paragraphe>la LLD peut inclure le prix de <LienInterne LienPublication="N32" type="Dossier" audience="Particuliers">l'assurance du véhicule</LienInterne> ou vous en laisser la charge. Vérifiez cet élément avec le loueur.</Paragraphe>
</ANoter>
</Texte><Reference type="Texte de référence" URL="https://www.legifrance.gouv.fr/codes/section_lc/LEGITEXT000006074228/LEGISCTA000006177098" ID="R778">
<Titre>Code de la route : articles R322-1 à R322-14</Titre>
<Complement>Délivrance du certificat d'immatriculation</Complement>
</Reference>
<Reference type="Texte de référence" URL="https://www.legifrance.gouv.fr/loda/id/JORFTEXT000020237165" ID="R20050">
<Titre>Arrêté du 9 février 2009 relatif aux modalités d'immatriculation des véhicules</Titre>
</Reference>
<QuestionReponse ID="F33208" audience="Particuliers">Achat d'un véhicule en leasing : comment obtenir la carte grise ?</QuestionReponse>
<QuestionReponse ID="F32233" audience="Particuliers">Carte grise : que faire si vous rachetez le véhicule avant la fin du leasing ?</QuestionReponse>
<QuestionReponse ID="F33425" audience="Particuliers">Carte grise du véhicule en leasing : comment signaler un changement de situation ?</QuestionReponse>
</Publication>
