<?xml version="1.0" encoding="UTF-8"?><Publication xmlns:dc="http://purl.org/dc/elements/1.1/" xmlns:xsi="http://www.w3.org/2001/XMLSchema-instance" ID="F33683" type="Fiche Question-réponse" xsi:noNamespaceSchemaLocation="../Schemas/3.0/Publication.xsd">
<dc:title>Qu'est-ce que le dispositif Allo Service Public 3939 ?</dc:title>
<dc:creator>Direction de l'information légale et administrative</dc:creator>
<dc:subject>Papiers - Citoyenneté</dc:subject>
<dc:description>Le 3939, service de renseignement administratif par téléphone, délivre des informations sur les droits, obligations et démarches à accomplir.</dc:description>
<dc:publisher>Direction de l'information légale et administrative</dc:publisher>
<dc:contributor>Direction de l'information légale et administrative (Premier ministre)</dc:contributor>
<dc:date>modified 2020-06-29</dc:date>
<dc:type>Question-réponse</dc:type>
<dc:format>text/xml</dc:format>
<dc:identifier>F33683</dc:identifier>
<dc:language>Fr</dc:language>
<dc:relation>isPartOf N559</dc:relation>
<dc:coverage>France entière</dc:coverage>
<dc:rights>https://www.service-public.fr/a-propos/mentions-legales</dc:rights>
<SurTitre>Question-réponse</SurTitre>
<Audience>Particuliers</Audience>
<Canal>www.service-public.fr</Canal>
<FilDAriane>
<Niveau ID="Particuliers">Accueil particuliers</Niveau>
<Niveau ID="N19810">Papiers - Citoyenneté</Niveau>
<Niveau ID="N559">Obligations de l'administration vis-à-vis des usagers</Niveau>
<Niveau ID="F33683" type="Fiche Question-réponse">Qu'est-ce que le dispositif Allo Service Public 3939 ?</Niveau>
</FilDAriane>
<Theme ID="N19810">
<Titre>Papiers - Citoyenneté</Titre>
</Theme>
<SousThemePere ID="N20114">Relations avec l'administration</SousThemePere><DossierPere ID="N559">
<Titre>Obligations de l'administration vis-à-vis des usagers</Titre><SousDossier ID="N559-1">
<Titre>Accès et diffusion des documents administratifs</Titre>
<Fiche ID="F2467">Accès aux documents administratifs</Fiche>
<Fiche ID="F2469">Publication des lois, règlements et circulaires</Fiche>
</SousDossier>
<SousDossier ID="N559-2">
<Titre>Demandes d'usagers</Titre>
<Fiche ID="F2547">Saisine par courrier ou formulaire papier</Fiche>
<Fiche ID="F33312">Saisine par voie électronique (SVE)</Fiche>
<Fiche ID="F2473">Motivation d'une décision administrative</Fiche>
<Fiche ID="F32388">Silence de l'administration sur une demande : principe du silence vaut accord</Fiche>
</SousDossier>
</DossierPere>

<Texte><Chapitre>
<Titre>
<Paragraphe>Rôle</Paragraphe>
</Titre><Paragraphe>Allo Service Public 3939 est un service de renseignement administratif par téléphone. Il délivre des informations sur les droits, les obligations et les démarches à accomplir dans certains domaines :</Paragraphe>
<Liste type="puce">
<Item>
<Paragraphe>Droit du travail dans le secteur privé</Paragraphe>
</Item>
<Item>
<Paragraphe>Logement et urbanisme</Paragraphe>
</Item>
<Item>
<Paragraphe>Consommation, concurrence, sécurité des produits</Paragraphe>
</Item>
<Item>
<Paragraphe>Procédures en justice, civile ou pénale</Paragraphe>
</Item>
<Item>
<Paragraphe>Droit de la famille, des personnes ou des successions</Paragraphe>
</Item>
<Item>
<Paragraphe>Droit des étrangers, des associations ou l'état civil</Paragraphe>
</Item>
</Liste>
<Attention>
<Titre>Attention</Titre><Paragraphe>c'est un service d'information généraliste, <MiseEnEvidence>qui n'a pas accès aux dossiers personnels des usagers</MiseEnEvidence> et ne peut donc pas renseigner sur leur état d'avancement.</Paragraphe>
</Attention>
</Chapitre>
<Chapitre>
<Titre>
<Paragraphe>Fonctionnement</Paragraphe>
</Titre><Paragraphe>Allo Service Public 3939 permet d'entrer en communication téléphonique avec un informateur spécialisé, fonctionnaire du ministère chargé du travail, de l'intérieur, de la justice ou du logement ou de la concurrence, de la consommation et de la répression des fraudes.</Paragraphe>
<Paragraphe>Allo Service Public 3939 est accessible de 2 façons :</Paragraphe>
<Liste type="puce">
<Item>
<Paragraphe>soit en composant directement le numéro 3939 (un serveur vocal interactif guide l'usager entre différentes options lui permettant d'obtenir l'information administrative ou le secteur de compétence qui l'intéresse),</Paragraphe>
</Item>
<Item>
<Paragraphe>soit en utilisant la fonctionnalité présente sur certaines fiches du site service-public.fr. Cette fonctionnalité, qui se trouve dans la rubrique "Où s'informer" des fiches concernées, permet à l'usager d'obtenir un code lui permettant d'accéder directement au secteur spécialisé compétent.</Paragraphe>
</Item>
</Liste>

</Chapitre>
<Chapitre>
<Titre>
<Paragraphe>Horaires d'ouverture</Paragraphe>
</Titre><Liste type="puce">
<Item>
<Paragraphe>Lundi : 8h30 à 18h15</Paragraphe>
</Item>
<Item>
<Paragraphe>Mardi : 8h30 à 13h</Paragraphe>
</Item>
<Item>
<Paragraphe>Mercredi : 8h30 à 13h</Paragraphe>
</Item>
<Item>
<Paragraphe>Jeudi : 8h30 à 18h15</Paragraphe>
</Item>
<Item>
<Paragraphe>Vendredi : 13h à 17h</Paragraphe>
</Item>
</Liste>

</Chapitre>
<Chapitre>
<Titre>
<Paragraphe>Coût</Paragraphe>
</Titre><Liste type="puce">
<Item>
<Paragraphe>Appel depuis la France métropolitaine : <Valeur>0,15 €</Valeur> / minute + prix de l'appel</Paragraphe>
</Item>
<Item>
<Paragraphe>Appel hors métropole ou depuis l'étranger : composer +33 (0) 1 73 60 39 39, accessible uniquement depuis un poste fixe. Coût d'une communication + coût de l'appel international variable selon les pays et les opérateurs.</Paragraphe>
</Item>
</Liste>

</Chapitre>
</Texte><OuSAdresser ID="R250" type="Centre de contact">
<Titre>3939 Allô Service Public</Titre><Texte>
						
								<Paragraphe>
<MiseEnEvidence>3939</MiseEnEvidence>
</Paragraphe>
								<Paragraphe>Coût : <Valeur>0,15 €</Valeur> / minute + prix de l'appel (<LienExterne URL="http://www.infosva.org/?tel=3939&amp;date=23-06-2017">en savoir plus</LienExterne>
)</Paragraphe>
								<Paragraphe>Service accessible via un code d'accès aux horaires suivants :</Paragraphe>
								<Paragraphe>- Lundi : 8h30 à 18h15</Paragraphe>
								<Paragraphe>- Mardi : 8h30 à 13h</Paragraphe>
								<Paragraphe>- Mercredi : 8h30 à 13h</Paragraphe>
								<Paragraphe>- Jeudi : 8h30 à 18h15</Paragraphe>
								<Paragraphe>- Vendredi : 13h à 17h</Paragraphe>
								<Paragraphe>
			Répond aux demandes de renseignement administratif concernant les droits, les obligations et les démarches à accomplir dans certains domaines :</Paragraphe>
								<Paragraphe>- Droit du travail dans le secteur privé</Paragraphe>
								<Paragraphe>- Logement et urbanisme</Paragraphe>
								<Paragraphe>- Consommation, concurrence, sécurité des produits</Paragraphe>
								<Paragraphe>- Procédures en justice, civile ou pénale</Paragraphe>
								<Paragraphe>- Droit de la famille, des personnes ou des successions</Paragraphe>
								<Paragraphe>- Droit des étrangers, des associations ou l'état civil</Paragraphe>
								<Paragraphe>
<MiseEnEvidence>Attention :</MiseEnEvidence> c'est un service d'information généraliste, qui n'a pas accès aux dossiers personnels des usagers et ne peut donc pas renseigner sur leur état d'avancement.</Paragraphe>
							
					</Texte>
</OuSAdresser>
</Publication>
