<?xml version="1.0" encoding="UTF-8"?><Publication xmlns:dc="http://purl.org/dc/elements/1.1/" xmlns:xsi="http://www.w3.org/2001/XMLSchema-instance" ID="F34258" type="Fiche d'information" xsi:noNamespaceSchemaLocation="../Schemas/3.0/Publication.xsd">
<dc:title>Réserve citoyenne de l'Éducation nationale</dc:title>
<dc:creator>Direction de l'information légale et administrative</dc:creator>
<dc:subject>Papiers - Citoyenneté</dc:subject>
<dc:description>La réserve citoyenne de l’Éducation nationale est composée de volontaires intervenant au sein des établissements scolaires pour faire partager leurs expériences personnelles et professionnelles. Le volontaire participe bénévolement à la transmission des valeurs de la République aux côtés des enseignants ou dans le cadre d'activités périscolaires. Il peut être amené à aborder plusieurs thèmes dans le cadre de ses interventions comme par exemple la laïcité, la lutte contre le harcèlement.</dc:description>
<dc:publisher>Direction de l'information légale et administrative</dc:publisher>
<dc:contributor>Direction de l'information légale et administrative (Premier ministre)</dc:contributor>
<dc:date>modified 2020-11-02</dc:date>
<dc:type>Fiche pratique</dc:type>
<dc:format>text/xml</dc:format>
<dc:identifier>F34258</dc:identifier>
<dc:source>https://www.legifrance.gouv.fr/affichCodeArticle.do?idArticle=LEGIARTI000033938683&amp;cidTexte=LEGITEXT000006071191, http://circulaire.legifrance.gouv.fr/pdf/2015/05/cir_39616.pdf, https://www.legifrance.gouv.fr/affichTexte.do?cidTexte=JORFTEXT000033934948, https://www.legifrance.gouv.fr/affichTexte.do?cidTexte=JORFTEXT000034640343</dc:source>
<dc:language>Fr</dc:language>
<dc:relation>isPartOf N13271</dc:relation>
<dc:coverage>France entière</dc:coverage>
<dc:rights>https://www.service-public.fr/a-propos/mentions-legales</dc:rights>
<SurTitre>Fiche pratique</SurTitre>
<Audience>Particuliers</Audience>
<Canal>www.service-public.fr</Canal>
<FilDAriane>
<Niveau ID="Particuliers">Accueil particuliers</Niveau>
<Niveau ID="N19810">Papiers - Citoyenneté</Niveau>
<Niveau ID="N13271">Volontariats</Niveau>
<Niveau ID="F34258" type="Fiche d'information">Réserve citoyenne de l'Éducation nationale</Niveau>
</FilDAriane>
<Theme ID="N19810">
<Titre>Papiers - Citoyenneté</Titre>
</Theme>
<SousThemePere ID="N20070">Citoyenneté</SousThemePere><DossierPere ID="N13271">
<Titre>Volontariats</Titre><SousDossier ID="N13271-1">
<Titre>Service civique</Titre>
<Fiche ID="F13278">Engagement de service civique</Fiche>
<Fiche ID="F13273">Volontariat associatif</Fiche>
<Fiche ID="F119">Corps européen de solidarité (CES)</Fiche>
<Fiche ID="F10040">Volontariat international en entreprise (VIE)</Fiche>
<Fiche ID="F13279">Volontariat international en administration (VIA)</Fiche>
<Fiche ID="F11444">Volontariat de solidarité internationale (VSI)</Fiche>
</SousDossier>
<SousDossier ID="N13271-2">
<Titre>Réserve civique</Titre>
<Fiche ID="F34258">Réserve citoyenne de l'Éducation nationale</Fiche>
<Fiche ID="F1189">Réserve citoyenne de défense et de sécurité</Fiche>
<Fiche ID="F11971">Réserve communale de sécurité civile</Fiche>
<Fiche ID="F34526">Réserve citoyenne de la police nationale</Fiche>
</SousDossier>
<SousDossier ID="N13271-3">
<Titre>Participation à la sécurité civile</Titre>
<Fiche ID="F72">Sapeur-pompier volontaire (SPV)</Fiche>
<Fiche ID="F33926">Réserve sanitaire</Fiche>
</SousDossier>
<SousDossier ID="N13271-4">
<Titre>Garde nationale et volontariat dans les armées</Titre>
<Fiche ID="F1188">Volontariat : réserve opérationnelle dans les armées</Fiche>
<Fiche ID="F34110">Réserve civile de la Police nationale</Fiche>
<Fiche ID="F1292">Volontariat dans les armées</Fiche>
</SousDossier>
</DossierPere>

<SousDossierPere>Réserve civique</SousDossierPere>
<Introduction>
<Texte><Paragraphe>La réserve citoyenne de l’Éducation nationale est composée de volontaires intervenant au sein des établissements scolaires pour faire partager leurs expériences personnelles et professionnelles. Le volontaire participe bénévolement à la transmission des valeurs de la République aux côtés des enseignants ou dans le cadre d'activités périscolaires. Il peut être amené à aborder plusieurs thèmes dans le cadre de ses interventions comme par exemple la laïcité, la lutte contre le harcèlement.</Paragraphe>
</Texte>
</Introduction>
<Texte><Chapitre>
<Titre>
<Paragraphe>De quoi s'agit-il ?</Paragraphe>
</Titre><Paragraphe>La réserve citoyenne de l'Éducation nationale  permet à des bénévoles de participer à la transmission des valeurs de la République à l'école.</Paragraphe>
<Paragraphe>La réserve est prévue dans chaque académie.</Paragraphe>
<Paragraphe>Les réservistes bénévoles sont appelés, à la demande des équipes éducatives, à venir partager leur expérience personnelle et/ou professionnelle pour illustrer les enseignements dispensés.</Paragraphe>
<Paragraphe>Le réserviste peut être amenée à aborder plusieurs thèmes dans le cadre de ses interventions :</Paragraphe>
<Liste type="puce">
<Item>
<Paragraphe>Citoyenneté et laïcité</Paragraphe>
</Item>
<Item>
<Paragraphe>Histoire et mémoire</Paragraphe>
</Item>
<Item>
<Paragraphe>Lutte contre le harcèlement</Paragraphe>
</Item>
<Item>
<Paragraphe>Égalité entre filles et garçons</Paragraphe>
</Item>
<Item>
<Paragraphe>Environnement et développement durable</Paragraphe>
</Item>
<Item>
<Paragraphe>Monde professionnel</Paragraphe>
</Item>
<Item>
<Paragraphe>Médias, information et réseaux sociaux</Paragraphe>
</Item>
<Item>
<Paragraphe>Lutte contre le racisme et l'antisémitisme</Paragraphe>
</Item>
<Item>
<Paragraphe>Lutte contre les préjugés et toutes les formes de discriminations</Paragraphe>
</Item>
</Liste>
<Paragraphe>Vous pouvez intervenir dans des écoles primaires ou dans des établissements du 2<Exposant>nd</Exposant> degré ou dans le cadre d'activités périscolaires.</Paragraphe>
<ANoter>
<Titre>À noter</Titre><Paragraphe>dans les écoles et établissements scolaires, vous intervenez pendant le temps scolaire sous la surveillance permanente du personnel éducatif (le plus souvent, un enseignant).</Paragraphe>
</ANoter>
</Chapitre>
<Chapitre>
<Titre>
<Paragraphe>Conditions pour candidater</Paragraphe>
</Titre><Paragraphe>Vous devez être majeur.</Paragraphe>
<Paragraphe>Vous ne devez pas avoir fait l'objet d'une condamnation privative de vos droits et libertés (incarcération).</Paragraphe>
<Paragraphe>Vous devez respecter la <LienExterne URL="http://www.reserve-citoyenne.education.gouv.fr/2015_reserve_citoyenne_charte.pdf" format="application/pdf" poids="218.4 KB">charte du réserviste citoyen de l'éducation nationale</LienExterne>

 et la <LienExterne URL="https://www.legifrance.gouv.fr/affichTexte.do?cidTexte=JORFTEXT000034640343#LEGISCTA000034700133">charte de la réserve civique</LienExterne>

.</Paragraphe>

</Chapitre>
<Chapitre>
<Titre>
<Paragraphe>Démarche</Paragraphe>
</Titre><Paragraphe>La demande d'inscription dans la réserve citoyenne de l’Éducation nationale se fait directement en ligne.</Paragraphe>
<ServiceEnLigne ID="R47926" URL="http://www.reserve-citoyenne.education.gouv.fr/" type="Téléservice">
<Titre>S'inscrire à la réserve citoyenne de l'Éducation nationale</Titre>
<Source ID="R30638">Ministère chargé de l'éducation</Source>
<Introduction>
<Texte><Paragraphe>Ce service en ligne permet d'adresser sa candidature pour devenir réserviste citoyen de l’Éducation nationale.</Paragraphe>
</Texte>
</Introduction>
</ServiceEnLigne>

<ASavoir>
<Titre>À savoir</Titre><Paragraphe>lors de votre demande d'inscription, vous pouvez indiquer votre champ de compétences et le périmètre géographique où vous souhaitez intervenir.</Paragraphe>
</ASavoir><Paragraphe>Si votre candidature est retenue, vous êtes informé par voie postale ou par mail.</Paragraphe>
<Paragraphe>Vous êtes ensuite contacté directement par les écoles et les établissements si votre profil correspond à un besoin formulé par un enseignant ou une équipe éducative.</Paragraphe>
<Paragraphe>En cas de refus d'inscription, la réponse vous est <LienIntra LienID="R14732" type="Définition de glossaire">notifiée</LienIntra> dans les 2 mois à partir de la réception de la demande.</Paragraphe>

</Chapitre>
<Chapitre>
<Titre>
<Paragraphe>Frais occasionnés</Paragraphe>
</Titre><Paragraphe>Les frais occasionnés par l'intervention (par exemple, frais de déplacement) sont à votre charge et ne font pas l'objet d'un remboursement.</Paragraphe>

</Chapitre>
</Texte><Reference type="Texte de référence" URL="https://www.legifrance.gouv.fr/affichCodeArticle.do?idArticle=LEGIARTI000033938683&amp;cidTexte=LEGITEXT000006071191" ID="R47925">
<Titre>Code de l'éducation : article L911-6-1</Titre>
</Reference>
<Reference type="Texte de référence" URL="http://circulaire.legifrance.gouv.fr/pdf/2015/05/cir_39616.pdf" ID="R47922" format="application/pdf" poids="40.7 KB">
<Titre>Circulaire relative à la réserve citoyenne de l'Éducation nationale</Titre>
</Reference>
<Reference type="Texte de référence" URL="https://www.legifrance.gouv.fr/affichTexte.do?cidTexte=JORFTEXT000033934948" ID="R47005">
<Titre>Loi n°2017-86 du 27 janvier 2017 relative à l'égalité et à la citoyenneté</Titre>
</Reference>
<Reference type="Texte de référence" URL="https://www.legifrance.gouv.fr/affichTexte.do?cidTexte=JORFTEXT000034640343" ID="R47884">
<Titre>Décret n°2017-930 du 9 mai 2017 relatif à la réserve civique</Titre>
</Reference>
<PourEnSavoirPlus type="Information pratique" ID="R47924" URL="http://www.reserve-citoyenne.education.gouv.fr/2015_reserve_citoyenne_charte.pdf" audience="Particuliers" format="application/pdf" poids="218.4 KB">
<Titre>Charte du réserviste citoyen de l'Éducation nationale</Titre>
<Source ID="R30638">Ministère chargé de l'éducation</Source>
</PourEnSavoirPlus>
<PourEnSavoirPlus type="Information pratique" ID="R47880" URL="https://www.legifrance.gouv.fr/affichTexte.do?cidTexte=JORFTEXT000034640343#LEGISCTA000034700133" audience="Particuliers">
<Titre>Charte de la réserve civique</Titre>
<Source ID="R30608">Direction de l'information légale et administrative (Dila) - Premier ministre</Source>
</PourEnSavoirPlus>
<PourEnSavoirPlus type="Information pratique" ID="R47927" URL="http://www.education.gouv.fr/reserve-citoyenne/cid94074/la-reserve-citoyenne.html" audience="Particuliers">
<Titre>La réserve citoyenne de l'Éducation nationale</Titre>
<Source ID="R30638">Ministère chargé de l'éducation</Source>
</PourEnSavoirPlus>
<Definition ID="R14732">
<Titre>Notification</Titre>
<Texte>
				<Paragraphe>Formalité par laquelle un acte de procédure ou une décision est porté à la connaissance d’une personne</Paragraphe>
			</Texte>
</Definition>
<QuestionReponse ID="F34030" audience="Particuliers">Qu'est-ce que le compte engagement citoyen (CEC) ?</QuestionReponse>
</Publication>
