<?xml version="1.0" encoding="UTF-8"?><Publication xmlns:dc="http://purl.org/dc/elements/1.1/" xmlns:xsi="http://www.w3.org/2001/XMLSchema-instance" ID="F34339" type="Fiche Question-réponse" xsi:noNamespaceSchemaLocation="../Schemas/3.0/Publication.xsd">
<dc:title>Quelles précautions prendre avant l'achat d'un terrain en lotissement ?</dc:title>
<dc:creator>Direction de l'information légale et administrative</dc:creator>
<dc:subject>Logement</dc:subject>
<dc:description>Avant de s'engager sur l'achat d'un terrain en lotissement, vous devez prendre certaines précautions</dc:description>
<dc:publisher>Direction de l'information légale et administrative</dc:publisher>
<dc:contributor>Direction de l'information légale et administrative (Premier ministre)</dc:contributor>
<dc:date>modified 2020-01-01</dc:date>
<dc:type>Question-réponse</dc:type>
<dc:format>text/xml</dc:format>
<dc:identifier>F34339</dc:identifier>
<dc:source>http://www.legifrance.gouv.fr/affichCode.do?idArticle=LEGIARTI000025019439&amp;idSectionTA=LEGISCTA000006175694&amp;cidTexte=LEGITEXT000006074075, https://www.legifrance.gouv.fr/affichCodeArticle.do?idArticle=LEGIARTI000031210397&amp;cidTexte=LEGITEXT000006074075, https://www.legifrance.gouv.fr/affichCode.do?idSectionTA=LEGISCTA000037645086&amp;cidTexte=LEGITEXT000006074096, https://www.legifrance.gouv.fr/affichCode.do?idSectionTA=LEGISCTA000038546791&amp;cidTexte=LEGITEXT000006074096, https://www.legifrance.gouv.fr/affichCodeArticle.do?idArticle=LEGIARTI000031210261&amp;cidTexte=LEGITEXT000006074075</dc:source>
<dc:language>Fr</dc:language>
<dc:relation>isPartOf N312</dc:relation>
<dc:coverage>France entière</dc:coverage>
<dc:rights>https://www.service-public.fr/a-propos/mentions-legales</dc:rights>
<SurTitre>Question-réponse</SurTitre>
<Audience>Particuliers</Audience>
<Canal>www.service-public.fr</Canal>
<FilDAriane>
<Niveau ID="Particuliers">Accueil particuliers</Niveau>
<Niveau ID="N19808">Logement</Niveau>
<Niveau ID="N312">Achat d'un terrain</Niveau>
<Niveau ID="F34339" type="Fiche Question-réponse">Quelles précautions prendre avant l'achat d'un terrain en lotissement ?</Niveau>
</FilDAriane>
<Theme ID="N19808">
<Titre>Logement</Titre>
</Theme>
<SousThemePere ID="N20355">Achat immobilier</SousThemePere><DossierPere ID="N312">
<Titre>Achat d'un terrain</Titre><SousDossier ID="N312-1">
<Titre>Achat d'un terrain isolé</Titre>
<Fiche ID="F2057">Promesse de vente</Fiche>
<Fiche ID="F258">Acte de vente</Fiche>
</SousDossier>
<SousDossier ID="N312-2">
<Titre>Achat d'un terrain situé dans un lotissement</Titre>
<Fiche ID="F16455">Promesse de vente</Fiche>
<Fiche ID="F12702">Acte de vente</Fiche>
</SousDossier>
</DossierPere>

<Texte><Paragraphe>Il convient de procéder à quelques vérifications avant d'acheter un terrain en lotissement. Vous devez vous assurer que le terrain vendu remplit les caractéristiques suivantes :</Paragraphe>
<Liste type="puce">
<Item>
<Paragraphe>Terrain constructible, c'est-à-dire apte à recevoir et à supporter une construction, notamment en ce qui concerne la capacité du sous-sol à supporter le poids et les charges de la future construction</Paragraphe>
</Item>
<Item>
<Paragraphe>Terrain viabilisé, c'est-à-dire raccordable aux voiries et aux réseaux divers (eau potable, électricité, gaz, assainissement, téléphone...)</Paragraphe>
</Item>
<Item>
<Paragraphe>Terrain délimité avec précisions par un <LienInterne LienPublication="F3037" type="Fiche d'information" audience="Particuliers">bornage</LienInterne>
</Paragraphe>
</Item>
</Liste>
<Paragraphe>Ces caractéristiques conditionnent la validité de la vente.</Paragraphe>
<Paragraphe>Si la parcelle acquise s'avère finalement inconstructible ou n'est pas viabilisée ou délimitée, vous pourrez exercer un recours devant le tribunal pour demander la nullité de la vente.</Paragraphe>
<OuSAdresser ID="R30" type="Local">
<Titre>Tribunal judiciaire ou de proximité</Titre>
<RessourceWeb URL="https://www.justice.fr/recherche/annuaires"/>
<Source ID="R30663">Ministère chargé de la justice</Source>
</OuSAdresser>
<Paragraphe>Dans les zones exposées au phénomène de mouvement de terrain différentiel consécutif à la sécheresse et à la réhydratation des sols argileux, vous devez également vous assurer qu'une étude de sol a été réalisée. Elle doit être annexée à la promesse de vente ou, à défaut de promesse, à l'acte de vente.</Paragraphe>
<Paragraphe>Un <LienInterne LienPublication="F35266" type="Fiche d'information" audience="Particuliers">état des nuisances sonores aériennes</LienInterne> doit également être annexé pour la vente d'un terrain  situé dans l'une des zones de bruit définies par un plan d'exposition au bruit.</Paragraphe>
<Paragraphe>Avant de signer une promesse de vente, vous pouvez consulter le plan local d'urbanisme (PLU) ou le document qui en tient lieu. Le PLU donne les précisions suivantes :</Paragraphe>
<Liste type="puce">
<Item>
<Paragraphe>Règles de construction</Paragraphe>
</Item>
<Item>
<Paragraphe>Délimitations des zones à risques naturels ou technologiques</Paragraphe>
</Item>
<Item>
<Paragraphe>Futurs projets d'aménagement locaux</Paragraphe>
</Item>
</Liste>
<Paragraphe>Il est recommandé de demander à la mairie un <LienInterne LienPublication="F1633" type="Fiche d'information" audience="Particuliers">certificat d'urbanisme</LienInterne> opérationnel. Il vous renseignera sur la faisabilité de votre projet de construction sur le terrain.</Paragraphe>
<Paragraphe>Vous pouvez aussi consulter les documents suivants :</Paragraphe>
<Liste type="puce">
<Item>
<Paragraphe>
<LienIntra LienID="R51976" type="Définition de glossaire">Cahier des charges</LienIntra> du lotissement, s'il en a été établi un, afin de connaître les obligations qui lient les colotis entre eux</Paragraphe>
</Item>
<Item>
<Paragraphe>
<LienIntra LienID="R51977" type="Définition de glossaire">Règlement de lotissement</LienIntra>, s'il en a été établi un. Il définit les règles d'urbanisme que doivent respecter les futures constructions à l'intérieur du lotissement (emploi d'un certain type de matériaux, couleurs...)</Paragraphe>
</Item>
</Liste>
<Paragraphe>Tous ces documents sont consultables auprès du service urbanisme de la commune où se situe le lotissement.</Paragraphe>
<OuSAdresser ID="R1" type="Local personnalisé sur SP">
<Titre>Mairie</Titre>
<PivotLocal>mairie</PivotLocal>
<RessourceWeb URL="https://lannuaire.service-public.fr/"/>
</OuSAdresser>

</Texte><VoirAussi important="non">
<Dossier ID="N312" audience="Particuliers">
<Titre>Achat d'un terrain</Titre>
<Theme ID="N19808">
<Titre>Logement</Titre>
</Theme>
</Dossier>
<Dossier ID="N23245" audience="Particuliers">
<Titre>Achat ou vente d'un logement</Titre>
<Theme ID="N19808">
<Titre>Logement</Titre>
</Theme>
</Dossier>
<Fiche ID="F1633" audience="Particuliers">
<Titre>Certificat d'urbanisme</Titre>
<Theme ID="N19808">
<Titre>Logement</Titre>
</Theme>
</Fiche>
</VoirAussi>
<Reference type="Texte de référence" URL="http://www.legifrance.gouv.fr/affichCode.do?idArticle=LEGIARTI000025019439&amp;idSectionTA=LEGISCTA000006175694&amp;cidTexte=LEGITEXT000006074075" ID="R1737">
<Titre>Code de l'urbanisme : articles L442-1 à L442-14</Titre>
<Complement>Définition d'un terrain situé dans un lotissement</Complement>
</Reference>
<Reference type="Texte de référence" URL="https://www.legifrance.gouv.fr/affichCodeArticle.do?idArticle=LEGIARTI000031210397&amp;cidTexte=LEGITEXT000006074075" ID="R53109">
<Titre>Code de l'urbanisme : article L115-4</Titre>
<Complement>Bornage obligatoire pour les terrains vendus dans un lotissement</Complement>
</Reference>
<Reference type="Texte de référence" URL="https://www.legifrance.gouv.fr/affichCode.do?idSectionTA=LEGISCTA000037645086&amp;cidTexte=LEGITEXT000006074096" ID="R53134">
<Titre>Code de la construction et de l'habitation : articles L112-20 à L112-25</Titre>
</Reference>
<Reference type="Texte de référence" URL="https://www.legifrance.gouv.fr/affichCode.do?idSectionTA=LEGISCTA000038546791&amp;cidTexte=LEGITEXT000006074096" ID="R55007">
<Titre>Code de la construction et de l'habitation : articles R112-6 à R112-8</Titre>
<Complement>Contenu et durée de validité des études géotechniques</Complement>
</Reference>
<Reference type="Texte de référence" URL="https://www.legifrance.gouv.fr/affichCodeArticle.do?idArticle=LEGIARTI000031210261&amp;cidTexte=LEGITEXT000006074075" ID="R56675">
<Titre>Code de l'urbanisme : article L112-6</Titre>
<Complement>État des nuisances sonores aériennes</Complement>
</Reference>
<ServiceEnLigne ID="R1970" URL="https://www.formulaires.service-public.fr/gf/cerfa_13410.do" format="application/pdf" poids="492.6 KB" numerocerfa="13410*05" type="Formulaire">
<Titre>Demande de certificat d'urbanisme</Titre>
<Source ID="R30659">Ministère chargé de l'urbanisme</Source><ServiceEnLigneAnnexe type="Formulaire">
<Titre>Fiche complémentaire si plusieurs demandeurs pour le même projet</Titre>
<Texte><Paragraphe>Document à joindre lorsque plusieurs personnes sont concernées par un même projet</Paragraphe>
</Texte>
<LienWeb URL="https://www.formulaires.service-public.fr/gf/getAnnexe.do?cerfaAnnexe=13702-1&amp;cerfaFormulaire=13702" format="application/pdf" poids="212.6 KB"/>
</ServiceEnLigneAnnexe>
</ServiceEnLigne>
<ServiceEnLigne ID="R52221" URL="https://psl.service-public.fr/mademarche/DAUA/demarche" type="Téléservice">
<Titre>Assistance pour votre demande d'autorisation d'urbanisme</Titre>
<Source ID="R30659">Ministère chargé de l'urbanisme</Source>
</ServiceEnLigne>
<Definition ID="R51977">
<Titre>Règlement de lotissement</Titre>
<Texte>
				<Paragraphe>Règles d'urbanisme que doivent respecter les futures constructions en lotissement (emploi d'un certain type de matériaux, couleurs...)</Paragraphe>
			</Texte>
</Definition>
<Definition ID="R51976">
<Titre>Cahier des charges d'un lotissement</Titre>
<Texte>
				<Paragraphe>Informations sur les règles de vie collective en lotissement (répartition des charges, entretien des espaces verts, stationnement...)</Paragraphe>
			</Texte>
</Definition>
<QuestionReponse ID="F2484" audience="Particuliers">Quelles règles doit respecter le vendeur d'un terrain en lotissement ?</QuestionReponse>
<QuestionReponse ID="F2073" audience="Particuliers">Quelles différences entre un terrain isolé et un terrain en lotissement ?</QuestionReponse>
</Publication>
