<?xml version="1.0" encoding="UTF-8"?><Publication xmlns:dc="http://purl.org/dc/elements/1.1/" xmlns:xsi="http://www.w3.org/2001/XMLSchema-instance" ID="F34850" type="Fiche Question-réponse" xsi:noNamespaceSchemaLocation="../Schemas/3.0/Publication.xsd">
<dc:title>Peut-on acheter les biens immobiliers d'une personne décédée sans héritier ?</dc:title>
<dc:creator>Direction de l'information légale et administrative</dc:creator>
<dc:subject>Famille</dc:subject>
<dc:description>Oui mais uniquement auprès du service du Domaine qui peut vendre les biens immobiliers appartenant aux successions vacantes.</dc:description>
<dc:publisher>Direction de l'information légale et administrative</dc:publisher>
<dc:contributor>Direction de l'information légale et administrative (Premier ministre)</dc:contributor>
<dc:date>modified 2019-02-21</dc:date>
<dc:type>Question-réponse</dc:type>
<dc:format>text/xml</dc:format>
<dc:identifier>F34850</dc:identifier>
<dc:source>https://www.legifrance.gouv.fr/affichCode.do?idSectionTA=LEGISCTA000006165521&amp;cidTexte=LEGITEXT000006070721, https://www.legifrance.gouv.fr/affichCode.do?idSectionTA=LEGISCTA000006165522&amp;cidTexte=LEGITEXT000006070721, https://www.legifrance.gouv.fr/affichCode.do?idSectionTA=LEGISCTA000006165523&amp;cidTexte=LEGITEXT000006070721, https://www.legifrance.gouv.fr/affichCode.do?idSectionTA=LEGISCTA000006181710&amp;cidTexte=LEGITEXT000006070716, https://www.legifrance.gouv.fr/affichCode.do?idSectionTA=LEGISCTA000006165249&amp;cidTexte=LEGITEXT000006070716</dc:source>
<dc:language>Fr</dc:language>
<dc:relation>isPartOf N171</dc:relation>
<dc:coverage>France entière</dc:coverage>
<dc:rights>https://www.service-public.fr/a-propos/mentions-legales</dc:rights>
<SurTitre>Question-réponse</SurTitre>
<Audience>Particuliers</Audience>
<Canal>www.service-public.fr</Canal>
<FilDAriane>
<Niveau ID="Particuliers">Accueil particuliers</Niveau>
<Niveau ID="N19805">Famille</Niveau>
<Niveau ID="N171">Règlement d'une succession</Niveau>
<Niveau ID="F34850" type="Fiche Question-réponse">Peut-on acheter les biens immobiliers d'une personne décédée sans héritier ?</Niveau>
</FilDAriane>
<Theme ID="N19805">
<Titre>Famille</Titre>
</Theme>
<SousThemePere ID="N20090">Succession</SousThemePere><DossierPere ID="N171">
<Titre>Règlement d'une succession</Titre>
<Fiche ID="F1199">Accepter ou renoncer à la succession (option successorale)</Fiche>
<Fiche ID="F1296">Indivision entre les héritiers</Fiche>
<Fiche ID="F16194">Partage des biens</Fiche>
</DossierPere>

<Texte><Paragraphe>Oui mais uniquement auprès du  service du <LienIntra LienID="R52895" type="Définition de glossaire">Domaine</LienIntra> qui peut vendre les biens immobiliers appartenant aux <LienIntra LienID="R52912" type="Définition de glossaire">successions vacantes</LienIntra>.</Paragraphe>
<Paragraphe>Pour connaître et acheter ces biens, consultez le site des ventes du Domaine.</Paragraphe><ServiceEnLigne ID="R52919" URL="https://encheres-domaine.gouv.fr/hermes/liste_biens_immobiliers_1.html" type="Téléservice">
<Titre>Acheter un bien immobilier vendu par le Domaine</Titre>
<Source ID="R30612">Ministère chargé des finances</Source>
</ServiceEnLigne>


</Texte><Reference type="Texte de référence" URL="https://www.legifrance.gouv.fr/affichCode.do?idSectionTA=LEGISCTA000006165521&amp;cidTexte=LEGITEXT000006070721" ID="R52908">
<Titre>Code civil : articles 809 à 809-3</Titre>
<Complement>Ouverture de la vacance</Complement>
</Reference>
<Reference type="Texte de référence" URL="https://www.legifrance.gouv.fr/affichCode.do?idSectionTA=LEGISCTA000006165522&amp;cidTexte=LEGITEXT000006070721" ID="R52909">
<Titre>Code civil : articles 810 à 810-6</Titre>
<Complement>Pouvoirs du curateur</Complement>
</Reference>
<Reference type="Texte de référence" URL="https://www.legifrance.gouv.fr/affichCode.do?idSectionTA=LEGISCTA000006165523&amp;cidTexte=LEGITEXT000006070721" ID="R52910">
<Titre>Code civil : articles 810-7 à 810-12</Titre>
<Complement>Fin de la curatelle (envoi en possession de l'Etat) article 810-12</Complement>
</Reference>
<Reference type="Texte de référence" URL="https://www.legifrance.gouv.fr/affichCode.do?idSectionTA=LEGISCTA000006181710&amp;cidTexte=LEGITEXT000006070716" ID="R52917">
<Titre>Code de procédure civile : articles 1343 à 1349</Titre>
<Complement>Mission du curateur</Complement>
</Reference>
<Reference type="Texte de référence" URL="https://www.legifrance.gouv.fr/affichCode.do?idSectionTA=LEGISCTA000006165249&amp;cidTexte=LEGITEXT000006070716" ID="R52918">
<Titre>Code de procédure civile : article 1354</Titre>
<Complement>Successions en déshérence</Complement>
</Reference>
<ServiceEnLigne ID="R52919" URL="https://encheres-domaine.gouv.fr/hermes/liste_biens_immobiliers_1.html" type="Téléservice">
<Titre>Acheter un bien immobilier vendu par le Domaine</Titre>
<Source ID="R30612">Ministère chargé des finances</Source>
</ServiceEnLigne>
<Definition ID="R52895">
<Titre>Domaine</Titre>
<Texte>
				<Paragraphe>Service de l'État compétent pour gérer les successions vacantes</Paragraphe>
			</Texte>
</Definition>
<Definition ID="R52912">
<Titre>Succession vacante</Titre>
<Texte>
				<Paragraphe>Succession non réclamée et sans héritier connu ou succession à laquelle les héritiers connus ont renoncé ou succession pour laquelle les héritiers connus n'ont fait aucun choix au bout de 6 mois</Paragraphe>
			</Texte><Reference type="Texte de référence" URL="https://www.legifrance.gouv.fr/affichCode.do?idSectionTA=LEGISCTA000006165521&amp;cidTexte=LEGITEXT000006070721" ID="R52908">
<Titre>Code civil : articles 809 à 809-3</Titre>
</Reference>
</Definition>
</Publication>
