<?xml version="1.0" encoding="UTF-8"?><Publication xmlns:dc="http://purl.org/dc/elements/1.1/" xmlns:xsi="http://www.w3.org/2001/XMLSchema-instance" ID="F35178" type="Fiche d'information" xsi:noNamespaceSchemaLocation="../Schemas/3.0/Publication.xsd">
<dc:title>Étranger en France : carte de séjour temporaire - stagiaire (mobile) ICT</dc:title>
<dc:creator>Direction de l'information légale et administrative</dc:creator>
<dc:subject>Étranger</dc:subject>
<dc:description>Si vous êtes étranger et venez en France pour faire un stage dans une entreprise du groupe qui vous emploie, vous devez entrer avec un visa de long séjour (VLS-TS) stagiaire ICT valable pour la durée du stage. Vous pouvez demander une carte de séjour stagiaire ICT si la durée du stage initialement prévue est prolongée. La durée totale de votre séjour en France avec le VLS-TS puis avec la carte de séjour est d'1an maximum.</dc:description>
<dc:publisher>Direction de l'information légale et administrative</dc:publisher>
<dc:contributor>Direction de l'information légale et administrative (Premier ministre)</dc:contributor>
<dc:date>modified 2020-03-19</dc:date>
<dc:type>Fiche pratique</dc:type>
<dc:format>text/xml</dc:format>
<dc:identifier>F35178</dc:identifier>
<dc:source>https://www.legifrance.gouv.fr/affichCode.do?idSectionTA=LEGISCTA000006163231&amp;cidTexte=LEGITEXT000006070158, https://www.legifrance.gouv.fr/affichCode.do?idSectionTA=LEGISCTA000020686032&amp;cidTexte=LEGITEXT000006070158, https://www.legifrance.gouv.fr/codes/id/LEGISCTA000020040148/, https://www.legifrance.gouv.fr/codes/id/LEGISCTA000025100779/</dc:source>
<dc:language>Fr</dc:language>
<dc:relation>isPartOf N110</dc:relation>
<dc:coverage>France entière</dc:coverage>
<dc:rights>https://www.service-public.fr/a-propos/mentions-legales</dc:rights>
<SurTitre>Fiche pratique</SurTitre>
<Audience>Particuliers</Audience>
<Canal>www.service-public.fr</Canal>
<FilDAriane>
<Niveau ID="Particuliers">Accueil particuliers</Niveau>
<Niveau ID="N19804">Étranger</Niveau>
<Niveau ID="N110">Titres, carte de séjour et documents de circulation pour étranger en France</Niveau>
<Niveau ID="F35178" type="Fiche d'information">Étranger en France : carte de séjour temporaire - stagiaire (mobile) ICT</Niveau>
</FilDAriane>
<Theme ID="N19804">
<Titre>Étranger</Titre>
</Theme>
<SousThemePere ID="N20306">Étranger en France</SousThemePere><DossierPere ID="N110">
<Titre>Titres, carte de séjour et documents de circulation pour étranger en France</Titre><SousDossier ID="N110-1">
<Titre>Carte de séjour</Titre>
<Fiche ID="F2209">Carte de séjour "vie privée et familiale"</Fiche>
<Fiche ID="F15898">Carte de séjour "salarié" ou "travailleur temporaire"</Fiche>
<Fiche ID="F16922">Carte de séjour "passeport talent"</Fiche>
<Fiche ID="F21516">Carte de séjour "travailleur saisonnier"</Fiche>
<Fiche ID="F33952">Carte de séjour "salarié détaché ICT"</Fiche>
<Fiche ID="F302">Carte de séjour "visiteur"</Fiche>
<Fiche ID="F2710">Carte de séjour "retraité"</Fiche>
</SousDossier>
<SousDossier ID="N110-2">
<Titre>Carte de résident</Titre>
<Fiche ID="F2208">Carte de résident</Fiche>
<Fiche ID="F17359">Carte de résident longue durée - UE</Fiche>
<Fiche ID="F11201">Carte de résident permanent</Fiche>
</SousDossier>
<SousDossier ID="N110-3">
<Titre>Autorisations provisoires de séjour</Titre>
<Fiche ID="F17336">Parent d'enfant malade</Fiche>
<Fiche ID="F17335">Mission de volontariat en France</Fiche>
</SousDossier>
<SousDossier ID="N110-4">
<Titre>Certificat de résidence pour Algérien</Titre>
<Fiche ID="F2215">Certificat d'un an</Fiche>
<Fiche ID="F2257">Certificat de 10 ans</Fiche>
<Fiche ID="F3137">Certificat de résidence "retraité" et "conjoint de retraité"</Fiche>
</SousDossier>
<SousDossier ID="N110-5">
<Titre>Étudiant / Stagiaire étranger</Titre>
<Fiche ID="F2231">Visa ou carte de séjour "étudiant"</Fiche>
<Fiche ID="F17319">Carte de séjour - Recherche d'emploi/création d'entreprise</Fiche>
<Fiche ID="F17312">Visa ou carte de séjour "stagiaire"</Fiche>
<Fiche ID="F35178">Visa ou carte de séjour "stagiaire ICT"</Fiche>
<Fiche ID="F15813">Carte de séjour "jeune au pair"</Fiche>
</SousDossier>
<SousDossier ID="N110-6">
<Titre>Document de circulation pour mineur étranger</Titre>
<Fiche ID="F2718">Document de circulation pour mineur étranger</Fiche>
<Fiche ID="F297">Titre d'identité républicain pour mineur étranger né en France</Fiche>
</SousDossier>
<SousDossier ID="N110-7">
<Titre>Carte de séjour pour Européen</Titre>
<Fiche ID="F16003">Travailleur</Fiche>
<Fiche ID="F22116">Étudiant</Fiche>
<Fiche ID="F22117">Retraité ou inactif</Fiche>
<Fiche ID="F19315">Membre de la famille d'un européen</Fiche>
<Fiche ID="F847">Perte de la carte de séjour</Fiche>
<Fiche ID="F22118">Vol de la carte de séjour</Fiche>
</SousDossier>
</DossierPere>

<SousDossierPere>Étudiant / Stagiaire étranger</SousDossierPere><Avertissement ID="R55782" date="2020-09-24">
<Titre>Coronavirus / Covid-19 : prolongation de la validité des titres de séjour</Titre>
<Texte>
				<Paragraphe>En raison de la pandémie de  Covid-19, la durée de validité des documents de séjour arrivés  à échéance entre  le 16 mars et le 15 juin 2020 a été  prolongée de <MiseEnEvidence>6 mois</MiseEnEvidence>. Cette mesure concerne :</Paragraphe>
				<Liste type="puce">
					<Item>
						<Paragraphe>Visas de long séjour</Paragraphe>
					</Item>
					<Item>
						<Paragraphe>Tous titres de séjour (sauf titres spéciaux délivrés au personnel diplomatique et consulaire étranger)</Paragraphe>
					</Item>
					<Item>
						<Paragraphe>Autorisations provisoires de séjour</Paragraphe>
					</Item>
					<Item>
						<Paragraphe>Récépissés de demandes de titres de séjour</Paragraphe>
					</Item>
				</Liste>
				<Paragraphe>Cette prolongation est automatique. Elle prolonge également les droits sociaux et le droit au travail.</Paragraphe>
			</Texte>
</Avertissement>

<Introduction>
<Texte><Paragraphe>Si vous êtes étranger  et venez  en France pour faire un stage dans une entreprise du groupe qui vous emploie, vous devez entrer avec un visa de long séjour (VLS-TS) <Expression>stagiaire ICT</Expression> valable pour la durée du stage. Vous pouvez demander une carte de séjour  <Expression>stagiaire ICT</Expression>  si la durée du stage initialement prévue est prolongée. La durée totale de votre séjour en France avec le VLS-TS puis avec la carte de séjour est d'1an maximum.</Paragraphe>
</Texte>
</Introduction>
<Texte><Chapitre>
<Titre>
<Paragraphe>De quoi s'agit-il ?</Paragraphe>
</Titre><Paragraphe>La carte de séjour temporaire <Expression>stagiaire ICT</Expression> permet de séjourner en France pour effectuer un stage dans le cadre d'un <LienIntra LienID="R54872" type="Définition de glossaire">transfert temporaire intragroupe</LienIntra> (<Expression>Intra corporate transfer</Expression>).</Paragraphe>

</Chapitre>
<Chapitre>
<Titre>
<Paragraphe>Qui est concerné ?</Paragraphe>
</Titre><Paragraphe>Vous êtes concerné si vous remplissez l'ensemble des conditions suivantes :</Paragraphe>
<Liste type="puce">
<Item>
<Paragraphe>Vous avez un  <LienInterne LienPublication="F39" type="Fiche Question-réponse" audience="Particuliers">VLS-TS </LienInterne> <Expression>stagiaire ICT</Expression>
</Paragraphe>
</Item>
<Item>
<Paragraphe>Vous venez en France pour <MiseEnEvidence>faire un stage dans un établissement ou une entreprise du groupe qui vous emploie à l'étranger</MiseEnEvidence>
</Paragraphe>
</Item>
<Item>
<Paragraphe>Vous avez un <MiseEnEvidence>une convention de stage ou un contrat de travail avec l'entreprise qui vous emploie à l'étranger</MiseEnEvidence>
</Paragraphe>
</Item>
<Item>
<Paragraphe>Vous avez une <MiseEnEvidence>ancienneté d'au moins 3 mois</MiseEnEvidence> dans le groupe qui vous emploie.</Paragraphe>
</Item>
</Liste>
<Attention>
<Titre>Attention</Titre><Paragraphe>d'autres règles s'appliquent si vous êtes <LienInterne LienPublication="F2215" type="Fiche d'information" audience="Particuliers">algérien</LienInterne>. Si vous êtes européen, vous n'avez pas besoin de titre de séjour.</Paragraphe>
</Attention>
</Chapitre>
<Chapitre>
<Titre>
<Paragraphe>Demande de la carte</Paragraphe>
</Titre><Paragraphe>Vous devez déposer votre demande de carte dans les 2 mois précédant la date d'expiration de votre VLS-TS auprès de la préfecture (ou sous-préfecture) de votre domicile. Renseignez-vous sur le site internet de la préfecture.</Paragraphe>

				<Paragraphe>Si vous déposez votre demande hors délai, sauf cas de force majeure  ou présentation d'un visa valide, vous devrez payer, en plus du coût de la carte, un droit de visa de régularisation de <Valeur>180 €</Valeur>.</Paragraphe>
			
<BlocCas affichage="onglet"><Cas>
<Titre>
<Paragraphe>Cas général</Paragraphe>
</Titre>
										<OuSAdresser ID="R2" type="Local personnalisé sur SP">
<Titre>Préfecture</Titre>
<PivotLocal>prefecture</PivotLocal>
<RessourceWeb URL="http://www.interieur.gouv.fr/Le-ministere/Prefectures"/>
<Source ID="R30603">Ministère chargé de l'intérieur</Source>
</OuSAdresser>
									
										<OuSAdresser ID="R14145" type="Local personnalisé sur SP">
<Titre>Sous-préfecture</Titre>
<PivotLocal>sous_pref</PivotLocal>
<RessourceWeb URL="http://www.interieur.gouv.fr/Le-ministere/Prefectures"/>
<Source ID="R30603">Ministère chargé de l'intérieur</Source>
</OuSAdresser>
									<Attention>
<Titre>Attention</Titre>
										<Paragraphe>il n'est pas possible d'effectuer les démarches dans certaines sous-préfectures. Renseignez-vous sur le site internet de votre préfecture.</Paragraphe>
									</Attention>
</Cas>
<Cas>
<Titre>
<Paragraphe>À Paris</Paragraphe>
</Titre>
										<OuSAdresser ID="R42203" type="Local personnalisable">
<Titre>Préfecture de police de Paris - Service des titres de séjour</Titre>
<PivotLocal>paris_ppp_titre_sejour</PivotLocal>
<RessourceWeb URL="https://www.prefecturedepolice.interieur.gouv.fr/Demarches/Particulier/Ressortissants-etrangers/Ressortissants-etrangers/Titres-de-sejour-Nous-contacter"/>
</OuSAdresser>
									
</Cas>
</BlocCas>


				<Paragraphe>Si votre dossier est complet, vous recevez un <LienInterne LienPublication="F15763" type="Fiche Question-réponse" audience="Particuliers"> récépissé</LienInterne> dans l'attente de la réponse de la préfecture.</Paragraphe>
			

</Chapitre>
<Chapitre type="pieces">
<Titre>
<Paragraphe>Pièces à fournir</Paragraphe>
</Titre><Liste type="puce">
<Item>
<Paragraphe>Votre VLS-TS</Paragraphe>
</Item>
<Item>
<Paragraphe>Votre passeport (pages relatives à l'état civil, aux dates de validité et aux cachets d'entrée)</Paragraphe>
</Item>
<Item>
<Paragraphe>Acte de naissance (copie intégrale ou extrait avec filiation)</Paragraphe>
</Item>
<Item>
<Paragraphe>Si vous êtes marié : extrait d'acte de mariage</Paragraphe>
</Item>
<Item>
<Paragraphe>Si vous avez des enfants : extraits d'acte de naissance de vos enfants avec filiation</Paragraphe>
</Item>
<Item>
<Paragraphe>
<LienInterne LienPublication="F33052" type="Fiche Question-réponse" audience="Particuliers">Justificatif de domicile</LienInterne> datant de moins de 3 mois</Paragraphe>
</Item>
<Item>
<Paragraphe>3 <LienInterne LienPublication="F10619" type="Fiche Question-réponse" audience="Particuliers">photos</LienInterne>
</Paragraphe>
</Item>
<Item>
<Paragraphe>Convention de stage avec visa du préfet du département dans lequel a lieu le stage</Paragraphe>
</Item>
<Item>
<Paragraphe>Contrat de travail en vigueur conclu avec l'entreprise qui vous emploie hors de France ou à défaut tout document équivalant dans le droit en vigueur localement</Paragraphe>
</Item>
<Item>
<Paragraphe>Justificatif de ressources supérieures ou égales à <Valeur>1 539,42 €</Valeur> brut par mois</Paragraphe>
</Item>
<Item>
<Paragraphe>Justificatif que l'entreprise qui vous emploie et celle qui vous accueille en stage appartiennent au même groupe d'entreprises</Paragraphe>
</Item>
<Item>
<Paragraphe>Justificatif de votre ancienneté d'au moins 3 mois dans le groupe d'entreprises</Paragraphe>
</Item>
<Item>
<Paragraphe>Justificatif d'acquittement de la taxe et du droit de timbre (demandé lors de la remise de la carte)</Paragraphe>
</Item>
</Liste>
<ASavoir>
<Titre>À savoir</Titre><Paragraphe>les actes d'état civil doivent être obligatoirement accompagnés de <LienInterne LienPublication="F12956" type="Fiche Question-réponse" audience="Particuliers">leur traduction en français par un traducteur interprète agréé</LienInterne>.</Paragraphe>
</ASavoir>
</Chapitre>
<Chapitre>
<Titre>
<Paragraphe>Coût</Paragraphe>
</Titre><Paragraphe>Vous devez payer <Valeur>225 €</Valeur> (taxe de <Valeur>200 €</Valeur>  + droit de timbre de <Valeur>25 €</Valeur>) par <LienInterne LienPublication="F33071" type="Fiche Question-réponse" audience="Particuliers">timbres fiscaux</LienInterne>.</Paragraphe>

</Chapitre>
<Chapitre>
<Titre>
<Paragraphe>Durée de validité</Paragraphe>
</Titre><Paragraphe>Le VLS-TS <Expression>stagiaire ICT</Expression> a une duré de validité égale à la durée du stage.</Paragraphe>
<Paragraphe>La durée de validité de la carte de séjour temporaire <Expression>stagiaire ICT</Expression> est d'1 an diminuée de la durée du séjour effectuée avec le VLS-TS.</Paragraphe>

</Chapitre>
<Chapitre>
<Titre>
<Paragraphe>Séjour de votre famille</Paragraphe>
</Titre>
				<Paragraphe>Votre famille peut bénéficier de la procédure simplifiée <Expression>famille accompagnante</Expression> :</Paragraphe>
			
				<Paragraphe>La « famille accompagnante » comprend la personne avec qui vous êtes marié(e) et vos enfants mineurs. La procédure simplifiée leur permet de venir en France pour la durée de votre séjour, sans faire la procédure de regroupement familial.</Paragraphe>
				<Paragraphe>Ils doivent obtenir un visa de long séjour auprès du consulat de France de leur pays de résidence.</Paragraphe>
				<Paragraphe>Cette procédure est applicable même si votre famille arrive en France après vous ou si vous vous mariez après votre arrivée en France.</Paragraphe>
				<Paragraphe>Si les membres de votre famille sont déjà en France avec des visas de long séjour, votre conjoint doit déposer une demande de carte de séjour à la préfecture de son lieu de résidence. Vos enfants mineurs sont dispensés de carte de séjour jusqu'à leur majorité.</Paragraphe>
				<Paragraphe>
<MiseEnEvidence>Pièces à fournir :</MiseEnEvidence>
</Paragraphe>
				<Liste type="puce">
					<Item>
						<Paragraphe>
<MiseEnEvidence>Votre</MiseEnEvidence> carte de séjour</Paragraphe>
					</Item>
					<Item>
						<Paragraphe>Leur visa de long séjour</Paragraphe>
					</Item>
					<Item>
						<Paragraphe>Leur passeport (pages relatives à l'état civil, aux dates de validité et aux cachets d'entrée)</Paragraphe>
					</Item>
					<Item>
						<Paragraphe>1 extrait d'acte de mariage ou d'1 extrait d'acte de naissance avec filiation</Paragraphe>
					</Item>
					<Item>
						<Paragraphe>1 <LienInterne LienPublication="F33052" type="Fiche Question-réponse" audience="Particuliers">justificatif de domicile</LienInterne> datant de moins de 3 mois</Paragraphe>
					</Item>
					<Item>
						<Paragraphe>3 <LienInterne LienPublication="F10619" type="Fiche Question-réponse" audience="Particuliers">photos</LienInterne>
</Paragraphe>
					</Item>
					<Item>
						<Paragraphe>Justificatif du paiement de la taxe et du droit de timbre (le coût est le même que pour votre carte)</Paragraphe>
					</Item>
				</Liste>
			<BlocCas affichage="onglet"><Cas>
<Titre>
<Paragraphe>Cas général</Paragraphe>
</Titre>
										<OuSAdresser ID="R2" type="Local personnalisé sur SP">
<Titre>Préfecture</Titre>
<PivotLocal>prefecture</PivotLocal>
<RessourceWeb URL="http://www.interieur.gouv.fr/Le-ministere/Prefectures"/>
<Source ID="R30603">Ministère chargé de l'intérieur</Source>
</OuSAdresser>
									
										<OuSAdresser ID="R14145" type="Local personnalisé sur SP">
<Titre>Sous-préfecture</Titre>
<PivotLocal>sous_pref</PivotLocal>
<RessourceWeb URL="http://www.interieur.gouv.fr/Le-ministere/Prefectures"/>
<Source ID="R30603">Ministère chargé de l'intérieur</Source>
</OuSAdresser>
									<Attention>
<Titre>Attention</Titre>
										<Paragraphe>il n'est pas possible d'effectuer les démarches dans certaines sous-préfectures. Renseignez-vous sur le site internet de votre préfecture.</Paragraphe>
									</Attention>
</Cas>
<Cas>
<Titre>
<Paragraphe>À Paris</Paragraphe>
</Titre>
										<OuSAdresser ID="R42203" type="Local personnalisable">
<Titre>Préfecture de police de Paris - Service des titres de séjour</Titre>
<PivotLocal>paris_ppp_titre_sejour</PivotLocal>
<RessourceWeb URL="https://www.prefecturedepolice.interieur.gouv.fr/Demarches/Particulier/Ressortissants-etrangers/Ressortissants-etrangers/Titres-de-sejour-Nous-contacter"/>
</OuSAdresser>
									
</Cas>
</BlocCas>


<Paragraphe>Votre époux et vos enfants majeurs reçoivent une carte de séjour temporaire <Expression>stagiaire ICT (famille)</Expression>.</Paragraphe>
<Paragraphe>La durée de cette carte est égale à la période de validité restant à courir de votre séjour. Elle donne droit à l'exercice de toute activité professionnelle.</Paragraphe>

</Chapitre>
</Texte><Reference type="Texte de référence" URL="https://www.legifrance.gouv.fr/affichCode.do?idSectionTA=LEGISCTA000006163231&amp;cidTexte=LEGITEXT000006070158" ID="R35085">
<Titre>Code de l'entrée et du séjour des étrangers et du droit d'asile : articles L313-7-1 et L313-7-2</Titre>
<Complement>Article L313-7-2</Complement>
</Reference>
<Reference type="Texte de référence" URL="https://www.legifrance.gouv.fr/affichCode.do?idSectionTA=LEGISCTA000020686032&amp;cidTexte=LEGITEXT000006070158" ID="R38332">
<Titre>Code de l'entrée et du séjour des étrangers et du droit d'asile : articles R313-10-1 à R313-10-10</Titre>
<Complement>Article R313-10-10</Complement>
</Reference>
<Reference type="Texte de référence" URL="https://www.legifrance.gouv.fr/codes/id/LEGISCTA000020040148/" ID="R17174">
<Titre>Code de l'entrée et du séjour des étrangers et du droit d'asile : articles L311-13 à L311-18</Titre>
<Complement>Droit de timbre à payer et taxes</Complement>
</Reference>
<Reference type="Texte de référence" URL="https://www.legifrance.gouv.fr/codes/id/LEGISCTA000025100779/" ID="R19004">
<Titre>Code de l'entrée et du séjour des étrangers et du droit d'asile : articles D311-18-1 à D311-18-3</Titre>
<Complement>Taxes</Complement>
</Reference>
<Definition ID="R54872">
<Titre>Transfert temporaire intragroupe</Titre>
<Texte>
				<Paragraphe>Détachement temporaire à des fins professionnelles ou de formation d'un travailleur étranger vers une entité installée en France faisant partie de l'entreprise (ou du groupe d'entreprises) auquel le travailleur détaché est lié par un contrat de travail</Paragraphe>
			</Texte>
</Definition>




</Publication>
