<?xml version="1.0" encoding="UTF-8"?><Publication xmlns:dc="http://purl.org/dc/elements/1.1/" xmlns:xsi="http://www.w3.org/2001/XMLSchema-instance" ID="F35219" type="Fiche Question-réponse" xsi:noNamespaceSchemaLocation="../Schemas/3.0/Publication.xsd">
<dc:title>Comment obtenir une expertise judiciaire ?</dc:title>
<dc:creator>Direction de l'information légale et administrative</dc:creator>
<dc:subject>Justice</dc:subject>
<dc:description>Lorsque la solution du litige dépend d'une analyse technique il est possible de faire appel à un expert judiciaire. L'expertise peut être demandée par les parties ou par le juge. Elle peut être demandée avant le procès ou au cours du procès lui-même. L'expert établit un rapport remis au juge.</dc:description>
<dc:publisher>Direction de l'information légale et administrative</dc:publisher>
<dc:contributor>Direction de l'information légale et administrative (Premier ministre)</dc:contributor>
<dc:date>modified 2020-04-07</dc:date>
<dc:type>Question-réponse</dc:type>
<dc:format>text/xml</dc:format>
<dc:identifier>F35219</dc:identifier>
<dc:source>http://www.legifrance.gouv.fr/affichCode.do?idSectionTA=LEGISCTA000006165192&amp;cidTexte=LEGITEXT000006070716</dc:source>
<dc:language>Fr</dc:language>
<dc:relation>isPartOf N269</dc:relation>
<dc:coverage>France entière</dc:coverage>
<dc:rights>https://www.service-public.fr/a-propos/mentions-legales</dc:rights>
<SurTitre>Question-réponse</SurTitre>
<Audience>Particuliers</Audience>
<Canal>www.service-public.fr</Canal>
<FilDAriane>
<Niveau ID="Particuliers">Accueil particuliers</Niveau>
<Niveau ID="N19807">Justice</Niveau>
<Niveau ID="N269">Affaire civile</Niveau>
<Niveau ID="F35219" type="Fiche Question-réponse">Comment obtenir une expertise judiciaire ?</Niveau>
</FilDAriane>
<Theme ID="N19807">
<Titre>Justice</Titre>
</Theme>
<SousThemePere ID="N271">Procédures judiciaires</SousThemePere><DossierPere ID="N269">
<Titre>Affaire civile</Titre><SousDossier ID="N269-1">
<Titre>Alternatives à un procès civil</Titre>
<Fiche ID="F1732">Accord à l'amiable</Fiche>
<Fiche ID="F1741">Requête conjointe devant un tribunal civil</Fiche>
</SousDossier>
<SousDossier ID="N269-2">
<Titre>Saisir un tribunal civil</Titre>
<Fiche ID="F20851">Saisir le tribunal judiciaire</Fiche>
<Fiche ID="F1783">Saisir le juge des contentieux de la protection</Fiche>
<Fiche ID="F35125">Saisir le tribunal de proximité</Fiche>
</SousDossier>
<SousDossier ID="N269-3">
<Titre>Déroulement d'une affaire</Titre>
<Fiche ID="F1789">Devant le tribunal de proximité</Fiche>
<Fiche ID="F1791">Devant le tribunal judiciaire</Fiche>
<Fiche ID="F1792">Devant le tribunal de commerce</Fiche>
<Fiche ID="F1793">Devant le tribunal paritaire des baux ruraux</Fiche>
</SousDossier>
<SousDossier ID="N269-4">
<Titre>Mesures prononcées par le tribunal</Titre>
<Fiche ID="F1787">Injonction de faire</Fiche>
<Fiche ID="F1746">Injonction de payer - Recouvrement de créances</Fiche>
<Fiche ID="F1780">Exécution d'une décision du juge civil</Fiche>
</SousDossier>
</DossierPere>

<Introduction>
<Texte><Paragraphe>Lorsque la solution du litige dépend d'une analyse technique il est possible de faire appel à un expert judiciaire. L'expertise peut être demandée par les parties ou par le juge. Elle peut être demandée avant le procès  ou au cours du procès lui-même. L'expert établit un rapport remis au juge.</Paragraphe>
</Texte>
</Introduction>
<Texte><Chapitre>
<Titre>
<Paragraphe>Qu'est ce qu'un expert judiciaire ?</Paragraphe>
</Titre><Paragraphe>C'est une personne qualifiée dans un domaine. Il est chargé de donner un avis au juge sur des points techniques dont dépend la solution d'un litige (la cause d'un accident, l'existence d'une malfaçon, une analyse comptable, etc.)</Paragraphe>
<Paragraphe>
<LienInterne LienPublication="F2161" type="Fiche d'information" audience="Particuliers">L' expert judiciaire</LienInterne> est inscrit sur une liste. Il existe une liste dressée chaque année par la cour d'appel et une liste nationale établie par la Cour de cassation.</Paragraphe>
<OuSAdresser ID="R37308" type="Local">
<Titre>Expert judiciaire</Titre>
<RessourceWeb URL="http://www.courdecassation.fr/informations_services_6/listes_experts_judiciaires_8700.html#experts"/>
<Source ID="R30633">Cour de cassation</Source>
</OuSAdresser>
<Paragraphe>L'expert est assermenté.</Paragraphe>
<Paragraphe>Il existe des experts dans toutes les matières (médicale, comptabilité, architecture, mécanique.....).</Paragraphe>
<Paragraphe>Le juge peut désigner un expert inscrit sur une liste d'une cour d'appel qui n'est pas dans son ressort. Il peut aussi désigner un professionnel non inscrit sur la liste des experts.</Paragraphe>

</Chapitre>
<Chapitre>
<Titre>
<Paragraphe>Comment demander une expertise ?</Paragraphe>
</Titre>
<SousChapitre>
<Titre>
<Paragraphe>Quand demander l'expertise ?</Paragraphe>
</Titre><Paragraphe>Vous pouvez demander une expertise au juge avant tout procès (par référé) ou lors de la procédure.</Paragraphe>
<BlocCas affichage="onglet"><Cas>
<Titre>
<Paragraphe>Avant le procès (référé)</Paragraphe>
</Titre><Paragraphe>Vous pouvez saisir le juge d'une demande d'expertise par <LienInterne LienPublication="F1378" type="Fiche Question-réponse" audience="Particuliers">référé</LienInterne>  avant le procès  afin d'établir  la <LienInterne LienPublication="F1800" type="Fiche Question-réponse" audience="Particuliers">preuve</LienInterne> de faits dont la décision du juge peut dépendre.</Paragraphe>
<Paragraphe>Le référé permet de mettre en œuvre l'expertise rapidement. Il ne permet pas de trancher le litige.</Paragraphe>
<Paragraphe>L'avocat est obligatoire si le montant du litige est supérieur à <Valeur>10 000 €</Valeur>
</Paragraphe>
<OuSAdresser ID="R14218" type="Local personnalisable">
<Titre>Avocat</Titre>
<PivotLocal>avocat_conseil_national</PivotLocal>
<RessourceWeb URL="http://cnb.avocat.fr/Trouver-un-avocat-en-France_a341.html"/>
<Source ID="R30762">Conseil national des barreaux</Source>
</OuSAdresser>
<Paragraphe>Vous devez saisir le tribunal par <LienIntra LienID="R12538" type="Définition de glossaire">assignation</LienIntra>
</Paragraphe>
<OuSAdresser ID="R10916" type="Local personnalisable">
<Titre>Huissier de justice</Titre>
<PivotLocal>huissier_justice</PivotLocal>
<RessourceWeb URL="https://cnhj.huissier-justice.fr/Annuaire.aspx"/>
</OuSAdresser>
<Paragraphe>Si le juge décide d'une expertise, il rend une décision qui précise les points suivants:</Paragraphe>
<Liste type="puce">
<Item>
<Paragraphe>Expert désigné</Paragraphe>
</Item>
<Item>
<Paragraphe>Mission de l'expert</Paragraphe>
</Item>
<Item>
<Paragraphe>Montant de la consignation (somme d'argent versée à titre d'avance)</Paragraphe>
</Item>
<Item>
<Paragraphe>Délai dans lequel l'expert doit accomplir sa mission.</Paragraphe>
</Item>
</Liste>
<Paragraphe>Le juge indique également quel magistrat est chargé de suivre les opérations d'expertise ou si lui-même opérera ce contrôle.</Paragraphe>

</Cas>
<Cas>
<Titre>
<Paragraphe>Pendant le procès</Paragraphe>
</Titre><Paragraphe>Le juge peut ordonner une expertise s'il estime qu'il ne dispose pas d'éléments suffisants pour statuer et qu'il a besoin de l'avis technique d'un professionnel.</Paragraphe>
<Paragraphe>Vous pouvez également demander au juge une expertise judiciaire.</Paragraphe>
<Paragraphe>Si le juge décide d'une expertise, il rend une décision qui précise les points suivants:</Paragraphe>
<Liste type="puce">
<Item>
<Paragraphe>Expert désigné</Paragraphe>
</Item>
<Item>
<Paragraphe>Mission de l'expert</Paragraphe>
</Item>
<Item>
<Paragraphe>Montant de la consignation (somme d'argent versée à titre d'avance)</Paragraphe>
</Item>
<Item>
<Paragraphe>Délai dans lequel l'expert doit accomplir sa mission.</Paragraphe>
</Item>
</Liste>
<Paragraphe>Le juge indique également quel magistrat est chargé de suivre les opérations d'expertise ou si lui-même opérera ce contrôle.</Paragraphe>

</Cas>
</BlocCas>

</SousChapitre>
<SousChapitre>
<Titre>
<Paragraphe>Quel expert est désigné ?</Paragraphe>
</Titre><Paragraphe>Le juge peut désigner un ou plusieurs experts  en fonction de la complexité de l'expertise. L'expert désigné peut refuser la mission, un autre expert est alors désigné.</Paragraphe>
<Paragraphe>Vous pouvez suggérer un nom d'expert mais la décision finale appartient  au magistrat.</Paragraphe>
<Paragraphe>Vous pouvez refuser un expert si vous estimez qu'il pourrait ne pas être impartial (un expert qui aurait des relations amicales, familiales ou professionnelles avec votre adversaire ou sa famille par exemple).</Paragraphe>

</SousChapitre>
<SousChapitre>
<Titre>
<Paragraphe>Mission de l'expert </Paragraphe>
</Titre><Paragraphe>Le juge décrit précisément les opérations que doit mener l'expert.</Paragraphe>
<Paragraphe>Il indique les éléments ou les faits sur lesquels l'expert doit se prononcer. Il peut par exemple lui demander de  déterminer l'origine ou la cause des dégâts et qui en est responsable selon lui.</Paragraphe>
<Paragraphe>L'expert ne donne qu'un avis technique, il ne donne aucune appréciation juridique.</Paragraphe>

</SousChapitre>
<SousChapitre>
<Titre>
<Paragraphe>Consignation</Paragraphe>
</Titre><Paragraphe>Le juge fixe le montant d'une consignation  et le délai dans laquelle cette consignation doit être versée. La consignation est une somme d'argent versée à titre de <LienIntra LienID="R50457" type="Définition de glossaire">provision</LienIntra>  au <LienIntra LienID="R12700" type="Définition de glossaire">greffe</LienIntra> du tribunal. Cette somme d'argent est une avance de frais destinée à couvrir les frais d'expertise.</Paragraphe>
<Paragraphe>C'est la partie qui a demandé l'expertise qui doit verser la consignation. Si plusieurs parties doivent consigner, le juge indique la part de chacune.</Paragraphe>
<Paragraphe>Vous devez payer la consignation  dans les délais fixés par le juge. L'expert ne commencera sa mission qu'une fois averti par le greffe du paiement de la consignation.</Paragraphe>
<Paragraphe>Si la consignation n'est pas versée, la désignation de l'expert sera annulée et l'expertise n'aura pas lieu. Toutefois vous pouvez demander au juge de revenir sur cette annulation si vous faites valoir un motif légitime.</Paragraphe>
<Paragraphe>Tout au long de sa mission d'expertise, l'expert pourra demander le paiement d'une consignation complémentaire s'il estime que la consignation est insuffisante pour couvrir ses honoraires au vu des actes qu'il a effectués ou qu'il doit encore effectuer.</Paragraphe>
<ASavoir>
<Titre>À savoir</Titre><Paragraphe>le bénéficiaire de l'<LienIntra LienID="R1032" type="Définition de glossaire">aide juridictionnelle</LienIntra> ne doit pas payer de consignation.</Paragraphe>
</ASavoir>
</SousChapitre>
<SousChapitre>
<Titre>
<Paragraphe>Délais</Paragraphe>
</Titre><Paragraphe>La décision fixe le délai dans lequel l'expert devra déposer son rapport.</Paragraphe>
<Paragraphe>Il peut également fixer un délai dans lequel l'expert devra déposer un pré-rapport.</Paragraphe>
<Paragraphe>L'expert peut demander au juge de prolonger ce délai en cas de besoin.</Paragraphe>

</SousChapitre>
<SousChapitre>
<Titre>
<Paragraphe>Recours</Paragraphe>
</Titre><Paragraphe>Il est possible de <LienInterne LienPublication="F1384" type="Fiche d'information" audience="Particuliers">faire appel</LienInterne> de l'ordonnance de référé qui ordonne une expertise.</Paragraphe>
<Paragraphe>Cependant il n'est possible de faire appel du jugement qui ordonne ou refuse l'expertise qu'en même temps que la décision qui a tranché le litige sauf à en demander l' autorisation au premier président de la cour d'appel</Paragraphe>

</SousChapitre>
</Chapitre>
<Chapitre>
<Titre>
<Paragraphe>Déroulement de l'expertise</Paragraphe>
</Titre><Paragraphe>Les parties doivent participer aux opérations d'expertise.</Paragraphe>
<Paragraphe>L'expert doit convoquer les parties et leurs avocats à une réunion pour prendre connaissance du dossier et écouter les arguments de chacun. Il réalise les constations en leur présence.</Paragraphe>
<Paragraphe>L'absence de convocation des parties par l'expert peut entraîner la nullité de l'expertise.</Paragraphe>
<Paragraphe>Le greffe transmet le dossier de procédure à l'expert qui peut se faire communiquer également tous les documents qu'il juge utiles par les parties. Si ces dernières ne communiquent pas ces pièces, il peut demander au juge d'en ordonner la production.</Paragraphe>
<Paragraphe>L'expert fixe un délai aux parties pour qu'elles lui communiquent leurs observations par écrit. Il n'est pas tenu de prendre en compte les observations faites passé ce délai.</Paragraphe>
<Paragraphe>L'expertise se déroule dans le respect du <LienIntra LienID="R45502" type="Définition de glossaire">contradictoire</LienIntra>. Si une partie fait état de pièces ou d'observations à l'expert, celles-ci doivent être impérativement communiquées à l'ensemble des parties. De même l'expert doit communiquer les documents sur lesquels il va fonder son expertise.</Paragraphe>
<Paragraphe>L'expert peut demander au juge la désignation d'un autre expert ou de techniciens s'il le juge utile. Il peut également demander au juge de modifier sa mission.</Paragraphe>
<Paragraphe>Il peut entendre des tiers si besoin.</Paragraphe>
<Paragraphe>L'expert doit informer le juge de ses opérations et de ses avancées.</Paragraphe>
<ASavoir>
<Titre>À savoir</Titre><Paragraphe>le juge peut assister aux opérations d'expertise. Il établit alors un procès-verbal des constatations et des explications des parties</Paragraphe>
</ASavoir>
</Chapitre>
<Chapitre>
<Titre>
<Paragraphe>Coût</Paragraphe>
</Titre><Paragraphe>Avec le dépôt du rapport, l'expert joint sa demande de rémunération qu'il doit communiquer également à toutes les parties.</Paragraphe>
<Paragraphe>Les parties ont 15 jours pour donner leurs observations écrites à ce sujet.</Paragraphe>
<Paragraphe>Passé ce délai, le juge fixe la rémunération de l'expert en fonction des actes accomplis, du respect des délais et du travail fourni.</Paragraphe>
<Paragraphe>Il autorise l'expert à se faire remettre le montant de la consignation à hauteur de sa rémunération. Il ordonne éventuellement le versement de sommes complémentaires ou le remboursement du trop-perçu.</Paragraphe>
<Paragraphe>Le jugement qui  tranche le litige détermine la partie qui doit payer définitivement les frais d'expert. Ceux-ci sont compris dans les dépens, c'est-à-dire dans les frais liées à la procédure en justice.</Paragraphe>
<ASavoir>
<Titre>À savoir</Titre><Paragraphe>certaines protections juridiques fournies par les assureurs peuvent couvrir les frais d'expertise.</Paragraphe>
</ASavoir>
</Chapitre>
<Chapitre>
<Titre>
<Paragraphe>Effets de l'expertise</Paragraphe>
</Titre><Paragraphe>Lorsque l'expert a fini sa mission, il établit un pré-rapport pour permettre aux parties d'adresser des  dires). Les parties doivent respecter le délai fixé par l'expert pour faire leurs observations sur ce pré-rapport. Après avoir tenu compte de ces dires, il établit un rapport définitif. Lorsque l'expert a fini sa mission il établit son rapport. Ce rapport est communiqué à toutes les parties.</Paragraphe>
<Paragraphe>Les parties peuvent demander une contre-expertise.</Paragraphe>
<Paragraphe>Le juge peut demander à l'expert d'exposer verbalement son avis à l'audience.</Paragraphe>
<Paragraphe>Le rapport d'expertise n'est qu'un élément du dossier, le juge n'est pas lié par les conclusions de l'expert.</Paragraphe>

</Chapitre>
</Texte><VoirAussi important="non">
<Fiche ID="F2161" audience="Particuliers">
<Titre>Expert judiciaire</Titre>
<Theme ID="N19807">
<Titre>Justice</Titre>
</Theme>
</Fiche>
<Fiche ID="F20851" audience="Particuliers">
<Titre>Saisir le tribunal judiciaire (fusion tribunal d'instance/grande instance)</Titre>
<Theme ID="N19807">
<Titre>Justice</Titre>
</Theme>
</Fiche>
<Fiche ID="F1780" audience="Particuliers">
<Titre>Exécution d'une décision du juge civil</Titre>
<Theme ID="N19807">
<Titre>Justice</Titre>
</Theme>
</Fiche>
<Fiche ID="F2158" audience="Particuliers">
<Titre>Huissier de justice</Titre>
<Theme ID="N19807">
<Titre>Justice</Titre>
</Theme>
</Fiche>
</VoirAussi>

<Reference type="Texte de référence" URL="http://www.legifrance.gouv.fr/affichCode.do?idSectionTA=LEGISCTA000006165192&amp;cidTexte=LEGITEXT000006070716" ID="R37249">
<Titre>Code de procédure civile : articles 263 à 284-1</Titre>
<Complement>Expertise : décision, opérations, avis, etc.</Complement>
</Reference>
<Definition ID="R12700">
<Titre>Greffe</Titre>
<Texte>
				<Paragraphe>Service d'un tribunal composé de fonctionnaires  qui assistent les magistrats dans leur mission</Paragraphe>
			</Texte>
</Definition>
<Definition ID="R45502">
<Titre>Débat contradictoire</Titre>
<Texte>
				<Paragraphe>Débat où chaque partie est en mesure d'exposer son point de vue et de discuter des preuves, faits, arguments liés à l'affaire concernée</Paragraphe>
			</Texte>
</Definition>
<Definition ID="R1032">
<Titre>Aide juridictionnelle</Titre>
<Texte>
				<Paragraphe>Aide financière qui permet aux personnes sans ressources ou ayant des revenus modestes d’obtenir la prise en charge de tout ou partie des frais d’un procès (avocat, huissier...)</Paragraphe>
			</Texte>
</Definition>
<Definition ID="R50457">
<Titre>Provision</Titre>
<Texte>
				<Paragraphe>Somme versée en avance en attendant le règlement global</Paragraphe>
			</Texte>
</Definition>
<Definition ID="R12538">
<Titre>Assignation</Titre>
<Texte>
				<Paragraphe>Acte d'huissier de justice informant une personne qu'un procès est engagé contre elle et la convoquant devant une juridiction</Paragraphe>
			</Texte>
</Definition>
<QuestionReponse ID="F1800" audience="Particuliers">Quels sont les modes de preuve dans un procès civil ?</QuestionReponse>
<QuestionReponse ID="F1378" audience="Particuliers">Procès civil : comment agir rapidement devant le tribunal ?</QuestionReponse>
</Publication>
