<?xml version="1.0" encoding="UTF-8"?><Publication xmlns:dc="http://purl.org/dc/elements/1.1/" xmlns:xsi="http://www.w3.org/2001/XMLSchema-instance" ID="F35351" type="Fiche Question-réponse" xsi:noNamespaceSchemaLocation="../Schemas/3.0/Publication.xsd">
<dc:title>Non-respect du port du masque : quelles sont les règles ?</dc:title>
<dc:creator>Direction de l'information légale et administrative</dc:creator>
<dc:subject>Justice</dc:subject>
<dc:description>Depuis le 1^er septembre 2020, l'obligation de porter le masque dans les lieux publics clos s'étend aux bureaux non individuels. Si vous êtes handicapé, vous pouvez être autorisé à ne pas porter le masque pour des motifs médicaux. Le non-respect de l'obligation de porter le masque est puni d'une amende de 135 €. Le préfet et le maire peuvent aussi imposer le port du masque dans les lieux publics situés à l'extérieur (rue, marché, zone touristique, centre-ville, ...).</dc:description>
<dc:publisher>Direction de l'information légale et administrative</dc:publisher>
<dc:contributor>Direction de l'information légale et administrative (Premier ministre)</dc:contributor>
<dc:date>modified 2020-10-21</dc:date>
<dc:type>Question-réponse</dc:type>
<dc:format>text/xml</dc:format>
<dc:identifier>F35351</dc:identifier>
<dc:source>https://www.legifrance.gouv.fr/jorf/id/JORFTEXT000042430554</dc:source>
<dc:language>Fr</dc:language>
<dc:relation>isPartOf N275</dc:relation>
<dc:coverage>France entière</dc:coverage>
<dc:rights>https://www.service-public.fr/a-propos/mentions-legales</dc:rights>
<SurTitre>Question-réponse</SurTitre>
<Audience>Particuliers</Audience>
<Canal>www.service-public.fr</Canal>
<FilDAriane>
<Niveau ID="Particuliers">Accueil particuliers</Niveau>
<Niveau ID="N19807">Justice</Niveau>
<Niveau ID="N275">Condamnations et peines</Niveau>
<Niveau ID="F35351" type="Fiche Question-réponse">Non-respect du port du masque : quelles sont les règles ?</Niveau>
</FilDAriane>
<Theme ID="N19807">
<Titre>Justice</Titre>
</Theme>
<SousThemePere ID="N20334">Sanctions pénales</SousThemePere><DossierPere ID="N275">
<Titre>Condamnations et peines</Titre><SousDossier ID="N275-1">
<Titre>Peines principales et complémentaires</Titre>
<Fiche ID="F32803">Amendes</Fiche>
<Fiche ID="F14148">Prison ferme</Fiche>
<Fiche ID="F1406">Peines complémentaires</Fiche>
<Fiche ID="F1407">Travail d'intérêt général (TIG)</Fiche>
<Fiche ID="F32312">Contrainte pénale</Fiche>
</SousDossier>
<SousDossier ID="N275-2">
<Titre>Exécution des condamnations</Titre>
<Fiche ID="F1779">Décision du juge pénal</Fiche>
<Fiche ID="F1531">Application du sursis</Fiche>
</SousDossier>
<SousDossier ID="N275-3">
<Titre>Suivi des anciens détenus</Titre>
<Fiche ID="F1278">Surveillance de sûreté</Fiche>
<Fiche ID="F18535">Rétention de sûreté</Fiche>
<Fiche ID="F32562">Libération conditionnelle</Fiche>
<Fiche ID="F34150">Libération sous contrainte</Fiche>
</SousDossier>
<SousDossier ID="N275-4">
<Titre>Casier judiciaire</Titre>
<Fiche ID="F14710">Contenu du casier</Fiche>
<Fiche ID="F1420">Demande de bulletin numéro 3</Fiche>
</SousDossier>
</DossierPere>

<Introduction>
<Texte><Paragraphe>  Depuis le 1<Exposant>er</Exposant> septembre 2020, l'obligation de porter le masque dans les lieux publics clos s'étend aux bureaux non individuels. Si vous êtes handicapé, vous pouvez être autorisé à ne pas porter le masque  pour des motifs médicaux. Le non-respect de l'obligation de porter  le masque  est  puni d'une amende de <Valeur>135 €</Valeur>. Le préfet  et le maire peuvent aussi imposer  le  port du masque dans les lieux publics situés à l'extérieur (rue, marché, zone touristique, centre-ville, ...).</Paragraphe>
</Texte>
</Introduction>
<Texte><Chapitre>
<Titre>
<Paragraphe>De quoi s'agit-il ?</Paragraphe>
</Titre><Paragraphe>Le port du masque est obligatoire dans les lieux publics clos depuis le 20 juillet 2020. Cette obligation concerne les personnes âgées de 11 ans et plus.</Paragraphe>
<Paragraphe>Depuis le 1<Exposant>er</Exposant> septembre 2020, le port du masque est obligatoire dans les bureaux où il y a plus d'un travailleur. Il est également obligatoire dans les espaces de circulation du lieu de travail.</Paragraphe>
<Paragraphe>Le  masque à porter est un masque grand public, qui peut être chirurgical ou en tissu.</Paragraphe>
<Paragraphe>Si vous êtes handicapé, vous pouvez être autorisé à vous rendre dans les lieux publics clos sans masque  si  vous remplissez les 2 conditions suivantes :</Paragraphe>
<Liste type="puce">
<Item>
<Paragraphe>Vous avez sur vous un certificat médical qui confirme votre  handicap et l'impossibilité de porter le masque</Paragraphe>
</Item>
<Item>
<Paragraphe>Vous prenez  toutes les précautions sanitaires possibles (par exemple : port, si possible, d'une visière, respect des autres gestes barrières, à savoir rester à plus d'un mètre de l'autre, ne pas toucher son visage et les yeux, se laver très souvent les mains, saluer sans toucher les personnes, tousser ou éternuer dans son coude, utiliser un mouchoir en papier et le jeter)</Paragraphe>
</Item>
</Liste>

</Chapitre>
<Chapitre>
<Titre>
<Paragraphe>Lieux publics concernés</Paragraphe>
</Titre><BlocCas affichage="onglet"><Cas>
<Titre>
<Paragraphe>Depuis le 1er septembre 2020</Paragraphe>
</Titre><Paragraphe>Le port du masque grand public est obligatoire dans les établissements suivants    :</Paragraphe>
<Liste type="puce">
<Item>
<Paragraphe>Salles d'auditions, de conférences, de réunions, de spectacles ou à usage multiple, y compris les salles de spectacle et les cinémas</Paragraphe>
</Item>
<Item>
<Paragraphe>Restaurants et débits de boissons</Paragraphe>
</Item>
<Item>
<Paragraphe>Hôtels et pensions de famille</Paragraphe>
</Item>
<Item>
<Paragraphe>Salles de jeux</Paragraphe>
</Item>
<Item>
<Paragraphe>Établissements d'éveil, d'enseignement, de formation, centres de vacances, centres de loisirs sans hébergement</Paragraphe>
</Item>
<Item>
<Paragraphe>Bibliothèques, centres de documentation</Paragraphe>
</Item>
<Item>
<Paragraphe>Établissements de culte</Paragraphe>
</Item>
<Item>
<Paragraphe>Établissements sportifs couverts</Paragraphe>
</Item>
<Item>
<Paragraphe>Musées</Paragraphe>
</Item>
<Item>
<Paragraphe>Établissements de plein air</Paragraphe>
</Item>
<Item>
<Paragraphe>Chapiteaux, tentes et structures</Paragraphe>
</Item>
<Item>
<Paragraphe>Hôtels-restaurants d'altitude</Paragraphe>
</Item>
<Item>
<Paragraphe>Magasins de vente, centres commerciaux</Paragraphe>
</Item>
<Item>
<Paragraphe>Administrations et banques</Paragraphe>
</Item>
<Item>
<Paragraphe>Marchés couverts.</Paragraphe>
</Item>
</Liste>
<Paragraphe>De plus, le préfet de département et le maire peuvent imposer le port du masque en extérieur dans les zones de circulation active du virus. Par exemple, dans la rue, au marché, dans le parc. Pour connaître la situation dans votre zone, renseignez-vous auprès de votre mairie ou de votre préfecture.</Paragraphe>
<OuSAdresser ID="R1" type="Local personnalisé sur SP">
<Titre>Mairie</Titre>
<PivotLocal>mairie</PivotLocal>
<RessourceWeb URL="https://lannuaire.service-public.fr/"/>
</OuSAdresser>
<OuSAdresser ID="R2" type="Local personnalisé sur SP">
<Titre>Préfecture</Titre>
<PivotLocal>prefecture</PivotLocal>
<RessourceWeb URL="http://www.interieur.gouv.fr/Le-ministere/Prefectures"/>
<Source ID="R30603">Ministère chargé de l'intérieur</Source>
</OuSAdresser>
<OuSAdresser ID="R14146" type="Local personnalisé sur SP">
<Titre>Préfecture de police de Paris</Titre>
<PivotLocal>paris_ppp</PivotLocal>
<RessourceWeb URL="https://www.prefecturedepolice.interieur.gouv.fr/"/>
</OuSAdresser>

</Cas>
<Cas>
<Titre>
<Paragraphe>Entre le 20 juillet 2020 et le 31 août 2020</Paragraphe>
</Titre><Paragraphe>Le port du masque grand public est obligatoire depuis le 20 juillet 2020 dans les établissements suivants  :</Paragraphe>
<Liste type="puce">
<Item>
<Paragraphe>Salles d'auditions, de conférences, de réunions, de spectacles ou à usage multiple, y compris les salles de spectacle et les cinémas</Paragraphe>
</Item>
<Item>
<Paragraphe>Restaurants et débits de boissons</Paragraphe>
</Item>
<Item>
<Paragraphe>Hôtels et pensions de famille</Paragraphe>
</Item>
<Item>
<Paragraphe>Salles de jeux</Paragraphe>
</Item>
<Item>
<Paragraphe>Établissements d'éveil, d'enseignement, de formation, centres de vacances, centres de loisirs sans hébergement</Paragraphe>
</Item>
<Item>
<Paragraphe>Bibliothèques, centres de documentation</Paragraphe>
</Item>
<Item>
<Paragraphe>Établissements de culte</Paragraphe>
</Item>
<Item>
<Paragraphe>Établissements sportifs couverts</Paragraphe>
</Item>
<Item>
<Paragraphe>Musées</Paragraphe>
</Item>
<Item>
<Paragraphe>Établissements de plein air</Paragraphe>
</Item>
<Item>
<Paragraphe>Chapiteaux, tentes et structures</Paragraphe>
</Item>
<Item>
<Paragraphe>Hôtels-restaurants d'altitude</Paragraphe>
</Item>
<Item>
<Paragraphe>Magasins de vente, centres commerciaux</Paragraphe>
</Item>
<Item>
<Paragraphe>Administrations et banques</Paragraphe>
</Item>
<Item>
<Paragraphe>Marchés couverts.</Paragraphe>
</Item>
</Liste>

</Cas>
<Cas>
<Titre>
<Paragraphe>Avant le 20 juillet 2020</Paragraphe>
</Titre><Paragraphe>Le port du masque grand public est obligatoire avant  le 20 juillet 2020 dans les établissements suivants :</Paragraphe>
<Liste type="puce">
<Item>
<Paragraphe>Salles d'auditions, de conférences, de réunions, de spectacles ou à usage multiple, y compris les salles de spectacle et les cinémas</Paragraphe>
</Item>
<Item>
<Paragraphe>Restaurants et débits de boissons</Paragraphe>
</Item>
<Item>
<Paragraphe>Hôtels et pensions de famille</Paragraphe>
</Item>
<Item>
<Paragraphe>Salles de jeux</Paragraphe>
</Item>
<Item>
<Paragraphe>Établissements d'éveil, d'enseignement, de formation, centres de vacances, centres de loisirs sans hébergement</Paragraphe>
</Item>
<Item>
<Paragraphe>Bibliothèques, centres de documentation</Paragraphe>
</Item>
<Item>
<Paragraphe>Établissements de culte</Paragraphe>
</Item>
<Item>
<Paragraphe>Établissements sportifs couverts</Paragraphe>
</Item>
<Item>
<Paragraphe>Musées</Paragraphe>
</Item>
<Item>
<Paragraphe>Établissements de plein air</Paragraphe>
</Item>
<Item>
<Paragraphe>Chapiteaux, tentes et structures</Paragraphe>
</Item>
<Item>
<Paragraphe>Hôtels-restaurants d'altitude</Paragraphe>
</Item>
</Liste>

</Cas>
</BlocCas>

</Chapitre>
<Chapitre>
<Titre>
<Paragraphe>Sanctions applicables</Paragraphe>
</Titre><Paragraphe>Le fait de se rendre dans les lieux publics clos sans porter de masque   constitue  une  <LienIntra LienID="R52311" type="Définition de glossaire">contravention</LienIntra> de 4<Exposant>ème</Exposant> classe. Cette infraction  est punie par  une amende de <Valeur>135 €</Valeur>.</Paragraphe>
<Paragraphe>Les informations concernant le mode de paiement de l'amende sont indiquées sur l'avis de contravention.</Paragraphe>

</Chapitre>
</Texte><OuSAdresser ID="R56979" type="Local">
<Titre>Coronavirus (Covid-19) : contacts pour informations, urgence-sécurité et écoute</Titre>
<RessourceWeb URL="https://www.gouvernement.fr/info-coronavirus?fbclid=IwAR1s87I9ihAmetmPgeUtFlv3tUkveGM9mx62_GP8NAqvvqQhTnuHrefIRRw"/>
</OuSAdresser>
<Reference type="Texte de référence" URL="https://www.legifrance.gouv.fr/jorf/id/JORFTEXT000042430554" ID="R57406">
<Titre>Décret n°2020-1262 du 16 octobre 2020 prescrivant les mesures générales nécessaires pour faire face à l'épidémie de covid-19 dans le cadre de l'état d'urgence sanitaire</Titre>
</Reference>
<PourEnSavoirPlus type="Information pratique" ID="R56977" URL="https://solidarites-sante.gouv.fr/soins-et-maladies/maladies/maladies-infectieuses/coronavirus/tout-savoir-sur-la-covid-19/article/port-du-masque-grand-public-obligatoire-en-lieux-clos-faq" audience="Particuliers">
<Titre>Port du masque obligatoire en lieux clos - Foire aux questions</Titre>
<Source ID="R30662">Ministère des solidarités et de la santé</Source>
</PourEnSavoirPlus>
<PourEnSavoirPlus type="Information pratique" ID="R56978" URL="https://solidarites-sante.gouv.fr/soins-et-maladies/maladies/maladies-infectieuses/coronavirus/article/sites-internet-de-reference" audience="Particuliers">
<Titre>Sites internet de référence sur le coronavirus (Covid-19)</Titre>
<Source ID="R30662">Ministère des solidarités et de la santé</Source>
</PourEnSavoirPlus>
<Definition ID="R52311">
<Titre>Contravention</Titre>
<Texte>
				<Paragraphe>Infraction de faible gravité, punie d'une peine d'amende</Paragraphe>
			</Texte>
</Definition>
</Publication>
