<?xml version="1.0" encoding="UTF-8"?><Publication xmlns:dc="http://purl.org/dc/elements/1.1/" xmlns:xsi="http://www.w3.org/2001/XMLSchema-instance" ID="F35345" type="Fiche Question-réponse" xsi:noNamespaceSchemaLocation="../Schemas/3.0/Publication.xsd">
<dc:title>Est-il interdit de faire des appels de phare ?</dc:title>
<dc:creator>Direction de l'information légale et administrative</dc:creator>
<dc:subject>Transports</dc:subject>
<dc:description>L'appel de phare n'est pas interdit.</dc:description>
<dc:publisher>Direction de l'information légale et administrative</dc:publisher>
<dc:contributor>Direction de l'information légale et administrative (Premier ministre)</dc:contributor>
<dc:date>modified 2020-07-21</dc:date>
<dc:type>Question-réponse</dc:type>
<dc:format>text/xml</dc:format>
<dc:identifier>F35345</dc:identifier>
<dc:source>https://www.legifrance.gouv.fr/affichCode.do?idSectionTA=LEGISCTA000006177132&amp;cidTexte=LEGITEXT000006074228, http://www.legifrance.gouv.fr/affichCode.do?idSectionTA=LEGISCTA000006181730&amp;cidTexte=LEGITEXT000006070719, http://www.legifrance.gouv.fr/affichCode.do?idSectionTA=LEGISCTA000006151009&amp;cidTexte=LEGITEXT000006071154</dc:source>
<dc:language>Fr</dc:language>
<dc:relation>isPartOf N18918</dc:relation>
<dc:coverage>France entière</dc:coverage>
<dc:rights>https://www.service-public.fr/a-propos/mentions-legales</dc:rights>
<SurTitre>Question-réponse</SurTitre>
<Audience>Particuliers</Audience>
<Canal>www.service-public.fr</Canal>
<FilDAriane>
<Niveau ID="Particuliers">Accueil particuliers</Niveau>
<Niveau ID="N19812">Transports</Niveau>
<Niveau ID="N18918">Infractions routières</Niveau>
<Niveau ID="F35345" type="Fiche Question-réponse">Est-il interdit de faire des appels de phare ?</Niveau>
</FilDAriane>
<Theme ID="N19812">
<Titre>Transports</Titre>
</Theme><DossierPere ID="N18918">
<Titre>Infractions routières</Titre><SousDossier ID="N18918-1">
<Titre>Règles de sécurité routière</Titre>
<Fiche ID="F19460">Vitesse</Fiche>
<Fiche ID="F2886">Stupéfiants</Fiche>
<Fiche ID="F2881">Alcoolémie</Fiche>
</SousDossier>
<SousDossier ID="N18918-2">
<Titre>Équipements obligatoires</Titre>
<Fiche ID="F19459">Voiture</Fiche>
<Fiche ID="F34168">Moto, scooter, 3 roues à moteur, etc.</Fiche>
<Fiche ID="F34169">Vélo</Fiche>
</SousDossier>
<SousDossier ID="N18918-3">
<Titre>Amendes</Titre>
<Fiche ID="F34207">Interpellation (après interception du véhicule)</Fiche>
<Fiche ID="F18509">Contrôle automatisé (radar)</Fiche>
</SousDossier>
<SousDossier ID="N18918-4">
<Titre>Stationnement</Titre>
<Fiche ID="F34212">Stationnement gênant, dangereux, abusif</Fiche>
<Fiche ID="F34440">Stationnement non payé (forfait post-stationnement)</Fiche>
</SousDossier>
<SousDossier ID="N18918-5">
<Titre>Sanctions relatives au permis de conduire</Titre>
<Fiche ID="F1685">Perte et récupération de points</Fiche>
<Fiche ID="F14208">Stage de récupération des points du permis de conduire</Fiche>
<Fiche ID="F1704">Invalidation</Fiche>
<Fiche ID="F1040">Rétention</Fiche>
<Fiche ID="F14836">Suspension administrative</Fiche>
<Fiche ID="F21761">Suspension judiciaire</Fiche>
<Fiche ID="F21774">Annulation judiciaire</Fiche>
</SousDossier>
<SousDossier ID="N18918-6">
<Titre>Sanctions relatives au véhicule</Titre>
<Fiche ID="F12914">Immobilisation d'un véhicule</Fiche>
<Fiche ID="F21887">Confiscation du véhicule</Fiche>
<Fiche ID="F12918">Mise en fourrière d'un véhicule</Fiche>
</SousDossier>
</DossierPere>

<Texte><Paragraphe>L'appel de phare consiste à allumer par intermittence les feux de croisement ou les feux de route.</Paragraphe>
<Paragraphe>L'appel de phare n'est pas interdit.</Paragraphe>
<Paragraphe>De nuit, l'appel de phare sert à avertir les autres usagers de la route d'un danger immédiat. En effet, <LienInterne LienPublication="F35343" type="Fiche Question-réponse" audience="Particuliers">le klaxon est interdit de nuit sauf en cas d'absolue nécessité</LienInterne>.</Paragraphe>

</Texte><VoirAussi important="oui">
<Fiche ID="F35343" audience="Particuliers">
<Titre>Est-il interdit de klaxonner en voiture ?</Titre>
<Theme ID="N19812">
<Titre>Transports</Titre>
</Theme>
</Fiche>
</VoirAussi>
<Reference type="Texte de référence" URL="https://www.legifrance.gouv.fr/affichCode.do?idSectionTA=LEGISCTA000006177132&amp;cidTexte=LEGITEXT000006074228" ID="R56847">
<Titre>Code de la route : articles R416-1 à R416-3</Titre>
<Complement>Emploi du klaxon et des appels de phare</Complement>
</Reference>
<Reference type="Texte de référence" URL="http://www.legifrance.gouv.fr/affichCode.do?idSectionTA=LEGISCTA000006181730&amp;cidTexte=LEGITEXT000006070719" ID="R13015">
<Titre>Code pénal : articles 131-12 à 131-18</Titre>
<Complement>Montants des amendes</Complement>
</Reference>
<Reference type="Texte de référence" URL="http://www.legifrance.gouv.fr/affichCode.do?idSectionTA=LEGISCTA000006151009&amp;cidTexte=LEGITEXT000006071154" ID="R32406">
<Titre>Code de procédure pénale : article R48-1 à R49-8</Titre>
<Complement>Amendes forfaitaires</Complement>
</Reference>
<QuestionReponse ID="F35343" audience="Particuliers">Est-il interdit de klaxonner en voiture ?</QuestionReponse>
</Publication>
