<?xml version="1.0" encoding="UTF-8"?><Publication xmlns:dc="http://purl.org/dc/elements/1.1/" xmlns:xsi="http://www.w3.org/2001/XMLSchema-instance" ID="F410" type="Fiche Question-réponse" xsi:noNamespaceSchemaLocation="../Schemas/3.0/Publication.xsd">
<dc:title>Impôt sur le revenu : l'allocation chômage ou de préretraite est-elle imposée ?</dc:title>
<dc:creator>Direction de l'information légale et administrative</dc:creator>
<dc:subject>Argent</dc:subject>
<dc:description>Les allocations chômage (total ou partiel) ainsi que celles perçues en cas de préretraite sont imposables sur le revenu.</dc:description>
<dc:publisher>Direction de l'information légale et administrative</dc:publisher>
<dc:contributor>Direction de l'information légale et administrative (Premier ministre)</dc:contributor>
<dc:date>modified 2020-07-06</dc:date>
<dc:type>Question-réponse</dc:type>
<dc:format>text/xml</dc:format>
<dc:identifier>F410</dc:identifier>
<dc:source>http://legifrance.gouv.fr/affichCode.do?idSectionTA=LEGISCTA000006197199&amp;cidTexte=LEGITEXT000006069577, http://www.legifrance.gouv.fr/affichCode.do?idSectionTA=LEGISCTA000006191588&amp;cidTexte=LEGITEXT000006069577, http://bofip.impots.gouv.fr/bofip/5599-PGP</dc:source>
<dc:language>Fr</dc:language>
<dc:relation>isPartOf N247</dc:relation>
<dc:coverage>France entière</dc:coverage>
<dc:rights>https://www.service-public.fr/a-propos/mentions-legales</dc:rights>
<SurTitre>Question-réponse</SurTitre>
<Audience>Particuliers</Audience>
<Canal>www.service-public.fr</Canal>
<FilDAriane>
<Niveau ID="Particuliers">Accueil particuliers</Niveau>
<Niveau ID="N19803">Argent</Niveau>
<Niveau ID="N247">Impôt sur le revenu : déclaration et revenus à déclarer</Niveau>
<Niveau ID="F410" type="Fiche Question-réponse">Impôt sur le revenu : l'allocation chômage ou de préretraite est-elle imposée ?</Niveau>
</FilDAriane>
<Theme ID="N19803">
<Titre>Argent</Titre>
</Theme>
<SousThemePere ID="N20073">Impôts, taxes et douane</SousThemePere><DossierPere ID="N247">
<Titre>Impôt sur le revenu : déclaration et revenus à déclarer</Titre><SousDossier ID="N247-1">
<Titre>Déclaration de revenus : mode d'emploi</Titre>
<Fiche ID="F369">Première déclaration</Fiche>
<Fiche ID="F358">Déclaration annuelle</Fiche>
<Fiche ID="F388">Changement de situation</Fiche>
</SousDossier>
<SousDossier ID="N247-2">
<Titre>Quotient familial selon les personnes à charge</Titre>
<Fiche ID="F2633">Enfants mineurs</Fiche>
<Fiche ID="F3085">Enfants majeurs</Fiche>
<Fiche ID="F35120">Parent isolé avec au moins 1 enfant</Fiche>
<Fiche ID="F2661">Enfants handicapés</Fiche>
<Fiche ID="F387">Personnes invalides</Fiche>
</SousDossier>
<SousDossier ID="N247-3">
<Titre>Quotient familial selon la situation personnelle</Titre>
<Fiche ID="F2702">Personne seule</Fiche>
<Fiche ID="F34088">Personne vivant en concubinage</Fiche>
<Fiche ID="F2705">Couple marié ou pacsé</Fiche>
<Fiche ID="F35127">Personne veuve</Fiche>
</SousDossier>
<SousDossier ID="N247-4">
<Titre>Salaires et éléments du salaire</Titre>
<Fiche ID="F1225">Revenus d'activité salariée</Fiche>
<Fiche ID="F1226">Avantages en nature</Fiche>
<Fiche ID="F1989">Frais professionnels : déduction forfaitaire ou frais réels</Fiche>
<Fiche ID="F408">Indemnités de fin de contrat</Fiche>
<Fiche ID="F1228">Sommes perçues par les jeunes</Fiche>
</SousDossier>
<SousDossier ID="N247-5">
<Titre>Pensions, retraites et rentes imposables</Titre>
<Fiche ID="F415">Pensions de retraite</Fiche>
<Fiche ID="F3169">Pensions d'invalidité</Fiche>
<Fiche ID="F3170">Pensions alimentaires</Fiche>
</SousDossier>
<SousDossier ID="N247-6">
<Titre>Revenus fonciers et mobiliers</Titre>
<Fiche ID="F2613">Revenus mobiliers</Fiche>
<Fiche ID="F21618">Plus-values sur valeurs mobilières</Fiche>
<Fiche ID="F10864">Plus-values immobilières</Fiche>
<Fiche ID="F1991">Revenus fonciers de location vide</Fiche>
<Fiche ID="F32744">Revenus d'une location meublée</Fiche>
</SousDossier>
</DossierPere>

<Texte><Paragraphe>
		
			
      Oui, l'allocation perçue en cas de chômage (qu'il soit total ou partiel) est imposable sur le revenu. Celle perçue en cas de préretraite est également imposable.</Paragraphe>

				<Paragraphe>La période de déclaration 2020 des revenus est terminée. La déclaration 2021 des revenus de l'année 2020 aura lieu en avril 2021.</Paragraphe>
			

</Texte><VoirAussi important="non">
<Dossier ID="N247" audience="Particuliers">
<Titre>Impôt sur le revenu : déclaration et revenus à déclarer</Titre>
<Theme ID="N19803">
<Titre>Argent</Titre>
</Theme>
</Dossier>
<Dossier ID="N19785" audience="Particuliers">
<Titre>Impôt sur le revenu : déductions, réductions et crédits d'impôt</Titre>
<Theme ID="N19803">
<Titre>Argent</Titre>
</Theme>
</Dossier>
<Fiche ID="F358" audience="Particuliers">
<Titre>Impôt sur le revenu : déclaration de revenus annuelle</Titre>
<Theme ID="N19803">
<Titre>Argent</Titre>
</Theme>
</Fiche>
</VoirAussi>
<OuSAdresser ID="R20684" type="Centre de contact">
<Titre>Service d'information des impôts</Titre>
<Complement>Pour des informations générales</Complement>
<Source ID="R30612">Ministère chargé des finances</Source><Texte>
						<Chapitre>
<Titre>
<Paragraphe>Vous êtes un particulier</Paragraphe>
</Titre>
								<Paragraphe>Par téléphone :</Paragraphe>
								<Paragraphe>
<MiseEnEvidence>0809 401 401</MiseEnEvidence>
</Paragraphe>
								<Paragraphe>Du lundi au vendredi de 8h30 à 19h, hors jours fériés.</Paragraphe>
								<Paragraphe>Service gratuit + prix appel</Paragraphe>
							</Chapitre>
						<Chapitre>
<Titre>
<Paragraphe>Vous êtes un professionnel</Paragraphe>
</Titre>
								<Paragraphe>Par téléphone :</Paragraphe>
								<Paragraphe>
<MiseEnEvidence>0 806 000 225</MiseEnEvidence>
</Paragraphe>
								<Paragraphe>Du lundi au vendredi de 8h30 à 19h, hors jours fériés.</Paragraphe>
								<Paragraphe>Service gratuit + prix appel</Paragraphe>
							</Chapitre>
					</Texte>
</OuSAdresser>
<OuSAdresser ID="R15019" type="Local personnalisable">
<Titre>Service en charge des impôts (trésorerie, service des impôts...)</Titre>
<Complement>Pour joindre le service local gestionnaire de votre dossier</Complement>
<PivotLocal>centre_impots</PivotLocal>
<RessourceWeb URL="https://www.impots.gouv.fr/portail/contacts"/>
<Source ID="R30612">Ministère chargé des finances</Source>
</OuSAdresser>
<Reference type="Texte de référence" URL="http://legifrance.gouv.fr/affichCode.do?idSectionTA=LEGISCTA000006197199&amp;cidTexte=LEGITEXT000006069577" ID="R31940">
<Titre>Code général des impôts : articles 79 à 81 ter</Titre>
<Complement>Revenus imposables (article 79)</Complement>
</Reference>
<Reference type="Texte de référence" URL="http://www.legifrance.gouv.fr/affichCode.do?idSectionTA=LEGISCTA000006191588&amp;cidTexte=LEGITEXT000006069577" ID="R31745">
<Titre>Code général des impôts : articles 156 à 163 quinquies C bis</Titre>
<Complement>Imposition du revenu de remplacement versé en cas de chômage (article 158)</Complement>
</Reference>
<Reference type="Texte de référence" URL="http://bofip.impots.gouv.fr/bofip/5599-PGP" ID="R2591">
<Titre>Bofip-Impôts n°BOI-RSA-CHAMP-20-20 relatif à l'imposition des indemnités des salariés privés d'emploi et des allocations de préretraite</Titre>
</Reference>
<ServiceEnLigne ID="R3120" URL="https://cfspart.impots.gouv.fr/LoginMDP" type="Téléservice">
<Titre>Impôts : accéder à votre espace Particulier</Titre>
<Source ID="R30612">Ministère chargé des finances</Source>
</ServiceEnLigne>
<ServiceEnLigne ID="R1280" URL="https://cfspart.impots.gouv.fr/LoginMDP" type="Téléservice">
<Titre>Déclaration 2020 en ligne des revenus de 2019</Titre>
<Source ID="R30612">Ministère chargé des finances</Source>
</ServiceEnLigne>
<ServiceEnLigne ID="R1281" URL="https://www.impots.gouv.fr/portail/formulaire/2042/declaration-des-revenus" numerocerfa="10330*24" autrenumero="2042" type="Formulaire">
<Titre>Déclaration 2020 des revenus de 2019 (papier)</Titre>
<Source ID="R30612">Ministère chargé des finances</Source>
</ServiceEnLigne>
<ServiceEnLigne ID="R2740" URL="https://www3.impots.gouv.fr/simulateur/calcul_impot/2020/index.htm" type="Simulateur">
<Titre>Simulateur de calcul pour 2020 : impôt sur les revenus de 2019</Titre>
<Source ID="R30612">Ministère chargé des finances</Source>
</ServiceEnLigne>
<PourEnSavoirPlus type="Information pratique" ID="R41461" URL="https://www.impots.gouv.fr/portail/" audience="Particuliers">
<Titre>Le site des impôts</Titre>
<Source ID="R30612">Ministère chargé des finances</Source>
</PourEnSavoirPlus>
<PourEnSavoirPlus type="Information pratique" ID="R17502" URL="https://www.impots.gouv.fr/portail/www2/fichiers/documentation/brochure/ir_2020/accueil.htm" audience="Particuliers">
<Titre>Brochure pratique 2020 - Déclaration des revenus de 2019</Titre>
<Source ID="R30612">Ministère chargé des finances</Source>
</PourEnSavoirPlus>
<PourEnSavoirPlus type="Information pratique" ID="R32028" URL="https://www.impots.gouv.fr/portail/node/11603" audience="Particuliers">
<Titre>Impôt sur le revenu : dépliants d'information</Titre>
<Source ID="R30612">Ministère chargé des finances</Source>
</PourEnSavoirPlus>
<QuestionReponse ID="F357" audience="Particuliers">Impôt sur le revenu : qui est imposable ?</QuestionReponse>
<QuestionReponse ID="F1419" audience="Particuliers">Quel est le barème de l'impôt sur le revenu ?</QuestionReponse>

</Publication>
