<?xml version="1.0" encoding="UTF-8"?><Publication xmlns:dc="http://purl.org/dc/elements/1.1/" xmlns:xsi="http://www.w3.org/2001/XMLSchema-instance" ID="F573" type="Fiche d'information" xsi:noNamespaceSchemaLocation="../Schemas/3.0/Publication.xsd">
<dc:title>Durée du travail dans la fonction publique hospitalière (FPH)</dc:title>
<dc:creator>Direction de l'information légale et administrative</dc:creator>
<dc:subject>Travail</dc:subject>
<dc:description>Sauf exceptions, la durée du travail est fixée à 35 heures par semaine (ou 1 607 heures par an) dans les établissements publics hospitaliers.</dc:description>
<dc:publisher>Direction de l'information légale et administrative</dc:publisher>
<dc:contributor>Direction de l'information légale et administrative (Premier ministre)</dc:contributor>
<dc:date>modified 2019-08-06</dc:date>
<dc:type>Fiche pratique</dc:type>
<dc:format>text/xml</dc:format>
<dc:identifier>F573</dc:identifier>
<dc:source>https://www.legifrance.gouv.fr/affichTexte.do?cidTexte=JORFTEXT000000398298</dc:source>
<dc:language>Fr</dc:language>
<dc:relation>isPartOf N20276</dc:relation>
<dc:coverage>France entière</dc:coverage>
<dc:rights>https://www.service-public.fr/a-propos/mentions-legales</dc:rights>
<SurTitre>Fiche pratique</SurTitre>
<Audience>Particuliers</Audience>
<Canal>www.service-public.fr</Canal>
<FilDAriane>
<Niveau ID="Particuliers">Accueil particuliers</Niveau>
<Niveau ID="N19806">Travail</Niveau>
<Niveau ID="N20276">Temps de travail dans la fonction publique</Niveau>
<Niveau ID="F573" type="Fiche d'information">Durée du travail dans la fonction publique hospitalière (FPH)</Niveau>
</FilDAriane>
<Theme ID="N19806">
<Titre>Travail</Titre>
</Theme>
<SousThemePere ID="N31777">Temps de travail</SousThemePere><DossierPere ID="N20276">
<Titre>Temps de travail dans la fonction publique</Titre><SousDossier ID="N20276-1">
<Titre>Durée du travail</Titre>
<Fiche ID="F471">Fonction publique d'État (FPE)</Fiche>
<Fiche ID="F571">Fonction publique territoriale (FPT)</Fiche>
<Fiche ID="F573">Fonction publique hospitalière (FPH)</Fiche>
<Fiche ID="F34996">Réduction du temps de travail (RTT)</Fiche>
</SousDossier>
<SousDossier ID="N20276-2">
<Titre>Compte épargne-temps (CET)</Titre>
<Fiche ID="F585">Fonction publique d'État (FPE)</Fiche>
<Fiche ID="F10252">Fonction publique territoriale (FPT)</Fiche>
<Fiche ID="F587">Fonction publique hospitalière (FPH)</Fiche>
</SousDossier>
<SousDossier ID="N20276-3">
<Titre>Travail à temps partiel</Titre>
<Fiche ID="F486">Pour un fonctionnaire</Fiche>
<Fiche ID="F18029">Pour un agent contractuel</Fiche>
</SousDossier>
<SousDossier ID="N20276-4">
<Titre>Astreintes et permanences</Titre>
<Fiche ID="F589">Astreintes</Fiche>
<Fiche ID="F21423">Permanences</Fiche>
</SousDossier>
<SousDossier ID="N20276-5">
<Titre>Heures supplémentaires</Titre>
<Fiche ID="F593">Fonction publique d'État (FPE)</Fiche>
<Fiche ID="F32390">Fonction publique territoriale (FPT)</Fiche>
<Fiche ID="F595">Fonction publique hospitalière (FPH)</Fiche>
</SousDossier>
</DossierPere>

<SousDossierPere>Durée du travail</SousDossierPere>
<Introduction>
<Texte><Paragraphe>La durée du travail dans la fonction publique hospitalière est fixée à 35 heures par semaine ou 1 607 heures par an,  sauf pour certaines catégories de personnels. Le temps de  travail ne peut pas dépasser certaines durées journalières et hebdomadaires. Le travail est organisé en <Expression>cycles de travail</Expression> définis par service ou par fonctions.</Paragraphe>
</Texte>
</Introduction>
<Texte><Chapitre>
<Titre>
<Paragraphe>Durée légale</Paragraphe>
</Titre><BlocCas affichage="onglet"><Cas>
<Titre>
<Paragraphe>Cas général</Paragraphe>
</Titre><Paragraphe>La durée légale  du <LienIntra LienID="R32095" type="Définition de glossaire">travail effectif</LienIntra> dans un établissement public hospitalier est  de 35 heures par semaine (ou 1 607 heures par an). Lorsqu'un agent effectue plus de 35 heures par semaine, il peut bénéficier, en compensation, de jours supplémentaires de repos pour réduction du temps de travail (<LienInterne LienPublication="F34996" type="Fiche d'information" audience="Particuliers">RTT</LienInterne>). Les heures effectuées au-delà de la durée légale, une fois les jours  de RTT accordés, s'il y a lieu, constituent des <LienInterne LienPublication="F595" type="Fiche d'information" audience="Particuliers">heures supplémentaires</LienInterne>.</Paragraphe>

</Cas>
<Cas>
<Titre>
<Paragraphe>Agents en repos variable</Paragraphe>
</Titre><Paragraphe>L'agent qui travaille au moins 10 dimanches ou jours fériés par an est dit en <Expression>repos variable</Expression>. Sa durée annuelle de travail effectif est réduite à 1 582 heures. Lorsque l'agent effectue au moins 20 dimanches ou jours fériés par an, il bénéficie de 2 jours de repos compensateurs supplémentaires.</Paragraphe>

</Cas>
<Cas>
<Titre>
<Paragraphe>Travail de nuit</Paragraphe>
</Titre><Paragraphe>La durée annuelle de travail effectif est réduite à 1 476 heures pour l'agent travaillant exclusivement de nuit.</Paragraphe>
<Paragraphe>Est considéré comme travaillant exclusivement de nuit, l'agent qui  effectue au moins <Valeur>90 %</Valeur>  de son temps de travail annuel :</Paragraphe>
<Liste type="puce">
<Item>
<Paragraphe>entre 21h et 6h,</Paragraphe>
</Item>
<Item>
<Paragraphe>ou pendant 9 heures consécutives entre 21h et 7h.</Paragraphe>
</Item>
</Liste>
<Paragraphe>Pour l'agent qui alterne des horaires de jour et de nuit, la durée annuelle de travail effectif est réduite au prorata des périodes de travail de nuit effectuées.</Paragraphe>

</Cas>
<Cas>
<Titre>
<Paragraphe>Servitude d'internat</Paragraphe>
</Titre><Paragraphe>L'agent, qui exerce dans un établissement public hospitalier fonctionnant en internat toute l'année et qui y effectue au moins 10 surveillances nocturnes par trimestre, est considéré en <Expression>servitude d'internat</Expression>.</Paragraphe>
<Paragraphe>Il bénéficie de 5 <LienIntra LienID="R17509" type="Définition de glossaire">jours ouvrés</LienIntra> consécutifs de repos compensateurs supplémentaires par trimestre, sauf pendant le trimestre d'été. Ces jours ne sont pas attribués si l'agent est en congé ou en absence autorisée ou justifiée plus de 3 semaines au cours du trimestre (à l'exception des périodes de formation).</Paragraphe>

</Cas>
</BlocCas>

</Chapitre>
<Chapitre>
<Titre>
<Paragraphe>Durées maximum de travail et repos</Paragraphe>
</Titre><SousChapitre>
<Titre>
<Paragraphe>Durée journalière de travail</Paragraphe>
</Titre><Paragraphe>L'agent bénéficie d'un repos quotidien de 12 heures consécutives minimum.</Paragraphe>
<Paragraphe>En cas de travail continu, la durée quotidienne de travail ne peut pas dépasser :</Paragraphe>
<Liste type="puce">
<Item>
<Paragraphe>9 heures pour les équipes de jour,</Paragraphe>
</Item>
<Item>
<Paragraphe>10 heures pour les équipes de nuit.</Paragraphe>
</Item>
</Liste>
<Paragraphe>Toutefois, si les contraintes de continuité du service l'exigent, le chef d'établissement peut imposer une durée de travail plus longue, après avis du comité technique,  dans la limite de 12 heures par jour maximum.</Paragraphe>
<Paragraphe>En cas de travail discontinu, l'amplitude de la journée de travail ne peut pas dépasser 10 heures 30 et cette durée ne peut pas être fractionnée en plus de 2 vacations de 3 heures minimum. L'agent qui participe à la prise en charge d'usagers à domicile peut se voir appliquer des horaires de travail discontinu. Dans ce cas, le chef d'établissement peut, après avis du <LienInterne LienPublication="F18797" type="Fiche d'information" audience="Particuliers">comité technique d’établissement (CTE)</LienInterne>, déroger à ces  dispositions, sans que l'amplitude de la journée de travail ne puisse dépasser 12 heures.</Paragraphe>
<Paragraphe>Une pause de 20 minutes est accordée lorsque le temps de travail quotidien est supérieur à 6 heures consécutives.</Paragraphe>
<ASavoir>
<Titre>À savoir</Titre><Paragraphe>pour l'agent qui effectue régulièrement ou ponctuellement des transferts de patients, le chef d'établissement peut, après avis du CTE, déroger à la durée quotidienne de travail.</Paragraphe>
</ASavoir>
</SousChapitre>
<SousChapitre>
<Titre>
<Paragraphe>Durée hebdomadaire</Paragraphe>
</Titre><Paragraphe>La durée de travail effectif, heures supplémentaires comprises, ne peut pas dépasser 48 heures par période de  7 jours glissants (c'est à-dire de date à date). L'agent doit bénéficier d'un repos hebdomadaire de 36 heures consécutives minimum.</Paragraphe>
<Paragraphe>Un agent ne peut pas travailler plus de 39 heures hebdomadaires en moyenne (heures supplémentaires non comprises) sur un cycle de travail, ni plus de 44 heures par semaine en cas de cycle irrégulier.</Paragraphe>
<Paragraphe>Le nombre de jours de repos est fixé à 4 jours pour 2 semaines, 2 d'entre eux, au moins, devant être consécutifs, dont un dimanche.</Paragraphe>

</SousChapitre>
</Chapitre>
<Chapitre>
<Titre>
<Paragraphe>Décompte du temps de travail effectif</Paragraphe>
</Titre><Paragraphe>La durée de travail effectif s'entend comme le temps pendant lequel l'agent est à la disposition de l'employeur et doit se conformer à ses directives sans pouvoir vaquer librement à des occupations personnelles.</Paragraphe>
<Paragraphe>Les temps de restauration et de pause sont considérés  comme  temps de travail effectif lorsque l'agent a l'obligation d'être joint à tout moment afin d'intervenir immédiatement pour assurer son service.</Paragraphe>
<Paragraphe>Lorsque le port d'une tenue de travail est obligatoire, le temps d'habillage et de déshabillage est considéré comme temps de travail effectif.</Paragraphe>

</Chapitre>
<Chapitre>
<Titre>
<Paragraphe>Périodes de surveillance nocturne</Paragraphe>
</Titre><Paragraphe>Un régime d'équivalence est mis en place pour les périodes de surveillance de nuit en chambre de veille accomplies entre les heures de coucher et de lever des patients, par les agents relevant</Paragraphe>
<Liste type="puce">
<Item>
<Paragraphe>des corps des infirmiers et des aides-soignants</Paragraphe>
</Item>
<Item>
<Paragraphe>et des corps socio-éducatifs.</Paragraphe>
</Item>
</Liste>
<Paragraphe>Ces périodes  ne peuvent pas dépasser 12 heures et sont prises en compte, comme temps de travail effectif, de la manière suivante :</Paragraphe>
<Liste type="puce">
<Item>
<Paragraphe>3 heures de travail pour les 9 premières heures de présence en chambre de veille,</Paragraphe>
</Item>
<Item>
<Paragraphe>et une ½ heure pour chaque heure au-delà de 9 heures.</Paragraphe>
</Item>
</Liste>
<Paragraphe>En cas d'intervention auprès d'un patient,  le temps d'intervention est pris en compte intégralement   comme  temps de travail effectif. La  durée retenue pour chaque intervention est toujours d'au moins une ½ heure.</Paragraphe>
<Paragraphe>L'agent soumis à ce régime d'équivalence ne peut pas travailler plus de :</Paragraphe>
<Liste type="puce">
<Item>
<Paragraphe>48 heures par semaine en moyenne sur une période de 4 mois consécutifs,</Paragraphe>
</Item>
<Item>
<Paragraphe>et 12 heures par nuit, sur une période de 24 heures. L'agent a droit à un repos d'une durée au moins équivalente au nombre d'heures effectuées au-delà de la 8<Exposant>me</Exposant> heure.</Paragraphe>
</Item>
</Liste>

</Chapitre>
<Chapitre>
<Titre>
<Paragraphe>Organisation</Paragraphe>
</Titre><Paragraphe>L'aménagement et la répartition des horaires de travail sont fixés par le chef d'établissement, après avis du CTE, compte tenu de la nécessité d'assurer la continuité des soins ou de la prise en charge des usagers, les dimanches, les jours fériés et la nuit.</Paragraphe>

<SousChapitre>
<Titre>
<Paragraphe>Cycles de travail</Paragraphe>
</Titre><Paragraphe>Le travail est organisé selon des périodes de référence dénommées <Expression>cycles de travail</Expression> définis par service ou par fonctions.</Paragraphe>
<Paragraphe>Le cycle de travail est une période de référence dont la durée se répète à l'identique d'un cycle à l'autre. Un cycle ne peut pas être inférieure à la semaine civile (du lundi au dimanche), ni supérieure à 12 semaines. Le nombre d'heures de travail effectué au cours des semaines composant le cycle peut être irrégulier. Un agent ne peut pas travailler plus  de 44 heures (heures supplémentaires non comprises) par semaine. Les heures supplémentaires et les repos compensateurs sont décomptés sur la durée totale du cycle. Les repos compensateurs doivent être pris dans le cadre du cycle de travail.</Paragraphe>
<Paragraphe>L'agent en formation au titre du plan de formation accomplit un temps de travail effectif décompté pour la durée de formation réellement effectuée.</Paragraphe>

</SousChapitre>
<SousChapitre>
<Titre>
<Paragraphe>Horaires variables</Paragraphe>
</Titre><Paragraphe>Le travail en horaires variables peut être organisé, sous réserve des <LienIntra LienID="R50296" type="Définition de glossaire">nécessités de service</LienIntra>, dès lors qu'un décompte exact du temps de travail (badgeage) de chaque agent est mis en place.</Paragraphe>
<Paragraphe>L'horaire variable comporte des plages fixes pendant lesquelles la présence de l'agent est obligatoire, et des plages mobiles à l'intérieur desquelles il peut choisir ses heures d'arrivée et de départ.</Paragraphe>
<Paragraphe>Un agent soumis au badgeage en absence autorisée ou justifiée une journée est considéré avoir accompli le 5e de ses obligations hebdomadaires de service moyennes au cours du cycle de travail.</Paragraphe>

</SousChapitre>
<SousChapitre>
<Titre>
<Paragraphe>Tableau de service</Paragraphe>
</Titre><Paragraphe>Un tableau de service précise les horaires de travail de chaque agent pour chaque mois.
		
			Il  est communiqué à chaque agent 15 jours au moins avant son application. Il doit pouvoir être consulté à tout moment.</Paragraphe>
<Paragraphe>Toute modification dans la répartition des heures de travail  doit être, sauf urgence de service, reportée sur le tableau de service 48 heures à l’avance et l'agent doit en être informé immédiatement.</Paragraphe>

</SousChapitre>
</Chapitre>
</Texte><VoirAussi important="non">
<Fiche ID="F34996" audience="Particuliers">
<Titre>Réduction du temps de travail (RTT) dans la fonction publique</Titre>
<Theme ID="N19806">
<Titre>Travail</Titre>
</Theme>
</Fiche>
</VoirAussi>
<Reference type="Texte de référence" URL="https://www.legifrance.gouv.fr/affichTexte.do?cidTexte=JORFTEXT000000398298" ID="R873">
<Titre>Décret n°2002-9 du 4 janvier 2002 relatif au temps de travail et à l'organisation du travail dans la fonction publique hospitalière</Titre>
</Reference>
<Definition ID="R17509">
<Titre>Jour ouvré</Titre>
<Texte>
				<Paragraphe>Jour effectivement travaillé dans une entreprise ou une administration.
		On en compte 5 par semaine.</Paragraphe>
			</Texte>
</Definition>
<Definition ID="R32095">
<Titre>Temps de travail effectif</Titre>
<Texte>
				<Paragraphe>Temps pendant lequel un salarié ou un agent public  est à la disposition de l'employeur ou de l'administration et se conforme à ses directives sans pouvoir vaquer librement à ses occupations personnelles</Paragraphe>
			</Texte><Reference type="Texte de référence" URL="https://www.legifrance.gouv.fr/affichCodeArticle.do?idArticle=LEGIARTI000033020517&amp;cidTexte=LEGITEXT000006072050" ID="R45052">
<Titre>Code du travail : article L3121-1</Titre>
</Reference>
</Definition>
<Definition ID="R50296">
<Titre>Nécessités de service</Titre>
<Texte>
				<Paragraphe>Raisons objectives et particulières, tenant à la continuité du fonctionnement du service, pouvant justifier le refus par l'administration d'un droit ou d'un avantage à un agent public (un temps partiel, un congé, etc.)</Paragraphe>
			</Texte>
</Definition>
<QuestionReponse ID="F2859" audience="Particuliers">Comment la journée de solidarité est-elle accomplie dans la fonction publique ?</QuestionReponse>
</Publication>
