<?xml version="1.0" encoding="UTF-8"?><Publication xmlns:dc="http://purl.org/dc/elements/1.1/" xmlns:xsi="http://www.w3.org/2001/XMLSchema-instance" ID="F598" type="Fiche Question-réponse" xsi:noNamespaceSchemaLocation="../Schemas/3.0/Publication.xsd">
<dc:title>Peut-on inscrire son enfant dans l'école publique d'une autre commune ?</dc:title>
<dc:creator>Direction de l'information légale et administrative</dc:creator>
<dc:subject>Famille</dc:subject>
<dc:description>Vous pouvez demander à inscrire votre enfant dans l'école publique d'une autre commune que celle où vous résidez.</dc:description>
<dc:publisher>Direction de l'information légale et administrative</dc:publisher>
<dc:contributor>Direction de l'information légale et administrative (Premier ministre)</dc:contributor>
<dc:date>modified 2019-08-13</dc:date>
<dc:type>Question-réponse</dc:type>
<dc:format>text/xml</dc:format>
<dc:identifier>F598</dc:identifier>
<dc:source>http://www.legifrance.gouv.fr/affichCode.do?idSectionTA=LEGISCTA000006182379&amp;cidTexte=LEGITEXT000006071191, https://www.legifrance.gouv.fr/affichCode.do?idSectionTA=LEGISCTA000006182474&amp;cidTexte=LEGITEXT000006071191, http://www.legifrance.gouv.fr/affichTexte.do?cidTexte=JORFTEXT000029675486</dc:source>
<dc:language>Fr</dc:language>
<dc:relation>isPartOf N54</dc:relation>
<dc:coverage>France entière</dc:coverage>
<dc:rights>https://www.service-public.fr/a-propos/mentions-legales</dc:rights>
<SurTitre>Question-réponse</SurTitre>
<Audience>Particuliers</Audience>
<Canal>www.service-public.fr</Canal>
<FilDAriane>
<Niveau ID="Particuliers">Accueil particuliers</Niveau>
<Niveau ID="N19805">Famille</Niveau>
<Niveau ID="N54">École primaire (maternelle et élémentaire)</Niveau>
<Niveau ID="F598" type="Fiche Question-réponse">Peut-on inscrire son enfant dans l'école publique d'une autre commune ?</Niveau>
</FilDAriane>
<Theme ID="N19805">
<Titre>Famille</Titre>
</Theme>
<SousThemePere ID="N20265">Scolarité</SousThemePere><DossierPere ID="N54">
<Titre>École primaire (maternelle et élémentaire)</Titre><SousDossier ID="N54-1">
<Titre>Inscription à l'école</Titre>
<Fiche ID="F1864">À l'école maternelle</Fiche>
<Fiche ID="F1865">À l'école primaire (élémentaire)</Fiche>
<Fiche ID="F1881">Déménagement</Fiche>
</SousDossier>
<SousDossier ID="N54-2">
<Titre>Programme scolaire</Titre>
<Fiche ID="F32926">À l'école maternelle</Fiche>
<Fiche ID="F24484">Â l'école primaire (élémentaire)</Fiche>
</SousDossier>
<SousDossier ID="N54-3">
<Titre>Vie quotidienne</Titre>
<Fiche ID="F24490">Horaires d'une journée à l'école</Fiche>
<Fiche ID="F19364">Accueil en cas de grève</Fiche>
<Fiche ID="F424">Surveillance des élèves</Fiche>
<Fiche ID="F24570">Restauration scolaire</Fiche>
<Fiche ID="F21765">Sortie et voyage scolaires</Fiche>
<Fiche ID="F1879">Santé à l'école primaire</Fiche>
</SousDossier>
<SousDossier ID="N54-4">
<Titre>Passage et redoublement</Titre>
<Fiche ID="F32111">Passage, redoublement ou saut de classe</Fiche>
<Fiche ID="F1870">Passage de l'école au collège (du CM2 à la 6e)</Fiche>
</SousDossier>
<SousDossier ID="N54-5">
<Titre>Rôle et participation des parents</Titre>
<Fiche ID="F1391">Information des parents sur la scolarité des enfants</Fiche>
<Fiche ID="F1880">Représentants des parents d'élèves</Fiche>
<Fiche ID="F1399">Conseil d'école</Fiche>
</SousDossier>
<SousDossier ID="N54-6">
<Titre>Coût de la scolarité</Titre>
<Fiche ID="F31006">A l'école maternelle</Fiche>
<Fiche ID="F34798">A l'école primaire (élémentaire)</Fiche>
</SousDossier>
</DossierPere>

<Texte><Paragraphe>Vous pouvez demander à inscrire votre enfant dans l'école publique d'une autre commune que celle où vous résidez. Les démarches sont différentes selon le motif pour lequel vous faites la demande.</Paragraphe>
<BlocCas affichage="radio"><Cas>
<Titre>
<Paragraphe>Choix de la famille</Paragraphe>
</Titre><Paragraphe>Vous devez obtenir l'accord du maire de votre  commune  si vous souhaitez inscrire votre enfant dans l'école d'une autre commune,  même si l'école de l'autre commune est plus proche de votre domicile.</Paragraphe>
<Paragraphe>Vous devez ensuite obtenir l'accord du maire de la commune où vous souhaitez l'inscrire. Cet  accord dépend également des places disponibles dans l'école.</Paragraphe>
<Paragraphe>Vous devez enfin finaliser par l'inscription auprès de la direction de l'école.</Paragraphe>
<OuSAdresser ID="R1" type="Local personnalisé sur SP">
<Titre>Mairie</Titre>
<PivotLocal>mairie</PivotLocal>
<RessourceWeb URL="https://lannuaire.service-public.fr/"/>
</OuSAdresser>

</Cas>
<Cas>
<Titre>
<Paragraphe>Il n'y a pas d'école dans votre commune</Paragraphe>
</Titre><Paragraphe>Si votre commune ne dispose pas d'école publique, vous pouvez inscrire votre enfant dans une commune proche sans l'accord préalable du maire de votre commune.</Paragraphe>
<Paragraphe>Vous devez inscrire tout d'abord votre enfant auprès du maire de la commune d’accueil avant de finaliser par l'inscription auprès de la direction de l'école.</Paragraphe>
<OuSAdresser ID="R1" type="Local personnalisé sur SP">
<Titre>Mairie</Titre>
<PivotLocal>mairie</PivotLocal>
<RessourceWeb URL="https://lannuaire.service-public.fr/"/>
</OuSAdresser>

</Cas>
<Cas>
<Titre>
<Paragraphe>L'école de votre commune n'a pas de cantine ou de garderie</Paragraphe>
</Titre><Paragraphe>Si vous  habitez  dans une commune dont l'école n'assure pas directement ou indirectement la restauration et la garde des enfants, vous pouvez alors inscrire votre enfant dans une autre commune. Vous n'avez pas dans ce cas à obtenir l'accord préalable du maire de votre commune.</Paragraphe>
<Paragraphe>Cependant, il faut impérativement que les <LienIntra LienID="R44252" type="Définition de glossaire">responsables de l'enfant</LienIntra> exercent une activité professionnelle.</Paragraphe>

</Cas>
<Cas>
<Titre>
<Paragraphe>Nécessité en raison de l'état de santé de l'enfant</Paragraphe>
</Titre><Paragraphe>Si l'état de santé de votre enfant nécessite, d'après un médecin de santé scolaire ou assermenté, une hospitalisation fréquente ou des soins prolongés dans une autre commune que celle de résidence de la famille, vous pouvez inscrire votre enfant dans la commune où se déroulent l'hospitalisation ou les soins.</Paragraphe>
<Paragraphe>Vous n'avez pas besoin d'obtenir au préalable l'accord du maire de votre commune.</Paragraphe>
<Paragraphe>Vous devez inscrire votre enfant auprès du maire de la commune d'accueil avant de finaliser par l'inscription auprès de la direction de l'école.</Paragraphe>
<OuSAdresser ID="R1" type="Local personnalisé sur SP">
<Titre>Mairie</Titre>
<PivotLocal>mairie</PivotLocal>
<RessourceWeb URL="https://lannuaire.service-public.fr/"/>
</OuSAdresser>

</Cas>
<Cas>
<Titre>
<Paragraphe>Scolarisation d'une fratrie</Paragraphe>
</Titre><Paragraphe>Vous pouvez inscrire votre enfant dans une école d'une autre commune si son frère ou sa sœur y  est déjà inscrit la même année scolaire.</Paragraphe>
<Paragraphe>L'accord préalable du maire n'est pas nécessaire.</Paragraphe>

</Cas>
</BlocCas>

</Texte><Reference type="Texte de référence" URL="http://www.legifrance.gouv.fr/affichCode.do?idSectionTA=LEGISCTA000006182379&amp;cidTexte=LEGITEXT000006071191" ID="R2683">
<Titre>Code de l'éducation : articles L212-1 à L212-9</Titre>
<Complement>Scolarisation dans une autre commune (article L212)</Complement>
</Reference>
<Reference type="Texte de référence" URL="https://www.legifrance.gouv.fr/affichCode.do?idSectionTA=LEGISCTA000006182474&amp;cidTexte=LEGITEXT000006071191" ID="R50767">
<Titre>Code de l'éducation : articles R212-21 à R212-23</Titre>
<Complement>Scolarisation dans une autre commune</Complement>
</Reference>
<Reference type="Texte de référence" URL="http://www.legifrance.gouv.fr/affichTexte.do?cidTexte=JORFTEXT000029675486" ID="R38793">
<Titre>Décret n°2014-1275 du 23 octobre 2014 relatif aux exceptions au principe "silence vaut accord" (éducation et enseignement supérieur)</Titre>
</Reference>
<Definition ID="R44252">
<Titre>Responsable de l'élève</Titre>
<Texte>
				<Paragraphe>Personne(s) assumant la charge effective et permanente de l'élève au sens de la législation sur les prestations familiales ou élève majeur autonome financièrement</Paragraphe>
			</Texte>
</Definition>
</Publication>
