<?xml version="1.0" encoding="UTF-8"?><Publication xmlns:dc="http://purl.org/dc/elements/1.1/" xmlns:xsi="http://www.w3.org/2001/XMLSchema-instance" ID="F606" type="Fiche Question-réponse" xsi:noNamespaceSchemaLocation="../Schemas/3.0/Publication.xsd">
<dc:title>Peut-on déshériter ses enfants ?</dc:title>
<dc:creator>Direction de l'information légale et administrative</dc:creator>
<dc:subject>Famille</dc:subject>
<dc:description>Déshériter ses enfants est interdit par la loi française mais c'est possible si une loi étrangère qui le prévoit s'applique à la succession</dc:description>
<dc:publisher>Direction de l'information légale et administrative</dc:publisher>
<dc:contributor>Direction de l'information légale et administrative (Premier ministre)</dc:contributor>
<dc:date>modified 2020-02-07</dc:date>
<dc:type>Question-réponse</dc:type>
<dc:format>text/xml</dc:format>
<dc:identifier>F606</dc:identifier>
<dc:source>http://www.legifrance.gouv.fr/affichCode.do?idSectionTA=LEGISCTA000006150544&amp;cidTexte=LEGITEXT000006070721, http://eur-lex.europa.eu/legal-content/FR/TXT/?qid=1421143114796&amp;uri=CELEX:02012R0650-20120705</dc:source>
<dc:language>Fr</dc:language>
<dc:relation>isPartOf N16265</dc:relation>
<dc:coverage>France entière</dc:coverage>
<dc:rights>https://www.service-public.fr/a-propos/mentions-legales</dc:rights>
<SurTitre>Question-réponse</SurTitre>
<Audience>Particuliers</Audience>
<Canal>www.service-public.fr</Canal>
<FilDAriane>
<Niveau ID="Particuliers">Accueil particuliers</Niveau>
<Niveau ID="N19805">Famille</Niveau>
<Niveau ID="N16265">Testament</Niveau>
<Niveau ID="F606" type="Fiche Question-réponse">Peut-on déshériter ses enfants ?</Niveau>
</FilDAriane>
<Theme ID="N19805">
<Titre>Famille</Titre>
</Theme>
<SousThemePere ID="N20090">Succession</SousThemePere><DossierPere ID="N16265">
<Titre>Testament</Titre>
<Fiche ID="F770">Établir un testament</Fiche>
<Fiche ID="F16274">Établir un testament-partage</Fiche>
</DossierPere>

<Introduction>
<Texte><Paragraphe>Non, une personne <LienIntra LienID="R18579" type="Définition de glossaire">résidant</LienIntra> en France ne peut pas déshériter ses enfants. Toutefois, lorsque le défunt résidait à l'étranger, la loi étrangère s'applique à sa succession et certains pays admettent la possibilité de déshériter ses enfants.</Paragraphe>
</Texte>
</Introduction>
<ListeSituations affichage="onglet"><Situation>
<Titre>Résidence du défunt en France</Titre>
<Texte>
<Chapitre><Paragraphe>Lorsque le défunt avait sa <LienIntra LienID="R18579" type="Définition de glossaire">résidence</LienIntra> habituelle en France au moment du décès, la loi française s'applique et le défunt ne peut pas déshériter ses enfants. C'est le principe de la <LienIntra LienID="R31592" type="Définition de glossaire">réserve héréditaire</LienIntra>.</Paragraphe>
<Paragraphe>La part d'héritage qui reste une fois que la réserve héréditaire est attribuée s'appelle la <LienIntra LienID="R16243" type="Définition de glossaire">quotité disponible</LienIntra>. Le défunt peut avoir prévu dans une <LienInterne LienPublication="F1404" type="Fiche d'information" audience="Particuliers">donation</LienInterne> ou un <LienInterne LienPublication="F770" type="Fiche d'information" audience="Particuliers">testament</LienInterne> d'attribuer cette part à la personne de son choix, membre de la famille ou non (les petits-enfants, le conjoint survivant, un voisin, une association etc.).</Paragraphe>
<Paragraphe>La quotité disponible dépend du nombre <LienIntra LienID="R12674" type="Définition de glossaire">d'héritiers réservataires</LienIntra>.</Paragraphe>
<Tableau>
<Titre>Réserve héréditaire et quotité disponible</Titre>
<Colonne largeur="14" type="header"/>
<Colonne largeur="23" type="header"/>
<Colonne largeur="22" type="normal"/>
<Colonne largeur="33" type="normal"/>
<Rangée type="header">
<Cellule fusionHorizontale="2">
<Paragraphe>Nombre d'enfants</Paragraphe>
</Cellule>
<Cellule>
<Paragraphe>Réserve héréditaire</Paragraphe>
</Cellule>
<Cellule>
<Paragraphe>Quotité disponible</Paragraphe>
</Cellule>
</Rangée>
<Rangée type="normal">
<Cellule fusionVerticale="2">
<Paragraphe>Aucun enfant</Paragraphe>
</Cellule>
<Cellule>
<Paragraphe>Défunt marié</Paragraphe>
</Cellule>
<Cellule>
<Paragraphe>1/4 (conjoint)</Paragraphe>
</Cellule>
<Cellule>
<Paragraphe>3/4</Paragraphe>
</Cellule>
</Rangée>
<Rangée type="normal">
<Cellule>
<Paragraphe>Défunt non marié</Paragraphe>
</Cellule>
<Cellule>
<Paragraphe>Aucune</Paragraphe>
</Cellule>
<Cellule>
<Paragraphe>Tout</Paragraphe>
</Cellule>
</Rangée>
<Rangée type="normal">
<Cellule fusionHorizontale="2">
<Paragraphe>1</Paragraphe>
</Cellule>
<Cellule>
<Paragraphe>1/2</Paragraphe>
</Cellule>
<Cellule>
<Paragraphe>1/2</Paragraphe>
</Cellule>
</Rangée>
<Rangée type="normal">
<Cellule fusionHorizontale="2">
<Paragraphe>2</Paragraphe>
</Cellule>
<Cellule>
<Paragraphe>2/3</Paragraphe>
</Cellule>
<Cellule>
<Paragraphe>1/3</Paragraphe>
</Cellule>
</Rangée>
<Rangée type="normal">
<Cellule fusionHorizontale="2">
<Paragraphe>3 ou plus</Paragraphe>
</Cellule>
<Cellule>
<Paragraphe>3/4</Paragraphe>
</Cellule>
<Cellule>
<Paragraphe>1/4</Paragraphe>
</Cellule>
</Rangée>
</Tableau>
<Paragraphe>Exemple : vous possédez<Valeur> 100 000 €</Valeur>  de biens (mobiliers et immobiliers) et vous  avez 3 enfants. Vous souhaitez donner une partie de votre héritage à un ami. La quotité disponible est 1/4 de <Valeur>100 000 €</Valeur>, soit <Valeur>25 000 €</Valeur>. Vous pourrez donc lui transmettre <Valeur>25 000 €</Valeur>.</Paragraphe>

</Chapitre>
</Texte>
</Situation>
<Situation>
<Titre>Résidence à l'étranger</Titre>
<Texte>
<Chapitre><Paragraphe>Lorsqu'un français <LienIntra LienID="R18579" type="Définition de glossaire">résidait</LienIntra> habituellement à l'étranger, la loi étrangère s'applique à l'ensemble de sa succession (biens mobiliers et biens immobiliers).</Paragraphe>
<Paragraphe>Or, certains pays admettent la possibilité de déshériter ses enfants.</Paragraphe>
<Paragraphe>Toutefois, un français résidant à l'étranger peut  faire appliquer la loi française à sa succession.  Pour cela, il doit remplir les 2 conditions suivantes :</Paragraphe>
<Liste type="puce">
<Item>
<Paragraphe>Exprimer clairement sa volonté d'appliquer la loi française dans un <LienInterne LienPublication="F770" type="Fiche d'information" audience="Particuliers">testament</LienInterne>  valable</Paragraphe>
</Item>
<Item>
<Paragraphe>Être français au moment de la rédaction du testament ou au moment de son décès.</Paragraphe>
</Item>
</Liste>
<Paragraphe>Ainsi, un français résidant habituellement en Belgique peut décider que la loi française s'appliquera à sa succession.</Paragraphe>
<Paragraphe>Le notaire chargé de la succession ou le juge saisi par les héritiers peut refuser d'appliquer la loi étrangère si elle est contraire à <LienIntra LienID="R50177" type="Définition de glossaire">l'ordre public</LienIntra>. Par exemple, le juge peut interdire une succession qui ne respecte pas le principe de l'égalité entre femme et homme.</Paragraphe>
<Attention>
<Titre>Attention</Titre><Paragraphe>une loi étrangère qui  admet la possibilité de déshériter ses enfants n'est pas forcément contraire à l'ordre public.</Paragraphe>
</Attention>
</Chapitre>
</Texte>
</Situation>
</ListeSituations><VoirAussi important="non">
<Dossier ID="N173" audience="Particuliers">
<Titre>Héritage : ordre et droits des héritiers</Titre>
<Theme ID="N19805">
<Titre>Famille</Titre>
</Theme>
</Dossier>
<Dossier ID="N16265" audience="Particuliers">
<Titre>Testament</Titre>
<Theme ID="N19805">
<Titre>Famille</Titre>
</Theme>
</Dossier>
<Dossier ID="N31162" audience="Particuliers">
<Titre>Préparer sa succession : donation</Titre>
<Theme ID="N19805">
<Titre>Famille</Titre>
</Theme>
</Dossier>
</VoirAussi>

<OuSAdresser ID="R18478" type="Local personnalisable">
<Titre>Notaire</Titre>
<Complement>Pour s'informer</Complement>
<PivotLocal>notaire</PivotLocal>
<RessourceWeb URL="http://www.notaires.fr/fr/annuaires-notaire"/>
</OuSAdresser>
<Reference type="Texte de référence" URL="http://www.legifrance.gouv.fr/affichCode.do?idSectionTA=LEGISCTA000006150544&amp;cidTexte=LEGITEXT000006070721" ID="R31562">
<Titre>Code civil : articles 912 à 917</Titre>
<Complement>Réserve héréditaire et quotité disponible</Complement>
</Reference>
<Reference type="Texte de référence" URL="http://eur-lex.europa.eu/legal-content/FR/TXT/?qid=1421143114796&amp;uri=CELEX:02012R0650-20120705" ID="R50175">
<Titre>Règlement européen 650/2012 du 4 juillet 2012 relatif aux successions</Titre>
<Complement>Loi applicable aux successions</Complement>
</Reference>
<Definition ID="R18579">
<Titre>Résidence</Titre>
<Texte>
				<Paragraphe>Lieu où une personne habite effectivement et de façon stable mais qui n'est pas forcément son domicile </Paragraphe>
			</Texte><Reference type="Texte de référence" URL="http://www.senat.fr/basile/visio.do?id=qSEQ130908232" ID="R151">
<Titre>Réponse ministérielle du 23 janvier 2014 sur la distinction entre domicile et résidence</Titre>
</Reference>
</Definition>
<Definition ID="R31592">
<Titre>Réserve héréditaire</Titre>
<Texte>
				<Paragraphe>Fraction du patrimoine du défunt qui doit obligatoirement revenir aux héritiers réservataires (descendants) ou conjoint survivant si le défunt ne laisse pas de descendants</Paragraphe>
			</Texte><Reference type="Texte de référence" URL="http://www.legifrance.gouv.fr/affichCode.do?idSectionTA=LEGISCTA000006150544&amp;cidTexte=LEGITEXT000006070721" ID="R31562">
<Titre>Code civil : articles 912 à 917</Titre>
</Reference>
</Definition>
<Definition ID="R16243">
<Titre>Quotité disponible</Titre>
<Texte>
				<Paragraphe>Part des biens d'une personne qu'elle peut donner librement par donation ou testament</Paragraphe>
			</Texte><Reference type="Texte de référence" URL="http://www.legifrance.gouv.fr/affichCode.do?idSectionTA=LEGISCTA000006150544&amp;cidTexte=LEGITEXT000006070721" ID="R31562">
<Titre>Code civil : articles 912 à 917</Titre>
</Reference>
</Definition>
<Definition ID="R50177">
<Titre>Ordre public</Titre>
<Texte>
				<Paragraphe>Ensemble des règles et principes fondamentaux du droit</Paragraphe>
			</Texte>
</Definition>
<Definition ID="R12674">
<Titre>Héritier réservataire</Titre>
<Texte>
				<Paragraphe>Enfant, ou en l'absence d'enfant, l'époux, à qui la loi attribue une part d'héritage minimale</Paragraphe>
			</Texte><Reference type="Texte de référence" URL="http://www.legifrance.gouv.fr/affichCode.do?idSectionTA=LEGISCTA000006150544&amp;cidTexte=LEGITEXT000006070721" ID="R31562">
<Titre>Code civil : articles 912 à 917</Titre>
</Reference>
</Definition>
<QuestionReponse ID="F2529" audience="Particuliers">Quelles sont les règles pour hériter ?</QuestionReponse>
<QuestionReponse ID="F16251" audience="Particuliers">Peut-on renoncer par avance à une partie de ses droits successoraux ?</QuestionReponse>
</Publication>
