<?xml version="1.0" encoding="UTF-8"?><Publication xmlns:dc="http://purl.org/dc/elements/1.1/" xmlns:xsi="http://www.w3.org/2001/XMLSchema-instance" ID="F612" type="Fiche d'information" xsi:noNamespaceSchemaLocation="../Schemas/3.0/Publication.xsd">
<dc:title>Troubles de voisinage : bruits de comportement</dc:title>
<dc:creator>Direction de l'information légale et administrative</dc:creator>
<dc:subject>Logement</dc:subject>
<dc:description>Les bruits de voisinage sont des bruits générés par le comportement d'une personne ou d'un animal et causant des nuisances sonores. Ils peuvent être sanctionnés, dès lors qu'ils constituent un trouble anormal, se manifestant de jour ou de nuit.</dc:description>
<dc:publisher>Direction de l'information légale et administrative</dc:publisher>
<dc:contributor>Direction de l'information légale et administrative (Premier ministre)</dc:contributor>
<dc:date>modified 2020-03-30</dc:date>
<dc:type>Fiche pratique</dc:type>
<dc:format>text/xml</dc:format>
<dc:identifier>F612</dc:identifier>
<dc:source>http://www.legifrance.gouv.fr/affichCode.do?idArticle=LEGIARTI000006834602&amp;idSectionTA=LEGISCTA000006159328&amp;cidTexte=LEGITEXT000006074220, http://www.legifrance.gouv.fr/affichCode.do?idSectionTA=LEGISCTA000006164555&amp;cidTexte=LEGITEXT000006070633, https://www.legifrance.gouv.fr/affichCode.do?idSectionTA=LEGISCTA000035426103&amp;cidTexte=LEGITEXT000006074220, https://www.legifrance.gouv.fr/affichCodeArticle.do?cidTexte=LEGITEXT000006070719&amp;idArticle=LEGIARTI000006419495, http://www.legifrance.gouv.fr/affichCode.do?idSectionTA=LEGISCTA000006151009&amp;cidTexte=LEGITEXT000006071154, http://www.legifrance.gouv.fr/affichCodeArticle.do?idArticle=LEGIARTI000006576846&amp;cidTexte=LEGITEXT000006071154, https://www.legifrance.gouv.fr/affichTexte.do?cidTexte=JORFTEXT000033418805</dc:source>
<dc:language>Fr</dc:language>
<dc:relation>isPartOf N356</dc:relation>
<dc:coverage>France entière</dc:coverage>
<dc:rights>https://www.service-public.fr/a-propos/mentions-legales</dc:rights>
<SurTitre>Fiche pratique</SurTitre>
<Audience>Particuliers</Audience>
<Canal>www.service-public.fr</Canal>
<FilDAriane>
<Niveau ID="Particuliers">Accueil particuliers</Niveau>
<Niveau ID="N19808">Logement</Niveau>
<Niveau ID="N356">Troubles de voisinage</Niveau>
<Niveau ID="F612" type="Fiche d'information">Troubles de voisinage : bruits de comportement</Niveau>
</FilDAriane>
<Theme ID="N19808">
<Titre>Logement</Titre>
</Theme>
<SousThemePere ID="N31029">Vie pratique dans un logement</SousThemePere><DossierPere ID="N356">
<Titre>Troubles de voisinage</Titre>
<Fiche ID="F612">Bruits de voisinage liés au comportement</Fiche>
<Fiche ID="F31117">Bruits d'activités (chantier, discothèque, ...)</Fiche>
<Fiche ID="F19299">Nuisances olfactives (odeurs)</Fiche>
</DossierPere>

<Introduction>
<Texte><Paragraphe>Les bruits de voisinage sont des bruits générés par le comportement d'une personne ou d'un animal et causant des nuisances sonores. Ils peuvent être sanctionnés, dès lors qu'ils constituent un trouble  anormal, se manifestant  de jour ou de nuit.</Paragraphe>
</Texte>
</Introduction>
<Texte><Chapitre>
<Titre>
<Paragraphe>Bruits punissables</Paragraphe>
</Titre><SousChapitre>
<Titre>
<Paragraphe>La nuit</Paragraphe>
</Titre><Paragraphe>Les bruits de comportement sont tous les bruits provoqués de jour comme de nuit :</Paragraphe>
<Liste type="puce">
<Item>
<Paragraphe>par un individu, locataire ou  propriétaire d'un logement, (cri, talons, chant, fête familiale, ...),</Paragraphe>
</Item>
<Item>
<Paragraphe>ou par une chose (instrument de musique, chaîne hi-fi, téléviseur, outil de bricolage, pétard et feu d'artifice, pompe à chaleur, éolienne, électroménager, ...),</Paragraphe>
</Item>
<Item>
<Paragraphe>ou par un animal (exemple : aboiements).</Paragraphe>
</Item>
</Liste>
<Paragraphe>Lorsque ces bruits sont commis la nuit, on parle de <Expression>tapage nocturne</Expression>.</Paragraphe>
<Paragraphe>Il n'existe pas d'heures précises pour définir  le <Expression>tapage nocturne</Expression>.  Pour être reconnu comme un tapage nocturne, le bruit doit avoir lieu quand il fait nuit, c'est-à-dire  entre le coucher et le lever du  soleil.</Paragraphe>
<Paragraphe>Lorsque le bruit est commis la nuit, l'infraction pour <Expression>tapage nocturne</Expression> existe même lorsque  ce bruit n'est pas  répétitif, ni intensif, ni qu'il dure dans le temps.</Paragraphe>
<Paragraphe>Il y a <Expression>tapage nocturne</Expression> lorsque :</Paragraphe>
<Liste type="puce">
<Item>
<Paragraphe>l'auteur du tapage a conscience du trouble qu'il engendre</Paragraphe>
</Item>
<Item>
<Paragraphe>et qu'il ne  prend pas les   mesures nécessaires pour remédier au tapage</Paragraphe>
</Item>
</Liste>
<Paragraphe>Un arrêté relatif au bruit (exemple : arrêté préfectoral) peut interdire certains bruits à certaines heures dans votre commune ou dans votre département. Renseignez-vous auprès de votre mairie.</Paragraphe>
<OuSAdresser ID="R1" type="Local personnalisé sur SP">
<Titre>Mairie</Titre>
<PivotLocal>mairie</PivotLocal>
<RessourceWeb URL="https://lannuaire.service-public.fr/"/>
</OuSAdresser>
<ASavoir>
<Titre>À savoir</Titre><Paragraphe>les <LienInterne LienPublication="F19299" type="Fiche d'information" audience="Particuliers">nuisances olfactives</LienInterne> (barbecue, ordures, fumier, ...) ou visuelles (par exemple : gêne occasionnée par une installation) peuvent aussi constituer un trouble anormal de voisinage.</Paragraphe>
</ASavoir>
</SousChapitre>
<SousChapitre>
<Titre>
<Paragraphe>En journée</Paragraphe>
</Titre><Paragraphe>En journée, un bruit de comportement   peut causer un trouble anormal de voisinage dès lors qu'il est  répétitif,  intensif, ou qu'il dure dans le temps. Il peut s'agir du bruit causé par :</Paragraphe>
<Liste type="puce">
<Item>
<Paragraphe>un individu, locataire ou  propriétaire d'un logement (cri, talons, chant, fête familiale, ...),</Paragraphe>
</Item>
<Item>
<Paragraphe>ou une chose (instrument de musique, chaîne hi-fi, téléviseur, outil de bricolage, pétard et feu d'artifice, pompe à chaleur, éolienne, électroménager, ...),</Paragraphe>
</Item>
<Item>
<Paragraphe>ou un animal (exemple : aboiements).</Paragraphe>
</Item>
</Liste>
<Paragraphe>Un arrêté relatif au bruit (exemple : arrêté préfectoral) peut interdire certains bruits (exemple : bruit de tondeuse) à certaines heures  dans votre commune ou votre département. Renseignez-vous auprès de votre mairie.</Paragraphe>
<OuSAdresser ID="R1" type="Local personnalisé sur SP">
<Titre>Mairie</Titre>
<PivotLocal>mairie</PivotLocal>
<RessourceWeb URL="https://lannuaire.service-public.fr/"/>
</OuSAdresser>
<ASavoir>
<Titre>À savoir</Titre><Paragraphe>les <LienInterne LienPublication="F19299" type="Fiche d'information" audience="Particuliers">nuisances olfactives</LienInterne> (barbecue, ordures, fumier, ...) ou visuelles (par exemple : gêne occasionnée par une installation) peuvent aussi constituer un trouble anormal de voisinage.</Paragraphe>
</ASavoir>
</SousChapitre>
</Chapitre>
<Chapitre>
<Titre>
<Paragraphe>Démarches préalables</Paragraphe>
</Titre><Paragraphe>Plusieurs démarches peuvent être engagées successivement :</Paragraphe>
<Liste type="puce"><Item>
<Paragraphe>Lorsque le  logement fait partie d'une  copropriété, il est utile de vérifier le <LienInterne LienPublication="F2589" type="Fiche d'information" audience="Particuliers">règlement de copropriété</LienInterne> qui peut contenir des règles relatives au bruit.  Si votre voisin ne respecte pas ce règlement, il faut en avertir le syndic de copropriété. Le syndic est notamment en charge de faire appliquer ce règlement.</Paragraphe>
<Paragraphe>Si vous êtes un des copropriétaires, vous pouvez saisir directement le syndic.</Paragraphe>
<Paragraphe>Si vous êtes locataire, vous devez contacter le propriétaire pour qu'il s'adresse au  syndic.</Paragraphe>
</Item>
<Item>
<Paragraphe>Demander à la mairie s'il existe un arrêté relatif au  bruit. Un arrêté peut par exemple autoriser l'usage des tondeuses à gazon à certains horaires seulement.</Paragraphe>
<Paragraphe>Si votre voisin ne respecte pas l'arrêté municipal ou préfectoral relatif au bruit, il faut en avertir le <LienInterne LienPublication="R33737" type="Modèle de document" audience="Particuliers">maire</LienInterne>, qui a l'obligation de  garantir la tranquillité des habitants de la commune.</Paragraphe>
</Item>
</Liste><OuSAdresser ID="R1" type="Local personnalisé sur SP">
<Titre>Mairie</Titre>
<PivotLocal>mairie</PivotLocal>
<RessourceWeb URL="https://lannuaire.service-public.fr/"/>
</OuSAdresser>

<Liste type="puce"><Item>
<Paragraphe>Informer l'auteur du bruit de la gêne qu'il occasionne.</Paragraphe>
<Paragraphe>S'il est propriétaire de son logement, envoyez-lui un  <LienInterne LienPublication="R47020" type="Modèle de document" audience="Particuliers">courrier simple, puis un courrier recommandé avec avis de réception</LienInterne>.</Paragraphe>
<Paragraphe>S'il est locataire de son logement, vous pouvez lui adresser une  lettre recommandée avec accusé de réception, ainsi qu'au propriétaire. Le  propriétaire  du logement est <LienIntra LienID="F31522" type="Fiche Question-réponse">responsable du comportement de son locataire</LienIntra>.</Paragraphe>
</Item>
</Liste>
<Liste type="puce"><Item>
<Paragraphe>Faites appel à un conciliateur de justice (démarche gratuite) ou à un médiateur.  <MiseEnEvidence>Cette démarche est indispensable pour pouvoir ensuite saisir le tribunal</MiseEnEvidence>.</Paragraphe>
</Item>
</Liste><OuSAdresser ID="R81" type="Local personnalisable">
<Titre>Conciliateur de justice</Titre>
<PivotLocal>conciliateur_justice</PivotLocal>
<RessourceWeb URL="http://www.conciliateurs.fr/Trouver-une-permanence"/>
<Source ID="R30903">Fédération des associations de conciliateurs de justice</Source>
</OuSAdresser>

<Liste type="puce"><Item>
<Paragraphe>Faire appel à un huissier (si les nuisances se répètent) afin qu'il établisse un ou plusieurs constats, qui seront utiles pour faire ensuite éventuellement appel au juge.</Paragraphe>
</Item>
</Liste><OuSAdresser ID="R10916" type="Local personnalisable">
<Titre>Huissier de justice</Titre>
<PivotLocal>huissier_justice</PivotLocal>
<RessourceWeb URL="https://cnhj.huissier-justice.fr/Annuaire.aspx"/>
</OuSAdresser>

</Chapitre>
<Chapitre>
<Titre>
<Paragraphe>Faire appel à la police ou la gendarmerie</Paragraphe>
</Titre><Paragraphe>Il est recommandé d'engager des démarches amiables (entrevue, envoi d'un courrier, recours à un <LienInterne LienPublication="F1736" type="Fiche d'information" audience="Particuliers">conciliateur de justice</LienInterne>, ...). Dans certains cas,    vous pouvez également faire appel aux forces de l'ordre pour faire constater le trouble.</Paragraphe>

<SousChapitre>
<Titre>
<Paragraphe>Porter plainte</Paragraphe>
</Titre><BlocCas affichage="onglet"><Cas>
<Titre>
<Paragraphe>Tapage nocturne</Paragraphe>
</Titre><Paragraphe>Vous pouvez faire appel aux forces de l'ordre (police, gendarmerie,  police municipale) pour faire constater le trouble,  quel que soit le type de bruit commis. Le bruit doit être audible d'un logement à un autre.</Paragraphe>
<OuSAdresser ID="R13" type="Local personnalisable">
<Titre>Commissariat ou Gendarmerie</Titre>
<PivotLocal>commissariat_police</PivotLocal>
<RessourceWeb URL="http://www.interieur.gouv.fr/Contact/Contacter-une-brigade-de-gendarmerie-ou-un-commissariat-de-police"/>
</OuSAdresser>
<Paragraphe>Une amende forfaitaire peut alors être infligée à l'auteur du trouble, pour un montant de  :</Paragraphe>
<Liste type="puce">
<Item>
<Paragraphe>
<Valeur>68 €</Valeur> si l'auteur des troubles règle l'amende immédiatement ou dans les 45 jours suivant le constat d'infraction (ou l'envoi de l'avis d'infraction s'il existe)</Paragraphe>
</Item>
<Item>
<Paragraphe>
<Valeur>180 €</Valeur> au-delà de ce délai</Paragraphe>
</Item>
</Liste>
<ASavoir>
<Titre>À savoir</Titre><Paragraphe>une personne victime de multiples menaces ou insultes pour de faux motifs de nuisances sonores peut également porter plainte pour <LienInterne LienPublication="F32247" type="Fiche Question-réponse" audience="Particuliers">harcèlement</LienInterne>.</Paragraphe>
</ASavoir>
</Cas>
<Cas>
<Titre>
<Paragraphe>En journée</Paragraphe>
</Titre><Paragraphe>Vous pouvez faire appel à  la police, la gendarmerie ou la police municipale pour faire constater le trouble, lorsque l'auteur commet :</Paragraphe>
<Liste type="puce">
<Item>
<Paragraphe>du tapage injurieux (insultes)</Paragraphe>
</Item>
<Item>
<Paragraphe>ou des bruits intenses, répétés ou longs</Paragraphe>
</Item>
</Liste>
<OuSAdresser ID="R13" type="Local personnalisable">
<Titre>Commissariat ou Gendarmerie</Titre>
<PivotLocal>commissariat_police</PivotLocal>
<RessourceWeb URL="http://www.interieur.gouv.fr/Contact/Contacter-une-brigade-de-gendarmerie-ou-un-commissariat-de-police"/>
</OuSAdresser>
<Paragraphe>Une amende forfaitaire peut alors être infligée à l'auteur du trouble, pour un montant  de :</Paragraphe>
<Liste type="puce">
<Item>
<Paragraphe>
<Valeur>68 €</Valeur> si l'auteur des troubles règle l'amende immédiatement ou dans les 45 jours suivant le constat d'infraction (ou l'envoi de l'avis d'infraction s'il existe)</Paragraphe>
</Item>
<Item>
<Paragraphe>
<Valeur>180 €</Valeur> après  ce délai</Paragraphe>
</Item>
</Liste>
<ASavoir>
<Titre>À savoir</Titre><Paragraphe>une personne victime de multiples menaces ou insultes pour de faux motifs de nuisances sonores peut également porter plainte pour <LienInterne LienPublication="F32247" type="Fiche Question-réponse" audience="Particuliers">harcèlement</LienInterne>.</Paragraphe>
</ASavoir>
</Cas>
</BlocCas>

</SousChapitre>
<SousChapitre>
<Titre>
<Paragraphe>En cas de dénonciation calomnieuse</Paragraphe>
</Titre><Paragraphe>Une personne qui prévient à tort la police ou la gendarmerie pour des faits de nuisances sonores risque une condamnation pour <Expression>dénonciation calomnieuse</Expression>.</Paragraphe>
<Paragraphe>Une dénonciation est calomnieuse lorsqu'on dénonce une personne à la police ou à la gendarmerie pour des faits que l'on sait totalement ou partiellement inexacts.</Paragraphe>
<Paragraphe>La peine maximale est de 5 ans de prison et <Valeur>45 000 €</Valeur> d'amende.</Paragraphe>
<Paragraphe>La personne visée par la fausse dénonciation peut porter <LienInterne LienPublication="F1435" type="Fiche d'information" audience="Particuliers">plainte au pénal</LienInterne> contre l'auteur des faits. Ce dernier peut aussi être poursuivi par le procureur de la République.</Paragraphe>

</SousChapitre>
</Chapitre>
<Chapitre>
<Titre>
<Paragraphe>Saisir le tribunal</Paragraphe>
</Titre><SousChapitre>
<Titre>
<Paragraphe>Tentative de conciliation</Paragraphe>
</Titre><Paragraphe>Il est obligatoire de faire tout d'abord appel à  un  conciliateur de justice (démarche gratuite) ou à un médiateur pour pouvoir ensuite saisir le tribunal.</Paragraphe>
<OuSAdresser ID="R81" type="Local personnalisable">
<Titre>Conciliateur de justice</Titre>
<PivotLocal>conciliateur_justice</PivotLocal>
<RessourceWeb URL="http://www.conciliateurs.fr/Trouver-une-permanence"/>
<Source ID="R30903">Fédération des associations de conciliateurs de justice</Source>
</OuSAdresser>

</SousChapitre>
<SousChapitre>
<Titre>
<Paragraphe>Saisie du tribunal</Paragraphe>
</Titre><Paragraphe>Si vous souhaitez obtenir <LienInterne LienPublication="F1422" type="Fiche d'information" audience="Particuliers">réparation du préjudice</LienInterne>, un recours devant un tribunal civil est nécessaire.</Paragraphe>
<Rappel>
<Titre>Rappel</Titre><Paragraphe>il est obligatoire de faire tout d'abord appel à un <LienInterne LienPublication="F1736" type="Fiche d'information" audience="Particuliers">conciliateur de justice</LienInterne> (démarche gratuite) pour pouvoir ensuite saisir le tribunal.</Paragraphe>
</Rappel><Paragraphe>Vous devez alors démontrer la réalité de votre préjudice du fait des nuisances sonores. Pour cela, vous devez réunir un maximum de preuves à l'appui de votre demande :</Paragraphe>
<Liste type="puce">
<Item>
<Paragraphe>Courriers échangés avec l'auteur du bruit</Paragraphe>
</Item>
<Item>
<Paragraphe>Constat d'huissier, procès-verbal</Paragraphe>
</Item>
<Item>
<Paragraphe>Témoignages, pétition</Paragraphe>
</Item>
<Item>
<Paragraphe>Certificat médical si votre état de santé s'est dégradé, ...</Paragraphe>
</Item>
</Liste>
<Paragraphe>Toute preuve est recevable par le tribunal à condition qu'elle ait été recueillie loyalement. Par exemple, vous ne pouvez pas photographier ou filmer votre voisin dans son domicile à son insu.</Paragraphe>
<Paragraphe>Une fois que ces preuves sont réunies, vous pouvez saisir le tribunal.</Paragraphe>

				<Paragraphe>La juridiction compétente dépend des sommes en jeu dans le litige.</Paragraphe>
				<Liste type="puce">
					<Item>
						<Paragraphe>Pour un litige inférieur ou égal à   <Valeur>10 000 €</Valeur>, c'est  le tribunal de proximité ou le tribunal judiciaire.</Paragraphe>
					</Item>
					<Item>
						<Paragraphe>Pour un  litige  supérieur à <Valeur>10 000 €</Valeur>, c'est le  tribunal judiciaire.</Paragraphe>
					</Item>
				</Liste>
				<OuSAdresser ID="R30" type="Local">
<Titre>Tribunal judiciaire ou de proximité</Titre>
<RessourceWeb URL="https://www.justice.fr/recherche/annuaires"/>
<Source ID="R30663">Ministère chargé de la justice</Source>
</OuSAdresser>
			
<Paragraphe>Le juge peut ordonner l'insonorisation du logement de l'auteur du bruit, ou prononcer la résiliation du bail si celui-ci est locataire.</Paragraphe>

<ASavoir>
<Titre>À savoir</Titre><Paragraphe>l'acheteur d'un logement peut demander l'annulation de la  vente ou la réduction du prix, si le vendeur ne l'a pas informé des troubles incessants causés par un voisin (tapage nocturne, crachats, ...).</Paragraphe>
</ASavoir>
</SousChapitre>
<SousChapitre>
<Titre>
<Paragraphe>En cas de procédure abusive</Paragraphe>
</Titre><Paragraphe>Une personne qui saisit le tribunal pour des nuisances sonores mais perd son procès risque une condamnation pour procédure abusive, si la partie attaquée l'a réclamé.</Paragraphe>
<Paragraphe>Une procédure est considérée comme abusive :</Paragraphe>
<Liste type="puce">
<Item>
<Paragraphe>si elle a été lancée dans un seul but de nuire,</Paragraphe>
</Item>
<Item>
<Paragraphe>si elle est fondée sur des faits inventés ou délibérément exagérés,</Paragraphe>
</Item>
<Item>
<Paragraphe>ou si plusieurs  procédures ont déjà échoué contre la partie gagnante, pour des motifs similaires.</Paragraphe>
</Item>
</Liste>
<Paragraphe>La personne ainsi condamnée risque alors :</Paragraphe>
<Liste type="puce">
<Item>
<Paragraphe>une amende civile d'un maximum de <Valeur>10 000 €</Valeur>,</Paragraphe>
</Item>
<Item>
<Paragraphe>et le versement de <LienInterne LienPublication="F1422" type="Fiche d'information" audience="Particuliers">dommages-intérêts</LienInterne> à la partie gagnante.</Paragraphe>
</Item>
</Liste>
<Paragraphe>Cette condamnation est prononcée par le  tribunal qui a jugé l'affaire initiale et lors de la même audience.</Paragraphe>

</SousChapitre>
</Chapitre>
</Texte><VoirAussi important="non">
<Fiche ID="F1736" audience="Particuliers">
<Titre>Conciliateur de justice</Titre>
<Theme ID="N19807">
<Titre>Justice</Titre>
</Theme>
</Fiche>
<Fiche ID="F1435" audience="Particuliers">
<Titre>Porter plainte</Titre>
<Theme ID="N19807">
<Titre>Justice</Titre>
</Theme>
</Fiche>
</VoirAussi>
<VoirAussi important="oui">
<Fiche ID="F31117" audience="Particuliers">
<Titre>Troubles de voisinage : bruits d'activités professionnelles (chantier, bar, ...)</Titre>
<Theme ID="N19808">
<Titre>Logement</Titre>
</Theme>
</Fiche>
</VoirAussi>
<OuSAdresser ID="R11621" type="Local personnalisé sur SP">
<Titre>Maison de justice et du droit</Titre>
<PivotLocal>mjd</PivotLocal>
<RessourceWeb URL="http://www.annuaires.justice.gouv.fr/lieux-dacces-aux-droits-10111/"/>
<Source ID="R30663">Ministère chargé de la justice</Source>
</OuSAdresser>
<Reference type="Texte de référence" URL="http://www.legifrance.gouv.fr/affichCode.do?idArticle=LEGIARTI000006834602&amp;idSectionTA=LEGISCTA000006159328&amp;cidTexte=LEGITEXT000006074220" ID="R15823">
<Titre>Code de l'environnement : article L571-1</Titre>
<Complement>Lutte contre le bruit</Complement>
</Reference>
<Reference type="Texte de référence" URL="http://www.legifrance.gouv.fr/affichCode.do?idSectionTA=LEGISCTA000006164555&amp;cidTexte=LEGITEXT000006070633" ID="R361">
<Titre>Code général des collectivités territoriales : articles L2212-1 à L2212-5-1</Titre>
<Complement>Pouvoirs du maire en matière de bruit</Complement>
</Reference>
<Reference type="Texte de référence" URL="https://www.legifrance.gouv.fr/affichCode.do?idSectionTA=LEGISCTA000035426103&amp;cidTexte=LEGITEXT000006074220" ID="R49160">
<Titre>Code de l'environnement : article R571-96</Titre>
<Complement>Bruits constitutifs de troubles de voisinage</Complement>
</Reference>
<Reference type="Texte de référence" URL="https://www.legifrance.gouv.fr/affichCodeArticle.do?cidTexte=LEGITEXT000006070719&amp;idArticle=LEGIARTI000006419495" ID="R49132">
<Titre>Code pénal : article R623-2</Titre>
<Complement>Sanctions prévues</Complement>
</Reference>
<Reference type="Texte de référence" URL="http://www.legifrance.gouv.fr/affichCode.do?idSectionTA=LEGISCTA000006151009&amp;cidTexte=LEGITEXT000006071154" ID="R34784">
<Titre>Code de procédure pénale : articles R48-1 à R49-8</Titre>
<Complement>Amende forfaitaire (articles R48-1 et R49-7)</Complement>
</Reference>
<Reference type="Texte de référence" URL="http://www.legifrance.gouv.fr/affichCodeArticle.do?idArticle=LEGIARTI000006576846&amp;cidTexte=LEGITEXT000006071154" ID="R32414">
<Titre>Code de procédure pénale : article 529-1</Titre>
<Complement>Délai de paiement de l'amende forfaitaire</Complement>
</Reference>
<Reference type="Texte de référence" URL="https://www.legifrance.gouv.fr/affichTexte.do?cidTexte=JORFTEXT000033418805" ID="R55395">
<Titre>Loi n°2016-1547 du 18 novembre 2016 de modernisation de la justice du XXIe siècle</Titre>
<Complement>obligation tentative de conciliation : article 4</Complement>
</Reference>
<ServiceEnLigne ID="R47020" URL="https://www.inc-conso.fr/content/vous-avez-des-voisins-bruyants-et-narrivez-pas-regler-la-situation-amiablement" type="Modèle de document">
<Titre>Modèle de lettre à adresser au voisin bruyant après échec des démarches amiables</Titre>
<Source ID="R30643">Institut national de la consommation (INC)</Source>
</ServiceEnLigne>
<ServiceEnLigne ID="R33737" URL="http://www.bruit.fr/images/stories/pdf/lettre_maire_troubles_voisinage.pdf" format="application/pdf" poids="42.5 KB" type="Modèle de document">
<Titre>Demander au maire de faire cesser un bruit de voisinage</Titre>
<Source ID="R30715">Centre d'information et de documentation sur le bruit (CIDB)</Source>
</ServiceEnLigne>
<PourEnSavoirPlus type="Information pratique" ID="R41978" URL="https://www.ecologique-solidaire.gouv.fr/confort-et-qualite-dusage-dans-batiments" audience="Particuliers">
<Titre>Réglementation acoustique des bâtiments d'habitation neufs</Titre>
<Source ID="R30658">Ministère chargé de l'environnement</Source>
</PourEnSavoirPlus>
<PourEnSavoirPlus type="Information pratique" ID="R3051" URL="https://solidarites-sante.gouv.fr/IMG/pdf/guide_maire.pdf" audience="Particuliers" format="application/pdf" poids="1.7 MB">
<Titre>Guide pratique du maire : bruits de voisinage</Titre>
<Source ID="R30662">Ministère des solidarités et de la santé</Source>
</PourEnSavoirPlus>
<PourEnSavoirPlus type="Information pratique" ID="R1140" URL="https://www.ademe.fr/sites/default/files/assets/documents/guide-pratique-isoler-son-logement-du-bruit.pdf" audience="Particuliers" format="application/pdf" poids="3.4 MB">
<Titre>Guide pratique : isoler son logement du bruit</Titre>
<Source ID="R30674">Agence de l'environnement et de la maîtrise de l'énergie (Ademe)</Source>
</PourEnSavoirPlus>

<QuestionReponse ID="F15837" audience="Particuliers">Peut-on forcer un propriétaire à faire insonoriser son logement ?</QuestionReponse>

</Publication>
