<?xml version="1.0" encoding="UTF-8"?><Publication xmlns:dc="http://purl.org/dc/elements/1.1/" xmlns:xsi="http://www.w3.org/2001/XMLSchema-instance" ID="F770" type="Fiche d'information" xsi:noNamespaceSchemaLocation="../Schemas/3.0/Publication.xsd">
<dc:title>Établir un testament</dc:title>
<dc:creator>Direction de l'information légale et administrative</dc:creator>
<dc:subject>Famille</dc:subject>
<dc:description>Le testament est un écrit dans lequel vous exprimez vos dernières volontés. Il vous permet notamment de transmettre, après votre décès, vos biens (appelés legs) à un ou plusieurs bénéficiaires (appelés légataires). Vous pouvez faire votre testament seul (testament olographe) ou devant un notaire (testament authentique). Vous pouvez modifier ou annuler votre testament jusqu'à votre décès.</dc:description>
<dc:publisher>Direction de l'information légale et administrative</dc:publisher>
<dc:contributor>Direction de l'information légale et administrative (Premier ministre), Ministère chargé de la justice</dc:contributor>
<dc:date>modified 2020-04-14</dc:date>
<dc:type>Fiche pratique</dc:type>
<dc:format>text/xml</dc:format>
<dc:identifier>F770</dc:identifier>
<dc:source>http://www.legifrance.gouv.fr/affichCode.do?idSectionTA=LEGISCTA000006136539&amp;cidTexte=LEGITEXT000006070721, http://www.legifrance.gouv.fr/affichCode.do?idSectionTA=LEGISCTA000006136540&amp;cidTexte=LEGITEXT000006070721, http://www.legifrance.gouv.fr/affichCode.do?idSectionTA=LEGISCTA000006150547&amp;cidTexte=LEGITEXT000006070721, http://www.legifrance.gouv.fr/affichCodeArticle.do?idArticle=LEGIARTI000006434608&amp;cidTexte=LEGITEXT000006070721, http://www.legifrance.gouv.fr/affichCode.do?idSectionTA=LEGISCTA000006150550&amp;cidTexte=LEGITEXT000006070721, http://www.legifrance.gouv.fr/affichCode.do?idArticle=LEGIARTI000006434774&amp;idSectionTA=LEGISCTA000006150552&amp;cidTexte=LEGITEXT000006070721, http://www.legifrance.gouv.fr/affichCode.do?idArticle=LEGIARTI000017923865&amp;idSectionTA=LEGISCTA000006199077&amp;cidTexte=LEGITEXT000006069577, http://circulaires.legifrance.gouv.fr/pdf/2015/02/cir_39293.pdf</dc:source>
<dc:language>Fr</dc:language>
<dc:relation>isPartOf N16265</dc:relation>
<dc:coverage>France entière</dc:coverage>
<dc:rights>https://www.service-public.fr/a-propos/mentions-legales</dc:rights>
<SurTitre>Fiche pratique</SurTitre>
<Audience>Particuliers</Audience>
<Canal>www.service-public.fr</Canal>
<FilDAriane>
<Niveau ID="Particuliers">Accueil particuliers</Niveau>
<Niveau ID="N19805">Famille</Niveau>
<Niveau ID="N16265">Testament</Niveau>
<Niveau ID="F770" type="Fiche d'information">Établir un testament</Niveau>
</FilDAriane>
<Theme ID="N19805">
<Titre>Famille</Titre>
</Theme>
<SousThemePere ID="N20090">Succession</SousThemePere><DossierPere ID="N16265">
<Titre>Testament</Titre>
<Fiche ID="F770">Établir un testament</Fiche>
<Fiche ID="F16274">Établir un testament-partage</Fiche>
</DossierPere>

<Introduction>
<Texte><Paragraphe>Le testament est un écrit dans lequel vous exprimez vos dernières volontés. Il vous permet notamment de transmettre, après votre décès, vos biens (appelés <Expression>legs</Expression>) à un ou plusieurs bénéficiaires (appelés<Expression> légataires</Expression>). Vous pouvez faire votre testament seul (testament <Expression>olographe</Expression>) ou devant un notaire (testament <Expression>authentique</Expression>). Vous pouvez modifier ou annuler votre testament jusqu'à votre décès.</Paragraphe>
</Texte>
</Introduction>
<Texte><Chapitre>
<Titre>
<Paragraphe>De quoi s'agit-il ?</Paragraphe>
</Titre><Paragraphe>Le testament est un écrit dans lequel vous exprimez vos dernières volontés. Par exemple, vous pouvez  :</Paragraphe>
<Liste type="puce">
<Item>
<Paragraphe>Transmettre vos biens (<LienIntra LienID="R15809" type="Définition de glossaire">legs</LienIntra>) après votre décès et décider de leur répartition entre bénéficiaires (<LienIntra LienID="R12704" type="Définition de glossaire">légataires</LienIntra>)</Paragraphe>
</Item>
</Liste>
<Liste type="puce">
<Item>
<Paragraphe>Désigner une <LienInterne LienPublication="F16271" type="Fiche Question-réponse" audience="Particuliers">personne chargée d'exécuter vos dernières volontés</LienInterne> (appelée <Expression>exécuteur testamentaire</Expression>)</Paragraphe>
</Item>
<Item>
<Paragraphe>Indiquer vos souhaits concernant votre corps (<LienInterne LienPublication="N441" type="Dossier" audience="Particuliers">don d'organes</LienInterne>, organisation des funérailles, <LienInterne LienPublication="F1558" type="Fiche d'information" audience="Particuliers">crémation</LienInterne>, etc)</Paragraphe>
</Item>
<Item>
<Paragraphe>Désigner un <LienInterne LienPublication="F2139" type="Fiche d'information" audience="Particuliers">tuteur</LienInterne> pour vos enfants</Paragraphe>
</Item>
<Item>
<Paragraphe>Reconnaître un enfant.</Paragraphe>
</Item>
</Liste>

</Chapitre>
<Chapitre>
<Titre>
<Paragraphe>Qui peut faire un testament ?</Paragraphe>
</Titre><Paragraphe>Pour faire un testament, vous devez remplir les 3 conditions suivantes :</Paragraphe>
<Liste type="puce">
<Item>
<Paragraphe>Être sain d'esprit,  c'est-à-dire posséder des capacités mentales permettant un discernement et une volonté suffisamment éclairée</Paragraphe>
</Item>
<Item>
<Paragraphe>Être majeur ou mineur de plus de 16 ans (entre 16 et 18 ans, vous pouvez  léguer uniquement la moitié de vos biens sauf si vous êtes  <LienInterne LienPublication="F1194" type="Fiche d'information" audience="Particuliers">mineur émancipé</LienInterne>)</Paragraphe>
</Item>
<Item>
<Paragraphe>Avoir la <LienIntra LienID="R355" type="Définition de glossaire">capacité juridique</LienIntra> de gérer vos biens.</Paragraphe>
</Item>
</Liste>
<Paragraphe>Si vous êtes <LienInterne LienPublication="F2120" type="Fiche d'information" audience="Particuliers">majeur sous tutelle</LienInterne>, vous pouvez faire un testament uniquement sur autorisation du juge des tutelles ou du conseil de famille.</Paragraphe>
<Paragraphe>Si vous êtes <LienInterne LienPublication="F33367" type="Fiche d'information" audience="Particuliers">majeur sous habilitation familiale</LienInterne>, <LienInterne LienPublication="F2075" type="Fiche d'information" audience="Particuliers">sous sauvegarde de justice</LienInterne> ou <LienInterne LienPublication="F2094" type="Fiche d'information" audience="Particuliers">sous curatelle,</LienInterne> vous pouvez faire seul votre testament.</Paragraphe>
<ASavoir>
<Titre>À savoir</Titre><Paragraphe>vous ne pouvez pas  faire un testament à 2. Par exemple, vous ne pouvez pas rédiger un seul testament pour vous et la <LienIntra LienID="R42442" type="Définition de glossaire">personne avec laquelle vous vivez en couple</LienIntra>. Chaque membre du couple doit rédiger son testament.</Paragraphe>
</ASavoir>
</Chapitre>
<Chapitre>
<Titre>
<Paragraphe>Comment le rédiger ?</Paragraphe>
</Titre><Paragraphe>Votre testament doit être écrit. Vous pouvez le faire seul ou devant un notaire.</Paragraphe>

<SousChapitre>
<Titre>
<Paragraphe>Faire seul son testament</Paragraphe>
</Titre><Paragraphe>Vous pouvez rédiger votre testament seul sans  faire appel à un notaire. Ce testament est dit <Expression>olographe</Expression>.</Paragraphe>
<Paragraphe>Pour qu'il soit valable, les 3 conditions suivantes doivent être remplies :</Paragraphe>
<Liste type="puce">
<Item>
<Paragraphe>Être écrit en entier à la main  (il ne doit jamais être tapé à l’ordinateur, même en partie)</Paragraphe>
</Item>
<Item>
<Paragraphe>Être daté précisément (indication du jour, du mois, et de l'année)</Paragraphe>
</Item>
<Item>
<Paragraphe>Être signé.</Paragraphe>
</Item>
</Liste>
<Paragraphe>Afin d'éviter tout risque d'annulation de votre testament, ou de mauvaise interprétation (ambiguïté, etc.), vous pouvez demander conseil à un notaire pour le rédiger.</Paragraphe>
<Paragraphe>Vous pouvez conserver vous-même votre testament .</Paragraphe>
<ASavoir>
<Titre>À savoir</Titre><Paragraphe>il est conseillé d'informer des personnes de confiance de la rédaction d'un testament et de son lieu de conservation. Si son existence et sa localisation sont ignorées de tous, le testament ne pourra pas être  respecté.</Paragraphe>
</ASavoir><Paragraphe>Vous pouvez également le confier à un notaire pour qu'il le conserve.  Dans ce cas, le notaire vous propose de le faire  enregistrer au <LienInterne LienPublication="F15009" type="Fiche Question-réponse" audience="Particuliers"> fichier central des dispositions de dernières volontés (FCDDV)</LienInterne>.</Paragraphe>

<Attention>
<Titre>Attention</Titre><Paragraphe>la <LienInterne LienPublication="F887" type="Fiche d'information" audience="Particuliers">reconnaissance d'un enfant</LienInterne> dans un testament doit être faite devant notaire.</Paragraphe>
</Attention>
</SousChapitre>
<SousChapitre>
<Titre>
<Paragraphe>Faire établir son testament par un notaire</Paragraphe>
</Titre><Paragraphe>Ce testament est dit <Expression> authentique</Expression>. Vous le dictez à un notaire, en présence de 2 témoins ou d'un autre notaire. Une fois rédigé, le notaire vous fait la lecture de votre testament. Vous devez ensuite signer le document. Les témoins ou le 2<Exposant>e</Exposant> notaire présent doivent aussi signer le testament.</Paragraphe>
<Paragraphe>Vous pouvez aussi faire un testament sans en dévoiler le contenu. Ce testament est dit <Expression>mystique. </Expression>Vous le remettez au notaire dans une enveloppe fermée, en présence de 2 témoins. Toutefois, il est peu utilisé car la procédure est complexe.</Paragraphe>
<Paragraphe>Le notaire  conserve votre testament  et le fait enregistrer au <LienInterne LienPublication="F15009" type="Fiche Question-réponse" audience="Particuliers"> fichier central des dispositions de dernières volontés (FCDDV)</LienInterne>.</Paragraphe>
<ASavoir>
<Titre>À savoir</Titre><Paragraphe>si vous ne parlez pas français, vous pouvez vous faire assister par un interprète. Si vous êtes sourd-muet et ne savez pas lire et écrire, vous pourrez être assisté d'un interprète en langue des signes. Renseignez-vous auprès de votre notaire.</Paragraphe>
</ASavoir>
</SousChapitre>
</Chapitre>
<Chapitre>
<Titre>
<Paragraphe>Biens transmis</Paragraphe>
</Titre><Paragraphe>Les biens que vous transmettez dans un testament s'appellent des <Expression>legs</Expression>.</Paragraphe>

<SousChapitre>
<Titre>
<Paragraphe>Quels biens peut-on léguer ?</Paragraphe>
</Titre><Paragraphe>Les biens doivent vous appartenir personnellement.</Paragraphe>
<Paragraphe>Il peut s'agir de  maisons, appartements, terrains, etc. Vous pouvez aussi léguer des meubles, véhicules, tableaux, etc.</Paragraphe>
<Paragraphe>Par contre, vous ne pouvez pas léguer votre nom ou un titre honorifique.</Paragraphe>

</SousChapitre>
<SousChapitre>
<Titre>
<Paragraphe>Règles de transmission</Paragraphe>
</Titre><Paragraphe>Vous devez respecter les règles de transmission imposées par la loi. Ainsi, les  <LienIntra LienID="R12674" type="Définition de glossaire">héritiers réservataires</LienIntra> ne peuvent pas être exclus de votre succession. Vous pouvez donc transmettre librement la part qui dépasse la <LienIntra LienID="R31592" type="Définition de glossaire">réserve héréditaire</LienIntra>. On appelle cette part la <LienIntra LienID="R16243" type="Définition de glossaire">quotité disponible</LienIntra>.</Paragraphe>

</SousChapitre>
<SousChapitre>
<Titre>
<Paragraphe>Types de legs</Paragraphe>
</Titre><Paragraphe>Vous avez le choix entre 3 types de <LienIntra LienID="R15809" type="Définition de glossaire">legs</LienIntra> :</Paragraphe>
<Liste type="puce">
<Item>
<Paragraphe>Le <Expression>legs universel</Expression> vous permet de léguer tous vos biens à une personne (appelé <Expression>légataire universel</Expression>). Vous pouvez désigner plusieurs légataires universels, le partage s'effectuera entre eux à parts égales.</Paragraphe>
</Item>
</Liste>
<Liste type="puce">
<Item>
<Paragraphe>Le <Expression>legs à titre universel</Expression> vous permet de léguer à une personne (appelé <Expression>légataire à titre universel</Expression>) une partie de vos biens (la moitié, le quart...) ou une catégorie de vos biens (biens immobiliers seulement par exemple).</Paragraphe>
</Item>
<Item>
<Paragraphe>Le <Expression>legs particulier</Expression> vous permet de léguer à une personne (appelé <Expression>légataire particulier</Expression>) un ou plusieurs biens déterminés (un bijou par exemple).</Paragraphe>
</Item>
</Liste>
<Paragraphe>Le <Expression>légataire universel</Expression> ainsi que le <Expression>légataire à titre universel</Expression> doivent payer les dettes de votre succession, proportionnellement à leur part. Le <Expression>légataire particulier</Expression> n'a pas cette obligation.</Paragraphe>
<ASavoir>
<Titre>À savoir</Titre><Paragraphe>vous pouvez faire un legs au profit d'associations qui sont autorisées à les recevoir. C'est notamment le cas des <LienInterne LienPublication="F1131" type="Fiche d'information" audience="Associations">associations reconnues d'utilité publique</LienInterne>.</Paragraphe>
</ASavoir>
</SousChapitre>
</Chapitre>
<Chapitre>
<Titre>
<Paragraphe>Coût</Paragraphe>
</Titre><Paragraphe>La rédaction d'un testament olographe est gratuite.</Paragraphe>
<Paragraphe>Toutefois, si vous déposez le document chez un notaire, vous devrez payer des frais de garde.</Paragraphe>
<Paragraphe>Si vous faites établir votre testament devant notaire, vous devrez payer des frais de notaire.</Paragraphe>
<BlocCas affichage="onglet"><Cas>
<Titre>
<Paragraphe>Entre le 1er mai 2016 et le 31 décembre 2020</Paragraphe>
</Titre><Paragraphe>Ces tarifs s'appliquent aux prestations :</Paragraphe>
<Liste type="puce">
<Item>
<Paragraphe>effectuées avant janvier 2021 et qui n'ont pas encore été réglées</Paragraphe>
</Item>
</Liste>
<Liste type="puce">
<Item>
<Paragraphe>ou qui ont donné lieu au versement par le client d'un acompte ou d'une provision, avant mars 2020</Paragraphe>
</Item>
</Liste>
<Liste type="puce">
<Item>
<Paragraphe>ou qui ont donné lieu à des frais engagés par un notaire avant mars 2020.</Paragraphe>
</Item>
</Liste>
<Tableau>
<Titre>Émoluments selon le type de testament (hors TVA)</Titre>
<Colonne largeur="23" type="header"/>
<Colonne largeur="23" type="normal"/>
<Colonne largeur="24" type="normal"/>
<Colonne largeur="29" type="normal"/>
<Rangée type="header">
<Cellule>
<Paragraphe>Type de testament</Paragraphe>
</Cellule>
<Cellule>
<Paragraphe>Frais de rédaction (hors TVA)</Paragraphe>
</Cellule>
<Cellule>
<Paragraphe>Frais d'ouverture et de description (hors TVA)</Paragraphe>
</Cellule>
<Cellule>
<Paragraphe>Frais de garde avant le décès (hors TVA)</Paragraphe>
</Cellule>
</Rangée>
<Rangée type="normal">
<Cellule>
<Paragraphe>Testament olographe</Paragraphe>
</Cellule>
<Cellule>
<Paragraphe>Pas de frais</Paragraphe>
</Cellule>
<Cellule>
<Paragraphe>
<Valeur>26,92 €</Valeur>
</Paragraphe>
</Cellule>
<Cellule>
<Paragraphe>
<Valeur>26,92 €</Valeur>
</Paragraphe>
</Cellule>
</Rangée>
<Rangée type="normal">
<Cellule>
<Paragraphe>Testament authentique ou mystique</Paragraphe>
</Cellule>
<Cellule>
<Paragraphe>
<Valeur>115,39 €</Valeur>
</Paragraphe>
</Cellule>
<Cellule>
<Paragraphe>Pas de frais</Paragraphe>
</Cellule>
<Cellule>
<Paragraphe>Pas de frais</Paragraphe>
</Cellule>
</Rangée>
</Tableau>

</Cas>
<Cas>
<Titre>
<Paragraphe>À partir de janvier 2021</Paragraphe>
</Titre><Tableau>
<Titre>Émoluments selon le type de testament (hors TVA)</Titre>
<Colonne largeur="21" type="header"/>
<Colonne largeur="21" type="normal"/>
<Colonne largeur="22" type="normal"/>
<Colonne largeur="26" type="normal"/>
<Rangée type="header">
<Cellule>
<Paragraphe>Type de testament</Paragraphe>
</Cellule>
<Cellule>
<Paragraphe>Frais de rédaction (hors TVA)</Paragraphe>
</Cellule>
<Cellule>
<Paragraphe>Frais d'ouverture et de description (hors TVA)</Paragraphe>
</Cellule>
<Cellule>
<Paragraphe>Frais de garde avant le décès (hors TVA)</Paragraphe>
</Cellule>
</Rangée>
<Rangée type="normal">
<Cellule>
<Paragraphe>Testament olographe</Paragraphe>
</Cellule>
<Cellule>
<Paragraphe>Pas de frais</Paragraphe>
</Cellule>
<Cellule>
<Paragraphe>
<Valeur>26,41 €</Valeur>
</Paragraphe>
</Cellule>
<Cellule>
<Paragraphe>
<Valeur>26,41 €</Valeur>
</Paragraphe>
</Cellule>
</Rangée>
<Rangée type="normal">
<Cellule>
<Paragraphe>Testament authentique ou mystique</Paragraphe>
</Cellule>
<Cellule>
<Paragraphe>
<Valeur>113,19 €</Valeur>
</Paragraphe>
</Cellule>
<Cellule>
<Paragraphe>Pas de frais</Paragraphe>
</Cellule>
<Cellule>
<Paragraphe>Pas de frais</Paragraphe>
</Cellule>
</Rangée>
</Tableau>

</Cas>
<Cas>
<Titre>
<Paragraphe>Avant mai 2016</Paragraphe>
</Titre><Paragraphe>Les tarifs suivants s'appliquent aux prestations suivantes :</Paragraphe>
<Liste type="puce">
<Item>
<Paragraphe>Prestations effectuées avant mai 2016 et qui n'ont pas encore été réglées</Paragraphe>
</Item>
<Item>
<Paragraphe>Prestations qui ont donné lieu au versement  par le client d'un acompte ou d'une provision avant mars 2016</Paragraphe>
</Item>
<Item>
<Paragraphe>Prestations qui ont donné lieu à des  frais engagés par un notaire avant mars 2016</Paragraphe>
</Item>
</Liste>
<Tableau>
<Titre>Émoluments selon le type de testament (hors TVA)</Titre>
<Colonne largeur="22" type="header"/>
<Colonne largeur="22" type="normal"/>
<Colonne largeur="24" type="normal"/>
<Colonne largeur="29" type="normal"/>
<Rangée type="header">
<Cellule>
<Paragraphe>Type de testament</Paragraphe>
</Cellule>
<Cellule>
<Paragraphe>Frais de rédaction (hors TVA)</Paragraphe>
</Cellule>
<Cellule>
<Paragraphe>Frais d'ouverture et de description (hors TVA)</Paragraphe>
</Cellule>
<Cellule>
<Paragraphe>Frais de garde avant le décès (hors TVA)</Paragraphe>
</Cellule>
</Rangée>
<Rangée type="normal">
<Cellule>
<Paragraphe>Testament <Expression>olographe</Expression>
</Paragraphe>
</Cellule>
<Cellule>
<Paragraphe>Pas de frais</Paragraphe>
</Cellule>
<Cellule>
<Paragraphe>
<Valeur>27,30 €</Valeur>
</Paragraphe>
</Cellule>
<Cellule>
<Paragraphe>
<Valeur>27,30 €</Valeur>
</Paragraphe>
</Cellule>
</Rangée>
<Rangée type="normal">
<Cellule>
<Paragraphe>Testament <Expression>authentiqu</Expression>e ou <Expression>mystique</Expression>
</Paragraphe>
</Cellule>
<Cellule>
<Paragraphe>
<Valeur>117,00 €</Valeur>
</Paragraphe>
</Cellule>
<Cellule>
<Paragraphe>
<Valeur>54,6 €</Valeur>
</Paragraphe>
</Cellule>
<Cellule>
<Paragraphe>Pas de frais</Paragraphe>
</Cellule>
</Rangée>
</Tableau>

</Cas>
</BlocCas>

</Chapitre>
<Chapitre>
<Titre>
<Paragraphe>Annulation ou modification</Paragraphe>
</Titre><Paragraphe>Vous pouvez, jusqu'à votre décès, modifier ou annuler votre testament.</Paragraphe>
<Paragraphe>Après votre décès, vos héritiers peuvent, dans certains cas, demander en justice l'annulation votre testament.</Paragraphe>

<SousChapitre>
<Titre>
<Paragraphe>À votre initiative</Paragraphe>
</Titre><Paragraphe>Vous pouvez, jusqu'à votre décès, revenir sur votre testament.</Paragraphe>
<Paragraphe>Selon l'importance des modifications à établir, vous pouvez :</Paragraphe>
<Liste type="puce">
<Item>
<Paragraphe>Faire un acte de déclaration de changement de volonté devant notaire</Paragraphe>
</Item>
<Item>
<Paragraphe>Faire un nouveau testament annulant le précédent</Paragraphe>
</Item>
<Item>
<Paragraphe>Détruire votre testament <Expression>olographe</Expression> (en le déchirant par exemple).</Paragraphe>
</Item>
</Liste>

</SousChapitre>
<SousChapitre>
<Titre>
<Paragraphe>Annulation judiciaire</Paragraphe>
</Titre><Paragraphe>Après votre décès, vos héritiers peuvent demander en justice l'annulation de votre testament. Cette demande doit être faite par <LienIntra LienID="R12538" type="Définition de glossaire">assignation</LienIntra>. L'annulation peut être demandée dans les cas suivants :</Paragraphe>
<BlocCas affichage="radio"><Cas>
<Titre>
<Paragraphe>Inexécution des obligations prévues par le testament</Paragraphe>
</Titre><Paragraphe>Un testament peut obliger le <LienIntra LienID="R12704" type="Définition de glossaire">légataire</LienIntra> à accomplir certaines charges (par exemple, verser une rente à une personne déterminée).</Paragraphe>
<Paragraphe>Si le légataire n'exécute pas ses obligations, vos héritiers pourront demander l'annulation du testament en justice.</Paragraphe>
<OuSAdresser ID="R30" type="Local">
<Titre>Tribunal judiciaire ou de proximité</Titre>
<RessourceWeb URL="https://www.justice.fr/recherche/annuaires"/>
<Source ID="R30663">Ministère chargé de la justice</Source>
</OuSAdresser>
<Paragraphe>Vos héritiers doivent demander l'annulation  dans un délai de <Valeur>5</Valeur> ans à partir du jour où le légataire a arrêté d'accomplir ses charges.</Paragraphe>
<Paragraphe>Les juges déterminent si les faits reprochés sont suffisamment graves pour autoriser l'annulation du testament.</Paragraphe>

</Cas>
<Cas>
<Titre>
<Paragraphe>Ingratitude</Paragraphe>
</Titre><Paragraphe>Vos héritiers pourront demander  l'annulation pour ingratitude  si le légataire :</Paragraphe>
<Liste type="puce">
<Item>
<Paragraphe>a tenté de vous tuer</Paragraphe>
</Item>
<Item>
<Paragraphe>ou a commis des <LienIntra LienID="R49229" type="Définition de glossaire">délits</LienIntra>, injures ou sévices graves à votre encontre</Paragraphe>
</Item>
<Item>
<Paragraphe>ou a commis une injure grave à votre mémoire.</Paragraphe>
</Item>
</Liste>
<Paragraphe>Vos héritiers doivent demander l'annulation au juge.</Paragraphe>
<OuSAdresser ID="R30" type="Local">
<Titre>Tribunal judiciaire ou de proximité</Titre>
<RessourceWeb URL="https://www.justice.fr/recherche/annuaires"/>
<Source ID="R30663">Ministère chargé de la justice</Source>
</OuSAdresser>
<Paragraphe>Vos héritiers doivent demander l'annulation  dans un délai d'<Valeur>1</Valeur> an à partir du jour où vos héritiers ont eu connaissance à la fois des faits et du testament.</Paragraphe>
<Paragraphe>Les juges déterminent si les faits reprochés sont suffisamment graves pour autoriser l'annulation du testament.</Paragraphe>

</Cas>
</BlocCas>

</SousChapitre>
</Chapitre>
</Texte><VoirAussi important="non">
<Fiche ID="F16274" audience="Particuliers">
<Titre>Établir un testament-partage</Titre>
<Theme ID="N19805">
<Titre>Famille</Titre>
</Theme>
</Fiche>
</VoirAussi>

<OuSAdresser ID="R18478" type="Local personnalisable">
<Titre>Notaire</Titre>
<PivotLocal>notaire</PivotLocal>
<RessourceWeb URL="http://www.notaires.fr/fr/annuaires-notaire"/>
</OuSAdresser>
<OuSAdresser ID="R10918" type="Local personnalisable">
<Titre>Chambre départementale des notaires</Titre>
<PivotLocal>chambre_notaire</PivotLocal>
<RessourceWeb URL="https://www.notaires.fr/fr/annuaire-chambre-notaire"/>
</OuSAdresser>
<Reference type="Texte de référence" URL="http://www.legifrance.gouv.fr/affichCode.do?idSectionTA=LEGISCTA000006136539&amp;cidTexte=LEGITEXT000006070721" ID="R33053">
<Titre>Code civil : articles 893 à 900-8</Titre>
<Complement>Libéralité par testament (article 893) ; définition du testament (article 895)</Complement>
</Reference>
<Reference type="Texte de référence" URL="http://www.legifrance.gouv.fr/affichCode.do?idSectionTA=LEGISCTA000006136540&amp;cidTexte=LEGITEXT000006070721" ID="R3142">
<Titre>Code civil : articles 901 à 911</Titre>
<Complement>Conditions pour faire un testament (article 901)</Complement>
</Reference>
<Reference type="Texte de référence" URL="http://www.legifrance.gouv.fr/affichCode.do?idSectionTA=LEGISCTA000006150547&amp;cidTexte=LEGITEXT000006070721" ID="R32117">
<Titre>Code civil : articles 967 à 980</Titre>
<Complement>Forme des testaments</Complement>
</Reference>
<Reference type="Texte de référence" URL="http://www.legifrance.gouv.fr/affichCodeArticle.do?idArticle=LEGIARTI000006434608&amp;cidTexte=LEGITEXT000006070721" ID="R31861">
<Titre>Code civil : articles 1003 à 1009</Titre>
<Complement>Legs universel</Complement>
</Reference>
<Reference type="Texte de référence" URL="http://www.legifrance.gouv.fr/affichCode.do?idSectionTA=LEGISCTA000006150550&amp;cidTexte=LEGITEXT000006070721" ID="R33151">
<Titre>Code civil : articles 1010 à 1013</Titre>
<Complement>Legs à titre universel</Complement>
</Reference>
<Reference type="Texte de référence" URL="http://www.legifrance.gouv.fr/affichCode.do?idArticle=LEGIARTI000006434774&amp;idSectionTA=LEGISCTA000006150552&amp;cidTexte=LEGITEXT000006070721" ID="R18125">
<Titre>Code civil : articles 1035 à 1047</Titre>
<Complement>Révocation des testaments</Complement>
</Reference>
<Reference type="Texte de référence" URL="http://www.legifrance.gouv.fr/affichCode.do?idArticle=LEGIARTI000017923865&amp;idSectionTA=LEGISCTA000006199077&amp;cidTexte=LEGITEXT000006069577" ID="R489">
<Titre>Code général des impôts : articles 635 à 637</Titre>
<Complement>Enregistrement du testament (article 636)</Complement>
</Reference>
<Reference type="Texte de référence" URL="http://circulaires.legifrance.gouv.fr/pdf/2015/02/cir_39293.pdf" ID="R39887" format="application/pdf" poids="200.7 KB">
<Titre>Circulaire du 19 février 2015 concernant la loi relative à la modernisation et à la simplification du droit et des procédures dans les domaines de la justice et des affaires intérieures</Titre>
</Reference>
<PourEnSavoirPlus type="Information pratique" ID="R47295" URL="https://notaviz.notaires.fr/" audience="Particuliers">
<Titre>Portail des services en ligne des notaires de France</Titre>
<Source ID="R30632">Notaires de France</Source>
</PourEnSavoirPlus>
<PourEnSavoirPlus type="Information pratique" ID="R42264" URL="http://www.arert.eu/Fiches-pratiques.html?lang=fr" audience="Particuliers">
<Titre>Inscrire et rechercher un testament dans chaque pays de l'Union européenne</Titre>
<Source ID="R42263">Notaires d'Europe</Source>
</PourEnSavoirPlus>
<Definition ID="R15809">
<Titre>Legs</Titre>
<Texte>
				<Paragraphe>Bien donné par testament à une personne</Paragraphe>
			</Texte>
</Definition>
<Definition ID="R31592">
<Titre>Réserve héréditaire</Titre>
<Texte>
				<Paragraphe>Fraction du patrimoine du défunt qui doit obligatoirement revenir aux héritiers réservataires (descendants) ou conjoint survivant si le défunt ne laisse pas de descendants</Paragraphe>
			</Texte><Reference type="Texte de référence" URL="http://www.legifrance.gouv.fr/affichCode.do?idSectionTA=LEGISCTA000006150544&amp;cidTexte=LEGITEXT000006070721" ID="R31562">
<Titre>Code civil : articles 912 à 917</Titre>
</Reference>
</Definition>
<Definition ID="R42442">
<Titre>Vivre en couple</Titre>
<Texte>
				<Paragraphe>Mariage, Pacs ou concubinage (union libre)</Paragraphe>
			</Texte>
</Definition>
<Definition ID="R16243">
<Titre>Quotité disponible</Titre>
<Texte>
				<Paragraphe>Part des biens d'une personne qu'elle peut donner librement par donation ou testament</Paragraphe>
			</Texte><Reference type="Texte de référence" URL="http://www.legifrance.gouv.fr/affichCode.do?idSectionTA=LEGISCTA000006150544&amp;cidTexte=LEGITEXT000006070721" ID="R31562">
<Titre>Code civil : articles 912 à 917</Titre>
</Reference>
</Definition>
<Definition ID="R12674">
<Titre>Héritier réservataire</Titre>
<Texte>
				<Paragraphe>Enfant, ou en l'absence d'enfant, l'époux, à qui la loi attribue une part d'héritage minimale</Paragraphe>
			</Texte><Reference type="Texte de référence" URL="http://www.legifrance.gouv.fr/affichCode.do?idSectionTA=LEGISCTA000006150544&amp;cidTexte=LEGITEXT000006070721" ID="R31562">
<Titre>Code civil : articles 912 à 917</Titre>
</Reference>
</Definition>
<Definition ID="R12704">
<Titre>Légataire</Titre>
<Texte>
				<Paragraphe>Personne désignée par testament pour recevoir les biens d'une personne décédée</Paragraphe>
			</Texte><Reference type="Texte de référence" URL="http://www.legifrance.gouv.fr/affichCode.do?idSectionTA=LEGISCTA000006150232&amp;cidTexte=LEGITEXT000006070721" ID="R33146">
<Titre>Code civil : articles 1002 à 1002-1</Titre>
</Reference>
</Definition>
<Definition ID="R49229">
<Titre>Délit</Titre>
<Texte>
				<Paragraphe>Infraction jugée par le tribunal correctionnel et punie principalement d'une amende et/ou  d'une peine d'emprisonnement inférieure à 10 ans</Paragraphe>
			</Texte>
</Definition>
<Definition ID="R355">
<Titre>Capacité juridique</Titre>
<Texte>
				<Paragraphe>Aptitude d'une personne (physique ou morale) à avoir des droits et des obligations et à les exercer elle-même (exemples : droit de conclure un contrat, droit d'agir en justice)</Paragraphe>
			</Texte><Reference type="Texte de référence" URL="https://www.legifrance.gouv.fr/affichCodeArticle.do?idArticle=LEGIARTI000036829833&amp;cidTexte=LEGITEXT000006070721" ID="R55906">
<Titre>Code civil : article 1445</Titre>
</Reference>
</Definition>
<Definition ID="R12538">
<Titre>Assignation</Titre>
<Texte>
				<Paragraphe>Acte d'huissier de justice informant une personne qu'un procès est engagé contre elle et la convoquant devant une juridiction</Paragraphe>
			</Texte>
</Definition>
<QuestionReponse ID="F17701" audience="Particuliers">Frais de notaire : de quoi s'agit-il ?</QuestionReponse>
<QuestionReponse ID="F795" audience="Particuliers">Quels sont les tarifs des notaires en matière de succession ?</QuestionReponse>
<QuestionReponse ID="F15009" audience="Particuliers">À quoi sert le fichier central des dispositions de dernières volontés (FCDDV) ?</QuestionReponse>
<QuestionReponse ID="F606" audience="Particuliers">Peut-on déshériter ses enfants ?</QuestionReponse>
<QuestionReponse ID="F16235" audience="Particuliers">Peut-on transmettre un bien à deux bénéficiaires successifs ?</QuestionReponse>
<QuestionReponse ID="F16271" audience="Particuliers">Peut-on désigner une personne pour gérer sa future succession ?</QuestionReponse>
<QuestionReponse ID="F130" audience="Particuliers">Peut-on désigner une personne pour s'occuper de son enfant après son décès ?</QuestionReponse>
<CommentFaireSi ID="F17649">J'organise ma succession</CommentFaireSi>
</Publication>
