<?xml version="1.0" encoding="UTF-8"?><Publication xmlns:dc="http://purl.org/dc/elements/1.1/" xmlns:xsi="http://www.w3.org/2001/XMLSchema-instance" ID="F799" type="Fiche d'information" xsi:noNamespaceSchemaLocation="../Schemas/3.0/Publication.xsd">
<dc:title>Douanes : sortir de France avec des produits ou marchandises</dc:title>
<dc:creator>Direction de l'information légale et administrative</dc:creator>
<dc:subject>Argent</dc:subject>
<dc:description>Avant de partir à l'étranger avec des marchandises, vous devez vérifier que l'exportation de ces marchandises est autorisée ou qu'elle n'est pas soumise à des formalités.</dc:description>
<dc:publisher>Direction de l'information légale et administrative</dc:publisher>
<dc:contributor>Direction de l'information légale et administrative (Premier ministre)</dc:contributor>
<dc:date>modified 2019-03-07</dc:date>
<dc:type>Fiche pratique</dc:type>
<dc:format>text/xml</dc:format>
<dc:identifier>F799</dc:identifier>
<dc:source>http://www.legifrance.gouv.fr/affichCode.do?idSectionTA=LEGISCTA000006165321&amp;cidTexte=LEGITEXT000006070719, https://www.legifrance.gouv.fr/affichCode.do?idSectionTA=LEGISCTA000006196954&amp;cidTexte=LEGITEXT000006072665, https://www.legifrance.gouv.fr/affichCode.do?idSectionTA=LEGISCTA000006138838&amp;cidTexte=LEGITEXT000006071570</dc:source>
<dc:language>Fr</dc:language>
<dc:relation>isPartOf N230</dc:relation>
<dc:coverage>France entière</dc:coverage>
<dc:rights>https://www.service-public.fr/a-propos/mentions-legales</dc:rights>
<SurTitre>Fiche pratique</SurTitre>
<Audience>Particuliers</Audience>
<Canal>www.service-public.fr</Canal>
<FilDAriane>
<Niveau ID="Particuliers">Accueil particuliers</Niveau>
<Niveau ID="N19803">Argent</Niveau>
<Niveau ID="N230">Douane</Niveau>
<Niveau ID="F799" type="Fiche d'information">Douanes : sortir de France avec des produits ou marchandises</Niveau>
</FilDAriane>
<Theme ID="N19803">
<Titre>Argent</Titre>
</Theme>
<SousThemePere ID="N20073">Impôts, taxes et douane</SousThemePere><DossierPere ID="N230">
<Titre>Douane</Titre><SousDossier ID="N230-1">
<Titre>Transfert d'argent</Titre>
<Fiche ID="F794">Argent transféré de la France à l'étranger</Fiche>
<Fiche ID="F801">Argent transféré en France depuis l'étranger</Fiche>
</SousDossier>
<SousDossier ID="N230-2">
<Titre>Transfert de marchandises</Titre>
<Fiche ID="F3161">Marchandises arrivant en France</Fiche>
<Fiche ID="F799">Marchandises quittant la France</Fiche>
</SousDossier>
<SousDossier ID="N230-3">
<Titre>Droits de douane, taxes et franchises</Titre>
<Fiche ID="F50">Achats effectués à l'étranger</Fiche>
<Fiche ID="F492">S'installer en France</Fiche>
</SousDossier>
<SousDossier ID="N230-4">
<Titre>Alcool et tabac</Titre>
<Fiche ID="F804">Rapporter du tabac de l'étranger</Fiche>
<Fiche ID="F812">Rapporter de l'alcool de l'étranger</Fiche>
</SousDossier>
</DossierPere>

<SousDossierPere>Transfert de marchandises</SousDossierPere>
<Introduction>
<Texte><Paragraphe>Avant de partir à l'étranger avec des marchandises, vous devez vérifier que l'exportation de ces marchandises est autorisée ou qu'elle n'est pas soumise  à des formalités.</Paragraphe>
</Texte>
</Introduction>
<Texte><Chapitre>
<Titre>
<Paragraphe>Avant votre départ</Paragraphe>
</Titre><Paragraphe>Avant de quitter la France, vous devez vérifier </Paragraphe>
<Liste type="puce">
<Item>
<Paragraphe>si les produits que vous souhaitez emmener peuvent quitter la France</Paragraphe>
</Item>
<Item>
<Paragraphe>ou s'ils doivent être déclarés à la douane française à leur sortie de France (marchandises soumises à formalités particulières).</Paragraphe>
</Item>
</Liste>
<Paragraphe>Vous devez également vérifier dans quelles  conditions ces produits sont autorisés à entrer dans le pays qui est votre destination (selon  leur valeur et leur nature notamment).</Paragraphe>
<Paragraphe>Vous pouvez vous renseigner :</Paragraphe>
<Liste type="puce">
<Item>
<Paragraphe>auprès de la douane française,</Paragraphe>
</Item>
<Item>
<Paragraphe>auprès des autorités consulaires en France ou des services douaniers ou touristiques du pays de destination,</Paragraphe>
</Item>
<Item>
<Paragraphe>sur la rubrique <LienExterne URL="https://www.diplomatie.gouv.fr/fr/conseils-aux-voyageurs/conseils-par-pays-destination/">Conseils aux voyageurs</LienExterne>

 du site du ministère des affaires étrangères en consultant la fiche du pays concerné.</Paragraphe>
</Item>
</Liste>
<OuSAdresser ID="R16283" type="Centre de contact">
<Titre>Infos Douane Service</Titre>
<Texte>
						
								<Paragraphe>
			Pour obtenir des informations douanières concernant l'exportation, l'importation, les formulaires douaniers, les transports et le passage aux frontières, les franchises...
		</Paragraphe>
							
						<Chapitre>
<Titre>
<Paragraphe>Par téléphone</Paragraphe>
</Titre>
								<Paragraphe>
			<MiseEnEvidence>0 811 20 44 44</MiseEnEvidence>
</Paragraphe>
								<Paragraphe>
			Ouvert du lundi au vendredi de 8h30 à 18h</Paragraphe>
								<Paragraphe>Numéro violet ou majoré : service <Valeur>0,06 €</Valeur> /min + prix d'un appel</Paragraphe>
								<Paragraphe>
			Hors métropole ou depuis l'étranger, composer le +33 1 72 40 78 50
		</Paragraphe>
							</Chapitre>
						<Chapitre>
<Titre>
<Paragraphe>Par messagerie</Paragraphe>
</Titre>
								<Paragraphe>Accès au <LienExterne URL="https://www.douane.gouv.fr/formulaire-infos-douane-service">formulaire de contact</LienExterne>
</Paragraphe>
							</Chapitre>
					</Texte>
</OuSAdresser>
<OuSAdresser ID="R2884" type="Local personnalisable">
<Titre>Ambassade ou consulat étranger en France</Titre>
<PivotLocal>ambassade_etranger_france</PivotLocal>
<RessourceWeb URL="http://www.diplomatie.gouv.fr/fr/le-ministere-et-son-reseau/annuaires-et-adresses-du-ministere/ambassades-et-consulats-etrangers/"/>
<Source ID="R30604">Ministère chargé de l'Europe et des affaires étrangères</Source>
</OuSAdresser>

</Chapitre>
<Chapitre>
<Titre>
<Paragraphe>Produits interdits</Paragraphe>
</Titre><Paragraphe>Voyager avec certains  produits est interdit, quel que soit le pays de destination. Il s'agit notamment :</Paragraphe>
<Liste type="puce">
<Item>
<Paragraphe>de stupéfiants (sauf autorisation spéciale délivrée par le directeur général de l'Agence nationale de sécurité du médicament et des produits de santé),</Paragraphe>
</Item>
<Item>
<Paragraphe>des produits et objets pédophiles (comportant des images ou de représentation de mineurs à caractère pornographique),</Paragraphe>
</Item>
<Item>
<Paragraphe>de contrefaçons.</Paragraphe>
</Item>
</Liste>
<Paragraphe>D'autre part, certains pays interdisent l'entrée sur leur territoire</Paragraphe>
<Liste type="puce">
<Item>
<Paragraphe>de produits alimentaires particuliers (par exemple l'alcool ou les denrées non-stérilisées telles que les fromages ou la charcuterie)</Paragraphe>
</Item>
<Item>
<Paragraphe>ou de divers appareils comme les appareils-photos, les caméscopes.</Paragraphe>
</Item>
</Liste>

</Chapitre>
<Chapitre>
<Titre>
<Paragraphe>Produits soumis à déclaration ou formalités</Paragraphe>
</Titre><Paragraphe>Vous devez déclarer certains produits en douane en quittant la France.</Paragraphe>
<Paragraphe>Il s'agit notamment :</Paragraphe>
<Liste type="puce">
<Item>
<Paragraphe>de <LienInterne LienPublication="F794" type="Fiche d'information" audience="Particuliers">transferts physiques d'argent</LienInterne> à partir de <Valeur>10 000 €</Valeur>,</Paragraphe>
</Item>
<Item>
<Paragraphe>de certains <LienExterne URL="http://www.douane.gouv.fr/articles/a10802-transport-d-oeuvres-et-objets-d-art-">biens culturels et œuvres d'art</LienExterne>

,</Paragraphe>
</Item>
<Item>
<Paragraphe>d'armes,</Paragraphe>
</Item>
<Item>
<Paragraphe><LienExterne URL="https://www.ecologique-solidaire.gouv.fr/commerce-international-des-especes-sauvages-cites">d'espèces animales et végétales sauvages menacées et protégées au niveau européen ou international</LienExterne>

.</Paragraphe>
</Item>
</Liste>
<Paragraphe>Renseignez-vous sur les procédures nécessaires auprès des services douaniers.</Paragraphe>
<OuSAdresser ID="R22333" type="Local personnalisable">
<Titre>Services douaniers en France et en Europe</Titre>
<PivotLocal>douane_metropole</PivotLocal>
<RessourceWeb URL="https://pro.douane.gouv.fr/rush/API_Service.asp?sid=&amp;app="/>
<Source ID="R30602">Ministère chargé de la fonction publique</Source>
</OuSAdresser>
<ASavoir>
<Titre>À savoir</Titre><Paragraphe>si vous voyagez avec votre animal de compagnie, vous devez accomplir <LienInterne LienPublication="F21374" type="Fiche d'information" audience="Particuliers">certaines formalités sanitaires avant le départ</LienInterne>.</Paragraphe>
</ASavoir>
</Chapitre>
</Texte><OuSAdresser ID="R16283" type="Centre de contact">
<Titre>Infos Douane Service</Titre>
<Complement>Pour toute information</Complement><Texte>
						
								<Paragraphe>
			Pour obtenir des informations douanières concernant l'exportation, l'importation, les formulaires douaniers, les transports et le passage aux frontières, les franchises...
		</Paragraphe>
							
						<Chapitre>
<Titre>
<Paragraphe>Par téléphone</Paragraphe>
</Titre>
								<Paragraphe>
			<MiseEnEvidence>0 811 20 44 44</MiseEnEvidence>
</Paragraphe>
								<Paragraphe>
			Ouvert du lundi au vendredi de 8h30 à 18h</Paragraphe>
								<Paragraphe>Numéro violet ou majoré : service <Valeur>0,06 €</Valeur> /min + prix d'un appel</Paragraphe>
								<Paragraphe>
			Hors métropole ou depuis l'étranger, composer le +33 1 72 40 78 50
		</Paragraphe>
							</Chapitre>
						<Chapitre>
<Titre>
<Paragraphe>Par messagerie</Paragraphe>
</Titre>
								<Paragraphe>Accès au <LienExterne URL="https://www.douane.gouv.fr/formulaire-infos-douane-service">formulaire de contact</LienExterne>
</Paragraphe>
							</Chapitre>
					</Texte>
</OuSAdresser>
<OuSAdresser ID="R2884" type="Local personnalisable">
<Titre>Ambassade ou consulat étranger en France</Titre>
<Complement>Pour s'informer avant le départ à l'étranger sur les formalités douanières</Complement>
<PivotLocal>ambassade_etranger_france</PivotLocal>
<RessourceWeb URL="http://www.diplomatie.gouv.fr/fr/le-ministere-et-son-reseau/annuaires-et-adresses-du-ministere/ambassades-et-consulats-etrangers/"/>
<Source ID="R30604">Ministère chargé de l'Europe et des affaires étrangères</Source>
</OuSAdresser>
<Reference type="Texte de référence" URL="http://www.legifrance.gouv.fr/affichCode.do?idSectionTA=LEGISCTA000006165321&amp;cidTexte=LEGITEXT000006070719" ID="R2302">
<Titre>Code pénal : articles 227-15 à 227-28-3</Titre>
<Complement>Mise en péril des mineurs</Complement>
</Reference>
<Reference type="Texte de référence" URL="https://www.legifrance.gouv.fr/affichCode.do?idSectionTA=LEGISCTA000006196954&amp;cidTexte=LEGITEXT000006072665" ID="R48942">
<Titre>Code de la santé publique : articles R5132-74 à R5132-87</Titre>
<Complement>Interdiction de l'exportation de substances et préparations stupéfiantes</Complement>
</Reference>
<Reference type="Texte de référence" URL="https://www.legifrance.gouv.fr/affichCode.do?idSectionTA=LEGISCTA000006138838&amp;cidTexte=LEGITEXT000006071570" ID="R48922">
<Titre>Code des douanes : article 38</Titre>
<Complement>Interdictions d'exportation de certains produits</Complement>
</Reference>
<ServiceEnLigne ID="R33700" URL="https://www.formulaires.service-public.fr/gf/cerfa_11287.do" format="application/pdf" poids="93.5 KB" numerocerfa="11287*02" type="Formulaire">
<Titre>Permis de transfert d'armes à feu et de munitions</Titre>
<Source ID="R30612">Ministère chargé des finances</Source><NoticeLiee ID="R45301" URL="https://www.douane.gouv.fr/sites/default/files/uploads/files/2019-04/notice-11287.pdf" numerocerfa="11287-02" format="application/pdf" poids="0">Notice - Demande de permis de transfert d'armes à feu et de munitions</NoticeLiee>
</ServiceEnLigne>
<PourEnSavoirPlus type="Information pratique" ID="R2885" URL="https://www.diplomatie.gouv.fr/fr/conseils-aux-voyageurs/conseils-par-pays-destination/" audience="Particuliers">
<Titre>Conseils aux voyageurs</Titre>
<Source ID="R30604">Ministère chargé de l'Europe et des affaires étrangères</Source>
</PourEnSavoirPlus>
<PourEnSavoirPlus type="Information pratique" ID="R15953" URL="http://www.douane.gouv.fr/articles/a10802-transport-d-oeuvres-et-objets-d-art-" audience="Particuliers">
<Titre>Transport d'œuvres et objets d'art</Titre>
<Source ID="R30612">Ministère chargé des finances</Source>
</PourEnSavoirPlus>
<PourEnSavoirPlus type="Information pratique" ID="R15952" URL="https://www.ecologique-solidaire.gouv.fr/commerce-international-des-especes-sauvages-cites" audience="Particuliers">
<Titre>Commerce international des espèces sauvages</Titre>
<Source ID="R30658">Ministère chargé de l'environnement</Source>
</PourEnSavoirPlus>
</Publication>
