<?xml version="1.0" encoding="UTF-8"?><Publication xmlns:dc="http://purl.org/dc/elements/1.1/" xmlns:xsi="http://www.w3.org/2001/XMLSchema-instance" ID="F835" type="Fiche d'information" xsi:noNamespaceSchemaLocation="../Schemas/3.0/Publication.xsd">
<dc:title>Mariage sans contrat : régime de la communauté réduite aux acquêts</dc:title>
<dc:creator>Direction de l'information légale et administrative</dc:creator>
<dc:subject>Famille</dc:subject>
<dc:description>Les époux qui se marient sans contrat de mariage relèvent, par défaut, du régime de la communauté réduite aux acquêts.</dc:description>
<dc:publisher>Direction de l'information légale et administrative</dc:publisher>
<dc:contributor>Direction de l'information légale et administrative (Premier ministre)</dc:contributor>
<dc:date>modified 2020-02-28</dc:date>
<dc:type>Fiche pratique</dc:type>
<dc:format>text/xml</dc:format>
<dc:identifier>F835</dc:identifier>
<dc:source>http://www.legifrance.gouv.fr/affichCode.do?idSectionTA=LEGISCTA000006181835&amp;cidTexte=LEGITEXT000006070721, http://www.legifrance.gouv.fr/affichCode.do?idSectionTA=LEGISCTA000006181838&amp;cidTexte=LEGITEXT000006070721</dc:source>
<dc:language>Fr</dc:language>
<dc:relation>isPartOf N142</dc:relation>
<dc:coverage>France entière</dc:coverage>
<dc:rights>https://www.service-public.fr/a-propos/mentions-legales</dc:rights>
<SurTitre>Fiche pratique</SurTitre>
<Audience>Particuliers</Audience>
<Canal>www.service-public.fr</Canal>
<FilDAriane>
<Niveau ID="Particuliers">Accueil particuliers</Niveau>
<Niveau ID="N19805">Famille</Niveau>
<Niveau ID="N142">Mariage</Niveau>
<Niveau ID="F835" type="Fiche d'information">Mariage sans contrat : régime de la communauté réduite aux acquêts</Niveau>
</FilDAriane>
<Theme ID="N19805">
<Titre>Famille</Titre>
</Theme>
<SousThemePere ID="N20092">Couple</SousThemePere><DossierPere ID="N142">
<Titre>Mariage</Titre><SousDossier ID="N142-1">
<Titre>Célébration</Titre>
<Fiche ID="F930">Mariage en France</Fiche>
<Fiche ID="F21614">Mariage d'un Français à l'étranger</Fiche>
</SousDossier>
<SousDossier ID="N142-2">
<Titre>Régime matrimonial</Titre>
<Fiche ID="F835">Communauté réduite aux acquêts</Fiche>
<Fiche ID="F948">Contrat de mariage</Fiche>
</SousDossier>
<SousDossier ID="N142-3">
<Titre>Obligations des époux</Titre>
<Fiche ID="F1196">Obligation alimentaire</Fiche>
<Fiche ID="F966">Contribution aux charges du mariage</Fiche>
</SousDossier>
</DossierPere>

<SousDossierPere>Régime matrimonial</SousDossierPere>
<Introduction>
<Texte><Paragraphe>Les biens <LienIntra LienID="R1185" type="Définition de glossaire">mobiliers</LienIntra> ou <LienIntra LienID="R10833" type="Définition de glossaire">immobiliers</LienIntra> possédés  avant le mariage restent leur propriété personnelle. Le <LienIntra LienID="R44664" type="Définition de glossaire">patrimoine</LienIntra> des époux se compose de biens propres, de biens communs et de dettes. En respectant certaines conditions, les époux peuvent changer de régime matrimonial. À la fin du mariage, les biens communs  sont séparés en 2 parts égales.</Paragraphe>
</Texte>
</Introduction>
<Texte><Chapitre>
<Titre>
<Paragraphe>De quoi s'agit-il ?</Paragraphe>
</Titre><Paragraphe>Les époux qui se marient sans contrat de mariage relèvent automatiquement du régime de la <LienInterne LienPublication="F835" type="Fiche d'information" audience="Particuliers">communauté réduite aux acquêts</LienInterne> qui fonctionne de la façon suivante :</Paragraphe>
<Liste type="puce">
<Item>
<Paragraphe>Les biens <LienIntra LienID="R1185" type="Définition de glossaire">mobiliers</LienIntra> ou <LienIntra LienID="R10833" type="Définition de glossaire">immobiliers</LienIntra> possédés par les époux avant le mariage restent la propriété personnelle des époux. Ce sont les  <MiseEnEvidence>biens propres</MiseEnEvidence>.</Paragraphe>
</Item>
<Item>
<Paragraphe>Les biens acquis par les époux pendant le mariage, ainsi que leurs revenus (notamment ceux résultant du travail), sont communs. Il s'agit de <MiseEnEvidence>biens communs</MiseEnEvidence>.</Paragraphe>
</Item>
</Liste>
<ASavoir>
<Titre>À savoir</Titre><Paragraphe>vous n'avez aucune formalité à accomplir pour bénéficier de ce régime.</Paragraphe>
</ASavoir>
</Chapitre>
<Chapitre>
<Titre>
<Paragraphe>Gestion des biens communs et des biens propres</Paragraphe>
</Titre><Paragraphe>Le <LienIntra LienID="R44664" type="Définition de glossaire">patrimoine</LienIntra> des époux se compose de biens propres, de biens communs et de dettes.</Paragraphe>

<SousChapitre>
<Titre>
<Paragraphe>Biens propres</Paragraphe>
</Titre><Paragraphe>Chacun des époux gère et dispose de ses <LienIntra LienID="R46500" type="Définition de glossaire">biens propres</LienIntra>. Il peut s'agir de l'un des biens suivants :</Paragraphe>
<Liste type="puce">
<Item>
<Paragraphe>Biens possédés par un époux avant le mariage (par exemple, un appartement)</Paragraphe>
</Item>
<Item>
<Paragraphe>Biens reçus après le mariage par un époux, par exemple, par donation ou succession</Paragraphe>
</Item>
<Item>
<Paragraphe>Biens achetés durant le mariage par un époux avec, par exemple, de l'argent provenant d'une succession ou de la vente d'un bien propre,  à condition d'en faire la déclaration dans l'acte notarié.</Paragraphe>
</Item>
</Liste>

</SousChapitre>
<SousChapitre>
<Titre>
<Paragraphe>Biens communs</Paragraphe>
</Titre><Paragraphe>En général, pour  les biens communs, les <LienIntra LienID="R38576" type="Définition de glossaire">actes d'administration</LienIntra> et les <LienIntra LienID="R15441" type="Définition de glossaire">actes de disposition</LienIntra> peuvent être passés par l'un ou l'autre.</Paragraphe>
<Paragraphe>Il existe cependant des exceptions, par exemple :</Paragraphe>
<Liste type="puce">
<Item>
<Paragraphe>Le bail d'un  fonds rural ou d'un immeuble à usage commercial, industriel ou artisanal requiert l'accord des 2 époux.</Paragraphe>
</Item>
<Item>
<Paragraphe>La vente, donation ou la constitution d'une garantie sur un <LienIntra LienID="R10833" type="Définition de glossaire">immeuble</LienIntra> appartenant à la communauté requiert l'accord des 2 époux.</Paragraphe>
</Item>
</Liste>

</SousChapitre>
</Chapitre>
<Chapitre>
<Titre>
<Paragraphe>Dettes</Paragraphe>
</Titre><BlocCas affichage="onglet"><Cas>
<Titre>
<Paragraphe>Cas général</Paragraphe>
</Titre><Paragraphe>Si les époux contractent chacun de leur côté une dette pendant le mariage, ils seront tenus solidairement (c'est à dire, tous les 2) au remboursement de cette dette.</Paragraphe>
<Paragraphe>Pour autant, la solidarité entre époux ne s'applique pas si les dépenses sont manifestement excessives par rapport :</Paragraphe>
<Liste type="puce">
<Item>
<Paragraphe>au  train de vie du ménage,</Paragraphe>
</Item>
<Item>
<Paragraphe>à l'utilité ou à l'inutilité de l'opération, au regard des besoins de la vie courante (par exemple, l'achat d'une voiture de collection pourra ne pas être considéré comme une dépense ménagère tandis que l'achat d'un véhicule pour conduire un enfant à l'école, du fait du manque de transports en commun, pourra être considéré comme une dépense ménagère),</Paragraphe>
</Item>
<Item>
<Paragraphe>et à la bonne ou mauvaise foi du tiers contractant (par exemple, en cas de mauvaise foi, le tiers savait, avant tout engagement, que la dépense serait manifestement excessive pour le couple).</Paragraphe>
</Item>
</Liste>

</Cas>
<Cas>
<Titre>
<Paragraphe>Emprunt</Paragraphe>
</Titre><Paragraphe>L'emprunt et le cautionnement n'engagent les 2 époux que s'ils en ont consenti.</Paragraphe>
<Paragraphe>Cependant, la solidarité entre époux s'applique si l'emprunt ou le cautionnement portent :</Paragraphe>
<Liste type="puce">
<Item>
<Paragraphe>sur des sommes modestes nécessaires aux besoins de la vie courante,</Paragraphe>
</Item>
<Item>
<Paragraphe>et que le montant cumulé de ces sommes, en cas de pluralité d'emprunts, ne soit pas manifestement excessif au regard du train de vie du ménage.</Paragraphe>
</Item>
</Liste>

</Cas>
<Cas>
<Titre>
<Paragraphe>Caution</Paragraphe>
</Titre><Paragraphe>L'emprunt et le cautionnement n'engagent les 2 époux que s'ils en ont consenti.</Paragraphe>
<Paragraphe>Cependant, la solidarité entre époux s'applique si l'emprunt ou le cautionnement portent :</Paragraphe>
<Liste type="puce">
<Item>
<Paragraphe>sur des sommes modestes nécessaires aux besoins de la vie courante,</Paragraphe>
</Item>
<Item>
<Paragraphe>et que le montant cumulé de ces sommes, en cas de pluralité d'emprunts, ne soit pas manifestement excessif au regard du train de vie du ménage.</Paragraphe>
</Item>
</Liste>

</Cas>
</BlocCas>
<Paragraphe>Le <LienIntra LienID="R15912" type="Définition de glossaire">créancier</LienIntra> d'un époux ne peut saisir les gains et salaires de l'autre que si la dette concerne les dépenses d'entretien du ménage ou d'éducation des enfants (par exemple, frais d'alimentation, factures d'eau, d'électricité, de gaz, frais vestimentaires des enfants, frais scolaires).</Paragraphe>

</Chapitre>
<Chapitre>
<Titre>
<Paragraphe>Changement de régime matrimonial</Paragraphe>
</Titre><Paragraphe>Les époux peuvent <LienInterne LienPublication="F1535" type="Fiche Question-réponse" audience="Particuliers">modifier ou changer de régime matrimonial</LienInterne>, en respectant certaines conditions (par exemple, en agissant dans l'intérêt de la famille).</Paragraphe>
<Paragraphe>Dans certaines situations (par exemple, si l'un ou l'autre des époux a un enfant mineur), ce changement peut être soumis  à l'homologation du tribunal du lieu de résidence de la famille.</Paragraphe>
<Paragraphe>L’assistance d'un avocat est obligatoire pour faire homologuer par le juge la nouvelle convention matrimoniale.</Paragraphe>
<Paragraphe>L’avocat présente alors une requête au tribunal au nom des 2 époux, à laquelle est jointe une copie de l'acte notarié.</Paragraphe>
<OuSAdresser ID="R14218" type="Local personnalisable">
<Titre>Avocat</Titre>
<PivotLocal>avocat_conseil_national</PivotLocal>
<RessourceWeb URL="http://cnb.avocat.fr/Trouver-un-avocat-en-France_a341.html"/>
<Source ID="R30762">Conseil national des barreaux</Source>
</OuSAdresser>

</Chapitre>
<Chapitre>
<Titre>
<Paragraphe>Partage des biens communs</Paragraphe>
</Titre><Paragraphe>Les biens communs sont divisés en 2 parts égales notamment en cas de :</Paragraphe>
<Liste type="puce">
<Item>
<Paragraphe>
<LienInterne LienPublication="N159" type="Dossier" audience="Particuliers">divorce,</LienInterne>
</Paragraphe>
</Item>
<Item>
<Paragraphe>
<LienInterne LienPublication="F980" type="Fiche d'information" audience="Particuliers">séparation de corps</LienInterne>
</Paragraphe>
</Item>
<Item>
<Paragraphe>ou <LienInterne LienPublication="F16507" type="Fiche Comment faire si" audience="Particuliers">décès</LienInterne>.</Paragraphe>
</Item>
</Liste>

</Chapitre>
</Texte><VoirAussi important="non">
<Dossier ID="N159" audience="Particuliers">
<Titre>Divorce, séparation de corps</Titre>
<Theme ID="N19805">
<Titre>Famille</Titre>
</Theme>
</Dossier>
<Fiche ID="F980" audience="Particuliers">
<Titre>Séparation de corps</Titre>
<Theme ID="N19805">
<Titre>Famille</Titre>
</Theme>
</Fiche>
</VoirAussi>
<Reference type="Texte de référence" URL="http://www.legifrance.gouv.fr/affichCode.do?idSectionTA=LEGISCTA000006181835&amp;cidTexte=LEGITEXT000006070721" ID="R38578">
<Titre>Code civil : articles 1401 à 1408</Titre>
<Complement>Actif de la communauté</Complement>
</Reference>
<Reference type="Texte de référence" URL="http://www.legifrance.gouv.fr/affichCode.do?idSectionTA=LEGISCTA000006181838&amp;cidTexte=LEGITEXT000006070721" ID="R34259">
<Titre>Code civil : articles 1467 à 1480</Titre>
<Complement>Liquidation et partage de la communauté</Complement>
</Reference>
<PourEnSavoirPlus type="Information pratique" ID="R32231" URL="https://www.notaires.fr/fr/lint%C3%A9r%C3%AAt-du-contrat-de-mariage-dans-un-contexte-international-0" audience="Particuliers">
<Titre>Expatriés : l'intérêt du contrat de mariage</Titre>
<Source ID="R30632">Notaires de France</Source>
</PourEnSavoirPlus>
<Definition ID="R15441">
<Titre>Acte de disposition</Titre>
<Texte>
				<Paragraphe>Acte qui engage le patrimoine d'une personne, pour le présent ou l'avenir (exemples : vente d'un immeuble, conclusion d'un emprunt, donation). Il entraîne une transmission de droits qui peut diminuer la valeur du patrimoine. </Paragraphe>
			</Texte>
</Definition>
<Definition ID="R38576">
<Titre>Acte d'administration</Titre>
<Texte>
				<Paragraphe>Acte de gestion courante. Par exemple : conclusion d'un bail d'habitation ou ouverture d'un compte de dépôt. Il s'oppose aux actes de vente, de cession gratuite, de perte ou de destruction. </Paragraphe>
			</Texte>
</Definition>
<Definition ID="R10833">
<Titre>Bien immeuble (ou immobilier)</Titre>
<Texte>
				<Paragraphe>Bien ne pouvant pas être déplacé (exemples : terrain ou appartement) ou objet en faisant partie intégrante (exemple : clôture du terrain)</Paragraphe>
			</Texte>
</Definition>
<Definition ID="R44664">
<Titre>Patrimoine</Titre>
<Texte>
				<Paragraphe>Ensemble des biens (corporels et incorporels), droits et obligations d'une personne physique ou morale qui sont appréciables en argent (droits immobiliers, droits mobiliers, salaires, revenus, dettes, créances, etc...)</Paragraphe>
			</Texte>
</Definition>
<Definition ID="R46500">
<Titre>Biens propres</Titre>
<Texte>
				<Paragraphe>Bien appartenant à l'un ou l'autre des époux</Paragraphe>
			</Texte>
</Definition>
<Definition ID="R1185">
<Titre>Bien meuble</Titre>
<Texte>
				<Paragraphe>Bien qui peut être déplacé. Il peut s'agir d'un  bien corporel (objets, mobilier ou marchandise par exemple) ou d'un bien incorporel (par exemple droits d'auteur, parts sociales).</Paragraphe>
			</Texte>
</Definition>
<Definition ID="R15912">
<Titre>Créancier</Titre>
<Texte>
				<Paragraphe>Personne à qui l'on doit de l'argent ou la fourniture d'une prestation</Paragraphe>
			</Texte>
</Definition>
<QuestionReponse ID="F790" audience="Particuliers">Peut-on empêcher son époux de faire des dépenses inconsidérées ?</QuestionReponse>
<QuestionReponse ID="F1535" audience="Particuliers">Comment changer de régime matrimonial ?</QuestionReponse>
<QuestionReponse ID="F31176" audience="Particuliers">Régime matrimonial : qu'est-ce-que la communauté de meubles et acquêts ?</QuestionReponse>
<CommentFaireSi ID="F16507">Je dois faire face au décès d'un proche</CommentFaireSi>
</Publication>
