<?xml version="1.0" encoding="UTF-8"?><Publication xmlns:dc="http://purl.org/dc/elements/1.1/" xmlns:xsi="http://www.w3.org/2001/XMLSchema-instance" ID="F836" type="Fiche d'information" xsi:noNamespaceSchemaLocation="../Schemas/3.0/Publication.xsd">
<dc:title>Navigation maritime : achat d'un bateau de plaisance</dc:title>
<dc:creator>Direction de l'information légale et administrative</dc:creator>
<dc:subject>Loisirs</dc:subject>
<dc:description>Lors que vous achetez un bateau de plaisance, vous devez procéder à une ou plusieurs démarches administratives. Tout dépend de la longueur du bateau (inférieure, égale ou supérieure à 7 mètres) et de sa puissance en chevaux administratifs (CV).</dc:description>
<dc:publisher>Direction de l'information légale et administrative</dc:publisher>
<dc:contributor>Direction de l'information légale et administrative (Premier ministre)</dc:contributor>
<dc:date>modified 2020-05-18</dc:date>
<dc:type>Fiche pratique</dc:type>
<dc:format>text/xml</dc:format>
<dc:identifier>F836</dc:identifier>
<dc:source>https://www.legifrance.gouv.fr/affichTexte.do?cidTexte=JORFTEXT000033328879, https://www.legifrance.gouv.fr/affichCode.do?idSectionTA=LEGISCTA000006153118&amp;cidTexte=LEGITEXT000006071570</dc:source>
<dc:language>Fr</dc:language>
<dc:relation>isPartOf N550</dc:relation>
<dc:coverage>France entière</dc:coverage>
<dc:rights>https://www.service-public.fr/a-propos/mentions-legales</dc:rights>
<SurTitre>Fiche pratique</SurTitre>
<Audience>Particuliers</Audience>
<Canal>www.service-public.fr</Canal>
<FilDAriane>
<Niveau ID="Particuliers">Accueil particuliers</Niveau>
<Niveau ID="N19809">Loisirs</Niveau>
<Niveau ID="N550">Permis bateau et navigation de plaisance</Niveau>
<Niveau ID="F836" type="Fiche d'information">Navigation maritime : achat d'un bateau de plaisance</Niveau>
</FilDAriane>
<Theme ID="N19809">
<Titre>Loisirs</Titre>
</Theme>
<SousThemePere ID="N168">Vacances</SousThemePere><DossierPere ID="N550">
<Titre>Permis bateau et navigation de plaisance</Titre><SousDossier ID="N550-1">
<Titre>Naviguer en eaux intérieures</Titre>
<Fiche ID="F14022">Permis bateau de plaisance option eaux intérieures</Fiche>
<Fiche ID="F14023">Extension grande plaisance eaux intérieures</Fiche>
<Fiche ID="F2071">Enregistrement du bateau</Fiche>
</SousDossier>
<SousDossier ID="N550-2">
<Titre>Naviguer en mer</Titre>
<Fiche ID="F833">Francisation</Fiche>
<Fiche ID="F18988">Permis plaisance option côtière</Fiche>
<Fiche ID="F18989">Extension hauturière du permis plaisance option côtière</Fiche>
<Fiche ID="F1601">Immatriculation du navire</Fiche>
<Fiche ID="F2084">Sécurité des plaisanciers</Fiche>
</SousDossier>
<SousDossier ID="N550-3">
<Titre>Achat-vente d'un bateau de plaisance</Titre>
<Fiche ID="F33838">Navigation maritime : vente d'un bateau de plaisance</Fiche>
<Fiche ID="F836">Navigation maritime : achat d'un bateau de plaisance</Fiche>
</SousDossier>
</DossierPere>

<SousDossierPere>Achat-vente d'un bateau de plaisance</SousDossierPere><Avertissement ID="R56994" date="2020-08-11">
<Titre>Nouveau site de démarches en ligne</Titre>
<Texte>
				<Paragraphe>Le site officiel <LienExterne URL="https://www.demarches-plaisance.gouv.fr/puma-plaisancier/">www.demarches-plaisance.gouv.fr</LienExterne>
 permet de réaliser des démarches en ligne gratuitement. Ces démarches concernent les immatriculations de bateau et les mutations de propriété (achat/vente). Il s'adresse pour l'instant aux propriétaires de bateaux de moins de 7 mètres pour la navigation en mer. Ce site va s'enrichir progressivement de nouvelles fonctionnalités.</Paragraphe>
			</Texte>
</Avertissement>

<Introduction>
<Texte><Paragraphe>Lors que vous achetez un <LienIntra LienID="R18784" type="Définition de glossaire">bateau de plaisance</LienIntra>, vous devez procéder à une ou plusieurs démarches administratives. Tout dépend de la longueur du bateau (inférieure, égale ou supérieure à 7 mètres) et de sa puissance en chevaux administratifs (CV).</Paragraphe>
</Texte>
</Introduction>
<ListeSituations affichage="onglet"><Situation>
<Titre>Longueur supérieure ou égale à 7 mètres</Titre>
<Texte>
<Chapitre><Paragraphe>Le bateau de plaisance doit d'abord être <LienInterne LienPublication="F833" type="Fiche d'information" audience="Particuliers">francisé par la douane</LienInterne>, puis immatriculé par le service des affaires maritimes.</Paragraphe>

				<Paragraphe>La demande d'immatriculation est obligatoire pour l'achat d'un bateau neuf ou d'occasion.</Paragraphe>
				<Paragraphe>L'immatriculation est effectuée par le vendeur professionnel.</Paragraphe>
			
				<Paragraphe>La demande d'immatriculation s'effectue directement en ligne.</Paragraphe>
				<ServiceEnLigne ID="R56365" URL="https://www.demarches-plaisance.gouv.fr/puma-plaisancier/" type="Téléservice">
<Titre>Démarches en ligne pour les bateaux de plaisance (immatriculation, changement de situation...)</Titre>
<Source ID="R43570">Ministère chargé de la mer et de la pêche</Source>
</ServiceEnLigne>

				<Paragraphe>La démarche peut également être réalisée par courrier en renseignant la <LienInterne LienPublication="R43157" type="Formulaire" audience="Particuliers">fiche plaisance eaux maritimes</LienInterne> et en y joignant les documents suivants :</Paragraphe>
				<Liste type="puce">
					<Item>
						<Paragraphe>Original de la facture d'achat</Paragraphe>
					</Item>
					<Item>
						<Paragraphe>Original de la déclaration écrite de conformité aux exigences de sécurité européenne remise par le constructeur du bateau</Paragraphe>
					</Item>
					<Item>
						<Paragraphe>Photocopie de votre passeport ou carte nationale d'identité.</Paragraphe>
					</Item>
				</Liste>
				<Paragraphe>La fiche plaisance et les documents sont à envoyer, de préférence par lettre recommandée avec avis de réception, à un  service qui diffère selon que vous êtes en métropole ou en <LienIntra LienID="R41207" type="Définition de glossaire">outre-mer</LienIntra>.</Paragraphe>
			<BlocCas affichage="onglet"><Cas>
<Titre>
<Paragraphe>Métropole</Paragraphe>
</Titre>
										<OuSAdresser ID="R41455" type="National">
<Titre>Délégation à la mer et au littoral (services pour l'immatriculation d'un navire)</Titre>
<RessourceWeb URL="https://www.ecologique-solidaire.gouv.fr/coordonnees-des-services-plaisance-immatriculation-et-enregistrement-des-navires-permis-plaisance#e0"/>
<Source ID="R43570">Ministère chargé de la mer et de la pêche</Source>
</OuSAdresser>
									
</Cas>
<Cas>
<Titre>
<Paragraphe>Outre-mer</Paragraphe>
</Titre>
										<OuSAdresser ID="R18209" type="Local">
<Titre>Service pour le permis plaisance et l'immatriculation d'un navire outre-mer</Titre>
<RessourceWeb URL="https://www.ecologique-solidaire.gouv.fr/coordonnees-des-services-plaisance-immatriculation-et-enregistrement-des-navires-permis-plaisance#e3"/>
<Source ID="R43570">Ministère chargé de la mer et de la pêche</Source>
</OuSAdresser>
									
</Cas>
</BlocCas>


</Chapitre>
</Texte>
</Situation>
<Situation>
<Titre>Longueur inférieure à 7 mètres</Titre>
<Texte>
<Chapitre><BlocCas affichage="radio"><Cas>
<Titre>
<Paragraphe>Moteur d'une puissance supérieure ou égale à 22 CV</Paragraphe>
</Titre><Paragraphe>Le bateau de plaisance doit d'abord être <LienInterne LienPublication="F833" type="Fiche d'information" audience="Particuliers">francisé par la douane</LienInterne>, puis immatriculé par le service des affaires maritimes.</Paragraphe>
<Paragraphe>La demande d'immatriculation est obligatoire pour l'achat d'un bateau neuf ou d'occasion.</Paragraphe>
<Paragraphe>L'immatriculation est effectuée par le vendeur professionnel.</Paragraphe>

				<Paragraphe>La demande d'immatriculation s'effectue directement en ligne.</Paragraphe>
				<ServiceEnLigne ID="R56365" URL="https://www.demarches-plaisance.gouv.fr/puma-plaisancier/" type="Téléservice">
<Titre>Démarches en ligne pour les bateaux de plaisance (immatriculation, changement de situation...)</Titre>
<Source ID="R43570">Ministère chargé de la mer et de la pêche</Source>
</ServiceEnLigne>

				<Paragraphe>La démarche peut également être réalisée par courrier en renseignant la <LienInterne LienPublication="R43157" type="Formulaire" audience="Particuliers">fiche plaisance eaux maritimes</LienInterne> et en y joignant les documents suivants :</Paragraphe>
				<Liste type="puce">
					<Item>
						<Paragraphe>Original de la facture d'achat</Paragraphe>
					</Item>
					<Item>
						<Paragraphe>Original de la déclaration écrite de conformité aux exigences de sécurité européenne remise par le constructeur du bateau</Paragraphe>
					</Item>
					<Item>
						<Paragraphe>Photocopie de votre passeport ou carte nationale d'identité.</Paragraphe>
					</Item>
				</Liste>
				<Paragraphe>La fiche plaisance et les documents sont à envoyer, de préférence par lettre recommandée avec avis de réception, à un  service qui diffère selon que vous êtes en métropole ou en <LienIntra LienID="R41207" type="Définition de glossaire">outre-mer</LienIntra>.</Paragraphe>
			<Paragraphe>En métropole :</Paragraphe>
<OuSAdresser ID="R41455" type="National">
<Titre>Délégation à la mer et au littoral (services pour l'immatriculation d'un navire)</Titre>
<RessourceWeb URL="https://www.ecologique-solidaire.gouv.fr/coordonnees-des-services-plaisance-immatriculation-et-enregistrement-des-navires-permis-plaisance#e0"/>
<Source ID="R43570">Ministère chargé de la mer et de la pêche</Source>
</OuSAdresser>
<Paragraphe>En outre-mer :</Paragraphe>
<OuSAdresser ID="R18209" type="Local">
<Titre>Service pour le permis plaisance et l'immatriculation d'un navire outre-mer</Titre>
<RessourceWeb URL="https://www.ecologique-solidaire.gouv.fr/coordonnees-des-services-plaisance-immatriculation-et-enregistrement-des-navires-permis-plaisance#e3"/>
<Source ID="R43570">Ministère chargé de la mer et de la pêche</Source>
</OuSAdresser>

</Cas>
<Cas>
<Titre>
<Paragraphe>Moteur d'une puissance inférieure à 22 CV</Paragraphe>
</Titre><Paragraphe>Vous devez faire immatriculer votre bateau de plaisance par le service des affaires maritimes.</Paragraphe>
<Paragraphe>La demande d'immatriculation est obligatoire pour l'achat d'un bateau neuf ou d'occasion.</Paragraphe>
<Paragraphe>L'immatriculation est effectuée par le vendeur professionnel.</Paragraphe>

				<Paragraphe>La demande d'immatriculation s'effectue directement en ligne.</Paragraphe>
				<ServiceEnLigne ID="R56365" URL="https://www.demarches-plaisance.gouv.fr/puma-plaisancier/" type="Téléservice">
<Titre>Démarches en ligne pour les bateaux de plaisance (immatriculation, changement de situation...)</Titre>
<Source ID="R43570">Ministère chargé de la mer et de la pêche</Source>
</ServiceEnLigne>

				<Paragraphe>La démarche peut également être réalisée par courrier en renseignant la <LienInterne LienPublication="R43157" type="Formulaire" audience="Particuliers">fiche plaisance eaux maritimes</LienInterne> et en y joignant les documents suivants :</Paragraphe>
				<Liste type="puce">
					<Item>
						<Paragraphe>Original de la facture d'achat</Paragraphe>
					</Item>
					<Item>
						<Paragraphe>Original de la déclaration écrite de conformité aux exigences de sécurité européenne remise par le constructeur du bateau</Paragraphe>
					</Item>
					<Item>
						<Paragraphe>Photocopie de votre passeport ou carte nationale d'identité.</Paragraphe>
					</Item>
				</Liste>
				<Paragraphe>La fiche plaisance et les documents sont à envoyer, de préférence par lettre recommandée avec avis de réception, à un  service qui diffère selon que vous êtes en métropole ou en <LienIntra LienID="R41207" type="Définition de glossaire">outre-mer</LienIntra>.</Paragraphe>
			<Paragraphe>En métropole :</Paragraphe>
<OuSAdresser ID="R41455" type="National">
<Titre>Délégation à la mer et au littoral (services pour l'immatriculation d'un navire)</Titre>
<RessourceWeb URL="https://www.ecologique-solidaire.gouv.fr/coordonnees-des-services-plaisance-immatriculation-et-enregistrement-des-navires-permis-plaisance#e0"/>
<Source ID="R43570">Ministère chargé de la mer et de la pêche</Source>
</OuSAdresser>
<Paragraphe>En outre-mer :</Paragraphe>
<OuSAdresser ID="R18209" type="Local">
<Titre>Service pour le permis plaisance et l'immatriculation d'un navire outre-mer</Titre>
<RessourceWeb URL="https://www.ecologique-solidaire.gouv.fr/coordonnees-des-services-plaisance-immatriculation-et-enregistrement-des-navires-permis-plaisance#e3"/>
<Source ID="R43570">Ministère chargé de la mer et de la pêche</Source>
</OuSAdresser>

</Cas>
</BlocCas>

</Chapitre>
</Texte>
</Situation>
</ListeSituations><VoirAussi important="oui">
<Fiche ID="F33838" audience="Particuliers">
<Titre>Navigation maritime : vente d'un bateau de plaisance</Titre>
<Theme ID="N19809">
<Titre>Loisirs</Titre>
</Theme>
</Fiche>
</VoirAussi>
<Reference type="Texte de référence" URL="https://www.legifrance.gouv.fr/affichTexte.do?cidTexte=JORFTEXT000033328879" ID="R20569">
<Titre>Arrêté du 21 octobre 2016 relatif à l'immatriculation des navires et autres bâtiments en mer</Titre>
</Reference>
<Reference type="Texte de référence" URL="https://www.legifrance.gouv.fr/affichCode.do?idSectionTA=LEGISCTA000006153118&amp;cidTexte=LEGITEXT000006071570" ID="R24508">
<Titre>Code des douanes : articles 219 et 220</Titre>
</Reference>
<ServiceEnLigne ID="R56365" URL="https://www.demarches-plaisance.gouv.fr/puma-plaisancier/" type="Téléservice">
<Titre>Démarches en ligne pour les bateaux de plaisance (immatriculation, changement de situation...)</Titre>
<Source ID="R43570">Ministère chargé de la mer et de la pêche</Source>
</ServiceEnLigne>
<PourEnSavoirPlus type="Information pratique" ID="R56987" URL="https://www.ecologique-solidaire.gouv.fr/sites/default/files/flyer_demarches-plaisance.gouv_.fr_.pdf" audience="Particuliers" format="application/pdf" poids="421.2 KB">
<Titre>Site officiel des démarches en ligne gratuites "www.demarches-plaisance.gouv.fr"</Titre>
<Source ID="R43570">Ministère chargé de la mer et de la pêche</Source>
</PourEnSavoirPlus>
<PourEnSavoirPlus type="Information pratique" ID="R44876" URL="https://www.ecologique-solidaire.gouv.fr/sites/default/files/Immatriculation-navires_de_plaisance%20moins%20de%207%20m_4p_DEF_Web.pdf" audience="Particuliers" format="application/pdf" poids="164.9 KB">
<Titre>Immatriculation en mer des navires de plaisance de moins de 7 mètres</Titre>
<Source ID="R30658">Ministère chargé de l'environnement</Source>
</PourEnSavoirPlus>
<PourEnSavoirPlus type="Information pratique" ID="R44895" URL="https://www.ecologique-solidaire.gouv.fr/sites/default/files/Immatriculation-francisation-navires-de-plaisance_4p_DEF_Web.pdf" audience="Particuliers" format="application/pdf" poids="187.5 KB">
<Titre>L'immatriculation et la francisation</Titre>
<Source ID="R30658">Ministère chargé de l'environnement</Source>
</PourEnSavoirPlus>
<PourEnSavoirPlus type="Information pratique" ID="R44893" URL="http://www.developpement-durable.gouv.fr/reglementation-des-navires-plaisance-loisirs-et-sports#e0" audience="Particuliers">
<Titre>Les navires marqués CE</Titre>
<Source ID="R30658">Ministère chargé de l'environnement</Source>
</PourEnSavoirPlus>
<PourEnSavoirPlus type="Information pratique" ID="R271" URL="https://www.douane.gouv.fr/sites/default/files/documentation/pdf/la-douane-et-la-plaisance-1_0.pdf" audience="Particuliers" format="application/pdf">
<Titre>Guide pour les acheteurs et propriétaires de bateau ou scooter des mers</Titre>
<Source ID="R30612">Ministère chargé des finances</Source>
</PourEnSavoirPlus>
<PourEnSavoirPlus type="Information pratique" ID="R18093" URL="https://www.ecologique-solidaire.gouv.fr/fiches-dinformation-et-editions-navigation-plaisance-et-des-loisirs-nautiques" audience="Particuliers">
<Titre>Plaisance et loisirs nautiques</Titre>
<Source ID="R30658">Ministère chargé de l'environnement</Source>
</PourEnSavoirPlus>
<Definition ID="R18784">
<Titre>Bateau de plaisance</Titre>
<Texte>
				<Paragraphe>Bateau destiné uniquement au loisir ou au sport</Paragraphe>
			</Texte>
</Definition>
<Definition ID="R41207">
<Titre>Départements d'outre-mer (Dom)</Titre>
<Texte>
				<Paragraphe>Guadeloupe - Guyane - Martinique - Mayotte - La Réunion</Paragraphe>
			</Texte>
</Definition>
<QuestionReponse ID="F2167" audience="Particuliers">Peut-on obtenir le permis plaisance par équivalence ?</QuestionReponse>
<QuestionReponse ID="F23657" audience="Particuliers">Navigation de plaisance : doit-on avoir un permis bateau ?</QuestionReponse>
<QuestionReponse ID="F839" audience="Particuliers">Conduire un scooter des mers : quelles sont les règles ?</QuestionReponse>

</Publication>
