<?xml version="1.0" encoding="UTF-8"?><Publication xmlns:dc="http://purl.org/dc/elements/1.1/" xmlns:xsi="http://www.w3.org/2001/XMLSchema-instance" ID="F940" type="Fiche d'information" xsi:noNamespaceSchemaLocation="../Schemas/3.0/Publication.xsd">
<dc:title>Contestation de la filiation : paternité ou maternité</dc:title>
<dc:creator>Direction de l'information légale et administrative</dc:creator>
<dc:subject>Famille</dc:subject>
<dc:description>La filiation est le lien entre un enfant et un parent, soit du côté de la mère, soit du côté du père, soit des 2 côtés. Il y a 3 types de filiation : la filiation par le sang, adoptive et la filiation de l'enfant conçu par assistance médicale à la procréation. La filiation peut être contestée qu'elle concerne un couple marié ou non marié. La filiation paternelle ou maternelle d'un enfant peut être contestée devant le juge par certaines personnes et dans le respect de certains délais.</dc:description>
<dc:publisher>Direction de l'information légale et administrative</dc:publisher>
<dc:contributor>Direction de l'information légale et administrative (Premier ministre), Ministère chargé de la justice</dc:contributor>
<dc:date>modified 2020-08-07</dc:date>
<dc:type>Fiche pratique</dc:type>
<dc:format>text/xml</dc:format>
<dc:identifier>F940</dc:identifier>
<dc:source>https://www.legifrance.gouv.fr/affichCodeArticle.do?idArticle=LEGIARTI000006421039&amp;cidTexte=LEGITEXT000006070721, https://www.legifrance.gouv.fr/affichCode.do?idSectionTA=LEGISCTA000006150526&amp;cidTexte=LEGITEXT000006070721, https://www.legifrance.gouv.fr/affichCode.do?idSectionTA=LEGISCTA000006136228&amp;cidTexte=LEGITEXT000006070721, https://www.legifrance.gouv.fr/affichCode.do?idSectionTA=LEGISCTA000006150522&amp;cidTexte=LEGITEXT000006070721, http://circulaires.legifrance.gouv.fr/pdf/2011/11/cir_34124.pdf</dc:source>
<dc:language>Fr</dc:language>
<dc:relation>isPartOf N15660</dc:relation>
<dc:coverage>France entière</dc:coverage>
<dc:rights>https://www.service-public.fr/a-propos/mentions-legales</dc:rights>
<SurTitre>Fiche pratique</SurTitre>
<Audience>Particuliers</Audience>
<Canal>www.service-public.fr</Canal>
<FilDAriane>
<Niveau ID="Particuliers">Accueil particuliers</Niveau>
<Niveau ID="N19805">Famille</Niveau>
<Niveau ID="N15660">Naissance</Niveau>
<Niveau ID="F940" type="Fiche d'information">Contestation de la filiation : paternité ou maternité</Niveau>
</FilDAriane>
<Theme ID="N19805">
<Titre>Famille</Titre>
</Theme>
<SousThemePere ID="N127">Enfant</SousThemePere><DossierPere ID="N15660">
<Titre>Naissance</Titre><SousDossier ID="N15660-1">
<Titre>Formalités pour le couple</Titre>
<Fiche ID="F961">Déclaration de naissance</Fiche>
<Fiche ID="F15393">Présomption de paternité (couple marié)</Fiche>
<Fiche ID="F887">Reconnaissance d'un enfant (couple non marié)</Fiche>
</SousDossier>
<SousDossier ID="N15660-2">
<Titre>Démarches judiciaires</Titre>
<Fiche ID="F15882">Recherche de paternité</Fiche>
<Fiche ID="F15395">Établissement de la filiation par possession d'état</Fiche>
<Fiche ID="F1230">Action à fins de subsides en l'absence de filiation paternelle</Fiche>
<Fiche ID="F940">Contestation de la filiation : paternité ou maternité</Fiche>
</SousDossier>
</DossierPere>

<SousDossierPere>Démarches judiciaires</SousDossierPere>
<Introduction>
<Texte><Paragraphe>La filiation est le lien entre un enfant et un parent, soit du côté de la mère, soit du côté du père, soit des 2 côtés. Il y a 3 types de filiation : la filiation par le sang, adoptive et la filiation de l'enfant conçu par assistance médicale à la procréation. La filiation peut être contestée qu'elle concerne un couple marié ou non marié. La filiation paternelle ou maternelle d'un enfant peut être contestée devant le juge par certaines personnes et dans le respect de certains délais.</Paragraphe>
</Texte>
</Introduction>
<Texte><Chapitre>
<Titre>
<Paragraphe>De quoi s'agit-il ?</Paragraphe>
</Titre><Paragraphe>La contestation va consister en une action en justice pour démontrer qu'il n'y a pas de lien de filiation entre l'enfant et les parents. C'est une action qui permet à la justice de dire que l'enfant n'a jamais été en réalité l'enfant des parents officiels.</Paragraphe>
<Paragraphe>L'action en contestation de la maternité est très rare. Pour contester la maternité, il faut apporter la preuve que la femme désignée par l'acte de naissance comme étant la mère n'a pas accouché de l'enfant.</Paragraphe>
<Paragraphe>La paternité peut être contestée en rapportant la preuve que le mari ou l'auteur de la reconnaissance n'est pas le véritable père. Tous les moyens de preuve sont possible mais une expertise biologique sera le plus souvent ordonnée.</Paragraphe>
<Attention>
<Titre>Attention</Titre><Paragraphe>le lien de filiation établi dans le cadre d'une <LienInterne LienPublication="F31462" type="Fiche d'information" audience="Particuliers">PMA</LienInterne> avec tiers donneur est incontestable. Aucun lien de filiation ne peut être établi entre l'auteur du don et l'enfant.</Paragraphe>
</Attention>
</Chapitre>
<Chapitre>
<Titre>
<Paragraphe>Qui peut contester et dans quels délais ?</Paragraphe>
</Titre><Paragraphe>Toutes les personnes ne peuvent pas effectuer une action en contestation. Les personnes pouvant contester une filiation et le délai pour engager une action en contestation varient en fonction de l'établissement de la filiation et d'une éventuelle possession d'état.</Paragraphe>

				<Paragraphe>La possession d'état doit répondre aux 4 critères suivants :</Paragraphe>
				<Liste type="puce">
					<Item>
						<Paragraphe>Elle doit être continue : avoir une certaine stabilité et s’appuyer sur des faits habituels, même s'ils ne sont pas permanents.</Paragraphe>
					</Item>
					<Item>
						<Paragraphe>Elle doit être paisible, c'est à dire ne pas  être établie de manière frauduleuse.</Paragraphe>
					</Item>
					<Item>
						<Paragraphe>Elle doit être publique : le parent et l'enfant prétendus sont reconnus comme tels dans la vie courante : amis, famille, administration, etc.</Paragraphe>
					</Item>
					<Item>
						<Paragraphe>Elle ne doit pas être équivoque : il ne doit pas y avoir de doute.</Paragraphe>
					</Item>
				</Liste>
			
<Paragraphe>La contestation peut également être initiée par les héritiers.</Paragraphe>
<Paragraphe>Toute filiation légalement établie peut être contestée par le <LienIntra LienID="R1127" type="Définition de glossaire">ministère public</LienIntra> dans 2 cas :</Paragraphe>
<Liste type="puce">
<Item>
<Paragraphe>Des indices tirés des actes eux-mêmes la rendent invraisemblable. L'invraisemblance résultant des actes eux-mêmes va essentiellement concerné la cas de reconnaissance d'un personne bien trop jeune pour être le père ou la mère de l'enfant.</Paragraphe>
</Item>
<Item>
<Paragraphe>Il y a eu une fraude à la loi (par exemple, fraude à l'adoption ou grossesse pour le compte d'autrui).</Paragraphe>
</Item>
</Liste>
<Paragraphe>Si le nom du parent dont la filiation est contestée figure sur l'acte de naissance ou de reconnaissance, les règles dépendent de la durée de la possession d'état.</Paragraphe>
<BlocCas affichage="onglet"><Cas>
<Titre>
<Paragraphe>Filiation figurant sur un acte d'état civil</Paragraphe>
</Titre>
<BlocCas affichage="radio"><Cas>
<Titre>
<Paragraphe>Si la possession d'état a duré 5 ans ou plus</Paragraphe>
</Titre>
												<Paragraphe>La contestation de la filiation n'est plus possible.</Paragraphe>
											
</Cas>
<Cas>
<Titre>
<Paragraphe>Si la possession d'état a duré moins de 5 ans</Paragraphe>
</Titre>
												<Paragraphe>L'action en contestation peut être engagée dans un délai de 5 ans à compter du jour où la possession d'état a cessé.</Paragraphe>
											
												<Paragraphe>En présence d'une possession d'état conforme, la personne désignée par le défunt pour gérer son testament et réaliser ses dernières volontés ne peut pas exercer une action en contestation de filiation, car il n'est pas un héritier. Sa demande est irrecevable.</Paragraphe>
												<Paragraphe>Il n'est pas possible d'invoquer l'intérêt de l'enfant pour empêcher une action en contestation d'un lien de filiation.</Paragraphe>
												<Paragraphe>Il est possible de demander une expertise génétique pour contester la filiation. Cependant seuls les tests ADN ordonnés par un juge français sont valables.</Paragraphe>
												<Paragraphe>La demande d'un expertise génétique pour contester une filiation ne peut être demandée que par l'enfant concerné. Les héritiers, un frère, un proche ou la mère elle même de l'enfant ne peuvent pas demander une expertise pour contester un lien de filiation.</Paragraphe>
											
</Cas>
<Cas>
<Titre>
<Paragraphe>En l'absence de possession d'état</Paragraphe>
</Titre>
												<Paragraphe>L'action en contestation peut être engagée dans un délai de 10 ans à compter la date de naissance ou de reconnaissance par toute personne qui y a un intérêt.</Paragraphe>
												<Paragraphe>Lorsque l'enfant engage l'action de contestation de la filiation, le délai de 10 ans court à partir de la date de ses 18 ans.</Paragraphe>
											
</Cas>
</BlocCas>
</Cas>
<Cas>
<Titre>
<Paragraphe>Filiation établie par un juge</Paragraphe>
</Titre>
										<Paragraphe>L'action en contestation peut être engagée dans un délai de 10 ans à compter de la date de délivrance de l'acte par toute personne qui y a un intérêt.</Paragraphe>
									
</Cas>
</BlocCas>


</Chapitre>
<Chapitre>
<Titre>
<Paragraphe>Procédure</Paragraphe>
</Titre><Paragraphe>L'action en contestation d'une filiation se déroule devant le <LienInterne LienPublication="F20851" type="Fiche d'information" audience="Particuliers">tribunal</LienInterne> avec <MiseEnEvidence>l'assistance obligatoire d'un avocat.</MiseEnEvidence>
</Paragraphe>
<Paragraphe>Si l'enfant est mineur, il doit de plus être représenté par un <LienIntra LienID="R31608" type="Définition de glossaire">administrateur ad hoc</LienIntra>, dès lors que ses intérêts sont en contradiction avec ceux de ses représentants légaux.</Paragraphe>
<OuSAdresser ID="R30" type="Local">
<Titre>Tribunal judiciaire ou de proximité</Titre>
<RessourceWeb URL="https://www.justice.fr/recherche/annuaires"/>
<Source ID="R30663">Ministère chargé de la justice</Source>
</OuSAdresser>

</Chapitre>
<Chapitre>
<Titre>
<Paragraphe>Effets de l'action</Paragraphe>
</Titre><Paragraphe>Si la filiation contestée est remise en cause par le juge :</Paragraphe>
<Liste type="puce">
<Item>
<Paragraphe>le lien de filiation est annulé de manière rétroactive,</Paragraphe>
</Item>
<Item>
<Paragraphe>les actes de l'état civil concernés sont mis à jour dès que la décision est devenue définitive,</Paragraphe>
</Item>
<Item>
<Paragraphe>et les droits et obligations, qui pesaient sur le parent dont la filiation est annulée, disparaissent.</Paragraphe>
</Item>
</Liste>
<Paragraphe>L'annulation de la filiation peut entraîner  le changement de nom de l'enfant mineur. Mais si l'enfant est majeur il faut absolument obtenir son consentement.</Paragraphe>
<Paragraphe>Une fois prononcée, la décision d'annulation de filiation entraîne automatiquement et de plein droit un changement au niveau des actes de l'état civil. Aucune démarche n'est à effectuer.</Paragraphe>
<ASavoir>
<Titre>À savoir</Titre><Paragraphe>dans l'intérêt de l'enfant, le juge peut organiser les conditions de relations avec la personne qui l'élevait auparavant.</Paragraphe>
</ASavoir>
</Chapitre>
</Texte>
<OuSAdresser ID="R11621" type="Local personnalisé sur SP">
<Titre>Maison de justice et du droit</Titre>
<PivotLocal>mjd</PivotLocal>
<RessourceWeb URL="http://www.annuaires.justice.gouv.fr/lieux-dacces-aux-droits-10111/"/>
<Source ID="R30663">Ministère chargé de la justice</Source>
</OuSAdresser>
<Reference type="Texte de référence" URL="https://www.legifrance.gouv.fr/affichCodeArticle.do?idArticle=LEGIARTI000006421039&amp;cidTexte=LEGITEXT000006070721" ID="R15666">
<Titre>Code civil : article 61-3</Titre>
<Complement>Changement du nom de famille</Complement>
</Reference>
<Reference type="Texte de référence" URL="https://www.legifrance.gouv.fr/affichCode.do?idSectionTA=LEGISCTA000006150526&amp;cidTexte=LEGITEXT000006070721" ID="R15662">
<Titre>Code civil : articles 332 à 337</Titre>
<Complement>Actions en contestation de la filiation</Complement>
</Reference>
<Reference type="Texte de référence" URL="https://www.legifrance.gouv.fr/affichCode.do?idSectionTA=LEGISCTA000006136228&amp;cidTexte=LEGITEXT000006070721" ID="R15663">
<Titre>Code civil : articles 388 à 388-2</Titre>
<Complement>Administrateur ad hoc du mineur</Complement>
</Reference>
<Reference type="Texte de référence" URL="https://www.legifrance.gouv.fr/affichCode.do?idSectionTA=LEGISCTA000006150522&amp;cidTexte=LEGITEXT000006070721" ID="R32224">
<Titre>Code civil : articles 311-19 et 311-20</Titre>
<Complement>Procréation médicalement assistée</Complement>
</Reference>
<Reference type="Texte de référence" URL="http://circulaires.legifrance.gouv.fr/pdf/2011/11/cir_34124.pdf" ID="R2316" format="application/pdf" poids="1.0 MB">
<Titre>Circulaire du 28 octobre 2011 portant sur divers actes de l'état civil relatifs à la naissance et à la filiation</Titre>
</Reference>
<Definition ID="R1127">
<Titre>Parquet (ou ministère public)</Titre>
<Texte>
				<Paragraphe>Corps de magistrats représentant les intérêts de la société devant les juridictions</Paragraphe>
			</Texte>
</Definition>
<Definition ID="R31608">
<Titre>Administrateur ad hoc</Titre>
<Texte>
				<Paragraphe>Personne chargée d'accompagner juridiquement un mineur non émancipé afin de protéger ses intérêts</Paragraphe>
			</Texte><Reference type="Texte de référence" URL="https://www.legifrance.gouv.fr/affichCode.do?idSectionTA=LEGISCTA000006136228&amp;cidTexte=LEGITEXT000006070721" ID="R15663">
<Titre>Code civil : articles 388 à 388-2</Titre>
</Reference>
</Definition>
<QuestionReponse ID="F15392" audience="Particuliers">Comment prouver qu'on est le père ou la mère d'un enfant ?</QuestionReponse>


</Publication>
