<?xml version="1.0" encoding="UTF-8"?><Publication xmlns:dc="http://purl.org/dc/elements/1.1/" xmlns:xsi="http://www.w3.org/2001/XMLSchema-instance" ID="F968" type="Fiche d'information" xsi:noNamespaceSchemaLocation="../Schemas/3.0/Publication.xsd">
<dc:title>Déclaration de grossesse</dc:title>
<dc:creator>Direction de l'information légale et administrative</dc:creator>
<dc:subject>Social - Santé</dc:subject>
<dc:description>Une fois votre grossesse confirmée, vous effectuez un premier examen prénatal auprès de votre médecin (généraliste ou gynécologue) ou de votre sage-femme. À l'issue de cet examen, votre médecin ou votre sage-femme effectue la déclaration de votre grossesse en ligne ou sur un formulaire papier.</dc:description>
<dc:publisher>Direction de l'information légale et administrative</dc:publisher>
<dc:contributor>Direction de l'information légale et administrative (Premier ministre)</dc:contributor>
<dc:date>modified 2020-07-29</dc:date>
<dc:type>Fiche pratique</dc:type>
<dc:format>text/xml</dc:format>
<dc:identifier>F968</dc:identifier>
<dc:source>https://www.legifrance.gouv.fr/affichTexteArticle.do?idArticle=JORFARTI000037847646&amp;cidTexte=JORFTEXT000037847585&amp;dateTexte=29990101&amp;categorieLien=id</dc:source>
<dc:language>Fr</dc:language>
<dc:relation>isPartOf N439</dc:relation>
<dc:coverage>France entière</dc:coverage>
<dc:rights>https://www.service-public.fr/a-propos/mentions-legales</dc:rights>
<SurTitre>Fiche pratique</SurTitre>
<Audience>Particuliers</Audience>
<Canal>www.service-public.fr</Canal>
<FilDAriane>
<Niveau ID="Particuliers">Accueil particuliers</Niveau>
<Niveau ID="N19811">Social - Santé</Niveau>
<Niveau ID="N439">Grossesse, assistance à la procréation</Niveau>
<Niveau ID="F968" type="Fiche d'information">Déclaration de grossesse</Niveau>
</FilDAriane>
<Theme ID="N19811">
<Titre>Social - Santé</Titre>
</Theme>
<SousThemePere ID="N20180">Santé</SousThemePere><DossierPere ID="N439">
<Titre>Grossesse, assistance à la procréation</Titre><SousDossier ID="N439-1">
<Titre>Grossesse</Titre>
<Fiche ID="F968">Déclaration de grossesse</Fiche>
<Fiche ID="F17365">Carnet de grossesse</Fiche>
<Fiche ID="F963">Examens médicaux</Fiche>
<Fiche ID="F1101">Interruption médicale de grossesse (IMG)</Fiche>
</SousDossier>
<SousDossier ID="N439-2">
<Titre>Assistance à la procréation</Titre>
<Fiche ID="F31462">Procréation médicalement assistée (PMA)</Fiche>
<Fiche ID="F24586">Don d'ovocytes</Fiche>
<Fiche ID="F1068">Don de sperme</Fiche>
</SousDossier>
</DossierPere>

<SousDossierPere>Grossesse</SousDossierPere>
<Introduction>
<Texte><Paragraphe>Une fois votre grossesse confirmée, vous effectuez un premier examen prénatal auprès de votre médecin (généraliste ou gynécologue) ou de votre sage-femme. À l'issue de cet examen, votre médecin ou votre sage-femme effectue la déclaration de votre grossesse en ligne ou sur un formulaire papier.</Paragraphe>
</Texte>
</Introduction>
<ListeSituations affichage="onglet"><Situation>
<Titre>Déclaration en ligne</Titre>
<Texte>
<Chapitre><Paragraphe>Vous devez déclarer votre grossesse avant la fin du 3<Exposant>e</Exposant> mois de grossesse pour bénéficier au plus vite de la prise en charge de votre grossesse par l'assurance maternité.</Paragraphe>
<Paragraphe>Si vous êtes suivie  pour votre grossesse vous n'avez rien à faire.</Paragraphe>
<Paragraphe>Votre médecin ou votre sage-femme remplit la déclaration de votre grossesse en ligne et la télétransmet directement à votre caisse d'Assurance Maladie et à votre caisse d'allocations familiales (Caf).</Paragraphe>
<Attention>
<Titre>Attention</Titre><Paragraphe>les guides de surveillance médicale ont été supprimés.</Paragraphe>
</Attention><Paragraphe>Dès réception, l'organisme de sécurité sociale vous adresse un document détaillant l'ensemble de vos droits et vous indique si vous pouvez bénéficier d'un report de cotisations sociales. Ce report se fait à votre demande.</Paragraphe>

</Chapitre>
</Texte>
</Situation>
<Situation>
<Titre>Déclaration sur formulaire papier</Titre>
<Texte>
<Chapitre><Paragraphe>Vous devez déclarer votre grossesse avant la fin du 3<Exposant>e</Exposant> mois de grossesse pour bénéficier au plus vite de la prise en charge de votre grossesse par l'assurance maternité.</Paragraphe>
<Paragraphe>Votre médecin ou votre sage-femme complète et vous remet le formulaire de déclaration de grossesse en trois volets intitulé « Premier examen médical prénatal ».</Paragraphe>
<Paragraphe>Vous devez ensuite adresser :</Paragraphe>
<Liste type="puce">
<Item>
<Paragraphe>le volet rose à votre caisse d'Assurance Maladie,</Paragraphe>
</Item>
<Item>
<Paragraphe>les 2 volets bleus à votre caisse d'allocations familiales (Caf).</Paragraphe>
</Item>
</Liste>
<OuSAdresser ID="R40" type="Local personnalisé sur SP">
<Titre>Caisse primaire d'assurance maladie (CPAM)</Titre>
<PivotLocal>cpam</PivotLocal>
<RessourceWeb URL="http://www.ameli.fr/assures/votre-caisse/index.php"/>
<Source ID="R30675">Caisse nationale d'assurance maladie (Cnam)</Source>
</OuSAdresser>
<OuSAdresser ID="R38" type="Local personnalisé sur SP">
<Titre>Caisse d'allocations familiales (Caf)</Titre>
<PivotLocal>caf</PivotLocal>
<RessourceWeb URL="http://www.caf.fr/allocataires/ma-caf-recherche/"/>
<Source ID="R30610">Caisse nationale des allocations familiales (Cnaf)</Source>
</OuSAdresser>
<Attention>
<Titre>Attention</Titre><Paragraphe>les guides de surveillance médicale ont été supprimés.</Paragraphe>
</Attention><Paragraphe>Dès réception, l'organisme de sécurité sociale vous adresse un document détaillant l'ensemble de vos droits et vous indique si vous pouvez bénéficier d'un report de cotisations sociales. Ce report se fait à votre demande.</Paragraphe>

</Chapitre>
</Texte>
</Situation>
</ListeSituations><VoirAussi important="non">
<Fiche ID="F963" audience="Particuliers">
<Titre>Grossesse : examens médicaux</Titre>
<Theme ID="N19811">
<Titre>Social - Santé</Titre>
</Theme>
</Fiche>
<Fiche ID="F17365" audience="Particuliers">
<Titre>Carnet de santé maternité (ou carnet de grossesse)</Titre>
<Theme ID="N19811">
<Titre>Social - Santé</Titre>
</Theme>
</Fiche>
</VoirAussi>
<OuSAdresser ID="R26" type="Local personnalisé sur SP">
<Titre>Centre de protection maternelle et infantile (PMI)</Titre>
<Complement>Pour obtenir des informations sur la grossesse</Complement>
<PivotLocal>pmi</PivotLocal>
<RessourceWeb URL="https://lannuaire.service-public.fr/recherche?whoWhat=Centre+de+protection+maternelle+et+infantile+%28PMI%29&amp;where="/>
</OuSAdresser>
<OuSAdresser ID="R40" type="Local personnalisé sur SP">
<Titre>Caisse primaire d'assurance maladie (CPAM)</Titre>
<Complement>Pour s'informer</Complement>
<PivotLocal>cpam</PivotLocal>
<RessourceWeb URL="http://www.ameli.fr/assures/votre-caisse/index.php"/>
<Source ID="R30675">Caisse nationale d'assurance maladie (Cnam)</Source>
</OuSAdresser>
<Reference type="Texte de référence" URL="https://www.legifrance.gouv.fr/affichTexteArticle.do?idArticle=JORFARTI000037847646&amp;cidTexte=JORFTEXT000037847585&amp;dateTexte=29990101&amp;categorieLien=id" ID="R52471">
<Titre>Loi n°2018-1203 du 22 décembre 2018 (LFSS pour 2019) : article 74</Titre>
<Complement>Envoi d'un document détaillant l'ensemble des droits dès réception d'une déclaration de grossesse</Complement>
</Reference>
<PourEnSavoirPlus type="Information pratique" ID="R48722" URL="https://www.ameli.fr/sites/default/files/Documents/534905/document/guide_ma_maternite_-_2019_-_cnam.pdf" audience="Particuliers" format="application/pdf" poids="9.8 MB">
<Titre>Le guide « Ma maternité - Je prépare l'arrivée de mon enfant »</Titre>
<Source ID="R30675">Caisse nationale d'assurance maladie (Cnam)</Source>
</PourEnSavoirPlus>
<QuestionReponse ID="F2325" audience="Particuliers">Comment se déroule la scolarité d'une jeune femme enceinte ?</QuestionReponse>
<CommentFaireSi ID="F16225">J'attends un enfant</CommentFaireSi>
</Publication>
