<?xml version="1.0" encoding="UTF-8"?><Publication xmlns:dc="http://purl.org/dc/elements/1.1/" xmlns:xsi="http://www.w3.org/2001/XMLSchema-instance" ID="F980" type="Fiche d'information" xsi:noNamespaceSchemaLocation="../Schemas/3.0/Publication.xsd">
<dc:title>Séparation de corps</dc:title>
<dc:creator>Direction de l'information légale et administrative</dc:creator>
<dc:subject>Famille</dc:subject>
<dc:description>La séparation de corps concerne uniquement les couples mariés. Elle permet aux époux de rester mariés, mais de ne plus vivre ensemble.</dc:description>
<dc:publisher>Direction de l'information légale et administrative</dc:publisher>
<dc:contributor>Direction de l'information légale et administrative (Premier ministre), Ministère chargé de la justice</dc:contributor>
<dc:date>modified 2019-12-26</dc:date>
<dc:type>Fiche pratique</dc:type>
<dc:format>text/xml</dc:format>
<dc:identifier>F980</dc:identifier>
<dc:source>https://www.legifrance.gouv.fr/affichCode.do?idSectionTA=LEGISCTA000006150007&amp;cidTexte=LEGITEXT000006070721, http://www.legifrance.gouv.fr/affichCode.do?idSectionTA=LEGISCTA000006150009&amp;cidTexte=LEGITEXT000006070721, https://www.legifrance.gouv.fr/affichCode.do?idSectionTA=LEGISCTA000006150012&amp;cidTexte=LEGITEXT000006070721, https://www.legifrance.gouv.fr/affichCodeArticle.do?idArticle=LEGIARTI000006411874&amp;cidTexte=LEGITEXT000006070716, http://www.legifrance.gouv.fr/affichCode.do?idArticle=LEGIARTI000006412030&amp;idSectionTA=LEGISCTA000006165255&amp;cidTexte=LEGITEXT000006070716, https://www.legifrance.gouv.fr/affichCode.do?idSectionTA=LEGISCTA000033747837&amp;cidTexte=LEGITEXT000006070716</dc:source>
<dc:language>Fr</dc:language>
<dc:relation>isPartOf N159</dc:relation>
<dc:coverage>France entière</dc:coverage>
<dc:rights>https://www.service-public.fr/a-propos/mentions-legales</dc:rights>
<SurTitre>Fiche pratique</SurTitre>
<Audience>Particuliers</Audience>
<Canal>www.service-public.fr</Canal>
<FilDAriane>
<Niveau ID="Particuliers">Accueil particuliers</Niveau>
<Niveau ID="N19805">Famille</Niveau>
<Niveau ID="N159">Divorce, séparation de corps</Niveau>
<Niveau ID="F980" type="Fiche d'information">Séparation de corps</Niveau>
</FilDAriane>
<Theme ID="N19805">
<Titre>Famille</Titre>
</Theme>
<SousThemePere ID="N20092">Couple</SousThemePere><DossierPere ID="N159">
<Titre>Divorce, séparation de corps</Titre>
<Fiche ID="F980">Séparation de corps</Fiche>
<Fiche ID="F10567">Divorce par consentement mutuel</Fiche>
<Fiche ID="F10569">Divorce pour acceptation du principe de la rupture du mariage</Fiche>
<Fiche ID="F10577">Divorce pour faute</Fiche>
<Fiche ID="F10568">Divorce pour altération définitive du lien conjugal</Fiche>
<Fiche ID="F1760">Prestation compensatoire</Fiche>
</DossierPere>

<Introduction>
<Texte><Paragraphe>La séparation de corps concerne uniquement les couples mariés. Contrairement au divorce, elle permet aux époux de rester mariés, mais de ne plus vivre ensemble. Elle peut être établie par acte sous signature privée contresigné par chacun des avocats des époux ou au  tribunal du domicile des époux. Plusieurs conséquences sont à prévoir (enfants, biens, tiers etc.).  Le régime de la séparation cesse notamment si les époux reprennent la vie commune ou si l'un d'entre eux décède.</Paragraphe>
</Texte>
</Introduction>
<ListeSituations affichage="onglet"><Situation>
<Titre>Cas général</Titre>
<Texte><Chapitre>
<Titre>
<Paragraphe>De quoi s'agit-il ?</Paragraphe>
</Titre><Paragraphe>Contrairement au divorce, la séparation de corps permet aux époux de rester mariés, mais de ne plus vivre ensemble.</Paragraphe>
<Paragraphe>La séparation de corps entraîne toujours la séparation de biens et elle est soumise aux règles de procédure applicables au divorce.</Paragraphe>
<Paragraphe>Les motifs de la séparation de corps sont les mêmes que pour un divorce.</Paragraphe>

</Chapitre>
<Chapitre>
<Titre>
<Paragraphe>Qui est concerné ?</Paragraphe>
</Titre><Paragraphe>La séparation de corps concerne uniquement les couples mariés et quel que soit leur régime matrimonial (régime de la communauté réduite aux acquêts, régime de séparation etc.). </Paragraphe>

</Chapitre>
<Chapitre>
<Titre>
<Paragraphe>Procédure devant le tribunal</Paragraphe>
</Titre><SousChapitre>
<Titre>
<Paragraphe>Tribunal compétent</Paragraphe>
</Titre><Paragraphe>À leur demande, l'avocat des époux s'adresse au <LienInterne LienPublication="R45626" type="Sigle">JAF</LienInterne> du tribunal du lieu de leur résidence.</Paragraphe>

</SousChapitre>
<SousChapitre>
<Titre>
<Paragraphe>Forme de la requête</Paragraphe>
</Titre><Paragraphe>Par le biais d'un avocat, l'époux demandeur  présente une <LienIntra LienID="R12542" type="Définition de glossaire">requête</LienIntra> au <LienInterne LienPublication="R45626" type="Sigle">JAF</LienInterne>.</Paragraphe>
<Paragraphe>La requête contient les demandes de mesures provisoires (par exemple, la pension alimentaire, l'attribution de la jouissance du logement) et un exposé sommaire de leurs motifs.</Paragraphe>
<Paragraphe>L'autre époux doit également être assisté par un avocat.</Paragraphe>
<ANoter>
<Titre>À noter</Titre><Paragraphe>le choix de la procédure de séparation se fera lors de l'assignation.</Paragraphe>
</ANoter>
</SousChapitre>
<SousChapitre>
<Titre>
<Paragraphe>Tentative de conciliation</Paragraphe>
</Titre><Paragraphe>Le <LienInterne LienPublication="R45626" type="Sigle">JAF</LienInterne> convoque les époux et tente de les concilier. Il les reçoit d'abord séparément, puis ensemble.</Paragraphe>
<Paragraphe>Il s'entretient avec un époux et l'invite à la réflexion quand l'autre :</Paragraphe>
<Liste type="puce">
<Item>
<Paragraphe>ne se présente pas à l'audience </Paragraphe>
</Item>
<Item>
<Paragraphe>ou se trouve hors d'état de manifester sa volonté (par exemple, en cas de grave hospitalisation de l'autre époux).</Paragraphe>
</Item>
</Liste>
<Paragraphe>Les avocats assistent ensuite à l'entretien.</Paragraphe>
<Paragraphe>Dans les 6 mois au plus tard, le juge peut décider de suspendre la procédure et de recourir à une nouvelle tentative de conciliation.</Paragraphe>
<Paragraphe>La conciliation peut être suspendue et reprise sans formalité. Le temps de réflexion laissé aux époux ne peut pas dépasser 8 jours.</Paragraphe>
<ANoter>
<Titre>À noter</Titre><Paragraphe>ce qui a été dit ou écrit durant la conciliation ne pourra pas être invoqué pour ou contre un époux ou un <LienIntra LienID="R12890" type="Définition de glossaire">tiers</LienIntra> dans la suite de la procédure. </Paragraphe>
</ANoter>
</SousChapitre>
<SousChapitre>
<Titre>
<Paragraphe>Mesures provisoires</Paragraphe>
</Titre><Paragraphe>Sauf réconciliation entre les époux, le juge prend les mesures provisoires nécessaires à la vie des époux et des enfants pendant la durée de la procédure de séparation de corps.</Paragraphe>
<Paragraphe>Le juge peut notamment :</Paragraphe>
<Liste type="puce">
<Item>
<Paragraphe>proposer une mesure de médiation auprès d'un médiateur,</Paragraphe>
</Item>
<Item>
<Paragraphe>statuer sur  la résidence de l'enfant,</Paragraphe>
</Item>
<Item>
<Paragraphe>fixer la <LienInterne LienPublication="F991" type="Fiche d'information" audience="Particuliers">pension alimentaire</LienInterne>,</Paragraphe>
</Item>
<Item>
<Paragraphe>attribuer à l'un des époux la jouissance du logement.</Paragraphe>
</Item>
</Liste>
<Paragraphe>À l'issue de cette audience, le juge rend une <LienIntra LienID="R40685" type="Définition de glossaire">ordonnance de non-conciliation</LienIntra>.</Paragraphe>
<Paragraphe>Celle-ci permet ensuite d'engager <LienIntra LienID="R45748" type="Définition de glossaire">l'instance</LienIntra> de séparation.</Paragraphe>
<Paragraphe>Le juge demande aux époux de présenter pour l'audience de jugement un projet de règlement des effets du divorce.</Paragraphe>

</SousChapitre>
<SousChapitre>
<Titre>
<Paragraphe>Remplacement d'un divorce par une séparation de corps</Paragraphe>
</Titre><Paragraphe>La demande de divorce peut être remplacée par une demande de séparation de corps. Cette demande de remplacement peut être également effectuée en appel du jugement rendu par le <LienInterne LienPublication="R45626" type="Sigle">JAF</LienInterne>.</Paragraphe>

</SousChapitre>
<SousChapitre>
<Titre>
<Paragraphe>Formulation d'une demande reconventionnelle en divorce</Paragraphe>
</Titre><Paragraphe>L'époux contre lequel est présentée une demande en divorce peut former une <LienIntra LienID="R37479" type="Définition de glossaire">demande reconventionnelle</LienIntra> en séparation de corps et inversement.</Paragraphe>
<Paragraphe>Si une demande de séparation de corps et une demande en divorce sont déposées simultanément devant le <LienInterne LienPublication="R45626" type="Sigle">JAF</LienInterne> (concurremment par les 2 époux), celui-ci examine en premier la demande en divorce. Si les conditions sont réunies, le divorce est prononcé. Dans le cas contraire, si toutes les conditions ne sont pas réunies, le JAF examine la demande de séparation de corps.</Paragraphe>
<Paragraphe>Quand les 2 demandes (la demande en divorce et celle relative à la séparation de corps) sont fondées sur la faute, le JAF examine simultanément les demandes et, s'il les accepte, il prononce vis-à-vis des époux le divorce aux torts partagés.</Paragraphe>

</SousChapitre>
</Chapitre>
<Chapitre>
<Titre>
<Paragraphe>Coût</Paragraphe>
</Titre><SousChapitre>
<Titre>
<Paragraphe>Frais de justice</Paragraphe>
</Titre><Paragraphe>Le coût  varie en fonction des <LienInterne LienPublication="F15018" type="Fiche Question-réponse" audience="Particuliers">honoraires de l'avocat</LienInterne> choisi.</Paragraphe>
<Paragraphe>Si les ressources d'un  époux  sont insuffisantes il peut bénéficier de <LienInterne LienPublication="F18074" type="Fiche d'information" audience="Particuliers">l'aide juridictionnelle</LienInterne>.</Paragraphe>

</SousChapitre>
<SousChapitre>
<Titre>
<Paragraphe>Frais de notaire</Paragraphe>
</Titre><Paragraphe>Le régime de la séparation de corps entraîne la séparation des biens des époux. </Paragraphe>
<Paragraphe>Le régime matrimonial doit donc être liquidé.</Paragraphe>
<Paragraphe>Différents types <LienInterne LienPublication="F17701" type="Fiche Question-réponse" audience="Particuliers">de frais de notaire</LienInterne> seront à la charge des époux.</Paragraphe>

</SousChapitre>
</Chapitre>
<Chapitre>
<Titre>
<Paragraphe>Conséquences de la séparation de corps</Paragraphe>
</Titre><SousChapitre>
<Titre>
<Paragraphe>Date d'effet</Paragraphe>
</Titre><Paragraphe>La date d'effet de la séparation de corps correspond au jour où le jugement a acquis <LienIntra LienID="R15859" type="Définition de glossaire">force de chose jugée</LienIntra>.</Paragraphe>
<Tableau>
<Titre>Date d'effet de la séparation de corps sur les biens</Titre>
<Colonne largeur="60" type="normal"/>
<Colonne largeur="47" type="normal"/>
<Rangée type="header">
<Cellule>
<Paragraphe>Type de séparation de corps</Paragraphe>
</Cellule>
<Cellule>
<Paragraphe>Date d'effet</Paragraphe>
</Cellule>
</Rangée>
<Rangée type="normal">
<Cellule>
<Paragraphe>Par consentement mutuel (devant le juge)</Paragraphe>
</Cellule>
<Cellule>
<Paragraphe>À la date de l'homologation de la convention réglant l'ensemble des conséquences de la séparation, à moins que celle-ci n'en dispose autrement</Paragraphe>
</Cellule>
</Rangée>
<Rangée type="normal">
<Cellule>
<Paragraphe>Sur demande acceptée</Paragraphe>
</Cellule>
<Cellule>
<Paragraphe>À la date de l'ordonnance de non-conciliation</Paragraphe>
</Cellule>
</Rangée>
<Rangée type="normal">
<Cellule>
<Paragraphe>Pour faute</Paragraphe>
</Cellule>
<Cellule>
<Paragraphe>À la date de l'ordonnance de non-conciliation</Paragraphe>
</Cellule>
</Rangée>
<Rangée type="normal">
<Cellule>
<Paragraphe>Pour rupture de la vie commune</Paragraphe>
</Cellule>
<Cellule>
<Paragraphe>À la date de l'ordonnance de non-conciliation</Paragraphe>
</Cellule>
</Rangée>
</Tableau>
<Paragraphe>À la demande de l'un des époux, le juge peut fixer les effets du jugement à la date à laquelle ils ont cessé de cohabiter.</Paragraphe>
<Paragraphe>S'agissant des tiers, le jugement leur devient <LienIntra LienID="R16368" type="Définition de glossaire">opposable</LienIntra> à compter du jour où les formalités de mention à l'état civil ont été effectuées.</Paragraphe>

</SousChapitre>
<SousChapitre>
<Titre>
<Paragraphe>Cessation du devoir de cohabitation</Paragraphe>
</Titre><Paragraphe>Les époux restent mariés mais cessent de vivre ensemble.</Paragraphe>

</SousChapitre>
<SousChapitre>
<Titre>
<Paragraphe>Séparation de biens</Paragraphe>
</Titre><Paragraphe>La séparation de corps entraîne toujours la séparation des biens.</Paragraphe>
<Paragraphe>Le juge doit donc décider de l'attribution du logement familial.</Paragraphe>
<Paragraphe>Sauf pour les époux qui sont mariés sous le régime de la séparation de biens, les époux mariés sous un régime de communauté devront procéder à la liquidation du régime matrimonial. La liquidation s'effectue devant un notaire.</Paragraphe>
<Paragraphe>Le régime des époux sera celui de la séparation de biens. Par exemple, un bien acheté par un des époux pendant la séparation de corps sera considéré comme un <LienIntra LienID="R46500" type="Définition de glossaire">bien propre</LienIntra> et non comme appartenant aux 2 époux.</Paragraphe>

</SousChapitre>
<SousChapitre>
<Titre>
<Paragraphe>Effets sur les enfants</Paragraphe>
</Titre><Paragraphe>Le <LienInterne LienPublication="R45626" type="Sigle">JAF</LienInterne> doit déterminer le <LienInterne LienPublication="F18785" type="Fiche d'information" audience="Particuliers">lieu de résidence du ou des enfants</LienInterne>.</Paragraphe>
<Paragraphe>En cas de grossesse pendant la séparation de corps, la <LienIntra LienID="R51888" type="Définition de glossaire">présomption de paternité</LienIntra> est écartée du fait de l'absence de cohabitation.</Paragraphe>

</SousChapitre>
<SousChapitre>
<Titre>
<Paragraphe>Maintien des obligations liées au mariage</Paragraphe>
</Titre><Paragraphe>Les autres obligations nées du mariage subsistent, notamment le devoir de fidélité,<LienIntra LienID="R45627" type="Définition de glossaire">de secours</LienIntra> et d'assistance. </Paragraphe>
<Paragraphe>Par conséquent, les époux ne peuvent pas se marier ou conclure un <LienInterne LienPublication="R45368" type="Sigle">Pacs</LienInterne>. </Paragraphe>

</SousChapitre>
<SousChapitre>
<Titre>
<Paragraphe>Versement d'une pension alimentaire</Paragraphe>
</Titre><Paragraphe>Le devoir de secours peut donner lieu au versement d'une <LienInterne LienPublication="F991" type="Fiche d'information" audience="Particuliers">pension alimentaire</LienInterne> à l'époux dans le besoin. Elle peut être accordée par le jugement prononçant la séparation de corps ou par un jugement ultérieur.</Paragraphe>
<Paragraphe>Si la consistance des biens de l'époux débiteur s'y prête, cette pension peut être remplacée par la constitution d'un capital.</Paragraphe>

</SousChapitre>
<SousChapitre>
<Titre>
<Paragraphe>Possibilité de conserver le même nom</Paragraphe>
</Titre><Paragraphe>Chaque époux conserve l'usage du nom de l'autre. Toutefois, et si l'un des époux en fait la demande, le <LienInterne LienPublication="R45626" type="Sigle">JAF</LienInterne> peut l'interdire. </Paragraphe>

</SousChapitre>
<SousChapitre>
<Titre>
<Paragraphe>Droits de succession</Paragraphe>
</Titre><Paragraphe>Si l'un des époux séparés de corps décède, l'époux survivant conserve les droits à la succession prévus par la loi.</Paragraphe>

</SousChapitre>
</Chapitre>
<Chapitre>
<Titre>
<Paragraphe>Fin du régime de la séparation</Paragraphe>
</Titre><Paragraphe>Le régime de la séparation cesse si les époux reprennent la vie commune, s'ils divorcent ou si l'un d'entre eux décède. </Paragraphe>
<BlocCas affichage="onglet"><Cas>
<Titre>
<Paragraphe>Transformation en divorce</Paragraphe>
</Titre><Paragraphe>La séparation de corps prend automatiquement fin avec le divorce.</Paragraphe>
<Paragraphe>La demande de divorce se fait par <LienIntra LienID="R12542" type="Définition de glossaire">requête</LienIntra> au tribunal. L'avocat est obligatoire.</Paragraphe>
<Paragraphe>Elle peut être demandée par un seul des époux au bout de 2 ans après le jugement de séparation de corps. Le divorce sera alors automatiquement prononcé. La cause de la séparation devient la cause du divorce.</Paragraphe>
<Paragraphe>En cas de demande conjointe des époux, la conversion de la séparation en divorce n'est pas soumise au délai de 2 ans et peut être sollicitée à tout moment.</Paragraphe>

</Cas>
<Cas>
<Titre>
<Paragraphe>Reprise de la vie commune</Paragraphe>
</Titre><Paragraphe>Entre époux, la séparation de biens sera maintenue sauf si le couple choisit un autre régime matrimonial.</Paragraphe>
<Paragraphe>À l'égard des tiers, pour avoir une valeur juridique, la reprise de vie commune doit être constatée par un notaire ou déclarée à un officier d'état civil. Cette déclaration peut être faite dans toute mairie.</Paragraphe>
<OuSAdresser ID="R18478" type="Local personnalisable">
<Titre>Notaire</Titre>
<PivotLocal>notaire</PivotLocal>
<RessourceWeb URL="http://www.notaires.fr/fr/annuaires-notaire"/>
</OuSAdresser>
<OuSAdresser ID="R1" type="Local personnalisé sur SP">
<Titre>Mairie</Titre>
<PivotLocal>mairie</PivotLocal>
<RessourceWeb URL="https://lannuaire.service-public.fr/"/>
</OuSAdresser>
<Paragraphe>Une mention est inscrite en marge de l'acte de mariage des époux, ainsi qu'en marge de leurs actes de naissance.</Paragraphe>

</Cas>
<Cas>
<Titre>
<Paragraphe>Décès</Paragraphe>
</Titre><Paragraphe>La séparation de corps prend fin lorsque l'un des époux décède.</Paragraphe>

</Cas>
</BlocCas>

</Chapitre>
</Texte>
</Situation>
<Situation>
<Titre>Consentement mutuel</Titre>
<Texte><Chapitre>
<Titre>
<Paragraphe>De quoi s'agit-il ?</Paragraphe>
</Titre><Paragraphe>Contrairement au divorce, la séparation de corps permet aux époux de rester mariés, mais de ne plus vivre ensemble.</Paragraphe>
<Paragraphe>La séparation de corps entraîne toujours la séparation de biens.</Paragraphe>
<Paragraphe>La procédure du divorce par consentement mutuel par acte sous signature privée contresigné par avocats déposé au rang des minutes d'un notaire peut aussi s'appliquer à la séparation de corps.</Paragraphe>

</Chapitre>
<Chapitre>
<Titre>
<Paragraphe>Qui est concerné ?</Paragraphe>
</Titre><Paragraphe>La séparation de corps concerne uniquement les couples mariés et quel que soit leur régime matrimonial (régime de la communauté réduite aux acquêts, régime de séparation etc.). </Paragraphe>

</Chapitre>
<Chapitre>
<Titre>
<Paragraphe>Acte sous signature privée</Paragraphe>
</Titre>
				<Paragraphe>L'avocat adresse à l'époux qu'il assiste, par lettre recommandée avec accusé de réception, un projet de convention. Ce projet ne peut pas être signé par les époux avant l'expiration d'un délai de réflexion d'une durée de 15 jours à compter de la réception. Si l'un des époux signe la convention avant le délai de 15 jours, la convention devient nulle.</Paragraphe>
				<Paragraphe>Cette convention prend la forme d'un acte sous signature privée contresigné par chacun des avocats des époux.</Paragraphe>
				<Paragraphe>Elle est signée par les époux et leurs avocats en 3 exemplaires. Chaque époux conserve un original de la convention accompagnée de ses annexes. Le 3<Exposant>e</Exposant> original est pour le notaire.</Paragraphe>
				<Paragraphe>La convention est transmise au notaire dans un délai de 7 jours suivant la date de la signature de la convention.</Paragraphe>
			
<Paragraphe>La convention doit être ensuite déposée chez un notaire qui la conservera sous forme de minute.</Paragraphe>
<Paragraphe>Le notaire contrôle si ces éléments apparaissent dans la convention, et si le délai de réflexion de 15 jours a bien été respecté.</Paragraphe>
<Paragraphe>Le dépôt de la convention chez le notaire permet de conférer à la convention date certaine et force exécutoire, c'est-à-dire que la convention est applicable immédiatement.</Paragraphe>
<Paragraphe>Pour autant, les époux peuvent stipuler dans la convention que les conséquences de la séparation prennent effet à une date différée.</Paragraphe>

</Chapitre>
<Chapitre>
<Titre>
<Paragraphe>Coût</Paragraphe>
</Titre><SousChapitre>
<Titre>
<Paragraphe>Frais d'avocat</Paragraphe>
</Titre><Paragraphe>Le coût  varie en fonction des <LienInterne LienPublication="F15018" type="Fiche Question-réponse" audience="Particuliers">honoraires de l'avocat</LienInterne> choisi.</Paragraphe>

</SousChapitre>
<SousChapitre>
<Titre>
<Paragraphe>Frais de notaire</Paragraphe>
</Titre><Paragraphe>Le régime de la séparation de corps entraîne la séparation des biens des époux. </Paragraphe>
<Paragraphe>Le régime matrimonial doit donc être liquidé.</Paragraphe>
<Paragraphe>Différents types <LienInterne LienPublication="F17701" type="Fiche Question-réponse" audience="Particuliers">de frais de notaire</LienInterne> seront à la charge des époux.</Paragraphe>

</SousChapitre>
</Chapitre>
<Chapitre>
<Titre>
<Paragraphe>Conséquences de la séparation de corps</Paragraphe>
</Titre><SousChapitre>
<Titre>
<Paragraphe>Date d'effet</Paragraphe>
</Titre><Paragraphe>La date d'effet de la séparation de corps correspond à la date de la convention réglant l'ensemble des conséquences de la séparation, à moins que celle-ci n'en dispose autrement.</Paragraphe>
<Paragraphe>S'agissant des tiers, la convention leur devient <LienIntra LienID="R16368" type="Définition de glossaire">opposable</LienIntra> à compter du jour où les formalités de mention à l'état civil ont été effectuées.</Paragraphe>

</SousChapitre>
<SousChapitre>
<Titre>
<Paragraphe>Cessation du devoir de cohabitation</Paragraphe>
</Titre><Paragraphe>Les époux restent mariés mais cessent de vivre ensemble.</Paragraphe>

</SousChapitre>
<SousChapitre>
<Titre>
<Paragraphe>Séparation de biens</Paragraphe>
</Titre><Paragraphe>La séparation de corps entraîne toujours la séparation des biens.</Paragraphe>
<Paragraphe>Sauf pour les époux qui sont mariés sous le régime de la séparation de biens, les époux mariés sous un régime de communauté devront procéder à la liquidation du régime matrimonial. La liquidation s'effectue devant un notaire.</Paragraphe>
<Paragraphe>Le régime des époux sera celui de la séparation de biens. Par exemple, un bien acheté par un des époux pendant la séparation de corps sera considéré comme un <LienIntra LienID="R46500" type="Définition de glossaire">bien propre</LienIntra> et non comme appartenant aux 2 époux.</Paragraphe>

</SousChapitre>
<SousChapitre>
<Titre>
<Paragraphe>Effets sur les enfants</Paragraphe>
</Titre><Paragraphe>En cas de grossesse pendant la séparation de corps, la <LienIntra LienID="R51888" type="Définition de glossaire">présomption de paternité</LienIntra> est écartée du fait de l'absence de cohabitation.</Paragraphe>

</SousChapitre>
<SousChapitre>
<Titre>
<Paragraphe>Maintien des obligations liées au mariage</Paragraphe>
</Titre><Paragraphe>Les autres obligations nées du mariage subsistent, notamment le devoir de fidélité,<LienIntra LienID="R45627" type="Définition de glossaire">de secours</LienIntra> et d'assistance. </Paragraphe>
<Paragraphe>Par conséquent, les époux ne peuvent pas se marier ou conclure un <LienInterne LienPublication="R45368" type="Sigle">Pacs</LienInterne>. </Paragraphe>

</SousChapitre>
<SousChapitre>
<Titre>
<Paragraphe>Versement d'une pension alimentaire</Paragraphe>
</Titre><Paragraphe>Le devoir de secours peut donner lieu au versement d'une <LienInterne LienPublication="F991" type="Fiche d'information" audience="Particuliers">pension alimentaire</LienInterne> à l'époux dans le besoin. Elle peut être prévue par la convention de séparation de corps ou par un jugement ultérieur.</Paragraphe>
<Paragraphe>Si la consistance des biens de l'époux débiteur s'y prête, cette pension peut être remplacée par la constitution d'un capital.</Paragraphe>

</SousChapitre>
<SousChapitre>
<Titre>
<Paragraphe>Possibilité de conserver le même nom</Paragraphe>
</Titre><Paragraphe>Chaque époux conserve l'usage du nom de l'autre, sauf si la convention en dispose autrement.</Paragraphe>

</SousChapitre>
<SousChapitre>
<Titre>
<Paragraphe>Droits de succession</Paragraphe>
</Titre><Paragraphe>Si l'un des époux séparés de corps décède, l'époux survivant conserve les droits à la succession prévus par la loi.</Paragraphe>
<Paragraphe>Toutefois, en cas de séparation de corps par consentement mutuel, la convention peut prévoir une renonciation des époux à leurs droits successoraux respectifs.</Paragraphe>

</SousChapitre>
</Chapitre>
<Chapitre>
<Titre>
<Paragraphe>Fin du régime de la séparation</Paragraphe>
</Titre><Paragraphe>Le régime de la séparation cesse si les époux reprennent la vie commune, s'ils divorcent ou si l'un d'entre eux décède. </Paragraphe>
<BlocCas affichage="onglet"><Cas>
<Titre>
<Paragraphe>Transformation en divorce</Paragraphe>
</Titre><Paragraphe>La séparation de corps prend automatiquement fin avec le divorce.</Paragraphe>
<Paragraphe>La demande de divorce se fait par <LienIntra LienID="R12542" type="Définition de glossaire">requête</LienIntra> au tribunal. L'avocat est obligatoire.</Paragraphe>
<Paragraphe>Elle peut être demandée par un seul des époux au bout de 2 ans après le jugement de séparation de corps. Le divorce sera alors automatiquement prononcé. La cause de la séparation devient la cause du divorce.</Paragraphe>
<Paragraphe>Si la séparation de corps a été faite par consentement mutuel, la demande de divorce doit aussi être une demande conjointe.</Paragraphe>
<Paragraphe>En cas de demande conjointe des époux, la conversion de la séparation en divorce n'est pas soumise au délai de 2 ans et peut être sollicitée à tout moment.</Paragraphe>

</Cas>
<Cas>
<Titre>
<Paragraphe>Reprise de la vie commune</Paragraphe>
</Titre><Paragraphe>Entre époux, la séparation de biens sera maintenue sauf si le couple choisit un autre régime matrimonial.</Paragraphe>
<Paragraphe>À l'égard des tiers, pour avoir une valeur juridique, la reprise de vie commune doit être constatée par un notaire ou déclarée à l'officier d'état civil de la mairie dont dépend le domicile familial des époux.</Paragraphe>
<OuSAdresser ID="R18478" type="Local personnalisable">
<Titre>Notaire</Titre>
<PivotLocal>notaire</PivotLocal>
<RessourceWeb URL="http://www.notaires.fr/fr/annuaires-notaire"/>
</OuSAdresser>
<OuSAdresser ID="R1" type="Local personnalisé sur SP">
<Titre>Mairie</Titre>
<PivotLocal>mairie</PivotLocal>
<RessourceWeb URL="https://lannuaire.service-public.fr/"/>
</OuSAdresser>
<Paragraphe>Une mention est inscrite en marge de l'acte de mariage des époux, ainsi qu'en marge de leurs actes de naissance.</Paragraphe>

</Cas>
<Cas>
<Titre>
<Paragraphe>Décès</Paragraphe>
</Titre><Paragraphe>La séparation de corps prend fin lorsque l'un des époux décède.</Paragraphe>

</Cas>
</BlocCas>

</Chapitre>
</Texte>
</Situation>
<Situation>
<Titre>Consentement mutuel, avec un enfant auditionné</Titre>
<Texte>
<Chapitre><Paragraphe>Si l'enfant demande à être auditionné par le juge, la convention est alors soumise à l'approbation du juge.  Le mineur doit être informé par ses parents de son droit à être entendu par le juge.</Paragraphe>

</Chapitre><Chapitre>
<Titre>
<Paragraphe>Conditions</Paragraphe>
</Titre><Paragraphe>La demande peut être faite si les époux sont d'accord sur la séparation et tous ses effets (partage des biens, <LienInterne LienPublication="F3132" type="Fiche d'information" audience="Particuliers">autorité parentale</LienInterne>, <LienInterne LienPublication="F991" type="Fiche d'information" audience="Particuliers">pension alimentaire</LienInterne>, <LienInterne LienPublication="F1760" type="Fiche d'information" audience="Particuliers">prestation compensatoire</LienInterne>). Aucune durée minimale de mariage n'est exigée.</Paragraphe>
<Paragraphe>Les époux n'ont pas à faire connaître les raisons de la séparation.</Paragraphe>
<ASavoir>
<Titre>À savoir</Titre><Paragraphe>la séparation par consentement mutuel est interdite aux majeurs protégés (c'est-à-dire faisant l'objet d'une mesure de <LienInterne LienPublication="F2120" type="Fiche d'information" audience="Particuliers">tutelle</LienInterne> ou de <LienInterne LienPublication="F2094" type="Fiche d'information" audience="Particuliers">curatelle</LienInterne> ou de <LienInterne LienPublication="F2075" type="Fiche d'information" audience="Particuliers">sauvegarde de justice</LienInterne>).</Paragraphe>
</ASavoir>
</Chapitre>
<Chapitre>
<Titre>
<Paragraphe>Saisine d'un avocat</Paragraphe>
</Titre><Paragraphe>Les époux doivent s'adresser à leurs <LienInterne LienPublication="F2153" type="Fiche d'information" audience="Particuliers">avocats</LienInterne> respectifs ou à un avocat unique choisi d'un commun accord.</Paragraphe>
<Paragraphe>L'avocat dépose la requête  au secrétariat-greffe du tribunal du lieu de résidence de la famille. Si les époux vivent séparément, ils ont le choix entre les tribunaux du lieu de résidence de l'un ou de l'autre.</Paragraphe>

</Chapitre>
<Chapitre>
<Titre>
<Paragraphe>Soumission de la convention au juge</Paragraphe>
</Titre><Paragraphe>Les époux soumettent à l'approbation du juge une convention réglant toutes les conséquences pratiques de la séparation pour eux et leurs enfants.</Paragraphe>
<Paragraphe>Le régime matrimonial doit être liquidé (c'est-à-dire que les époux doivent prévoir le partage de leurs biens communs), un acte notarié étant obligatoire en présence de biens immobiliers.</Paragraphe>
<Paragraphe>Le juge entend les époux séparément puis ensemble. Il s'assure de leur volonté se séparer et de leur consentement libre et éclairé.</Paragraphe>

</Chapitre>
<Chapitre>
<Titre>
<Paragraphe>Homologation de la convention</Paragraphe>
</Titre><Paragraphe>Si le juge constate que la volonté de chacun des époux est réelle et que leur consentement est libre et éclairé, il approuve la convention réglant les conséquences de la séparation. La convention est alors homologuée.</Paragraphe>

</Chapitre>
<Chapitre>
<Titre>
<Paragraphe>Refus d'homologation de la convention</Paragraphe>
</Titre><Paragraphe>Le juge peut refuser l'homologation de la convention  s'il constate que la convention ne préserve pas suffisamment les intérêts des enfants ou d'un époux.</Paragraphe>
<Paragraphe>Dans ce cas, il ajourne sa décision, par ordonnance, jusqu'à présentation d'une nouvelle convention.</Paragraphe>
<Paragraphe>L'ordonnance précise les conditions ou garanties auxquelles seront subordonnés l'homologation de la nouvelle convention.</Paragraphe>
<Paragraphe>Le juge peut homologuer des mesures provisoires sur lesquelles les époux se sont mis d'accord. Il s'agit notamment des éléments relatifs à la résidence séparée des époux, de la fixation d'une pension alimentaire, de l'attribution de la jouissance du logement à l'un des époux. Ces mesures doivent être conformes à l'intérêt des enfants. Elles sont applicables jusqu'à ce que la séparation soit prononcée.</Paragraphe>
<Paragraphe>Les époux doivent présenter une nouvelle convention dans un délai maximum de 6 mois. Si le juge refuse une deuxième fois d'homologuer la convention, ou en l'absence de nouvelle convention, la demande de séparation est caduque.</Paragraphe>

</Chapitre>
<Chapitre>
<Titre>
<Paragraphe>Coût de la séparation</Paragraphe>
</Titre><Paragraphe>Le coût varie en fonction des <LienInterne LienPublication="F15018" type="Fiche Question-réponse" audience="Particuliers">honoraires du ou des avocats</LienInterne> choisi et des <LienIntra LienID="R14735" type="Définition de glossaire">émoluments</LienIntra> du notaire.</Paragraphe>
<Paragraphe>Un époux dont les ressources sont insuffisantes pour engager la procédure,  peut bénéficier de <LienInterne LienPublication="F18074" type="Fiche d'information" audience="Particuliers">l'aide juridictionnelle</LienInterne>.</Paragraphe>

</Chapitre>
<Chapitre>
<Titre>
<Paragraphe>Conséquences de la séparation de corps</Paragraphe>
</Titre><SousChapitre>
<Titre>
<Paragraphe>Date d'effet</Paragraphe>
</Titre><Paragraphe>La date d'effet de la séparation de corps correspond à la date de la convention réglant l'ensemble des conséquences de la séparation, à moins que celle-ci n'en dispose autrement.</Paragraphe>
<Paragraphe>S'agissant des tiers, la convention leur devient <LienIntra LienID="R16368" type="Définition de glossaire">opposable</LienIntra> à compter du jour où les formalités de mention à l'état civil ont été effectuées.</Paragraphe>

</SousChapitre>
<SousChapitre>
<Titre>
<Paragraphe>Cessation du devoir de cohabitation</Paragraphe>
</Titre><Paragraphe>Les époux restent mariés mais cessent de vivre ensemble.</Paragraphe>

</SousChapitre>
<SousChapitre>
<Titre>
<Paragraphe>Séparation de biens</Paragraphe>
</Titre><Paragraphe>La séparation de corps entraîne toujours la séparation des biens.</Paragraphe>
<Paragraphe>Sauf pour les époux qui sont mariés sous le régime de la séparation de biens, les époux mariés sous un régime de communauté devront procéder à la liquidation du régime matrimonial. La liquidation s'effectue devant un notaire.</Paragraphe>
<Paragraphe>Le régime des époux sera celui de la séparation de biens. Par exemple, un bien acheté par un des époux pendant la séparation de corps sera considéré comme un <LienIntra LienID="R46500" type="Définition de glossaire">bien propre</LienIntra> et non comme appartenant aux 2 époux.</Paragraphe>

</SousChapitre>
<SousChapitre>
<Titre>
<Paragraphe>Effets sur les enfants</Paragraphe>
</Titre><Paragraphe>En cas de grossesse pendant la séparation de corps, la <LienIntra LienID="R51888" type="Définition de glossaire">présomption de paternité</LienIntra> est écartée du fait de l'absence de cohabitation.</Paragraphe>

</SousChapitre>
<SousChapitre>
<Titre>
<Paragraphe>Maintien des obligations liées au mariage</Paragraphe>
</Titre><Paragraphe>Les autres obligations nées du mariage subsistent, notamment le devoir de fidélité,<LienIntra LienID="R45627" type="Définition de glossaire">de secours</LienIntra> et d'assistance. </Paragraphe>
<Paragraphe>Par conséquent, les époux ne peuvent pas se marier ou conclure un <LienInterne LienPublication="R45368" type="Sigle">Pacs</LienInterne>. </Paragraphe>

</SousChapitre>
<SousChapitre>
<Titre>
<Paragraphe>Versement d'une pension alimentaire</Paragraphe>
</Titre><Paragraphe>Le devoir de secours peut donner lieu au versement d'une <LienInterne LienPublication="F991" type="Fiche d'information" audience="Particuliers">pension alimentaire</LienInterne> à l'époux dans le besoin. Elle peut être prévue par la convention de séparation de corps ou par un jugement ultérieur.</Paragraphe>
<Paragraphe>Si la consistance des biens de l'époux débiteur s'y prête, cette pension peut être remplacée par la constitution d'un capital.</Paragraphe>

</SousChapitre>
<SousChapitre>
<Titre>
<Paragraphe>Possibilité de conserver le même nom</Paragraphe>
</Titre><Paragraphe>Chaque époux conserve l'usage du nom de l'autre, sauf si la convention en dispose autrement.</Paragraphe>

</SousChapitre>
<SousChapitre>
<Titre>
<Paragraphe>Droits de succession</Paragraphe>
</Titre><Paragraphe>Si l'un des époux séparés de corps décède, l'époux survivant conserve les droits à la succession prévus par la loi.</Paragraphe>
<Paragraphe>Toutefois, en cas de séparation de corps par consentement mutuel, la convention peut prévoir une renonciation des époux à leurs droits successoraux respectifs.</Paragraphe>

</SousChapitre>
</Chapitre>
<Chapitre>
<Titre>
<Paragraphe>Fin du régime de la séparation</Paragraphe>
</Titre><Paragraphe>Le régime de la séparation cesse si les époux reprennent la vie commune, s'ils divorcent ou si l'un d'entre eux décède. </Paragraphe>
<BlocCas affichage="onglet"><Cas>
<Titre>
<Paragraphe>Transformation en divorce</Paragraphe>
</Titre><Paragraphe>La séparation de corps prend automatiquement fin avec le divorce.</Paragraphe>
<Paragraphe>La demande de divorce se fait par <LienIntra LienID="R12542" type="Définition de glossaire">requête</LienIntra> au tribunal. L'avocat est obligatoire.</Paragraphe>
<Paragraphe>Elle peut être demandée par un seul des époux au bout de 2 ans après le jugement de séparation de corps. Le divorce sera alors automatiquement prononcé. La cause de la séparation devient la cause du divorce.</Paragraphe>
<Paragraphe>Si la séparation de corps a été faite par consentement mutuel, la demande de divorce doit aussi être une demande conjointe.</Paragraphe>
<Paragraphe>En cas de demande conjointe des époux, la conversion de la séparation en divorce n'est pas soumise au délai de 2 ans et peut être sollicitée à tout moment.</Paragraphe>

</Cas>
<Cas>
<Titre>
<Paragraphe>Reprise de la vie commune</Paragraphe>
</Titre><Paragraphe>Entre époux, la séparation de biens sera maintenue sauf si le couple choisit un autre régime matrimonial.</Paragraphe>
<Paragraphe>À l'égard des tiers, pour avoir une valeur juridique, la reprise de vie commune doit être constatée par un notaire ou déclarée à l'officier d'état civil de la mairie dont dépend le domicile familial des époux.</Paragraphe>
<OuSAdresser ID="R18478" type="Local personnalisable">
<Titre>Notaire</Titre>
<PivotLocal>notaire</PivotLocal>
<RessourceWeb URL="http://www.notaires.fr/fr/annuaires-notaire"/>
</OuSAdresser>
<OuSAdresser ID="R1" type="Local personnalisé sur SP">
<Titre>Mairie</Titre>
<PivotLocal>mairie</PivotLocal>
<RessourceWeb URL="https://lannuaire.service-public.fr/"/>
</OuSAdresser>
<Paragraphe>Une mention est inscrite en marge de l'acte de mariage des époux, ainsi qu'en marge de leurs actes de naissance.</Paragraphe>

</Cas>
<Cas>
<Titre>
<Paragraphe>Décès</Paragraphe>
</Titre><Paragraphe>La séparation de corps prend fin lorsque l'un des époux décède.</Paragraphe>

</Cas>
</BlocCas>

</Chapitre>
</Texte>
</Situation>
</ListeSituations>
<OuSAdresser ID="R14218" type="Local personnalisable">
<Titre>Avocat</Titre>
<PivotLocal>avocat_conseil_national</PivotLocal>
<RessourceWeb URL="http://cnb.avocat.fr/Trouver-un-avocat-en-France_a341.html"/>
<Source ID="R30762">Conseil national des barreaux</Source>
</OuSAdresser>
<Reference type="Texte de référence" URL="https://www.legifrance.gouv.fr/affichCode.do?idSectionTA=LEGISCTA000006150007&amp;cidTexte=LEGITEXT000006070721" ID="R51886">
<Titre>Code civil : articles 296 à 298</Titre>
<Complement>Cas et procédure de la séparation de corps</Complement>
</Reference>
<Reference type="Texte de référence" URL="http://www.legifrance.gouv.fr/affichCode.do?idSectionTA=LEGISCTA000006150009&amp;cidTexte=LEGITEXT000006070721" ID="R12184">
<Titre>Code civil : articles 299 à 304</Titre>
<Complement>Conséquences de la séparation de corps</Complement>
</Reference>
<Reference type="Texte de référence" URL="https://www.legifrance.gouv.fr/affichCode.do?idSectionTA=LEGISCTA000006150012&amp;cidTexte=LEGITEXT000006070721" ID="R54896">
<Titre>Code civil : articles 305 à 308</Titre>
<Complement>Fin de la séparation de corps</Complement>
</Reference>
<Reference type="Texte de référence" URL="https://www.legifrance.gouv.fr/affichCodeArticle.do?idArticle=LEGIARTI000006411874&amp;cidTexte=LEGITEXT000006070716" ID="R51887">
<Titre>Code de procédure civile : article 1076</Titre>
<Complement>Transformation d'un divorce en séparation de corps</Complement>
</Reference>
<Reference type="Texte de référence" URL="http://www.legifrance.gouv.fr/affichCode.do?idArticle=LEGIARTI000006412030&amp;idSectionTA=LEGISCTA000006165255&amp;cidTexte=LEGITEXT000006070716" ID="R473">
<Titre>Code de procédure civile : articles 1131 à 1136</Titre>
<Complement>Divorce sur conversion de la séparation de corps</Complement>
</Reference>
<Reference type="Texte de référence" URL="https://www.legifrance.gouv.fr/affichCode.do?idSectionTA=LEGISCTA000033747837&amp;cidTexte=LEGITEXT000006070716" ID="R46341">
<Titre>Code de procédure civile : article 1144 à 1148-3</Titre>
<Complement>Divorce par consentement mutuel par acte sous signature privée contresigné par avocats, déposé au rang des minutes d'un notaire</Complement>
</Reference>
<Definition ID="R37479">
<Titre>Demande reconventionnelle</Titre>
<Texte>
				<Paragraphe>Demande par laquelle le défendeur  prétend obtenir un avantage autre que le simple rejet de la prétention de son adversaire</Paragraphe>
			</Texte><Reference type="Texte de référence" URL="http://legifrance.gouv.fr/affichCodeArticle.do?idArticle=LEGIARTI000006410169&amp;cidTexte=LEGITEXT000006070716" ID="R37480">
<Titre>Code de procédure civile : article 64</Titre>
</Reference>
</Definition>
<Definition ID="R14735">
<Titre>Émolument</Titre>
<Texte>
				<Paragraphe>Somme perçue par un officier ministériel (notaire, huissier de justice, etc.) en contrepartie d'une prestation dont le tarif est réglementé</Paragraphe>
			</Texte><Reference type="Texte de référence" URL="https://www.legifrance.gouv.fr/affichCode.do?idSectionTA=LEGISCTA000032122792&amp;cidTexte=LEGITEXT000005634379" ID="R43236">
<Titre>Code du commerce : articles R444-2 à R444-3</Titre>
</Reference>
</Definition>
<Definition ID="R12890">
<Titre>Tiers (procédure judiciaire)</Titre>
<Texte>
				<Paragraphe>Personne étrangère à une affaire judiciaire</Paragraphe>
			</Texte>
</Definition>
<Definition ID="R40685">
<Titre>Ordonnance de non-conciliation</Titre>
<Texte>
				<Paragraphe>Décision du juge aux affaires familiales constatant qu'il n'a pas pu mettre d'accord les époux dans une procédure de divorce. Elle autorise la poursuite de la procédure de divorce et fixe les mesures provisoires.</Paragraphe>
			</Texte>
</Definition>
<Definition ID="R45748">
<Titre>Instance</Titre>
<Texte>
				<Paragraphe>Actes de procédure accomplis au cours d'un procès, de la demande en justice jusqu'au jugement </Paragraphe>
			</Texte>
</Definition>
<Definition ID="R15859">
<Titre>Jugement passé en force de chose jugée</Titre>
<Texte>
				<Paragraphe>Jugement qui n'est plus susceptible de recours, soit parce que les recours ont été épuisés, soit que les délais sont expirés</Paragraphe>
			</Texte>
</Definition>
<Definition ID="R51888">
<Titre>Présomption de paternité</Titre>
<Texte>
				<Paragraphe>Hypothèse selon laquelle l'enfant conçu ou né pendant le mariage a pour père le mari</Paragraphe>
			</Texte><Reference type="Texte de référence" URL="https://www.legifrance.gouv.fr/affichCode.do?idArticle=LEGIARTI000006425012&amp;idSectionTA=LEGISCTA000006165749&amp;cidTexte=LEGITEXT000006070721" ID="R15698">
<Titre>Code civil : articles 312 à 315</Titre>
</Reference>
</Definition>
<Definition ID="R12542">
<Titre>Requête</Titre>
<Texte>
				<Paragraphe>Écrit permettant de saisir un tribunal</Paragraphe>
			</Texte>
</Definition>
<Definition ID="R16368">
<Titre>Opposable</Titre>
<Texte>
				<Paragraphe>Qui ne peut être méconnu par les tiers, lesquels doivent en subir les effets et les respecter</Paragraphe>
			</Texte>
</Definition>
<Definition ID="R46500">
<Titre>Biens propres</Titre>
<Texte>
				<Paragraphe>Bien appartenant à l'un ou l'autre des époux</Paragraphe>
			</Texte>
</Definition>
<Definition ID="R45627">
<Titre>Devoir de secours</Titre>
<Texte>
				<Paragraphe>Obligation entre époux prenant généralement la forme d'une aide financière versée par un époux à l'autre dans le besoin</Paragraphe>
			</Texte>
</Definition>
<Abreviation ID="R45368" type="Sigle">
<Titre>Pacs</Titre>
<Texte>
<Paragraphe>Pacte civil de solidarité</Paragraphe>
</Texte>
</Abreviation>
<Abreviation ID="R45626" type="Sigle">
<Titre>JAF</Titre>
<Texte>
<Paragraphe>Juge aux affaires familiales</Paragraphe>
</Texte>
</Abreviation>
<CommentFaireSi ID="F16507">Je dois faire face au décès d'un proche</CommentFaireSi>

</Publication>
