<?xml version="1.0" encoding="UTF-8"?><Publication xmlns:dc="http://purl.org/dc/elements/1.1/" xmlns:xsi="http://www.w3.org/2001/XMLSchema-instance" ID="N13271" type="Dossier" xsi:noNamespaceSchemaLocation="../Schemas/3.0/Publication.xsd">
<dc:title>Volontariats</dc:title>
<dc:creator>Direction de l'information légale et administrative</dc:creator>
<dc:subject>Papiers - Citoyenneté</dc:subject>
<dc:description>Volontariats : Service civique, Réserve civique, Participation à la sécurité civile, Garde nationale et volontariat dans les armées</dc:description>
<dc:publisher>Direction de l'information légale et administrative</dc:publisher>
<dc:contributor>Direction de l'information légale et administrative (Premier ministre)</dc:contributor>
<dc:date>modified 2018-04-09</dc:date>
<dc:type>Dossier</dc:type>
<dc:format>text/xml</dc:format>
<dc:identifier>N13271</dc:identifier>
<dc:language>Fr</dc:language>
<dc:relation>isPartOf N19810</dc:relation>
<dc:coverage>France entière</dc:coverage>
<dc:rights>https://www.service-public.fr/a-propos/mentions-legales</dc:rights>
<SurTitre>Dossier</SurTitre>
<Audience>Particuliers</Audience>
<Canal>www.service-public.fr</Canal>
<Cible>Jeune</Cible>
<FilDAriane>
<Niveau ID="Particuliers">Accueil particuliers</Niveau>
<Niveau ID="N19810">Papiers - Citoyenneté</Niveau>
<Niveau ID="N13271" type="Dossier">Volontariats</Niveau>
</FilDAriane>
<Theme ID="N19810">
<Titre>Papiers - Citoyenneté</Titre>
</Theme>
<SousThemePere ID="N20070">Citoyenneté</SousThemePere>
<SousDossier ID="N13271-1">
<Titre>Service civique</Titre><Fiche ID="F13278">Engagement de service civique</Fiche>
<Fiche ID="F13273">Volontariat associatif</Fiche>
<Fiche ID="F119">Corps européen de solidarité (CES)</Fiche>
<Fiche ID="F10040">Volontariat international en entreprise (VIE)</Fiche>
<Fiche ID="F13279">Volontariat international en administration (VIA)</Fiche>
<Fiche ID="F11444">Volontariat de solidarité internationale (VSI)</Fiche>
</SousDossier>
<SousDossier ID="N13271-2">
<Titre>Réserve civique</Titre><Fiche ID="F34258">Réserve citoyenne de l'Éducation nationale</Fiche>
<Fiche ID="F1189">Réserve citoyenne de défense et de sécurité</Fiche>
<Fiche ID="F11971">Réserve communale de sécurité civile</Fiche>
<Fiche ID="F34526">Réserve citoyenne de la police nationale</Fiche>
</SousDossier>
<SousDossier ID="N13271-3">
<Titre>Participation à la sécurité civile</Titre><Fiche ID="F72">Sapeur-pompier volontaire (SPV)</Fiche>
<Fiche ID="F33926">Réserve sanitaire</Fiche>
</SousDossier>
<SousDossier ID="N13271-4">
<Titre>Garde nationale et volontariat dans les armées</Titre><Fiche ID="F1188">Volontariat : réserve opérationnelle dans les armées</Fiche>
<Fiche ID="F34110">Réserve civile de la Police nationale</Fiche>
<Fiche ID="F1292">Volontariat dans les armées</Fiche>
</SousDossier><ServiceEnLigne ID="R14397" URL="http://www.service-civique.gouv.fr/missions?type=mission&amp;pays=16" type="Téléservice">
<Titre>Candidature en ligne à un engagement de service civique</Titre>
<Source ID="R30648">Agence du service civique</Source>
</ServiceEnLigne>
<ServiceEnLigne ID="R1250" URL="https://www.civiweb.com/FR/s-inscrire/etape/1.aspx" type="Téléservice">
<Titre>Candidature en ligne au volontariat international en entreprise (VIE) ou en administration (VIA)</Titre>
<Source ID="R42941">Centre d'information sur le volontariat international (Civi)</Source>
</ServiceEnLigne>
<PourEnSavoirPlus type="Information pratique" ID="R42004" URL="http://www.decouvrirlemonde.jeunes.gouv.fr/" audience="Particuliers">
<Titre>Découvrir le monde (jeunes.gouv.fr)</Titre>
<Source ID="R30704">Ministère chargé de la jeunesse</Source>
</PourEnSavoirPlus>
<PourEnSavoirPlus type="Information pratique" ID="R42427" URL="http://www.defense.gouv.fr/smv" audience="Particuliers">
<Titre>Le service militaire volontaire</Titre>
<Source ID="R30701">Ministère chargé de la défense</Source>
</PourEnSavoirPlus>
<PourEnSavoirPlus type="Information pratique" ID="R47954" URL="http://www.gouvernement.fr/garde-nationale" audience="Particuliers">
<Titre>La garde nationale</Titre>
<Source ID="R30758">Premier ministre</Source>
</PourEnSavoirPlus>
<PourEnSavoirPlus type="Information pratique" ID="R47880" URL="https://www.legifrance.gouv.fr/affichTexte.do?cidTexte=JORFTEXT000034640343#LEGISCTA000034700133" audience="Particuliers">
<Titre>Charte de la réserve civique</Titre>
<Source ID="R30608">Direction de l'information légale et administrative (Dila) - Premier ministre</Source>
</PourEnSavoirPlus>
<QuestionReponse ID="F15834" audience="Particuliers">Volontariat : comment choisir son service civique ?</QuestionReponse>
<QuestionReponse ID="F34283" audience="Particuliers">Dans quelle réserve peut-on s'engager ?</QuestionReponse>
<QuestionReponse ID="F16047" audience="Particuliers">Qu'est-ce qu'un jeune sapeur-pompier (JSP) ?</QuestionReponse>
<QuestionReponse ID="F92" audience="Particuliers">Qu'est-ce qu'un congé de solidarité internationale ?</QuestionReponse>
<QuestionReponse ID="F34030" audience="Particuliers">Qu'est-ce que le compte engagement citoyen (CEC) ?</QuestionReponse>
</Publication>
