<?xml version="1.0" encoding="UTF-8"?><Publication xmlns:dc="http://purl.org/dc/elements/1.1/" xmlns:xsi="http://www.w3.org/2001/XMLSchema-instance" ID="N259" type="Dossier" xsi:noNamespaceSchemaLocation="../Schemas/3.0/Publication.xsd">
<dc:title>Contestation d'un jugement</dc:title>
<dc:creator>Direction de l'information légale et administrative</dc:creator>
<dc:subject>Justice</dc:subject>
<dc:description>Tout jugement civil ou pénal peut être contesté, par diverses voies de recours. L'appel permet de contester la décision issue d'un premier procès. L'opposition permet de contester un jugement rendu en son absence. Le pourvoi en cassation permet de contester un jugement sur la forme lorsqu'il n'y pas ou plus de possibilité d'appel. La révision permet de contester un jugement si de nouveaux éléments sont apparus.</dc:description>
<dc:publisher>Direction de l'information légale et administrative</dc:publisher>
<dc:contributor>Direction de l'information légale et administrative (Premier ministre)</dc:contributor>
<dc:date>modified 2020-06-05</dc:date>
<dc:type>Dossier</dc:type>
<dc:format>text/xml</dc:format>
<dc:identifier>N259</dc:identifier>
<dc:language>Fr</dc:language>
<dc:relation>isPartOf N19807</dc:relation>
<dc:coverage>France entière</dc:coverage>
<dc:rights>https://www.service-public.fr/a-propos/mentions-legales</dc:rights>
<SurTitre>Dossier</SurTitre>
<Audience>Particuliers</Audience>
<Canal>www.service-public.fr</Canal>
<FilDAriane>
<Niveau ID="Particuliers">Accueil particuliers</Niveau>
<Niveau ID="N19807">Justice</Niveau>
<Niveau ID="N259" type="Dossier">Contestation d'un jugement</Niveau>
</FilDAriane>
<Theme ID="N19807">
<Titre>Justice</Titre>
</Theme>
<SousThemePere ID="N271">Procédures judiciaires</SousThemePere>
<Fiche ID="F1384">Faire appel d'un jugement civil ou pénal</Fiche>
<Fiche ID="F1386">Faire opposition à un jugement civil</Fiche>
<Fiche ID="F1381">Demander la révision d'une décision de justice</Fiche>
<Fiche ID="F1382">Saisir la Cour de cassation</Fiche>
<Introduction>
<Texte><Paragraphe>Tout jugement civil ou pénal peut être contesté, par diverses voies de recours. L'appel permet de contester la décision issue d'un premier procès. L'opposition permet de contester un jugement rendu en son absence. Le pourvoi en cassation permet de contester un jugement sur la forme lorsqu'il n'y pas ou plus de possibilité d'appel. La révision permet de contester un jugement si de nouveaux éléments sont apparus.</Paragraphe>
</Texte>
</Introduction><VoirAussi important="non">
<Fiche ID="F2494" audience="Particuliers">
<Titre>Faire appel devant la cour administrative d'appel (CAA)</Titre>
<Theme ID="N19810">
<Titre>Papiers - Citoyenneté</Titre>
</Theme>
</Fiche>
<Fiche ID="F2495" audience="Particuliers">
<Titre>Faire appel devant le Conseil d'État</Titre>
<Theme ID="N19810">
<Titre>Papiers - Citoyenneté</Titre>
</Theme>
</Fiche>
<Fiche ID="F2496" audience="Particuliers">
<Titre>Recours en cassation devant le Conseil d'État</Titre>
<Theme ID="N19810">
<Titre>Papiers - Citoyenneté</Titre>
</Theme>
</Fiche>
</VoirAussi>
<QuestionReponse ID="F33227" audience="Particuliers">Appel d'un jugement : comment acheter un timbre fiscal ?</QuestionReponse>
<QuestionReponse ID="F21088" audience="Particuliers">Qu'est-ce qu'une question prioritaire de constitutionnalité (QPC) ?</QuestionReponse>
</Publication>
