<?xml version="1.0" encoding="UTF-8"?><Publication xmlns:dc="http://purl.org/dc/elements/1.1/" xmlns:xsi="http://www.w3.org/2001/XMLSchema-instance" ID="N474" type="Dossier" xsi:noNamespaceSchemaLocation="../Schemas/3.0/Publication.xsd">
<dc:title>Rémunération dans le secteur privé</dc:title>
<dc:creator>Direction de l'information légale et administrative</dc:creator>
<dc:subject>Travail, Ressources humaines</dc:subject>
<dc:description>Rémunération dans le secteur privé</dc:description>
<dc:publisher>Direction de l'information légale et administrative</dc:publisher>
<dc:contributor>Direction de l'information légale et administrative (Premier ministre)</dc:contributor>
<dc:date>modified 2020-06-16</dc:date>
<dc:type>Dossier</dc:type>
<dc:format>text/xml</dc:format>
<dc:identifier>N474</dc:identifier>
<dc:language>Fr</dc:language>
<dc:relation>isPartOf N19806</dc:relation>
<dc:coverage>France entière</dc:coverage>
<dc:rights>https://www.service-public.fr/a-propos/mentions-legales</dc:rights>
<SurTitre>Dossier</SurTitre>
<Audience>Particuliers</Audience>
<Audience>Professionnels</Audience>
<Canal>www.service-public.fr</Canal>
<FilDAriane>
<Niveau ID="Particuliers">Accueil particuliers</Niveau>
<Niveau ID="N19806">Travail</Niveau>
<Niveau ID="N474" type="Dossier">Rémunération dans le secteur privé</Niveau>
</FilDAriane>
<Theme ID="N19806">
<Titre>Travail</Titre>
</Theme>
<SousThemePere ID="N19963">Rémunération</SousThemePere>
<Fiche ID="F2301">Salaire, primes et avantages</Fiche>
<Fiche ID="F2300">Smic (Salaire minimum de croissance)</Fiche>
<Fiche ID="F2308">Paiement du salaire</Fiche>
<Fiche ID="F559">Fiche de paie</Fiche>
<Fiche ID="F2302">Cotisations salariales</Fiche>
<Fiche ID="F19846">Remboursement des frais de transport</Fiche><VoirAussi important="non">
<Dossier ID="N247" audience="Particuliers">
<Titre>Impôt sur le revenu : déclaration et revenus à déclarer</Titre>
<Theme ID="N19803">
<Titre>Argent</Titre>
</Theme>
</Dossier>
<Dossier ID="N511" audience="Particuliers">
<Titre>Rémunération dans la fonction publique</Titre>
<Theme ID="N19806">
<Titre>Travail</Titre>
</Theme>
</Dossier>
<Fiche ID="F115" audience="Particuliers">
<Titre>Saisie sur salaire (ou "saisie des rémunérations")</Titre>
<Theme ID="N19807">
<Titre>Justice</Titre>
</Theme>
</Fiche>
<Fiche ID="F33808" audience="Professionnels">
<Titre>Indemnité kilométrique vélo (IKV)</Titre>
<Theme ID="N24265">
<Titre>Fiscalité</Titre>
</Theme>
</Fiche>
</VoirAussi>
<PourEnSavoirPlus type="Information pratique" ID="R21159" URL="https://www.afecreation.fr/pid2793/fixer-la-remuneration.html" audience="Particuliers">
<Titre>Comment fixer la rémunération d'un salarié ?</Titre>
<Source ID="R30690">Bpifrance Création (ex-AFE)</Source>
</PourEnSavoirPlus>
<PourEnSavoirPlus type="Information pratique" ID="R232" URL="http://travail-emploi.gouv.fr/droit-du-travail/remuneration-et-participation-financiere/remuneration/article/le-bulletin-de-paie" audience="Particuliers">
<Titre>Comment établir un bulletin de paie ?</Titre>
<Source ID="R30661">Ministère chargé du travail</Source>
</PourEnSavoirPlus>
<QuestionReponse ID="F718" audience="Particuliers">La prime d'ancienneté est-elle obligatoire ?</QuestionReponse>
<QuestionReponse ID="F35103" audience="Particuliers">Qu'est-ce que l'index de l'égalité professionnelle ?</QuestionReponse>
<QuestionReponse ID="F2408" audience="Particuliers">Avantages en nature et frais professionnels : quelles différences ?</QuestionReponse>
<QuestionReponse ID="F31851" audience="Particuliers">Un salarié doit-il rembourser du matériel de l'entreprise cassé ou perdu ?</QuestionReponse>
<QuestionReponse ID="F803" audience="Particuliers">Qui peut toucher la prime de précarité à la fin d'un contrat de travail ?</QuestionReponse>
<QuestionReponse ID="F35235" audience="Particuliers">Qu'est-ce que la prime exceptionnelle de pouvoir d'achat ?</QuestionReponse>
<QuestionReponse ID="F34732" audience="Particuliers">Comment doit faire l'employeur pour appliquer le prélèvement à la source (PAS) ?</QuestionReponse>
<QuestionReponse ID="F21059" audience="Particuliers">Titres-restaurant : quelles sont les règles ?</QuestionReponse>
</Publication>
