<?xml version="1.0" encoding="UTF-8"?><ServiceComplementaire xmlns:dc="http://purl.org/dc/elements/1.1/" xmlns:xsi="http://www.w3.org/2001/XMLSchema-instance" ID="R10883" type="Formulaire" xsi:noNamespaceSchemaLocation="../Schemas/3.0/ServiceComplementaire.xsd">
<dc:title>Formulaire 11428*20 : Déclaration récapitulative des opérations sur valeurs mobilières et revenus de capitaux mobiliers</dc:title>
<dc:creator>Direction de l'information légale et administrative</dc:creator>
<dc:subject>Argent</dc:subject>
<dc:description>L'imprimé fiscal unique (IFU) est à souscrire par l'établissement payeur. Il sert à récapituler l'ensemble des revenus de capitaux mobiliers versés et l'ensemble des opérations sur valeurs mobilières effectuées. Le formulaire contient une notice et donne accès aux feuillets 2561 bis, 2561 quater et 2561 ter. A noter : la déclaration doit être transmise par procédé informatique.</dc:description>
<dc:publisher>Direction de l'information légale et administrative</dc:publisher>
<dc:contributor>Direction de l'information légale et administrative (Premier ministre)</dc:contributor>
<dc:date>modified 2019-03-21</dc:date>
<dc:type>Formulaire</dc:type>
<dc:format>text/xml</dc:format>
<dc:identifier>R10883</dc:identifier>
<dc:language>Fr</dc:language>
<dc:coverage>France entière</dc:coverage>
<dc:rights>https://www.service-public.fr/a-propos/mentions-legales</dc:rights>
<SurTitre>Formulaire</SurTitre>
<Audience>Particuliers</Audience>
<Canal>www.service-public.fr</Canal>
<FilDAriane>
<Niveau ID="Particuliers">Accueil particuliers</Niveau>
<Niveau ID="servicesEnLigne" type="Liste - Service en ligne">Services en ligne et formulaires</Niveau>
<Niveau ID="R10883" type="Formulaire">Déclaration récapitulative des opérations sur valeurs mobilières et revenus de capitaux mobiliers</Niveau>
</FilDAriane>
<Theme ID="N19803">
<Titre>Argent</Titre>
<Audience>Particuliers</Audience>
</Theme>
<NumeroCerfa>11428*20</NumeroCerfa>
<AutreNumero>2561</AutreNumero>
<Texte><Paragraphe>L'imprimé fiscal unique (IFU) est à souscrire par l'établissement payeur.</Paragraphe>
<Paragraphe>Il sert à récapituler l'ensemble des revenus de capitaux mobiliers versés et l'ensemble des opérations sur valeurs mobilières effectuées.</Paragraphe>
<Paragraphe>Le formulaire contient une notice et donne accès aux feuillets 2561 bis, 2561 quater et 2561 ter.</Paragraphe>
<ANoter>
<Titre>À noter</Titre><Paragraphe>la déclaration doit être transmise par procédé informatique.</Paragraphe>
</ANoter>
</Texte>
<LienWeb URL="https://www.impots.gouv.fr/portail/node/9010">
<Source>Ministère chargé des finances</Source>
</LienWeb>
<FicheLiee ID="F22449" audience="Particuliers" type="Fiche Question-réponse">
<Titre>Comment sont imposés les revenus d'un plan d'épargne en actions (PEA) ?</Titre>
<Dossier ID="N247">Impôt sur le revenu : déclaration et revenus à déclarer</Dossier>
</FicheLiee>
<FicheLiee ID="F1059" audience="Particuliers" type="Fiche Question-réponse">
<Titre>Doit-on déclarer aux impôts un prêt d'argent entre particuliers ?</Titre>
<Dossier ID="N247">Impôt sur le revenu : déclaration et revenus à déclarer</Dossier>
</FicheLiee>
<FicheLiee ID="F21618" audience="Particuliers" type="Fiche d'information">
<Titre>Impôts sur le revenu : plus-values sur valeurs mobilières</Titre>
<Dossier ID="N247">Impôt sur le revenu : déclaration et revenus à déclarer</Dossier>
</FicheLiee>
<FicheLiee ID="F2613" audience="Particuliers" type="Fiche d'information">
<Titre>Impôt sur le revenu - Revenus financiers</Titre>
<Dossier ID="N247">Impôt sur le revenu : déclaration et revenus à déclarer</Dossier>
</FicheLiee>
</ServiceComplementaire>
