<?xml version="1.0" encoding="UTF-8"?><ServiceComplementaire xmlns:dc="http://purl.org/dc/elements/1.1/" xmlns:xsi="http://www.w3.org/2001/XMLSchema-instance" ID="R1278" type="Formulaire" xsi:noNamespaceSchemaLocation="../Schemas/3.0/ServiceComplementaire.xsd">
<dc:title>Formulaire : Dossier vert (étudiant étranger) : demande d'admission préalable en université - 1ère année de licence ou Paces - 2019-2020</dc:title>
<dc:creator>Direction de l'information légale et administrative</dc:creator>
<dc:subject>Famille</dc:subject>
<dc:description>Dossier vert (étudiant étranger) : demande d'admission préalable en université - 1ère année de licence ou Paces - 2019-2020 - Formulaire</dc:description>
<dc:publisher>Direction de l'information légale et administrative</dc:publisher>
<dc:contributor>Direction de l'information légale et administrative (Premier ministre)</dc:contributor>
<dc:date>modified 2019-11-06</dc:date>
<dc:type>Formulaire</dc:type>
<dc:format>text/xml</dc:format>
<dc:identifier>R1278</dc:identifier>
<dc:language>Fr</dc:language>
<dc:coverage>France entière</dc:coverage>
<dc:rights>https://www.service-public.fr/a-propos/mentions-legales</dc:rights>
<SurTitre>Formulaire</SurTitre>
<Audience>Particuliers</Audience>
<Canal>www.service-public.fr</Canal>
<FilDAriane>
<Niveau ID="Particuliers">Accueil particuliers</Niveau>
<Niveau ID="servicesEnLigne" type="Liste - Service en ligne">Services en ligne et formulaires</Niveau>
<Niveau ID="R1278" type="Formulaire">Dossier vert (étudiant étranger) : demande d'admission préalable en université - 1ère année de licence ou Paces - 2019-2020</Niveau>
</FilDAriane>
<Theme ID="N19805">
<Titre>Famille</Titre>
<Audience>Particuliers</Audience>
</Theme>
<AutreNumero>11126*19</AutreNumero>
<LienWeb URL="https://www.formulaires.service-public.fr/gf/cerfa_11126.do" format="application/pdf" poids="1.0 MB">
<Source>Ministère chargé de la culture et de la communication</Source>
</LienWeb><NoticeLiee ID="R16649" URL="https://www.formulaires.service-public.fr/gf/getNotice.do?cerfaNotice=50676&amp;cerfaFormulaire=11126" numerocerfa="5067#19" format="application/pdf" poids="329.3 KB">Notice du dossier vert : demande préalable à l'inscription en 1re année de licence</NoticeLiee>

<Dossier ID="N58">
<Titre>Inscription dans l'enseignement supérieur</Titre>
<Audience>Particuliers</Audience>
</Dossier>
</ServiceComplementaire>
