<?xml version="1.0" encoding="UTF-8"?><ServiceComplementaire xmlns:dc="http://purl.org/dc/elements/1.1/" xmlns:xsi="http://www.w3.org/2001/XMLSchema-instance" ID="R1293" type="Formulaire" xsi:noNamespaceSchemaLocation="../Schemas/3.0/ServiceComplementaire.xsd">
<dc:title>Formulaire 11382*03 : Demande de prêt auprès de la Caf pour travaux d'amélioration de l'habitat</dc:title>
<dc:creator>Direction de l'information légale et administrative</dc:creator>
<dc:subject>Logement</dc:subject>
<dc:description>Permet au propriétaire ou locataire de faire une demande de prêt pour réaliser des travaux d'amélioration dans leur logement. Ce prêt s'adresse également aux assistantes maternelles (assistants maternels).</dc:description>
<dc:publisher>Direction de l'information légale et administrative</dc:publisher>
<dc:contributor>Direction de l'information légale et administrative (Premier ministre)</dc:contributor>
<dc:date>modified 2018-12-10</dc:date>
<dc:type>Formulaire</dc:type>
<dc:format>text/xml</dc:format>
<dc:identifier>R1293</dc:identifier>
<dc:language>Fr</dc:language>
<dc:coverage>France entière</dc:coverage>
<dc:rights>https://www.service-public.fr/a-propos/mentions-legales</dc:rights>
<SurTitre>Formulaire</SurTitre>
<Audience>Particuliers</Audience>
<Canal>www.service-public.fr</Canal>
<FilDAriane>
<Niveau ID="Particuliers">Accueil particuliers</Niveau>
<Niveau ID="servicesEnLigne" type="Liste - Service en ligne">Services en ligne et formulaires</Niveau>
<Niveau ID="R1293" type="Formulaire">Demande de prêt auprès de la Caf pour travaux d'amélioration de l'habitat</Niveau>
</FilDAriane>
<Theme ID="N19808">
<Titre>Logement</Titre>
<Audience>Particuliers</Audience>
</Theme>
<NumeroCerfa>11382*03</NumeroCerfa>
<Texte><Paragraphe>Permet au propriétaire ou locataire de faire une demande de prêt pour réaliser des travaux d'amélioration dans leur logement. Ce prêt s'adresse également aux assistantes maternelles (assistants maternels).</Paragraphe>

</Texte>
<LienWeb URL="http://www.caf.fr/sites/default/files/caf/698/Documents/action_sociale/formulairePah/Demande_PAH_2017_Cerfa_11382%2003.pdf" format="application/pdf" poids="138.6 KB">
<Source>Caisse nationale des allocations familiales (Cnaf)</Source>
</LienWeb>
<FicheLiee ID="F1616" audience="Particuliers" type="Fiche d'information">
<Titre>Prêt à l'amélioration de l'habitat de la Caf</Titre>
<Dossier ID="N321">Aides et prêts pour l'amélioration et la rénovation énergétique de l'habitat</Dossier>
</FicheLiee><OuSAdresser ID="R38" type="Local personnalisé sur SP">
<Titre>Caisse d'allocations familiales (Caf)</Titre>
<PivotLocal>caf</PivotLocal>
<RessourceWeb URL="http://www.caf.fr/allocataires/ma-caf-recherche/"/>
<Source ID="R30610">Caisse nationale des allocations familiales (Cnaf)</Source>
</OuSAdresser>

<Dossier ID="N321">
<Titre>Aides et prêts pour l'amélioration et la rénovation énergétique de l'habitat</Titre>
<Audience>Particuliers</Audience>
</Dossier>
</ServiceComplementaire>
