<?xml version="1.0" encoding="UTF-8"?><ServiceComplementaire xmlns:dc="http://purl.org/dc/elements/1.1/" xmlns:xsi="http://www.w3.org/2001/XMLSchema-instance" ID="R1319" type="Formulaire" xsi:noNamespaceSchemaLocation="../Schemas/3.0/ServiceComplementaire.xsd">
<dc:title>Service en ligne et formulaire 10103 : Établir un contrat d'apprentissage</dc:title>
<dc:creator>Direction de l'information légale et administrative</dc:creator>
<dc:subject>Travail, Ressources humaines</dc:subject>
<dc:description>À établir en 3 exemplaires originaux (chacun d'eux étant signé par l'apprenti et l'employeur) : - 1 pour l'employeur - 1 pour l'apprenti - 1 pour l'organisme d'enregistrement L'établissement de formation doit le compléter, ou fournir les informations pour la partie formation, et y apposer son visa ou tampon.</dc:description>
<dc:publisher>Direction de l'information légale et administrative</dc:publisher>
<dc:contributor>Direction de l'information légale et administrative (Premier ministre)</dc:contributor>
<dc:date>modified 2020-05-06</dc:date>
<dc:type>Service en ligne et formulaire</dc:type>
<dc:format>text/xml</dc:format>
<dc:identifier>R1319</dc:identifier>
<dc:language>Fr</dc:language>
<dc:coverage>France entière</dc:coverage>
<dc:rights>https://www.service-public.fr/a-propos/mentions-legales</dc:rights>
<SurTitre>Service en ligne et formulaire</SurTitre>
<Audience>Particuliers</Audience>
<Audience>Professionnels</Audience>
<Canal>www.service-public.fr</Canal>
<FilDAriane>
<Niveau ID="Particuliers">Accueil particuliers</Niveau>
<Niveau ID="servicesEnLigne" type="Liste - Service en ligne">Services en ligne et formulaires</Niveau>
<Niveau ID="R1319" type="Formulaire">Établir un contrat d'apprentissage</Niveau>
</FilDAriane>
<Theme ID="N19806">
<Titre>Travail</Titre>
<Audience>Particuliers</Audience>
</Theme>
<Theme ID="N24267">
<Titre>Ressources humaines</Titre>
<Audience>Professionnels</Audience>
</Theme>
<NumeroCerfa>10103</NumeroCerfa>
<AutreNumero>FA13</AutreNumero>
<Texte><Paragraphe>À établir en 3 exemplaires originaux (chacun d'eux étant signé par l'apprenti et l'employeur) :</Paragraphe>
<Liste type="puce">
<Item>
<Paragraphe>1 pour l'employeur</Paragraphe>
</Item>
<Item>
<Paragraphe>1 pour l'apprenti</Paragraphe>
</Item>
<Item>
<Paragraphe>1 pour l'organisme d'enregistrement</Paragraphe>
</Item>
</Liste>
<BlocCas affichage="onglet"><Cas>
<Titre>
<Paragraphe>Secteur privé</Paragraphe>
</Titre>
										<Paragraphe>Dans les 5 <LienIntra LienID="R17508" type="Définition de glossaire">jours ouvrables</LienIntra> qui suivent le début de l'exécution du contrat d'apprentissage, l'employeur transmet le contrat à <LienExterne URL="https://travail-emploi.gouv.fr/ministere/acteurs/partenaires/opco">l'opérateur de compétences</LienExterne>

.</Paragraphe>
										<Paragraphe>Cette transmission peut se faire par voie dématérialisée.</Paragraphe>
									
										<Paragraphe>L'opérateur de compétence a 20 jours pour statuer sur la prise en charge du contrat. Sans réponse de l'opérateur de compétence dans ce délai, la demande est refusée.</Paragraphe>
										<Paragraphe>Le dépôt du contrat d'apprentissage est gratuit.</Paragraphe>
									
</Cas>
<Cas>
<Titre>
<Paragraphe>Secteur public</Paragraphe>
</Titre>
										<Paragraphe>Dans les 5 <LienIntra LienID="R17508" type="Définition de glossaire">jours ouvrables</LienIntra> qui suivent le début de l'exécution du contrat d'apprentissage, l'employeur transmet le contrat à l'unité départementale de la <LienInterne LienPublication="R31466" type="Acronyme">Direccte</LienInterne> compétente.</Paragraphe>
										<Paragraphe>Cette transmission peut se faire par voie dématérialisée.</Paragraphe>
									
										<Paragraphe>L'unité départementale de la Direccte a 20 jours pour statuer sur la prise en charge du contrat. Sans réponse de la Direccte dans ce délai, la demande est acceptée.</Paragraphe>
									
</Cas>
</BlocCas>

<Paragraphe>L'établissement de formation doit le compléter, ou fournir les informations pour la partie formation, et y apposer son visa ou tampon.</Paragraphe>

</Texte>
<LienWeb URL="https://www.formulaires.service-public.fr/gf/cerfa_10103.do" format="application/pdf" poids="388.0 KB">
<Source>Ministère chargé du travail</Source>
</LienWeb><NoticeLiee ID="R13767" URL="https://www.formulaires.service-public.fr/gf/getNotice.do?cerfaNotice=51649&amp;cerfaFormulaire=10103" numerocerfa="51649#04" format="application/pdf" poids="531.1 KB">Notice pour le contrat d'apprentissage</NoticeLiee>
<ServiceEnLigneAlternatif ID="R42911" audience="Particuliers" type="Téléservice">
<Titre>Enregistrement en ligne d'un contrat d'apprentissage</Titre>
</ServiceEnLigneAlternatif>

<FicheLiee ID="F1649" audience="Particuliers" type="Fiche Question-réponse">
<Titre>À partir de quel âge peut-on travailler ?</Titre>
<Dossier ID="N449">Recrutement dans le secteur privé</Dossier>
</FicheLiee>
<FicheLiee ID="F3059" audience="Particuliers" type="Fiche Question-réponse">
<Titre>Apprentissage dans la fonction publique : quelles sont les règles ?</Titre>
<Dossier ID="N11240">Alternance</Dossier>
</FicheLiee>
<FicheLiee ID="F2918" audience="Particuliers" type="Fiche d'information">
<Titre>Contrat d'apprentissage</Titre>
<Dossier ID="N11240">Alternance</Dossier>
</FicheLiee>
<FicheLiee ID="F31704" audience="Particuliers" type="Fiche Question-réponse">
<Titre>Contrat d'apprentissage et de professionnalisation : quelles différences ?</Titre>
<Dossier ID="N11240">Alternance</Dossier>
</FicheLiee>
<FicheLiee ID="F219" audience="Particuliers" type="Fiche d'information">
<Titre>Travailleur handicapé : contrat d'apprentissage</Titre>
<Dossier ID="N198">Formation des personnes handicapées</Dossier>
</FicheLiee><Definition ID="R17508">
<Titre>Jour ouvrable</Titre>
<Texte>
				<Paragraphe>Correspond à tous les jours de la semaine, à l'exception du jour de repos hebdomadaire (généralement le dimanche) et des jours fériés habituellement non travaillés dans l'entreprise</Paragraphe>
			</Texte>
</Definition>
<Abreviation ID="R31466" type="Acronyme">
<Titre>Direccte</Titre>
<Texte>
<Paragraphe>Direction régionale des entreprises, de la concurrence, de la consommation, du travail et de l'emploi</Paragraphe>
</Texte>
</Abreviation>

</ServiceComplementaire>
