<?xml version="1.0" encoding="UTF-8"?><ServiceComplementaire xmlns:dc="http://purl.org/dc/elements/1.1/" xmlns:xsi="http://www.w3.org/2001/XMLSchema-instance" ID="R1331" type="Formulaire" xsi:noNamespaceSchemaLocation="../Schemas/3.0/ServiceComplementaire.xsd">
<dc:title>Formulaire 10544*02 : Déclaration d'une allocation personnalisée d'autonomie</dc:title>
<dc:creator>Direction de l'information légale et administrative</dc:creator>
<dc:subject>Social - Santé</dc:subject>
<dc:description>Déclaration d'une allocation personnalisée d'autonomie - Formulaire</dc:description>
<dc:publisher>Direction de l'information légale et administrative</dc:publisher>
<dc:contributor>Direction de l'information légale et administrative (Premier ministre)</dc:contributor>
<dc:date>modified 2019-12-19</dc:date>
<dc:type>Formulaire</dc:type>
<dc:format>text/xml</dc:format>
<dc:identifier>R1331</dc:identifier>
<dc:language>Fr</dc:language>
<dc:coverage>France entière</dc:coverage>
<dc:rights>https://www.service-public.fr/a-propos/mentions-legales</dc:rights>
<SurTitre>Formulaire</SurTitre>
<Audience>Particuliers</Audience>
<Canal>www.service-public.fr</Canal>
<FilDAriane>
<Niveau ID="Particuliers">Accueil particuliers</Niveau>
<Niveau ID="servicesEnLigne" type="Liste - Service en ligne">Services en ligne et formulaires</Niveau>
<Niveau ID="R1331" type="Formulaire">Déclaration d'une allocation personnalisée d'autonomie</Niveau>
</FilDAriane>
<Theme ID="N19811">
<Titre>Social - Santé</Titre>
<Audience>Particuliers</Audience>
</Theme>
<NumeroCerfa>10544*02</NumeroCerfa>
<LienWeb URL="https://www.formulaires.service-public.fr/gf/cerfa_10544.do" format="application/pdf" poids="40.8 KB">
<Source>Agence centrale des organismes de sécurité sociale (Acoss)</Source>
</LienWeb>
<FicheLiee ID="F10009" audience="Particuliers" type="Fiche d'information">
<Titre>Allocation personnalisée d'autonomie (Apa)</Titre>
<Dossier ID="N392">Allocations et aides aux personnes âgées</Dossier>
</FicheLiee>
<FicheLiee ID="F2112" audience="Particuliers" type="Fiche Question-réponse">
<Titre>Le versement de l'Apa à domicile peut-il être suspendu ?</Titre>
<Dossier ID="N392">Allocations et aides aux personnes âgées</Dossier>
</FicheLiee><OuSAdresser ID="R3" type="Local personnalisé sur SP">
<Titre>Services du département</Titre>
<PivotLocal>cg</PivotLocal>
<RessourceWeb URL="https://lannuaire.service-public.fr/recherche?whoWhat=Conseil+d%C3%A9partemental&amp;where="/>
</OuSAdresser>

<Dossier ID="N392">
<Titre>Allocations et aides aux personnes âgées</Titre>
<Audience>Particuliers</Audience>
</Dossier>
</ServiceComplementaire>
