<?xml version="1.0" encoding="UTF-8"?><ServiceComplementaire xmlns:dc="http://purl.org/dc/elements/1.1/" xmlns:xsi="http://www.w3.org/2001/XMLSchema-instance" ID="R1442" type="Formulaire" xsi:noNamespaceSchemaLocation="../Schemas/3.0/ServiceComplementaire.xsd">
<dc:title>Formulaire 10431*05 : Demande de capital décès - Déclaration à remplir par le demandeur</dc:title>
<dc:creator>Direction de l'information légale et administrative</dc:creator>
<dc:subject>Famille</dc:subject>
<dc:description>Permet à une personne ayant perdu un proche, sous certaines conditions, de demander le versement du capital décès. Le formulaire contient une notice explicative cerfa n°50193#05.</dc:description>
<dc:publisher>Direction de l'information légale et administrative</dc:publisher>
<dc:contributor>Direction de l'information légale et administrative (Premier ministre)</dc:contributor>
<dc:date>modified 2018-01-17</dc:date>
<dc:type>Formulaire</dc:type>
<dc:format>text/xml</dc:format>
<dc:identifier>R1442</dc:identifier>
<dc:language>Fr</dc:language>
<dc:coverage>France entière</dc:coverage>
<dc:rights>https://www.service-public.fr/a-propos/mentions-legales</dc:rights>
<SurTitre>Formulaire</SurTitre>
<Audience>Particuliers</Audience>
<Canal>www.service-public.fr</Canal>
<FilDAriane>
<Niveau ID="Particuliers">Accueil particuliers</Niveau>
<Niveau ID="servicesEnLigne" type="Liste - Service en ligne">Services en ligne et formulaires</Niveau>
<Niveau ID="R1442" type="Formulaire">Demande de capital décès - Déclaration à remplir par le demandeur</Niveau>
</FilDAriane>
<Theme ID="N19805">
<Titre>Famille</Titre>
<Audience>Particuliers</Audience>
</Theme>
<NumeroCerfa>10431*05</NumeroCerfa>
<AutreNumero>S3180i</AutreNumero>
<Texte><Paragraphe>Permet à une personne ayant perdu un proche, sous certaines conditions, de demander le versement du capital décès.</Paragraphe>
<Paragraphe>Le formulaire contient une  notice explicative cerfa n°50193#05.</Paragraphe>

</Texte>
<LienWeb URL="https://www.ameli.fr/sites/default/files/formualires/169/s3180.pdf" format="application/pdf" poids="1.2 MB">
<Source>Caisse nationale d'assurance maladie (Cnam)</Source>
</LienWeb>
<FicheLiee ID="F3005" audience="Particuliers" type="Fiche d'information">
<Titre>Capital décès versé pour le décès d'un salarié du secteur privé</Titre>
<Dossier ID="N31163">Rentes et capitaux versés en cas de décès</Dossier>
</FicheLiee>
<FicheLiee ID="F17059" audience="Particuliers" type="Fiche Question-réponse">
<Titre>Qui doit payer les frais d'obsèques ?</Titre>
<Dossier ID="N165">Déclaration de décès, obsèques et sépulture</Dossier>
</FicheLiee><OuSAdresser ID="R40" type="Local personnalisé sur SP">
<Titre>Caisse primaire d'assurance maladie (CPAM)</Titre>
<PivotLocal>cpam</PivotLocal>
<RessourceWeb URL="http://www.ameli.fr/assures/votre-caisse/index.php"/>
<Source ID="R30675">Caisse nationale d'assurance maladie (Cnam)</Source>
</OuSAdresser>

<Dossier ID="N31163">
<Titre>Rentes et capitaux versés en cas de décès</Titre>
<Audience>Particuliers</Audience>
</Dossier>
</ServiceComplementaire>
