<?xml version="1.0" encoding="UTF-8"?><ServiceComplementaire xmlns:dc="http://purl.org/dc/elements/1.1/" xmlns:xsi="http://www.w3.org/2001/XMLSchema-instance" ID="R16438" type="Simulateur" xsi:noNamespaceSchemaLocation="../Schemas/3.0/ServiceComplementaire.xsd">
<dc:title>Simulateur : Calcul du budget d'un volontaire international en entreprise (VIE)</dc:title>
<dc:creator>Direction de l'information légale et administrative</dc:creator>
<dc:subject>Papiers - Citoyenneté</dc:subject>
<dc:description>Calcul du budget d'un volontaire international en entreprise (VIE) - Simulateur</dc:description>
<dc:publisher>Direction de l'information légale et administrative</dc:publisher>
<dc:contributor>Direction de l'information légale et administrative (Premier ministre)</dc:contributor>
<dc:date>modified 2019-05-17</dc:date>
<dc:type>Simulateur</dc:type>
<dc:format>text/xml</dc:format>
<dc:identifier>R16438</dc:identifier>
<dc:language>Fr</dc:language>
<dc:coverage>France entière</dc:coverage>
<dc:rights>https://www.service-public.fr/a-propos/mentions-legales</dc:rights>
<SurTitre>Simulateur</SurTitre>
<Audience>Particuliers</Audience>
<Canal>www.service-public.fr</Canal>
<FilDAriane>
<Niveau ID="Particuliers">Accueil particuliers</Niveau>
<Niveau ID="servicesEnLigne" type="Liste - Service en ligne">Services en ligne et formulaires</Niveau>
<Niveau ID="R16438" type="Simulateur">Calcul du budget d'un volontaire international en entreprise (VIE)</Niveau>
</FilDAriane>
<Theme ID="N19810">
<Titre>Papiers - Citoyenneté</Titre>
<Audience>Particuliers</Audience>
</Theme>
<LienWeb URL="https://e-vie.businessfrance.fr/0/Devis/DevisPublic">
<Source>Business France (ex-Ubifrance)</Source>
</LienWeb>
<FicheLiee ID="F10040" audience="Particuliers" type="Fiche d'information">
<Titre>Volontariat international en entreprise (VIE)</Titre>
<Dossier ID="N13271">Volontariats</Dossier>
</FicheLiee>
</ServiceComplementaire>
