<?xml version="1.0" encoding="UTF-8"?><ServiceComplementaire xmlns:dc="http://purl.org/dc/elements/1.1/" xmlns:xsi="http://www.w3.org/2001/XMLSchema-instance" ID="R16996" type="Simulateur" xsi:noNamespaceSchemaLocation="../Schemas/3.0/ServiceComplementaire.xsd">
<dc:title>Simulateur : Contribution financière Agefiph</dc:title>
<dc:creator>Direction de l'information légale et administrative</dc:creator>
<dc:subject>Travail, Ressources humaines</dc:subject>
<dc:description>Permet aux entreprises, qui emploient à partir de 20 salariés depuis plus de 3 ans, ne remplissant pas, ou que partiellement, leur obligation d'emploi de travailleurs handicapés, d'évaluer le montant de la contribution financière Agefiph.</dc:description>
<dc:publisher>Direction de l'information légale et administrative</dc:publisher>
<dc:contributor>Direction de l'information légale et administrative (Premier ministre)</dc:contributor>
<dc:date>modified 2019-06-26</dc:date>
<dc:type>Simulateur</dc:type>
<dc:format>text/xml</dc:format>
<dc:identifier>R16996</dc:identifier>
<dc:language>Fr</dc:language>
<dc:coverage>France entière</dc:coverage>
<dc:rights>https://www.service-public.fr/a-propos/mentions-legales</dc:rights>
<SurTitre>Simulateur</SurTitre>
<Audience>Particuliers</Audience>
<Audience>Professionnels</Audience>
<Canal>www.service-public.fr</Canal>
<FilDAriane>
<Niveau ID="Particuliers">Accueil particuliers</Niveau>
<Niveau ID="servicesEnLigne" type="Liste - Service en ligne">Services en ligne et formulaires</Niveau>
<Niveau ID="R16996" type="Simulateur">Contribution financière Agefiph</Niveau>
</FilDAriane>
<Theme ID="N19806">
<Titre>Travail</Titre>
<Audience>Particuliers</Audience>
</Theme>
<Theme ID="N24267">
<Titre>Ressources humaines</Titre>
<Audience>Professionnels</Audience>
</Theme>
<Texte><Paragraphe>Permet aux entreprises, qui emploient à partir de 20 salariés depuis plus de 3 ans, ne remplissant pas, ou que partiellement, leur obligation d'emploi de travailleurs handicapés, d'évaluer le montant de la contribution financière Agefiph.</Paragraphe>

</Texte>
<LienWeb URL="https://www.agefiph.fr/articles/article/simulez-le-montant-de-votre-contribution">
<Source>Association de gestion du fonds pour l'insertion professionnelle des personnes handicapées (Agefiph)</Source>
</LienWeb>
<FicheLiee ID="F22523" audience="Professionnels" type="Fiche d'information">
<Titre>Déclaration obligatoire d'emploi des travailleurs handicapés (DOETH)</Titre>
<Dossier ID="N10779">Cotisations et contributions sociales de l'employeur</Dossier>
</FicheLiee>
<FicheLiee ID="F23149" audience="Particuliers" type="Fiche Question-réponse">
<Titre>Qu'est-ce que l'obligation d'emploi des personnes handicapées ?</Titre>
<Dossier ID="N451">Handicap et emploi dans le secteur privé</Dossier>
</FicheLiee>
</ServiceComplementaire>
