<?xml version="1.0" encoding="UTF-8"?><ServiceComplementaire xmlns:dc="http://purl.org/dc/elements/1.1/" xmlns:xsi="http://www.w3.org/2001/XMLSchema-instance" ID="R17094" type="Formulaire" xsi:noNamespaceSchemaLocation="../Schemas/3.0/ServiceComplementaire.xsd">
<dc:title>Formulaire 13594*01 : Déclaration de surendettement</dc:title>
<dc:creator>Direction de l'information légale et administrative</dc:creator>
<dc:subject>Argent</dc:subject>
<dc:description>À utiliser pour déposer un dossier de surendettement.</dc:description>
<dc:publisher>Direction de l'information légale et administrative</dc:publisher>
<dc:contributor>Direction de l'information légale et administrative (Premier ministre)</dc:contributor>
<dc:date>modified 2019-11-25</dc:date>
<dc:type>Formulaire</dc:type>
<dc:format>text/xml</dc:format>
<dc:identifier>R17094</dc:identifier>
<dc:language>Fr</dc:language>
<dc:coverage>France entière</dc:coverage>
<dc:rights>https://www.service-public.fr/a-propos/mentions-legales</dc:rights>
<SurTitre>Formulaire</SurTitre>
<Audience>Particuliers</Audience>
<Canal>www.service-public.fr</Canal>
<FilDAriane>
<Niveau ID="Particuliers">Accueil particuliers</Niveau>
<Niveau ID="servicesEnLigne" type="Liste - Service en ligne">Services en ligne et formulaires</Niveau>
<Niveau ID="R17094" type="Formulaire">Déclaration de surendettement</Niveau>
</FilDAriane>
<Theme ID="N19803">
<Titre>Argent</Titre>
<Audience>Particuliers</Audience>
</Theme>
<NumeroCerfa>13594*01</NumeroCerfa>
<Texte><Paragraphe>À utiliser pour déposer un dossier de surendettement.</Paragraphe>

</Texte>
<LienWeb URL="https://www.formulaires.service-public.fr/gf/cerfa_13594.do" format="application/pdf" poids="131.8 KB">
<Source>Ministère chargé de l'économie</Source>
</LienWeb><NoticeLiee ID="R18615" URL="https://www.formulaires.service-public.fr/gf/getNotice.do?cerfaFormulaire=13594*01&amp;cerfaNotice=51228" numerocerfa="51228#01" format="application/pdf" poids="56.8 KB">Notice explicative de la déclaration de surendettement</NoticeLiee>

<FicheLiee ID="F134" audience="Particuliers" type="Fiche d'information">
<Titre>Déposer un dossier de surendettement</Titre>
<Dossier ID="N99">Surendettement</Dossier>
</FicheLiee>
<FicheLiee ID="F1670" audience="Particuliers" type="Fiche Question-réponse">
<Titre>Que faire en cas de difficultés à payer les mensualités d'un crédit immobilier ?</Titre>
<Dossier ID="N20373">Crédit immobilier</Dossier>
</FicheLiee><OuSAdresser ID="R20363" type="Local personnalisable">
<Titre>Commission de surendettement</Titre>
<PivotLocal>commission_surendettement</PivotLocal>
<RessourceWeb URL="http://www.banque-france.fr/la-banque-de-france/organisation/implantations-de-la-banque.html"/>
<Source ID="R30618">Banque de France</Source>
</OuSAdresser>
</ServiceComplementaire>
