<?xml version="1.0" encoding="UTF-8"?><ServiceComplementaire xmlns:dc="http://purl.org/dc/elements/1.1/" xmlns:xsi="http://www.w3.org/2001/XMLSchema-instance" ID="R18575" type="Téléservice" xsi:noNamespaceSchemaLocation="../Schemas/3.0/ServiceComplementaire.xsd">
<dc:title>Téléservice : Inscription dans l'enseignement supérieur français / demande de visa « étudiant » procédure "Études en France"</dc:title>
<dc:creator>Direction de l'information légale et administrative</dc:creator>
<dc:subject>Étranger, Famille</dc:subject>
<dc:description>Permet de créer un compte et d'avoir accès à un espace personnel pour un candidat étranger souhaitant poursuivre des études en France.</dc:description>
<dc:publisher>Direction de l'information légale et administrative</dc:publisher>
<dc:contributor>Direction de l'information légale et administrative (Premier ministre)</dc:contributor>
<dc:date>modified 2019-08-05</dc:date>
<dc:type>Téléservice</dc:type>
<dc:format>text/xml</dc:format>
<dc:identifier>R18575</dc:identifier>
<dc:language>Fr</dc:language>
<dc:coverage>France entière</dc:coverage>
<dc:rights>https://www.service-public.fr/a-propos/mentions-legales</dc:rights>
<SurTitre>Téléservice</SurTitre>
<Audience>Particuliers</Audience>
<Canal>www.service-public.fr</Canal>
<FilDAriane>
<Niveau ID="Particuliers">Accueil particuliers</Niveau>
<Niveau ID="servicesEnLigne" type="Liste - Service en ligne">Services en ligne et formulaires</Niveau>
<Niveau ID="R18575" type="Téléservice">Inscription dans l'enseignement supérieur français / demande de visa « étudiant » procédure "Études en France"</Niveau>
</FilDAriane>
<Theme ID="N19804">
<Titre>Étranger</Titre>
<Audience>Particuliers</Audience>
</Theme>
<Theme ID="N19805">
<Titre>Famille</Titre>
<Audience>Particuliers</Audience>
</Theme>
<Texte><Paragraphe>Permet de créer un compte et d'avoir accès à un espace personnel pour un candidat étranger souhaitant poursuivre des études en France.</Paragraphe>

</Texte>
<LienWeb URL="https://pastel.diplomatie.gouv.fr/etudesenfrance/dyn/public/authentification/login.html">
<Source>Agence Campus France</Source>
</LienWeb>
<FicheLiee ID="F16189" audience="Particuliers" type="Fiche Question-réponse">
<Titre>Qu'est-ce que le visa de court séjour - Étudiant concours ?</Titre>
<Dossier ID="N105">Entrée d'un étranger en France</Dossier>
</FicheLiee>
<FicheLiee ID="F16162" audience="Particuliers" type="Fiche d'information">
<Titre>Visa de long séjour (séjour de plus de 3 mois à 1 an)</Titre>
<Dossier ID="N105">Entrée d'un étranger en France</Dossier>
</FicheLiee>
<Dossier ID="N58">
<Titre>Inscription dans l'enseignement supérieur</Titre>
<Audience>Particuliers</Audience>
</Dossier>
</ServiceComplementaire>
