<?xml version="1.0" encoding="UTF-8"?><ServiceComplementaire xmlns:dc="http://purl.org/dc/elements/1.1/" xmlns:xsi="http://www.w3.org/2001/XMLSchema-instance" ID="R24258" type="Modèle de document" xsi:noNamespaceSchemaLocation="../Schemas/3.0/ServiceComplementaire.xsd">
<dc:title>Modèle : Mettre en demeure le garagiste d'être livré de sa voiture neuve</dc:title>
<dc:creator>Direction de l'information légale et administrative</dc:creator>
<dc:subject>Argent</dc:subject>
<dc:description>Permet de mettre en demeure le garagiste qui n'a pas livré dans le délai indiqué la voiture neuve que vous avez commandée.</dc:description>
<dc:publisher>Direction de l'information légale et administrative</dc:publisher>
<dc:contributor>Direction de l'information légale et administrative (Premier ministre)</dc:contributor>
<dc:date>modified 2020-01-21</dc:date>
<dc:type>Modèle</dc:type>
<dc:format>text/xml</dc:format>
<dc:identifier>R24258</dc:identifier>
<dc:language>Fr</dc:language>
<dc:coverage>France entière</dc:coverage>
<dc:rights>https://www.service-public.fr/a-propos/mentions-legales</dc:rights>
<SurTitre>Modèle</SurTitre>
<Audience>Particuliers</Audience>
<Canal>www.service-public.fr</Canal>
<FilDAriane>
<Niveau ID="Particuliers">Accueil particuliers</Niveau>
<Niveau ID="servicesEnLigne" type="Liste - Service en ligne">Services en ligne et formulaires</Niveau>
<Niveau ID="R24258" type="Modèle de document">Mettre en demeure le garagiste d'être livré de sa voiture neuve</Niveau>
</FilDAriane>
<Theme ID="N19803">
<Titre>Argent</Titre>
<Audience>Particuliers</Audience>
</Theme>
<Texte><Paragraphe>Permet de mettre en demeure le garagiste qui n'a pas livré dans le délai indiqué la voiture neuve que vous avez commandée.</Paragraphe>

</Texte>
<LienWeb URL="https://www.inc-conso.fr/content/le-vehicule-que-vous-avez-achete-nest-pas-livre-vous-adressez-une-mise-en-demeure-au-vendeur">
<Source>Institut national de la consommation (INC)</Source>
</LienWeb>
<FicheLiee ID="F24254" audience="Particuliers" type="Fiche avec liens externes">
<Titre>Achat d'un véhicule neuf ou d'occasion</Titre>
<Dossier ID="N24253">Véhicule</Dossier>
</FicheLiee>
<Dossier ID="N24253">
<Titre>Véhicule</Titre>
<Audience>Particuliers</Audience>
</Dossier>
</ServiceComplementaire>
