<?xml version="1.0" encoding="UTF-8"?><ServiceComplementaire xmlns:dc="http://purl.org/dc/elements/1.1/" xmlns:xsi="http://www.w3.org/2001/XMLSchema-instance" ID="R2771" type="Téléservice" xsi:noNamespaceSchemaLocation="../Schemas/3.0/ServiceComplementaire.xsd">
<dc:title>Téléservice : Paiement de l'impôt en ligne</dc:title>
<dc:creator>Direction de l'information légale et administrative</dc:creator>
<dc:subject>Argent, Fiscalité</dc:subject>
<dc:description>Sur le site du paiement de l'impôt, vous pouvez : - Souscrire ou modifier votre souscription au prélèvement mensuel (mensualisation) ou au prélèvement à l'échéance de vos taxes foncières ou votre taxe d'habitation - Payer votre impôt en ligne</dc:description>
<dc:publisher>Direction de l'information légale et administrative</dc:publisher>
<dc:contributor>Direction de l'information légale et administrative (Premier ministre)</dc:contributor>
<dc:date>modified 2020-07-07</dc:date>
<dc:type>Téléservice</dc:type>
<dc:format>text/xml</dc:format>
<dc:identifier>R2771</dc:identifier>
<dc:language>Fr</dc:language>
<dc:coverage>France entière</dc:coverage>
<dc:rights>https://www.service-public.fr/a-propos/mentions-legales</dc:rights>
<SurTitre>Téléservice</SurTitre>
<Audience>Particuliers</Audience>
<Audience>Professionnels</Audience>
<Canal>www.service-public.fr</Canal>
<FilDAriane>
<Niveau ID="Particuliers">Accueil particuliers</Niveau>
<Niveau ID="servicesEnLigne" type="Liste - Service en ligne">Services en ligne et formulaires</Niveau>
<Niveau ID="R2771" type="Téléservice">Paiement de l'impôt en ligne</Niveau>
</FilDAriane>
<Theme ID="N19803">
<Titre>Argent</Titre>
<Audience>Particuliers</Audience>
</Theme>
<Theme ID="N24265">
<Titre>Fiscalité</Titre>
<Audience>Professionnels</Audience>
</Theme>
<Texte><Paragraphe>Sur le site du paiement de l'impôt, vous pouvez :</Paragraphe>
<Liste type="puce">
<Item>
<Paragraphe>Souscrire ou modifier votre souscription au prélèvement mensuel (mensualisation) ou au prélèvement à l'échéance de  vos taxes foncières ou votre taxe d'habitation</Paragraphe>
</Item>
<Item>
<Paragraphe>Payer votre impôt en ligne</Paragraphe>
</Item>
</Liste>

</Texte>
<LienWeb URL="https://www.telepaiement.dgfip.finances.gouv.fr/stl/satelit.web?templatename=accueilcharpente&amp;contexteinitial=2">
<Source>Ministère chargé des finances</Source>
</LienWeb>
<FicheLiee ID="F31686" audience="Particuliers" type="Fiche Question-réponse">
<Titre>Comment payer ses impôts locaux ?</Titre>
<Dossier ID="N206">Impôts locaux</Dossier>
</FicheLiee>
<FicheLiee ID="F23547" audience="Professionnels" type="Fiche d'information">
<Titre>Cotisation foncière des entreprises (CFE)</Titre>
<Dossier ID="N13443">Contribution économique territoriale (CET)</Dossier>
</FicheLiee>
<FicheLiee ID="F3124" audience="Particuliers" type="Fiche d'information">
<Titre>Demander un délai de paiement pour payer ses impôts </Titre>
<Dossier ID="N31080">Saisir l'administration fiscale (difficultés de paiement, réclamation, ...)</Dossier>
</FicheLiee>
<FicheLiee ID="F34711" audience="Particuliers" type="Fiche Question-réponse">
<Titre>Impôts locaux : comment payer par mensualisation ?</Titre>
<Dossier ID="N206">Impôts locaux</Dossier>
</FicheLiee>
<FicheLiee ID="F34712" audience="Particuliers" type="Fiche Question-réponse">
<Titre>Impôts locaux : comment payer par prélèvement automatique ?</Titre>
<Dossier ID="N206">Impôts locaux</Dossier>
</FicheLiee>
<FicheLiee ID="F562" audience="Particuliers" type="Fiche Question-réponse">
<Titre>Impôt sur la fortune immobilière (IFI) : à quelle date évaluer le patrimoine ?</Titre>
<Dossier ID="N20074">Impôt sur la fortune immobilière (IFI)</Dossier>
</FicheLiee>
<FicheLiee ID="F31444" audience="Particuliers" type="Fiche d'information">
<Titre>Impôt sur la fortune immobilière (IFI) - Déclaration et paiement</Titre>
<Dossier ID="N20074">Impôt sur la fortune immobilière (IFI)</Dossier>
</FicheLiee>
<FicheLiee ID="F3120" audience="Particuliers" type="Fiche Question-réponse">
<Titre>Impôt sur le revenu : peut-on payer par acomptes ?</Titre>
<Dossier ID="N219">Impôt sur le revenu : calcul et paiement</Dossier>
</FicheLiee>
<FicheLiee ID="F52" audience="Particuliers" type="Fiche Question-réponse">
<Titre>Impôt sur le revenu : quels moyens de paiement peut-on utiliser ?</Titre>
<Dossier ID="N219">Impôt sur le revenu : calcul et paiement</Dossier>
</FicheLiee>
<FicheLiee ID="F1226" audience="Particuliers" type="Fiche d'information">
<Titre>Impôt sur le revenu - Avantages en nature</Titre>
<Dossier ID="N247">Impôt sur le revenu : déclaration et revenus à déclarer</Dossier>
</FicheLiee>
<FicheLiee ID="F388" audience="Particuliers" type="Fiche d'information">
<Titre>Impôt sur le revenu - Déclarer un changement de situation familiale</Titre>
<Dossier ID="N247">Impôt sur le revenu : déclaration et revenus à déclarer</Dossier>
</FicheLiee>
<FicheLiee ID="F34477" audience="Particuliers" type="Fiche Question-réponse">
<Titre>Logement vide au 1er janvier : qui doit payer la taxe d'habitation ?</Titre>
<Dossier ID="N206">Impôts locaux</Dossier>
</FicheLiee>
<FicheLiee ID="F31130" audience="Particuliers" type="Fiche Question-réponse">
<Titre>Qui doit payer la contribution exceptionnelle sur les hauts revenus ? </Titre>
<Dossier ID="N247">Impôt sur le revenu : déclaration et revenus à déclarer</Dossier>
</FicheLiee>
<FicheLiee ID="F59" audience="Particuliers" type="Fiche d'information">
<Titre>Taxe foncière sur les propriétés bâties (TFPB)</Titre>
<Dossier ID="N206">Impôts locaux</Dossier>
</FicheLiee>
<FicheLiee ID="F31638" audience="Particuliers" type="Fiche avec liens externes">
<Titre>Taxe foncière sur les propriétés non bâties (TFPNB)</Titre>
<Dossier ID="N206">Impôts locaux</Dossier>
</FicheLiee>
<FicheLiee ID="F22576" audience="Professionnels" type="Fiche d'information">
<Titre>Taxe sur les salaires</Titre>
<Dossier ID="N13444">Taxes liées aux salaires</Dossier>
</FicheLiee>
<Dossier ID="N19785">
<Titre>Impôt sur le revenu : déductions, réductions et crédits d'impôt</Titre>
<Audience>Particuliers</Audience>
</Dossier>
<Dossier ID="N247">
<Titre>Impôt sur le revenu : déclaration et revenus à déclarer</Titre>
<Audience>Particuliers</Audience>
</Dossier>
<Dossier ID="N219">
<Titre>Impôt sur le revenu : calcul et paiement</Titre>
<Audience>Particuliers</Audience>
</Dossier>
<Dossier ID="N31080">
<Titre>Saisir l'administration fiscale (difficultés de paiement, réclamation, ...)</Titre>
<Audience>Particuliers</Audience>
</Dossier>
<Dossier ID="N23456">
<Titre>Impôt sur le revenu d'un professionnel</Titre>
<Audience>Professionnels</Audience>
</Dossier>
</ServiceComplementaire>
