<?xml version="1.0" encoding="UTF-8"?><ServiceComplementaire xmlns:dc="http://purl.org/dc/elements/1.1/" xmlns:xsi="http://www.w3.org/2001/XMLSchema-instance" ID="R31642" type="Modèle de document" xsi:noNamespaceSchemaLocation="../Schemas/3.0/ServiceComplementaire.xsd">
<dc:title>Modèle : Demander la réparation de sa voiture en panne et une estimation écrite au garagiste</dc:title>
<dc:creator>Direction de l'information légale et administrative</dc:creator>
<dc:subject>Argent</dc:subject>
<dc:description>Permet de demander au garagiste un devis estimatif des réparations en cas de panne de sa voiture.</dc:description>
<dc:publisher>Direction de l'information légale et administrative</dc:publisher>
<dc:contributor>Direction de l'information légale et administrative (Premier ministre)</dc:contributor>
<dc:date>modified 2020-01-21</dc:date>
<dc:type>Modèle</dc:type>
<dc:format>text/xml</dc:format>
<dc:identifier>R31642</dc:identifier>
<dc:language>Fr</dc:language>
<dc:coverage>France entière</dc:coverage>
<dc:rights>https://www.service-public.fr/a-propos/mentions-legales</dc:rights>
<SurTitre>Modèle</SurTitre>
<Audience>Particuliers</Audience>
<Canal>www.service-public.fr</Canal>
<FilDAriane>
<Niveau ID="Particuliers">Accueil particuliers</Niveau>
<Niveau ID="servicesEnLigne" type="Liste - Service en ligne">Services en ligne et formulaires</Niveau>
<Niveau ID="R31642" type="Modèle de document">Demander la réparation de sa voiture en panne et une estimation écrite au garagiste</Niveau>
</FilDAriane>
<Theme ID="N19803">
<Titre>Argent</Titre>
<Audience>Particuliers</Audience>
</Theme>
<Texte><Paragraphe>Permet de demander au garagiste un devis estimatif des réparations en cas de panne de sa voiture.</Paragraphe>

</Texte>
<LienWeb URL="https://www.inc-conso.fr/content/vous-demandez-par-ecrit-la-reparation-de-votre-voiture-en-panne">
<Source>Institut national de la consommation (INC)</Source>
</LienWeb>
<Dossier ID="N24253">
<Titre>Véhicule</Titre>
<Audience>Particuliers</Audience>
</Dossier>
</ServiceComplementaire>
