<?xml version="1.0" encoding="UTF-8"?><ServiceComplementaire xmlns:dc="http://purl.org/dc/elements/1.1/" xmlns:xsi="http://www.w3.org/2001/XMLSchema-instance" ID="R32161" type="Modèle de document" xsi:noNamespaceSchemaLocation="../Schemas/3.0/ServiceComplementaire.xsd">
<dc:title>Modèle : Lettre de démission du salarié</dc:title>
<dc:creator>Direction de l'information légale et administrative</dc:creator>
<dc:subject>Travail</dc:subject>
<dc:description>Lettre de démission du salarié - Modèle</dc:description>
<dc:publisher>Direction de l'information légale et administrative</dc:publisher>
<dc:contributor>Direction de l'information légale et administrative (Premier ministre)</dc:contributor>
<dc:date>modified 2020-08-21</dc:date>
<dc:type>Modèle</dc:type>
<dc:format>text/xml</dc:format>
<dc:identifier>R32161</dc:identifier>
<dc:language>Fr</dc:language>
<dc:coverage>France entière</dc:coverage>
<dc:rights>https://www.service-public.fr/a-propos/mentions-legales</dc:rights>
<SurTitre>Modèle</SurTitre>
<Audience>Particuliers</Audience>
<Canal>www.service-public.fr</Canal>
<FilDAriane>
<Niveau ID="Particuliers">Accueil particuliers</Niveau>
<Niveau ID="servicesEnLigne" type="Liste - Service en ligne">Services en ligne et formulaires</Niveau>
<Niveau ID="R32161" type="Modèle de document">Lettre de démission du salarié</Niveau>
</FilDAriane>
<Theme ID="N19806">
<Titre>Travail</Titre>
<Audience>Particuliers</Audience>
</Theme>
<LienWeb URL="https://www.service-public.fr/simulateur/calcul/Demission">
<Source>Direction de l'information légale et administrative (Dila) - Premier ministre</Source>
</LienWeb>
<FicheLiee ID="F2883" audience="Particuliers" type="Fiche d'information">
<Titre>Démission d'un salarié</Titre>
<Dossier ID="N19611">Rupture du contrat de travail dans le secteur privé</Dossier>
</FicheLiee>
<Dossier ID="N19611">
<Titre>Rupture du contrat de travail dans le secteur privé</Titre>
<Audience>Particuliers</Audience>
</Dossier>
</ServiceComplementaire>
