<?xml version="1.0" encoding="UTF-8"?><ServiceComplementaire xmlns:dc="http://purl.org/dc/elements/1.1/" xmlns:xsi="http://www.w3.org/2001/XMLSchema-instance" ID="R33731" type="Modèle de document" xsi:noNamespaceSchemaLocation="../Schemas/3.0/ServiceComplementaire.xsd">
<dc:title>Modèle : Demander le plafonnement de votre facture d'eau suite à une fuite d'eau</dc:title>
<dc:creator>Direction de l'information légale et administrative</dc:creator>
<dc:subject>Logement</dc:subject>
<dc:description>Permet en cas de fuite d'eau d'adresser à son service d'eau une attestation du réparateur mentionnant la date de réparation et la localisation de la fuite.</dc:description>
<dc:publisher>Direction de l'information légale et administrative</dc:publisher>
<dc:contributor>Direction de l'information légale et administrative (Premier ministre)</dc:contributor>
<dc:date>modified 2019-01-31</dc:date>
<dc:type>Modèle</dc:type>
<dc:format>text/xml</dc:format>
<dc:identifier>R33731</dc:identifier>
<dc:language>Fr</dc:language>
<dc:coverage>France entière</dc:coverage>
<dc:rights>https://www.service-public.fr/a-propos/mentions-legales</dc:rights>
<SurTitre>Modèle</SurTitre>
<Audience>Particuliers</Audience>
<Canal>www.service-public.fr</Canal>
<FilDAriane>
<Niveau ID="Particuliers">Accueil particuliers</Niveau>
<Niveau ID="servicesEnLigne" type="Liste - Service en ligne">Services en ligne et formulaires</Niveau>
<Niveau ID="R33731" type="Modèle de document">Demander le plafonnement de votre facture d'eau suite à une fuite d'eau</Niveau>
</FilDAriane>
<Theme ID="N19808">
<Titre>Logement</Titre>
<Audience>Particuliers</Audience>
</Theme>
<Texte><Paragraphe>Permet en cas de fuite d'eau d'adresser à son service d'eau une attestation du réparateur mentionnant la date de réparation et la localisation de la fuite.</Paragraphe>

</Texte>
<LienWeb URL="https://www.inc-conso.fr/content/suite-une-fuite-deau-apres-compteur-vous-demandez-le-plafonnement-de-votre-facture">
<Source>Institut national de la consommation (INC)</Source>
</LienWeb>
<FicheLiee ID="F389" audience="Particuliers" type="Fiche Question-réponse">
<Titre>Que faire en cas d'augmentation anormale de sa facture d'eau ?</Titre>
<Dossier ID="N23557">Aides au paiement des factures : eau, téléphone, électricité, gaz</Dossier>
</FicheLiee>
<Dossier ID="N23557">
<Titre>Aides au paiement des factures : eau, téléphone, électricité, gaz</Titre>
<Audience>Particuliers</Audience>
</Dossier>
</ServiceComplementaire>
