<?xml version="1.0" encoding="UTF-8"?><ServiceComplementaire xmlns:dc="http://purl.org/dc/elements/1.1/" xmlns:xsi="http://www.w3.org/2001/XMLSchema-instance" ID="R39974" type="Formulaire" xsi:noNamespaceSchemaLocation="../Schemas/3.0/ServiceComplementaire.xsd">
<dc:title>Formulaire : Demande d'aide juridictionnelle dans l'Union européenne</dc:title>
<dc:creator>Direction de l'information légale et administrative</dc:creator>
<dc:subject>Justice</dc:subject>
<dc:description>Permet de demande l'aide juridictionnelle française en cas de litige jugé dans un pays de l'Union européenne (sauf le Danemark).</dc:description>
<dc:publisher>Direction de l'information légale et administrative</dc:publisher>
<dc:contributor>Direction de l'information légale et administrative (Premier ministre)</dc:contributor>
<dc:date>modified 2019-10-01</dc:date>
<dc:type>Formulaire</dc:type>
<dc:format>text/xml</dc:format>
<dc:identifier>R39974</dc:identifier>
<dc:language>Fr</dc:language>
<dc:coverage>France entière</dc:coverage>
<dc:rights>https://www.service-public.fr/a-propos/mentions-legales</dc:rights>
<SurTitre>Formulaire</SurTitre>
<Audience>Particuliers</Audience>
<Canal>www.service-public.fr</Canal>
<FilDAriane>
<Niveau ID="Particuliers">Accueil particuliers</Niveau>
<Niveau ID="servicesEnLigne" type="Liste - Service en ligne">Services en ligne et formulaires</Niveau>
<Niveau ID="R39974" type="Formulaire">Demande d'aide juridictionnelle dans l'Union européenne</Niveau>
</FilDAriane>
<Theme ID="N19807">
<Titre>Justice</Titre>
<Audience>Particuliers</Audience>
</Theme>
<Texte><Paragraphe>Permet de demande l'aide juridictionnelle française en cas de litige jugé dans un pays de l'Union européenne (sauf le Danemark).</Paragraphe>

</Texte>
<LienWeb URL="https://e-justice.europa.eu/content_legal_aid_forms-157-fr.do">
<Source>Commission européenne</Source>
</LienWeb>
<FicheLiee ID="F18074" audience="Particuliers" type="Fiche d'information">
<Titre>Aide juridictionnelle</Titre>
<Dossier ID="N261">Accès au droit et à la justice</Dossier>
</FicheLiee><OuSAdresser ID="R39975" type="National">
<Titre>Ministère de la justice - Bureau de l'aide juridictionnelle</Titre>
<RessourceWeb URL="https://lannuaire.service-public.fr/gouvernement/administration-centrale-ou-ministere_165624"/>
</OuSAdresser>
</ServiceComplementaire>
