<?xml version="1.0" encoding="UTF-8"?><ServiceComplementaire xmlns:dc="http://purl.org/dc/elements/1.1/" xmlns:xsi="http://www.w3.org/2001/XMLSchema-instance" ID="R42860" type="Simulateur" xsi:noNamespaceSchemaLocation="../Schemas/3.0/ServiceComplementaire.xsd">
<dc:title>Simulateur : Calculez vos cotisations d'accueillant familial</dc:title>
<dc:creator>Direction de l'information légale et administrative</dc:creator>
<dc:subject>Social - Santé</dc:subject>
<dc:description>Permet de calculer ses cotisations sociales d'accueillant familial.</dc:description>
<dc:publisher>Direction de l'information légale et administrative</dc:publisher>
<dc:contributor>Direction de l'information légale et administrative (Premier ministre)</dc:contributor>
<dc:date>modified 2018-06-28</dc:date>
<dc:type>Simulateur</dc:type>
<dc:format>text/xml</dc:format>
<dc:identifier>R42860</dc:identifier>
<dc:language>Fr</dc:language>
<dc:coverage>France entière</dc:coverage>
<dc:rights>https://www.service-public.fr/a-propos/mentions-legales</dc:rights>
<SurTitre>Simulateur</SurTitre>
<Audience>Particuliers</Audience>
<Canal>www.service-public.fr</Canal>
<FilDAriane>
<Niveau ID="Particuliers">Accueil particuliers</Niveau>
<Niveau ID="servicesEnLigne" type="Liste - Service en ligne">Services en ligne et formulaires</Niveau>
<Niveau ID="R42860" type="Simulateur">Calculez vos cotisations d'accueillant familial</Niveau>
</FilDAriane>
<Theme ID="N19811">
<Titre>Social - Santé</Titre>
<Audience>Particuliers</Audience>
</Theme>
<Texte><Paragraphe>Permet de calculer ses cotisations sociales d'accueillant familial.</Paragraphe>

</Texte>
<LienWeb URL="https://www.cesu.urssaf.fr/decla/index.html?page=page_estimer_af&amp;LANG=FR">
<Source>Urssaf</Source>
</LienWeb>
<FicheLiee ID="F15240" audience="Particuliers" type="Fiche d'information">
<Titre>Accueil familial d'une personne âgée et/ou handicapée (accueillant familial)</Titre>
<Dossier ID="N333">Hébergement des personnes âgées</Dossier>
</FicheLiee>
</ServiceComplementaire>
