<?xml version="1.0" encoding="UTF-8"?><ServiceComplementaire xmlns:dc="http://purl.org/dc/elements/1.1/" xmlns:xsi="http://www.w3.org/2001/XMLSchema-instance" ID="R44803" type="Simulateur" xsi:noNamespaceSchemaLocation="../Schemas/3.0/ServiceComplementaire.xsd">
<dc:title>Simulateur : Calculer la catégorie Crit'Air de votre véhicule (vignette Crit'Air)</dc:title>
<dc:creator>Direction de l'information légale et administrative</dc:creator>
<dc:subject>Transports, Secteurs d'activité</dc:subject>
<dc:description>Ce simulateur permet de calculer quelle vignette Crit'Air correspond à votre véhicule. Préparez votre carte grise pour saisir les informations demandées : - Type de véhicule - Source d'énergie - Norme Euro</dc:description>
<dc:publisher>Direction de l'information légale et administrative</dc:publisher>
<dc:contributor>Direction de l'information légale et administrative (Premier ministre)</dc:contributor>
<dc:date>modified 2020-10-21</dc:date>
<dc:type>Simulateur</dc:type>
<dc:format>text/xml</dc:format>
<dc:identifier>R44803</dc:identifier>
<dc:language>Fr</dc:language>
<dc:coverage>France entière</dc:coverage>
<dc:rights>https://www.service-public.fr/a-propos/mentions-legales</dc:rights>
<SurTitre>Simulateur</SurTitre>
<Audience>Particuliers</Audience>
<Audience>Professionnels</Audience>
<Canal>www.service-public.fr</Canal>
<FilDAriane>
<Niveau ID="Particuliers">Accueil particuliers</Niveau>
<Niveau ID="servicesEnLigne" type="Liste - Service en ligne">Services en ligne et formulaires</Niveau>
<Niveau ID="R44803" type="Simulateur">Calculer la catégorie Crit'Air de votre véhicule (vignette Crit'Air)</Niveau>
</FilDAriane>
<Theme ID="N19812">
<Titre>Transports</Titre>
<Audience>Particuliers</Audience>
</Theme>
<Theme ID="N24269">
<Titre>Secteurs d'activité</Titre>
<Audience>Professionnels</Audience>
</Theme>
<Texte><Paragraphe>Ce simulateur permet de calculer quelle vignette Crit'Air correspond à votre véhicule.</Paragraphe>
<Paragraphe>Préparez votre carte grise pour saisir les informations demandées :</Paragraphe>
<Liste type="puce">
<Item>
<Paragraphe>Type de véhicule</Paragraphe>
</Item>
<Item>
<Paragraphe>Source d'énergie</Paragraphe>
</Item>
<Item>
<Paragraphe>Norme Euro</Paragraphe>
</Item>
</Liste>

</Texte>
<LienWeb URL="https://www.certificat-air.gouv.fr/simulation">
<Source>Ministère chargé de l'environnement</Source>
</LienWeb>
<FicheLiee ID="F33793" audience="Particuliers" type="Fiche Question-réponse">
<Titre>Crit'Air professionnel : quelle vignette pour un véhicule d'entreprise ?</Titre>
<Dossier ID="N18131">Mesures antipollution</Dossier>
</FicheLiee>
<FicheLiee ID="F35354" audience="Particuliers" type="Fiche d'information">
<Titre>Prime à la conversion pour remplacer un véhicule : à partir du 3 août 2020</Titre>
<Dossier ID="N18131">Mesures antipollution</Dossier>
</FicheLiee>
<FicheLiee ID="F35283" audience="Particuliers" type="Fiche d'information">
<Titre>Prime à la conversion pour remplacer un véhicule : de juin au 2 août 2020 inclus</Titre>
<Dossier ID="N18131">Mesures antipollution</Dossier>
</FicheLiee>
<FicheLiee ID="F32487" audience="Particuliers" type="Fiche d'information">
<Titre>Prime à la conversion pour remplacer un véhicule : règles avant juin 2020</Titre>
<Dossier ID="N18131">Mesures antipollution</Dossier>
</FicheLiee>
<FicheLiee ID="F33371" audience="Particuliers" type="Fiche d'information">
<Titre>Vignette ou pastille Crit'Air (certificat qualité de l'air)</Titre>
<Dossier ID="N18131">Mesures antipollution</Dossier>
</FicheLiee>
</ServiceComplementaire>
