<?xml version="1.0" encoding="UTF-8"?><ServiceComplementaire xmlns:dc="http://purl.org/dc/elements/1.1/" xmlns:xsi="http://www.w3.org/2001/XMLSchema-instance" ID="R46144" type="Formulaire" xsi:noNamespaceSchemaLocation="../Schemas/3.0/ServiceComplementaire.xsd">
<dc:title>Formulaire 15614*04 : Éléments du contrat de travail pour demander une carte de séjour - Passeport Talent (entreprise innovante)</dc:title>
<dc:creator>Direction de l'information légale et administrative</dc:creator>
<dc:subject>Étranger</dc:subject>
<dc:description>Éléments du contrat de travail pour demander une carte de séjour - Passeport Talent (entreprise innovante) - Formulaire</dc:description>
<dc:publisher>Direction de l'information légale et administrative</dc:publisher>
<dc:contributor>Direction de l'information légale et administrative (Premier ministre)</dc:contributor>
<dc:date>modified 2020-11-03</dc:date>
<dc:type>Formulaire</dc:type>
<dc:format>text/xml</dc:format>
<dc:identifier>R46144</dc:identifier>
<dc:language>Fr</dc:language>
<dc:coverage>France entière</dc:coverage>
<dc:rights>https://www.service-public.fr/a-propos/mentions-legales</dc:rights>
<SurTitre>Formulaire</SurTitre>
<Audience>Particuliers</Audience>
<Canal>www.service-public.fr</Canal>
<FilDAriane>
<Niveau ID="Particuliers">Accueil particuliers</Niveau>
<Niveau ID="servicesEnLigne" type="Liste - Service en ligne">Services en ligne et formulaires</Niveau>
<Niveau ID="R46144" type="Formulaire">Éléments du contrat de travail pour demander une carte de séjour - Passeport Talent (entreprise innovante)</Niveau>
</FilDAriane>
<Theme ID="N19804">
<Titre>Étranger</Titre>
<Audience>Particuliers</Audience>
</Theme>
<NumeroCerfa>15614*04</NumeroCerfa>
<LienWeb URL="https://www.formulaires.service-public.fr/gf/cerfa_15614.do" format="application/pdf" poids="569.5 KB">
<Source>Ministère chargé de l'intérieur</Source>
</LienWeb>
<FicheLiee ID="F16922" audience="Particuliers" type="Fiche d'information">
<Titre>Passeport talent : carte de séjour pluriannuelle d'un étranger en France</Titre>
<Dossier ID="N110">Titres, carte de séjour et documents de circulation pour étranger en France</Dossier>
</FicheLiee><OuSAdresser ID="R2" type="Local personnalisé sur SP">
<Titre>Préfecture</Titre>
<PivotLocal>prefecture</PivotLocal>
<RessourceWeb URL="http://www.interieur.gouv.fr/Le-ministere/Prefectures"/>
<Source ID="R30603">Ministère chargé de l'intérieur</Source>
</OuSAdresser>
<OuSAdresser ID="R14145" type="Local personnalisé sur SP">
<Titre>Sous-préfecture</Titre>
<PivotLocal>sous_pref</PivotLocal>
<RessourceWeb URL="http://www.interieur.gouv.fr/Le-ministere/Prefectures"/>
<Source ID="R30603">Ministère chargé de l'intérieur</Source>
</OuSAdresser>
<OuSAdresser ID="R14146" type="Local personnalisé sur SP">
<Titre>Préfecture de police de Paris</Titre>
<PivotLocal>paris_ppp</PivotLocal>
<RessourceWeb URL="https://www.prefecturedepolice.interieur.gouv.fr/"/>
</OuSAdresser>

<Dossier ID="N110">
<Titre>Titres, carte de séjour et documents de circulation pour étranger en France</Titre>
<Audience>Particuliers</Audience>
</Dossier>
</ServiceComplementaire>
