<?xml version="1.0" encoding="UTF-8"?><ServiceComplementaire xmlns:dc="http://purl.org/dc/elements/1.1/" xmlns:xsi="http://www.w3.org/2001/XMLSchema-instance" ID="R47850" type="Formulaire" xsi:noNamespaceSchemaLocation="../Schemas/3.0/ServiceComplementaire.xsd">
<dc:title>Formulaire 15695*01 : Compte rendu type pour un bilan auditif à joindre au certificat médical (volet1)</dc:title>
<dc:creator>Direction de l'information légale et administrative</dc:creator>
<dc:subject>Social - Santé</dc:subject>
<dc:description>Formulaire à joindre au certificat médical pour toutes demandes faites à la maison départementale des personnes handicapées (MDPH)</dc:description>
<dc:publisher>Direction de l'information légale et administrative</dc:publisher>
<dc:contributor>Direction de l'information légale et administrative (Premier ministre)</dc:contributor>
<dc:date>modified 2017-05-19</dc:date>
<dc:type>Formulaire</dc:type>
<dc:format>text/xml</dc:format>
<dc:identifier>R47850</dc:identifier>
<dc:language>Fr</dc:language>
<dc:coverage>France entière</dc:coverage>
<dc:rights>https://www.service-public.fr/a-propos/mentions-legales</dc:rights>
<SurTitre>Formulaire</SurTitre>
<Audience>Particuliers</Audience>
<Canal>www.service-public.fr</Canal>
<FilDAriane>
<Niveau ID="Particuliers">Accueil particuliers</Niveau>
<Niveau ID="servicesEnLigne" type="Liste - Service en ligne">Services en ligne et formulaires</Niveau>
<Niveau ID="R47850" type="Formulaire">Compte rendu type pour un bilan auditif à joindre au certificat médical (volet1)</Niveau>
</FilDAriane>
<Theme ID="N19811">
<Titre>Social - Santé</Titre>
<Audience>Particuliers</Audience>
</Theme>
<NumeroCerfa>15695*01</NumeroCerfa>
<Texte><Paragraphe>Formulaire à joindre au certificat médical pour toutes demandes faites à la maison départementale des personnes handicapées (MDPH)</Paragraphe>

</Texte>
<LienWeb URL="https://www.formulaires.service-public.fr/gf/getAnnexe.do?cerfaAnnexe=15695-1&amp;cerfaFormulaire=15695" format="application/pdf" poids="374.8 KB">
<Source>Ministère chargé des affaires sociales</Source>
</LienWeb><OuSAdresser ID="R14" type="Local personnalisé sur SP">
<Titre>Maison départementale des personnes handicapées (MDPH)</Titre>
<PivotLocal>maison_handicapees</PivotLocal>
<RessourceWeb URL="https://lannuaire.service-public.fr/recherche?whoWhat=MDPH&amp;where="/>
</OuSAdresser>

<Dossier ID="N12230">
<Titre>Handicap : allocations (AAH, AEEH) et aides</Titre>
<Audience>Particuliers</Audience>
</Dossier>
</ServiceComplementaire>
