<?xml version="1.0" encoding="UTF-8"?><ServiceComplementaire xmlns:dc="http://purl.org/dc/elements/1.1/" xmlns:xsi="http://www.w3.org/2001/XMLSchema-instance" ID="R47878" type="Formulaire" xsi:noNamespaceSchemaLocation="../Schemas/3.0/ServiceComplementaire.xsd">
<dc:title>Formulaire 15707*02 : Requête au juge des enfants dans le cadre du suivi d'un dossier d'assistance éducative</dc:title>
<dc:creator>Direction de l'information légale et administrative</dc:creator>
<dc:subject>Famille</dc:subject>
<dc:description>Demande, au juge des enfants, d'adaptation de la mesure d’assistante aux besoins et à l'intérêt de l'enfant. Cette demande peut être faite par l'enfant, l'un de ses parents, son tuteur ou toute personne à qui l'enfant a été confié.</dc:description>
<dc:publisher>Direction de l'information légale et administrative</dc:publisher>
<dc:contributor>Direction de l'information légale et administrative (Premier ministre)</dc:contributor>
<dc:date>modified 2020-01-02</dc:date>
<dc:type>Formulaire</dc:type>
<dc:format>text/xml</dc:format>
<dc:identifier>R47878</dc:identifier>
<dc:language>Fr</dc:language>
<dc:coverage>France entière</dc:coverage>
<dc:rights>https://www.service-public.fr/a-propos/mentions-legales</dc:rights>
<SurTitre>Formulaire</SurTitre>
<Audience>Particuliers</Audience>
<Canal>www.service-public.fr</Canal>
<FilDAriane>
<Niveau ID="Particuliers">Accueil particuliers</Niveau>
<Niveau ID="servicesEnLigne" type="Liste - Service en ligne">Services en ligne et formulaires</Niveau>
<Niveau ID="R47878" type="Formulaire">Requête au juge des enfants dans le cadre du suivi d'un dossier d'assistance éducative</Niveau>
</FilDAriane>
<Theme ID="N19805">
<Titre>Famille</Titre>
<Audience>Particuliers</Audience>
</Theme>
<NumeroCerfa>15707*02</NumeroCerfa>
<Texte><Paragraphe>Demande, au juge des enfants, d'adaptation de la mesure d’assistante aux besoins et à l'intérêt de l'enfant. Cette demande peut être faite par l'enfant, l'un de ses parents, son tuteur ou toute personne à qui l'enfant a été confié.</Paragraphe>

</Texte>
<LienWeb URL="https://www.formulaires.service-public.fr/gf/cerfa_15707.do" format="application/pdf" poids="89.2 KB">
<Source>Ministère chargé de la justice</Source>
</LienWeb><NoticeLiee ID="R47879" URL="https://www.formulaires.service-public.fr/gf/getNotice.do?cerfaNotice=%2301&amp;cerfaFormulaire=15707" numerocerfa="52161#02" format="application/pdf" poids="83.9 KB">Notice - Dépôt d'une requête au juge des enfants dans le cadre du suivi d'un dossier d'assistance éducative</NoticeLiee>

<FicheLiee ID="F3140" audience="Particuliers" type="Fiche d'information">
<Titre>Placement d'un enfant sur décision judiciaire</Titre>
<Dossier ID="N136">Placement d'un enfant</Dossier>
</FicheLiee><OuSAdresser ID="R30" type="Local">
<Titre>Tribunal judiciaire ou de proximité</Titre>
<RessourceWeb URL="https://www.justice.fr/recherche/annuaires"/>
<Source ID="R30663">Ministère chargé de la justice</Source>
</OuSAdresser>
</ServiceComplementaire>
