<?xml version="1.0" encoding="UTF-8"?><ServiceComplementaire xmlns:dc="http://purl.org/dc/elements/1.1/" xmlns:xsi="http://www.w3.org/2001/XMLSchema-instance" ID="R48356" type="Formulaire" xsi:noNamespaceSchemaLocation="../Schemas/3.0/ServiceComplementaire.xsd">
<dc:title>Formulaire 15738*03 : Requête en adoption simple d'un majeur par des époux</dc:title>
<dc:creator>Direction de l'information légale et administrative</dc:creator>
<dc:subject>Famille</dc:subject>
<dc:description>Requête en adoption simple d'un majeur par des époux - Formulaire</dc:description>
<dc:publisher>Direction de l'information légale et administrative</dc:publisher>
<dc:contributor>Direction de l'information légale et administrative (Premier ministre)</dc:contributor>
<dc:date>modified 2020-07-08</dc:date>
<dc:type>Formulaire</dc:type>
<dc:format>text/xml</dc:format>
<dc:identifier>R48356</dc:identifier>
<dc:language>Fr</dc:language>
<dc:coverage>France entière</dc:coverage>
<dc:rights>https://www.service-public.fr/a-propos/mentions-legales</dc:rights>
<SurTitre>Formulaire</SurTitre>
<Audience>Particuliers</Audience>
<Canal>www.service-public.fr</Canal>
<FilDAriane>
<Niveau ID="Particuliers">Accueil particuliers</Niveau>
<Niveau ID="servicesEnLigne" type="Liste - Service en ligne">Services en ligne et formulaires</Niveau>
<Niveau ID="R48356" type="Formulaire">Requête en adoption simple d'un majeur par des époux</Niveau>
</FilDAriane>
<Theme ID="N19805">
<Titre>Famille</Titre>
<Audience>Particuliers</Audience>
</Theme>
<NumeroCerfa>15738*03</NumeroCerfa>
<LienWeb URL="https://www.formulaires.service-public.fr/gf/cerfa_15738.do" format="application/pdf" poids="94.6 KB">
<Source>Ministère chargé de la justice</Source>
</LienWeb><NoticeLiee ID="R48357" URL="https://www.formulaires.service-public.fr/gf/getNotice.do?cerfaNotice=52186&amp;cerfaFormulaire=15738" numerocerfa="52186#03" format="application/pdf" poids="86.9 KB">Notice - Requête en adoption simple d'un majeur par des époux</NoticeLiee>
<OuSAdresser ID="R30" type="Local">
<Titre>Tribunal judiciaire ou de proximité</Titre>
<RessourceWeb URL="https://www.justice.fr/recherche/annuaires"/>
<Source ID="R30663">Ministère chargé de la justice</Source>
</OuSAdresser>

<Dossier ID="N133">
<Titre>Adoption</Titre>
<Audience>Particuliers</Audience>
</Dossier>
</ServiceComplementaire>
