<?xml version="1.0" encoding="UTF-8"?><ServiceComplementaire xmlns:dc="http://purl.org/dc/elements/1.1/" xmlns:xsi="http://www.w3.org/2001/XMLSchema-instance" ID="R49261" type="Téléservice" xsi:noNamespaceSchemaLocation="../Schemas/3.0/ServiceComplementaire.xsd">
<dc:title>Téléservice : Demander la correction d'une erreur sur la carte grise</dc:title>
<dc:creator>Direction de l'information légale et administrative</dc:creator>
<dc:subject>Transports</dc:subject>
<dc:description>Vous devez vous identifier via France Connect.</dc:description>
<dc:publisher>Direction de l'information légale et administrative</dc:publisher>
<dc:contributor>Direction de l'information légale et administrative (Premier ministre)</dc:contributor>
<dc:date>modified 2019-12-23</dc:date>
<dc:type>Téléservice</dc:type>
<dc:format>text/xml</dc:format>
<dc:identifier>R49261</dc:identifier>
<dc:language>Fr</dc:language>
<dc:coverage>France entière</dc:coverage>
<dc:rights>https://www.service-public.fr/a-propos/mentions-legales</dc:rights>
<SurTitre>Téléservice</SurTitre>
<Audience>Particuliers</Audience>
<Canal>www.service-public.fr</Canal>
<FilDAriane>
<Niveau ID="Particuliers">Accueil particuliers</Niveau>
<Niveau ID="servicesEnLigne" type="Liste - Service en ligne">Services en ligne et formulaires</Niveau>
<Niveau ID="R49261" type="Téléservice">Demander la correction d'une erreur sur la carte grise</Niveau>
</FilDAriane>
<Theme ID="N19812">
<Titre>Transports</Titre>
<Audience>Particuliers</Audience>
</Theme>
<Texte>
				<Paragraphe>Vous devez vous identifier via <LienIntra LienID="R48788" type="Définition de glossaire"> France Connect</LienIntra>.</Paragraphe>
			

</Texte>
<LienWeb URL="https://ants.gouv.fr/services/demande-immatriculation-adem">
<Source>Agence nationale des titres sécurisés (ANTS)</Source>
</LienWeb>
<FicheLiee ID="F16868" audience="Particuliers" type="Fiche Question-réponse">
<Titre>Que faire si la carte grise comporte une erreur ?</Titre>
<Dossier ID="N367">Carte grise (certificat d'immatriculation)</Dossier>
</FicheLiee><Definition ID="R48788">
<Titre>Identification avec FranceConnect</Titre>
<Texte>
				<Paragraphe>Connexion avec l'identifiant et le mot de passe de l'un des comptes suivants :  Impots.gouv,  Ameli,  Iidentitenumerique (laposte), Mobileconnectetmoi.fr,  MSA ou Alicem</Paragraphe>
			</Texte>
</Definition>

</ServiceComplementaire>
