<?xml version="1.0" encoding="UTF-8"?><ServiceComplementaire xmlns:dc="http://purl.org/dc/elements/1.1/" xmlns:xsi="http://www.w3.org/2001/XMLSchema-instance" ID="R49666" type="Formulaire" xsi:noNamespaceSchemaLocation="../Schemas/3.0/ServiceComplementaire.xsd">
<dc:title>Formulaire 15811*03 : Requête en renonciation à la succession au nom d'un enfant mineur</dc:title>
<dc:creator>Direction de l'information légale et administrative</dc:creator>
<dc:subject>Famille</dc:subject>
<dc:description>Requête en renonciation à la succession au nom d'un enfant mineur - Formulaire</dc:description>
<dc:publisher>Direction de l'information légale et administrative</dc:publisher>
<dc:contributor>Direction de l'information légale et administrative (Premier ministre)</dc:contributor>
<dc:date>modified 2020-01-02</dc:date>
<dc:type>Formulaire</dc:type>
<dc:format>text/xml</dc:format>
<dc:identifier>R49666</dc:identifier>
<dc:language>Fr</dc:language>
<dc:coverage>France entière</dc:coverage>
<dc:rights>https://www.service-public.fr/a-propos/mentions-legales</dc:rights>
<SurTitre>Formulaire</SurTitre>
<Audience>Particuliers</Audience>
<Canal>www.service-public.fr</Canal>
<FilDAriane>
<Niveau ID="Particuliers">Accueil particuliers</Niveau>
<Niveau ID="servicesEnLigne" type="Liste - Service en ligne">Services en ligne et formulaires</Niveau>
<Niveau ID="R49666" type="Formulaire">Requête en renonciation à la succession au nom d'un enfant mineur</Niveau>
</FilDAriane>
<Theme ID="N19805">
<Titre>Famille</Titre>
<Audience>Particuliers</Audience>
</Theme>
<NumeroCerfa>15811*03</NumeroCerfa>
<LienWeb URL="https://www.formulaires.service-public.fr/gf/cerfa_15811.do" format="application/pdf" poids="99.6 KB">
<Source>Ministère chargé de la justice</Source>
</LienWeb><NoticeLiee ID="R49667" URL="https://www.formulaires.service-public.fr/gf/getNotice.do?cerfaNotice=52216&amp;cerfaFormulaire=15811" numerocerfa="52216#04" format="application/pdf" poids="92.9 KB">Notice - Requête en renonciation à la succession au nom d'un enfant mineur</NoticeLiee>

<FicheLiee ID="F905" audience="Particuliers" type="Fiche Question-réponse">
<Titre>Comment régler une succession quand l'héritier est mineur ou majeur protégé ?</Titre>
<Dossier ID="N171">Règlement d'une succession</Dossier>
</FicheLiee><OuSAdresser ID="R30" type="Local">
<Titre>Tribunal judiciaire ou de proximité</Titre>
<RessourceWeb URL="https://www.justice.fr/recherche/annuaires"/>
<Source ID="R30663">Ministère chargé de la justice</Source>
</OuSAdresser>
</ServiceComplementaire>
