<?xml version="1.0" encoding="UTF-8"?><ServiceComplementaire xmlns:dc="http://purl.org/dc/elements/1.1/" xmlns:xsi="http://www.w3.org/2001/XMLSchema-instance" ID="R50268" type="Téléservice" xsi:noNamespaceSchemaLocation="../Schemas/3.0/ServiceComplementaire.xsd">
<dc:title>Téléservice : Faire une demande de restitution des sommes d'un compte inactif</dc:title>
<dc:creator>Direction de l'information légale et administrative</dc:creator>
<dc:subject>Argent</dc:subject>
<dc:description>Permet de réclamer les sommes d'un compte inactif déposés par une banque à la Caisse des dépôts et consignations.</dc:description>
<dc:publisher>Direction de l'information légale et administrative</dc:publisher>
<dc:contributor>Direction de l'information légale et administrative (Premier ministre)</dc:contributor>
<dc:date>modified 2020-01-31</dc:date>
<dc:type>Téléservice</dc:type>
<dc:format>text/xml</dc:format>
<dc:identifier>R50268</dc:identifier>
<dc:language>Fr</dc:language>
<dc:coverage>France entière</dc:coverage>
<dc:rights>https://www.service-public.fr/a-propos/mentions-legales</dc:rights>
<SurTitre>Téléservice</SurTitre>
<Audience>Particuliers</Audience>
<Canal>www.service-public.fr</Canal>
<FilDAriane>
<Niveau ID="Particuliers">Accueil particuliers</Niveau>
<Niveau ID="servicesEnLigne" type="Liste - Service en ligne">Services en ligne et formulaires</Niveau>
<Niveau ID="R50268" type="Téléservice">Faire une demande de restitution des sommes d'un compte inactif</Niveau>
</FilDAriane>
<Theme ID="N19803">
<Titre>Argent</Titre>
<Audience>Particuliers</Audience>
</Theme>
<Introduction>
<Texte><Paragraphe>Permet de réclamer les sommes d'un compte inactif déposés par une banque à la Caisse des dépôts et consignations.</Paragraphe>
</Texte>
</Introduction>
<LienWeb URL="https://ciclade.caissedesdepots.fr/monespace/#/service/authentification?lang=fr">
<Source>Caisse des dépôts et consignations (CDC)</Source>
</LienWeb>
<FicheLiee ID="F31456" audience="Particuliers" type="Fiche d'information">
<Titre>Clôture d'un compte bancaire par la banque</Titre>
<Dossier ID="N98">Comptes bancaires</Dossier>
</FicheLiee>
</ServiceComplementaire>
