<?xml version="1.0" encoding="UTF-8"?><ServiceComplementaire xmlns:dc="http://purl.org/dc/elements/1.1/" xmlns:xsi="http://www.w3.org/2001/XMLSchema-instance" ID="R50889" type="Téléservice" xsi:noNamespaceSchemaLocation="../Schemas/3.0/ServiceComplementaire.xsd">
<dc:title>Téléservice : Chercher un Journal officiel (JO)</dc:title>
<dc:creator>Direction de l'information légale et administrative</dc:creator>
<dc:subject>Étranger</dc:subject>
<dc:description>Chercher un Journal officiel (JO) - Téléservice</dc:description>
<dc:publisher>Direction de l'information légale et administrative</dc:publisher>
<dc:contributor>Direction de l'information légale et administrative (Premier ministre)</dc:contributor>
<dc:date>modified 2018-06-07</dc:date>
<dc:type>Téléservice</dc:type>
<dc:format>text/xml</dc:format>
<dc:identifier>R50889</dc:identifier>
<dc:language>Fr</dc:language>
<dc:coverage>France entière</dc:coverage>
<dc:rights>https://www.service-public.fr/a-propos/mentions-legales</dc:rights>
<SurTitre>Téléservice</SurTitre>
<Audience>Particuliers</Audience>
<Canal>www.service-public.fr</Canal>
<FilDAriane>
<Niveau ID="Particuliers">Accueil particuliers</Niveau>
<Niveau ID="servicesEnLigne" type="Liste - Service en ligne">Services en ligne et formulaires</Niveau>
<Niveau ID="R50889" type="Téléservice">Chercher un Journal officiel (JO)</Niveau>
</FilDAriane>
<Theme ID="N19804">
<Titre>Étranger</Titre>
<Audience>Particuliers</Audience>
</Theme>
<LienWeb URL="https://www.legifrance.gouv.fr/initRechJO.do">
<Source>Direction de l'information légale et administrative (Dila) - Premier ministre</Source>
</LienWeb>
<FicheLiee ID="F33626" audience="Particuliers" type="Fiche Question-réponse">
<Titre>Comment trouver son décret de naturalisation publié au Journal officiel ?</Titre>
<Dossier ID="N111">Nationalité française</Dossier>
</FicheLiee>
</ServiceComplementaire>
