<?xml version="1.0" encoding="UTF-8"?><ServiceComplementaire xmlns:dc="http://purl.org/dc/elements/1.1/" xmlns:xsi="http://www.w3.org/2001/XMLSchema-instance" ID="R51613" type="Téléservice" xsi:noNamespaceSchemaLocation="../Schemas/3.0/ServiceComplementaire.xsd">
<dc:title>Téléservice : Scolarité Services Besançon</dc:title>
<dc:creator>Direction de l'information légale et administrative</dc:creator>
<dc:subject>Famille</dc:subject>
<dc:description>En vous connectant, vous accéderez à l'ensemble des services en ligne mis à votre disposition par l'établissement scolaire, notamment au portail Scolarité services.</dc:description>
<dc:publisher>Direction de l'information légale et administrative</dc:publisher>
<dc:contributor>Direction de l'information légale et administrative (Premier ministre)</dc:contributor>
<dc:date>modified 2018-08-20</dc:date>
<dc:type>Téléservice</dc:type>
<dc:format>text/xml</dc:format>
<dc:identifier>R51613</dc:identifier>
<dc:language>Fr</dc:language>
<dc:coverage>France entière</dc:coverage>
<dc:rights>https://www.service-public.fr/a-propos/mentions-legales</dc:rights>
<SurTitre>Téléservice</SurTitre>
<Audience>Particuliers</Audience>
<Canal>www.service-public.fr</Canal>
<FilDAriane>
<Niveau ID="Particuliers">Accueil particuliers</Niveau>
<Niveau ID="servicesEnLigne" type="Liste - Service en ligne">Services en ligne et formulaires</Niveau>
<Niveau ID="R51613" type="Téléservice">Scolarité Services Besançon</Niveau>
</FilDAriane>
<Theme ID="N19805">
<Titre>Famille</Titre>
<Audience>Particuliers</Audience>
</Theme>
<Texte><Paragraphe>En vous connectant, vous accéderez à l'ensemble des services en ligne mis à votre disposition par l'établissement scolaire, notamment au portail Scolarité services.</Paragraphe>

</Texte>
<LienWeb URL="https://teleservices.ac-besancon.fr">
<Source>Ministère chargé de l'éducation</Source>
</LienWeb>
<FicheLiee ID="F984" audience="Particuliers" type="Fiche d'information">
<Titre>Bourse des collèges</Titre>
<Dossier ID="N67">Aides financières pour la scolarité</Dossier>
</FicheLiee>
<FicheLiee ID="F112" audience="Particuliers" type="Fiche d'information">
<Titre>Orientation au collège</Titre>
<Dossier ID="N56">Collège et lycée</Dossier>
</FicheLiee>
</ServiceComplementaire>
