<?xml version="1.0" encoding="UTF-8"?><ServiceComplementaire xmlns:dc="http://purl.org/dc/elements/1.1/" xmlns:xsi="http://www.w3.org/2001/XMLSchema-instance" ID="R51836" type="Simulateur" xsi:noNamespaceSchemaLocation="../Schemas/3.0/ServiceComplementaire.xsd">
<dc:title>Simulateur : Connaître le calendrier des vacances scolaires de votre département</dc:title>
<dc:creator>Direction de l'information légale et administrative</dc:creator>
<dc:subject>Famille</dc:subject>
<dc:description>Les dates des vacances scolaires dépendent de la zone dans laquelle se trouve l'établissement (école maternelle ou primaire, collège ou lycée).</dc:description>
<dc:publisher>Direction de l'information légale et administrative</dc:publisher>
<dc:contributor>Direction de l'information légale et administrative (Premier ministre)</dc:contributor>
<dc:date>modified 2018-09-13</dc:date>
<dc:type>Simulateur</dc:type>
<dc:format>text/xml</dc:format>
<dc:identifier>R51836</dc:identifier>
<dc:language>Fr</dc:language>
<dc:coverage>France entière</dc:coverage>
<dc:rights>https://www.service-public.fr/a-propos/mentions-legales</dc:rights>
<SurTitre>Simulateur</SurTitre>
<Audience>Particuliers</Audience>
<Canal>www.service-public.fr</Canal>
<FilDAriane>
<Niveau ID="Particuliers">Accueil particuliers</Niveau>
<Niveau ID="servicesEnLigne" type="Liste - Service en ligne">Services en ligne et formulaires</Niveau>
<Niveau ID="R51836" type="Simulateur">Connaître le calendrier des vacances scolaires de votre département</Niveau>
</FilDAriane>
<Theme ID="N19805">
<Titre>Famille</Titre>
<Audience>Particuliers</Audience>
</Theme>
<Texte><Paragraphe>Les dates des vacances scolaires dépendent de la zone dans laquelle se trouve l'établissement (école maternelle ou primaire, collège ou lycée).</Paragraphe>

</Texte>
<LienWeb URL="https://www.service-public.fr/simulateur/calcul/Dates_Vacances_Scolaires">
<Source>Direction de l'information légale et administrative (Dila) - Premier ministre</Source>
</LienWeb>
<FicheLiee ID="F31952" audience="Particuliers" type="Fiche Question-réponse">
<Titre>Quel est le calendrier des vacances scolaires 2019-2020 et 2020-2021 ?</Titre>
<Dossier ID="N54">École primaire (maternelle et élémentaire)</Dossier>
</FicheLiee>
<Dossier ID="N56">
<Titre>Collège et lycée</Titre>
<Audience>Particuliers</Audience>
</Dossier>
<Dossier ID="N54">
<Titre>École primaire (maternelle et élémentaire)</Titre>
<Audience>Particuliers</Audience>
</Dossier>
</ServiceComplementaire>
