<?xml version="1.0" encoding="UTF-8"?><ServiceComplementaire xmlns:dc="http://purl.org/dc/elements/1.1/" xmlns:xsi="http://www.w3.org/2001/XMLSchema-instance" ID="R52898" type="Formulaire" xsi:noNamespaceSchemaLocation="../Schemas/3.0/ServiceComplementaire.xsd">
<dc:title>Formulaire 11192*03 : Demande d'autorisation d'importation de matériels de guerre, armes et munitions</dc:title>
<dc:creator>Direction de l'information légale et administrative</dc:creator>
<dc:subject>Argent</dc:subject>
<dc:description>Demande d'autorisation d'importation de matériels de guerre, armes et munitions - Formulaire</dc:description>
<dc:publisher>Direction de l'information légale et administrative</dc:publisher>
<dc:contributor>Direction de l'information légale et administrative (Premier ministre)</dc:contributor>
<dc:date>modified 2019-02-20</dc:date>
<dc:type>Formulaire</dc:type>
<dc:format>text/xml</dc:format>
<dc:identifier>R52898</dc:identifier>
<dc:language>Fr</dc:language>
<dc:coverage>France entière</dc:coverage>
<dc:rights>https://www.service-public.fr/a-propos/mentions-legales</dc:rights>
<SurTitre>Formulaire</SurTitre>
<Audience>Particuliers</Audience>
<Canal>www.service-public.fr</Canal>
<FilDAriane>
<Niveau ID="Particuliers">Accueil particuliers</Niveau>
<Niveau ID="servicesEnLigne" type="Liste - Service en ligne">Services en ligne et formulaires</Niveau>
<Niveau ID="R52898" type="Formulaire">Demande d'autorisation d'importation de matériels de guerre, armes et munitions</Niveau>
</FilDAriane>
<Theme ID="N19803">
<Titre>Argent</Titre>
<Audience>Particuliers</Audience>
</Theme>
<NumeroCerfa>11192*03</NumeroCerfa>
<LienWeb URL="https://www.formulaires.service-public.fr/gf/cerfa_11192.do" format="application/pdf" poids="89.4 KB">
<Source>Ministère chargé des finances</Source>
</LienWeb>
<FicheLiee ID="F3161" audience="Particuliers" type="Fiche d'information">
<Titre>Douane : marchandises interdites ou réglementées à l'entrée en France</Titre>
<Dossier ID="N230">Douane</Dossier>
</FicheLiee><OuSAdresser ID="R51328" type="National">
<Titre>Direction générale des douanes de droits indirects (DGDDI)</Titre>
<RessourceWeb URL="https://lannuaire.service-public.fr/gouvernement/administration-centrale-ou-ministere_171511"/>
</OuSAdresser>
</ServiceComplementaire>
