<?xml version="1.0" encoding="UTF-8"?><ServiceComplementaire xmlns:dc="http://purl.org/dc/elements/1.1/" xmlns:xsi="http://www.w3.org/2001/XMLSchema-instance" ID="R53563" type="Téléservice" xsi:noNamespaceSchemaLocation="../Schemas/3.0/ServiceComplementaire.xsd">
<dc:title>Téléservice : Trouver une entreprise qui recrute en alternance</dc:title>
<dc:creator>Direction de l'information légale et administrative</dc:creator>
<dc:subject>Travail, Ressources humaines</dc:subject>
<dc:description>Si vous recherchez un emploi en alternance, ce site permet d'identifier les entreprises ayant déjà eu des alternants par le passé et pour lesquelles un algorithme a détecté un potentiel d'embauche.</dc:description>
<dc:publisher>Direction de l'information légale et administrative</dc:publisher>
<dc:contributor>Direction de l'information légale et administrative (Premier ministre)</dc:contributor>
<dc:date>modified 2020-01-01</dc:date>
<dc:type>Téléservice</dc:type>
<dc:format>text/xml</dc:format>
<dc:identifier>R53563</dc:identifier>
<dc:language>Fr</dc:language>
<dc:coverage>France entière</dc:coverage>
<dc:rights>https://www.service-public.fr/a-propos/mentions-legales</dc:rights>
<SurTitre>Téléservice</SurTitre>
<Audience>Particuliers</Audience>
<Audience>Professionnels</Audience>
<Canal>www.service-public.fr</Canal>
<FilDAriane>
<Niveau ID="Particuliers">Accueil particuliers</Niveau>
<Niveau ID="servicesEnLigne" type="Liste - Service en ligne">Services en ligne et formulaires</Niveau>
<Niveau ID="R53563" type="Téléservice">Trouver une entreprise qui recrute en alternance</Niveau>
</FilDAriane>
<Theme ID="N19806">
<Titre>Travail</Titre>
<Audience>Particuliers</Audience>
</Theme>
<Theme ID="N24267">
<Titre>Ressources humaines</Titre>
<Audience>Professionnels</Audience>
</Theme>
<Texte><Paragraphe>Si vous recherchez un emploi en alternance, ce site permet d'identifier les entreprises ayant déjà eu des alternants par le passé et pour lesquelles un algorithme a détecté un potentiel d'embauche.</Paragraphe>

</Texte>
<LienWeb URL="https://labonnealternance.pole-emploi.fr/">
<Source>Pôle emploi</Source>
</LienWeb>
<FicheLiee ID="F2918" audience="Particuliers" type="Fiche d'information">
<Titre>Contrat d'apprentissage</Titre>
<Dossier ID="N11240">Alternance</Dossier>
</FicheLiee>
<FicheLiee ID="F31704" audience="Particuliers" type="Fiche Question-réponse">
<Titre>Contrat d'apprentissage et de professionnalisation : quelles différences ?</Titre>
<Dossier ID="N11240">Alternance</Dossier>
</FicheLiee>
<FicheLiee ID="F15478" audience="Particuliers" type="Fiche d'information">
<Titre>Contrat de professionnalisation</Titre>
<Dossier ID="N11240">Alternance</Dossier>
</FicheLiee>
<Dossier ID="N11240">
<Titre>Alternance</Titre>
<Audience>Particuliers</Audience>
<Audience>Professionnels</Audience>
</Dossier>
</ServiceComplementaire>
