<?xml version="1.0" encoding="UTF-8"?><ServiceComplementaire xmlns:dc="http://purl.org/dc/elements/1.1/" xmlns:xsi="http://www.w3.org/2001/XMLSchema-instance" ID="R54621" type="Formulaire" xsi:noNamespaceSchemaLocation="../Schemas/3.0/ServiceComplementaire.xsd">
<dc:title>Formulaire 15994*01 : Déclaration de candidature - Conseil de la métropole de Lyon</dc:title>
<dc:creator>Direction de l'information légale et administrative</dc:creator>
<dc:subject>Papiers - Citoyenneté</dc:subject>
<dc:description>Permet de se porter candidat à l'élection des conseillers métropolitains de Lyon.</dc:description>
<dc:publisher>Direction de l'information légale et administrative</dc:publisher>
<dc:contributor>Direction de l'information légale et administrative (Premier ministre)</dc:contributor>
<dc:date>modified 2020-05-28</dc:date>
<dc:type>Formulaire</dc:type>
<dc:format>text/xml</dc:format>
<dc:identifier>R54621</dc:identifier>
<dc:language>Fr</dc:language>
<dc:coverage>France entière</dc:coverage>
<dc:rights>https://www.service-public.fr/a-propos/mentions-legales</dc:rights>
<SurTitre>Formulaire</SurTitre>
<Audience>Particuliers</Audience>
<Canal>www.service-public.fr</Canal>
<FilDAriane>
<Niveau ID="Particuliers">Accueil particuliers</Niveau>
<Niveau ID="servicesEnLigne" type="Liste - Service en ligne">Services en ligne et formulaires</Niveau>
<Niveau ID="R54621" type="Formulaire">Déclaration de candidature - Conseil de la métropole de Lyon</Niveau>
</FilDAriane>
<Theme ID="N19810">
<Titre>Papiers - Citoyenneté</Titre>
<Audience>Particuliers</Audience>
</Theme>
<NumeroCerfa>15994*01</NumeroCerfa>
<Texte><Paragraphe>Permet de se porter candidat à l'élection des conseillers métropolitains de  Lyon.</Paragraphe>

</Texte>
<LienWeb URL="https://www.formulaires.service-public.fr/gf/cerfa_15994.do" format="application/pdf" poids="652.2 KB">
<Source>Direction de l'information légale et administrative (Dila) - Premier ministre</Source>
</LienWeb><ServiceEnLigneAnnexe type="Formulaire">
<Titre>Annexe</Titre>
<LienWeb URL="https://www.formulaires.service-public.fr/gf/getAnnexe.do?cerfaAnnexe=15994*01&amp;cerfaFormulaire=15994*01" format="application/pdf" poids="211.9 KB"/>
</ServiceEnLigneAnnexe>

<Dossier ID="N47">
<Titre>Élections</Titre>
<Audience>Particuliers</Audience>
</Dossier>
</ServiceComplementaire>
