<?xml version="1.0" encoding="UTF-8"?><ServiceComplementaire xmlns:dc="http://purl.org/dc/elements/1.1/" xmlns:xsi="http://www.w3.org/2001/XMLSchema-instance" ID="R54740" type="Téléservice" xsi:noNamespaceSchemaLocation="../Schemas/3.0/ServiceComplementaire.xsd">
<dc:title>Téléservice : Demande de prestation Handicap (AAH, PCH...) pour le département de la Haute-Garonne</dc:title>
<dc:creator>Direction de l'information légale et administrative</dc:creator>
<dc:subject>Famille, Travail, Loisirs, Social - Santé</dc:subject>
<dc:description>Permet de faire une demande de prestation Handicap (AAH, PCH...) auprès de la maison départementale des personnes handicapées (MDPH) du département de la Haute-Garonne</dc:description>
<dc:publisher>Direction de l'information légale et administrative</dc:publisher>
<dc:contributor>Direction de l'information légale et administrative (Premier ministre)</dc:contributor>
<dc:date>modified 2019-10-28</dc:date>
<dc:type>Téléservice</dc:type>
<dc:format>text/xml</dc:format>
<dc:identifier>R54740</dc:identifier>
<dc:language>Fr</dc:language>
<dc:coverage>France entière</dc:coverage>
<dc:rights>https://www.service-public.fr/a-propos/mentions-legales</dc:rights>
<SurTitre>Téléservice</SurTitre>
<Audience>Particuliers</Audience>
<Canal>www.service-public.fr</Canal>
<FilDAriane>
<Niveau ID="Particuliers">Accueil particuliers</Niveau>
<Niveau ID="servicesEnLigne" type="Liste - Service en ligne">Services en ligne et formulaires</Niveau>
<Niveau ID="R54740" type="Téléservice">Demande de prestation Handicap (AAH, PCH...) pour le département de la Haute-Garonne</Niveau>
</FilDAriane>
<Theme ID="N19805">
<Titre>Famille</Titre>
<Audience>Particuliers</Audience>
</Theme>
<Theme ID="N19806">
<Titre>Travail</Titre>
<Audience>Particuliers</Audience>
</Theme>
<Theme ID="N19809">
<Titre>Loisirs</Titre>
<Audience>Particuliers</Audience>
</Theme>
<Theme ID="N19811">
<Titre>Social - Santé</Titre>
<Audience>Particuliers</Audience>
</Theme>
<Texte><Paragraphe>Permet de faire une demande de prestation Handicap (AAH, PCH...) auprès de la maison départementale des personnes handicapées (MDPH) du département de la Haute-Garonne</Paragraphe>

</Texte>
<LienWeb URL="https://mdphenligne.cnsa.fr/mdph/31">
<Source>Caisse nationale de solidarité pour l'autonomie (CNSA)</Source>
</LienWeb>
</ServiceComplementaire>
