<?xml version="1.0" encoding="UTF-8"?><ServiceComplementaire xmlns:dc="http://purl.org/dc/elements/1.1/" xmlns:xsi="http://www.w3.org/2001/XMLSchema-instance" ID="R55463" type="Formulaire" xsi:noNamespaceSchemaLocation="../Schemas/3.0/ServiceComplementaire.xsd">
<dc:title>Formulaire 16050*01 : Déclaration de candidature de liste - Élections municipales pour les communes de 1000 habitants et plus composées de communes associées de la Polynésie française</dc:title>
<dc:creator>Direction de l'information légale et administrative</dc:creator>
<dc:subject>Papiers - Citoyenneté</dc:subject>
<dc:description>Déclaration de candidature de liste - Élections municipales pour les communes de 1000 habitants et plus composées de communes associées de la Polynésie française - Formulaire</dc:description>
<dc:publisher>Direction de l'information légale et administrative</dc:publisher>
<dc:contributor>Direction de l'information légale et administrative (Premier ministre)</dc:contributor>
<dc:date>modified 2020-05-28</dc:date>
<dc:type>Formulaire</dc:type>
<dc:format>text/xml</dc:format>
<dc:identifier>R55463</dc:identifier>
<dc:language>Fr</dc:language>
<dc:coverage>France entière</dc:coverage>
<dc:rights>https://www.service-public.fr/a-propos/mentions-legales</dc:rights>
<SurTitre>Formulaire</SurTitre>
<Audience>Particuliers</Audience>
<Canal>www.service-public.fr</Canal>
<FilDAriane>
<Niveau ID="Particuliers">Accueil particuliers</Niveau>
<Niveau ID="servicesEnLigne" type="Liste - Service en ligne">Services en ligne et formulaires</Niveau>
<Niveau ID="R55463" type="Formulaire">Déclaration de candidature de liste - Élections municipales pour les communes de 1000 habitants et plus composées de communes associées de la Polynésie française</Niveau>
</FilDAriane>
<Theme ID="N19810">
<Titre>Papiers - Citoyenneté</Titre>
<Audience>Particuliers</Audience>
</Theme>
<NumeroCerfa>16050*01</NumeroCerfa>
<LienWeb URL="https://www.formulaires.service-public.fr/gf/cerfa_16050.do" format="application/pdf" poids="644.3 KB">
<Source>Ministère chargé de l'intérieur</Source>
</LienWeb>
<Dossier ID="N47">
<Titre>Élections</Titre>
<Audience>Particuliers</Audience>
</Dossier>
</ServiceComplementaire>
