<?xml version="1.0" encoding="UTF-8"?><ServiceComplementaire xmlns:dc="http://purl.org/dc/elements/1.1/" xmlns:xsi="http://www.w3.org/2001/XMLSchema-instance" ID="R56008" type="Outil de recherche" xsi:noNamespaceSchemaLocation="../Schemas/3.0/ServiceComplementaire.xsd">
<dc:title>Outil de recherche : Où déposer les déchets textiles et chaussures ?</dc:title>
<dc:creator>Direction de l'information légale et administrative</dc:creator>
<dc:subject>Logement</dc:subject>
<dc:description>Permet de connaître les point de collecte des textiles (vêtement, ligne de maison, ...) et de la maroquinerie (chaussures, sac à main).</dc:description>
<dc:publisher>Direction de l'information légale et administrative</dc:publisher>
<dc:contributor>Direction de l'information légale et administrative (Premier ministre)</dc:contributor>
<dc:date>modified 2020-04-14</dc:date>
<dc:type>Outil de recherche</dc:type>
<dc:format>text/xml</dc:format>
<dc:identifier>R56008</dc:identifier>
<dc:language>Fr</dc:language>
<dc:coverage>France entière</dc:coverage>
<dc:rights>https://www.service-public.fr/a-propos/mentions-legales</dc:rights>
<SurTitre>Outil de recherche</SurTitre>
<Audience>Particuliers</Audience>
<Canal>www.service-public.fr</Canal>
<FilDAriane>
<Niveau ID="Particuliers">Accueil particuliers</Niveau>
<Niveau ID="servicesEnLigne" type="Liste - Service en ligne">Services en ligne et formulaires</Niveau>
<Niveau ID="R56008" type="Outil de recherche">Où déposer les déchets textiles et chaussures ?</Niveau>
</FilDAriane>
<Theme ID="N19808">
<Titre>Logement</Titre>
<Audience>Particuliers</Audience>
</Theme>
<Texte><Paragraphe>Permet de connaître les point de collecte des textiles (vêtement, ligne de maison, ...) et de la maroquinerie (chaussures, sac à main).</Paragraphe>

</Texte>
<LienWeb URL="https://www.lafibredutri.fr/">
<Source>Agence de l'environnement et de la maîtrise de l'énergie (Ademe)</Source>
</LienWeb>
<FicheLiee ID="F31955" audience="Particuliers" type="Fiche d'information">
<Titre>Déchets d'équipements électriques et électroniques (DEEE ou D3E)</Titre>
<Dossier ID="N31125">Déchets</Dossier>
</FicheLiee>
<FicheLiee ID="F31954" audience="Particuliers" type="Fiche d'information">
<Titre>Encombrants (déchets volumineux)</Titre>
<Dossier ID="N31125">Déchets</Dossier>
</FicheLiee>
<FicheLiee ID="F16217" audience="Particuliers" type="Fiche d'information">
<Titre>Ordures ménagères classiques</Titre>
<Dossier ID="N31125">Déchets</Dossier>
</FicheLiee>
<FicheLiee ID="F35213" audience="Particuliers" type="Fiche Question-réponse">
<Titre>Où recycler, jeter mes déchets (textiles, électriques, dangereux, ...) ?</Titre>
<Dossier ID="N31125">Déchets</Dossier>
</FicheLiee>
<Dossier ID="N31125">
<Titre>Déchets</Titre>
<Audience>Particuliers</Audience>
</Dossier>
</ServiceComplementaire>
