<?xml version="1.0" encoding="UTF-8"?><ServiceComplementaire xmlns:dc="http://purl.org/dc/elements/1.1/" xmlns:xsi="http://www.w3.org/2001/XMLSchema-instance" ID="R56989" type="Outil de recherche" xsi:noNamespaceSchemaLocation="../Schemas/3.0/ServiceComplementaire.xsd">
<dc:title>Outil de recherche : Rechercher les risques naturels et technologiques sur Géorisques</dc:title>
<dc:creator>Direction de l'information légale et administrative</dc:creator>
<dc:subject>Logement</dc:subject>
<dc:description>Rechercher les risques naturels et technologiques sur Géorisques - Outil de recherche</dc:description>
<dc:publisher>Direction de l'information légale et administrative</dc:publisher>
<dc:contributor>Direction de l'information légale et administrative (Premier ministre)</dc:contributor>
<dc:date>modified 2020-08-11</dc:date>
<dc:type>Outil de recherche</dc:type>
<dc:format>text/xml</dc:format>
<dc:identifier>R56989</dc:identifier>
<dc:language>Fr</dc:language>
<dc:coverage>France entière</dc:coverage>
<dc:rights>https://www.service-public.fr/a-propos/mentions-legales</dc:rights>
<SurTitre>Outil de recherche</SurTitre>
<Audience>Particuliers</Audience>
<Canal>www.service-public.fr</Canal>
<FilDAriane>
<Niveau ID="Particuliers">Accueil particuliers</Niveau>
<Niveau ID="servicesEnLigne" type="Liste - Service en ligne">Services en ligne et formulaires</Niveau>
<Niveau ID="R56989" type="Outil de recherche">Rechercher les risques naturels et technologiques sur Géorisques</Niveau>
</FilDAriane>
<Theme ID="N19808">
<Titre>Logement</Titre>
<Audience>Particuliers</Audience>
</Theme>
<LienWeb URL="https://www.georisques.gouv.fr/">
<Source>Ministère chargé de l'environnement</Source>
</LienWeb>
<FicheLiee ID="F258" audience="Particuliers" type="Fiche d'information">
<Titre>Acte de vente d'un terrain isolé</Titre>
<Dossier ID="N312">Achat d'un terrain</Dossier>
</FicheLiee>
<FicheLiee ID="F12702" audience="Particuliers" type="Fiche d'information">
<Titre>Acte de vente d'un terrain situé dans un lotissement</Titre>
<Dossier ID="N312">Achat d'un terrain</Dossier>
</FicheLiee>
<FicheLiee ID="F2057" audience="Particuliers" type="Fiche d'information">
<Titre>Promesse de vente d'un terrain isolé</Titre>
<Dossier ID="N312">Achat d'un terrain</Dossier>
</FicheLiee>
<FicheLiee ID="F16455" audience="Particuliers" type="Fiche d'information">
<Titre>Promesse de vente d'un terrain situé dans un lotissement</Titre>
<Dossier ID="N312">Achat d'un terrain</Dossier>
</FicheLiee>
</ServiceComplementaire>
