<?xml version="1.0" encoding="UTF-8"?><ServiceComplementaire xmlns:dc="http://purl.org/dc/elements/1.1/" xmlns:xsi="http://www.w3.org/2001/XMLSchema-instance" ID="R994" type="Modèle de document" xsi:noNamespaceSchemaLocation="../Schemas/3.0/ServiceComplementaire.xsd">
<dc:title>Modèle : Lettre pour demander des mesures imposées par la commission de surendettement</dc:title>
<dc:creator>Direction de l'information légale et administrative</dc:creator>
<dc:subject>Argent</dc:subject>
<dc:description>Permet au surendetté de faire une demande visant à ce que la commission de surendettement recommande ou impose certaines mesures, à défaut d'avoir pu trouver un accord avec les créanciers ou cautions. Secrétariat de la commission de surendettement de département Banque de France de ville adresse de la commission Par lettre du date de réception de la lettre de notification la Commission de surendettement de adresse du secrétariat à la Banque de France m'a fait savoir qu'aucun accord n'a pu être conclu avec mes créanciers. Je soussigné nom, prénoms, profession, adresse vous demande de recommander ou d'imposer tout ou partie des mesures prévues aux articles L733-1 et L733-9 du code de la consommation. Mon dossier de surendettement a pour référence : numéro à 12 chiffres. Je me tiens à votre disposition pour vous fournir toute information complémentaire. Fait à ville, le date. signature</dc:description>
<dc:publisher>Direction de l'information légale et administrative</dc:publisher>
<dc:contributor>Direction de l'information légale et administrative (Premier ministre)</dc:contributor>
<dc:date>modified 2019-05-31</dc:date>
<dc:type>Modèle</dc:type>
<dc:format>text/xml</dc:format>
<dc:identifier>R994</dc:identifier>
<dc:language>Fr</dc:language>
<dc:coverage>France entière</dc:coverage>
<dc:rights>https://www.service-public.fr/a-propos/mentions-legales</dc:rights>
<SurTitre>Modèle</SurTitre>
<Audience>Particuliers</Audience>
<Canal>www.service-public.fr</Canal>
<FilDAriane>
<Niveau ID="Particuliers">Accueil particuliers</Niveau>
<Niveau ID="servicesEnLigne" type="Liste - Service en ligne">Services en ligne et formulaires</Niveau>
<Niveau ID="R994" type="Modèle de document">Lettre pour demander des mesures imposées par la commission de surendettement</Niveau>
</FilDAriane>
<Theme ID="N19803">
<Titre>Argent</Titre>
<Audience>Particuliers</Audience>
</Theme>
<Texte><Paragraphe>Permet au surendetté de faire une demande visant à ce que la commission de surendettement recommande ou impose certaines mesures, à défaut d'avoir pu trouver un accord avec les créanciers ou cautions.</Paragraphe>
<Paragraphe>Secrétariat de la commission de surendettement de <Variable>département</Variable>
</Paragraphe>
<Paragraphe>Banque de France de <Variable>ville</Variable>
</Paragraphe>
<Paragraphe>
<Variable>adresse de la commission</Variable>
</Paragraphe>
<Paragraphe>Par lettre du <Variable>date de réception de la lettre de notification</Variable> la Commission de surendettement de <Variable>adresse du secrétariat à la Banque de France</Variable> m'a fait savoir qu'aucun accord n'a pu être conclu avec mes créanciers.</Paragraphe>
<Paragraphe>Je soussigné <Variable>nom, prénoms, profession, adresse</Variable> vous demande de recommander ou d'imposer tout ou partie des mesures prévues aux articles L733-1 et L733-9 du code de la consommation.</Paragraphe>
<Paragraphe>Mon dossier de surendettement a pour référence :  <Variable>numéro à 12 chiffres</Variable>.</Paragraphe>
<Paragraphe>Je me tiens à votre disposition pour vous fournir toute information complémentaire.</Paragraphe>
<Paragraphe>Fait à <Variable>ville</Variable>, le <Variable>date</Variable>.</Paragraphe>
<Paragraphe>
<Variable>signature</Variable>
</Paragraphe>

</Texte>
<FicheLiee ID="F1947" audience="Particuliers" type="Fiche d'information">
<Titre>Surendettement : mesures imposées par la commission</Titre>
<Dossier ID="N99">Surendettement</Dossier>
</FicheLiee><OuSAdresser ID="R20363" type="Local personnalisable">
<Titre>Commission de surendettement</Titre>
<PivotLocal>commission_surendettement</PivotLocal>
<RessourceWeb URL="http://www.banque-france.fr/la-banque-de-france/organisation/implantations-de-la-banque.html"/>
<Source ID="R30618">Banque de France</Source>
</OuSAdresser>
</ServiceComplementaire>
