{
    "text": "Impôt sur le revenu - Versement de cotisations syndicales (crédit d'impôt) : \n\n\nLe versement de cotisations syndicales vous permet de bénéficier d'un crédit d'impôt sur le revenu. Ce crédit dépend des sommes versées.\nConditions à remplir\nPersonnes concernées\nSalarié ou fonctionnaire n'ayant  pas choisi la  déduction des frais réels \n\nRetraité\nOrganisations syndicales concernées\nLes cotisations doivent être versées :\naux organisations syndicales représentatives de salariés ou de fonctionnaires\nou aux associations professionnelles nationales de militaires représentatives.\nDéclaration\nDéclaration en ligne\nLa période de déclaration 2020 des revenus est terminée. La déclaration 2021 des revenus de l'année 2020 aura lieu en avril 2021.\nDéclaration papier\nLa période de déclaration 2020 des revenus est terminée. La déclaration 2021 des revenus de l'année 2020 aura lieu en avril 2021.\nConservez les justificatifs de vos versements (reçu du syndicat) en cas de demande de l'administration.\nMontant du crédit d'impôt\nCas général\nVous pouvez déduire  66 %  des cotisations annuelles (dans la limite de  1 %  de votre revenu brut imposable dans la catégorie des  salaires, pensions et rentes à titre gratuit).\nExemple : si votre salaire 2019 est de  20 000 € , le crédit d'impôt maximum est de :   20 000 €  x  1 %  =  200 € .\nSi le crédit d'impôt dépasse l'impôt dû, le solde vous sera  restitué.\nDéfense des forêts\nEn cas de cotisations à une association syndicale autorisée pour la défense des forêts contre l'incendie, la réduction est égale à  50 %  des cotisations dans la limite de  1 000 €  par an.\nVous êtes un particulier\nPar téléphone :\n\n 0809 401 401 \n\nDu lundi au vendredi de 8h30 à 19h, hors jours fériés.\nService gratuit + prix appel\nVous êtes un professionnel\nPar téléphone :\n\n 0 806 000 225 \n\nDu lundi au vendredi de 8h30 à 19h, hors jours fériés.\nService gratuit + prix appel",
    "link": "https://www.service-public.fr/particuliers/vosdroits/F1",
    "arborescence": {
        "audience": "Particuliers",
        "theme": "Argent",
        "dossier": "Impôt sur le revenu : déductions, réductions et crédits d'impôt",
        "sous_dossier": "Aides fiscales liées aux dons, cotisations et souscriptions",
        "titre": "Impôt sur le revenu - Versement de cotisations syndicales (crédit d'impôt)"
    }
}