{
    "text": "Pension alimentaire impayée : recouvrement par le Trésor public : \n\n\nSi la personne qui doit vous verser une pension alimentaire ne le fait pas, vous pouvez recourir à la procédure de recouvrement par le Trésor public des pensions alimentaires, sous certaines conditions.\nDe quoi s'agit-il ?\nCette procédure permet au comptable du Trésor public de recouvrer  la  pension alimentaire impayée à votre place, avec les mêmes procédures que pour le recouvrement des impôts.\nPour cela, le Trésor public peut se faire communiquer l'adresse de votre  débiteur  ou de son employeur par certains organismes, notamment :\nl'administration fiscale,\nla Sécurité sociale,\nles services départementaux des cartes grises des préfectures.\naprès un divorce ou une séparation de corps, le débiteur de la pension alimentaire est dans l'obligation de signaler à son  créancier  tout changement d'adresse sous peine de sanctions.\nQuelles sont les conditions ?\nVous pouvez recourir à cette procédure à 2 conditions :\nla  procédure de recouvrement que vous avez engagée a échoué ( paiement direct ,   saisie sur salaire  ou   saisie-vente )\net vous possédez un document (décision de justice devenue exécutoire, ou convention de divorce par consentement mutuel signée par les avocats et déposée chez un notaire).\nLe recouvrement par le Trésor public ne peut porter que sur l'arriéré dû pour une période de 6 mois.\nLa procédure est gratuite pour le créancier. Outre le montant de la dette de pension alimentaire, le débiteur sera redevable des frais de recouvrement (10 %) et des frais de poursuites au profit du Trésor Public.\nVous avez un délai de 5 ans pour engager une procédure de recouvrement par l'intermédiaire du Trésor public.\nComment faire la demande ?\nVous devez adresser une lettre recommandée avec accusé de réception  au  procureur de la République  du tribunal  dont dépend votre domicile.\nLe dossier doit comprendre les éléments suivants :\nCopie du jugement de divorce ou de l'ordonnance ou de la convention fixant la pension avec un justificatif de signification et un certificat de non-appel\nDocument établissant que l'une des procédures (saisie-vente, saisie sur salaire, paiement direct)  a échoué\nTous les renseignements possibles sur le  débiteur  : nom, adresse, profession, numéro de sécurité sociale, de banque, de caisse d'épargne, biens et revenus, adresse de votre employeur, ...,\nLettre de demande de recouvrement par le Trésor public au procureur de la République dûment signée, comportant le montant de la pension et l'arriéré dû.\nle débiteur peut contester la procédure auprès du procureur de la République par lettre simple.  Le recouvrement de la pension par le biais du Trésor public continue jusqu'à ce que le président du tribunal rende sa décision.\nPersonne tenue envers une autre d'exécuter une obligation (qui peut être le versement d'une somme d'argent)\nMagistrat à la tête du parquet (ou ministère public). Il est destinataire des plaintes et signalements. Il dirige les enquêtes, décide des poursuites et veille à l'application de la loi.\nPersonne à qui l'on doit de l'argent ou la fourniture d'une prestation",
    "link": "https://www.service-public.fr/particuliers/vosdroits/F1000",
    "arborescence": {
        "audience": "Particuliers",
        "theme": "Justice",
        "dossier": "Saisies et recouvrements",
        "sous_dossier": "Recouvrement d'impayés de pension alimentaire",
        "titre": "Pension alimentaire impayée : recouvrement par le Trésor public"
    }
}