{
    "text": "Transfert d'argent par mandat cash ou international : \n\n\nLe transfert d'argent liquide par mandat cash ou international permet de donner ou recevoir de l'argent pour une transaction non commerciale. Le transfert peut se faire vers l'étranger.\nDe quoi s'agit-il ?\nLe transfert d'argent par mandat cash ou international permet de donner ou de recevoir de l'argent en France et à l'étranger. Le transfert se fait directement avec une personne tierce  (par exemple, envoyer de l'argent à sa famille à l'étranger).\n\n Cette opération ne doit pas être liée à un échange commercial. \n\nContrairement au  virement , il est possible de recevoir le montant d'un mandat en liquide sans passer par un compte bancaire.\nLe mandat est plus particulièrement indiqué pour les personnes qui se trouvent dans une  des situations suivantes :\nabsence de compte bancaire,\nimpossibilité de produire un justificatif de domicile,\nabsence   d'autre moyen de paiement (virement, carte bancaire ou chèque).\nun mineur ne peut pas envoyer de mandat.\nEnvoi d'un mandat\nLe mandat peut être envoyé depuis une agence ou par internet.\nDepuis une agence\nSi vous souhaitez envoyer de l'argent par mandat, vous pouvez vous rendre dans un bureau de change proposant le service.\nIl existe également des agences spécialisées dans ce type de transaction notamment pour les mandats vers l'étranger.\nVous devez remplir  un formulaire contenant les informations et les coordonnées vous concernant, ainsi que celles du bénéficiaire.\nAfin de sécuriser la transaction, certains formulaires prévoient une question secrète, dont la réponse est à donner au bénéficiaire pour débloquer l'argent.\nVous remettez au guichet ce formulaire, après y avoir inscrit le montant à transférer.\nVous réglez le montant de votre transfert, les  frais de dossier et, éventuellement, les frais de change. Vous conservez une copie du formulaire.\nVous  communiquez ensuite au bénéficiaire\nle montant,\nles coordonnées du mandat\net, si besoin, la réponse à la question secrète.\nL'opérateur peut fixer un montant maximum en fonction du pays d'envoi ou de réception.\nEn ligne\nVous pouvez effectuer le transfert d'argent à partir de l'espace sécurisé du site d'un prestataire proposant des mandats.\nL'opérateur peut fixer un montant maximum en fonction du pays d'envoi ou de réception.\nRéception d'un mandat\nVous pouvez retirer le mandat en espèces en agence ou le verser directement sur votre compte.\nRetrait en agence\nVous devez vous rendre au guichet d'un bureau de change appartenant au réseau utilisé par l'expéditeur du mandat.\nVous devez\nprésenter une pièce d'identité\net donner les références du mandat que vous a communiquées l'expéditeur.\nDes questions dont les réponses vous auront été données par l'expéditeur peuvent vous être posées.\nVous recevez ensuite en espèces le montant du mandat. Si le mandat a été envoyé depuis un autre pays, la somme est convertie en monnaie locale.\nUn mineur de plus de 16 ans peut retirer un mandat en espèces sans autorisation parentale. Un mineur de moins de 16 ans ne peut pas toucher de mandat.\nsi le montant est  élevé, le guichet peut demander à être prévenu  1 ou 2 jours avant de remettre les espèces.\nVersement sur un compte\nVous pouvez percevoir le mandat par  versement    sur votre compte bancaire.\nPour cela, il faut que l'expéditeur du mandat ait\nindiqué qu'il souhaitait faire un mandat de versement sur compte\net fourni les références de votre compte.\nVous n'avez ni à vous déplacer jusqu'à un guichet, ni à prouver votre qualité de bénéficiaire.\nUn mineur de plus de 16 ans peut bénéficier de ce type de mandat et retirer seul l'argent de son compte bancaire. Un mineur de moins de 16 ans doit avoir  l'autorisation de ses parents  pour retirer de l'argent de son compte bancaire.\nCoût\nLe coût varie suivant les prestataires et les options choisies.\nIl est souvent payé par l'expéditeur, y compris en cas d'opérations de change.\nVous pouvez comparer les  offres de prestation pour les transferts d'argent depuis la France vers l'étranger :\nPermet de comparer les services et tarifs offerts pour les transferts d'argent depuis la France vers plus de 25 pays : Algérie, Bénin, Brésil, Burkina Faso, Cameroun, Chine, Congo, Côte d'Ivoire, Gabon, Mali, Maroc, Sénégal, Sri Lanka, Tunisie, Turquie,Vietnam....",
    "link": "https://www.service-public.fr/particuliers/vosdroits/F10006",
    "arborescence": {
        "audience": "Particuliers",
        "theme": "Argent",
        "dossier": "Opérations bancaires",
        "sous_dossier": "",
        "titre": "Transfert d'argent par mandat cash ou international"
    }
}