{
    "text": "Que faire en cas de difficultés pour payer son loyer ? : \n\n\nEn cas de difficultés pour payer votre loyer, vous devez tenter de trouver une solution à l'amiable avec votre propriétaire. Des aides sociales peuvent vous être accordées, sous certaines conditions. En cas de grandes difficultés financières, le dépôt d'un dossier de surendettement peut être possible.\nContacter le propriétaire bailleur\nVous pouvez essayer de trouver une solution à l'amiable avec votre propriétaire. Vous pouvez par exemple lui demander de vous accorder  un délai supplémentaire pour payer votre loyer.\nSi vous et votre propriétaire avez du mal à vous parler, vous pouvez faire appel  (gratuitement) à un  conciliateur de justice  pour qu'il vous aide à trouver ensemble la meilleure solution à votre  litige.\nsi votre propriétaire a engagé une procédure à votre encontre (envoi d'un commandement de payer ou d'une assignation en justice), vous avez des   délais pour agir .\nFaire une demande d'aides sociales\nAides de la Caf ou de la MSA\nVous pouvez vous adresser à la  Caf  ou de la  MSA  :\npour déposer    une demande d'allocation logement  si vous n'en  touchez pas\nou pour déclarer  votre  changement de situation  (dans le cas d'un divorce par exemple), si vous touchez déjà des allocations logement.\nen cas de loyers impayés,  l'aide au logement peut être maintenue  pour alléger une dette de loyer et éviter ainsi l'expulsion.\nAides d'action logement\nLe salarié, ou préretraité ou demandeur d'emploi dont le dernier employeur était une entreprise du secteur privé non agricole de 10 salariés et plus, peut demander :\nl'allègement des charges de logement \n\n (prêt sans intérêt  pouvant financer les échéances de loyer nettes des aides au logement et les charges),\nl'aide sur quittance \n\n (subvention pouvant financer les échéances de loyer, charges, redevance ou indemnités d'occupation).\nCes aides sont accordées dans le cadre d'un  accompagnement social réalisé par Action logement \n\n (service gratuit et confidentiel).\nAction logement propose de  nouvelles aides au logement \n\n pour les salariés, demandeurs d'emploi et saisonniers agricoles suite à la crise sanitaire (covid-19).\nAutres aides et accompagnement social\nPour connaître les autres aides sociales auxquelles vous pourriez avoir droit ( Fonds de solidarité pour le logement (FSL) , ...), vous pouvez contacter un travailleur social (assistante sociale, conseillère en économie sociale et familiale, ...).\nIl est possible d'en rencontrer, selon les cas :\nau centre communal d'action sociale (ou service social) de votre mairie\ndans un   Point conseil budget \n\n\nCe travailleur social pourra également vous proposer un  accompagnement social , c'est-à-dire vous suivre pour résoudre vos difficultés.\nDéposer un dossier de surendettement\nSi vos difficultés pour payer le loyer s'ajoutent à une dette impayée, vous pouvez déposer un  dossier de surendettement .\nService d'accompagnement, de conseils et de prévention en cas de risques d'expulsions liées aux situations d'impayés de loyers. Ce service s'adresse aussi bien au bailleur qu'au locataire. \nPar téléphone\n\n\t\t\t 0 805 160 075  \nNuméro vert : appel et service gratuit, depuis un téléphone fixe ou mobile\nCaisse d'allocations familiales\nMutualité sociale agricole",
    "link": "https://www.service-public.fr/particuliers/vosdroits/F1008",
    "arborescence": {
        "audience": "Particuliers",
        "theme": "Logement",
        "dossier": "Location immobilière : loyer",
        "sous_dossier": "",
        "titre": "Que faire en cas de difficultés pour payer son loyer ?"
    }
}