{
    "text": "Assuré polypensionné : quelles démarches effectuer pour demander sa retraite ? : \n\n\nSi vous avez travaillé sous différents statuts (salarié dans le secteur privé, secteur agricole, fonction publique, indépendant, profession libérale, régimes spéciaux, ...), vous devez  demander votre retraite à chaque caisse à laquelle vous avez cotisé.\nChacune de ces caisses vous versera une pension de retraite.\nCes demandes doivent être adressées aux  caisses de retraite de base et aux caisses de retraite complémentaire .\nLes délais d'instruction de la demande varient selon les caisses. Par exemple, il faut compter au moins 4 mois avant la date de départ à la retraite envisagée pour un salarié et 6 mois dans la fonction publique.\nToutefois, vous pouvez faire une seule demande et percevoir une seule pension dans le cadre du  dispositif de  liquidation unique des retraites (Lura) . Vous bénéficiez de ce dispositif si vous êtes né(e) à partir de 1953 et si vous avez cotisé à au moins 2 des régimes de base suivants :\nAssurance retraite du régime général de la Sécurité sociale\nSécurité sociale des indépendants\n\n MSA .\nVous pouvez également faire une demande unique de retraite si vous avez cotisé auprès des régimes suivants :\nAssurance retraite du régime général de la Sécurité sociale\n\n MSA \n\nSécurité sociale indépendants\nCaisse d'assurance vieillesse invalidité et maladie des cultes - Cavimac.\nce formulaire ne permet pas de demander sa retraite auprès des caisses de retraites complémentaires.\nMutualité sociale agricole",
    "link": "https://www.service-public.fr/particuliers/vosdroits/F10008",
    "arborescence": {
        "audience": "Particuliers",
        "theme": "Travail",
        "dossier": "Retraite d'un salarié du secteur privé",
        "sous_dossier": "",
        "titre": "Assuré polypensionné : quelles démarches effectuer pour demander sa retraite ?"
    }
}