{
    "text": "Rupture du contrat de travail à durée indéterminée (CDI) : \n\n\nLe CDI peut être rompu à tout moment, à l'initiative de l'employeur ou du salarié ou d'un commun accord par une rupture conventionnelle. Dans tous les cas, certains documents doivent être remis au salarié à la fin du contrat de travail (certificat de travail, attestation Pôle emploi, solde de tout compte récapitulatif des dispositifs d'épargne salariale).\nRupture à l'initiative de l'employeur\nL'employeur peut rompre le contrat de travail qui le lie à un salarié dans l'une des situations suivantes :\nPendant la  période d'essai  sans motif particulier\n\n Licenciement économique \n\n\n Licenciement pour motif personnel \n\n\n Mise à la retraite d'office \n\nEn cas de  force majeure \n\nL'employeur doit remettre au salarié les documents suivants :\n\n Certificat de travail \n\n\n Attestation Pôle emploi \n\n\n Solde de tout compte \n\nEn cas de dispositifs de participation, d'intéressement et des plans d'épargne salariale au sein de l'entreprise, état récapitulatif de l'ensemble des sommes et valeurs mobilières épargnées\nRupture à l'initiative du salarié\nLe salarié peut mettre fin à son contrat de travail dans les cas suivants :\nDans le cadre d'une rupture volontaire du contrat de travail par le salarié\nPendant la  période d'essai  sans motif particulier\nEn cas de  départ volontaire à la retraite \n\nDans le cadre d'une  résiliation judiciaire \n\nDans le cadre d'une  prise d'acte \n\nL'employeur doit remettre au salarié les documents suivants :\n\n Certificat de travail \n\n\n Attestation Pôle emploi \n\n\n Solde de tout compte \n\nEn cas de dispositifs de participation, d'intéressement et des plans d'épargne salariale au sein de l'entreprise, état récapitulatif de l'ensemble des sommes et valeurs mobilières épargnées\nRupture d'un commun accord\nSalarié et employeur peuvent convenir ensemble de mettre un terme à leur relation contractuelle en signant une  rupture conventionnelle .\nL'employeur doit remettre au salarié les documents suivants :\n\n Certificat de travail \n\n\n Attestation Pôle emploi \n\n\n Solde de tout compte \n\nEn cas de dispositifs de participation, d'intéressement et des plans d'épargne salariale au sein de l'entreprise, état récapitulatif de l'ensemble des sommes et valeurs mobilières épargnées",
    "link": "https://www.service-public.fr/particuliers/vosdroits/F10033",
    "arborescence": {
        "audience": "Particuliers",
        "theme": "Travail",
        "dossier": "Contrats de travail dans le secteur privé",
        "sous_dossier": "Contrat à durée indéterminée (CDI)",
        "titre": "Rupture du contrat de travail à durée indéterminée (CDI)"
    }
}