{
    "text": "Diplômes professionnels (BEP, CAP...) : \n\n\n\n\t\t\tLa voie professionnelle est accessible après le collège. Elle permet de suivre des formations diplômantes par la voie scolaire, dans un lycée professionnel, ou  par la voie de l'alternance.",
    "link": "https://www.service-public.fr/particuliers/vosdroits/F10041",
    "arborescence": {
        "audience": "Particuliers",
        "theme": "Famille",
        "dossier": "Diplômes",
        "sous_dossier": "",
        "titre": "Diplômes professionnels (BEP, CAP...)"
    }
}