{
    "text": "Pension alimentaire impayée : recouvrement par la Caf ou la MSA : \n\n\nLorsqu'un parent  ne verse pas la pension alimentaire due à ses enfants ( parent  \n débiteur ), l'autre parent ( parent  \n créancier ) peut demander à la  Caf  (ou la  MSA   s'il dépend du régime agricole), de se charger du  recouvrement des impayés. Le  parent créancier  percevra, sous certaines conditions,    l'allocation de soutien familial (ASF) ,  à titre d'avance sur la récupération des sommes dues. Ce dispositif est appelé  garantie  contre les impayés de pension alimentaire .\nConditions\nVous avez un titre exécutoire (jugement, convention, acte notarié)\nPour demander le  recouvrement par la Caf (ou la MSA) et percevoir l'ASF, il faut répondre aux conditions suivantes :\nPosséder un titre exécutoire fixant la pension alimentaire\nL'enfant ou les enfants sont considérés à votre charge par la Caf (ou la MSA si vous relevez du régime agricole)\nLe  parent débiteur  ne verse pas (ou verse uniquement en partie) la pension alimentaire depuis au moins 1 mois.\nla Caf (ou la MSA) peut réclamer au  parent débiteur  les pensions alimentaires impayées au cours des 2 années précédant   la date à laquelle le  parent créancier  lui a demandé d'agir.\nVous n'avez pas de titre exécutoire\nSi vous n'avez pas de titre exécutoire (jugement, convention, acte notarié) ou de  titre exécutoire de la Caf ou de la CMSA \n\n, vous pouvez demander  le recouvrement par la Caf (ou la MSA) et percevoir l'ASF, à la condition :\nque l'enfant ou les  enfants soient    considérés à votre  charge  par la  Caf  (ou la  MSA  si vous relevez du régime agricole),\net que le  parent débiteur  ne participe plus à l'entretien de l'enfant depuis au moins 1 mois, si la pension alimentaire n'a pas encore été fixée.\nL'ASF vous sera  versée pendant 4 mois. Après ce délai, l'ASF sera  maintenue si vous  apportez la preuve que vous avez   engagé :\nune action auprès du juge aux affaires familiales du tribunal de votre domicile, afin de faire fixer une pension alimentaire si vous n'avez aucune décision de justice,\nune action en révision de la décision de justice auprès du juge aux affaires familiales du tribunal  de votre domicile, si vous avez une décision de justice ne fixant pas de pension alimentaire.\nDémarche\nVous devez adresser  à la  Caf  (ou à la   MSA , s'il dépend du régime agricole) le   formulaire de demande d'allocation de soutien familial (ASF) :\nPour accomplir cette démarche, vous pouvez demander de l'aide auprès de  l'Agence de recouvrement des impayés de pensions alimentaires :\nRecouvrement\nAprès une phase amiable auprès du  parent débiteur , la Caf ou la MSA peut  directement récupérer le montant de votre pension alimentaire à venir ou les arriérés sur les 24 derniers mois auprès de son employeur ou d'un tiers (Pôle emploi, banque, ...).\nLorsque  la Caf (ou la MSA) obtient  le remboursement des  impayés,  elle vous verse alors le montant des  pensions récupérées, en déduisant de ce montant les sommes  d' ASF  versées.\nLorsqu'un parent  ne verse pas la pension alimentaire due à ses enfants ( parent  débiteur \n ), l'autre parent ( parent  créancier \n ) peut demander à la  Caf   (ou la  MSA   s'il dépend du régime agricole), de se charger du  recouvrement des impayés.  Ce dispositif est appelé  garantie  contre les impayés de pension alimentaire .\nConditions à remplir\nToutes ces conditions  doivent être réunies :\nle  parent  \n créancier  doit justifier d'un document (décision de justice, convention ou acte notarié)  fixant une  pension alimentaire ,\nle  parent  \n débiteur  ne verse pas  (ou verse uniquement en partie) la pension alimentaire depuis au moins 1 mois,\nles enfants doivent être considérés comme étant à la charge du  parent créancier  par la  Caf  ou la  MSA ,\nle  parent créancier  a déjà entrepris une autre démarche de recouvrement (exemple : procédure de \"paiement direct\", ...) qui s'est soldée par un échec.\nla Caf (ou la MSA) peut réclamer au  parent débiteur  les pensions alimentaires impayées au cours des 2 années précédant   la date à laquelle le  parent créancier  lui a demandé d'agir.\nDémarche\nVous devez  adresser  à la  Caf  (ou à la  MSA  si vous dépendez du régime agricole) le formulaire de demande d'aide au recouvrement des pensions alimentaires :\nPour accomplir cette démarche, vous pouvez  demander de l'aide auprès de  l'Agence de recouvrement des impayés de pensions alimentaires.\nProcédure de recouvrement\nAvec votre accord écrit, la Caf (ou la MSA) entreprend une démarche  amiable. Si cette démarche échoue, dans le délai d'1 mois, la Caf (ou la MSA) engage la procédure de recouvrement. \nLa Caf vous versera au fur et à mesure les pensions alimentaires récupérées.\nLes frais de procédure seront à la charge du  parent débiteur .\nA tout moment, vous pouvez demander à la Caf (ou la MSA) d'interrompre le recouvrement de la pension alimentaire.\nla procédure de recouvrement par la Caf (ou la MSA) est possible,  même si le  parent débiteur réside à l'étranger .\nPersonne tenue envers une autre d'exécuter une obligation (qui peut être le versement d'une somme d'argent)\nPersonne à qui l'on doit de l'argent ou la fourniture d'une prestation\nCaisse d'allocations familiales\nMutualité sociale agricole",
    "link": "https://www.service-public.fr/particuliers/vosdroits/F1002",
    "arborescence": {
        "audience": "Particuliers",
        "theme": "Justice",
        "dossier": "Saisies et recouvrements",
        "sous_dossier": "Recouvrement d'impayés de pension alimentaire",
        "titre": "Pension alimentaire impayée : recouvrement par la Caf ou la MSA"
    }
}