{
    "text": "Collège : diplôme national du brevet ou certificat de formation générale : \n\n\n\n\t\t\tÀ la fin de la scolarité au collège, les connaissances et les compétences acquises par le collégien sont évaluées. La réussite à cette évaluation permet d'obtenir, selon les cas, le diplôme national du brevet (DNB) ou le certificat de formation générale (CFG).\n\t\t",
    "link": "https://www.service-public.fr/particuliers/vosdroits/F10005",
    "arborescence": {
        "audience": "Particuliers",
        "theme": "Famille",
        "dossier": "Diplômes",
        "sous_dossier": "",
        "titre": "Collège : diplôme national du brevet ou certificat de formation générale"
    }
}