{
    "text": "Contrat adultes-relais : \n\n\nLe contrat adultes-relais permet à certaines personnes éloignées de l'emploi d'assurer des missions de médiation sociale et culturelle de proximité, dans le cadre d'un contrat d'insertion. Il faut également respecter des conditions d'âge et de résidence. L'employeur doit être une administration, une association ou une entreprise privée chargée de la gestion d'un service public.\nPersonnes concernées\nSalarié\nPour bénéficier d'un contrat adulte-relais, les conditions suivantes doivent être remplies : \navoir au moins 30 ans,\nrésider dans un  quartier prioritaire \n\n,\net être sans emploi ou bénéficier d'un  CUI-CAE .\nLe bénéficiaire d'un CUI-CAE doit le rompre pour signer un contrat adultes-relais.\nEmployeur\nLes contrats adultes-relais peuvent être proposés par :\nles collectivités locales (commune, regroupement de communes, département, région) et leurs établissements publics,\nles établissements scolaires publics (maternelle, école primaire, collège, lycée),\nles hôpitaux,\nles offices publics et organismes HLM,\nles associations,\nles personnes morales de droit privé chargées de la gestion d'un service public.\nMissions\nActivités concernées\nLes activités des adultes-relais consistent notamment à :\naccueillir, écouter, exercer toute activité qui concourt au lien social,\ninformer et accompagner les habitants dans leurs démarches, \nfaciliter le dialogue entre services publics et usagers (notamment entre parents et services accueillant leurs enfants),\naméliorer et préserver le cadre de vie, faciliter le dialogue entre les générations, renforcer la fonction parentale,\naider à la résolution des petits conflits de la vie quotidienne par la médiation et le dialogue,\nfaciliter le dialogue inter-générationnel, accompagner et renforcer la fonction parentale en soutenant les initiatives prises par les parents ou en leur faveur,\nrenforcer la vie associative, développer la capacité d'initiative et de projet dans le quartier et la ville.\nActivités interdites\nLes adultes-relais ne peuvent accomplir aucun acte ou fonction relevant :\ndu maintien de l'ordre public\nou du service à la personne (garde d'enfant, aide aux devoirs, assistance à domicile d'une personne âgée...).\nLes employeurs chargés d'un service public ne peuvent pas embaucher d'adultes-relais pour des missions relevant de leurs activités normales (gardiennage, entretien technique, assistance sociale...).\nNature du contrat\nSelon l'employeur, le contrat adultes-relais peut prendre la forme d'un :\n\n contrat à durée indéterminée (CDI) \n\nou   contrat à durée déterminée (CDD) , dans la limite d'une durée de  3  ans renouvelable  1  fois.\nEmployeur concerné\nNature du contrat adultes-relais\nCDD\nCDI\nCollectivité territoriale et ses établissements publics\nOui\nNon\nÉtablissement public industriel et commercial\nOui\nOui\nÉtablissement scolaire public\nOui\nNon\nHôpital\nOui\nNon\nOffice HLM\nOui\nOui\nAssociation\nOui\nOui\nSociété chargée de la gestion d'un service public\nOui\nOui\nQuelle que soit sa nature (CDD ou CDI), le contrat adultes-relais peut être conclu :\nà temps plein,\nou à temps partiel (au minimum à mi-temps).\nlorsqu'il prend la forme d'un CDD, le contrat comporte une période d'essai d'1 mois renouvelable 1 fois. \nRupture du contrat\nCDD\nLe contrat adulte-relais peut être rompu à chaque année à sa date anniversaire (date de signature) :\npar le salarié, avec un préavis de 2 semaines,\npar l'employeur, s'il justifie d'une cause réelle et sérieuse et en respectant le  préavis applicable en cas de licenciement .\nIndépendamment de cette possibilité le contrat adulte-relais est soumis aux règles habituelles de rupture anticipée du CDD. Ainsi le contrat peut être rompu en cas de faute grave, de force majeure ou d'inaptitude constatée par le médecin du travail. Il peut également être rompu à l'initiative du salarié, lorsque celui-ci justifie de la conclusion d'un CDI.\nCDI\nLa rupture du contrat obéit aux  règles générales .\nl'employeur qui rompt le contrat doit notifier la rupture par lettre recommandée avec accusé de réception. L'envoi du courrier doit être fait après un délai de 2 jours suivant la date de l'entretien préalable. ",
    "link": "https://www.service-public.fr/particuliers/vosdroits/F1019",
    "arborescence": {
        "audience": "Particuliers",
        "theme": "Travail",
        "dossier": "Contrats d'insertion",
        "sous_dossier": "",
        "titre": "Contrat adultes-relais"
    }
}