{
    "text": "Fermeture de l'entreprise pour congés annuels : le salarié est-il indemnisé ? : \n\n\nSi l'employeur décide de la fermeture de l'entreprise pour une période (exemple : mois d'août), vous êtes  indemnisé selon le nombre de jours de congés acquis.  Si nous n'avez  pas totalisé assez de jours de congés, Pôle emploi peut vous verser une aide. L'aide est versée sous conditions, selon votre situation avant votre embauche.\nSi vous possédez assez de jours de congés par rapport au nombre de jours de fermeture de l'entreprise pour congés, vous percevez  l'indemnité de congés payés  dans les conditions habituelles.\nSi vous n'avez pas assez de jours de congés payés pour être indemnisé durant l'intégralité de la fermeture de l'entreprise, Pôle emploi peut vous verser une aide financière pour congés non payés.\nCette aide est versée sous conditions, selon que vous perceviez ou pas  l'allocation d'aide au retour à l'emploi (ARE)   ou  l'allocation de solidarité spécifique (ASS)  avant votre embauche.\nVous perceviez l'ARE ou l'ASS avant votre recrutement\nPôle emploi peut vous verser  l'allocation d'aide au retour à l'emploi (ARE)  ou l'allocation de solidarité spécifique (ASS) si vous perceviez l'une de ces aides avant votre embauche.\nSi c'était le cas, vous devez faire une demande à l'agence Pôle emploi dont vous dépendiez en tant que demandeur d'emploi.\nLe montant de l'aide est calculé par Pôle emploi qui tient compte :\ndu nombre de jours de fermeture de l'entreprise\net des droits à congés payés acquis durant votre son nouvel emploi.\nVous ne perceviez pas l'ARE ou l'ASS avant votre recrutement\nVous pouvez demander à votre employeur de bénéficier de congés payés par anticipation. L'employeur n'est pas obligé d'accepter la prise de congés payés par anticipation, sauf  dispositions conventionnelles  prévues à cet effet.\nSi l'employeur refus le congé par anticipation, vous devez prendre un  congé sans solde .\nEn cas de fermeture de l'entreprise pour cause d'intempérie à caractère exceptionnel par exemple, vous pouvez bénéficier de  l'indemnité d'activité partielle , sous conditions.\nConvention collective, accord collectif, accord de branche, d'entreprise ou d'établissement applicables en droit du travail. Elles fixent les obligations et les droits de l'employeur et du salarié.",
    "link": "https://www.service-public.fr/particuliers/vosdroits/F1016",
    "arborescence": {
        "audience": "Particuliers",
        "theme": "Travail",
        "dossier": "Congés dans le secteur privé",
        "sous_dossier": "",
        "titre": "Fermeture de l'entreprise pour congés annuels : le salarié est-il indemnisé ?"
    }
}