{
    "text": "Allocation spécifique annuelle pour étudiant en difficulté : \n\n\nL'aide spécifique permet d'apporter une aide financière personnalisée à l'étudiant en difficulté. Elle peut vous être versée  si vous rencontrez des difficultés financières durables et que vous ne bénéficiez pas de la bourse d'enseignement sur critères sociaux.\nQui est concerné ?\nL'aide spécifique s'adresse aux étudiants ayant des difficultés financières.\nVous devez   avoir  moins de 35 ans au 1 er  septembre de l'année de formation pour laquelle vous la demandez.\nCette limite d'âge ne s'applique pas si vous êtes reconnu handicapé par la commission des droits et de l'autonomie des personnes handicapées (CDAPH).\nsi les difficultés  financières que vous rencontrez sont passagères, vous relevez plutôt de  l'aide ponctuelle .\nPour bénéficier de l'allocation annuelle, vous ne devez pas percevoir la  bourse sur critères sociaux (BCS). \n\nVous devez également suivre vos cours avec assiduité.\nAinsi, vous pouvez bénéficier de l'aide annuelle si vous êtes dans l'une des situations suivantes :\nVous avez plus de 28 ans et vous reprenez vos études.\nVous ne devez pas avoir de ressources supérieures au plafond prévu par le barème d'attribution des bourses sur critères sociaux. Contactez le service social du centre régional des œuvres universitaires et scolaires (Crous) dont vous dépendez.\nVous ne devez pas percevoir une autre aide (par exemple  allocations chômage ou le RSA).\nVous êtes français ou citoyen d'un autre pays de  l'Espace économique européen (EEE ) ou suisse, seul en France et si les revenus déclarés de votre famille résidant à l'étranger ne permettent pas d'apprécier votre droit à la bourse.\nVous êtes élevé par un membre de votre famille sans décision judiciaire (oncle, tante, grands-parents par exemple).\nVous êtes en situation de rupture familiale (après évaluation sociale de votre situation d'isolement et de précarité).\nVous êtes fiscalement indépendant et vous  ne bénéficiez plus du soutien matériel de vos parents. Vous devez disposer d'un domicile séparé de vos parents ou avoir une déclaration fiscale séparée. Vous devez justifier de salaires d'un montant annuel d'au moins  3 606,39 €   sur les 12 derniers mois précédant votre demande d'aide.\nla commission d'examen peut étudier des demandes non prévues si elles les jugent légitimes.\nDemande\nContactez le service social du centre régional des œuvres universitaires et scolaires (Crous) dont vous dépendez pour effectuer votre demande.\nLa demande d'aide d'urgence est examinée par une commission. La demande est présentée de façon anonyme.\nSi nécessaire, un entretien préalable peut avoir lieu avec un(e) assistant(e) social(e) du Crous. Il permet d'évaluer votre situation globale, au regard notamment de votre parcours universitaire et des difficultés que vous  rencontrez.\nAprès examen du dossier, la commission émet un avis d'attribution ou de refus d'attribution d'aide et propose au directeur du Crous un montant.\nLe directeur du Crous décide du montant final de l'aide.\nSi vous souhaitez contester une décision vous concernant, vous pouvez faire un recours gracieux auprès du directeur du Crous.\nVersement de l'aide\nL'aide annuelle est versée par le Crous pendant toute l'année universitaire.\nLe nombre des mensualités peut être réduit si la situation de l'étudiant le justifie, mais il est au minimum de 6.\nLe montant de l'aide correspond à  un des échelons 0 bis à 7 de la bourse sur critères sociaux, soit entre  1 032 €  et  5 679 €  par an.\nL'aide d'urgence annuelle donne droit à l'exonération des frais d'inscription à l'université.\nUne nouvelle aide annuelle peut être attribuée l'année suivante dans les mêmes conditions et dans la limite de 7 ans (sauf exceptions).\nCumul de l'aide\nL'aide d'urgence annuelle  n'est pas cumulable  avec une bourse sur critères sociaux, mais elle peut s'ajouter à :\nune  aide à la mobilité internationale ,\nune  aide au mérite .\nNuméro d'urgence\nLes étudiants rencontrant des difficultés financières graves peuvent obtenir des renseignements par téléphone sur les aides d'urgence.\nInformations sur les aides proposées et les démarches à effectuer pour obtenir un soutien financier\nPar téléphone\n\n 0 806 000 278 \n\nCoût d'un appel local depuis un poste fixe ou un mobile\nOuvert du lundi au vendredi de 9h à 17h\nAllemagne, Autriche, Belgique, Bulgarie, Chypre, Croatie, Danemark, Espagne, Estonie, Finlande, France, Grèce, Hongrie, Irlande, Islande, Italie, Lettonie, Liechtenstein, Lituanie, Luxembourg, Malte, Norvège, Pays-Bas, Pologne, Portugal, République tchèque, Roumanie, Slovaquie, Slovénie, Suède",
    "link": "https://www.service-public.fr/particuliers/vosdroits/F1024",
    "arborescence": {
        "audience": "Particuliers",
        "theme": "Famille",
        "dossier": "Bourses et aides pour étudiant",
        "sous_dossier": "Étudiant rencontrant des difficultés financières",
        "titre": "Allocation spécifique annuelle pour étudiant en difficulté"
    }
}