{
    "text": "Que se passe-t-il si on ne peut pas payer les frais d'hospitalisation ? : \n\n\nL'établissement hospitalier peut demander le paiement des frais d'hospitalisation\nà l'époux ou l'épouse du malade,\naux enfants (y compris gendre ou belle-fille) du malade,\nou aux assureurs des responsables de l'accident si la personne hospitalisée a été victime d'un accident.\n\n Auprès de l'époux ou épouse du malade \n\nCette action est possible même si les époux sont  séparés de fait ou de corps .\nSeul le divorce devenu définitif met fin à l'obligation de secours entre les époux.\n\n Auprès des enfants du malade \n\nLes enfants  peuvent participer au règlement de la dette hospitalière pour  l'obligation alimentaire .\nDe même, le gendre ou/et la belle-fille peuvent être amenés à contribuer aux frais d'hospitalisation de leurs beaux-parents sauf si leur époux ou épouse et les enfants du couple sont décédés, car le lien d'alliance n'existe plus. Cette obligation pour les gendres et belles-filles cesse également en cas de divorce.",
    "link": "https://www.service-public.fr/particuliers/vosdroits/F1020",
    "arborescence": {
        "audience": "Particuliers",
        "theme": "Social - Santé",
        "dossier": "Hospitalisation et soins à domicile",
        "sous_dossier": "",
        "titre": "Que se passe-t-il si on ne peut pas payer les frais d'hospitalisation ?"
    }
}