{
    "text": "Licence sportive (licence compétition ou loisir) : \n\n\nUne licence sportive permet de participer aux activités sportives et à la vie associative de la fédération sportive.   Un certificat médical est notamment nécessaire pour l'obtenir.\nDe quoi s'agit-il ?\nLa  licence sportive permet de participer aux activités organisées par la fédération sportive à laquelle  le  club est affilié, notamment les  compétitions .\nLe licencié est couvert par  l'assurance  obligatoire de  la fédération pour les dommages qu'il cause ou qu'un autre participant lui cause lors de ces activités.\nLa licence permet également de participer au fonctionnement de la fédération.\nLa licence est délivrée par une fédération sportive. Elle peut aussi être délivrée par un club au nom d'une fédération. Pour cela, le club doit être affilié à la fédération.\nSelon la fédération, il peut exister une licence \"compétition\",  une licence \"loisir\", une licence  \"dirigeant\", une licence \"arbitre\" :\nLa licence \"loisir\" permet de participer aux activités de fédération, à l'exception des compétitions.\nLa licence \"compétition\" permet de participer aux  compétitions  de la fédération.\nLes licences \"dirigeant\" et \"arbitre\" n'ouvrent pas droit à la pratique sportive.\n\n l'adhésion  à un club affilié à une fédération sportive ne vous permet pas de participer aux activités de la fédération sportive (notamment aux compétitions).\nObtenir une licence\nLicence \"compétition\"\nLa  licence \"compétition\" vous permet de participer aux compétitions organisées par la fédération sportive.\nPour obtenir une 1 ère  licence \"compétition\", vous devez  fournir un certificat médical daté de moins d'1 an à la date de la demande de la licence.\nLe certificat doit attester de l'absence de contre-indication à la pratique du sport ou de la discipline concernée en compétition.\nLicence \"loisir\"\nLa licence \"loisir\" vous permet de pratiquer votre sport dans un club sans avoir le droit de participer aux compétitions organisées par la fédération sportive.\nPour obtenir une 1 ère   licence \"loisir\",  vous devez fournir un certificat médical daté de moins d'1 an à la date de la demande de la licence.\nLe certificat doit attester de l'absence de contre-indication à la pratique du sport ou de la discipline concernée.\nLicence d'une fédération sportive scolaire\nEn principe, vous pouvez obtenir une licence dans une fédération sportive scolaire (UNSS, UGSEL, USEP) sans fournir de certificat médical.\nToutefois, certains sports imposent la présentation d'un certificat médical. Il s'agit des disciplines suivantes :\nAlpinisme\nPlongée subaquatique\nSpéléologie\nSports,  pratiqués en compétition, pour lesquels le combat peut prendre fin par K-O (boxe anglaise, kick boxing, savate, ...)\nSports comportant l'utilisation d'armes à feu ou à air comprimé (tir, ball-trap, biathlon)\nSports, pratiqués en compétition, comportant l'utilisation de véhicules, à l'exception du modélisme automobile radioguidé (sport-auto, karting et motocyclisme)\nSports  aéronautiques pratiqués en compétition, à l'exception de l'aéromodélisme (voltige aérienne, vol à voile, vol libre, ...)\nParachutisme\nRugby à XV, Rugby à XIII et Rugby à VII\nDans ce cas, vous devez fournir un certificat médical daté de moins d'1 an à la date de la demande de la licence. Le certificat doit attester de l'absence de contre-indication à la pratique du sport  concernée.\nRenouveler sa licence\nLe renouvellement de licence est le cas où vous souhaitez obtenir une nouvelle licence, sans discontinuité dans le temps avec la précédente, au sein de la même fédération.\nLes conditions de renouvellement des licences diffèrent selon la discipline pratiquée.\nDisciplines sportives à contraintes particulières\nIl s'agit des disciplines suivantes :\nAlpinisme\nPlongée subaquatique\nSpéléologie\nSports,  pratiqués en compétition, pour lesquels le combat peut prendre fin par K-O (boxe anglaise, kick boxing, savate, ...)\nSports comportant l'utilisation d'armes à feu ou à air comprimé (tir, ball-trap, biathlon)\nSports, pratiqués en compétition, comportant l'utilisation de véhicules, à l'exception du modélisme automobile radioguidé (sport-auto, karting et motocyclisme)\nSports  aéronautiques pratiqués en compétition, à l'exception de l'aéromodélisme (voltige aérienne, vol à voile, vol libre, ...)\nParachutisme\nRugby à XV, Rugby à XIII et Rugby à VII\nLa licence doit être renouvelée chaque année, généralement au début de la saison sportive. Les démarches se font  auprès du  club ou de la  fédération.\nPour renouveler votre licence, vous devez présenter un certificat médical datant de moins d'1 an à la date de la demande de la licence. Le certificat doit attester de l'absence de  contre-indication à la pratique de la discipline concernée,\nPour obtenir ce   certificat, vous devez effectuer un   examen médical spécifique \n\n.\nAutres disciplines sportives\nPour savoir s'il faut ou non fournir un certificat médical, vous devez préalablement répondre à un questionnaire de santé :\nPar courriel\nCMNCI@sports.gouv.fr",
    "link": "https://www.service-public.fr/particuliers/vosdroits/F1029",
    "arborescence": {
        "audience": "Particuliers",
        "theme": "Loisirs",
        "dossier": "Sport",
        "sous_dossier": "Pratique sportive",
        "titre": "Licence sportive (licence compétition ou loisir)"
    }
}