{
    "text": "L'hôpital est-il responsable d'un vol dans la chambre d'un patient ? : \n\n\nNon, sauf en cas de faute du personnel ou en cas de défaut dans l'organisation du service.\nEn dehors de ces cas, l'hôpital n'est responsable que des objets qui lui ont été confiés. C'est pourquoi il est recommandé de déposer vos objets de valeur (argent, moyens de paiement, papiers d'identité, bijoux...) auprès du service d'admission. Le service vous remettra un reçu.\nPour toute réclamation concernant le vol d'un de vos objets de valeur, il convient d'adresser une réclamation auprès de la direction de l'hôpital.\n\n\t\t\tLigne téléphonique créée par un collectif d'associations pour fournir des informations juridiques ou sociales liées à la santé\nPar téléphone\n\n\t\t\t 01 53 62 40 30 \n\nPrix d'un appel local\nService ouvert :\nles lundi, mercredi et vendredi de 14h à 18h,\nles mardi et jeudi de 14h à 20h",
    "link": "https://www.service-public.fr/particuliers/vosdroits/F1021",
    "arborescence": {
        "audience": "Particuliers",
        "theme": "Social - Santé",
        "dossier": "Hospitalisation et soins à domicile",
        "sous_dossier": "",
        "titre": "L'hôpital est-il responsable d'un vol dans la chambre d'un patient ?"
    }
}