{
    "text": "Un certificat médical est-il obligatoire pour faire du sport ? : \n\n\nL'obligation de présenter un certificat médical  dépend avant tout de la façon dont vous pratiquez ce sport :  au sein d'un club affilié à une fédération sportive ou non, ou en milieu scolaire.\nNon affiliée à une fédération sportive\nIl est possible que l'on vous demande de fournir un certificat médical attestant de l'absence de contre-indication à la pratique du sport ou de la discipline concernée.\nCe n'est pas une obligation légale, mais une condition liée au règlement du club. La fréquence de renouvellement sera donc définie par le règlement interne de cette structure.\nAffiliée à une fédération sportive\nVous n'avez jamais eu cette licence\nPour l'obtenir, vous devez présenter un certificat médical :\nattestant de l'absence de contre-indication à la pratique du sport ou de la discipline concernée,\net datant de moins d'1 an à la date de la demande de la licence.\nVous voulez renouveler votre licence\nPour savoir s'il faut ou non fournir un certificat médical, vous devez préalablement répondre à un questionnaire de santé :\nSi vous souhaitez participer à une compétition sportive, les modalités d'inscription diffèrent selon l'organisme organisateur : fédération reconnue par le ministère des sports ou autres organismes (mairie, association).\nCompétition d'une fédération sportive\nSi vous souhaitez participer à une compétition sportive  organisée par une fédération reconnue par le ministère des sports, vous pouvez vous adresser directement à l'organisateur ou à la fédération pour :\nlui présenter  un certificat médical d'absence de contre-indication à la pratique du sport ou de la discipline concerné en compétition datant de moins d'un an, si cette compétition est ouverte aux sportifs sans licence (ou sportifs  non licenciés ). Par exemple : vous n'avez pas  de  licence et vous  participez à un semi-marathon ;\n\n obtenir la licence compétition   si cette compétition est réservée aux sportifs ayant une licence. Par exemple : vous avez une licence compétition de la fédération française d'athlétisme et vous  participez à un semi-marathon.\nCompétition d'autres organisateurs (mairie, association)\nSi vous souhaitez participer à une compétition (ou simple activité, par exemple : randonnée) organisée par une mairie ou une association, les organisateurs peuvent exiger un  certificat  médical pour avoir le droit de vous inscrire.\nCours obligatoires d'éducation physique et sportive (EPS)\nUn établissement  scolaire ne peut pas exiger un certificat médical pour suivre les cours obligatoires d'éducation physique et sportive (EPS).\nEn revanche, il peut  demander un certificat médical d'inaptitude (totale ou partielle) à tout élève voulant être dispensé de  cours d'EPS.\nActivités sportives facultatives au collège et lycée\nCas général\nPour obtenir ou renouveler une licence d'une fédération sportive scolaire (UNSS, UGSEL, USEP), vous n'avez pas à  présenter  de certificat médical.\nSports à contraintes particulières\nCertains sports font l'objet d'exigences particulières en matière de sécurité :\nAlpinisme\nPlongée subaquatique\nSpéléologie\nSports,  pratiqués en compétition, pour lesquels le combat peut prendre fin par K-O (boxe anglaise, kick boxing, savate, ...)\nSports comportant l'utilisation d'armes à feu ou à air comprimé (tir, ball-trap, biathlon)\nSports, pratiqués en compétition, comportant l'utilisation de véhicules, à l'exception du modélisme automobile radioguidé (sport-auto, karting et motocyclisme)\nSports  aéronautiques pratiqués en compétition, à l'exception de l'aéromodélisme (voltige aérienne, vol à voile, vol libre, ...)\nParachutisme\nRugby à XV, Rugby à XIII et Rugby à VII\nPour obtenir ou renouveler une licence d'une fédération sportive scolaire (UNSS, UGSEL, USEP) afin de  pratiquer l'une de ces disciplines sportives, vous devez présenter un certificat médical :\nde non contre-indication à la pratique de la discipline concernée,\net datant de moins d'1 an à la date de la demande de la licence.\nL'établissement de ce   certificat médical  nécessite d'effectuer un examen médical spécifique.\nPar courriel\nCMNCI@sports.gouv.fr",
    "link": "https://www.service-public.fr/particuliers/vosdroits/F1030",
    "arborescence": {
        "audience": "Particuliers",
        "theme": "Loisirs",
        "dossier": "Sport",
        "sous_dossier": "",
        "titre": "Un certificat médical est-il obligatoire pour faire du sport ?"
    }
}