{
    "text": "Quelle est la durée de validité d'un acte d'état civil ? : \n\n\nD'une façon générale, les pièces d'état civil (extraits et copies intégrales) sont valables quelle que soit leur date de délivrance.\nUn  acte de naissance , de  mariage  ou de  décès  demeure valable tant que les éléments qui y figurent n'ont pas été modifiés.\nCependant, pour les démarches les plus courantes, un acte de naissance récent est exigé.\nDémarche\nDate de délivrance de l'acte de naissance\nCarte nationale d'identité\n3 mois maximum\nPasseport\n3 mois maximum\nMariage\n3 mois maximum si le service qui délivre l'acte  est français\n6 mois maximum si le service qui délivre l'acte est étranger\nPacs\n3 mois maximum si le service qui délivre l'acte est français\n6 mois maximum si le service qui délivre l'acte est étranger",
    "link": "https://www.service-public.fr/particuliers/vosdroits/F10449",
    "arborescence": {
        "audience": "Particuliers",
        "theme": "Papiers - Citoyenneté",
        "dossier": "Actes d'état civil",
        "sous_dossier": "",
        "titre": "Quelle est la durée de validité d'un acte d'état civil ?"
    }
}