{
    "text": "Comment bénéficier d'un congé sans solde ? : \n\n\nLe salarié peut demander à son employeur à bénéficier d'un congé pour convenance personnelle, non rémunéré, appelé  congé sans solde . La convention ou l'accord collectif applicable à l'entreprise peut prévoir des dispositions concernant le congé sans solde. L'employeur n'a pas l'obligation légale d'accorder au salarié ce congé. À l'issue du congé, le salarié retrouve son précédent emploi ou un emploi similaire.\nDe quoi s'agit-il ?\nLe congé sans solde est un congé non rémunéré qui peut être pris par le salarié :\nsoit pour convenances personnelles,\nsoit pour des besoins professionnels (créer une nouvelle activité, par exemple)\n\n Ce congé n'est pas prévu par la législation .\nLe salarié peut  demander à bénéficier, s'il en remplit les conditions, d'un congé légal tel que le   congé sabbatique  ou le  congé pour création ou reprise d'entreprise .\nDemande de congé\nSi la convention ou un accord collectif prévoit des dispositions relatives au congé sans solde, le salarié et l'employeur doivent les respecter.\nEn l'absence de  dispositions conventionnelles  ou collectives, l'accord de l'employeur est indispensable. Il est préférable de rédiger un document écrit, qui servira de preuve en cas de litige. Ce document, cosigné par l'employeur et le salarié, peut prévoir les conditions suivantes :\nDates envisagées de début et de fin du congé\nPossibilité de renouveler le congé\nConditions de retour du salarié dans l'entreprise\nPendant le congé\nLe contrat de travail est  suspendu  durant le congé.\nLe salarié est libre de consacrer le temps du congé aux activités de son choix (activités personnelles ou professionnelles, éventuellement pour un autre employeur, sauf  clause de non-concurrence ).\nPendant le congé sans solde, la rémunération du salarié n'est pas maintenue.\nToutefois, le congé sans solde peut être rémunéré dans le cadre du  compte épargne-temps (CET) , sous conditions.\nÀ l'issue du congé\nÀ l'issue du congé, le salarié retrouve son précédent emploi ou un emploi similaire.\nConvention collective, accord collectif, accord de branche, d'entreprise ou d'établissement applicables en droit du travail. Elles fixent les obligations et les droits de l'employeur et du salarié.",
    "link": "https://www.service-public.fr/particuliers/vosdroits/F10431",
    "arborescence": {
        "audience": "Particuliers",
        "theme": "Travail",
        "dossier": "Congés dans le secteur privé",
        "sous_dossier": "",
        "titre": "Comment bénéficier d'un congé sans solde ?"
    }
}