{
    "text": "Divorce, séparation : un enfant mineur peut-il être entendu par le juge ? : \n\n\nOui, l'enfant  capable de discernement ,  peut être entendu dans le cadre d'une procédure de divorce ou de séparation. Il est informé de son droit par les titulaires de l'autorité parentale. La demande peut être formulée par le juge, les parties ou l'enfant. Le mineur est informé qu'il peut être entendu seul, avec un avocat ou une personne de son choix. Le juge entend l'enfant lui-même ou désigne une personne pour réaliser  l'audition.\nEnfants concernés\nL'enfant peut être entendu dans le cadre d'une procédure de divorce (ou de séparation). Il n'y a pas d'âge minimum pour être entendu.\nLe mineur doit être informé par les titulaires de l'autorité parentale (parent, tuteur) de son droit à être entendu. Le juge aux affaires familiales (Jaf) doit vérifier que le mineur a bien été informé de son droit. Cette information doit figurer dans la décision motivée rendue par le juge.\nSeul l'enfant  capable de discernement  est susceptible d'être entendu. Sa maturité, son degré de compréhension, sa faculté personnelle d'apprécier les situations, sa capacité à exprimer un avis réfléchi, sont des éléments démontrant ce discernement.\nDemande d'audition\nLa demande d'audition peut être présentée au  JAF  en charge du procès, à n'importe quel moment de la procédure de divorce (ou de séparation) ou ordonnée par le juge lui-même.\nDemande formulée par l'enfant\nL'enfant, ou son représentant, adresse sa demande par simple lettre au juge.\nLe juge peut refuser d'auditionner le mineur :\nen cas d'absence de discernement de l'enfant ;\nou si  la procédure ne le concerne pas.\nEn cas de refus, il en informe le mineur. Les motifs du refus sont mentionnés dans la décision du juge.\nLa demande d'audition formée par le mineur n'est susceptible d'aucun recours.\nDemande formulée par les parents\nLes parents (l'un ou l'autre, ou les deux) peuvent demander par lettre simple adressée au juge qu'un enfant soit entendu. Ce dernier peut refuser la demande s'il estime que :\nl'audition n'est pas nécessaire à la solution du litige ;\nou si l'audition lui parait contraire aux intérêts de l'enfant.\nEn cas de refus, il en informe les parents.\nLorsque le mineur refuse d'être entendu, le juge prend acte des raisons de ce refus.\nLes motifs du refus sont mentionnés dans la décision du juge.\nDemande formulée par le juge\nL'audition peut être ordonnée par le  JAF  afin notamment :\nde fixer la résidence de l'enfant ;\nde mettre en place un  droit de visite  pour l'un des parents ;\nd'organiser une résidence alternée lors d'une  ordonnance de non-conciliation .\nConvocation de l'enfant\nLors de la procédure de divorce ou de séparation, l'enfant est convoqué par lettre simple. Il est informé qu'il peut être entendu\nseul\nou avec un avocat\nou une personne de son choix.\nSi le choix de la personne n'apparaît pas conforme à l'intérêt du mineur, le juge peut procéder à la désignation d'une autre personne.\nComment se passe l'audition ?\nLes parties sont prévenues du déroulement de l'audition.\nLe mineur ayant choisi d'être entendu avec un avocat peut bénéficier de   l'aide juridictionnelle .\nSi le mineur demande à être entendu avec un avocat et s'il n'a pas déjà choisi un avocat, le juge demande la désignation d'un avocat pour assister l'enfant.\nLe rôle de l'avocat est d'aider l'enfant à exprimer ses sentiments, de lui apporter une aide morale et psychologique.\nSi plusieurs juges statuent sur le litige, l'un d'eux peut procéder à l'audition de l'enfant et en rendre compte à l'ensemble des juges.\nL'organisation de l'audition du mineur peut être modifiée par le juge.\nL'audition a lieu dans le bureau du juge. Le juge entend l'enfant lui-même ou désigne une personne pour réaliser son audition. Il peut s'agir d'une personne exerçant une activité dans le domaine social, psychologique ou médico-psychologique.\nLorsque le juge entend l'enfant mineur, il  n'est pas obligé de suivre son avis ou sa demande.\nLe juge doit préciser dans le jugement qu'il a tenu compte des sentiments exprimés par l'enfant. Il s'agit d'une condition de validité du jugement.\nUne fois l'audition passée, un compte rendu est réalisé. Il doit être communiqué à toutes les parties.\nL'enfant ne peut pas contester le jugement.\nDécision du juge aux affaires familiales constatant qu'il n'a pas pu mettre d'accord les époux dans une procédure de divorce. Elle autorise la poursuite de la procédure de divorce et fixe les mesures provisoires.\nQui peut exprimer un avis réfléchi grâce à sa maturité et son degré de compréhension\nJuge aux affaires familiales",
    "link": "https://www.service-public.fr/particuliers/vosdroits/F10479",
    "arborescence": {
        "audience": "Particuliers",
        "theme": "Famille",
        "dossier": "Divorce, séparation de corps",
        "sous_dossier": "",
        "titre": "Divorce, séparation : un enfant mineur peut-il être entendu par le juge ?"
    }
}