{
    "text": "Titulaire et cotitulaires du certificat d'immatriculation (ex-carte grise) : \n\n\nUn véhicule peut être immatriculé au nom d'un ou de plusieurs titulaires. Ces cotitulaires n'ont pas nécessairement de lien de parenté.\nPeut-on indiquer plusieurs noms sur le certificat ?\nOui, la carte grise, désormais appelée  certificat d'immatriculation , peut être établie au nom de plusieurs personnes, physiques ou morales.\nLe titulaire principal de la carte grise doit être détenteur du permis l'autorisant à conduire le  véhicule à immatriculer. Si ce n'est pas le cas, il faut désigner comme titulaire principal le détenteur du permis.\nLe nombre de cotitulaires apparaît sur la carte dans la rubrique C.4.1.\nLes indications telles que  Monsieur ,  Mademoiselle ,  Madame ,  Monsieur et Madame  ou  Monsieur ou Madame  ne peuvent plus apparaître sur la carte grise.\nQuels noms apparaissent sur la carte grise ?\nLes noms et prénoms de  chaque cotitulaire sont inscrits dans le  système d'immatriculation des véhicules (SIV) , mais n'apparaissent pas sur la carte grise.\nSeuls y figurent :\nle nom et le prénom du titulaire principal (rubrique C.1),\net le nombre de cotitulaires suivi par le nom du 1 er  cotitulaire  (rubrique C.4.1).\nLes cotitulaires doivent-ils avoir le même domicile ?\nNon, les cotitulaires ne sont pas obligés d'avoir la même adresse.\nLa carte grise indiquera uniquement l'adresse du titulaire principal.\nFaut-il avoir le permis de conduire pour immatriculer un véhicule à son nom ?\nOui, le titulaire principal de la carte grise doit être détenteur du permis l'autorisant à conduire le  véhicule à immatriculer. Si ce n'est pas le cas, il faut désigner comme titulaire principal le détenteur de ce permis.\nPar exemple, un mineur peut  être titulaire de la carte grise d'un 2 roues de moins de 50 cm 3  s'il dispose du  brevet de sécurité routière (BSR) , mais ne pourra pas être titulaire de la carte grise d'une voiture particulière.\nServeur vocal interactif national apportant des réponses automatisées concernant la carte grise, le permis de conduire, la carte nationale d'identité et le passeport. \nSi l'usager n'obtient pas la réponse à sa question relative à la carte grise ou au permis de conduire, il sera mis en relation avec un conseiller de l'Agence nationale des titres sécurisés (ANTS).\nPar téléphone\nDepuis la métropole :\n\n 34 00  (coût d'un appel local)\nDepuis l'outre-mer :\n\n 09 70 83 07 07 \n\nDepuis l'étranger :\n\n +33 9 70 83 07 07 \n",
    "link": "https://www.service-public.fr/particuliers/vosdroits/F10477",
    "arborescence": {
        "audience": "Particuliers",
        "theme": "Transports",
        "dossier": "Carte grise (certificat d'immatriculation)",
        "sous_dossier": "Titulaire du certificat et modification de sa situation",
        "titre": "Titulaire et cotitulaires du certificat d'immatriculation (ex-carte grise)"
    }
}