{
    "text": "Comment obtenir la copie d'un diplôme ? : \n\n\nEn cas de perte, de vol ou de sinistre,  vous pourrez obtenir  une attestation de réussite numérique ou papier s'il s'agit d'un diplôme de l'enseignement secondaire (par exemple : Brevet, Bac etc.). Vous pourrez obtenir une attestation numérique ou un duplicata papier  pour un diplôme d’enseignement supérieur (par exemple : licence, master etc.).\nVous pouvez demander une  attestation de réussite   si vous êtes  titulaire d'un  diplôme d'enseignement secondaire général, technologique ou professionnel .\nL'attestation de réussite  a une valeur officielle  et vous donne  les mêmes droits que l'original du diplôme.\nPour l'obtenir, les démarches à suivre sont différentes selon le lieu où vous avez obtenu le diplôme.\nCas général\nAttestation numérique\nLa demande s'effectue en ligne en utilisant le téléservice suivant :\nAttestation papier\nDe nombreuses académies disposent d'un formulaire propre pour faire cette demande. Vérifiez auprès du rectorat ou sur son site internet.\nSi l'académie ne dispose pas de formulaire, vous pouvez faire une demande par courrier, auprès de la  division des examens et concours  du rectorat d'académie où le diplôme a été délivré, en indiquant :\nVos nom et prénom(s)\nVotre date de naissance\nVotre  adresse\nL'intitulé exact de votre diplôme\nLe nom de l'établissement où il a été préparé\nLa série\nL'année d'obtention du diplôme.\nJoignez à votre demande une photocopie de votre pièce d'identité.\ncertaines académies réclament de joindre à votre demande des timbres ou une enveloppe timbrée pour vous envoyer l'attestation en retour. Vérifiez cette information sur le site du rectorat.\nEn Île-de-France\nAttestation numérique\nLa demande s'effectue en ligne en utilisant le téléservice suivant :\nAttestation papier\nVous devez faire votre demande d'attestation en ligne.\nDans un établissement français à l'étranger\nAttestation numérique\nLa demande s'effectue en ligne en utilisant le téléservice suivant :\nAttestation papier\nVérifiez auprès de  l'établissement la marche à suivre pour déposer  votre demande d'attestation de réussite.\nVous pouvez en général obtenir les coordonnées ici :\nLe délai pour recevoir l'attestation est variable.\nEn cas de perte, de vol ou de destruction, de votre diplôme d'enseignement supérieur, vous pouvez obtenir une attestation  numérique ou un duplicata du diplôme sous format papier.\nAttestation numérique\nLa demande s'effectue en ligne en utilisant le téléservice suivant :\nDuplicata papier\nEn cas de perte, de vol ou de destruction, de votre  diplôme d'enseignement supérieur , vous  pouvez demander à  l'établissement d'enseignement supérieur qui vous a délivré le diplôme original un   duplicata  de celui-ci.\nVous devrez présenter un document qui justifie votre demande, par exemple :\nRécépissé de dépôt de plainte de vol\nDéclaration de sinistre de votre assurance\nDéclaration sur l'honneur.\nLa mention  duplicata  doit apparaître sur le nouveau diplôme.\nLe duplicata a une valeur officielle et vous donne les mêmes droits que l'original du diplôme.\nContactez l'établissement qui vous a délivré le diplôme original pour connaître la marche à suivre afin d'obtenir ce duplicata.\nces démarches ne concernent pas le diplôme d'ingénieur qui a ses spécificités, il faut donc s'adresser à l'établissement qui a délivré le diplôme original.",
    "link": "https://www.service-public.fr/particuliers/vosdroits/F10492",
    "arborescence": {
        "audience": "Particuliers",
        "theme": "Famille",
        "dossier": "Diplômes",
        "sous_dossier": "",
        "titre": "Comment obtenir la copie d'un diplôme ?"
    }
}