{
    "text": "Doit-on encore verser une pension alimentaire à un enfant devenu majeur ? : \n\n\nLes parents ont l'obligation de fournir une aide matérielle à leur enfant majeur qui n'est pas en mesure de subvenir à ses besoins. Le montant de cette aide varie en fonction des ressources du parent  qui la verse et des besoins de l'enfant.\nLa pension versée à l'ex-conjoint peut être versée directement à l'enfant quand celui-ci devient majeur.\nIl faut alors saisir le juge aux affaires familiales (Jaf), à l'aide du formulaire cerfa n°11530. Cela permet d'obtenir un nouveau jugement prévoyant que la pension sera versée directement à l'enfant (en tout ou partie).\nEn quoi consiste l'obligation ?\nCette pension  comprend tout ce qui est nécessaire à la vie de l'enfant au quotidien (on parle d' obligation alimentaire ou d'aide alimentaire ). Elle peut aussi résulter de l'état de santé de l'enfant, le mettant dans l'incapacité de subvenir à ses besoins (maladie mentale, handicap physique...).\nElle peut être respectée en nature (par exemple : hébergement gratuit, nourriture) ou par une pension versée en espèces (en argent).\nQui assume cette obligation ?\nElle est supportée par les 2 parents  selon leurs ressources respectives.\nLes parents peuvent convenir, d'un commun accord,  de fixer cette obligation alimentaire.\nLe juge aux affaires familiales (Jaf) peut, également, être saisi par l'un des parents ou par l'enfant majeur. La demande peut être faite au moyen du formulaire cerfa n°11530.\nLe parent qui ne respecte pas cette obligation peut y être contraint par décision de justice.\nLes parents  qui prouvent qu'ils sont dans l'impossibilité matérielle de le faire peuvent ne pas respecter cette obligation.\nConséquences du non respect de l'obligation\nSanctions\nLe non versement de l'aide alimentaire est  un délit d'abandon de famille.\nCe délit est passible de peines pouvant aller jusqu'à 2 ans d’emprisonnement  et   15 000 €  d'amende.\nCelui qui ne reçoit pas l'aide doit  adresser une lettre  au  procureur de la République  du  tribunal dont dépend le domicile du parent  ou de l'enfant.\nRecours d'un tiers ayant subvenu aux besoins de l'enfant\nEn cas de non versement de l'aide alimentaire par un parent, le  tiers  ayant subvenu aux besoins de l'enfant peut se retourner contre le parent.\nCe tiers est le plus souvent :\nles services du département pour le recouvrement des sommes dues à l'aide sociale,\nles établissements publics de santé pour le recouvrement des frais d'hospitalisation.\nIl doit adresser une lettre au  procureur de la République  du  tribunal dont dépend le domicile du parent  ou de l'enfant. Une procédure amiable doit préalablement être tentée.\nPersonne étrangère à une affaire judiciaire\nMagistrat à la tête du parquet (ou ministère public). Il est destinataire des plaintes et signalements. Il dirige les enquêtes, décide des poursuites et veille à l'application de la loi.",
    "link": "https://www.service-public.fr/particuliers/vosdroits/F10435",
    "arborescence": {
        "audience": "Particuliers",
        "theme": "Famille",
        "dossier": "Séparation des parents",
        "sous_dossier": "",
        "titre": "Doit-on encore verser une pension alimentaire à un enfant devenu majeur ?"
    }
}