{
    "text": "Achat à distance : quelles informations avant la livraison ? : \n\n\nSi vous avez acheté un bien ou un service sur internet, par correspondance, par téléphone ou téléachat, le vendeur professionnel doit vous fournir la confirmation du contrat.\nLa confirmation du contrat doit se faire après la conclusion du contrat, au plus tard au moment de la livraison du bien ou avant le début de l'exécution du service. Cette confirmation doit être faite sur un   support durable .\nLe site internet du vendeur, les SMS, l'emballage du produit ne sont pas considérés comme des supports durables adaptés.\nLa confirmation du contrat doit contenir l'ensemble  des informations obligatoires  (caractéristiques essentielles, date ou délai de livraison, existence ou non du  droit de rétractation ...). Ces informations n'ont pas à être fournies si elles vous ont déjà été données sur un support durable.\nPour certains contrats, le droit de rétractation ne s'applique pas, mais l'information doit tout de même vous être communiquée.\nS'il s'agit d'un contenu numérique sans support matériel (streaming, vidéos à la demande, téléchargements...), le contrat doit également indiquer que vous avez bien demandé la fourniture avant la fin du délai de rétractation. Le contrat doit également indiquer que vous avez ainsi renoncé à exercer votre droit de rétractation.\nLe contrat doit être accompagné d'un formulaire type de rétractation.\nSupport permettant au client  de stocker des informations qui lui sont adressées personnellement, de les consulter pendant un temps déterminé, et de les reproduire à l'identique (par exemple : papier, mail, compte personnel sécurisé, clé USB, CD-ROM, DVD)",
    "link": "https://www.service-public.fr/particuliers/vosdroits/F10467",
    "arborescence": {
        "audience": "Particuliers",
        "theme": "Argent",
        "dossier": "Achat à distance",
        "sous_dossier": "",
        "titre": "Achat à distance : quelles informations avant la livraison ?"
    }
}