{
    "text": "Choix du nom de famille d'un enfant : nom de la mère, du père ou double-nom : \n\n\nLes parents peuvent choisir le nom que portera leur enfant sous certaines conditions. Ils doivent faire une   déclaration commune  avant ou après la déclaration de naissance. Le choix du nom  s'impose aux enfants suivants du couple.  Si les parents ne font pas de choix, les règles varient s'ils sont mariés ou pas.\nQuel nom peut-on donner à son enfant ?\nCas général\nUn enfant dont la  filiation  est établie à l'égard de chacun des parents peut porter les noms suivants :\nle nom du père,\nou le nom de la mère,\nou les 2 noms accolés, séparés par un simple espace, dans l'ordre choisi par les parents, et dans la limite d'un   nom de famille  pour chacun d'eux.\nExemple : si le nom du père est Dupond Durand et celui de la mère est Dupuis, l'enfant peut porter le nom de Dupond Dupuis, Durand Dupuis, Dupuis Dupond ou Dupuis Durand.\nun  nom composé existant avant 2005 est transmis intégralement. Un nom composé suite à une  adoption simple  est également indissociable et transmis intégralement. Exemple : si le nom du père est Ledru-Rollin et celui de la mère est Dupont, l'enfant peut porter le nom de Ledru-Rollin Dupont.\nL'un des parents est étranger\nUn enfant dont la  filiation  est établie à l'égard de chacun des parents peut porter les noms suivants :\nle nom du père,\nou le nom de la mère,\nou les 2 noms accolés, séparés par un simple espace, dans l'ordre choisi par les parents, et dans la limite d'un   nom de famille  pour chacun d'eux.\nsi le nom du ou des parents étrangers est constitué de plusieurs termes, il est considéré comme indivisible. Pour diviser le nom et n'en transmettre qu'une partie, vous devez fournir un certificat de coutume. Renseignez-vous auprès du consulat ou de l'ambassade du pays concerné.\nDémarche\nLes parents doivent faire une déclaration commune de choix du nom de famille.\nLa déclaration se fait sur le formulaire cerfa n°15286*01.\n\tLes parents signent tous les 2 le formulaire à la même date.\nLe formulaire doit être remis à l'officier de l'état civil avec la  déclaration de naissance .\nQuel nom porte l'enfant si les parents ne font pas de choix ?\nLes parents sont mariés ensemble\nSi les parents ne font pas de déclaration commune de choix du nom, l'enfant  prend \n\t\t\tle nom de son père.\nCette absence de choix équivaut à un choix et vaut également pour les enfants suivants du couple.\nen  cas de  désaccord entre les parents ,  l'enfant prend  le nom des 2 parents accolés par ordre alphabétique.\nLes parents ne sont pas mariés ensemble\nSi les parents ne font pas de déclaration commune de choix du nom,   l’enfant porte :\nle nom de celui qui l'a reconnu en premier,\nou  le nom de son père lorsqu'il a été reconnu en même temps par ses 2 parents.\nPar exemple, si le père reconnaît l'enfant après la déclaration de naissance, l'enfant prend le nom de sa mère.\nL'absence de choix équivaut à un choix et vaut également pour les enfants suivants du couple.\nen  cas de  désaccord entre les parents ,  l'enfant prend  le nom des 2 parents accolés par ordre alphabétique.\nConséquences du choix du nom\nLe choix du nom fait pour l'enfant s'impose aux enfants suivants dont la  filiation  est établie à l'égard des 2 mêmes parents lors de leur déclaration de naissance.\nToutefois, le couple qui a un  enfant né avant 2005 et qui n'a fait aucune démarche pour le nom de cet enfant (ajout ou changement de nom) peut choisir un nom différent pour l'enfant suivant.\nLe couple qui a un enfant né après 2005 pour lequel aucune déclaration n'a été faite (choix du nom, changement de nom) peut choisir un nom différent pour l'enfant suivant.\nNom qui figure sur l'acte de naissance (appelé aussi  nom de naissance  ou  nom patronymique )\nLien juridique entre un enfant et son père et/ou sa mère",
    "link": "https://www.service-public.fr/particuliers/vosdroits/F10505",
    "arborescence": {
        "audience": "Particuliers",
        "theme": "Papiers - Citoyenneté",
        "dossier": "Nom et prénom",
        "sous_dossier": "Choix à la naissance",
        "titre": "Choix du nom de famille d'un enfant : nom de la mère, du père ou double-nom"
    }
}