{
    "text": "Peut-on verser directement la pension alimentaire à son enfant devenu majeur ? : \n\n\nOui. Lorsque l'enfant devient majeur et s'il ne vit plus chez son parent, le juge aux affaires familiales (Jaf) peut décider que la pension alimentaire lui soit versée directement en tout ou partie.\nQuand l'enfant vit chez son parent (père ou mère), la pension alimentaire est en général versée au parent qui l'héberge et qui assure son entretien et son éducation.\nLe Jaf peut être saisi par les parents pour homologuer leur accord sur le mode de paiement de la pension alimentaire, c'est-à-dire donner à l'accord la force contraignante d'un jugement (\" titre exécutoire \"). Dans ce cas, l'enfant majeur doit donner son accord.\nLe Jaf peut également être saisi par l'enfant majeur lui-même.\nÉcrit permettant au créancier d'obtenir le recouvrement forcé de sa créance (saisie des biens)",
    "link": "https://www.service-public.fr/particuliers/vosdroits/F10508",
    "arborescence": {
        "audience": "Particuliers",
        "theme": "Famille",
        "dossier": "Séparation des parents",
        "sous_dossier": "",
        "titre": "Peut-on verser directement la pension alimentaire à son enfant devenu majeur ?"
    }
}