{
    "text": "Immatriculation des tracteurs et des véhicules agricoles : \n\n\nTous les engins agricoles doivent être immatriculés, qu'ils appartiennent à un particulier ou qu'ils soient rattachés à une exploitation.\nDe quoi s'agit-il ?\nUn engin agricole et forestier doit être obligatoirement  immatriculé comme les autres véhicules .\nCette obligation concerne tous les matériels agricoles roulants :\nTracteur agricole (TRA) à roues ou à chenilles \nMachine  automotrice genre agricole (MAGA), par exemple une moissonneuse batteuse \nVéhicule agricole remorqué (REA) dont le  PTAC   est supérieur à 1,5 tonne. Il s'agit des catégories R (remorque et semi-remorque : benne, plateau, porte outils, etc.) et S (machine et instrument agraire remorqué : pulvérisateur, rouleau, semoir semi porté par exemple).\nCependant, les obligations diffèrent selon 2 critères :\nLe véhicule appartient à un particulier ou est rattaché à une exploitation agricole, forestière ou à une coopérative d'utilisation de matériel agricole (Cuma)\nLe  PTAC  du véhicule ou de la remorque\nLa  plaque du constructeur  doit porter de manière apparente le nom de celui-ci ou sa marque ou le symbole qui l'identifie, le type, le numéro d'ordre dans la série du type et les caractéristiques de poids du véhicule.\nSi le véhicule ou matériel agricole a un  PTAC  supérieur à 1,5 tonne, la plaque de constructeur doit aussi comporter l'adresse du constructeur.\nles véhicules agricoles, comme tout véhicule automoteur, et la remorque, même non attelée, doivent être couverts par une assurance de responsabilité civile. En cas de contrôle, une attestation d'assurance doit être présentée.\nVéhicules concernés\nVéhicules attachés à une exploitation agricole\nVéhicules\nDispositif d'immatriculation sur le véhicule\nTracteur et machine agricole automotrice\nmis en circulation pour la 1 re  fois à compter du\n1 er  janvier 2010\n- Plaque d'immatriculation inamovible unique à l'arrière\n\t\tobligatoire\n- Plaque d'exploitation facultative (numéro d'exploitation attribué par le ministère de l'intérieur)\n- Plaque du constructeur\nRemorque sur pneumatiques, semi-remorque\n- PTAC > 1,5 tonne mis en circulation pour la 1 re  fois à partir du 1 er  janvier 2013 : plaque d'immatriculation inamovible propre à la remorque à l'arrière et plaque du constructeur\n- PTAC ⩽  1,5 tonne : plaque d'exploitation\n\t\tobligatoire\nLa demande d'immatriculation d'un véhicule agricole est à faire sur le site de l'Agence nationale des titres sécurisés (ANTS).\nLe  numéro d'exploitation  agricole est désormais délivré par l'ANTS dans le cadre de la demande de certificat d'immatriculation en ligne. Pour l'obtenir, vous devez être affilié à la Mutualité sociale agricole (MSA).\nLa mention  Usage agricole  sera portée sur le certificat d'immatriculation.\nVéhicules non attachés à une exploitation agricole\nVéhicules\nDispositif d'immatriculation sur le véhicule\nTracteur et machine agricole automotrice\nmis en circulation pour la première fois à compter du\n1 er  janvier 2010\n- Plaque d'immatriculation inamovible à l'avant\n\t\tobligatoire\n- Plaque d'immatriculation inamovible à l'arrière\n\t\tobligatoire\n- Plaque du constructeur\nRemorque sur pneumatiques, semi-remorque\n- PTAC > 1,5 tonne mis en circulation pour la 1 re  fois à partir du 1 er  janvier 2013 : plaque d'immatriculation inamovible propre à la remorque à l'arrière et plaque du constructeur\n- PTAC ⩽ 1,5 tonne : plaque d'immatriculation amovible à l'arrière (avec le n° d'immatriculation du tracteur)\nLa demande d'immatriculation d'un véhicule agricole est à faire sur le site de l'Agence nationale des titres sécurisés (ANTS).\nCoût\nLe coût du certificat d'immatriculation d'un engin agricole et forestier est calculé en fonction du taux du cheval fiscal (ou CV ou cheval vapeur), voté chaque année par le conseil régional. Il varie donc selon les régions.\nUn simulateur du coût de la carte grise vous permet de déterminer le tarif en vigueur dans chaque département.\nPoids total en charge du véhicule : poids maximal autorisé, c'est-à-dire poids du véhicule et de ce qu’il transporte (personnes, marchandises, etc.)\nPoids total autorisé en charge",
    "link": "https://www.service-public.fr/particuliers/vosdroits/F10522",
    "arborescence": {
        "audience": "Particuliers",
        "theme": "Transports",
        "dossier": "Carte grise (certificat d'immatriculation)",
        "sous_dossier": "Immatriculer un véhicule",
        "titre": "Immatriculation des tracteurs et des véhicules agricoles"
    }
}