{
    "text": "Impôt sur le revenu : peut-on déduire les frais d'obsèques d'un parent ? : \n\n\nOui, vous pouvez déduire de votre revenu imposable les frais d'obsèques d'un parent, à condition qu'ils ne soient  pas déjà payés par  la succession.\nLes impôts peuvent vous demander de fournir les justificatifs de cette situation.\nCe document peut être notamment l'un des suivants :\nJustificatif de votre  obligation alimentaire \n\nJustificatif du paiement de ces frais\nDocument attestant que le défunt n'avait aucun patrimoine ( absence d'actif successoral )\nCes frais sont à déclarer comme la  pension alimentaire versée à un ascendant .\nDéclaration en ligne\nLa période de déclaration 2020 des revenus est terminée. La déclaration 2021 des revenus de l'année 2020 aura lieu en avril 2021.\nDéclaration papier\nLa période de déclaration 2020 des revenus est terminée. La déclaration 2021 des revenus de l'année 2020 aura lieu en avril 2021.\nAide qui consiste à fournir à un membre de sa famille tout ce qui lui est indispensable pour vivre (nourriture, vêtements, logement, soins médicaux,etc.)",
    "link": "https://www.service-public.fr/particuliers/vosdroits/F1057",
    "arborescence": {
        "audience": "Particuliers",
        "theme": "Argent",
        "dossier": "Impôt sur le revenu : déductions, réductions et crédits d'impôt",
        "sous_dossier": "",
        "titre": "Impôt sur le revenu : peut-on déduire les frais d'obsèques d'un parent ?"
    }
}