{
    "text": "Quelle photo fournir pour un titre d'identité (passeport, carte d'identité...) ? : \n\n\nLes photos d'identité doivent être récentes (prises il y a  moins de 6 mois ) et ressemblantes.\nPour une demande de carte d'identité ou de passeport, il n'y a qu'une seule photo à fournir. Si vous demandez un autre document et que plusieurs photos sont  fournies, elles doivent être identiques.\nElles  doivent être prises  par un professionnel ou dans une cabine utilisant un système agréé par le ministère de l'intérieur.\nsi la photo ne respecte pas certains critères, elle sera rejetée et le titre d'identité ne sera pas délivré.\nSujet\nObligations\nQualité\nLa photo doit être nette, sans pliure, ni trace.\nFormat\nLargeur : 3,5 cm\nHauteur : 4,5 cm\nTaille du visage : entre 3,2 et  3,6 cm (soit 70 à 80% de la photo), du bas du menton au sommet du crâne (hors cheveux)\nLuminosité, contraste et couleurs\nLa photo ne doit présenter ni sur-exposition, ni sous-exposition.\nElle doit être correctement contrastée, sans ombre portée sur le visage ou en arrière-plan.\nUne photo en couleurs est fortement recommandée.\nFond\nLe fond doit être uni, de couleur claire (bleu clair, gris clair). Le fond blanc est interdit.\nTête\nLa tête doit être nue sans chapeau, foulard, serre-tête ou autre  objet décoratif.\nLa tête doit être droite et le visage dirigé face à l'objectif\nRegard et expression\nIl faut fixer l'objectif.\nL'expression doit être neutre et la  bouche doit être fermée.\nVisage et yeux\nLe visage doit être dégagé.\nLes yeux doivent être parfaitement visibles et ouverts\nCheveux\nLes cheveux ne doivent pas recouvrir le visage.\nUne frange peut être acceptée si elle ne recouvre pas les yeux\nLunettes et montures\nSi vous avez des lunettes, vous n'êtes pas obligé de les porter sur les photos.\nPar contre, si vous les portez,\nla monture ne doit pas être épaisse et  ne  pas masquer les yeux,\net les verres  doivent être ni  teintés, ni  colorés et sans reflet.\nC'est le demandeur du titre d'identité qui fournit ses propres photos. Cependant, dans  certains  pays   et - en l'absence de photographe professionnel -  certains départements ou collectivités  d'Outre-mer , la photo du passeport ou de la carte d'identité peut être prise au guichet.\nMinistère de l'intérieur\nBurundi, Cuba,  Guinée Équatoriale,  Kenya,    Mali,  Mauritanie et   Uruguay\nGuyane, Mayotte, Nouvelle-Calédonie, Polynésie française, Wallis et Futuna",
    "link": "https://www.service-public.fr/particuliers/vosdroits/F10619",
    "arborescence": {
        "audience": "Particuliers",
        "theme": "Papiers - Citoyenneté",
        "dossier": "Carte d'identité",
        "sous_dossier": "",
        "titre": "Quelle photo fournir pour un titre d'identité (passeport, carte d'identité...) ?"
    }
}