{
    "text": "Voyage en outre-mer : un étranger a-t-il besoin d'un visa ? : \n\n\nSi vous êtes  étranger et souhaitez voyager en outre-mer pour un court séjour (3 mois maximum par période de 6 mois), vous devez obtenir, non pas un visa  Schengen , mais un visa de court séjour spécifique. De fait, la France d'outre-mer ne fait pas partie de l'espace Schengen.\nToutefois, vous êtes  être dispensé de visa si vous possédez un  titre de séjour  ou un  visa de long séjour de type D  valide délivré par une autorité française  ou d'un autre pays  Schengen .\nPour certaines nationalités, vous pouvez aussi être dispensé de visa en fonction de votre  type de passeport et votre destination.\nVous pouvez vérifier si vous avez besoin d'un visa en utilisant le service Assistant visa.\n\n Si vous n'êtes pas dans un des cas de dispense , pour voyager en outre-mer,  vous devez détenir un visa d'entrée à validité limitée pour la destination prévue . Vous devez déposer votre demande de visa avant votre départ, auprès  du consulat français du pays où vous vivez.\nLe visa vous est délivré pour un  séjour de 3 mois maximum. Il porte la mention du territoire du séjour prévu.\nSi, avant votre départ, vous n'avez  demandé qu'un visa  Schengen , vous pouvez solliciter un visa pour l'outre-mer auprès du préfet de votre lieu de séjour si vous vous trouvez dans  un département français ou au consulat français le plus proche si vous vous trouvez dans un  autre pays Schengen \n\n.\nSi vous êtes  européen , vous pouvez entrer et séjourner jusqu'à 3 mois en France (y compris outre-mer) sans formalité particulière.\nVous devez simplement vous munir d'un passeport ou d'un titre d'identité en cours de validité, en cas de contrôle d'identité sur le territoire.\nLa possession d'un de ces 2 documents vous permet de séjourner librement en France.\nAllemagne, Autriche, Belgique, Bulgarie, Chypre, Croatie, Danemark, Espagne, Estonie, Finlande, Grèce, Hongrie, Irlande, Islande, Italie, Lettonie, Liechtenstein, Lituanie, Luxembourg, Malte, Norvège, Pays-Bas, Pologne, Portugal, République tchèque, Roumanie, Slovaquie, Slovénie, Suède et Suisse. Attention : le Royaume-uni a quitté l'Union européenne, mais le droit européen s'applique aux Britanniques jusqu'au 31 décembre 2020.",
    "link": "https://www.service-public.fr/particuliers/vosdroits/F10610",
    "arborescence": {
        "audience": "Particuliers",
        "theme": "Étranger",
        "dossier": "Entrée d'un étranger en France",
        "sous_dossier": "",
        "titre": "Voyage en outre-mer : un étranger a-t-il besoin d'un visa ?"
    }
}