{
    "text": "Qui doit payer la taxe d'habitation d'un logement meublé ? : \n\n\nC'est le locataire du logement meublé au 1 er  janvier qui doit payer la taxe d'habitation.\nCe logement doit être réservé à l'usage personnel du locataire et  rester à sa disposition de manière permanente, même pendant ses absences.\nPar exemple, si vous disposez de manière permanente d'un appartement meublé dans un hôtel, vous êtes soumis à la taxe d'habitation.\nEn revanche, si vous êtes locataire d'un meublé pour un court séjour (exemple : pour les vacances ou le temps d'un week-end),  vous n'aurez pas de taxe à payer. Si vous recevez un avis malgré tout, vous pouvez le contester en contactant votre centre des impôts :\nVous êtes un particulier\nPar téléphone :\n\n 0809 401 401 \n\nDu lundi au vendredi de 8h30 à 19h, hors jours fériés.\nService gratuit + prix appel\nVous êtes un professionnel\nPar téléphone :\n\n 0 806 000 225 \n\nDu lundi au vendredi de 8h30 à 19h, hors jours fériés.\nService gratuit + prix appel",
    "link": "https://www.service-public.fr/particuliers/vosdroits/F1065",
    "arborescence": {
        "audience": "Particuliers",
        "theme": "Argent",
        "dossier": "Impôts locaux",
        "sous_dossier": "",
        "titre": "Qui doit payer la taxe d'habitation d'un logement meublé ?"
    }
}