{
    "text": "Une mairie peut-elle refuser de délivrer un document administratif ? : \n\n\nLe maire est tenu de remettre certains documents uniquement si la loi rend leur délivrance obligatoire et que la demande est formulée dans les règles.\nActe de naissance\nLa mairie ne peut pas refuser de vous délivrer votre  acte de naissance .\nLa mairie doit également   mettre à jour  le livret de famille  si le vous lui demandez.\nEn cas de difficultés, vous pouvez saisir   le procureur, puis  le juge .\nActe de mariage\nLa mairie ne peut pas refuser de vous délivrer votre  acte de mariage .\nLa mairie doit également   mettre à jour  le livret de famille  si le vous lui demandez.\nEn cas de difficultés, vous pouvez saisir   le procureur, puis  le juge .\nActe de décès\nLa mairie ne peut pas refuser de vous délivrer votre  acte de décès .\nLa mairie doit également   mettre à jour  le livret de famille  si le vous lui demandez.\nEn cas de difficultés, vous pouvez saisir   le procureur, puis  le juge .\nLivret de famille en cas de mariage, de naissance du 1er enfant\nLa mairie ne peut pas refuser de vous délivrer votre livret de famille en cas de  mariage  ou de  naissance du 1er enfant .\nLa mairie doit également   mettre à jour  le livret de famille  si le vous lui demandez.\nEn cas de difficultés, vous pouvez saisir   le procureur, puis  le juge .\nSecond livret de famille en cas de séparation\nLa mairie ne peut pas refuser de vous délivrer un 2 nd  livret de famille en cas de séparation\nLa mairie doit également   mettre à jour  le livret de famille  si le vous lui demandez.\nEn cas de difficultés, vous pouvez saisir   le procureur, puis  le juge .\nCertificat de bonne vie et mœurs\nLa mairie peut refuser de vous délivrer un certificat de bonne vie et mœurs.\nEn effet, la loi n'exige pas ces documents.\nAucune administration ne peut donc les exiger.\nCertificats liés à la situation matrimoniale\nLa mairie peut refuser de vous délivrer un certificat lié à la situation matrimoniale :\nCertificat de célibat\nCertificat de  concubinage \n\nCertificat de non-séparation de corps\nCertificat de non-divorce\nCertificat de non-remariage\nEn effet, la loi n'exige pas ces documents.\nAucune administration ne peut donc les exiger.\nun acte de naissance peut servir à prouver que vous n'êtes pas marié. En effet, en cas de mariage, cela est mentionné sur l'acte de naissance.\nCertificat spécial d'indigence\nLa mairie peut refuser de vous délivrer un certificat spécial d'indigence.\nEn effet, la loi n'exige pas ces documents.\nAucune administration ne peut donc les exiger.\nCertificat de domicile\nLa mairie peut refuser de vous délivrer un certificat de domicile.\nEn effet, la loi n'exige pas ces documents.\nAucune administration ne peut donc les exiger.\nFiches individuelle et familiale d'état civil\nCes documents n'existent plus. Ils ne sont plus délivrés.\nFiches individuelle de nationalité\nCes documents n'existent plus. Ils ne sont plus délivrés.\nCopie certifiée conforme d'un document destiné à une administration française\nLa mairie peut refuser de vous délivrer une  copie certifiée conforme  d'un document destiné à une administration française.\nEn effet, la copie d'un document français destinée à une administration française n'a pas besoin d'être certifiée conforme.\nCopie certifiée conforme d'un document destiné à une administration étrangère\nLa délivrance d'une  copie certifiée conforme  d'un document destiné à une administration étrangère ne peut pas vous être refusée.\nVous pouvez vous adresser à une mairie, une préfecture ou un notaire.\nPrécisez que la copie certifiée conforme est destinée à être produite à l'étranger.\nCarte d'identité\nLa mairie ne peut pas refuser d'enregistrer votre demande de  carte d'identité  si elle équipée d'une station d'enregistrement pour la prise d'empreinte.\nLa mairie enregistre la demande et la transmet aux services préfectoraux.\nLa mairie n'est pas compétente pour accepter ou refuser une demande de carte d'identité.\nEn cas de difficultés, vous pouvez saisir le  préfet .\nPasseport\nLa mairie ne peut pas refuser d'enregistrer votre demande de  passeport  si elle équipée d'une station d'enregistrement pour la prise d'empreinte.\nLa mairie enregistre la demande et la transmet aux services préfectoraux.\nLa mairie n'est pas compétente pour accepter ou refuser une demande de passeport.\nEn cas de difficultés, vous pouvez saisir le  préfet .",
    "link": "https://www.service-public.fr/particuliers/vosdroits/F10660",
    "arborescence": {
        "audience": "Particuliers",
        "theme": "Papiers - Citoyenneté",
        "dossier": "Certificat, copie, légalisation et conservation de documents",
        "sous_dossier": "",
        "titre": "Une mairie peut-elle refuser de délivrer un document administratif ?"
    }
}