{
    "text": "Don de sperme : \n\n\nUn homme de 18 à 44 ans, ayant eu ou non des enfants, peut donner ses spermatozoïdes à des couples qui ne peuvent pas avoir d'enfant (par exemple, si l'homme n'a pas naturellement de spermatozoïdes). Le don est réalisé dans un établissement hospitalier. Il est gratuit et anonyme.\nConditions relatives au donneur\nIl faut être\nâgé d'au moins  18  ans et de moins de  45  ans,\net en bonne santé. Des examens médicaux sont réalisés avant le don.\nle don est anonyme aussi bien pour le couple receveur que pour le donneur.\nDémarches préalables au don\nLa démarche s'effectue à l'hôpital au sein du centre d'étude et de conservation des œufs et du sperme (Cecos).\nEntretien préalable : information du donneur\nDes entretiens préalables sont organisés entre  l'équipe médicale, le donneur et, éventuellement, la personne  avec laquelle il vit en couple . Ils permettent de vérifier si le donneur remplit les conditions prévues et de l'informer :\nde la réglementation relative au don de gamètes et des conséquences au regard de la filiation,\nqu'une évaluation préalable de la faisabilité du don sera faite par l'équipe médicale,\nde la nature des examens à faire avant le don (recherche du groupe sanguin, recherches d'infections telles que la syphilis, l'hépatite B ou C, le Sida, enquête généalogique sur le donneur et sa famille pour dépister les maladies éventuellement transmissibles, examen des chromosomes),\nque son dossier médical anonyme (mentionnant notamment ses antécédents médicaux, le nombre d'enfants issus du don, la date des prélèvements et son consentement écrit) sera conservé pendant 40 ans minimum.\nRecueil du consentement\nAprès les entretiens, l'équipe médicale  recueille par écrit :\n le consentement du donneur, \net celui de la personne avec laquelle il vit en couple, si tel est le cas.\nLe consentement du donneur est libre et peut être retiré à tout moment, jusqu'à utilisation des gamètes. \nPrélèvement du sperme\nLe recueil de spermatozoïdes s'effectue par masturbation.\nUn 1 er  prélèvement permet d'étudier le sperme, notamment sa résistance à la congélation.\nLes résultats du 1 er  prélèvement permettent de déterminer le nombre de recueils suivants à effectuer.\nUn examen microbiologique permet de déterminer si le don pourra être retenu. Si c'est le cas, les spermatozoïdes sont congelés puis conservés en laboratoire jusqu'à leur attribution à des couples receveurs, en vue d'une assistance médicale à la procréation.\nPrise en charge\nLe don de sperme n'est pas rémunéré. \nLes frais occasionnés (hébergement, transport...) sont pris en charge par l'hôpital sur présentation des justificatifs.\nConditions relatives au donneur\nIl faut être\nâgé d'au moins  18  ans et de moins de  45  ans,\net en bonne santé. Des examens médicaux sont réalisés avant le don.\nle don est anonyme aussi bien pour le couple receveur que pour le donneur.\nDémarches préalables au don\nLa démarche s'effectue à l'hôpital au sein du centre d'étude et de conservation des œufs et du sperme (Cecos).\nEntretien préalable : information du donneur\nDes entretiens préalables sont organisés entre  l'équipe médicale, le donneur et, éventuellement, la personne  avec laquelle il vit en couple . Ils permettent de vérifier si le donneur remplit les conditions prévues et de l'informer :\nde la réglementation relative au don de gamètes et des conséquences au regard de la filiation,\nqu'une évaluation préalable de la faisabilité du don sera faite par l'équipe médicale, \nde la nature des examens à effectuer avant le don (recherche du groupe sanguin, recherches d'infections telles que la syphilis, l'hépatite B ou C, le Sida, enquête généalogique sur le donneur et sa famille pour dépister les maladies éventuellement transmissibles, examen des chromosomes...),\nque son dossier médical anonyme faisant état notamment des antécédents médicaux, du nombre d'enfants issus du don, de la date des prélèvements, du consentement écrit, sera conservé pendant 40 ans minimum,\net de la nécessité de se soumettre, préalablement au don, à un ou plusieurs entretiens avec un médecin qualifié en psychiatrie ou un psychologue.\nSi la donneur souhaite conserver une partie de ses gamètes en vue d'une éventuelle utilisation à son bénéfice par la suite, il est informé :\ndes conditions à remplir pour la réalisation ultérieure d'une assistance médicale à la procréation recourant aux gamètes conservés à son bénéfice, \nde l'existence de règles de répartition des gamètes entre ceux conservés en vue de don et ceux conservés à son bénéfice.\nRecueil du consentement\nAprès les entretiens, l'équipe médicale  recueille par écrit :\n le consentement du donneur, \net celui de la personne avec laquelle il vit en couple, si tel est le cas.\nLe consentement du donneur est libre et peut être retiré à tout moment, jusqu'à utilisation des gamètes. \nPrélèvement du sperme\nLe recueil de spermatozoïdes s'effectue par masturbation.\nUn 1 er  prélèvement permet d'étudier le sperme, notamment sa résistance à la congélation.\nLes résultats du 1 er  prélèvement permettent de déterminer le nombre de recueils suivants à faire.\nUn examen microbiologique permet de déterminer si le don pourra être retenu. Si c'est le cas, les spermatozoïdes sont congelés puis conservés en laboratoire jusqu'à leur attribution à des couples receveurs, en vue d'une assistance médicale à la procréation.\nPrise en charge\nLe don de sperme n'est pas rémunéré. \nLes frais occasionnés (hébergement, transport...) sont pris en charge par l'hôpital sur présentation des justificatifs.\nMariage, Pacs ou concubinage (union libre)",
    "link": "https://www.service-public.fr/particuliers/vosdroits/F1068",
    "arborescence": {
        "audience": "Particuliers",
        "theme": "Social - Santé",
        "dossier": "Grossesse, assistance à la procréation",
        "sous_dossier": "Assistance à la procréation",
        "titre": "Don de sperme"
    }
}