{
    "text": "Peut-on faire payer les frais d'état des lieux au locataire ? : \n\n\nLorsque l'état des lieux d'un logement vide ou meublé ne peut pas être fait  à l'amiable ou de façon contradictoire (le bailleur ou le locataire n'étant pas présent),  il est possible  de demander à un  huissier de justice  qu'il réalise un   constat locatif loi de 1989 . Les frais d'huissier sont alors à partager pour moitié entre le bailleur et le locataire.\nÉtat des lieux amiable\nLorsque l'état des lieux est établi en concertation par le  propriétaire (bailleur) et le locataire, il n'occasionne pas de frais.\nLorsque l'état des lieux est  réalisé  par  l'intermédiaire d'un professionnel (agent immobilier,  ...), une partie des honoraires peut être mise à la charge du locataire. Toutefois, la part payée par le  locataire  ne peut  pas excéder :\nle montant payé par le bailleur,\ndans la limite de  3 €  TTC par m² de surface habitable.\nPar exemple, pour un logement de 25 m² :\nsi l'état des lieux est facturé au total  170 € , les frais  à la charge du locataire ne peuvent pas excéder  75 €  ( 3 €  x 25), le bailleur prenant en charge le reste,\nsi l'état des lieux est facturé au total  100 € , les frais  à la charge du locataire sont de   50 €  maximum puisqu'il ne doit pas payer plus que le bailleur.\nÉtat des lieux litigieux (constat locatif)\nLorsque l'une des parties (locataire ou propriétaire) refuse d'établir  l'état des lieux de façon contradictoire en ne se présentant pas, l'un ou l'autre des parties peut faire appel à un huissier de justice.\nl'huissier prévient  les parties     par lettre recommandée avec accusé de réception et  au moins 7 jours à l'avance, du jour où il va réaliser le  constat locatif .\nEn 2020\nLes sommes demandées par l'huissier sont fonction de la surface du logement.\nSurface  du logement\nTarif (TVA incluse)\nJusqu'à  50 m²\nFrais d'acte :  132,56 € \n\n+ Lettres de convocation :  18,02 € \n\n+ Taxe fiscale forfaitaire :  14,89 € \n\n+ Frais de déplacement :  9,20 € \n\nSupérieure à 50  m²\net jusqu'à 150 m²\nFrais d'acte :  154,44 € \n\n+ Lettres de convocation :  18,02 € \n\n+ Taxe fiscale forfaitaire :  14,89 € \n\n+ Frais de déplacement :  9,20 € \n\nPlus de 150 m²\nFrais d'acte :  231,66 € \n\n+ Lettres de convocation :  18,02 € \n\n+ Taxe fiscale forfaitaire :  14,89 € \n\n+ Frais de déplacement :  9,20 € \n\nLe montant total est  partagé pour moitié entre le propriétaire (bailleur) et le locataire.\nEn 2021\nLes sommes demandées par l'huissier sont fonction de la surface du logement.\nSurface  du logement\nTarif (TVA incluse)\nJusqu'à  50 m²\nFrais d'acte :  131,50 € \n\n+ Lettres de convocation :  17,88 € \n\n+ Taxe fiscale forfaitaire :  14,89 € \n\n+ Frais de déplacement :  9,20 € \n\nSupérieure à 50  m² et jusqu'à  150 m²\nFrais d'acte :  153,20 € \n\n+ Lettres de convocation :  17,88 € \n\n+ Taxe fiscale forfaitaire :  14,89 € \n\n+ Frais de déplacement :  9,20 € \n\nPlus de 150 m²\nFrais d'acte :  229,81 € \n\n+ Lettres de convocation :  17,88 € \n\n+ Taxe fiscale forfaitaire :  14,89 € \n\n+ Frais de déplacement :  9,20 € \n\nLe montant total est  partagé pour moitié entre le propriétaire (bailleur) et le locataire.\nÉtat des lieux amiable\nAucun frais ne peut être mis à la charge du locataire pour l’établissement de l'état des lieux de sortie (exemple : rémunération de l'agent immobilier).\ntoute clause du  bail qui impose au locataire la facturation de l'état des lieux est  abusive . Elle doit être considérée comme non écrite.\nÉtat des lieux litigieux (constat locatif)\nLorsque l'une des parties (locataire ou propriétaire) refuse d'établir  l'état des lieux de façon contradictoire en ne se présentant pas, l'un ou l'autre des parties peut faire appel à un huissier de justice.\nl'huissier prévient  les parties     par lettre recommandée avec accusé de réception et  au moins 7 jours à l'avance, du jour où il va réaliser le  constat locatif .\nEn 2020\nLes sommes demandées par l'huissier sont fonction de la surface du logement.\nSurface  du logement\nTarif (TVA incluse)\nJusqu'à  50 m²\nFrais d'acte :  132,56 € \n\n+ Lettres de convocation :  18,02 € \n\n+ Taxe fiscale forfaitaire :  14,89 € \n\n+ Frais de déplacement :  9,20 € \n\nSupérieure à 50  m²\net jusqu'à 150 m²\nFrais d'acte :  154,44 € \n\n+ Lettres de convocation :  18,02 € \n\n+ Taxe fiscale forfaitaire :  14,89 € \n\n+ Frais de déplacement :  9,20 € \n\nPlus de 150 m²\nFrais d'acte :  231,66 € \n\n+ Lettres de convocation :  18,02 € \n\n+ Taxe fiscale forfaitaire :  14,89 € \n\n+ Frais de déplacement :  9,20 € \n\nLe montant total est  partagé pour moitié entre le propriétaire (bailleur) et le locataire.\nEn 2021\nLes sommes demandées par l'huissier sont fonction de la surface du logement.\nSurface  du logement\nTarif (TVA incluse)\nJusqu'à  50 m²\nFrais d'acte :  131,50 € \n\n+ Lettres de convocation :  17,88 € \n\n+ Taxe fiscale forfaitaire :  14,89 € \n\n+ Frais de déplacement :  9,20 € \n\nSupérieure à 50  m² et jusqu'à  150 m²\nFrais d'acte :  153,20 € \n\n+ Lettres de convocation :  17,88 € \n\n+ Taxe fiscale forfaitaire :  14,89 € \n\n+ Frais de déplacement :  9,20 € \n\nPlus de 150 m²\nFrais d'acte :  229,81 € \n\n+ Lettres de convocation :  17,88 € \n\n+ Taxe fiscale forfaitaire :  14,89 € \n\n+ Frais de déplacement :  9,20 € \n\nLe montant total est  partagé pour moitié entre le propriétaire (bailleur) et le locataire.",
    "link": "https://www.service-public.fr/particuliers/vosdroits/F10696",
    "arborescence": {
        "audience": "Particuliers",
        "theme": "Logement",
        "dossier": "Location immobilière : contrat de location (bail)",
        "sous_dossier": "",
        "titre": "Peut-on faire payer les frais d'état des lieux au locataire ?"
    }
}