{
    "text": "Crédit d'impôt des travaux d'équipement pour personne âgée ou handicapée : \n\n\nVous pouvez bénéficier, sous conditions, d'un crédit d'impôt si vous avez réalisé des dépenses d'équipement pour une personne âgée ou en situation de handicap dans votre domicile.\nConditions à remplir\nVous devez être domicilié fiscalement en France et  ce logement  doit être votre   habitation principale .\nVous devez y faire effectuer :\ndes travaux facilitant l’accès pour une personne âgée ou handicapée\nou des travaux d'adaptation du logement à la perte d'autonomie ou au handicap, sous conditions (perte d'autonomie, invalidité, etc.)\nLes travaux doivent être facturés avant le 31 décembre 2020.\nles travaux doivent être effectués par la même entreprise.\nMontant\nTaux du crédit d'impôt\n\n 25 %  du montant des dépenses\nPlafond de dépenses\nPour une personne seule, les dépenses sont plafonnées à  5 000 € .\nPour un couple soumis à imposition commune, les dépenses sont plafonnées à  10 000 €  .\nCe plafond est majoré de  120 €  par personne à charge ( 60 €  par enfant en résidence alternée).\nce plafond est fixé pour une période de 5 années consécutives. Par exemple, pour l'année 2020, il concerne les dépenses entre le  1 er  janvier 2015 au 31 décembre 2020.\nDéclaration\nLes dépenses réalisées en 2020 seront à déclarer en avril 2021 avec vos revenus.\nConservez vos justificatifs de dépenses car l'administration fiscale peut vous les demander (facture de l'entreprise, attestation du vendeur).\nSi le montant du crédit d'impôt dépasse celui de l'impôt dû, l'excédent vous sera restitué.\nVous êtes un particulier\nPar téléphone :\n\n 0809 401 401 \n\nDu lundi au vendredi de 8h30 à 19h, hors jours fériés.\nService gratuit + prix appel\nVous êtes un professionnel\nPar téléphone :\n\n 0 806 000 225 \n\nDu lundi au vendredi de 8h30 à 19h, hors jours fériés.\nService gratuit + prix appel",
    "link": "https://www.service-public.fr/particuliers/vosdroits/F10752",
    "arborescence": {
        "audience": "Particuliers",
        "theme": "Argent",
        "dossier": "Impôt sur le revenu : déductions, réductions et crédits d'impôt",
        "sous_dossier": "Aides fiscales liées au logement",
        "titre": "Crédit d'impôt des travaux d'équipement pour personne âgée ou handicapée"
    }
}