{
    "text": "Prêts immobiliers complémentaires (Action logement, ...) : \n\n\nPour financer l'achat  ou la construction de votre  logement, certains prêts peuvent compléter votre prêt principal ou votre apport personnel, comme par exemple le  prêt Action Logement  (ex-1% logement) ou le  prêt aux fonctionnaires .\n\t\t\n\t\t\tIl est possible de cumuler  plusieurs  crédits complémentaires entre eux.\nPrêt Action Logement (ex-1 % Logement)\n\n Action Logement (ex-1 % Logement)  propose au salarié ou ancien salarié de certaines entreprises du secteur privé (agricole ou non) des prêts immobiliers  à taux réduit  pour les aider à financer  l'achat ou la construction de leur  résidence principale . Ces prêts sont destinés à financer en partie le coût de l’opération immobilière, en complément d'un prêt principal ou d'un apport personnel.\nun salarié en congé parental  peut avoir droit  au prêt Action logement.\nEntreprise privée non agricole employant au moins 10 salariés\nConstruction d'une maison individuelle ou achat dans le neuf\n\n Bénéficiaires \n\nSalarié\nPréretraité\n\n Montant du prêt \n\n\n 30 %  du coût total, dans la limite de  7 000 €  à  25 000 € , selon la zone géographique\n\n Durée maximum du prêt \n\n20 ans\n\n Pour en savoir plus \n\nPrêt pour l'achat ou la construction dans le neuf \n\n\nAchat dans le neuf\n\n Bénéficiaires \n\nSalarié\nPréretraité\n\n Montant du prêt \n\n\n 30 %  du coût total, dans la limite de  7 000 €  à  25 000 € , selon la zone géographique\n\n Durée maximum du prêt \n\n20 ans\n\n Pour en savoir plus \n\nPrêt pour l'achat ou la construction dans le neuf \n\n\nAchat d'un local pour l'aménager en logement\n\n Bénéficiaires \n\nSalarié\nPréretraité\n\n Montant du prêt \n\n\n 30 %  du coût total, dans la limite de  7 000 €  à  25 000 € , selon la zone géographique\n\n Durée maximum du prêt \n\n20 ans\n\n Pour en savoir plus \n\nPrêt pour l'achat ou la construction dans le neuf \n\n\nAchat dans l'ancien\n\n Bénéficiaires \n\nSalarié\nPréretraité\n\n Montant du prêt \n\n\n 30 %  du coût total, dans la limite de  7 000 €  à  25 000 € , selon la zone géographique\n\n Durée maximum du prêt \n\n20 ans\n\n Pour en savoir plus \n\nPrêt pour l'achat dans l'ancien \n\n\nAchat d'un logement HLM\n\n Bénéficiaires \n\nSalarié\nPréretraité\n\n Montant du prêt \n\n\n 40 %  du coût total, dans la limite de   7 000 €  à  45 000 € , selon la zone géographique\n\n Durée maximum du prêt \n\n25 ans\n\n Pour en savoir plus \n\nPrêt accession + \n\n\nEntreprise agricole versant une participation à l'effort de construction (PEAEC)\n\n Bénéficiaires \n\nSalarié\nPréretraité depuis moins de 5 ans\nRetraité depuis moins de 5 ans\n\n Montant \n\nQuelle que soit l'opération,  30 %  du coût total, dans la limite de  7 000 €  à  50 000 € , selon la zone géographique\n\n Durée du prêt \n\n20 ans maximum\n\n Pour en savoir plus \n\nAgri-accession \n\n\nEn ligne\nAccès au  formulaire de contact \n\nSur place\n\n Coordonnées \n des agences\nPrêts des collectivités territoriales\nLes  collectivités territoriales  peuvent accorder des prêts pour la construction ou l'achat d'un logement neuf ou ancien, avec ou sans travaux.\nPour savoir si ce type d'aide existe localement, si vous pouvez en bénéficier et connaître les conditions des prêts, vous pouvez vous adresser à votre mairie ou votre  département.\nPrêts des caisses de retraite complémentaire et des mutuelles\nCes prêts peuvent être accordés pour la construction ou l'achat d'un logement neuf ou ancien, avec ou sans travaux.\nLes conditions d'octroi du prêt varient d'un organisme à un autre.\nRenseignez-vous auprès de votre caisse de retraite complémentaire ou de votre mutuelle pour savoir si vous pouvez en bénéficier.\nPrêt \"aux fonctionnaires\"\nUn prêt peut être accordé pour la construction ou l'achat d'un logement neuf ou ancien, avec ou sans travaux.\nIl s'adresse aux agents titulaires de la fonction publique de l'État ainsi qu'aux personnels des départements et des communes.\nIl n'est accordé qu'en complément d'un  prêt conventionné  ou d'un  prêt d'accession sociale  et sous conditions de ressources.\nRenseignez-vous auprès de votre employeur pour savoir si vous pouvez en bénéficier.\nCommune, département, région, collectivité à statut particulier, collectivité d'outre-mer",
    "link": "https://www.service-public.fr/particuliers/vosdroits/F10796",
    "arborescence": {
        "audience": "Particuliers",
        "theme": "Argent",
        "dossier": "Crédit immobilier",
        "sous_dossier": "",
        "titre": "Prêts immobiliers complémentaires (Action logement, ...)"
    }
}