{
    "text": "Achat à distance : recours en cas de litige : \n\n\nEn cas de problème suite à un achat à distance (par internet, téléphone...) auprès d'un professionnel, vous disposez de différents recours, à l'amiable ou non.\nContacter le service client du vendeur\nEn cas de litige suite à  un achat à distance  auprès d'un professionnel, vous devez d'abord contacter le service clientèle du vendeur.\nLe problème peut être un produit non livré ou non conforme par exemple.\nLe vendeur peut mettre à la disposition du consommateur un moyen de suivi des commandes. Il peut s'agir d'un numéro de téléphone, facturé au prix d'un appel local. Il ne peut pas être surtaxé. Ce numéro est indiqué sur son site internet ou sur votre bon de commande.\nSi aucun accord n'est trouvé suite à ce premier contact, vous pouvez adresser au vendeur une lettre recommandée avec accusé de réception. Vous devez :\nexpliquer votre problème  et l'objet de votre demande (par exemple demander une nouvelle livraison en cas de colis non-reçu)\net indiquer vos coordonnées, votre numéro de client, la référence de votre commande et joindre toutes les pièces nécessaires (copies de votre bon de commande, du bon de livraison, de la facture...).\nIl est recommandé de garder une copie des courriels reçus et envoyés.\nen cas d'achat à distance, vous bénéficiez d'un délai de 14 jours pour  changer d'avis  et demander un remboursement.\nSaisir le médiateur de la consommation\nSi le vendeur ne répond pas à votre courrier ou que sa réponse ne vous satisfait pas, vous pouvez saisir le médiateur de la consommation. Cette information doit figurer dans les conditions générales de vente.\nContacter une association de consommateurs\nVous pouvez également contacter une  association de consommateurs \n\n qui vous aidera dans vos démarches.\nAlerter la DGCCRF\nSi vous estimez être victime d'un manquement à la réglementation des prix, d'une pratique commerciale déloyale ou d'une tromperie, vous pouvez alerter les agents de  la  DGCCRF .\nMissions : respect des règles de la concurrence, protection économique des consommateurs, sécurité et de conformité des produits et des services.\nPar téléphone\n\n\t\t\t 3939 \n\nCoût :  0,15 €  / minute + prix de l'appel ( en savoir plus \n).\n\n\t\t\tDu lundi au vendredi de 8h45 à 17h15\nDepuis l'outre-mer et l'étranger : +33 (0) 1 73 60 39 39 (uniquement depuis un poste fixe, coût d'une communication + coût de l'appel variable selon les pays et opérateurs)\nPar messagerie\n\n\t\t\t\n      Accès au  formulaire de contact \n.\nSaisir la justice\nEnfin, lorsque vous n'avez pas pu obtenir une solution amiable, vous pouvez saisir:\nla  justice civile ,\nou, si vous estimez être victime d'une infraction (par exemple :  escroquerie ), la justice pénale en  portant plainte .\nProfessionnel exerçant son activité dans le pays où réside le consommateur ou dirigeant son activité vers ce pays (par exemple : site en langue française, nom de domaine en .com ou .eu, coordonnées téléphoniques avec préfixe international)\nLa loi applicable est celle du pays du consommateur.\nLe juge compétent peut être celui :\ndu lieu du siège social de l'entreprise,\nou du lieu où vous demeuriez au moment de la conclusion du contrat,\nou du lieu de livraison ou d'exécution de la prestation de service,\nou bien du lieu de la survenance du fait dommageable.\nProfessionnel situé dans l'Union Européenne ou en Norvège ou Islande ou Liechtenstein\nVous avez la possibilité de recourir :\nsi le montant de votre litige n'excède pas  2000 € , à la plateforme européenne de résolution des litiges en ligne,\nou, dans tous les cas, aux services du Centre Européen des Consommateurs France.\nInformations sur les achats transfrontaliers, les différentes réglementations européennes en matière de consommation, le règlement des litiges transfrontaliers\nPar téléphone\n\n\t\t\t\n       0820 20 09 99 \n\n\n\t\t\tOuvert du mardi au jeudi de 9h à 12h et de 13h à 17h\nNuméro violet ou majoré : coût du service  0,12 €  /min + prix d'un appel\nSur place\nCentre Européen des Consommateurs France\nBahnhofsplatz 3\n77694 Kehl\nAllemagne\nOuverture des bureaux au public du mardi au jeudi, de 9h à 12h et de 13h à 17h\nEn ligne\n\n\t\t\t\n      Accès au  formulaire de contact \n\nProfessionnel situé dans un autre pays\nVous devez saisir en ligne le Réseau international de contrôle et de protection des consommateurs (RICPC), qui traite les réclamations contre des sociétés implantées dans les 28 pays membres du réseau (États-Unis inclus).\nProfessionnel non identifiable\nSi l'information précisant le pays dans lequel le professionnel exerce son activité n'est pas précisée ou si le professionnel n'est pas identifiable, vous avez la possibilité d'effectuer votre signalement sur une plateforme dédiée à cet effet.\nDirection générale de la concurrence, de la consommation et de la répression des fraudes",
    "link": "https://www.service-public.fr/particuliers/vosdroits/F10868",
    "arborescence": {
        "audience": "Particuliers",
        "theme": "Argent",
        "dossier": "Achat à distance",
        "sous_dossier": "",
        "titre": "Achat à distance : recours en cas de litige"
    }
}