{
    "text": "Remboursement d'une consultation médicale pour un enfant : \n\n\nLe remboursement des consultations médicales pour un enfant de moins de 16 ans obéit à des règles spécifiques. Selon que le médecin consulté est un généraliste, un pédiatre ou un spécialiste, le montant et le remboursement de la consultation est différent.\nConsultation d'un médecin généraliste\nGénéraliste consulté\nÂge de l'enfant\nTarif\nBase du remboursement\nMontant remboursé\nSecteur 1\nMoins de 6 ans\n\n 30 € \n\n\n 30 € \n\n\n 21 € \n\nDe 6 à 16 ans\n\n 25 € \n\n\n 25 € \n\n\n 17,50 € \n\n\n Consultation complexe \n\n\n 46 € \n\n\n 46 € \n\n\n 32,20 € \n\n\n Consultation très complexe \n\n\n 60 € \n\n\n 60 € \n\n\n 42 € \n\n\n Adhérant au contrat d'accès aux soins \n\nMoins de 6 ans\nHonoraires avec dépassements maîtrisés\n\n 30 € \n\n\n 21 € \n\nDe 6 à 16 ans\n\n 25 € \n\n\n 17,50 € \n\nSecteur 2\nMoins de 6 ans\nHonoraires libres\n\n 30 € \n\n\n 21 € \n\nDe 6 à 16 ans\n\n 25 € \n\n\n 17,50 € \n\nles  consultations obligatoires  (8 e  jour, 9 e  et 24 e  mois) et la 1 ère  consultation d'une jeune fille de 15 à 18 ans souhaitant obtenir une contraception sont au tarif de  46 €  et remboursées à  100 % .\nConsultation d'un pédiatre\nMédecin consulté\nÂge de l'enfant\nTarif\nBase du remboursement\nMontant remboursé\nPédiatre secteur 1\nMoins de 6 ans\n\n 32 € \n\n\n 32 € \n\n\n 22,40 € \n\nDe 6 à 16 ans\n\n 28 € \n\n\n 28 € \n\n\n 19,60 € \n\n\n Consultation complexe \n\n\n 46 € \n\n\n 46 € \n\n\n 32,20 € \n\n\n Consultation très complexe \n\n\n 60 € \n\n\n 60 € \n\n\n 42 € \n\nPédiatre  adhérant au contrat d'accès aux soins \n\nMoins de 6 ans\nHonoraires avec dépassements maîtrisés\n\n 32 € \n\n\n 22,40 € \n\nDe 6 à 16 ans\n\n 28 € \n\n\n 19,60 € \n\nPédiatre secteur 2\nMoins de 6 ans\nHonoraires libres\n\n 28 € \n\n\n 19,60 € \n\nDe 6 à 16 ans\n\n 23 € \n\n\n 16,10 € \n\nles  consultations obligatoires  (8 e  jour, 9 e  et 24 e  mois) sont au tarif de  46 €  et remboursées à  100 % .\nConsultation d'un spécialiste\nMédecin consulté\nTarif\nBase du remboursement\nMontant remboursé\nSpécialiste secteur 1\n\n 28 € \n\n\n 28 € \n\n\n 19,60 € \n\nSpécialiste  adhérant au contrat d'accès aux soins \n\nHonoraires avec dépassements maîtrisés\n\n 28 € \n\n\n 19,60 € \n\nSpécialiste secteur 2\nHonoraires libres\n\n 23 € \n\n\n 16,10 € \n\nPsychiatre, neuropsychiatre, neurologue secteur 1\n\n 43,70 € \n\n\n 43,70 € \n\n\n 30,59 € \n\nPsychiatre  neuropsychiatre, neurologue  adhérant au contrat d'accès aux soins \n\nHonoraires avec dépassements maîtrisés\n\n 43,70 € \n\n\n 30,59 € \n\nPsychiatre, neuropsychiatre, neurologue  secteur 2\nHonoraires libres\n\n 37 € \n\n\n 25,90 € \n\nCardiologue secteur 1\n\n 49 € \n\n\n 49 € \n\n\n 34,30 € \n\nCardiologue   adhérant au contrat d'accès aux soins \n\nHonoraires avec dépassements maîtrisés\n\n 49 € \n\n\n 34,30 € \n\nCardiologue secteur 2\nHonoraires libres\n\n 45,73 € \n\n\n 32,01 € \n\ndans certains cas, la consultation peut être remboursée à  100 %  du tarif conventionnel (par exemple, enfant suivi pour une   affection de longue durée ).\nAccord des médecins généralistes ou spécialistes avec l'Assurance maladie qui limite les dépassements d'honoraires et permet un meilleur remboursement du patient\nExemples : consultation initiale d'information et de mise en place d'une stratégie thérapeutique pour  patient atteint de cancer, VIH, maladie d'Alzheimer, information des parents sur les malformations fœtales ou congénitales,  préparation à la greffe rénale, suivi d'un  enfant de moins de 7 ans né grand prématuré...\nExemples : 1 ère  consultation de contraception et prévention pour une jeune fille de 15 à 18 ans souhaitant une contraception, suivi de l'obésité d'un enfant de 3 à 12 ans,   examen obligatoire d'un   nourrisson (8 e  jour, 9 e  et 24 e  mois),   consultation de sortie de maternité du nourrisson,  scoliose,  diabète gestationnel,   1 ère  consultation pour tuberculose...",
    "link": "https://www.service-public.fr/particuliers/vosdroits/F10874",
    "arborescence": {
        "audience": "Particuliers",
        "theme": "Social - Santé",
        "dossier": "Remboursement des soins par la sécurité sociale",
        "sous_dossier": "Remboursement par type de dépense",
        "titre": "Remboursement d'une consultation médicale pour un enfant"
    }
}