{
    "text": "Assurance habitation : en cas d'achat ou de vente d'un logement : \n\n\nLors de la vente d'un logement, le contrat d'assurance habitation est  automatiquement transféré du vendeur à l'acheteur. Cela  évite que l'habitation reste sans assurance, même pendant une courte période. Mais  l'acheteur et l'assureur ont la possibilité de résilier le contrat transféré après  la vente.\nTransfert automatique du contrat\nL'assurance habitation n'est pas obligatoire pour le propriétaire d'un logement, sauf si le bien est situé dans une copropriété.\nSi  vous avez souscrit une assurance habitation pour votre logement et que vous le vendez, le contrat sera automatiquement transféré à l'acheteur.\nPour que votre assureur ne vous réclame plus les cotisations du contrat, vous devez  l'informer de la vente, par une lettre recommandée ou par un envoi recommandé électronique.\nSi vous ne le faites pas, vous devrez continuer à payer les primes d'assurances pour le logement.\nDroit de résiliation de l'assureur\nL'assureur peut résilier le contrat dans les 3 mois qui suivent le jour où vous l'avez informé de la vente et du transfert du contrat à l'acheteur.\nPassé ce délai, il perd le droit de résiliation pour le motif lié au changement de situation.\nPour résilier le contrat, l'assureur doit informer l'acquéreur par  lettre recommandée avec avis de réception ou par envoi recommandé électronique de sa décision. La résiliation interviendra alors  10  jours calendaires   après la notification de la lettre recommandée à l'acquéreur.\nRésiliation par le nouveau propriétaire\nLe nouveau propriétaire à qui le contrat d'assurance a été transféré  peut aussi résilier  le contrat. Il doit informer l'assureur de sa décision par lettre recommandée avec avis de réception ou par envoi recommandé électronique.\nQuelles démarches effectuer ?\nEn tant qu'acquéreur, vous devez vérifier si le bien est assuré au jour du transfert de propriété.\nSi le logement est assuré, le contrat d'assurance doit vous être automatiquement transféré lors de la vente. Vous devrez alors payer les cotisations.\nRésiliation par l'acheteur\nMais si vous ne souhaitez pas garder ce contrat, vous  devez  le signaler le plus rapidement possible à l'assureur du vendeur par lettre recommandée avec avis de réception ou par envoi recommandé électronique.\nVous pourrez alors   prendre une nouvelle assurance  auprès de la compagnie de votre choix.\nEn règle générale, l'acte de vente du bien immobilier vous informe  de la  transmission automatique du contrat d'assurance et de la possibilité de le résilier.\nRésiliation par l'assureur\nL'assureur peut aussi résilier le contrat dans les 3 mois qui suivent le jour où  le contrat a été automatiquement transféré à votre  nom.\nPassé ce délai, il perd le droit de résiliation pour le motif lié au changement de situation.\nPour résilier le contrat, l'assureur doit vous informer  par lettre recommandée avec avis de réception ou par envoi recommandé électronique de sa décision. La résiliation interviendra alors 10  jours calendaires  après la notification de la lettre recommandée à l'acquéreur.\nCorrespond à la totalité des jours du calendrier de l'année civile, du 1 er  janvier au 31 décembre, y compris les jours fériés\n\t\tou chômés",
    "link": "https://www.service-public.fr/particuliers/vosdroits/F10830",
    "arborescence": {
        "audience": "Particuliers",
        "theme": "Argent",
        "dossier": "Assurance habitation",
        "sous_dossier": "Assurance du propriétaire",
        "titre": "Assurance habitation : en cas d'achat ou de vente d'un logement"
    }
}