{
    "text": "Paiement en espèces : \n\n\nLe paiement en espèces (ou \" liquide \") est possible, mais réglementé. Dans certains cas, il peut être refusé, plafonné ou interdit.\nAutorisation\nLes billets et les pièces en euros sont les seuls moyens de paiement en France qui ne peuvent pas être refusés.\nrefuser d'être payé en espèces est puni d'une amende de  150 € .\nCas de refus\nUne personne peut refuser d'être payée en espèces dans certains cas.\nDevises étrangères\nLe paiement en devises étrangères peut  être refusé.\nPièces et billets en mauvais état\nLe paiement en pièces ou billets en mauvais état peut être refusé, car ils pourraient être rejetés par la Banque de France.\nFausse monnaie\nSi le billet (ou la pièce) est manifestement faux, le  créancier  refusera le paiement.\nNombre de pièces\nLe paiement de plus de 50 pièces pour un seul paiement peut être refusé (sauf pour les paiements au Trésor public).\nAppoint\nC'est au  payeur  de faire l'appoint. Le créancier peut donc refuser le paiement en espèces s'il ne dispose pas de suffisamment de monnaie.\nOrdre public et raisons techniques\nDans certains cas, il est possible de refuser le paiement en espèces pour des raisons d'ordre public  ou techniques. Par exemple, des commerçants en horaires de nuit peuvent refuser le paiement en espèces par mesure de sécurité. Les horodateurs peuvent aussi refuser le paiement en espèces par mesure de protection contre des actes de vandalisme.\nPlafonds\nLe paiement en espèces est soumis à des plafonds dans certaines situations.\nLe paiement en espèces entre particuliers   (achat d'une voiture ou d'un tableau par exemple) n'est pas limité. Un écrit est nécessaire au-delà de  1 500 €  pour  prouver les versements .\nRèglement des impôts et taxes\nLe paiement en espèces au guichet des centres des finances publiques est limité à  300 € .\nPaiement à un professionnel\nLe paiement en espèces d'un particulier à un professionnel ou entre professionnels est autorisé jusqu'à  1 000 € .\nCe plafond est relevé à  15 000 €  si le  domicile fiscal  du débiteur est à l'étranger et qu'il règle une dépense personnelle.\nce plafond ne s'applique pas aux personnes qui n'ont pas d'autre moyen de paiement ou pas de compte de dépôt.\nPaiement d'un salaire\nLe salaire peut être payé en espèces jusqu'à  1 500 €  par mois.\nAu-delà, l'employeur doit obligatoirement payer par  chèque barré  ou par   virement  bancaire.\nPaiement d'une transaction immobilière\nLes paiements effectués ou reçus par un notaire pour le règlement d'actes authentiques donnant lieu à publicité foncière (par exemple :  achat d'un terrain  ou  d'un logement ) peuvent s'effectuer en espèces si la transaction ne dépasse pas  3 000 € . Au-delà, ils doivent s'effectuer par  virement .\nSignalement\nSi une personne vous refuse  un paiement en espèces sans y être autorisé, vous pouvez le signaler à la direction départementale de la protection des populations.\nVous pouvez également le signaler au Défenseur des droits.\nPar téléphone (information générale)\n\n 09 69 39 00 00 \n\nCoût d'un appel local\nDu lundi au vendredi de 8h à 20h\nPar courrier (pour saisir le Défenseur des droits) Par courrier gratuit, sans affranchissement\nDéfenseur des droits\nLibre réponse 71120\n75342 Paris cedex 07\n\n Attention :  joindre à votre courrier les photocopies des pièces relatives à votre saisine.\nPar messagerie\nAccès au  formulaire de contact \n\nPersonne à qui l'on doit de l'argent ou la fourniture d'une prestation",
    "link": "https://www.service-public.fr/particuliers/vosdroits/F10999",
    "arborescence": {
        "audience": "Particuliers",
        "theme": "Argent",
        "dossier": "Moyens de paiement",
        "sous_dossier": "Espèces",
        "titre": "Paiement en espèces"
    }
}