{
    "text": "Médiateur du groupe La Poste : comment y recourir ? : \n\n\nLe médiateur de la consommation du Groupe La Poste intervient pour tout litige concernant l'offre des produits ou services de La Poste (courrier et colis, Banque postale, Chronopost). Avant de le saisir, vous devez faire une réclamation auprès du service concerné. Si votre réclamation n'aboutit pas, vous pouvez saisir le médiateur. La saisine se fait en ligne ou par courrier. Elle est gratuite. Si la proposition de solution du médiateur  ne vous convient pas, vous pouvez saisir la justice.\nDans quels cas le saisir ?\nVous pouvez saisir le médiateur de tout litige concernant l'offre des produits ou services du groupe La Poste  (courrier et colis, Banque postale, Chronopost).\nToutefois, vous devez saisir le  médiateur des communications électroniques  si le litige concerne une offre de téléphonie commercialisée par La Poste.\nvous ne pouvez pas saisir le médiateur si, au moment de la saisine, votre litige a déjà été examiné ou est en cours d'examen par un autre médiateur ou par un tribunal.\nQuand le saisir ?\nAvant de saisir le médiateur, vous devez obligatoirement avoir tenté de résoudre votre litige auprès des services de réclamations compétents de La Poste.\nCertains services prévoient un double niveau d'examen de votre dossier (par exemple, pour un litige relatif au courrier).\nVous pouvez saisir le médiateur si la réponse ne vous a pas satisfait ou si vous n'avez pas reçu de réponse   dans les  2 mois  suivant le dépôt de la réclamation.\nLa saisine du médiateur doit être faite  1 an maximum  après votre réclamation.\nComment le saisir ?\nVous pouvez saisir le médiateur directement ou par l'intermédiaire d'un  mandataire  (avocat,  association de consommateurs \n\n).\nEn ligne\nPar courrier\nCoût\nLa médiation est gratuite.\nToutefois, si vous faites appel à un avocat ou un expert, les frais sont à votre charge.\nComment est traitée la demande ? \nDossier recevable\nSi l'affaire est recevable, le médiateur vous le  notifie .\nIl formule une proposition de solution  dans les 2 mois suivant la notification.\nEn cas de litige complexe, ce délai peut être prolongé.\nVous avez 14 jours à partir de l'émission de la proposition du médiateur  pour l'accepter ou la refuser.\nDossier irrecevable\nSi l'affaire est irrecevable, le médiateur vous le  notifie  dans les 3 semaines à partir de la  réception de votre demande.\nLa décision explique pourquoi votre demande est refusée.\nSelon le cas, le médiateur vous renvoie votre dossier ou le transmet  au médiateur compétent.\nFin de la médiation\nUn accord est trouvé\nChaque partie s'engage à mettre en œuvre la proposition émise par le médiateur.\nAucun accord n'est trouvé\nLa médiation prend fin.\nVous pouvez saisir un  tribunal civil  pour trancher le litige.\nPersonne chargée par une autre de la représenter et d'agir en son nom\nFormalité par laquelle un acte de procédure ou une décision est porté à la connaissance d’une personne",
    "link": "https://www.service-public.fr/particuliers/vosdroits/F11064",
    "arborescence": {
        "audience": "Particuliers",
        "theme": "Papiers - Citoyenneté",
        "dossier": "Litiges avec l'administration : recours administratif, défenseur des droits",
        "sous_dossier": "",
        "titre": "Médiateur du groupe La Poste : comment y recourir ?"
    }
}