{
    "text": "Copropriété : quand doit-on obtenir l'autorisation pour faire des travaux ? : \n\n\nL'autorisation préalable de la copropriété est obligatoirement exigée pour tous les travaux réalisés par un copropriétaire :\nsi ces travaux ont un impact sur les  parties communes de l'immeuble \n\nou si, même effectués sur le  lot privatif  du copropriétaire, ils modifient l'aspect extérieur de l'immeuble (par exemple, modification de la couleur des volets, remplacement des fenêtres).\nL'autorisation s'obtient par un  vote de l'assemblée générale .\nLes  règles de majorité  varient selon la nature des travaux envisagés.\nLa copropriété est en droit d'exiger la remise en état des lieux aux frais du copropriétaire si celui-ci réalise des travaux sans passer par un vote en assemblée générale.\nl'autorisation accordée par l'assemblée générale ne dispense pas le copropriétaire de demander par ailleurs toutes les  autorisations d'urbanisme  éventuellement nécessaires.\nPartie de bâtiment comportant obligatoirement une partie privative et une quote-part de parties communes\nParties de bâtiments (couloirs, chaudière, canalisation, garde-corps...) et des terrains (jardins, parcs...) affectés à l'usage ou à l'utilité de tous les copropriétaires",
    "link": "https://www.service-public.fr/particuliers/vosdroits/F1107",
    "arborescence": {
        "audience": "Particuliers",
        "theme": "Logement",
        "dossier": "Assemblée générale des copropriétaires",
        "sous_dossier": "",
        "titre": "Copropriété : quand doit-on obtenir l'autorisation pour faire des travaux ?"
    }
}