{
    "text": "Arrêt maladie d'un agent public pendant les congés : quelles sont les règles ? : \n\n\nL'agent, titulaire ou contractuel, qui tombe malade pendant une période de congé annuel, peut obtenir le report de ses jours de congés restants. Le juge européen considère que le  report des congés payés  s'impose. Toutefois, cette position n'a pas été confirmée par le juge français.\nSi l'administration n'accorde pas de report à l'agent tombé malade durant ses congés, celui-ci peut  saisir  le tribunal administratif  pour demander l'obtention de ce report.",
    "link": "https://www.service-public.fr/particuliers/vosdroits/F11016",
    "arborescence": {
        "audience": "Particuliers",
        "theme": "Travail",
        "dossier": "Maladie ou accident du travail dans la fonction publique",
        "sous_dossier": "",
        "titre": "Arrêt maladie d'un agent public pendant les congés : quelles sont les règles ?"
    }
}