{
    "text": "Achat d'un produit : garantie légale des vices cachés : \n\n\nLorsque vous achetez un produit, le vendeur  doit vous garantir contre ses défauts cachés. La garantie s'applique si plusieurs conditions sont réunies : le défaut était caché,  il existait à la date d'achat et il rend le produit inutilisable ou diminue très fortement son usage. Vous devez agir dans un délai de 2 ans après la découverte du vice. La durée de cette garantie est limitée à 5 ans après l'achat. Vous devez prouver l'existence du défaut.\nDe quoi s'agit-il ?\nLa garantie légale des vices cachés vous permet d'obtenir un remboursement total ou partiel de votre achat ainsi qu'une indemnisation en cas de dommage.\nPour pouvoir mettre en œuvre la garantie, le défaut doit :\nêtre un défaut caché, c'est-à-dire non apparent lors de l'achat,\nrendre le bien inutilisable ou diminuer très fortement son usage,\net exister au moment de l'achat.\nles conditions générales de vente (CGV) doivent inclure une information  sur la garantie, sa mise en œuvre et son contenu.\nLa garantie s'applique :\nquel que soit le bien que vous avez acheté (neuf ou d'occasion, en promotion...)  mobilier  ou  immobilier ,\net quel que soit le vendeur (professionnel ou particulier), ainsi qu'aux biens achetés directement auprès du fabricant.\ncette garantie ne s'applique pas aux ventes aux enchères.\nComment la mettre en œuvre ?\nVous avez  2 ans à partir de la découverte du défaut  pour mettre en œuvre la garantie légale des vices cachés. La durée de cette garantie est limitée à 5 ans après l'achat.\nL'action en garantie légale des vices cachés doit être exercée auprès du vendeur   par lettre recommandée avec avis de réception. Votre courrier doit être accompagné de justificatifs : bon de livraison, ticket de caisse...\nVous pouvez aussi directement rapporter le bien au vendeur contre remise d'un ticket de dépôt si vous souhaitez un remboursement total.\nC'est à vous de prouver l'existence du vice caché. Pour cela, vous pouvez produire les différentes attestations ou devis de réparation.\nVous pouvez aussi faire procéder à une expertise amiable. Pour trouver un expert près de votre domicile, vous pouvez consulter la liste des experts agréés auprès des tribunaux.\nRemboursement et indemnisation\nRemboursement total ou partiel\nVous avez le choix entre 2 solutions :\ngarder le produit et demander une réduction du prix\nou rendre le produit et demander le remboursement du prix payé ainsi que des frais occasionnés par la vente.\nIndemnisation\nSi vous estimez que le vendeur professionnel connaissait le défaut, vous pouvez aussi demander une indemnisation supplémentaire. Cette demande peut être faite en même temps que la demande de remboursement.\nCette indemnisation peut couvrir tous les préjudices causés (par exemple : blessure physique, vêtements abîmés par un lave-linge).\nEn cas de litige\nMédiation ou conciliation\nEn cas de litige persistant avec le vendeur, vous pouvez demander à un tiers d'intervenir. Il peut s'agir :\nd'un  médiateur , qui peut être lié au vendeur\nou d'un  conciliateur de justice , qui est indépendant.\nSaisine de la justice\nSi la médiation ou la conciliation a échoué, vous pouvez saisir la justice.\nVous pourrez alors  demander des dommages-intérêts . \nLe tribunal compétent dépend du montant du litige.\nLa juridiction compétente dépend des sommes en jeu dans le litige.\nPour un litige inférieur ou égal à    10 000 € , c'est  le tribunal de proximité ou le tribunal judiciaire.\nPour un  litige  supérieur à  10 000 € , c'est le  tribunal judiciaire.\nBien ne pouvant pas être déplacé (exemples : terrain ou appartement) ou objet en faisant partie intégrante (exemple : clôture du terrain)\nBien qui peut être déplacé. Il peut s'agir d'un  bien corporel (objets, mobilier ou marchandise par exemple) ou d'un bien incorporel (par exemple droits d'auteur, parts sociales).",
    "link": "https://www.service-public.fr/particuliers/vosdroits/F11007",
    "arborescence": {
        "audience": "Particuliers",
        "theme": "Argent",
        "dossier": "Garanties",
        "sous_dossier": "",
        "titre": "Achat d'un produit : garantie légale des vices cachés"
    }
}