{
    "text": "Pilule du lendemain ou stérilet utilisé comme contraception d'urgence : \n\n\nLa contraception d'urgence, appelée également  pilule du lendemain , est un médicament à utiliser le plus rapidement possible en cas de rapport sexuel non ou mal protégé. Ce médicament agit principalement en retardant l'ovulation.\nDe quoi s'agit-il ?\nLa contraception d'urgence est un médicament à utiliser en cas de rapport sexuel non ou mal protégé (par exemple, rupture du préservatif, absence de contraception). \nCe médicament se présente sous la forme d'un comprimé unique qu'il faut prendre le plus tôt possible, car son efficacité diminue avec le temps. \nIl en existe 2 types : \nau lévonorgestrel (il doit être pris au plus tard dans les 3 jours après un rapport sexuel non ou mal protégé)\net à l'ulipristal acétate (il doit être pris au plus tard dans les 5 jours après un rapport sexuel non ou mal protégé).\nl’efficacité de la contraception d'urgence n'est pas assurée à  100 % .\nDémarche\nVous pouvez vous procurer une contraception d'urgence médicamenteuse de manière anonyme en pharmacie.\nAu collège, au lycée et à l'université, si un médecin n'est pas immédiatement accessible, un infirmier peut la  délivrer.\nVous pouvez également vous adresser à un médecin, une sage-femme ou à un centre de planification ou d'éducation familiale.\nCoût\nPour une mineure\nVous pouvez obtenir une contraception d'urgence gratuitement, sans ordonnance d'un médecin.\nPour une majeure\nVous pouvez obtenir une contraception d'urgence sans ordonnance, mais elle ne sera pas remboursée.\nElle vous sera remboursée à hauteur de  65 %  par l'Assurance maladie si vous avez une ordonnance.\nDe quoi s'agit-il ?\nLa contraception d'urgence peut aussi se présenter sous la forme d'un dispositif intra-utérin (DIU) au cuivre (stérilet). Il peut être posé jusqu'à 5 jours après la date du rapport sexuel non ou mal protégé. Le DIU est considéré comme la méthode de contraception d'urgence la plus efficace en cas de rapport non ou mal protégé.\nDémarche\nIl faut au préalable consulter un médecin généraliste, un gynécologue ou une sage-femme, précisez qu'il s'agit d'une urgence. Lors de la première consultation, après avoir vérifié l'absence de contre-indications, le professionnel vous prescrira le DIU. Lors de la seconde consultation, le professionnel effectuera la pose.\nVous pouvez également vous adresser à un centre de planification et d'éducation familiale (CPEF) qui accueille gratuitement en consultation les mineures et les majeures non assurées sociales.\nCoût\nAprès consultation d'un médecin généraliste, d'un gynécologue ou d'une sage-femme, vous pourrez l'acheter en pharmacie. Il coûte  30,50 €  et est remboursé à  65 % .\n\n\t\t\tService de renseignement à destination des jeunes (12-25 ans) dans le domaine de la santé : sexualité, nutrition, contraception, drogues, mal de vivre...\nPar téléphone\n\n\t\t\t 0800 235 236 \n      appel et service gratuit, depuis un téléphone fixe ou mobile\n\n\t\t\t +33 (0)1 44 93 30 74  (depuis un téléphone mobile, au prix d'un appel local)\n\t\t\n\n\t\t\tOuvert du lundi au dimanche de 9h à 23h\nEn ligne\nhttps://www.filsantejeunes.com/contact",
    "link": "https://www.service-public.fr/particuliers/vosdroits/F1100",
    "arborescence": {
        "audience": "Particuliers",
        "theme": "Social - Santé",
        "dossier": "Contraception - IVG",
        "sous_dossier": "",
        "titre": "Pilule du lendemain ou stérilet utilisé comme contraception d'urgence"
    }
}