{
    "text": "Interruption médicale de grossesse (IMG) : \n\n\nL'interruption médicalisée de grossesse (IMG), également appelée  avortement thérapeutique , peut être réalisée uniquement lorsque la santé de la femme enceinte ou de son enfant est en cause.\n\t\t\n\t\t\t\nDans quels cas ?\nL'IMG peut être réalisée dans l'un des cas suivants :\nL'enfant à naître est atteint d'une affection particulièrement grave et incurable\nLa grossesse met gravement en danger la santé de la femme enceinte\nl'IMG peut être pratiquée à tout moment de la grossesse.\nProcédure\nLa procédure de décision d'IMG dépend du motif (santé de la mère ou de l'enfant). \nSanté de l'enfant\nSi l'enfant est atteint d'une affection grave, l'équipe médicale est celle d'un centre pluridisciplinaire de diagnostic prénatal.\nLa femme enceinte peut demander à un médecin de son choix d'y être associé.\nHors urgence médicale, il doit être proposé à la femme enceinte un délai de réflexion d'au moins une semaine avant de décider d'interrompre ou de poursuivre sa grossesse.\nSanté de la femme\nLorsque l'IMG est demandée pour la santé de la femme, elle doit s'adresser à un médecin spécialiste qualifié en gynécologie obstétrique. Ce médecin doit exercer en établissement public de santé ou dans un établissement privé autorisé à recevoir les femmes enceintes.\n\t\t\n\t\t\t\nCe médecin réunit alors une équipe pluridisciplinaire, pour avis consultatif. Cette équipe comprend au minimum 4 personnes :\nun médecin spécialiste qualifié en gynécologie obstétrique, membre d'un centre pluridisciplinaire de diagnostic prénatal,\nun médecin choisi par la femme enceinte,\nun assistant social ou un psychologue,\nun ou des praticiens spécialistes de l'affection dont la femme est atteinte. \nLes 2 médecins doivent exercer en établissement public de santé, ou en établissement privé autorisé à recevoir les femmes enceintes.\nComment est prise la décision ?\nLa décision appartient à l'équipe pluridisciplinaire. Après  concertation, s'il apparaît aux 2 médecins que le risque est fondé, ils établissent les attestations permettant de pratiquer l'IMG.\nDans tous les cas, la femme enceinte concernée doit bénéficier d'une information complète et donner son accord.\nElle (seule ou en couple) peut demander à être entendue préalablement par l'équipe ou par certains de ses membres.\nDéroulement\nL'IMG se déroule dans le cadre d'une hospitalisation.\nL'IMG peut être réalisée par vois médicamenteuse, chirurgicale ou en déclenchant l'accouchement par les voies naturelles.\nPendant et après l'intervention, des précautions sont prises pour éviter les effets secondaires et les risques, tant pour la santé de la mère que pour une future grossesse.",
    "link": "https://www.service-public.fr/particuliers/vosdroits/F1101",
    "arborescence": {
        "audience": "Particuliers",
        "theme": "Social - Santé",
        "dossier": "Grossesse, assistance à la procréation",
        "sous_dossier": "Grossesse",
        "titre": "Interruption médicale de grossesse (IMG)"
    }
}