{
    "text": "Dépannage sur autoroute : quelles sont les règles et les tarifs ? : \n\n\nEn cas de panne sur une autoroute, seule une entreprise agréée est autorisée à intervenir.  Les tarifs sont réglementés.\nQui peut intervenir ?\nSur une autoroute, seule une entreprise agréée est autorisée à intervenir.\nVous devez utiliser une borne d'urgence pour l'appeler.\nPrestations assurées\nLe dépanneur doit arriver sur les lieux dans les 30 minutes suivant votre appel à la borne d'urgence.\nEn cas de petite panne, le dépanneur s'occupe du déplacement du véhicule et de sa réparation sur place.\nSi une réparation sur place est impossible, le dépanneur assure le remorquage ou le transport de votre véhicule immobilisé :\nau garage du véhicule d'intervention,\nou, à votre demande, en un lieu situé à moins de 5 km de la sortie de l'autoroute ou de la voie expresse.\nTarifs réglementés\nDépannage sur place\nLe montant  TTC  d'un dépannage sur place d'un véhicule d'un  PTAC  inférieur à 3,5 tonnes est de  131,94 € .\nCe tarif correspond à un appel du lundi au vendredi de 8 heures à 18 heures.\nSi l'appel est passé le soir ou la nuit (entre 18 heures et 8 heures) ou un samedi, dimanche ou jour férié, ce tarif est de  197,91 €  TTC.\nle prix des fournitures éventuelles est facturé en supplément.\nDépannage nécessitant un remorquage\nType de véhicule\nAppel effectué du lundi au vendredi entre 8h et 18h\nAppel effectué de nuit entre 18h et 8h, le samedi, dimanche et jour férié\nVéhicule dont le  PTAC  est de 1,8 tonne maximum \n\n 131,94 € \n\n\n 197,91 € \n\nVéhicule dont le  PTAC  est supérieur à 1,8 tonne et inférieur à 3,5 tonnes\n\n 163,15 € \n\n\n 244,73 € \n\nl'information sur les tarifs est affichée  dans la cabine du véhicule de dépannage. Après exécution de la prestation de dépannage ou d'évacuation, le dépanneur doit vous remettre une facture indiquant les prestations fournies et leur prix.\nQue faire en cas de litige ?\nAdressez-vous à la Direction générale de la concurrence, de la consommation et de la répression des fraudes (Service national des enquêtes) :\nPoids total autorisé en charge\nToutes taxes comprises",
    "link": "https://www.service-public.fr/particuliers/vosdroits/F11056",
    "arborescence": {
        "audience": "Particuliers",
        "theme": "Transports",
        "dossier": "Infractions routières",
        "sous_dossier": "",
        "titre": "Dépannage sur autoroute : quelles sont les règles et les tarifs ?"
    }
}