{
    "text": "La famille déjà en France peut-elle bénéficier d'un regroupement familial ? : \n\n\nMaghreb ou Afrique subsaharienne\nOui, l'époux(se) et les enfants de l'étranger déjà en France peuvent bénéficier d'un regroupement familial sur place.\nL'époux doit vivre en France sous couvert d'une carte de séjour d' 1 an minimum.\nC'est  notamment le cas lorsque l'époux(se) bénéficiaire séjourne en France sous le statut de  salarié, travailleur temporaire ,  d'étudiant  ou de  visiteur .\nLes autres conditions à remplir par le demandeur et les bénéficiaires du regroupement sont les mêmes que pour la  procédure normale  (la demande de visa en moins).\nEn cas d'accord, l'époux et les enfants originaires du Maghreb ou  d'Afrique subsaharienne  reçoivent une   carte de résident  (valable 10 ans), si l'étranger à l'origine du regroupement est titulaire d'un tel titre. Sinon, ils reçoivent une carte de séjour d'un an. Les enfants mineurs reçoivent quant à eux un  document de circulation pour étranger mineur .\nAutre nationalité\nOui, l'époux(se) et les enfants de l'étranger déjà en France peuvent bénéficier d'un regroupement familial sur place.\nL'époux doit vivre en France sous couvert d'une carte de séjour d' 1 an minimum.\nC'est  notamment le cas lorsque l'époux(se) bénéficiaire séjourne en France sous le statut de  salarié, travailleur temporaire ,  d'étudiant  ou de  visiteur .\nLes autres conditions à remplir par le demandeur et les bénéficiaires du regroupement sont les mêmes que pour la  procédure normale  (la demande de visa en moins).\nEn cas d'accord, l'époux bénéficiaire et les enfants majeurs reçoivent une   carte de séjour temporaire vie privée et familiale  (valable 1 an). Les enfants mineurs reçoivent un  document de circulation pour étranger mineur .\nBénin, Burkina Faso, Cameroun, République centrafricaine, Congo (Brazzaville), Côte d'Ivoire, Mali, Mauritanie, Niger, Sénégal, Togo",
    "link": "https://www.service-public.fr/particuliers/vosdroits/F11167",
    "arborescence": {
        "audience": "Particuliers",
        "theme": "Étranger",
        "dossier": "Installation en France d'une famille étrangère",
        "sous_dossier": "",
        "titre": "La famille déjà en France peut-elle bénéficier d'un regroupement familial ?"
    }
}