{
    "text": "Dans quel cas peut-on procéder à l'exhumation d'un corps ? : \n\n\nL'exhumation qui consiste à sortir un cercueil ou les restes du défunt d'une fosse ou d'un caveau, est soumise à une autorisation. Elle peut être demandée par la famille du défunt ou avoir lieu à l'initiative de la mairie, de la sécurité sociale ou de la justice.\nÀ la demande de la famille\nPour quelles raisons peut-elle être demandée ?\nIl est possible de demander une exhumation pour déplacer le corps d'un cimetière à un autre,  notamment pour rapprocher le défunt du lieu de résidence de sa famille.\nL'exhumation est possible aussi pour procéder à une réduction ou réunion de corps qui consiste à recueillir les restes mortuaires dans un cercueil de réduction ou une boîte à ossements pour les déposer dans la même sépulture.\nQui peut demander l'exhumation ?\nSeul le plus proche parent peut la demander ou la personne dûment mandatée par ce dernier. Il  peut s'agir notamment d'une société de pompes funèbres.\nLe plus proche parent du demandeur est défini comme étant, dans l'ordre : le conjoint non séparé, les enfants du défunt, les parents, les frères et sœurs.\nEn cas de conflit entre parents de même degré, il appartiendra au tribunal judiciaire de trancher.\nÀ qui demander l'autorisation d'exhumation ?\nCas général\nL'exhumation doit être demandée au maire de la commune où elle doit avoir lieu.\nÀ Paris\nÀ Paris, l'exhumation doit être demandée à la préfecture de police.\nDélai pour demander l'exhumation\nL'autorisation d'exhumation peut être accordée quelle que soit la date à laquelle ont eu lieu le décès et l'inhumation.\nToutefois, si le défunt était atteint d'une maladie contagieuse au moment du décès, la demande d'exhumation ne pourra être effectuée qu'un an après la date du décès.\nLa réduction de corps n'est permise que si le ou les corps ont été inhumés depuis au moins 5 ans.\nPièces à fournir pour la demande\nLe parent demandeur doit obligatoirement fournir les documents suivants :\nJustificatif d'identité\nJustificatif de domicile\nPreuve de sa qualité de plus proche parent du défunt\nLa présence d'un parent est-elle nécessaire ?\nL'exhumation est faite en présence d'un parent ou d'une personne désignée par la famille.\nIl peut s'agir par exemple d'une  société de pompes funèbres, d'un exécuteur testamentaire ou d'un autre membre de la famille  mandaté.\nSi le parent ou la personne choisie par la famille n'est pas présent à l'heure indiquée, l'opération n'a pas lieu.\nÀ l'initiative de la mairie\nElle peut avoir lieu dans les cas suivants :\ndéplacement du cimetière communal,\n\n reprise de la concession arrivée à son terme et non renouvelée, \n \n\n\n reprise de concession en état d'abandon. \n\nÀ l'initiative de la sécurité sociale\nPour quelles raisons peut-elle être demandée ?\nEn cas de doute sur le lien de causalité entre un accident du travail et un décès, la caisse primaire d'assurance maladie peut demander une exhumation aux fins d'autopsie.\nElle peut le faire à la demande des ayants droit de la victime ou de sa propre initiative avec leur accord.\nÀ qui demander l'exhumation ?\nAu tribunal judiciaire dans le ressort duquel s'est produit l'accident.\nQui prend en charge les frais d'exhumation ?\nLes opérations funéraires sont à la charge de la caisse primaire d'assurance maladie.\nÀ l'initiative de la justice\nPour quelles raisons peut-elle être demandée ?\nToute juridiction d'instruction ou de jugement,  peut,  à la demande du ministère public ou des parties, ou d'office, demander une exhumation.\nQui prend en charge les frais d'exhumation ?\nLes frais funéraires sont à la charge du ministère de la justice.",
    "link": "https://www.service-public.fr/particuliers/vosdroits/F1115",
    "arborescence": {
        "audience": "Particuliers",
        "theme": "Famille",
        "dossier": "Déclaration de décès, obsèques et sépulture",
        "sous_dossier": "",
        "titre": "Dans quel cas peut-on procéder à l'exhumation d'un corps ?"
    }
}