{
    "text": "Quels documents faut-il pour circuler en scooter de moins de 50cm3 ? : \n\n\nPour circuler avec un 2 roues de moins de 50 cm3 (scooter, cyclomoteur...), il vous faut un document qui indique  votre âge, et un justificatif d'immatriculation et d'assurance de l'engin. Si vous êtes né après 1987, vous devez disposer de documents supplémentaires.\nPour circuler avec un 2 roues de moins de  50 cm 3  (scooter, cyclomoteur...), vous devez avoir les 3 documents suivants :\nDocument qui atteste   que vous êtes né avant 1988\n\n Certificat d'assurance    du cyclomoteur, apposé sur sa surface\nCarte grise (désormais appelée  certificat d'immatriculation ) du 2 roues\ncirculer avec un 2 roues motorisé non immatriculé sur la voie publique  vous expose à une amende  pouvant aller jusqu'à  750 € . En général, il s'agit d'une amende forfaitaire de  135 € .\nPour circuler avec un 2 roues de moins de  50 cm 3  (scooter, cyclomoteur...), vous devez avoir les 4 documents suivants :\nDocument qui atteste que vous avez  plus de 14 ans\n\n Certificat d'assurance   du cyclomoteur, apposé sur sa surface\nCarte grise (désormais appelée  certificat d'immatriculation ) du 2 roues\nle  BSR   ou un permis de conduire d'une autre catégorie.\nEn cas de non-présentation, vous risquez une amende   pouvant aller jusqu'à   150 € . En général, il s'agit d'une amende forfaitaire de  35 € .\ncirculer avec un 2 roues motorisé non immatriculé sur la voie publique  vous expose à une amende  pouvant aller jusqu'à  750 € . En général, il s'agit d'une amende forfaitaire de  135 € .\nBrevet de sécurité routière",
    "link": "https://www.service-public.fr/particuliers/vosdroits/F1113",
    "arborescence": {
        "audience": "Particuliers",
        "theme": "Argent",
        "dossier": "Assurance automobile (véhicule)",
        "sous_dossier": "",
        "titre": "Quels documents faut-il pour circuler en scooter de moins de 50cm3 ?"
    }
}