{
    "text": "Comment est imposé le salaire d'un apprenti ? : \n\n\nSi vous étiez apprenti en 2019 et que vous avez reçu des revenus liés à ce contrat d'apprentissage, ces salaires sont exonérés jusqu'à  18 255 € .\ncette somme s'apprécie avant déduction des  frais professionnels .\nVous ne devez donc déclarer que la partie du salaire supérieure à cette somme.\nPar exemple, vous étiez  apprenti en 2019 et vous avez perçu  18 500 €  de salaire.\nLe montant de ce salaire est exonéré dans la limite de  18 255 € .\nLe revenu à déclarer est de  18 500 € -  18 255 €  =  245 € \n\nVous êtes un particulier\nPar téléphone :\n\n 0809 401 401 \n\nDu lundi au vendredi de 8h30 à 19h, hors jours fériés.\nService gratuit + prix appel\nVous êtes un professionnel\nPar téléphone :\n\n 0 806 000 225 \n\nDu lundi au vendredi de 8h30 à 19h, hors jours fériés.\nService gratuit + prix appel",
    "link": "https://www.service-public.fr/particuliers/vosdroits/F11249",
    "arborescence": {
        "audience": "Particuliers",
        "theme": "Argent",
        "dossier": "Impôt sur le revenu : déclaration et revenus à déclarer",
        "sous_dossier": "",
        "titre": "Comment est imposé le salaire d'un apprenti ?"
    }
}