{
    "text": "Peut-on voter par internet pour les élections politiques ? : \n\n\nPour participer au scrutin, vous ne pouvez pas voter par internet. Vous devez vous rendre à votre bureau de vote avec les  justificatifs d'identité  nécessaires.\nSi toutefois vous êtes absent le jour du scrutin, vous pouvez  donner une procuration  à un électeur de votre commune afin qu'il vote à votre place.\nVoter par internet pour certaines élections est possible :\nsi vous êtes installé à l'étranger,\net si vous êtes inscrit sur la liste électorale consulaire.\nLors de votre inscription sur la liste électorale consulaire, vous devez avoir fourni :\nune adresse électronique (adresse e-mail)\net un numéro de téléphone,\nafin qu'un  identifiant et un mot de passe \n\n puissent vous être  communiqués.\nVous pouvez choisir de voter par internet :\nsoit aux  élections législatives , mais vous pouvez opter pour le vote au  bureau de vote , par  correspondance \n\n ou par  procuration ,\nsoit à l'élection des  conseillers des Français de l'étranger , mais vous pouvez opter pour le vote   au  bureau de vote  ou par  procuration .",
    "link": "https://www.service-public.fr/particuliers/vosdroits/F11257",
    "arborescence": {
        "audience": "Particuliers",
        "theme": "Papiers - Citoyenneté",
        "dossier": "Élections",
        "sous_dossier": "",
        "titre": "Peut-on voter par internet pour les élections politiques ?"
    }
}