{
    "text": "Faute simple, grave ou lourde : quelles différences pour le salarié licencié ? : \n\n\nUn salarié peut être licencié pour faute simple, faute grave ou faute lourde, au terme d'une procédure disciplinaire.  Les conséquences du licenciement varient en fonction de la qualification retenue par l'employeur. En cas de litige, c'est au juge de déterminer si le salarié a commis une faute et s'il s'agit d'une faute simple, grave ou lourde.\nFaute simple\nConditions\nLa faute commise par le salarié ne justifie pas nécessairement la qualification de faute grave.\nCependant, elle peut constituer une cause réelle et sérieuse de licenciement.\nLa faute simple peut être reconnue, par exemple, à l'occasion d'une erreur ou d'une négligence commise par le salarié dans le cadre de son travail.\nLe salarié licencié effectue son  préavis , sauf dispense de l'employeur.\nun juge peut requalifier un licenciement pour faute grave (ou lourde) en un licenciement pour faute simple.\nEffet sur les indemnités de rupture du contrat\nLe salarié licencié pour faute simple a droit de percevoir, s'il remplit les conditions permettant d'en bénéficier, les indemnités suivantes :\n\n Indemnité de licenciement \n\n\n Indemnité compensatrice de préavis \n\n\n Indemnité compensatrice de congés payés \n\nFaute grave\nConditions\nLa faute grave est d'une telle gravité que l'employeur ne peut pas maintenir le salarié dans l'entreprise, même temporairement.\nLe ou les faits fautifs doivent être directement imputables au salarié. La faute grave entraîne le départ immédiat du salarié.\nLa gravité de la faute est appréciée en fonction des circonstances propres à chaque fait. La faute grave peut être reconnue même si la faute est commise pour la première fois.\nEn pratique, la faute grave est souvent admise dans les cas suivants :\nAbsences injustifiées ou  abandon de poste \n\nIndiscipline ou insubordination du salarié (refus d'effectuer une tâche de travail prévue dans le contrat)\n\n Harcèlement , violences ou injures envers l'employeur ou d'autres salariés\nVols dans l'entreprise\nÉtat d'ivresse pendant les heures de travail\nEffet sur les indemnités de rupture du contrat\nL'indemnité de licenciement et l'indemnité compensatrice de préavis ne sont pas versées au salarié. Il reçoit l'indemnité compensatrice de congés payés, s'il en remplit les  conditions .\nFaute lourde\nConditions\nLa faute lourde est une faute d'une particulière gravité, révélant une intention de nuire du salarié à l'encontre de l'entreprise et de l'employeur. La faute lourde justifie la rupture immédiate du contrat de travail.\nC'est à l'employeur d'apporter la preuve de cette intention de nuire. En l'absence de preuve, la faute lourde ne peut pas être reconnue.\nEn pratique, la faute lourde peut être admise dans les cas suivants :\nDégradation volontaire d'un outil de l'entreprise\nViolence physique et menace de mort envers l'employeur\nSéquestration d'un membre du personnel de l'entreprise\nDétournement de clientèle au profit d'un concurrent\nDivulgation d'informations secrètes ou confidentielles\nBlocage de l'accès à l'entreprise aux salariés non grévistes par des salariés grévistes\nEffet sur les indemnités de rupture du contrat\nL'indemnité de licenciement et l'indemnité compensatrice de préavis ne sont pas versées au salarié. Il reçoit l'indemnité compensatrice de congés payés, s'il en remplit les  conditions .\nsi la faute commise  a causé un préjudice à l'employeur, le salarié peut être condamné à le réparer en versant à l'employeur des  dommages-intérêts .\nSomme d'argent destinée à réparer le préjudice subi",
    "link": "https://www.service-public.fr/particuliers/vosdroits/F1137",
    "arborescence": {
        "audience": "Particuliers",
        "theme": "Travail",
        "dossier": "Licenciement pour motif personnel (secteur privé)",
        "sous_dossier": "",
        "titre": "Faute simple, grave ou lourde : quelles différences pour le salarié licencié ?"
    }
}