{
    "text": "Comment faire constater l'abandon du domicile conjugal par un époux ? : \n\n\nEn se mariant, les époux s'obligent mutuellement à une  communauté de vie . L'abandon du domicile conjugal est donc une violation au devoir de vivre ensemble sous le même toit. Le départ d'un époux du domicile conjugal permet de demander le divorce pour altération définitive du lien conjugal. Plusieurs moyens existent pour faire constater cet abandon : les déclarations de tiers, le constat d'huissier ou encore la main courante.\nDéclarations de tiers\nToute personne (ami, voisin...) ayant une connaissance personnelle directe du départ de votre époux peut établir une attestation de témoin. Cette attestation doit présenter précisément ce qu'il sait du départ de votre mari ou femme.\nL'attestation de témoin peut préciser notamment les informations suivantes :\nJour, heure, circonstances du départ de l'époux\nSes déclarations éventuelles lors du départ\nFaits matériels (par exemple, l'époux a emporté ou pas ses affaires personnelles avec lui)\nConstat d'huissier\nLe constat d'huissier se fait de votre propre initiative.\nIl est rédigé chez vous, au sein de votre domicile conjugal. Il s'agit d'un  acte authentique  et a donc  force de preuve. Pour rappel, l'acte authentique établit une situation précise à une date certaine.\nL'huissier n'a pas besoin d'une autorisation judiciaire préalable pour réaliser ce constat.\nLes honoraires de l'huissier  sont  fixés librement.\nMain courante\nL'enregistrement d'une  main courante  auprès d'un commissariat  peut être effectué lorsque votre époux (mari ou femme) quitte le domicile conjugal.\nCette déclaration doit être faite de votre propre initiative et n'a pas réellement valeur de preuve.\nElle peut constituer un élément de preuve, mais doit être complétée par d'autres preuves.\nVivre ensemble, matériellement et sentimentalement (chacun peut avoir son domicile)\nDocument établi par un officier public compétent (notaire, huissier, officier d'état civil), rédigé selon les formalités exigées par la loi et dont le contenu  peut avoir la même force qu'une décision judiciaire",
    "link": "https://www.service-public.fr/particuliers/vosdroits/F11301",
    "arborescence": {
        "audience": "Particuliers",
        "theme": "Famille",
        "dossier": "Divorce, séparation de corps",
        "sous_dossier": "",
        "titre": "Comment faire constater l'abandon du domicile conjugal par un époux ?"
    }
}