{
    "text": "Un salarié peut-il refuser de travailler dans une situation dangereuse ? : \n\n\nOui. Un salarié dispose d'un  droit d'alerte et de retrait .\nLorsque la situation de travail présente un  \n danger grave et imminent \n  pour sa vie ou sa santé, le salarié peut quitter son poste de travail ou refuser de s'y installer sans l'accord de l'employeur.\nIl peut alors exercer son droit de retrait et interrompre ses activités, tant que l'employeur n'a pas mis en place les mesures de prévention adaptées.\nL'origine du danger peut être diverse, par exemple :\nVéhicule ou équipement de travail défectueux et non conforme aux normes de sécurité\nAbsence d'équipements de protection collective ou individuelle\nProcessus de fabrication dangereux\nRisque d'agression.\nLe salarié n'a pas à prouver qu'il y a bien un danger, mais doit se sentir potentiellement menacé par un risque de blessure, d'accident ou de maladie. Le risque peut être immédiat ou survenir dans un délai rapproché.\nLe danger peut être  individuel ou collectif . Le retrait du salarié ne doit toutefois pas entraîner une nouvelle situation de danger grave et imminent pour d'autres personnes.\nLe salarié informe alors son employeur ou son responsable hiérarchique par tout moyen. Même si cela n'est pas obligatoire, un écrit (e-mail, courrier en main propre contre signature ou en lettre recommandée avec accusé de réception) est cependant  préférable . Le salarié peut aussi s'adresser aux représentants du personnel au comité économique et social (CSE).\nl'employeur ne peut effectuer  aucune retenue sur salaire ,  ni sanctionner  un travailleur ou un groupe de travailleurs qui a exercé son droit de retrait de manière légitime.\nÉvénement susceptible de produire, dans un délai brusque ou rapproché, une maladie  ou un accident grave voire mortel",
    "link": "https://www.service-public.fr/particuliers/vosdroits/F1136",
    "arborescence": {
        "audience": "Particuliers",
        "theme": "Travail",
        "dossier": "Conditions de travail dans le secteur privé",
        "sous_dossier": "",
        "titre": "Un salarié peut-il refuser de travailler dans une situation dangereuse ?"
    }
}