{
    "text": "Diagnostic immobilier : constat de risque d'exposition au plomb (Crep) : \n\n\nLe constat de risque d'exposition au plomb (Crep) est un document qui donne des informations sur  la présence de plomb dans un logement. Il concerne uniquement les logements construits avant 1949. Le plomb est généralement présent dans les anciennes peintures de ces logements. Ce document vise à informer le candidat acquéreur ou locataire sur le bien qu'il projette d'acheter ou de louer.\nDe quoi s'agit-il ?\nLe CREP consiste à mesurer la concentration en plomb des revêtements du logement pour identifier ceux contenant du plomb et décrire leur état de conservation.\nIl sert également à repérer les situations de risque de saturnisme infantile ou de dégradation du logement.\nLe vendeur (ou le bailleur en cas de location) doit prendre l'initiative de faire réaliser ce diagnostic par un professionnel.\nLogements concernés\nLe Crep s'applique aux logements (appartement et maison individuelle) construits avant  1949.\nRéalisation du diagnostic\nLe Crep doit être réalisé par un diagnostiqueur professionnel répondant à certains critères notamment de certification.\nLe diagnostiqueur doit rechercher la présence de plomb  sur :\nles revêtements du logement (peintures anciennes, plâtre, briques...) y compris ses revêtements extérieurs (volets par exemple),\net ses annexes dès lors qu'ils sont destinés à un usage courant (buanderie par exemple).\nContenu\nLe Crep doit contenir le rapport du diagnostiqueur. Une notice d'information sur les dangers du plomb pour la santé doit être annexée au Crep.\nLe Crep doit être  intégré au dossier de diagnostic technique (DDT) et être remis à  l'acquéreur  ou au  locataire .\nConséquence en présence de plomb\nSi le Crep met en évidence la présence de plomb à des concentrations supérieures au seuil de 1 mg/cm², le propriétaire du logement doit faire des travaux.\nDurée de validité\nEn cas de vente\nPas de plomb ou présence de plomb à des concentrations inférieures à 1 mg/cm²\nLa durée de validité du Crep est illimitée. Le Crep initial doit alors être joint à chaque promesse de vente ou, à défaut, à l'acte de vente.\nPlomb présent à des concentrations supérieures à 1 mg/cm²\nLe Crep doit avoir été réalisé depuis moins d'1 an au moment de la vente du logement.\nEn cas de location\nPas de plomb ou présence de plomb à des concentrations inférieures à 1 mg/cm²\nLa durée de validité du Crep est illimitée. Le Crep initial doit alors être joint à chaque contrat de location.\nPlomb présent à des concentrations supérieures à 1 mg/cm²\nLe Crep doit avoir été réalisé depuis moins de 6 ans au moment de la mise en location du logement.\nSanctions\nPour le vendeur\nLa responsabilité du vendeur peut être engagée s'il ne transmet pas volontairement le diagnostic ou s'il mentionne de fausses informations dans l'annonce de vente pour induire le futur acquéreur en erreur.\nL'acquéreur peut saisir le  tribunal  pour demander l'annulation de la vente ou des dommages-intérêts.\nL’acquéreur peut également   saisir le service des fraudes de la Direction générale de la concurrence, de la consommation et de la répression des fraudes (DGCCRF) .\nLa DGCCRF peut infliger au vendeur :\nune amende de  300 000 € ,\net une peine de 2 ans de prison.\nLe vendeur peut également se voir infliger une amende de  1 500 €  s'il a recours à un diagnostiqueur non certifié pour réaliser le diagnostic ( 3 000 €  en cas de récidive).\nLe vendeur peut également se voir infliger une amende de  1 500 €  s'il a recours à un diagnostiqueur non certifié pour réaliser le diagnostic ( 3 000 €  en cas de récidive).\nPour le bailleur\nLa responsabilité du bailleur peut être engagée s'il ne transmet pas volontairement le diagnostic ou s'il mentionne de fausses informations dans l'annonce de location pour induire le futur locataire en erreur.\nLe locataire peut saisir le  tribunal  pour demander l'annulation du bail ou une réduction du prix du loyer.\nLe locataire peut également   saisir le service des fraudes de la Direction générale de la concurrence, de la consommation et de la répression des fraudes (DGCCRF) .\nLa DGCCRF peut infliger au bailleur :\nune amende de  300 000 € ,\net une peine de 2 ans de prison.\nLe bailleur peut également se voir infliger une amende de  1 500 €  s'il a recours à un diagnostiqueur non certifié pour réaliser le diagnostic ( 3 000 €  en cas de récidive).\nPour le diagnostiqueur\nS'il commet une faute dans l'exercice de sa mission en ne respectant pas les règles de l'art et les normes (par exemple, diagnostic erroné) il est tenu d'indemniser l'acheteur ou le locataire pour le préjudice subi.\nIl peut se voir infliger  une amende de  1 500 €  s'il exerce sans certification  ( 3 000 €  en cas de récidive).\nPour le notaire\nLa responsabilité du notaire peut notamment être engagée s'il a validé la vente en l'absence de diagnostic ou en ayant connaissance d'informations mensongères induisant le futur acquéreur en erreur.\nL'acquéreur peut saisir le   tribunal   et obtenir des dommages-intérêts.\nL’acquéreur peut également   saisir le service des fraudes de la Direction générale de la concurrence, de la consommation et de la répression des fraudes (DGCCRF) .\nLa DGCCRF peut infliger au notaire :\nune amende de  300 000 € ,\net une peine de 2 ans de prison.",
    "link": "https://www.service-public.fr/particuliers/vosdroits/F1142",
    "arborescence": {
        "audience": "Particuliers",
        "theme": "Logement",
        "dossier": "Diagnostic immobilier",
        "sous_dossier": "",
        "titre": "Diagnostic immobilier : constat de risque d'exposition au plomb (Crep)"
    }
}