{
    "text": "Location d'un logement par un couple marié : quelles sont les règles ? : \n\n\nLes époux  sont tous deux locataires en titre du logement qu'ils occupent, quel que soit leur régime matrimonial et même si le bail a été conclu avant le mariage par l'un des époux. Ils sont également tenus solidairement au paiement du loyer pendant toute la durée du bail, renouvellements compris. \nCotitularité du bail\nAu sein d'un couple marié, chaque époux est locataire en titre du logement où ils vivent ensemble, quel que soit leur régime matrimonial et même si le bail a été conclu avant le mariage par un seul des époux.\nSi l'un des époux donne congé, son conjoint reste locataire du bail.\nPour que le bail prenne fin, les époux doivent adresser ensemble leur lettre de congé.\nSolidarité du paiement des loyers\nLes époux sont solidaires du paiement des loyers et des charges.\nLe bailleur peut s'adresser à n'importe lequel des époux pour en obtenir leur règlement ou  le remboursement d'éventuels impayés.\nSi l'un des époux donne congé (préavis) au bailleur, il reste solidaire du paiement du loyer et des charges. Cette obligation prend fin :\nlorsque l'autre époux a lui-même donné congé (préavis) au bailleur, si le couple reste marié,\nlorsque le divorce est retranscrit en marge de l'acte d'état civil, si le couple se sépare.\nOpposabilité des courriers\nLes échanges de courriers entre le bailleur et l'un des époux ne sont pas  opposables  à l'autre époux.\nEn pratique, le bailleur doit donc notifier ses échanges à chacun des époux pour qu'ils soient valides (s'il notifie un congé, une revalorisation ou une augmentation de loyer par exemple).\nsi le bailleur n'a pas connaissance du mariage au moment de la notification, le courrier devient automatiquement opposable à l'époux qui n'en a pas été destinataire.\nDivorce\nDivorce par consentement mutuel\nLes époux peuvent convenir :\nde mettre fin au bail  en adressant tous les 2 leur congé au bailleur ,\nqu'un seul conserve la jouissance du logement. Dans ce cas, celui qui a quitté le logement et donné congé au bailleur reste   solidairement tenu de payer le loyer et les charges   jusqu'à la transcription du divorce en marge de l'état civil.\nAutre type de divorce\n\n Pendant la procédure de divorce \n\nLes époux peuvent convenir :\nde mettre fin au bail  en adressant tous les 2 leur congé au bailleur ,\nqu'un seul conserve la jouissance du logement. Dans ce cas, celui qui a quitté le logement et donné congé au bailleur reste   solidairement tenu de payer le loyer et les charges   jusqu'à la transcription du jugement prononçant le divorce en marge de l'état civil.\nEn cas désaccord, le juge peut décider de l'attribution du bail. Sa décision sera valable jusqu'au prononcé du divorce.\n\n Après le divorce \n\nSi l'un des époux demande à  conserver le logement après le divorce,  le juge l'attribue en fonction des intérêts sociaux et familiaux. En pratique, si l'époux souhaitant rester dans le logement a la garde des enfants, il obtiendra l'attribution du bail.\nL'autre époux cessera automatiquement d'être  solidairement tenu de payer le loyer et les charges du logement  dès que le jugement du divorce sera transcrit en marge de l'état-civil. Il n'est donc pas nécessaire qu'il délivre un congé au bailleur.\nDécès\nL'époux(se) resté dans le logement  dispose d'un droit exclusif sur le logement (les héritiers du défunt n'ont pas de droits sur le bail),  sauf s'il y renonce expressément.\nQui ne peut être méconnu par les tiers, lesquels doivent en subir les effets et les respecter",
    "link": "https://www.service-public.fr/particuliers/vosdroits/F1159",
    "arborescence": {
        "audience": "Particuliers",
        "theme": "Logement",
        "dossier": "Location immobilière : contrat de location (bail)",
        "sous_dossier": "",
        "titre": "Location d'un logement par un couple marié : quelles sont les règles ?"
    }
}