{
    "text": "Feuille de soins : \n\n\nPour obtenir le remboursement de vos dépenses de santé, certains documents doivent être transmis à votre organisme d'assurance maladie, par voie électronique ou sur support papier : la feuille de soins et si nécessaire, l'ordonnance.\nVous remettez au professionnel de santé votre  carte Vitale .\nLe professionnel de santé inscrit  sur son ordinateur les informations qui étaient auparavant indiquées sur la feuille de soins papier (indications sur votre état civil, date et nature des actes effectués, montant des honoraires perçus, etc.).\nIl transmet ensuite ces informations, par informatique, à  votre organisme d'assurance maladie .\nVous n'avez donc aucune démarche à faire pour être remboursé.\nEn cas d'échec de l'émission de la feuille de soins électronique, le professionnel de santé établit un duplicata (double) papier de la feuille de soins.\nla télétransmission des feuilles de soins s'applique à l'ensemble des médecins. Il se peut que, pour des raisons personnelles, votre médecin ne soit pas connecté. Il utilisera alors une feuille de soins papier.\nVous êtes l'assuré\nVous devez indiquer votre numéro de Sécurité sociale et signer la feuille de soins avant de l'envoyer à  votre organisme d'assurance maladie .\nPour remplir la feuille de soins, vous pouvez consulter la notice et demander conseil au professionnel de santé que vous consultez.\nVotre numéro de Sécurité sociale figure sur votre  carte Vitale  ou sur  l'attestation papier .\nEn cas de feuille de soins perdue ou non parvenue à l'organisme d'assurance maladie, vous pouvez demander au professionnel de santé un duplicata (double) de la feuille de soins.\nLa demande est à faire 15 jours au moins et 3 mois au plus tard après la date d'élaboration de la feuille de soins.\nSi une ordonnance vous a été prescrite, vous devez la joindre à la feuille de soins pour être remboursé.\nVous n'êtes pas l'assuré\nVous devez indiquer les renseignements suivants :\nVos nom et prénom\nVotre numéro de Sécurité sociale (si vous en avez un)\nVotre date de  naissance\nNom,  prénom, adresse et numéro de sécurité sociale de l'assuré dont vous dépendez\nPour remplir la feuille de soins, vous pouvez consulter la notice et demander conseil au professionnel de santé que vous consultez.\nVous devez signer la feuille de soins avant de l'envoyer à   votre organisme d'assurance maladie . En cas de feuille de soins perdue ou non parvenue à l'organisme d'assurance maladie, vous pouvez demander au professionnel de santé un duplicata (double) de la feuille de soins. La demande est à faire 15 jours au moins et 3 mois au plus tard après la date d'élaboration de la feuille de soins.\nSi une ordonnance vous a été prescrite, vous devez la joindre à la feuille de soins pour être remboursé.",
    "link": "https://www.service-public.fr/particuliers/vosdroits/F11616",
    "arborescence": {
        "audience": "Particuliers",
        "theme": "Social - Santé",
        "dossier": "Remboursement des soins par la sécurité sociale",
        "sous_dossier": "Conditions du remboursement des soins",
        "titre": "Feuille de soins"
    }
}