{
    "text": "Location meublée ou vide : quelles différences ? : \n\n\n\n Certaines règles sont différentes  entre un bail d'un logement   vide et un bail de  logement   meublé, notamment en ce qui concerne la durée du bail, le dépôt de garantie,  le congé (préavis) et l'ameublement du logement.\nBail d'habitation\nBail mobilité\n(logement meublé)\nLogement vide\nLogement meublé \nDurée du bail\n\n 3 ans minimum \n\n\n 1 an minimum (9 mois si le locataire est étudiant) \n\n\n De 1 à 10 mois maximum \n\nDépôt de garantie\n\n 1 mois maximum \n\n\n 2 mois maximum \n\nAucun\nPréavis du bailleur\n\n 6 mois minimum \n\n\n 3 mois minimum \n\n\n Possible avec un motif légitime (faute du locataire) \n\nPréavis du locataire\n-  3 mois minimum \n\n- ou  1 mois minimum  (dans certaines zones géographiques)\n\n 1 mois minimum \n\n\n 1 mois minimum \n\nImpôt sur le revenu du bailleur\n\n Revenus fonciers à déclarer \n\n\n Revenus locatifs à déclarer \n\n\n Revenus locatifs à déclarer \n\n\n Attention , la liste des éléments d'ameublement définissant le logement meublé diffère selon la date de signature du bail.\nBail signé après août 2015\nUn logement meublé est un  logement décent  équipé d'un d'ameublement minimum :\nLiterie avec couette ou couverture\nVolets ou rideaux dans les chambres\nPlaques de cuisson\nFour ou un four à micro-onde\nRéfrigérateur\nCongélateur ou  compartiment à congélation du réfrigérateur d'une température maximale de -6°\nVaisselle en nombre suffisant pour que les occupants puissent prendre les repas\nUstensiles de cuisine\nTable\nSièges\nÉtagères de rangement\nLuminaires\nMatériel d'entretien ménager adapté aux caractéristiques du logement (aspirateur s'il y a de la moquette, balai et serpillière pour du carrelage ...)\nle juge peut décider de requalifier le bail d'un logement meublé  en bail de logement vide, en cas de non respect de la liste des éléments d'ameublement.\nAvant septembre 2015\nLa loi ne précise pas les critères d'ameublement auxquels doit répondre un logement meublé. C'est le juge qui a précisé au fil du temps les caractéristiques d'un logement meublé.\nPour être considéré comme tel, un logement loué meublé avant le 1 er  septembre 2015 doit ainsi être doté de meubles et d'éléments d'équipement en nombre et en qualité suffisant pour permettre au locataire d'y vivre normalement avec ses seuls effets personnels.\nPour être qualifié de meublé, le logement doit comporter au minimum les éléments suivants :\nMeubles\nLiterie\nGazinière ou plaques chauffantes\nRéfrigérateur\nUstensiles de cuisines.\n\n D'autres  règles sont identiques pour  un bail d'habitation vide et un bail d'habitation meublée .\nC'est le cas pour tout ce qui touche à l'accès à un logement mis en location, c'est-à-dire :\n\n Dossier du candidat locataire \n\nRègles du  cautionnement \n\n\n Frais d'agence immobilière \n\n\n Discrimination au logement \n\nCritères de  décence \n\nLoyer ( fixation du loyer ,   paiement du loyer ,   conséquences d'un impayé ,  révision  du loyer en cours de bail et sa  réévaluation  en fin de bail),\n\n Charges locatives ,\n\n Assurance habitation \n\n\n Utilisation du logement \n\n\n Travaux et réparations locatives \n\n\n Sous-location \n\n\n Particularités : \n\nUn logement meublé peut également être mis en location   en tant que meublé de tourisme .\nUn logement social est un logement vide, mais il obéit  à certaines   règles particulières .\nLes locations dites  loi de 48  obéissent à une réglementation particulière concernant la fin du bail (conditions de  sortie du régime de 48 ,  congé du bailleur  et  congé du locataire ).",
    "link": "https://www.service-public.fr/particuliers/vosdroits/F1165",
    "arborescence": {
        "audience": "Particuliers",
        "theme": "Logement",
        "dossier": "Location immobilière : contrat de location (bail)",
        "sous_dossier": "",
        "titre": "Location meublée ou vide : quelles différences ?"
    }
}