{
    "text": "Comment savoir si mon passeport est sécurisé ? : \n\n\nAvant de demander une carte nationale d'identité ou un passeport, il est important de savoir si vous êtes déjà muni d'un passeport  récent et sécurisé (électronique ou biométrique). En fonction de la nature et de la date du passeport, vous n'aurez pas besoin de fournir une nouvelle fois, les documents liés à votre état civil et à votre nationalité.\nPasseport délivré après juin 2009\nTout passeport délivré  depuis le 29 juin 2009  est un passeport biométrique.\nSur la couverture d'un passeport biométrique, le mot passeport est souligné.\nEntre avril 2006 et juin 2009\nTout passeport délivré depuis le 29 juin 2009 est un passeport biométrique.\nType de passeport\nTitre sécurisé ?\nDescription\nPériode de mise en circulation\n(en  métropole)\nPasseport biométrique\nOUI\nSur la couverture, le mot  passeport  est souligné\nSous le mot passeport, se trouve un symbole sécurisé (cercle à l'intérieur d'un rectangle)\nPhoto reproduite 2 fois sur la même page\nPremière mise en circulation :  31 octobre 2008 (selon les départements)\nGénéralisation :  29 juin 2009\nPasseport électronique\nOUI\nSur la couverture, le mot  passeport  n'est pas souligné.\nSous le mot passeport, se trouve un symbole sécurisé (cercle à l'intérieur d'un rectangle)\nPhoto reproduite 2 fois sur la même page\nDernière mise en circulation : juin 2009\nPasseport Delphine\n(à lecture optique)\nNON\nSur la couverture, inscription des mots  Union européenne \n\nPage de la photo :  en mode paysage.\n36 pages numérotées\nDernière mise en circulation : avril 2006\nAvant avril 2006\nType de passeport\nTitre sécurisé ?\nDescription\nPériode de mise en circulation\n(en  métropole)\nPasseport électronique\nOUI\nSur la couverture, le mot  passeport  n'est pas souligné.\nSous le mot passeport, se trouve un symbole sécurisé (cercle à l'intérieur d'un rectangle)\nPhoto reproduite 2 fois sur la même page\nDernière mise en circulation : juin 2009\nPasseport Delphine à lecture optique\nNON\nSur la couverture, inscription des mots  Union européenne \n\nPage de la photo :  en mode paysage.\n36 pages numérotées\nDernière mise en circulation : avril 2006\nAncien modèle\nNON\nSur la couverture, inscription des mots  Communauté européenne \n\nPage de la photo :  en  mode portrait.\nDernière mise en circulation : fin 2002",
    "link": "https://www.service-public.fr/particuliers/vosdroits/F11603",
    "arborescence": {
        "audience": "Particuliers",
        "theme": "Papiers - Citoyenneté",
        "dossier": "Carte d'identité",
        "sous_dossier": "",
        "titre": "Comment savoir si mon passeport est sécurisé ?"
    }
}