{
    "text": "Abandon ou décès du locataire d'un logement social : que devient le bail ? : \n\n\nDans le cas où le locataire (signataire du bail) décède ou abandonne son logement social, le bail peut se poursuivre au profit d'une autre personne, sous certaines conditions. On parle d' abandon du logement  lorsque le départ du locataire est définitif, brusque et imprévisible.\nAu décès du locataire, l'époux(se) ou le partenaire de  Pacs  (cotitulaire du bail ou ayant demandé à l'être), bénéficie d'un droit exclusif sur le bail. Il peut  toutefois y renoncer, en donnant son  préavis (congé) au bailleur .\nEn cas de renoncement, le bail peut être transféré :\nau partenaire de  Pacs  qui n'était pas cotitulaire du bail et n'avait pas demandé à l'être\nau concubin, qui vivait dans le logement depuis au moins 1 an à la date du décès\nà l'ascendant du défunt, s'ils vivaient dans le logement depuis au moins 1 an à la date du décès\nà la personne à charge (exemples : personne en situation de handicap ou personne de plus de 65 ans) qui vivait dans la logement depuis au moins 1 an à la date du décès\nau  descendant , qui vivait dans la logement depuis au moins 1 an à la date du décès. Ses ressources ne doivent pas  dépasser le  plafond de ressources fixé pour l'attribution d'un logement social . S'il le logement est conventionné, il  ne doit pas devenir   sous-occupé . S'il s'agit d'un logement non conventionné, et qu'il devient  sous-occupé , le bailleur peut proposer un autre logement, plus petit.\nS'il y a plusieurs demandes, le juge  des contentieux de la protection du tribunal dont dépend le logement se prononce en fonction des intérêts de chacun.\nSi aucune personne ne remplit les conditions pour bénéficier de la transmission du bail, le contrat de location est résilié automatiquement pour cause de décès.\nIl y a abandon du logement dans 2 cas seulement :\nSoit le départ du locataire est brusque et imprévisible et il a été programmé à l'insu des autres personnes habitant le logement. Par exemple, le locataire qui part pendant que son concubin est au travail en emportant des affaires personnelles, voire les meubles.\nSoit le départ du locataire est rendu inéluctable et définitif en raison de problème de santé et il s'impose au locataire et à ses proches. Par exemple : installation d'une personne âgée en maison de retraite.\nA l'abandon du logement par le locataire, l'époux(se) ou le partenaire de  Pacs  (cotitulaire du bail ou ayant demandé à l'être),\nbénéficie d'un droit exclusif sur le bail. Il peut  toutefois  y renoncer, en donnant son  préavis (congé) au bailleur .\nEn cas de renoncement, le bail peut être transféré :\nau partenaire de  Pacs  qui n'était pas cotitulaire du bail et n'avait pas demandé à l'être\nau concubin, qui vivait dans le logement depuis au moins 1 an à la date de l'abandon\nà l'ascendant du défunt, s'ils vivaient dans le logement depuis au moins 1 an à la date  de l'abandon\nà la personne à charge (exemples : personne en situation de handicap ou personne de plus de 65 ans) qui vivait dans la logement depuis au moins 1 an à la date  de l'abandon\nau  descendant , qui vivait dans la logement depuis au moins 1 an à la date  de l'abandon. Ses ressources ne doivent pas  dépasser le  plafond de ressources fixé pour l'attribution d'un logement social . S'il le logement est conventionné, il  ne doit pas devenir   sous-occupé . S'il s'agit d'un logement non conventionné, et qu'il devient  sous-occupé , le bailleur peut proposer un autre logement, plus petit.\nS'il y a plusieurs demandes, le juge  des contentieux de la protection du tribunal dont dépend le logement se prononce en fonction des intérêts de chacun.\nSi aucune personne ne remplit les conditions pour bénéficier de la transmission du bail, le contrat de location est résilié automatiquement pour cause de décès.\nEnfant, petit-enfant, arrière petit-enfant\nLogement avec un nombre de pièces habitables (non comptés : cuisine, WC, salle de bain, pièce pour l'exercice d'un métier  ou  mandat d'élu)  supérieur de plus de 1  au nombre de personnes y ayant leur résidence principale (le ou les titulaires du bail, leurs parents et alliés, personnes à charge, personnes à leur service, sous-locataires). Exemple :  un  logement de 4 pièces habité par un couple.\nPacte civil de solidarité",
    "link": "https://www.service-public.fr/particuliers/vosdroits/F1170",
    "arborescence": {
        "audience": "Particuliers",
        "theme": "Logement",
        "dossier": "Location immobilière : fin du bail",
        "sous_dossier": "",
        "titre": "Abandon ou décès du locataire d'un logement social : que devient le bail ?"
    }
}