{
    "text": "Comment faire rectifier un acte d'état civil (erreur matérielle, double tiret) ? : \n\n\nVous pouvez demander la rectification d'un   acte d'état civil  s'il contient une erreur ou une omission. Il est aussi possible de demander la suppression du double tiret séparant un double nom.\nEn fonction de la gravité de l'erreur (simple coquille ou élément substantiel), la rectification doit être faite selon les cas par la voie administrative ou judiciaire.\nErreur matérielle : rectification administrative\nUne erreur (ou une omission) purement matérielle sur un acte d'état civil peut être rectifiée (par exemple, un prénom mal orthographié).\nUn acte de naissance qui comporte un double tiret entre les 2 noms de famille d'un enfant peut aussi être rectifié.  Après rectification, le double nom est suivi d'une rubrique se présentant sous la forme suivante : (1re partie : ... 2nde partie : ....). Cette rubrique permet de différencier le double nom du nom composé qui est transmissible dans son intégralité.\nLa rectification administrative doit être demandée à l'officier de l'état civil du lieu où l'acte a été dressé.\nLorsque la rectification concerne un mineur ou un majeur sous tutelle, la demande est faite par son représentant légal.\nsi la rectification concerne le nom ou le prénom d'un mineur de plus de 13 ans, son consentement personnel est requis.\nSur place\n\n Pièces à fournir : \n\nla copie intégrale de l'acte à rectifier,\ntout document d'état civil mentionnant les indications exactes justifiant la rectification (exemple : acte de naissance d'une personne mariée dont le nom est mal orthographié sur l'acte de mariage),\nla photocopie de votre pièce d'identité (carte d'identité ou passeport).\nPar correspondance\nLa demande de rectification peut se faire sur papier libre ou en utilisant le formulaire cerfa n°11531*02.\n\n Pièces à fournir : \n\nla copie intégrale de l'acte à rectifier,\ntout document d'état civil mentionnant les indications exactes justifiant la rectification (exemple : acte de naissance d'une personne mariée dont le nom est mal orthographié sur l'acte de mariage),\nla photocopie de votre pièce d'identité (carte d'identité ou passeport).\nErreur substantielle : rectification judiciaire\nToute demande concernant une erreur ou omission portant sur un élément substantiel de l'acte (erreur de filiation par exemple) doit être traitée par le juge.\n\n Pièces à fournir : \n\nla copie intégrale de l'acte à rectifier,\ntout document d'état civil mentionnant les indications exactes justifiant la rectification (exemple : acte de naissance d'une personne mariée dont le nom est mal orthographié sur l'acte de mariage),\nla photocopie de votre pièce d'identité (carte d'identité ou passeport).\nVous vivez en France\nVous devez saisir le président du tribunal de votre lieu de résidence ou le tribunal compétent en fonction du lieu d'établissement de l'acte.\nVous vivez à l'étranger\nVous devez saisir le président du  tribunal  de Paris.\nEn fonction de la gravité de l'erreur (simple coquille ou élément substantiel), la rectification doit être faite selon les cas par la voie administrative ou judiciaire.\nErreur matérielle : rectification administrative\nUne erreur (ou une omission) purement matérielle sur un acte d'état civil peut être rectifiée (par exemple, un prénom mal orthographié).\nPour un Français\n\n Pièces à fournir : \n\nla copie intégrale de l'acte à rectifier,\ntout document d'état civil mentionnant les indications exactes justifiant la rectification (exemple : acte de naissance d'une personne mariée dont le nom est mal orthographié sur l'acte de mariage),\nla photocopie de votre pièce d'identité (carte d'identité ou passeport).\nLa rectification administrative doit être demandée au procureur de la République du tribunal de  Nantes.\nun acte de naissance qui comporte un double tiret entre les 2 noms de famille d'un enfant peut aussi être rectifié. Après rectification, le double nom est suivi d'une rubrique se présentant sous la forme suivante : (1re partie : ... 2nde partie : ....). Cette rubrique permet de différencier le double nom du nom composé qui est transmissible dans son intégralité.\nPour un réfugié ou un apatride\n\n Pièces à fournir : \n\nla copie intégrale de l'acte à rectifier,\ntout document d'état civil mentionnant les indications exactes justifiant la rectification (exemple : acte de naissance d'une personne mariée dont le nom est mal orthographié sur l'acte de mariage),\nla photocopie de votre pièce d'identité (carte d'identité ou passeport).\nLa rectification administrative doit être demandée au procureur de la République du tribunal de Paris.\nErreur substantielle : rectification judiciaire\nPour un Français\nIl convient de saisir le président du  tribunal de Nantes.\nPour un réfugié ou un apatride\nIl convient de saisir le président du tribunal de Paris.\nActe de naissance, de reconnaissance, de mariage ou de décès",
    "link": "https://www.service-public.fr/particuliers/vosdroits/F1177",
    "arborescence": {
        "audience": "Particuliers",
        "theme": "Papiers - Citoyenneté",
        "dossier": "Changement d'état civil",
        "sous_dossier": "",
        "titre": "Comment faire rectifier un acte d'état civil (erreur matérielle, double tiret) ?"
    }
}