{
    "text": "Réserve citoyenne de défense et de sécurité : \n\n\nLa réserve citoyenne permet de contribuer bénévolement à la défense et la sécurité de la France en menant prioritairement des actions de sensibilisation sur les questions de défense et de sécurité. Pour pouvoir vous engager, vous devez respecter certaines conditions. Votre engagement n'est pas rémunéré. Toutefois, les frais de transports peuvent être remboursés.\nDe quoi s'agit-il ?\nLa réserve citoyenne de défense et de sécurité vous permet de participer à des missions d'intérêt général en France. Ces missions peuvent être notamment :\nParticiper à l'information et à l'accompagnement du public aux côtés des forces armées\nParticiper à l'animation de sessions de sensibilisation sur les questions de défense et sécurité auprès des jeunes issus de quartiers sensibles\nPromouvoir les principes de citoyenneté et de civisme et faire connaître les possibilités d'insertions professionnelles offertes par les armées.\nvous ne portez pas d'uniforme sauf si vous vous engagez auprès de la marine ou de la direction générale de l'armement. Vous ne portez pas non plus d'arme.\nConditions à remplir\nPour pouvoir vous engager dans la réserve citoyenne de défense et de sécurité, vous devez remplir l'ensemble des conditions suivantes :\nÊtre français\nAvoir au minimum 17 ans\nÊtre en règle envers la  journée défense et citoyenneté (JDC) \n\nNe pas avoir fait l'objet d'une condamnation.\nComment s'inscrire ?\nVous devez vous inscrire sur le site internet dédié aux réservistes des armées pour candidater auprès de l'autorité militaire de votre choix (armée de terre, mer, marine nationale...).\nPermet de créer un compte candidat pour s'engager comme réserviste  dans les armées et  suivre l'évolution de son dossier.\nSignature d'un agrément\nLorsque vous êtes admis, vous signez un agrément décrivant précisément votre mission (fréquence, lieu d'exercice, durée et votre unité militaire d'accueil).\nDurée\nLa durée de votre engagement est de 3 ans. Cette durée est renouvelable.\nFormation\nVous recevez une formation continue sur les questions de défense et de sécurité nationale, tout le temps de votre engagement, par l'unité militaire qui vous emploie.\nStatut et avantages\nStatut\nLorsque vous obtenez l'agrément, vous avez le statut de collaborateur occasionnel du service public.\nVos missions ne sont pas prises en compte dans le calcul de votre retraite. Elles ne peuvent pas non plus être reconnues comme stage dans le cadre de vos études.\nAvantages\nL'unité militaire qui vous accueille peut vous rembourser les frais de transport de votre unité d'accueil à vos déplacements temporaires.\nvous ne percevez ni indemnité, ni allocation de l'unité militaire qui vous accueille.\nAffectation temporaire dans la réserve opérationnelle\nEn fonction des besoins des forces armées, l'autorité militaire qui vous emploie en tant que réserviste peut faire appel à vous pour vous affecter temporairement dans la  réserve opérationnelle  si vous le souhaitez.\nUn engagement à servir dans la réserve opérationnelle est alors souscrit.\nCet engagement vous donne droit notamment à une rémunération dans les mêmes conditions que les militaires de carrière.\nAccès aux  coordonnées \n\nAccès aux  coordonnées \n\nPar messagerie\nreserve.commissaires@gmail.com",
    "link": "https://www.service-public.fr/particuliers/vosdroits/F1189",
    "arborescence": {
        "audience": "Particuliers",
        "theme": "Papiers - Citoyenneté",
        "dossier": "Volontariats",
        "sous_dossier": "Réserve civique",
        "titre": "Réserve citoyenne de défense et de sécurité"
    }
}