{
    "text": "Comment justifier de son niveau de connaissance de la langue française ? : \n\n\nPour acquérir la nationalité française, vous devez justifier avoir le  niveau B1 oral et écrit  du  cadre européen commun de référence pour les langues (CERL) .\nPour justifier avoir le  niveau B1 oral et écrit , vous devez fournir un diplôme français ou une attestation de réussite à un test linguistique.\nLes  diplômes et attestations suivants permettent de justifier un niveau B1 oral et écrit du CERL :\n\n Diplôme national du brevet \n\nDiplôme français sanctionnant un niveau au moins égal au niveau 3 de la  nomenclature nationale des niveaux de formation \n\nDiplôme attestant un niveau de connaissance de la langue française au moins équivalent au niveau B1 du CERL\nAttestation de réussite dématérialisée imprimée de moins de  2 ans du  test de connaissance du français (TCF) \n\n délivré par France Éducation International (France Éducation International a remplacé le Centre international d'études pédagogiques)\nAttestation de réussite dématérialisée imprimée de moins de 2 ans du  test d'évaluation du français (TEF) \n\n  de la chambre de commerce et d'industrie de Paris Île-de-France\nles attestations délivrées par l' Ofii  ne sont pas acceptées (attestations de dispense de formation linguistique, de compétences linguistiques et de formation civique).\nToutefois, vous êtes dispensé de produire un diplôme ou une attestation si vous êtes dans l'une des situations suivantes :\nVous êtes réfugié, avez plus de 70 ans et résidez en France depuis au moins 15 ans\nVous n'avez pas à justifier votre connaissance de la langue française si vous remplissez les 3 conditions suivantes :\nVous êtes réfugié politique ou apatride\nVous avez plus de 70 ans\nVous résidez depuis au moins 15 ans en France avec un  titre de séjour  valide\nVous avez suivi vos études en français dans un pays francophone\nVous devez fournir une attestation de comparabilité du  Centre Enic-Naric  si vous avez obtenu un diplôme dans l'un des pays suivants : Algérie, Belgique, Bénin, Burkina Faso, Burundi, Cameroun, Canada, Centrafrique, Comores,Congo (Brazzaville), Congo (Kinshasa), Côte d'Ivoire, Djibouti, Gabon, Guinée, Guinée équatoriale, Haïti, Luxembourg, Madagascar, Mali, Maroc, Monaco, Niger, Rwanda, Sénégal, Seychelles, Suisse, Tchad, Togo, Tunisie, Vanuatu.\nL'attestation de comparabilité du  Centre Enic-Naric  certifie que vous avez suivi vos études en français et obtenu un diplôme équivalent ou supérieur au  niveau 3 de la  nomenclature nationale des niveaux de formation .\nLes attestations suivantes sont acceptées :\nAttestation de comparabilité délivrée par le  Centre Enic-Naric  France\nAttestation de comparabilité délivrée par les autres centres  Centre Enic-Naric , traduites en français par un  traducteur agréé \n\nPermet d'obtenir auprès du centre Enic-Naric France une attestation de comparabilité pour un ou plusieurs diplôme(s) étranger(s). Cette attestation est délivrée lorsqu'un diplôme peut être comparé avec un niveau de formation de la nomenclature française des niveaux de formation. \nVotre état de santé ne permet pas d'évaluer votre niveau de langue\nVous devez fournir un  certificat médical attestant que votre état de santé rend impossible toute évaluation linguistique \n\n.\nOffice français de l'immigration et de l'intégration\nCentre français d'information sur la reconnaissance académique et professionnelle des diplômes",
    "link": "https://www.service-public.fr/particuliers/vosdroits/F11926",
    "arborescence": {
        "audience": "Particuliers",
        "theme": "Étranger",
        "dossier": "Nationalité française",
        "sous_dossier": "",
        "titre": "Comment justifier de son niveau de connaissance de la langue française ?"
    }
}