{
    "text": "Livret de famille : délivrance à la naissance d'un premier enfant : \n\n\nUn livret de famille est délivré aux parents non mariés à l'occasion de la naissance de leur premier enfant commun. Son contenu et les conditions de sa délivrance sont réglementés.\nDe quoi s'agit-il ?\nLe livret de famille délivré lors de la naissance du 1 er  enfant contient :\nles extraits d'actes de naissance du ou des parents,\nl'extrait d'acte de naissance de l'enfant,\ndes informations sur le droit de la famille : mariage, filiation, adoption, autorité parentale, etc.\nInformations concernant les parents\nLes informations concernant les parents sont renseignées si :\nle parent apparaît dans l'acte de naissance de l'enfant,\nl'acte de naissance du parent est détenu par un officier d'état civil français.\nÀ défaut, la page du livret qui concerne le parent ne sera pas renseignée.\nInformations concernant l'enfant\nLes informations concernant l'enfant sont inscrites si son acte de naissance est détenu par un officier d'état civil français.\nLorsqu'il y a plusieurs enfants, les informations sont renseignées dans l'ordre des naissances. \nÉtablissement\nConditions\nLe  livret  est  délivré uniquement si une autorité française détient :\nl'acte de naissance de l'enfant,\net celui d'au moins un parent.\nL'autorité détentrice des actes de naissance dépend du lieu de naissance de l'enfant et de ses parents.\nNaissance en France\nLa mairie du lieu de naissance détient l'acte.\nNaissance à l'étranger\nLe service central d'état civil de Nantes  détient l'acte.\nDémarche\nL'établissement du livret de famille se fait :\nautomatiquement au moment de la  déclaration de naissance ,\nou sur demande en cas de naissance d'un enfant sans vie si le ou les parents ne possèdent pas de livret.\nsi vous adoptez un enfant en tant que célibataire, un livret de famille doit vous être remis lors de la transcription du   jugement d'adoption  sur les registres de l'état civil.\nRemise\nLe livret de famille est transmis :\nsoit par courrier au domicile du ou des parents,\nsoit à la mairie du domicile des parents qui pourront le retirer sur présentation de leur pièce d'identité.\nle délai d'obtention dépend de la durée de traitement par chaque service d'état civil concerné par le livret à laquelle il faut ajouter les délais d'acheminement du courrier.\nCoût\nLa délivrance du livret à l'occasion de la naissance d'un 1 er  enfant est gratuite.\nMise à jour\nToute modification liée à l'état civil des personnes inscrites dans le livret doit faire l'objet d'une  mise à jour .\nContenu\nLe livret de famille délivré lors de la naissance du 1 er  enfant contient :\nles extraits d'actes de naissance du ou des parents,\nl'extrait d'acte de naissance de l'enfant.\nle livret de famille contient par ailleurs des informations sur le droit de la famille (mariage, filiation, adoption, autorité parentale, etc.).\nInformations concernant les parents\nLes informations concernant les parents sont renseignées si :\nle parent apparaît dans l'acte de naissance de l'enfant,\nl'acte de naissance du parent est détenu par un officier d'état civil français.\nÀ défaut, la page du livret qui concerne le parent ne sera pas renseignée.\nInformations concernant l'enfant\nLes informations concernant l'enfant sont inscrites si son acte de naissance est détenu par un officier d'état civil français.\nLorsqu'il y a plusieurs enfants, les informations sont renseignées dans l'ordre des naissances. \nÉtablissement\nConditions\nLe  livret  est  délivré uniquement si une autorité française détient :\nl'acte de naissance de l'enfant,\net celui d'au moins un parent.\nL'autorité détentrice des actes de naissance dépend du lieu de naissance de l'enfant et de ses parents.\nNaissance en France\nLa mairie du lieu de naissance détient l'acte.\nNaissance à l'étranger\nLe service central d'état civil de Nantes  détient l'acte.\nDémarche\nLe livret de famille est établi par les autorités consulaires françaises du pays de résidence au moment :\nde la  déclaration de naissance ,\nou de la demande d'acte de naissance français (par transcription de l'acte de naissance étranger)\nEn cas de naissance d'un enfant sans vie, un livret peut être demandé par le ou les parents s'il(s) n'en possède(nt) pas.\nsi vous adoptez un enfant en tant que célibataire, un livret de famille doit vous être remis lors de la transcription du   jugement d'adoption  sur les registres de l'état civil.\nRemise\nLe livret de famille est transmis :\nsoit par courrier au domicile du ou des parents,\nsoit à l'autorité consulaire française concernée (remise sur présentation de la pièce d'identité du parent).\nle délai d'obtention dépend de la durée de traitement par chaque service d'état civil concerné par le livret à laquelle il faut ajouter les délais d'acheminement du courrier.\nCoût\nLa délivrance du livret à l'occasion de la naissance d'un 1 er  enfant est gratuite.\nMise à jour\nToute modification liée à l'état civil des personnes inscrites dans le livret doit faire l'objet d'une  mise à jour .",
    "link": "https://www.service-public.fr/particuliers/vosdroits/F11991",
    "arborescence": {
        "audience": "Particuliers",
        "theme": "Papiers - Citoyenneté",
        "dossier": "Livret de famille",
        "sous_dossier": "",
        "titre": "Livret de famille : délivrance à la naissance d'un premier enfant"
    }
}