{
    "text": "Nouveau livret de famille (en cas de perte, vol ou destruction) : \n\n\nSi vous avez perdu votre livret de famille original, ou si on vous l'a volé, vous pouvez demander à ce qu'un  second livret  de famille (un duplicata) vous soit délivré.\nQui peut faire la demande ?\nSeul un des titulaires du livret peut faire une demande pour en obtenir un deuxième.\nEn cas de décès du ou des titulaires du livret, les enfants ne peuvent pas obtenir la délivrance d'un second livret.\nLe tuteur d'un enfant mineur peut éventuellement obtenir un second livret avec l'accord du procureur.\nDémarche\nEn France\nLe livret de famille doit être demandé à la mairie du lieu du domicile de l'auteur de la demande de duplicata.\nÀ l'étranger\nLe livret de famille doit être demandé à l'ambassade ou au consulat territorialement compétent.\nDocuments à fournir\nPour obtenir un duplicata, vous devez fournir les documents suivants :\njustificatif de l'identité du demandeur qui doit être l'un des titulaires du livret,\njustificatif de domicile (titre de propriété, avis  d'imposition ou certificat de non-imposition, quittance de loyer, d'assurance du logement, facture de gaz, d'électricité ou de téléphone),\net les informations concernant les actes du livret à reconstituer (nom, prénoms, date, lieu de naissance, etc).\nen cas de vol, la mairie peut demander un récépissé de déclaration de vol au commissariat de police ou à la brigade de gendarmerie.\nRemise du livret\nLe délai entre la demande de duplicata et la remise effective du deuxième livret de famille varie en fonction du nombre d'actes à inscrire sur le livret.\nLe retrait par un des titulaires du premier livret est effectué, sur présentation d'une pièce d'identité, auprès de la mairie du lieu du domicile du demandeur.\nCoût\nLe second livret de famille est gratuit.\nÀ partir du 3 e  livret, la délivrance peut être payante (si une décision du conseil municipal le prévoit).",
    "link": "https://www.service-public.fr/particuliers/vosdroits/F11994",
    "arborescence": {
        "audience": "Particuliers",
        "theme": "Papiers - Citoyenneté",
        "dossier": "Livret de famille",
        "sous_dossier": "",
        "titre": "Nouveau livret de famille (en cas de perte, vol ou destruction)"
    }
}