{
    "text": "Demande d'un second livret de famille en cas de séparation : \n\n\nEn cas de séparation, celui qui ne détient pas le livret de famille remis lors du mariage ou de la naissance d'un enfant peut en demander un second.\nQui peut faire la demande ?\nVous pouvez demander un second livret de famille si :\nvous êtes séparé,\net que vous n'êtes pas détenteur du livret original.\nl'accord de l'autre parent (ou de l'ex-époux si vous n'avez pas d'enfant) n'est pas exigé. \nDémarche\nQuand faire la demande ?\nLa demande peut être faite à tout moment.\nOù faire la demande ?\nVous devez vous adresser à votre mairie.\nDocuments à fournir\nVous étiez mariés\nVous devez obligatoirement présenter votre pièce d'identité.\nVous devez fournir un justificatif du divorce ou de la séparation (jugement, convention de rupture homologuée, acte de divorce par consentement mutuel, etc.)\nSi vous pouvez  présenter le 1 er  livret de famille, le 2 nd  livret est établi par reproduction du précédent.\nSinon, l'officier d'état civil fournit un nouveau livret et y inscrit les extraits des actes dont il est en possession. Puis, il adresse le nouveau livret aux mairies éventuellement détentrices d'actes devant figurer dans le livret.\nVous étiez pacsés ou concubin\nVous devez obligatoirement présenter votre pièce d'identité.\nVous devez invoquer votre intérêt à posséder votre propre livret pour justifier votre demande (séparation de fait, mésentente, etc.). Vous devez présenter un justificatif : domiciles séparés, attestations de témoins, attestation de l'autre parent, etc.\nSi vous pouvez  présenter le 1 er  livret de famille, le 2 nd  livret est établi par reproduction du précédent.\nSinon, l'officier d'état civil fournit un nouveau livret et y inscrit les extraits des actes dont il est en possession. Puis, il adresse le nouveau livret aux mairies éventuellement détentrices d'actes devant figurer dans le livret.\nCoût\nLa délivrance d'un 2 nd   livret est gratuite.\nRemise du livret\nLe délai dépend de la durée de traitement par chaque mairie concernée par le livret (mairie du mariage ou mairies de naissance des parents et mairies de naissance des enfants).\nIl faut ajouter les délais d'acheminement du courrier.\nVous pouvez retirer le livret de famille auprès de la mairie où vous avez effectué votre demande.\nVous devez présenter votre pièce d'identité.\nQui peut faire la demande ?\nVous pouvez demander un second livret de famille si :\nvous êtes séparé,\net que vous n'êtes pas détenteur du livret original.\nl'accord de l'autre parent (ou de l'ex-époux si vous n'avez pas d'enfant) n'est pas exigé. \nDémarche\nQuand faire la demande ?\nLa demande peut être faite à tout moment.\nOù faire la demande ?\nVous devez vous adresser aux autorités consulaires françaises de votre pays de résidence.\nDocuments à fournir\nVous étiez mariés\nVous devez obligatoirement présenter votre pièce d'identité.\nVous devez fournir un justificatif du divorce ou de la séparation (jugement, convention de rupture homologuée, acte de divorce par consentement mutuel, etc.)\nSi vous pouvez  présenter le 1 er  livret de famille, le 2 nd  livret est établi par reproduction du précédent.\nSinon, l'officier d'état civil fournit un nouveau livret et y inscrit les extraits des actes dont il est en possession. Puis, il adresse le nouveau livret aux mairies éventuellement détentrices d'actes devant figurer dans le livret.\nVous étiez pacsés ou concubins\nVous devez obligatoirement présenter votre pièce d'identité.\nVous devez invoquer votre intérêt à posséder votre propre livret pour justifier votre demande (séparation de fait, mésentente, etc.). Vous devez présenter un justificatif : domiciles séparés, attestations de témoins, attestation de l'autre parent, etc.\nSi vous pouvez  présenter le 1 er  livret de famille, le 2 nd  livret est établi par reproduction du précédent.\nSinon, l'officier d'état civil fournit un nouveau livret et y inscrit les extraits des actes dont il est en possession. Puis, il adresse le nouveau livret aux mairies éventuellement détentrices d'actes devant figurer dans le livret.\nCoût\nLa délivrance d'un 2 nd   livret est gratuite.\nRemise du livret\nLe délai dépend de la durée de traitement par chaque mairie concernée par le livret (mairie du mariage ou mairies de naissance des parents et mairies de naissance des enfants).\nIl faut ajouter les délais d'acheminement du courrier.\nVous pouvez retirer le livret de famille auprès de l'ambassade ou du consulat où vous avez effectué votre demande.\nIl faut  présenter votre pièce d'identité.",
    "link": "https://www.service-public.fr/particuliers/vosdroits/F11996",
    "arborescence": {
        "audience": "Particuliers",
        "theme": "Papiers - Citoyenneté",
        "dossier": "Livret de famille",
        "sous_dossier": "",
        "titre": "Demande d'un second livret de famille en cas de séparation"
    }
}