{
    "text": " Formation des jeunes : établissement pour l'insertion dans l'emploi (Épide) : \n\n\nLes centres Épide s'adressent à tout jeune sans diplôme ou qualification professionnelle qui rencontre  des difficultés à trouver un travail ou une formation. Ces structures lui permettent d'effectuer  une formation, pendant une durée de 8 mois environ, pour faciliter son insertion professionnelle.\nDe quoi s'agit-il ?\nLes centres Épide proposent aux jeunes une formation pour faciliter leur insertion professionnelle.\nLe jeune qui s'engage dans un parcours  Épide signe un contrat de volontariat pour l'insertion. Ce contrat n'est pas un contrat de travail.\ndans les départements et collectivités d'outre-mer où il n'existe pas de centre Épide, un parcours de formation comparable, appelé le  service militaire adapté (SMA) \n\n, peut être réalisé.\nJeunes concernés\nLe dispositif s'adresse au jeune qui répond à toutes les conditions suivantes :\nAvoir entre 18 et 25 ans révolus\nÊtre de nationalité française ou étrangère (en  situation régulière  depuis plus d'1 an avec autorisation de travailler)\nAvoir un niveau  maximum CAP ou BEP ou avoir abandonné le lycée avant le bac\nAvoir effectué ou effectuer prochainement sa  journée défense et citoyenneté (JDC) \n\nNe pas réussir pas à trouver un emploi.\nProgramme\nLe parcours de l'Épide peut inclure :\nla mise en place d'un projet professionnel en rapport avec les goûts et capacités du candidat,\ndes formations en rapport avec un métier envisagé,\nune préparation au permis de conduire pour faciliter l'entrée dans la vie professionnelle,\ndes activités sportives,\ndes actions de solidarité.\nLes centres accueillent les jeunes en internat et imposent une discipline et un règlement intérieur stricts.\nDémarche\nEn ligne\nVous pouvez déposer votre candidature en utilisant le téléservice suivant :\nPar courrier\nIl faut remplir le formulaire d'inscription suivant :\nVous pouvez également retirer le formulaire auprès des organismes suivants :\nMission locale\nBureau ou centre de service national dont vous dépendez\nAgence Pôle emploi locale\nCentre communal d'action sociale.\nUne fois la fiche remplie, vous pouvez l'adresser par courrier au  centre concerné.\nAdmission\nL'admission est prononcée après sélection et suite à un entretien destiné à évaluer la motivation du candidat.\nPrise en charge des frais et versement d'une allocation\nL'hébergement et la restauration sont gratuits. En revanche, les frais de transports doivent être pris en charge par le jeune.\nLes frais de maladie, maternité et invalidité sont pris en charge.\nVersement d'une allocation\nLe jeune volontaire perçoit une allocation non imposable de  210  €  par mois et de  90 € .\nCette allocation lui est versée 3 mois après la fin du parcours s'il a trouvé un emploi durable ou une formation qualifiante.\nSituation d'un étranger en possession des documents l'autorisant à demeurer sur le territoire français",
    "link": "https://www.service-public.fr/particuliers/vosdroits/F1190",
    "arborescence": {
        "audience": "Particuliers",
        "theme": "Famille",
        "dossier": "Parcours éducatifs alternatifs",
        "sous_dossier": "",
        "titre": " Formation des jeunes : établissement pour l'insertion dans l'emploi (Épide)"
    }
}