{
    "text": "Émancipation d'un mineur : \n\n\nL'émancipation du mineur résulte d'une décision du juge des tutelles. L'émancipation produit des effets à la fois à l'égard du mineur et de ses parents.\nDe quoi s'agit-il ?\nL'émancipation est l'acte par lequel un mineur est juridiquement assimilé à un majeur et peut normalement accomplir seul les actes nécessitant la majorité légale.\nL'émancipation d'un mineur a lieu essentiellement sur décision du juge des tutelles à la demande de son ou ses parents, ou en cas de tutelle du mineur, du conseil de famille. \nLe mineur doit avoir  16 ans révolus. \nLa demande d’émancipation doit être fondée sur de justes motifs et être dans l'intérêt de l'enfant.\nUn mineur est   émancipé automatiquement par le mariage, quel que soit son âge. La dispense pour se marier avant 18 ans est accordée par le  procureur de la République     pour des motifs graves (grossesse, par exemple) et avec le consentement des parents.\nFaire la demande\nPar les parents\nL'émancipation de l'enfant peut être demandée ensemble par ses 2 parents.\nElle peut aussi être demandée par  un seul des 2 parents :\nen cas de désaccord entre eux,\nou si un seul d'entre eux est  titulaire de l'exercice de l'autorité parentale .\nLe ou les parents doivent saisir le juge des tutelles des mineurs du tribunal  du lieu de la résidence habituelle du mineur ou du domicile de son représentant légal, en utilisant le formulaire suivant :\nLe mineur ne peut pas saisir lui-même le juge, mais il est obligatoirement entendu par lui.\nen cas de désaccord des parents, le parent qui n'a pas demandé l'émancipation doit être entendu par le juge, sauf impossibilité pour lui de manifester sa volonté.\nPar le conseil de famille\nL'émancipation de l'enfant placé sous tutelle  peut être demandée par le    conseil de famille  dans le cas où les parents :\nsont décédés,\nou déchus de leur autorité parentale,\nou sont dans l'impossibilité d'exprimer leur volonté.\nIl revient normalement au tuteur de solliciter du juge la convocation  du conseil de famille pour délibérer sur la demande d'émancipation de l'enfant. En l'absence d'action du tuteur, un membre du conseil de famille peut  demander au juge la convocation du conseil de famille.\nLe conseil de famille doit  saisir le juge des tutelles  du tribunal du lieu de la résidence habituelle du mineur ou du domicile du tuteur.\nIl peut le faire par simple requête remise ou adressée au greffe du tribunal.\nLe mineur ne peut pas saisir lui-même le juge, mais il est obligatoirement  entendu par lui.\nRecours contre la décision du juge\nLa décision du juge prononçant ou refusant l'émancipation peut faire l'objet d'un recours devant la cour d'appel, dans les 15 jours suivant sa notification.\nEffets de l'émancipation\nLe mineur émancipé est capable, comme un majeur, de tous les actes de la vie civile.\nIl peut conclure un contrat de travail, signer une vente, contracter un crédit...\nCertains actes jugés graves lui sont cependant interdits. Il ne peut pas :\nse marier ou consentir à son adoption sans le consentement de ses parents,\nêtre commerçant sans l'autorisation du juge des tutelles au moment de son émancipation ou du président du tribunal après son émancipation.\nCertains actes restent soumis à l’exigence d'avoir 18 ans, par exemple :\npour  pouvoir voter ,\npour conclure un  Pacs ,\npour   conduire seul ,\n\n entrer dans un casino .\nRelations du mineur avec ses parents\nLe mineur émancipé cesse d'être sous l'autorité de ses parents, qui ne sont plus responsables des dommages qu'il pourrait causer.\nLe mineur émancipé peut ainsi choisir le lieu où il va habiter, ses fréquentations et loisirs, son orientation professionnelle...\nEn revanche, les parents restent soumis à l'obligation  de contribuer à l'entretien et à l'éducation de leur enfant (frais de scolarité, soins médicaux, vêtements...).\nMagistrat à la tête du parquet (ou ministère public). Il est destinataire des plaintes et signalements. Il dirige les enquêtes, décide des poursuites et veille à l'application de la loi.\nAssemblée de parents ou de toutes personnes qualifiées, chargée sous la présidence du juge des contentieux de la protection, d'autoriser certains actes importants accomplis au nom de la personne sous tutelle",
    "link": "https://www.service-public.fr/particuliers/vosdroits/F1194",
    "arborescence": {
        "audience": "Particuliers",
        "theme": "Famille",
        "dossier": "Autorité parentale",
        "sous_dossier": "",
        "titre": "Émancipation d'un mineur"
    }
}