{
    "text": "Médaille d'honneur régionale, départementale et communale : \n\n\nLa  médaille récompense la compétence professionnelle et le dévouement des élus locaux ou agents publics  des collectivités territoriales et de  leurs établissements. Attention, il existe une médaille d'honneur spécifique pour l'exercice des fonctions de sapeur-pompier (professionnel ou volontaire).\nBénéficiaires\nAgent territorial (fonctionnaire ou contractuel)\nÉlu local (sauf celui qui est  également député ou sénateur)\nMembre du  comité économique, social et environnemental de région\nAgent d'un  office public de l’habitat (OPH)\nAgent d'une  caisse de crédit municipal (sauf directeur et agent comptable)\nla médaille peut vous être attribuée même si vous avez été admis à la retraite ou si vous avez  cessé votre  activité ou si votre  mandat électif a pris fin.\nIl existe une médaille d'honneur spécifique pour   l'exercice des fonctions de sapeur-pompier (professionnel ou volontaire) .\nConditions d'attribution\nDurée des services accomplis\nCas général\nLa médaille d'honneur comporte 3 échelons :\n\n Argent , accordée pour 20 ans de services accomplis,\n\n Vermeil , accordée pour 30 ans de services accomplis,\n\n Or , accordée pour 35 ans de services accomplis.\nCes échelons sont attribués    successivement. Un délai d'1 an doit être respecté avant l'attribution de l'échelon immédiatement supérieur.\nAgent des réseaux souterrains des égouts ou des services insalubres\nLa médaille d'honneur comporte 3 échelons :\n\n Argent , accordée pour 15 ans de services accomplis,\n\n Vermeil , accordée pour 25 ans de services accomplis,\n\n Or , accordée pour 30 ans de services accomplis.\nCes échelons sont attribués    successivement. Un délai d'1 an doit être respecté avant l'attribution de l'échelon immédiatement supérieur.\nDérogation à titre posthume\nLa médaille d'honneur peut être décernée à titre posthume, dans les 5 ans suivant la date du décès, à la personne qui remplissait les conditions pour l'obtenir.\nLa médaille d'or peut être décernée sans condition de durée des services à la personne tuée  dans l'exercice de ses fonctions.\nServices pris en compte\nLes services pris en compte sont les suivants :\nServices accomplis dans le cadre des fonctions donnant droit à la médaille\nServices accomplis dans un service de l'État décentralisé\nCongé de maternité ou d'adoption ou parental (dans la limite d’1 an)\nService national\nCes services peuvent être accomplis ou sein de la même collectivité (et ses établissements) ou successivement au sein de plusieurs collectivités (et leurs établissements).\nLes périodes de travail à temps partiel ne comptent pas comme des périodes de travail à temps plein. Elles sont prises en compte au prorata du temps de travail.\nLes périodes de congé de maladie et de disponibilité pour convenance personnelle ne sont pas prises en compte dans le calcul de la durée de services.\nles années accomplies dans le privé ne sont pas prises en compte pour l'obtention de cette médaille.\nDemande\nSi vous remplissez les conditions, vous devez  formuler votre demande par courrier auprès de l'autorité territoriale.\nLa collectivité constitue un dossier qu'elle transmet pour examen à la préfecture.\nCe dossier comporte les pièces suivantes :\nFormulaire de demande de médaille, accessible sur le site de la préfecture\nPhotocopie de la pièce d'identité du demandeur\nÉtat des services civils et militaires du demandeur\nRapport détaillé sur l'activité du demandeur, établi par l'autorité hiérarchique.\nUn extrait n°2 du  casier judiciaire  doit obligatoirement être demandé par la préfecture et être ajouté au dossier.\nDélivrance de la médaille\nLa médaille d'honneur est attribuée par arrêté préfectoral.\nL'attribution a lieu 2 fois par an, les 1 er  janvier et 14 juillet.\nLes titulaires de la médaille reçoivent un diplôme qui rappelle les services pour lesquels ils sont récompensés.\nLes médailles métalliques sont frappées et gravées au frais du titulaire ou de son employeur (en cas d'accord de ce dernier), par commande adressée à la Monnaie de Paris ou à un fabricant privé.\nRetrait de la médaille\nLa médaille d'honneur est automatiquement retirée en cas :\nde déchéance de la nationalité française\nou de  révocation de la fonction publique .\nElle peut être retirée par arrêté préfectoral :\nlors de toute condamnation\nou à la suite d'une sanction pour faute disciplinaire.\nDans la fonction publique, sanction disciplinaire suite à une faute (par exemple, en plus des retards et absences répétés, l'agent se présente en état d'ébriété dans son service)",
    "link": "https://www.service-public.fr/particuliers/vosdroits/F12086",
    "arborescence": {
        "audience": "Particuliers",
        "theme": "Papiers - Citoyenneté",
        "dossier": "Médailles et décorations officielles",
        "sous_dossier": "",
        "titre": "Médaille d'honneur régionale, départementale et communale"
    }
}