{
    "text": "Accueillant familial et assistant familial : quelles différences ? : \n\n\nObjet\nAccueillant familial\nAssistant familial (famille d'accueil)\nPersonnes accueillies\nPersonnes âgées ou handicapées adultes n'ayant pas de lien de parenté avec l'accueillant jusqu'au 4 e  degré inclus, c'est-à-dire n'étant ni parent, grand-parent, frère ou sœur, oncle ou tante, neveu ou nièce, cousin germain...\nEnfant(s) ou jeune(s) faisant l'objet de mesures de protection de l'enfance ou d'une prise en charge médico-sociale ou thérapeutique\nRôle\n- Hébergement,\n- Aide à l'autonomie,\n- Participation à la vie  de famille...\n- Hébergement,\n- Éducation,\n- Aide à l'autonomie,\n- Accompagnement de l'enfant ou du jeune dans ses relations avec sa famille...\nStatut\n2 dispositifs :\n- Accueil familial de gré à gré dans lequel la personne accueillie rémunère directement l'accueillant familial,\n- Accueil familial salarié dans lequel  l'accueillant familial  est salarié d'un organisme employeur (certains organismes mettent à disposition les logements adaptés à cette forme d'accueil).\n\n l'assistant familial  est salarié de la  personne morale  qui lui confie le(s) jeune(s).\n\t\t\n\t\t\t\nGroupement de personnes physiques réunies pour accomplir quelque chose en commun (entreprises, sociétés civiles,  associations, État, collectivités territoriales, etc.). Ce groupe peut aussi réunir des personnes physiques et des personnes morales. Il peut aussi n'être constitué que d'un seul membre (entreprise unipersonnelle à responsabilité limitée - EURL - par exemple).",
    "link": "https://www.service-public.fr/particuliers/vosdroits/F12085",
    "arborescence": {
        "audience": "Particuliers",
        "theme": "Social - Santé",
        "dossier": "Hébergement des personnes âgées",
        "sous_dossier": "",
        "titre": "Accueillant familial et assistant familial : quelles différences ?"
    }
}