{
    "text": "Comment revenir en France après être sorti de l'espace Schengen ? : \n\n\nSuite à la pandémie de Coronavirus / Covid-19, les frontières extérieures de l'espace européen ont été fermées à compter du 17 mars 2020.\nDepuis le 1 er  juillet 2020, la France ouvre progressivement ses frontières extérieures Schengen. Cette ouverture s'effectue de façon différenciée selon la situation sanitaire des différents pays tiers. Il est indispensable de s'informer avant tout déplacement.\nLes étudiants internationaux sont autorisés, quel que soit leur pays d'origine, à venir en France.\nSi vous êtes étranger (sauf si vous êtes  européen ), que vous résidez en France et souhaitez voyager dans un pays hors de  l'Espace Schengen \n\n, vous devez vous assurer que vous disposez des bons documents pour revenir en France.\npour revenir dans  l'espace Schengen , que votre nationalité soit soumise ou pas à visa, vous devrez justifier que vous remplissez bien les  conditions  d'entrée  (exemple : ressources suffisantes) .\nVous avez un titre de séjour\nVous pourrez revenir en France avec votre passeport (en cours de validité) et votre titre de séjour.\nVous avez un récépissé\nVous avez un récépissé de 1 re  demande de carte de séjour, pour franchir les frontières, vous devrez déposer une demande de visa consulaire de retour auprès du consulat français du pays dans lequel vous séjournez.\nDans des situations exceptionnelles (cas humanitaires, force majeure, etc.), un visa de retour préfectoral peut toutefois vous être accordé par votre préfecture. Vous devez le demander avant votre départ et payer  6 €  par  timbres fiscaux .\nLa délivrance de ce visa est laissée à la libre appréciation du préfet.\nLe visa  préfectoral ne vous permet de  revenir  que par une frontière française .\nil n'est pas possible d'effectuer les démarches dans certaines sous-préfectures. Renseignez-vous sur le site internet de votre préfecture.\nDemandeur d'asile\nVous êtes concerné si vous avez une autorisation provisoire de séjour (APS) ou une attestation de demandeur d'asile.\nPour franchir les frontières, vous devrez déposer une demande de visa consulaire de retour auprès du consulat français du pays dans lequel vous séjournez.\nDans des situations exceptionnelles (cas humanitaires, force majeure, etc.), un visa de retour préfectoral peut toutefois vous être accordé par votre préfecture. Vous devez le demander avant votre départ et payer  6 €  par  timbres fiscaux .\nLa délivrance de ce visa est laissée à la libre appréciation du préfet.\nLe visa  préfectoral ne vous permet de  revenir  que par une frontière française .\nil n'est pas possible d'effectuer les démarches dans certaines sous-préfectures. Renseignez-vous sur le site internet de votre préfecture.\nAllemagne, Autriche, Belgique, Bulgarie, Chypre, Croatie, Danemark, Espagne, Estonie, Finlande, Grèce, Hongrie, Irlande, Islande, Italie, Lettonie, Liechtenstein, Lituanie, Luxembourg, Malte, Norvège, Pays-Bas, Pologne, Portugal, République tchèque, Roumanie, Slovaquie, Slovénie, Suède et Suisse. Attention : le Royaume-uni a quitté l'Union européenne, mais le droit européen s'applique aux Britanniques jusqu'au 31 décembre 2020.",
    "link": "https://www.service-public.fr/particuliers/vosdroits/F12189",
    "arborescence": {
        "audience": "Particuliers",
        "theme": "Étranger",
        "dossier": "Entrée d'un étranger en France",
        "sous_dossier": "",
        "titre": "Comment revenir en France après être sorti de l'espace Schengen ?"
    }
}