{
    "text": "Qu'est-ce qu'un logement soumis au régime de la loi de 1948 ? : \n\n\nLes logements soumis à la loi de 1948 sont des logements  construits avant le 1 er  septembre 1948 et  situés sur certaines communes de plus de 10 000 habitants ou limitrophes.\n\t\t Ce régime permet des loyers peu élevés et fait   bénéficier le locataire et ses proches d'un droit au maintien dans les lieux à la fin du bail.\nLogements concernés\nLe champ d'application de la loi de 1948 se restreint progressivement. Seuls les logements dont les locataires sont  entrés dans les lieux avant le 23 décembre 1986 continuent de  bénéficier, sous certaines conditions, du régime de la loi de 1948. \nUn logement vacant reloué depuis cette date n'est plus soumis à la loi de 1948.\nCatégorie d'un logement soumis à la loi de 1948\nChaque  logement soumis à la loi de 1948 fait  l'objet d'un  classement par catégorie \n\n déterminée en fonction des équipements et de son confort. Ce classement  détermine le montant maximum de loyer que le propriétaire peut  exiger de son locataire.\nLe classement se fait par logement et non par immeuble. En effet, dans un immeuble collectif, il peut y avoir des logements de qualités diverses notamment en raison de leur situation dans celui-ci (niveau, accès, par exemple).\nCatégorie du logement\nCaractéristiques du logement\nII A\n- Il est situé dans une construction en matériaux de très bonne   qualité\n- Il dispose d'un WC particulier, d'une salle de bains et du chauffage central\nII B\nIl est situé dans une construction en matériaux de bonne  qualité, souvent dépourvue d'ascenseur\nII C\n- Il est situé dans une construction en matériaux de bonne  qualité mais d'aspect ordinaire, et habituellement  dépourvue d'ascenseur.\n- Il dispose rarement de plus de 4 pièces principales\nIII A\nIl est situé dans une construction en matériaux de qualité médiocre, mais  à l'isolation phonique et thermique satisfaisante\nIII B\nIl est situé dans une construction de qualité médiocre et présentant certains vices (humidité, isolations phoniques et thermiques très insuffisantes)\nIV\nIl est situé dans une construction en matériaux défectueux ou  dans un immeuble dépourvu de tout équipement (aucun WC, ni dans le logement, ni dans l'immeuble)\nles logements de catégorie I, considérés comme étant de qualité exceptionnelle, ne sont plus soumis au régime de la loi de 1948.\nForme et contenu du bail\nLe bail n'est pas obligatoirement écrit. La location peut donc être verbale. Son contenu n'est pas réglementé.  Les  règles des locations vides relevant du secteur privé  peuvent s'appliquer.\nRévision du montant du loyer\nL'augmentation du loyer d'un logement loué sous le régime de la loi de 48 est plafonnée. Toute augmentation annuelle ou ponctuelle éventuellement appliquée par le bailleur doit respecter les  plafonds réglementaires fixés chaque année  selon la catégorie du logement. \nDurée du bail\nLa loi de 1948 n'impose aucune durée minimale de location. Tout dépend de la durée convenue entre le propriétaire et le locataire lors de la signature. Le bail à durée indéterminée est autorisé.\nLe locataire qui souhaite quitter définitivement son logement doit  donner son congé (préavis)  au propriétaire.\nDans certains cas (logement catégorie II B ou II C), le propriétaire peut proposer une  sortie du dispositif de la loi de 1948  en proposant un bail de sortie progressive en 8 ans.\nDroit au maintien dans les lieux\nÀ la fin du bail\nÀ l'expiration du bail, le locataire bénéficie d'une mesure de protection qui est le droit au maintien dans les lieux. Ce droit lui permet de rester dans le logement sans limitation de durée et sans que le propriétaire n'ait à rédiger un nouveau bail.\nLe droit au maintien dans les lieux bénéficie au locataire sous réserve que le propriétaire n'exerce pas  son droit à congé .\nDécès\nAu décès du locataire, le bail est résilié automatiquement.\nSi le logement devient vacant, il sort de la loi de 1948 et ne plus être  reloué sous ce régime.\nToutefois, malgré la résiliation du bail,  un transfert du droit au maintien dans les lieux sans limitation de durée est prévu au profit de :\nl'époux(se) ou du partenaire de  Pacs  du locataire,\nou, lorsqu'ils vivaient effectivement avec le locataire depuis plus de 1 an, ses enfants mineurs jusqu'à leur majorité, ses  ascendants  ainsi qu'aux personnes handicapées à sa charge.\nS'il y a plusieurs demandes,  le juge des contentieux de la protection  se prononce en fonction des intérêts de chacun.\nAbandon du domicile\nLe logement devient vacant\nSi le locataire abandonne son domicile, le bail est résilié automatiquement.\nSi le logement devient vacant, il sort de la loi de 1948 et ne plus être reloué sous ce régime.\nLe logement reste occupé\nSi le locataire  abandonne son domicile, le bail est résilié automatiquement.\nMalgré la résiliation du bail,  un transfert du droit au maintien dans les lieux sans limitation de durée est prévu au profit de :\nl'époux(se) ou du partenaire de  Pacs  du locataire,\nou, lorsqu'ils vivaient effectivement avec le locataire depuis plus de 1 an, ses enfants mineurs jusqu'à leur majorité, ses  ascendants  ainsi qu'aux personnes handicapées à sa charge.\nS'il y a plusieurs demandes de transfert du bail,  le juge du contentieux de la protection se prononce en fonction des intérêts de chacun.\nPersonne dont on est issu : parents, grands-parents, arrière-grands-parents,... \nPacte civil de solidarité",
    "link": "https://www.service-public.fr/particuliers/vosdroits/F1219",
    "arborescence": {
        "audience": "Particuliers",
        "theme": "Logement",
        "dossier": "Location immobilière : contrat de location (bail)",
        "sous_dossier": "",
        "titre": "Qu'est-ce qu'un logement soumis au régime de la loi de 1948 ?"
    }
}