{
    "text": "Un demandeur d'emploi européen peut-il chercher du travail en France ? : \n\n\nOui. En tant que citoyen de  l'Espace économique européen (EEE)  ou suisse, vous êtes autorisé à venir en France pour chercher du travail comme demandeur d'emploi. Vous devez accomplir des démarches auprès de Pôle emploi et  percevrez des allocations chômage, sous conditions. Pôle emploi et le réseau européen Eures\n\n      peuvent vous permettre de trouver un emploi.\nDroit au séjour pour recherche d'emploi\nVous pouvez venir en France pour y rechercher un emploi pendant une période de 6 mois.\nAu-delà de ces 6 mois, si vous n'avez pas trouvé de travail, vous pouvez être obligé de quitter la France sauf si vous prouvez :\nque vous continuez à rechercher activement un emploi,\net que vous avez de réelles chances d'être embauché dans un court délai (par exemple, si vous détenez une qualification professionnelle recherchée ou avez une promesse d'embauche).\nDémarche auprès de Pôle emploi\nDès votre arrivée en France, vous devez vous inscrire comme demandeur d'emploi.\nVous devez vous adresser à l'agence Pôle emploi dont dépend votre domicile.\nAllocations chômage\nSi vous perceviez des allocations chômage dans un autre pays européen, vous pouvez continuer à en bénéficier en France.\nAvant votre départ pour la France, procurez-vous le  document portable U2  (maintien des droits aux prestations de chômage) auprès de l'organisme payeur de vos allocations chômage.\nMuni de ce document, vous devez vous inscrire comme demandeur d'emploi auprès de l'agence Pôle emploi dont dépend votre domicile.\nVous devez le faire dans les 7 jours qui suivent la date de votre cessation d'inscription comme demandeur d'emploi dans le pays que vous avez quitté.\nVos allocations sont normalement maintenues pendant 3 mois (extension possible à 6 mois maximum), dans la limite des droits qui vous étaient ouverts dans le pays concerné.\nPour cela, vous devez :\navoir été inscrit comme demandeur d'emploi dans le pays européen où vous avez travaillé,\net y avoir recherché activement un emploi pendant au minimum 4 semaines après le début de votre chômage (sauf si vous avez été autorisé à partir avant la fin de ce délai).\nRecherche d'un emploi\nVous pouvez consulter les offres d'emploi sur le site de  Pôle emploi.\nVous pouvez aussi consulter la base de données des offres d'emploi du site internet d'Eures.\nAllemagne, Autriche, Belgique, Bulgarie, Chypre, Croatie, Danemark, Espagne, Estonie, Finlande, France, Grèce, Hongrie, Irlande, Islande, Italie, Lettonie, Liechtenstein, Lituanie, Luxembourg, Malte, Norvège, Pays-Bas, Pologne, Portugal, République tchèque, Roumanie, Slovaquie, Slovénie, Suède",
    "link": "https://www.service-public.fr/particuliers/vosdroits/F12136",
    "arborescence": {
        "audience": "Particuliers",
        "theme": "Étranger",
        "dossier": "Entrée d'un étranger en France",
        "sous_dossier": "",
        "titre": "Un demandeur d'emploi européen peut-il chercher du travail en France ?"
    }
}