{
    "text": "Médiateur de la SNCF Mobilités : comment y recourir ? : \n\n\nLe médiateur de la SNCF Mobilités propose des solutions amiables aux litiges commerciaux et aux contravention à l'occasion d'un voyage avec la SNCF Mobilités (Ouigo, TER...), Eurostar, Thalys et les Chemins de fer de la Corse. La saisine est gratuite. Pour saisir le médiateur, vous devez obligatoirement avoir au préalable effectué une réclamation écrite au Service Relation Client. Le médiateur propose une solution dans un délai de 3 mois. Il peut prolonger ce délai si le litige est complexe.\nDe quoi s'agit-il ?\nLe médiateur de la SNCF Mobilités a pour missions de proposer des solutions amiables aux litiges commerciaux et aux contravention à l'occasion d'un voyage avec :\nSNCF Mobilités,\nEurostar,\nThalys,\nChemins de fer de la Corse.\nQuand le saisir ?\nPour saisir le médiateur, vous devez obligatoirement avoir au préalable effectué une réclamation écrite au Service Relation Client.\nEn l'absence de réponse sous 1 mois (ou délai mentionné dans les conditions générales du transporteur) ou si vous n'êtes pas satisfait de la réponse obtenue suite à votre réclamation, vous pouvez saisir le médiateur.\nvotre réclamation doit dater de moins d'1 an.\nDémarche\nEn ligne\nPour faire votre saisine en ligne, vous devez être en possession des pièces justificatives sous format numérique :\nCopie du ou des billets\nCopie de votre courrier adressé au Service Relation Client\n\n Relevé d'identité bancaire (Rib) \n\nPar courrier\nVous pouvez rédiger votre réclamation sur papier libre. Votre courrier doit décrire précisément l'objet du litige et être accompagné des documents suivants :\nCopie du ou des billets\nCopie de votre courrier adressé au Service Relation Client\n\n Relevé d'identité bancaire (Rib) \n\nVous pouvez vous aider d'un modèle de document pour rédiger votre courrier.\nPermet de saisir le médiateur de la SNCF Mobilités après refus de l'une de ces compagnies de répondre favorablement à votre contestation de procès verbal d'infraction.\nVotre courrier doit être envoyé au médiateur de la SNCF Mobilités.\nPar courrier\nMédiateur SNCF Mobilités\nTSA 37 701\n59 973 TOURCOING CEDEX\nPar messagerie\nAccès au  formulaire de contact \n\nCoût\nGratuit\nComment est traitée la demande ?\nLitige commercial\nLe médiateur examine le dossier et propose une solution dans un délai de 3 mois. Le Médiateur peut prolonger ce délai si le litige est complexe.\nL'avis du médiateur a valeur de recommandation. Les parties sont libres d'accepter ou de refuser sous un délai de 14 jours à partir de la date figurant sur l'avis. Passé ce délai, il est considéré comme accepté et si l'une des parties le refuse, l'avis n'est pas appliqué.\nContravention\nLe médiateur examine le dossier et propose une solution dans un délai de 3 mois. Le Médiateur peut prolonger ce délai si le litige est complexe.\nL'avis du médiateur a valeur de recommandation. En cas de minoration du montant de la contravention acceptée par les deux parties, vous devez régler votre amende. Si vous refusez de suivre l'avis du médiateur et à défaut de règlement, le procès-verbal d'infraction est transmis à l'officier du ministère public et est ensuite majoré.\nDocument permettant d'identifier un compte bancaire (numéro, banque, titulaire)",
    "link": "https://www.service-public.fr/particuliers/vosdroits/F12151",
    "arborescence": {
        "audience": "Particuliers",
        "theme": "Transports",
        "dossier": "Cartes de transport",
        "sous_dossier": "",
        "titre": "Médiateur de la SNCF Mobilités : comment y recourir ?"
    }
}