{
    "text": "Crédit d'impôt pour la transition énergétique (CITE)  : \n\n\nSi vous faites des travaux d'isolation de votre habitation principale ou des dépenses pour le rendre moins énergivore, vous pouvez bénéficier d'un crédit d'impôt pour la transition écologique (CITE). Ce crédit d'impôt est accordé sous conditions de ressource.\nce dispositif sera supprimé le 1 er  janvier 2021 et remplacé par la  prime de transition énergétique MaPrimeRénov .\nQui peut en bénéficier ?\nVous pouvez en bénéficier si le logement est votre habitation principale et que vous respectez des conditions de ressource.\nVos revenus doivent  être  supérieurs  à une valeur qui dépend du nombre de personnes composant le foyer.\nPersonnes composant le ménage\nÎle-de-France\nAutre région\n1\n\n 25 068 € \n\n\n 19 074 € \n\n2\n\n 36 792 € \n\n\n 27 896 € \n\n3\n\n 44 188 € \n\n\n 33 547 € \n\n4\n\n 51 597 € \n\n\n 39 192 € \n\n5\n\n 59 026 € \n\n\n 44 860 € \n\nPar personne supplémentaire\n+  7 422 € \n\n+  5 651 € \n\nsi vos revenus sont inférieurs à ces valeurs, vous pouvez bénéficier d'une  prime de transition énergétique MaPrimeRénov  versée par l'Anah.\n\n De plus,  vos revenus ne doivent pas dépasser un plafond, qui dépend de votre quotient familial.\nParts de quotient familial\nRFR maxi\n1\n\n 27 706 € \n\n1 re  demi-part\n+  8 209 € \n\n2 e  demi-part\n+  8 209 € \n\nDemi-part supplémentaire à partir de la 3 e \n\n+  6 157 € \n\nUn couple avec un enfant vivant en région parisienne compose un foyer de 3 personnes.\nLe RFR du couple pour bénéficier du CITE doit être au moins de  44 188 € .\nCependant, le RFR de ce couple ne doit pas dépasser  50 281 € .\nCela correspond à la situation de 2,5 parts de quotient, soit :  27 706 €  +  8 209 €  +  8 209 €  +  6 157 € .\nAttention : cet exemple  concerne un couple qui n'est pas dans une situation de majoration du quotient familial.\nTravaux permettant de bénéficier du CITE\nLe crédit d'impôt pour la transition énergétique (CITE) s'applique aux dépenses d'isolation du logement ou d'équipements qui permettent de réduire sa consommation d'énergie.\nLe logement doit être  votre  habitation principale  et être  achevé depuis plus de 2 ans (à la date du début des travaux).\nDate des travaux\nLe crédit d'impôt s'applique aux dépenses payées du 1 er  janvier au 31 décembre 2020.\nTravaux concernés\nLes travaux doivent être faits par une entreprise qui réalise la totalité des travaux ou qui en sous-traite une partie à une autre entreprise. Pour certains travaux, l'entreprise doit être   certifiée \"RGE\" .\nConsultez la   brochure pratique de l'impôt sur le revenu \n\n pour connaître le détail des travaux concernés.\nTravaux concernés (liste non exhaustive) :\nRemplacement de fenêtres en simple vitrage par des fenêtres en double vitrage\nÉquipement de chauffage ou de production d'eau chaude sanitaire fonctionnant au bois, énergie solaire ou autre biomasse\nPompes à chaleur autre que air/air\nDiagnostic de performance énergétique, quand il n'est pas obligatoire (1 par logement par période de 5 ans)\nMatériaux d'isolation thermique (hors fenêtres ou portes)\nDépose d'une cuve à fioul\nInstallation d'une VMC à double flux\nSystème de charge d'un véhicule électrique\nMontant du crédit d'impôt\nLe crédit d'impôt dépend des travaux réalisés et ne peut pas dépasser  75 %  de la valeur payée par le propriétaire.\nLe crédit d'impôt est toutefois plafonné à :\n\n 2 400 €  pour une personne seule\n\n 4 800 €  pour un couple soumis à imposition commune\nEt le plafond est  majoré de  120 €  par personne à charge  ( 60 €  par enfant en résidence alternée).\nCe plafond s'apprécie sur une période de 5 années du 1 er  janvier 2016 au 31 décembre 2020.\nDéclaration\nConservez vos justificatifs,  car l'administration fiscale peut vous les réclamer (facture de l'entreprise ayant fourni les matériaux/équipements et réalisé les travaux).\nSi le crédit d'impôt dépasse le montant d'impôt que vous devez payer, l'excédent vous est restitué.\nDéclaration en ligne\nLa période de déclaration 2020 des revenus est terminée. La déclaration 2021 des revenus de l'année 2020 aura lieu en avril 2021.\nDéclaration papier\nLa période de déclaration 2020 des revenus est terminée. La déclaration 2021 des revenus de l'année 2020 aura lieu en avril 2021.\nle CITE est cumulable avec  l'éco-prêt à taux zéro .\nVous êtes un particulier\nPar téléphone :\n\n 0809 401 401 \n\nDu lundi au vendredi de 8h30 à 19h, hors jours fériés.\nService gratuit + prix appel\nVous êtes un professionnel\nPar téléphone :\n\n 0 806 000 225 \n\nDu lundi au vendredi de 8h30 à 19h, hors jours fériés.\nService gratuit + prix appel",
    "link": "https://www.service-public.fr/particuliers/vosdroits/F1224",
    "arborescence": {
        "audience": "Particuliers",
        "theme": "Argent",
        "dossier": "Impôt sur le revenu : déductions, réductions et crédits d'impôt",
        "sous_dossier": "Aides fiscales liées au logement",
        "titre": "Crédit d'impôt pour la transition énergétique (CITE) "
    }
}