{
    "text": "Qu'est-ce que la grille Aggir ? : \n\n\nLa grille nationale Aggir  permet de mesurer  le degré de perte d'autonomie du demandeur de l'allocation personnalisée d'autonomie (Apa). Elle sert à déterminer si le demandeur a droit à l'Apa et, dans le cas où il y a effectivement droit, le niveau d'aides dont il a besoin. Les degrés  de perte d'autonomie  sont classés en 6  groupes iso-ressources  (Gir). À chaque Gir correspond un niveau de besoins d'aides pour accomplir les actes essentiels de la vie quotidienne.\nDe quoi s'agit-il ?\nLa grille Aggir est utilisée dans le cadre d'une demande  d'allocation personnalisée d'autonomie (Apa) .\nElle mesure les capacités de la personne âgée à accomplir :\n10 activités corporelles et mentales, dites  activités discriminantes ,\net 7 activités domestiques et sociales, dites  activités illustratives .\nSeules les 10    activités discriminantes  sont utilisées pour déterminer le  groupe iso-ressources  (Gir) dont relève la personne âgée.\nLes 7    activités illustratives  sont destinées à apporter des informations complémentaires à l'évaluateur pour mieux appréhender la situation globale de la personne.\nLa grille Aggir est intégrée à un référentiel d'évaluation qui permet de recueillir l'ensemble des informations nécessaires à l'élaboration du plan d'aide de la personne âgée.\n\n Vidéo : Comment l'autonomie est-elle  évaluée ? \n\nActivités évaluées\nActivités corporelles et mentales (dites \"discriminantes\")\nCommuniquer verbalement et/ou non verbalement, agir et se comporter de façon logique et sensée par rapport aux normes admises par la société\nSe repérer dans l'espace et le temps\nFaire sa toilette\nS'habiller, se déshabiller\nSe servir et manger\nAssurer l'hygiène de l'élimination urinaire et fécale\nSe lever, se coucher, s'asseoir, passer de l'une de ces 3 positions à une autre\nSe déplacer à l'intérieur du lieu de vie\nSe déplacer en dehors du lieu de vie\nUtiliser un moyen de communication à distance (téléphone, alarme, sonnette, etc.) dans le but d'alerter en cas de besoin\nActivités domestiques et sociales (dites \"illustratives\")\nPréparer les repas et les conditionner pour qu'ils puissent être servis\nGérer ses affaires, son budget et ses biens, reconnaître la valeur monétaire des pièces et des billets, se servir de l'argent et connaître la valeur des choses, effectuer les démarches administratives, remplir les formulaires\nEffectuer l'ensemble des travaux ménagers courants\nUtiliser volontairement un moyen de transport collectif ou individuel\nAcheter volontairement des biens\nRespecter l'ordonnance du médecin et gérer soi-même son traitement\nPratiquer volontairement, seul ou en groupe, diverses activités de loisir\nClassement dans un groupe Gir\nEn fonction de son degré de perte d'autonomie, la personne âgée est classée dans  un  groupe iso-ressources  (Gir).\nIl existe 6 Gir :\nSeuls les Gir 1 à 4 ouvrent droit à  l'Apa .\nLa personne relevant des Gir 5 ou 6 ne peut pas avoir droit à l'Apa. Elle peut demander une   aide ménagère ou une aide auprès de sa caisse de retraite .\n\n \n Gir \n \n\n\n Degrés de dépendance \n\nGir 1\n- Personne confinée au lit ou au fauteuil, dont les fonctions mentales sont gravement altérées et qui nécessite une présence indispensable et continue d'intervenants\n- ou personne en fin de vie\nGir 2\n- Personne confinée au lit ou au fauteuil, dont les fonctions mentales ne sont pas totalement altérées et dont l'état exige une prise en charge pour la plupart des activités de la vie courante\n- ou personne dont les fonctions mentales sont altérées, mais qui est capable de se déplacer et qui nécessite une surveillance permanente\nGir 3\nPersonne ayant conservé son autonomie mentale, partiellement son autonomie locomotrice, mais qui a besoin quotidiennement et plusieurs fois par jour d'une aide pour les soins corporels\nGir 4\n- Personne n'assumant pas seule ses transferts mais qui, une fois levée, peut se déplacer à l'intérieur de son logement, et qui a besoin d'aides pour la toilette et l'habillage\n- ou personne n'ayant pas de problèmes locomoteurs mais qui doit être aidée pour les soins corporels et les repas\nGir 5\nPersonne ayant seulement besoin d'une aide ponctuelle pour la toilette, la préparation des repas et le ménage\nGir 6\nPersonne encore autonome pour les actes essentiels de la vie courante\nChangement de Gir\nSi votre état de santé le nécessite, vous pouvez demander une réévaluation de votre situation, par courrier adressé aux services du département.\nSi vous avez été classé en Gir 5 ou en Gir 6 lors d'une précédente demande d'Apa, et que votre état de santé nécessite désormais un classement dans un autre Gir, vous pouvez déposer une nouvelle  demande d'allocation .\nGroupe iso-ressources",
    "link": "https://www.service-public.fr/particuliers/vosdroits/F1229",
    "arborescence": {
        "audience": "Particuliers",
        "theme": "Social - Santé",
        "dossier": "Allocations et aides aux personnes âgées",
        "sous_dossier": "",
        "titre": "Qu'est-ce que la grille Aggir ?"
    }
}