{
    "text": "Un propriétaire peut-il garder un double des clés de son locataire ? : \n\n\nLe propriétaire ( bailleur ) peut conserver un double des clés du logement qu'il loue.\nToutefois, il n'a pas le droit de pénétrer dans le logement loué sans l'accord du locataire.\nMême en cas d'urgence (dégât des eaux par exemple), le propriétaire ne peut pas entrer dans le logement occupé par le locataire sans son autorisation.\nSi le propriétaire pénètre dans le logement sans l'accord du locataire, le locataire peut  porter plainte  pour violation de domicile.\nLe propriétaire s'expose alors à une peine d'1 an de prison et à une amende de  15 000 € .\nrien n'interdit au locataire de changer la serrure ou le barillet pendant toute la période de location, sous réserve d'une remise en l'état initial de la porte lors de son départ définitif du logement.",
    "link": "https://www.service-public.fr/particuliers/vosdroits/F12244",
    "arborescence": {
        "audience": "Particuliers",
        "theme": "Logement",
        "dossier": "Location immobilière : contrat de location (bail)",
        "sous_dossier": "",
        "titre": "Un propriétaire peut-il garder un double des clés de son locataire ?"
    }
}