{
    "text": "DSE (dossier social étudiant) : comment demander une bourse et/ou un logement ? : \n\n\nVous devez constituer votre DSE pour faire votre demande de bourse sur critères sociaux (BCS) et de logement en résidence universitaire. Pour cela, vous devez préparer un certain nombre de documents.\nPour l'année universitaire 2020-2021, vous devez saisir votre demande entre le 15 janvier et le 15 mai 2020.\nLa demande est réalisée sur internet au moyen du dossier social étudiant (DSE).\nVous avez un compte (adresse mail et mot de passe) :\nsi vous avez déjà fait un DSE,\nou si vous êtes inscrit sur  \n Parcoursup \n .\nSi vous n'avez pas de compte, vous devrez en créer un avec votre numéro INE (identification nationale étudiant). Ce numéro se trouve sur votre carte d'étudiant ou sur l'imprimé de confirmation d'inscription au bac.\nJoignez à votre DSE la copie des pièces suivantes :\nVotre propre avis fiscal 2019  sur les revenus perçus   en 2018  et celui de vos parents (si vous n'avez pas d'avis fiscal, vous joignez celui de vos parents)\nVos justificatifs de  scolarité, et ceux de vos frères et sœurs s'ils sont également étudiants\nsi vos parents sont divorcés, vous devez joindre la copie de l'extrait du jugement de divorce vous confiant à l'un de vos parents et fixant le montant de la pension alimentaire. S'il n'y a pas de pension alimentaire, l'avis d'imposition de l'autre parent doit être transmis.\nSelon votre situation, vous devrez fournir des documents supplémentaires :\nVous êtes pris en charge par l'aide sociale à l'enfance (Ase)\nJoindre une  attestation de l'organisme \n\nVous êtes inscrit à Pôle Emploi et ne percevez pas d'indemnisation\nJoindre une  attestation de l'organisme \n\nVous n'êtes pas français\nJoindre  une attestation sur l'honneur de vos parents indiquant s'ils perçoivent ou non des revenus à l'étranger, ainsi que leur montant\nVous avez le statut de réfugié\nJoindre une  attestation de l'Office français de protection des réfugiés et apatrides (Ofpra) \n\nPour constituer votre DSE, vous devez vous connecter au téléservice suivant :",
    "link": "https://www.service-public.fr/particuliers/vosdroits/F12216",
    "arborescence": {
        "audience": "Particuliers",
        "theme": "Famille",
        "dossier": "Bourses et aides pour étudiant",
        "sous_dossier": "",
        "titre": "DSE (dossier social étudiant) : comment demander une bourse et/ou un logement ?"
    }
}