{
    "text": "Peut-on échanger son logement social (HLM) entre locataires ? : \n\n\nL'échange est autorisé (sans avoir à fournir de justification), si les locataires habitent un logement loué vide, qu'ils en font la demande et qu'ils respectent les  3 conditions suivantes :\nLes 2 logements  appartiennent au même propriétaire et sont  loués dans le même ensemble immobilier ( même groupe d'immeubles )\nL'une des 2 familles compte au moins 3 enfants\nL'échange  permet d'accroître la surface du logement occupé par la famille la plus nombreuse.\nEn dehors de ces conditions, toute demande d'échange de logement nécessite l'accord préalable écrit du bailleur. Les locataires qui échangeraient leurs logements sans l'accord du bailleur peuvent voir leur bail résilié.\nChacun des locataires continue le bail de l'autre, aux mêmes conditions et clauses. Aucun ne  peut pas être considéré comme nouvel entrant.\npour faciliter les échanges de logement, certains bailleurs sociaux d’Île-de-France ont constitué une  bourse d'échange sur internet \n\n.",
    "link": "https://www.service-public.fr/particuliers/vosdroits/F1239",
    "arborescence": {
        "audience": "Particuliers",
        "theme": "Logement",
        "dossier": "Location immobilière : fin du bail",
        "sous_dossier": "",
        "titre": "Peut-on échanger son logement social (HLM) entre locataires ?"
    }
}