{
    "text": "Peut-on tout acheter sur un site internet étranger (tabac, médicaments...) ? : \n\n\nNon. L'entrée en France de certaines marchandises est interdite.\nCes marchandises interdites sont notamment les suivantes :\nProduits dangereux  (comme les sels de plomb ou le nickel)\n\n Certaines armes \n\nMédicaments falsifiés (ressemblant aux médicaments authentiques) \n\n\n\n Tabacs  (que le site internet soit localisé à l'étranger ou en France)\nStupéfiants et médicaments psychotropes (traitement des troubles psychiques). L'achat sur un site internet étranger est autorisé uniquement si vous avez une ordonnance, un certificat médical ou une autorisation d'importation.\nL'achat de ces marchandises est interdite même si leur vente est légale dans le pays du site étranger.\nen cas de contrôle, les marchandises seront saisis par la douane française, y compris pendant le transport des biens achetés.\n\n\t\t\tPour obtenir des informations douanières concernant l'exportation, l'importation, les formulaires douaniers, les transports et le passage aux frontières, les franchises...\n\t\t\nPar téléphone\n\n\t\t\t 0 811 20 44 44 \n\n\n\t\t\tOuvert du lundi au vendredi de 8h30 à 18h\nNuméro violet ou majoré : service  0,06 €  /min + prix d'un appel\n\n\t\t\tHors métropole ou depuis l'étranger, composer le +33 1 72 40 78 50\n\t\t\nPar messagerie\nAccès au  formulaire de contact \n",
    "link": "https://www.service-public.fr/particuliers/vosdroits/F12329",
    "arborescence": {
        "audience": "Particuliers",
        "theme": "Argent",
        "dossier": "Achat à distance",
        "sous_dossier": "",
        "titre": "Peut-on tout acheter sur un site internet étranger (tabac, médicaments...) ?"
    }
}