{
    "text": "Un agent public perd-il les congés non pris pour cause de maladie ? : \n\n\nLes congés annuels sont accordés du 1 er  janvier au 31 décembre. En principe, les congés non pris au 31 décembre sont perdus et ne peuvent pas être reportés sur l'année suivante, sauf autorisation exceptionnelle de l'administration employeur.\nToutefois, si l'agent n'a pas pu prendre tout ou partie de ses congés du fait d'une absence prolongée pour raison de santé, les congés non pris sont automatiquement reportés. Ce report est limité à 4 semaines de congés sur une période de 15 mois maximum.\nAinsi, les congés non pris de l'année N peuvent être reportés jusqu'au 31 mars de l'année N + 2.\nS'ils ne sont pas pris au cours de cette période de 15 mois (notamment du fait d'une prolongation du congé de maladie de l'agent), ils sont perdus et ne peuvent pas donner lieu à indemnisation.\nToutefois, si l'agent quitte définitivement la fonction publique après un congé de maladie sans avoir repris ses fonctions, il bénéficie d'une indemnité compensatrice de congé dans la limite de 4 semaines de congé.\nLe report est accordé dans les cas suivants :\nCongé de maladie ordinaire\nCongé pour accident de service ou maladie d'origine professionnelle\nCongé de longue maladie\nCongé de longue durée\nCongé de grave maladie\nL'agent n'a pas à faire de demande expresse de report de ses congés annuels, il revient aux services des ressources humaines de les reporter automatiquement.\nLa prise des congés annuels reportés est soumise, comme toute prise de congés annuels, à l'accord de l'administration employeur.\nLes congés annuels sont accordés du 1 er  janvier au 31 décembre. En principe, les congés non pris au 31 décembre sont perdus et ne peuvent pas être reportés sur l'année suivante, sauf autorisation exceptionnelle de l'administration employeur.\nToutefois, si l'agent n'a pas pu prendre tout ou partie de ses congés du fait d'une absence prolongée pour raison de santé, les congés non pris sont automatiquement reportés. Ce report est limité à 4 semaines de congés sur une période de 15 mois maximum.\nAinsi, les congés non pris de l'année N peuvent être reportés jusqu'au 31 mars de l'année N + 2.\nS'ils ne sont pas pris au cours de cette période de 15 mois (notamment du fait d'une prolongation du congé de maladie de l'agent), ils sont perdus et ne peuvent pas donner lieu à indemnisation.\nToutefois, si l'agent quitte définitivement la fonction publique après un congé de maladie sans avoir repris ses fonctions, il bénéficie d'une indemnité compensatrice de congé dans la limite de 4 semaines de congé.\nLe report est accordé dans les cas suivants :\nCongé de maladie ordinaire\nCongé pour accident de service ou maladie d'origine professionnelle\nCongé de longue maladie\nCongé de longue durée\nCongé de grave maladie\nL'agent n'a pas à faire de demande expresse de report de ses congés annuels, il revient aux services des ressources humaines de les reporter automatiquement.\nLa prise des congés annuels reportés est soumise, comme toute prise de congés annuels, à l'accord de l'administration employeur.\nLes congés annuels sont accordés du 1 er  janvier au 31 décembre. En principe, les congés non pris au 31 décembre sont perdus et ne peuvent pas être reportés sur l'année suivante, sauf autorisation exceptionnelle de l'administration employeur.\nToutefois, si l'agent n'a pas pu prendre tout ou partie de ses congés du fait d'une absence prolongée pour raison de santé, les congés non pris sont automatiquement reportés. Ce report est limité à 4 semaines de congés sur une période de 15 mois maximum.\nAinsi, les congés non pris de l'année N peuvent être reportés jusqu'au 31 mars de l'année N + 2.\nS'ils ne sont pas pris au cours de cette période de 15 mois (notamment du fait d'une prolongation du congé de maladie de l'agent), ils sont perdus et ne peuvent pas donner lieu à indemnisation.\nToutefois, si l'agent quitte définitivement la fonction publique après un congé de maladie sans avoir repris ses fonctions, il bénéficie d'une indemnité compensatrice de congé dans la limite de 4 semaines de congé.\nLe report est accordé dans les cas suivants :\nCongé de maladie ordinaire\nCongé pour accident de service ou maladie d'origine professionnelle\nCongé de longue maladie\nCongé de longue durée\nCongé de grave maladie\nL'agent n'a pas à faire de demande expresse de report de ses congés annuels, il revient aux services des ressources humaines de les reporter automatiquement.\nLa prise des congés annuels reportés est soumise, comme toute prise de congés annuels, à l'accord de l'administration employeur.\nLes congés annuels non pris sont également  reportés automatiquement dans d'autres cas :\nCongé de maternité, d'adoption ou congé de paternité\nSi l'agent n'a pas pu prendre  tout ou partie de ses congés annuels en raison d'un congé de maternité, d'adoption ou de paternité, ils sont automatiquement reportés sur l'année suivante. Les congés reportés peuvent être posés jusqu'au 31 décembre de l'année N+1. Au-delà de cette date, ils sont perdus.\nAinsi, un agent absent sur l'année N bénéficie du report automatique de ses congés sur l'année N+1. En revanche, un agent absent sur les années N- 1 et N (par exemple : congé de maladie suivi d'un congé de maternité) bénéficie sur l'année N+1 du report automatique des seuls congés de l'année N. Les congés de l'année N-1 sont perdus même s'ils ont fait l'objet d'un report sur l'année N.\nCongé parental\nL'agent qui n'a pas pu prendre tout ou partie de ses congés annuels en raison d'un congé parental bénéficie du report automatique de ces congés en fin de congé parental, quelle qu'en soit sa durée.",
    "link": "https://www.service-public.fr/particuliers/vosdroits/F12392",
    "arborescence": {
        "audience": "Particuliers",
        "theme": "Travail",
        "dossier": "Maladie ou accident du travail dans la fonction publique",
        "sous_dossier": "",
        "titre": "Un agent public perd-il les congés non pris pour cause de maladie ?"
    }
}