{
    "text": "Chômage : compte personnel de formation (CPF) d'un demandeur d'emploi : \n\n\nÀ votre initiative, et que vous soyez inscrit ou non à Pôle emploi, vous avez le droit d'ouvrir un CPF. Vous n'obtiendrez pas de droits à formation sur le CPF pendant votre période de chômage. Pour connaître vos droits acquis, connectez-vous directement à votre CPF. Seules certaines formations sont admissibles au CPF.\nQui est concerné ?\nSi vous avez déjà travaillé, vous avez un CPF mais il ne sera pas alimenté pendant la période de chômage.\nEn revanche, vous pouvez utiliser les droits acquis lorsque vous étiez salarié.\nSi vous n'avez jamais travaillé, vous n'avez pas de CPF.\nsi vous cumulez votre indemnisation chômage avec des revenus d'une activité réduite, vous pouvez acquérir des droits sur votre CPF proportionnellement à votre temps de travail sur l'année.\nUtilisation du compte\nInformation sur les droits acquis\nPour connaître les droits acquis sur votre CPF, connectez-vous à  Mon compte formation , personnel et sécurisé. Si votre compte n'a pas encore été activé, munissez-vous de votre numéro de sécurité sociale.\nVotre compte vous donne des informations personnalisées notamment sur :\nles droits acquis et ceux utilisés\net les formations, ainsi que leur mode de financement, dont vous pouvez bénéficier.\nSe munir de ses identifiants ou via France Connect\nUtilisation des droits acquis\nSi vous bénéficiez de droits suffisants sur votre CPF pour effectuer la formation envisagée, votre projet est considéré comme étant validé dans le cadre du  projet personnalisé d'accès à l'emploi (PPAE) . Il n'a pas besoin de l'autorisation de Pôle emploi.\nEn revanche, si les droits sont insuffisants, Pôle emploi doit valider le projet de formation pour mettre en place le financement (Opacif, État, région, etc.).\nDans tous les cas, vous devez informer votre conseiller Pôle emploi de votre démarche lors de vos entretiens.\nvous pouvez vous appuyer sur  le conseil en évolution professionnelle  pour préparer votre projet de formation professionnelle.\nQuelles formations peut-on suivre ?\nLes formations admises au CPF permettent :\nd'effectuer une formation sanctionnée par les   certifications professionnelles enregistrées au répertoire national ,\nd'être accompagné pour la   validation des acquis de l'expérience (VAE) ,\nd'acquérir les connaissances de base  (socle de connaissances et de compétences) ,\nd'effectuer un bilan de compétence en mobilisant les heures inscrites sur le CPF acquises en poste. Pour rappel, le bilan de compétence peut être effectué notamment dans le cadre du   conseil en évolution professionnelle ,\nde préparer l'épreuve théorique du code de la route et  l'épreuve pratique du  permis de conduire des véhicules du groupe léger et du groupe lourd ,\nde suivre une formation dispensée aux créateurs ou repreneurs d'entreprises.\nles actions d'accompagnement et de conseil dispensées aux créateurs ou repreneurs d'entreprises ne sont pas admises au CPF lorsqu'elles sont entièrement réalisées ou financées notamment par Pôle emploi et l' Apec .\nVous pouvez suivre également une formation dans un pays membre de  l'Union européenne  si vous n'êtes pas inscrit auprès de Pôle emploi et qu'il existe une convention entre Pôle emploi et l'organisme public du pays concerné. \nPour rechercher une formation admissible, rendez-vous directement sur le  site du compte formation (avec votre numéro de sécurité sociale) ou connectez-vous à  Mon compte formation .\nSe munir de ses identifiants ou via France Connect\nPrise en charge des frais de formation\nLes frais pédagogiques et les frais de mobilités (frais de transport, repas, hébergement) peuvent être pris en charge par Pôle Emploi sous réserve que la formation soit financée ou cofinancée par Pôle emploi  sous certaines conditions .\nVous pouvez vous charger vous-même du dossier de prise en charge ou le faire compléter par votre conseiller Pôle emploi.\nAllemagne, Autriche, Belgique, Bulgarie, Chypre, Croatie, Danemark, Espagne, Estonie, Finlande, France, Grèce, Hongrie, Irlande, Italie, Lituanie, Lettonie, Luxembourg, Malte, Pays-Bas, Pologne, Portugal, République tchèque, Roumanie, Slovaquie, Slovénie, Suède. Attention : le Royaume-uni a quitté l'Union européenne, mais le droit européen concernant les citoyens s'applique jusqu'au 31 décembre 2020.\nAssociation pour l'emploi des cadres",
    "link": "https://www.service-public.fr/particuliers/vosdroits/F12382",
    "arborescence": {
        "audience": "Particuliers",
        "theme": "Social - Santé",
        "dossier": "Chômage : aides à la formation",
        "sous_dossier": "",
        "titre": "Chômage : compte personnel de formation (CPF) d'un demandeur d'emploi"
    }
}