{
    "text": "Décès d'un agent public contractuel : quels droits à pension de réversion ? : \n\n\nL'époux ou ex-époux survivant d'un agent public contractuel peut percevoir, sous condition d'âge et de revenus, une pension de réversion. Celle-ci se demande auprès du régime général de la Sécurité sociale, dans les mêmes conditions que pour  l'ayant droit d'un défunt ayant travaillé dans le privé .\nSous conditions, l'époux ou ex-époux survivant d'un agent public contractuel peut également percevoir  une  retraite de réversion complémentaire \n\n auprès de l' Ircantec .\nInstitution de retraite complémentaire des agents non titulaires de l'État et des collectivités publiques",
    "link": "https://www.service-public.fr/particuliers/vosdroits/F12394",
    "arborescence": {
        "audience": "Particuliers",
        "theme": "Famille",
        "dossier": "Pension de réversion",
        "sous_dossier": "",
        "titre": "Décès d'un agent public contractuel : quels droits à pension de réversion ?"
    }
}