{
    "text": "Action à fins de subsides en l'absence de filiation paternelle : \n\n\nLes subsides sont une contribution alimentaire  versée à un enfant \"de père inconnu\"  par l'homme qui a eu des relations intimes avec sa mère au moment de la conception de l'enfant. L'action à fins de subsides peut être engagée par l'enfant ou sa mère, auprès du tribunal. Cette action ne vise pas à établir un lien de filiation.\nDe quoi s'agit-il ?\nL'action à fins de  subsides   est engagée à l'encontre de l'homme qui a eu des relations intimes avec la mère de l'enfant pendant la période légale de conception.\nl'enfant est présumé avoir été conçu dans un délai compris entre les 300 et 180 jours précédant l'accouchement.\nQui est concerné ?\nL'action peut être engagée par :\nl'enfant lui-même lorsqu'il est majeur,\nou sa mère durant la minorité de l'enfant.\nProcédure\nL’action peut être exercée auprès du tribunal :\ndu domicile de celui qui a eu des relations avec la mère,\nou du domicile de l'enfant.\n\n Le recours à un avocat est obligatoire pour engager cette procédure. \n\nL'action est possible même s'il existe un empêchement absolu à mariage entre la mère et celui avec qui elle a eu des relations à l'époque de la conception de l'enfant.\nLa preuve de l'existence de relations intimes à l'époque de la conception de l'enfant peut être apportée par tout moyen, par exemple : lettres, photos, témoignages...\nCelui qui entretenait des relations intimes avec la mère de l’enfant peut écarter la demande de subsides, en prouvant par tous moyens, et notamment une expertise génétique, qu'il n'est pas le père de l'enfant.\nL'action peut être engagée dans un délai qui varie suivant le demandeur :\nMère de l'enfant\nL'action peut être engagée pendant la minorité de l'enfant (jusqu'à l'âge de 18 ans).\nEnfant\nL'action peut être engagée pendant 10 à partir de sa majorité  (jusqu'à 28 ans) si elle n'a pas été exercée durant sa minorité.\nEffets\nLes subsides sont versés sous forme de pension dont le montant est fixé en fonction :\ndes besoins de l'enfant,\ndes ressources du débiteur,\nde la situation familiale du débiteur.\nLa pension peut être versée au-delà de la majorité de l'enfant, s'il est encore dans le besoin.\nLes subsides sont versés :\nà la mère pendant la minorité de l'enfant,\nà l'enfant à sa majorité.\nEn cas de décès du débiteur, le paiement de la pension est assuré par ses héritiers.\nLe nom du débiteur n'apparaît pas sur l'acte de naissance de l'enfant. L’action à fins de subsides se distingue de  l'action en recherche de paternité  qui consiste à établir un lien de filiation entre l'enfant et le \"père prétendu\". Elle permet seulement d'obtenir le versement d'une contribution alimentaire.\nAide financière",
    "link": "https://www.service-public.fr/particuliers/vosdroits/F1230",
    "arborescence": {
        "audience": "Particuliers",
        "theme": "Famille",
        "dossier": "Naissance",
        "sous_dossier": "Démarches judiciaires",
        "titre": "Action à fins de subsides en l'absence de filiation paternelle"
    }
}