{
    "text": "Sport de compétition : \n\n\nDepuis le 11 juillet 2020, les compétitions sportives peuvent de nouveau se dérouler. Pour éviter la propagation du virus, les organisateurs doivent mettre en place des mesures garantissant le respect des règles sanitaires.\nVous pouvez pratiquer du sport en participant à des  compétitions. Pour cela, vous pouvez vous inscrire dans un club affilié à une fédération ou dans une manifestation sportive acceptant les pratiquants sans club. Dans les deux cas, vous devrez être apte physiquement. La prise de certains médicaments durant une compétition doit se faire avec une autorisation spécifique.\nQui peut faire du sport de compétition ?\nToute personne apte physiquement peut participer à des compétitions sportives. Il suffit de remplir les conditions d'inscription fixées par l'organisateur.\nLes compétitions sont accessibles aux majeurs comme aux mineurs. Toutefois, un âge minimum peut être nécessaire pour s'inscrire à une compétition. Par exemple, un enfant de 10 ans ne pourra pas participer à un semi-marathon.\nde nombreuses structures offrent des  activités sportives accessibles aux personnes handicapées .\nInscription\nDans un club affilié à une fédération\nPour participer à des compétitions, vous pouvez vous inscrire dans un club sportif affilié à une fédération reconnue (fédération française de football ou de rugby par exemple).\nPour cela, vous devrez démontrer votre aptitude physique en produisant un  certificat médical . Vous devrez également  prendre une  licence .\nLes frais relatifs à l'adhésion à un club (licence et visite médicale) peuvent être pris partiellement en charge par des  coupons sport .\nLes frais relatifs à l'équipement et au transport sont souvent pris en charge pour tout ou partie par le club.\nDans une manifestation sportive acceptant les pratiquants sans club\nPour participer à une compétition, vous pouvez vous inscrire à une manifestation sportive acceptant les pratiquants sans club (certaines courses à pied, par exemple).\nPour cela, vous devrez démontrer votre aptitude physique en produisant un  certificat médical .\nDes frais d'inscription peuvent  être fixés par l'organisateur.\nStructure d'accueil\nLes clubs, fédérations et manifestations peuvent être unisport ou multisports.\nLes structures multisports sont souvent dédiées à un public spécifique : élèves ou étudiants, retraités, militaires...\nLes dirigeants, entraîneurs, éducateurs et officiels sportifs sont chargés d'encadrer les compétitions. Ils peuvent être bénévoles ou professionnels.\nProduits dopants\nCertains médicaments (contre le rhume ou des anti-douleurs par exemple) sont considérés comme des produits dopants. Ils ont été  listés \n\n par l'Agence française de lutte contre le dopage (AFLD).\nSi vous prenez ces médicaments pour raison médicale (asthme, rhume, blessure...), vous pouvez participer à une compétition tout en prenant votre traitement. Cependant, il vous faut une autorisation spécifique dite  autorisation à usage thérapeutique . Pour l'obtenir, vous devez remplir un formulaire et le transmettre à l'AFLD par lettre recommandée avec accusé de réception.\nL'envoi du formulaire doit s'accompagner d'un chèque de   30 €  à l'ordre de  Agent comptable de l'AFLD .\nAFLD - Service médical\n8 rue Auber\n75009 Paris\nL'autorisation est valable pendant 1 an et doit être renouvelée par la suite.\n\n\t\t\tAide et oriente les sportifs en difficulté face au dopage\nPar téléphone\n\n\t\t\t 0 800 15 2000 \n\nNuméro vert : appel et service gratuit depuis un poste fixe\n\n\t\t\tDu lundi au vendredi de 10h à 20h.\n\t\t\nSite internet\nhttps://www.ecoute-dopage.fr/ \n",
    "link": "https://www.service-public.fr/particuliers/vosdroits/F124",
    "arborescence": {
        "audience": "Particuliers",
        "theme": "Loisirs",
        "dossier": "Sport",
        "sous_dossier": "Pratique sportive",
        "titre": "Sport de compétition"
    }
}