{
    "text": "Que faire si la pension alimentaire n'est pas payée ? : \n\n\nLa  loi de financement de la sécurité sociale \n prévoit la mise en place d'un service public pour le versement des pensions alimentaire afin d'éviter les impayés. Ce service permettra de recourir plus facilement à l'allocation de soutien familial (ASF).\nLa  loi n°2020-734 du 17 juin 2020 \n reporte cette nouvelle procédure au 1 er  janvier 2021.\nLes informations contenues dans cette page restent d'actualité dans l'attente d'un texte modificateur.\nEn tant que  créancier , vous pouvez obtenir le recouvrement des arriérés d'une pension alimentaire fixée par une décision judiciaire, si votre  débiteur  ne verse pas ou verse irrégulièrement la pension alimentaire.\nVous disposez de plusieurs moyens pour obtenir ce paiement :\n\n confier le recouvrement à  la  Caf  (ou la MSA) . Il est possible d'engager cette procédure dès le 1 er  impayé ou le 1 er  versement partiel. La Caf ou la MSA  se charge de recouvrer les impayés de pension alimentaire datant de 2 ans maximum.\nou engager  une  procédure de \"paiement direct\"  en faisant appel à un huissier de justice.  Il est possible d'engager cette procédure dès le 1 er  impayé ou  le 1 er  versement partiel. Cette procédure  concerne les impayés de pension alimentaire à venir et ceux datant de  6 mois maximum.\nou demander au juge une  saisie sur salaire  à l'aide d'une requête déposée auprès du greffe du tribunal.\nou obtenir une   saisie sur compte bancaire    ou   saisie-vente  en faisant appel à un huissier de justice.\nou  confier le recouvrement  au Trésor public , après l'échec  d'une des procédures précédentes.\nLe délai de prescription d'une action en paiement des arriérés de la pension alimentaire est de 5 ans.\nle délit d'abandon de famille peut également être retenu à l'encontre du débiteur. Ce délit est passible de 2 ans d'emprisonnement et  15 000 €  d'amende.\nPersonne tenue envers une autre d'exécuter une obligation (qui peut être le versement d'une somme d'argent)\nPersonne à qui l'on doit de l'argent ou la fourniture d'une prestation",
    "link": "https://www.service-public.fr/particuliers/vosdroits/F1249",
    "arborescence": {
        "audience": "Particuliers",
        "theme": "Famille",
        "dossier": "Séparation des parents",
        "sous_dossier": "",
        "titre": "Que faire si la pension alimentaire n'est pas payée ?"
    }
}