{
    "text": "Faut-il déclarer un changement de situation aux autorités du service national ? : \n\n\nVous résidez en France\nAprès le recensement et aussi longtemps que vous n'avez pas 25 ans,  vous devez informer votre centre du service national de tout changement de votre situation :\nChangement de domicile. Toute absence du domicile habituel pour une durée de plus de 4 mois doit également être signalée.\nChangement de situation familiale\nChangement de situation professionnelle\nVous pouvez faire votre déclaration de changement de situation :\nPar mail\nPar courrier\nÀ l'aide du formulaire cerfa n°11718 à adresser au centre du service national concerné :\nVous résidez à l'étranger\nAprès le recensement et aussi longtemps que vous n'avez pas 25 ans,  vous devez informer votre centre du service national de tout changement de votre situation :\nChangement de domicile (toute absence du domicile habituel pour une durée de plus de 4 mois doit également être signalée)\nChangement de situation familiale\nChangement de situation professionnelle\nVous pouvez faire votre déclaration de changement de situation :\nPar mail\nPar courrier\nÀ l'aide du formulaire cerfa n°11718 à adresser au centre du service national concerné :",
    "link": "https://www.service-public.fr/particuliers/vosdroits/F1241",
    "arborescence": {
        "audience": "Particuliers",
        "theme": "Papiers - Citoyenneté",
        "dossier": "Recensement, JDC et service national",
        "sous_dossier": "",
        "titre": "Faut-il déclarer un changement de situation aux autorités du service national ?"
    }
}