{
    "text": "Peut-on récupérer un jour férié qui tombe un jour non travaillé ? : \n\n\nNon, les jours de congés attribués en raison des fêtes légales ne sont pas récupérables lorsqu'ils tombent un jour non travaillé (un jour de week-end par exemple ou un jour de temps partiel).\nLa survenance d'une fête légale n'a pas d'effet sur le calendrier de travail et de congés de l'agent. Il ne peut y avoir ni récupération du jour férié, ni versement d'une indemnité compensatrice.\nLes prochaines fêtes légales sont les suivantes :\nCas général\nAnnée\nFête légale\nDate\n2020\nToussaint\nDimanche  1 er  novembre 2020\nArmistice 1918\nMercredi 11 novembre 2020\nNoël\nVendredi 25 décembre 2020\n2021\nJour de l'an\nVendredi 1 er  janvier 2021\nLundi de Pâques\nLundi 5 avril 2021\nFête du Travail\nSamedi 1 er  mai 2021\nVictoire 1945\nSamedi 8 mai 2021\nAscension\nJeudi 13 mai 2021\nLundi de Pentecôte\nLundi 24 mai 2021\nFête nationale\nMercredi 14 juillet 2021\nAssomption\nDimanche 15 août 2021\nToussaint\nLundi  1 er  novembre 2021\nArmistice 1918\nJeudi 11 novembre 2021\nNoël\nSamedi 25 décembre 2021\n2022\nJour de l'an\nSamedi 1 er  janvier 2022\nLundi de Pâques\nLundi 18 avril 2022\nFête du Travail\nDimanche 1 er  mai 2022\nVictoire 1945\nDimanche 8 mai 2022\nAscension\nJeudi 26 mai 2022\nLundi de Pentecôte\nLundi  6 juin 2022\nFête nationale\nJeudi 14 juillet 2022\nAssomption\nLundi 15 août 2022\nAlsace-Moselle\nAnnée\nFête légale\nDate\n2020\nToussaint\nDimanche  1 er  novembre 2020\nArmistice 1918\nMercredi 11 novembre 2020\n1 er  jour de Noël\nVendredi 25 décembre 2020\n2 e  jour de Noël\nSamedi 26 décembre 2020\n2021\nJour de l'an\nVendredi 1 er  janvier 2021\nVendredi saint (dans les communes ayant un temple protestant ou une église mixte)\nVendredi 2 avril 2021\nLundi de Pâques\nLundi 5 avril 2021\nFête du Travail\nSamedi 1 er  mai 2021\nVictoire 1945\nSamedi 8 mai 2021\nAscension\nJeudi 13 mai 2021\nLundi de Pentecôte\nLundi 24 mai 2021\nFête nationale\nMercredi 14 juillet 2021\nAssomption\nDimanche 15 août 2021\nToussaint\nLundi  1 er  novembre 2021\nArmistice 1918\nJeudi 11 novembre 2021\n1 er  jour de Noël\nSamedi 25 décembre 2021\n2 e  jour de Noël\nDimanche 26 décembre 2021\n2022\nJour de l'an\nSamedi 1 er  janvier 2022\nVendredi saint (dans les communes ayant un temple protestant ou une église mixte)\nVendredi 15 avril 2022\nLundi de Pâques\nLundi 18 avril 2022\nFête du Travail\nDimanche 1 er  mai 2022\nVictoire 1945\nDimanche 8 mai 2022\nAscension\nJeudi 26 mai 2022\nLundi de Pentecôte\nLundi  6 juin 2022\nFête nationale\nJeudi 14 juillet 2022\nAssomption\nLundi 15 août 2022\nOutre-mer\nAnnée\nFête légale\nDate\n2020\nToussaint\nDimanche  1 er  novembre 2020\nArmistice 1918\nMercredi 11 novembre 2020\nNoël\nVendredi 25 décembre 2020\n2021\nJour de l'an\nVendredi 1 er  janvier 2021\nLundi de Pâques\nLundi 5 avril 2021\nFête du Travail\nSamedi 1 er  mai 2021\nVictoire 1945\nSamedi 8 mai 2021\nAscension\nJeudi 13 mai 2021\nLundi de Pentecôte\nLundi 24 mai 2021\nFête nationale\nMercredi 14 juillet 2021\nAssomption\nDimanche 15 août 2021\nToussaint\nLundi  1 er  novembre 2021\nArmistice 1918\nJeudi 11 novembre 2021\nNoël\nSamedi 25 décembre 2021\n2022\nJour de l'an\nSamedi 1 er  janvier 2022\nLundi de Pâques\nLundi 18 avril 2022\nFête du Travail\nDimanche 1 er  mai 2022\nVictoire 1945\nDimanche 8 mai 2022\nAscension\nJeudi 26 mai 2022\nLundi de Pentecôte\nLundi  6 juin 2022\nFête nationale\nJeudi 14 juillet 2022\nAssomption\nLundi 15 août 2022\nEn plus des fêtes légales nationales, le jour de la commémoration de l'abolition de l'esclavage est un jour férié dans les  DOM . La date varie selon le département, dans les conditions suivantes :\nDom concerné\nDate\nGuadeloupe\n27 mai\nGuyane\n10 juin\nMartinique\n22 mai\nMayotte\n27 avril\nLa Réunion\n20 décembre\nSaint-Barthélemy\n9 octobre\nSaint-Martin\n27 mai\nDépartement d'outre-mer",
    "link": "https://www.service-public.fr/particuliers/vosdroits/F1251",
    "arborescence": {
        "audience": "Particuliers",
        "theme": "Travail",
        "dossier": "Temps de travail dans la fonction publique",
        "sous_dossier": "",
        "titre": "Peut-on récupérer un jour férié qui tombe un jour non travaillé ?"
    }
}