{
    "text": "Qu'est-ce que l'indemnité différentielle d'un fonctionnaire en arrêt maladie ? : \n\n\nLorsqu'un fonctionnaire en arrêt maladie est rémunéré à demi-traitement, sa rémunération journalière ne doit pas être inférieure au montant des indemnités journalières de la Sécurité sociale. Si c'est le cas, le fonctionnaire perçoit une indemnité différentielle.\nL'indemnité journalière est égale à la moitié du traitement indiciaire et de l'indemnité de résidence, dans la limite de  45,55 € , auquel s'ajoute le supplément familial de traitement (SFT) en totalité.\nUn agent est rémunéré sur la base de l'indice majoré 431 affecté en zone 1 de résidence qui a 2 enfants.\nSon traitement indiciaire  est égal à (431 x  17 375,78 €  / 1200 / 30)=  67,32 €  par jour.\nL'indemnité de résidence est égale à (431 x  17 375,78 €  / 1200 x  3 %  / 30) =  2,02 €  par jour.\nLe supplément familial de traitement est égal à  73,79 €  / 30 =  2,46 €  par jour.\nAu régime général de la Sécurité sociale, l'indemnité  est en conséquence égale à (67,32 + 2,02) / 2 + 2,46 = 34,67 + 2,46 =  37,13 €  par jour.\nSi la rémunération à demi-traitement du fonctionnaire est inférieure à  37,13 €  par jour, il perçoit une indemnité différentielle de façon à ce que sa rémunération  journalière atteigne ce montant.",
    "link": "https://www.service-public.fr/particuliers/vosdroits/F12565",
    "arborescence": {
        "audience": "Particuliers",
        "theme": "Travail",
        "dossier": "Maladie ou accident du travail dans la fonction publique",
        "sous_dossier": "",
        "titre": "Qu'est-ce que l'indemnité différentielle d'un fonctionnaire en arrêt maladie ?"
    }
}