{
    "text": "Impôt sur le revenu : un chômeur créateur d'entreprise est-il imposable ? : \n\n\nOui,  l'aide à la reprise ou à la création d'entreprise (Arce)  versée  à un chômeur créant ou reprenant une entreprise  est imposable.\nEn revanche, les aides versées dans le cadre du  nouvel accompagnement pour la création ou la reprise d'entreprise (Nacre)  ne sont pas imposables.\nselon le  statut juridique de l'entreprise , les bénéfices sont soumis à  l'impôt sur le revenu   ou à  l'impôt sur les sociétés .\nVous êtes un particulier\nPar téléphone :\n\n 0809 401 401 \n\nDu lundi au vendredi de 8h30 à 19h, hors jours fériés.\nService gratuit + prix appel\nVous êtes un professionnel\nPar téléphone :\n\n 0 806 000 225 \n\nDu lundi au vendredi de 8h30 à 19h, hors jours fériés.\nService gratuit + prix appel",
    "link": "https://www.service-public.fr/particuliers/vosdroits/F1253",
    "arborescence": {
        "audience": "Particuliers",
        "theme": "Argent",
        "dossier": "Impôt sur le revenu : déclaration et revenus à déclarer",
        "sous_dossier": "",
        "titre": "Impôt sur le revenu : un chômeur créateur d'entreprise est-il imposable ?"
    }
}