{
    "text": "Quels recours si le dossier de carte d'identité ou passeport est refusé ? : \n\n\nLors d'une demande de carte d'identité ou de passeport, vous pouvez rencontrer des difficultés que vous estimez injustifiées. Vos moyens de recours dépendent de l'administration qui a rejeté votre dossier.\nLa mairie est chargée d'accueillir les usagers, d'enregistrer la demande et de les transmettre au Centre d'expertise et de ressource titres (Cert). Il n'appartient pas à ses services d'accepter ou de rejeter un dossier.\nSi vous rencontrez des difficultés avec la mairie, vous pouvez saisir le Cert par courrier pour l'informer de la situation.\nAuvergne-Rhône-Alpes\nBourgogne-Franche-Comté\nBretagne\nCentre-Val de Loire\nCorse\nGrand Est\nHauts-de-France\nÎle-de-France\nParis (75)\nAdresse postale :\nPréfecture de police\nDPG – 2ème bureau\n9 boulevard du Palais\n75195 Paris cedex 04\nSeine-et-Marne (77)\nYvelines (78)\nEssonne (91)\nHauts-de-Seine (92)\nSeine-Saint-Denis (93)\nVal-de-Marne (94)\nVal-d'Oise (95)\nNormandie\nNouvelle Aquitaine\nOccitanie\nPays de la Loire\nProvence-Alpes-Côte d'Azur (Paca)\nOutre-mer\nGuadeloupe (971)\nGuyane (973)\nLa Réunion (974)\nMartinique (972)\nMayotte (976)\nVous pouvez exercer un recours  gracieux  en écrivant au Centre d'expertise et de ressource titres (Cert).\nAuvergne-Rhône-Alpes\nBourgogne-Franche-Comté\nBretagne\nCentre-Val de Loire\nCorse\nGrand Est\nHauts-de-France\nÎle-de-France\nParis (75)\nAdresse postale :\nPréfecture de police\nDPG – 2ème bureau\n9 boulevard du Palais\n75195 Paris cedex 04\nSeine-et-Marne (77)\nYvelines (78)\nEssonne (91)\nHauts-de-Seine (92)\nSeine-Saint-Denis (93)\nVal-de-Marne (94)\nVal-d'Oise (95)\nNormandie\nNouvelle Aquitaine\nOccitanie\nPays de la Loire\nProvence-Alpes-Côte d'Azur (Paca)\nOutre-mer\nGuadeloupe (971)\nGuyane (973)\nLa Réunion (974)\nMartinique (972)\nMayotte (976)\nVous pouvez également exercer  un  recours hiérarchique  à adresser à la direction des libertés publiques et des affaires juridiques (DLPAJ) du ministère de l'intérieur.\nEnfin, si vos démarches demeurent infructueuses, il vous est possible de saisir les services du Défenseur des droits.\nVous pouvez également  saisir le Tribunal administratif .\nSi votre dossier est refusé au guichet du consulat ou de l'ambassade, vous pouvez adresser un  recours gracieux  auprès du consul général ou de l'ambassadeur.\nvous pouvez adresser un  recours hiérarchique  au Service des Français de l'étranger du ministère en charge des affaires étrangères.\nSi vos démarches demeurent infructueuses, il  est possible de saisir les services du Défenseur des droits.\nVous pouvez également  saisir le Tribunal administratif .",
    "link": "https://www.service-public.fr/particuliers/vosdroits/F12567",
    "arborescence": {
        "audience": "Particuliers",
        "theme": "Papiers - Citoyenneté",
        "dossier": "Carte d'identité",
        "sous_dossier": "",
        "titre": "Quels recours si le dossier de carte d'identité ou passeport est refusé ?"
    }
}