{
    "text": "Peut-on démissionner pendant ses congés payés ? : \n\n\nOui, un salarié peut démissionner pendant ses congés payés.\nIl doit respecter les règles habituelles de la   démission , notamment  concernant la procédure à respecter (prévenir l'employeur, durée du préavis, dispense du préavis...).\nen cas de démission pendant vos congés payés, le  préavis  commence à courir à la fin  de ces congés (sauf accord contraire avec votre employeur).",
    "link": "https://www.service-public.fr/particuliers/vosdroits/F12598",
    "arborescence": {
        "audience": "Particuliers",
        "theme": "Travail",
        "dossier": "Rupture du contrat de travail dans le secteur privé",
        "sous_dossier": "",
        "titre": "Peut-on démissionner pendant ses congés payés ?"
    }
}