{
    "text": "Peut-on conserver l'usage du nom de son époux(se) décédé(e) ? : \n\n\nOui, vous pouvez continuer à utiliser le nom de votre époux(se) décédé(e) comme nom d'usage. Toutefois, ce n'est plus possible en cas de remariage.\nVous utilisez uniquement le nom de votre époux(se)\nVous pouvez conserver l'usage de ce nom.\nVous n'avez aucune démarche à faire.\nPar exemple, vous utilisez Martin au lieu de votre nom de naissance Dupont.\nSi vous le souhaitez, vous pouvez  faire figurer sur vos papiers la mention  veuf  ou  veuve  entre votre  nom de famille  et le nom de votre époux(se).\nPar exemple, Dupont veuve Martin. Il suffit de cocher ce choix dans le formulaire concerné.\nVous utilisez un double nom\nSi votre nom d'usage est un double nom comme Dupont-Martin, vous pouvez continuer à utiliser ce nom.\nVous n'avez aucune démarche à faire.\nen cas de remariage, vous ne pouvez plus faire figurer le nom de votre époux(se) décédé(e) sur votre carte d'identité ou tout autre document administratif.\nNom qui figure sur l'acte de naissance (appelé aussi  nom de naissance  ou  nom patronymique )",
    "link": "https://www.service-public.fr/particuliers/vosdroits/F12521",
    "arborescence": {
        "audience": "Particuliers",
        "theme": "Papiers - Citoyenneté",
        "dossier": "Nom et prénom",
        "sous_dossier": "",
        "titre": "Peut-on conserver l'usage du nom de son époux(se) décédé(e) ?"
    }
}