{
    "text": "Peut-on recevoir une aide de l'employeur pour payer un service à la personne ? : \n\n\nUne aide financière peut être versée aux salariés du secteur privé, aux chefs d'entreprise ou dirigeants sociaux (sous conditions) ainsi qu'aux fonctionnaires et aux agents non titulaires de la fonction publique.\nD'un montant maximum   1 830 €   par an, elle peut être versée par l'employeur ou par le comité social économique (ou comité d'action sociale dans le secteur public).\nLe service des ressources humaines peut vous aider à formuler votre demande et vous donner la liste des pièces à fournir.",
    "link": "https://www.service-public.fr/particuliers/vosdroits/F1252",
    "arborescence": {
        "audience": "Particuliers",
        "theme": "Travail",
        "dossier": "Particulier employeur : aide à domicile (services à la personne)",
        "sous_dossier": "",
        "titre": "Peut-on recevoir une aide de l'employeur pour payer un service à la personne ?"
    }
}