{
    "text": "Peut-on vendre, donner ou léguer une concession funéraire dans un cimetière ? : \n\n\nSi vous êtes titulaire d'une  concession funéraire , vous pouvez la transmettre à titre gratuit par don ou  legs , mais vous n'avez pas le droit de la vendre.\nLe bénéficiaire ne peut être qu'un membre de votre famille.\nEn cas de donation, le bénéficiaire de la donation devra demander au maire la rédaction d'un nouvel acte de concession, sur présentation de l'acte notarié de donation.\nLa donation est irrévocable.\nsi vous ne prenez pas de dispositions (ni donation, ni legs), la concession est transmise à votre décès à l'ensemble de vos  héritiers .\nDon ou legs à un particulier\nSi vous êtes titulaire d'une  concession funéraire , vous pouvez la transmettre à titre gratuit par don ou  legs , mais vous n'avez pas le droit de la vendre.\nEn cas de donation, le bénéficiaire de la donation devra demander au maire la rédaction d'un nouvel acte de concession, sur présentation de l'acte notarié de donation.\nLa donation est irrévocable.\nsi vous ne prenez pas de dispositions (ni donation, ni legs), la concession est transmise à votre décès à l'ensemble de vos  héritiers .\nRétrocession à la commune\nEn cas de déménagement ou de changement de choix d'obsèques, vous pouvez aussi rendre votre concession à condition que la  commune donne son accord.\nIl ne s'agit pas d'une vente, mais d'une renonciation à tout droit sur la concession.\nLa demande se fait auprès de la mairie dont dépend le cimetière.\nSi la commune accepte votre demande,  vous êtes remboursé d'une partie du prix payé.\nDe ce montant est retirée la somme éventuellement attribuée par la commune au  CCAS  (1/3 du montant en général).\nSi la concession est temporaire (trentenaire ou cinquantenaire), le montant du remboursement est calculé au prorata du temps restant à courir jusqu'à la fin de la concession.\nSi la concession est perpétuelle, c'est le conseil municipal qui décide du montant du remboursement.\nBien donné par testament à une personne\nPersonne désignée par la loi ou par un testament pour recueillir la succession d'une personne décédée\nCentre communal d'action sociale ",
    "link": "https://www.service-public.fr/particuliers/vosdroits/F12691",
    "arborescence": {
        "audience": "Particuliers",
        "theme": "Famille",
        "dossier": "Déclaration de décès, obsèques et sépulture",
        "sous_dossier": "",
        "titre": "Peut-on vendre, donner ou léguer une concession funéraire dans un cimetière ?"
    }
}