{
    "text": "Que faire en cas de désaccord sur l'organisation des funérailles ? : \n\n\nLes funérailles doivent correspondre  aux dernières volontés du défunt.\nSi aucun testament ne les précise et que les proches ne sont pas d'accord pour organiser ses funérailles, seul le juge peut trancher.\nIl convient de saisir le tribunal judiciaire du lieu du décès par  assignation  ou par requête au greffe. Le recours à un avocat n'est pas obligatoire.\nLe tribunal statue dans les 24 heures.\nIl est possible de faire appel de la décision du tribunal dans les 24 heures, auprès du premier président de la cour d'appel. Celui-ci statue immédiatement. Le recours à un avocat est facultatif.\nsi le décès est survenu à l’étranger, il faut saisir le tribunal du lieu du dernier domicile du défunt.\nNe pas respecter les dernières volontés du défunt peut être sanctionné d'une peine pouvant aller jusqu'à 6 mois d'emprisonnement et    7500 €  d'amende, ainsi que d'éventuelles peines complémentaires.\nActe d'huissier de justice informant une personne qu'un procès est engagé contre elle et la convoquant devant une juridiction",
    "link": "https://www.service-public.fr/particuliers/vosdroits/F12695",
    "arborescence": {
        "audience": "Particuliers",
        "theme": "Famille",
        "dossier": "Déclaration de décès, obsèques et sépulture",
        "sous_dossier": "",
        "titre": "Que faire en cas de désaccord sur l'organisation des funérailles ?"
    }
}