{
    "text": "PTZ, prêt conventionné, PAS : est-ce réservé à la résidence principale ? : \n\n\nOui. Le prêt à taux zéro (PTZ), le prêt conventionné (PC) et le prêt d'accession sociale (PAS) sont réservés à l'achat, la construction ou la réalisation de travaux dans votre résidence principale.\nPour qu'un logement soit considéré comme votre résidence principale,  vous devez l'occuper au moins 8 mois par an, à l'exception des situations suivantes :\nen cas de force majeur\npour raison de santé\nen cas d'obligation liée à votre activité professionnelle (déplacements réguliers,  logement de fonction, ...).\nLe logement concerné par le PTZ, prêt conventionné ou PAS doit :\nsoit être  votre résidence principale au plus tard 1 an après  la fin des travaux ou l'achat du logement,\nsoit être votre résidence principale à partir  votre départ à la retraite, qui doit intervenir au plus tard 6 ans après la fin ds travaux ou l'achat du logement. Dans cet intervalle de temps, vous pouvez mettre en location le logement, à la condition de respecter  certaines obligations .\nun prêt conventionné ordinaire  peut aussi  être conclu pour l'achat d'un logement dédié à la mise en location, à la condition que le locataire en fasse sa  résidence principale . Lorsque ce prêt finance l'achat  d'un logement existant ou des travaux d'amélioration, une  convention doit être passée avec l’État \n\n.\nLogement occupé au moins 8 mois par an (sauf obligation professionnelle, raison de santé ou cas de force majeure), soit par le locataire ou la personne avec laquelle il vit, soit par une personne à charge",
    "link": "https://www.service-public.fr/particuliers/vosdroits/F1269",
    "arborescence": {
        "audience": "Particuliers",
        "theme": "Argent",
        "dossier": "Crédit immobilier",
        "sous_dossier": "",
        "titre": "PTZ, prêt conventionné, PAS : est-ce réservé à la résidence principale ?"
    }
}