{
    "text": "Quelles sont les démarches fiscales à effectuer en cas de don manuel ? : \n\n\nLe don manuel consiste à transmettre un bien de la main à la main (objet, somme d'argent par exemple). Le bénéficiaire du don doit le déclarer à l'administration fiscale et payer les droits de donation. Les délais pour le déclarer varient selon le montant de la valeur du don.\nDe quoi s'agit-il ?\nLe don manuel est une forme de  donation . Il consiste à remettre, de la main à la main, différents types de biens : objet (bijoux, voiture, tableau, etc.), somme d'argent.\nToutefois, le don peut aussi s'effectuer par  virement (somme d'argent) ou concerner des  valeurs mobilières .\nVous n'êtes pas obligé de vous adresser à un notaire pour effectuer un don manuel.\nLe don manuel ne peut donc pas porter sur des  biens immobiliers , qui nécessitent un acte devant un notaire.\nFaut-il le déclarer ?\nLa déclaration du don manuel à l'administration est  obligatoire .\nLa déclaration permet de dater officiellement le don et ainsi de faire courir le   délai durant lequel vous pouvez bénéficier de l'abattement .\nComment le déclarer ?\nLa déclaration sera différente selon la valeur du don.\nDon inférieur ou égal à 15 000 €\nVous devez le déclarer au plus tard un mois après l'avoir révélé à l'administration fiscale.\nLe paiement s'effectue en même temps.\nUtilisez pour cela le formulaire suivant :\nAdressez-le en double exemplaire au service des impôts des entreprises (SIE) du domicile du donataire :\nDon supérieur à 15 000 €\nLes démarches sont différentes selon que le don est révélé spontanément ou   après une demande de l'administration.\nRévélation spontanée\nLes démarches sont différentes selon le moment où vous déclarez le don.\nSi le don manuel est supérieur à  15 000 € , vous pouvez choisir de le déclarer et payer les droits de donation dans le mois suivant le décès du donateur.\nUtilisez alors le formulaire suivant :\nSi, par contre, vous choisissez de ne pas déclarer ou de ne pas payer les droits de donation dans le mois suivant le décès du donateur, utilisez le formulaire suivant :\nAdressez le formulaire (2734 ou 2735 selon votre choix) en double exemplaire au service des impôts des entreprises (SIE) du domicile du donataire :\nRévélation subie\nLa révélation du don manuel peut être  faite après une demande de l'administration ou un contrôle fiscal.\nVous devez le déclarer au plus tard un mois après la révélation à l'administration fiscale. Le paiement s'effectue en même temps.\nUtilisez le formulaire suivant :\nAdressez-le en double exemplaire au service des impôts des entreprises (SIE) du domicile du donataire :\nEst-il imposable ?\nL'impôt s'appelle  droit de donation .\nVous serez imposable si vous êtes dans un de ces 4 cas :\nLe don est constaté à l'occasion d'une décision de justice\nLe  don est constaté dans un acte soumis à enregistrement\nVous signalez le don   à l'administration fiscale (de manière spontanée ou sur demande, lors d'un contrôle fiscal par exemple)\nVous héritez du donateur ou il vous accorde  une nouvelle donation ( règle du rappel fiscal d'une donation antérieure )\nRègles d'évaluation du don\nDon effectué après juillet 2011\nLes droits de donation sont calculés sur la valeur des biens la plus élevée :\nsoit le jour de la déclaration du don,\nsoit le jour où le don est effectué.\nDon effectué avant le 31 juillet 2011\nLes droits de donation sont calculés sur la valeur des biens au jour de la déclaration du don.\nLes    tarifs, abattements  et  réductions  applicables sont ceux en vigueur au jour de la déclaration du don.\nLe  présent d'usage \n\n  est réalisé lors d'occasions particulières, généralement liées à un événement familial (anniversaire, mariage, naissance, réussite à un examen...). Sa valeur doit être  raisonnable , c'est-à-dire proportionnée aux revenus de celui qui offre.\nSa déclaration n'est pas obligatoire.\nVous êtes un particulier\nPar téléphone :\n\n 0809 401 401 \n\nDu lundi au vendredi de 8h30 à 19h, hors jours fériés.\nService gratuit + prix appel\nVous êtes un professionnel\nPar téléphone :\n\n 0 806 000 225 \n\nDu lundi au vendredi de 8h30 à 19h, hors jours fériés.\nService gratuit + prix appel\nTitre négociable sur un marché financier : titre de capital (émis par une société par actions), titre de créance (obligations par exemple), part ou action d'organismes de placement collectif. Appelé aussi  valeur mobilière  ou  instrument financier .\nBien ne pouvant pas être déplacé (exemples : terrain ou appartement) ou objet en faisant partie intégrante (exemple : clôture du terrain)",
    "link": "https://www.service-public.fr/particuliers/vosdroits/F1265",
    "arborescence": {
        "audience": "Particuliers",
        "theme": "Argent",
        "dossier": "Droits de succession et de donation",
        "sous_dossier": "",
        "titre": "Quelles sont les démarches fiscales à effectuer en cas de don manuel ?"
    }
}