{
    "text": "Faire une donation-partage : \n\n\nLa donation-partage est à la fois une donation et un partage. Elle vous permet de transmettre et de répartir, de votre vivant, les biens de votre future succession. La donation-partage se fait par acte notarié.\nDe quoi s'agit-il ?\nLa donation-partage vous permet, de votre vivant, de partager entre vos  héritiers présomptifs , tout ou partie des biens de votre patrimoine. C'est un moyen de leur transmettre par avance les biens de votre future succession. \nQui peut faire une donation-partage ?\nPour faire une donation-partage, vous devez :\nÊtre sain d'esprit, c'est-à-dire posséder des capacités mentales permettant un discernement et une volonté suffisamment éclairée\nÊtre majeur ou  mineur émancipé \n\nEt posséder la  capacité juridique  de disposer de vos biens.\nIl n'y a pas de limite d'âge pour faire une donation-partage.\nQui peut en bénéficier ?\nLes règles dépendent des personnes à qui vous voulez faire la donation-partage.\nEnfants uniquement\nVous pouvez décider de faire une donation-partage  au profit de vos enfants uniquement.\nLa donation-partage faite avec votre époux(se) peut bénéficier à vos enfants communs et/ou non communs.\nToutefois, chaque époux ne peut donner qu'à ses propres enfants. Les enfants non-communs ne doivent pas recevoir de biens appartenant personnellement à leur beau-père ou belle-mère.\nEnfants et/ou petits-enfants\nVous pouvez effectuer une donation-partage au profit de vos enfants et/ou de vos petits-enfants (appelée donation-partage transgénérationnelle) à la double condition suivante :\nAvoir l'accord de votre enfant qui renonce en totalité ou en partie à ses droits\nAvoir l'accord  de vos petits-enfants bénéficiaires\nPar exemple, si vous n'avez qu'un enfant, vous pouvez faire une donation-partage à son profit ainsi qu'à vos petits enfants, ou au profit exclusivement de vos petits-enfants.\nAutres descendants\nEn l'absence d'enfant, vous pouvez faire une donation-partage au profit de vos  collatéraux  dès lors que ces derniers sont des  héritiers présomptifs  au jour de la donation-partage.\nune donation-partage  portant sur une entreprise individuelle peut être faite au profit des  descendants  mais aussi de parents éloignés ou de personnes étrangères à la famille.\nBiens concernés\nLa donation porte sur les biens dont vous êtes propriétaires au jour de la donation-partage. Elle peut concerner l'ensemble de vos biens ou seulement une partie.\nVous pouvez conserver  l'usufruit   des biens donnés.\nDémarches\nVous êtes marié\nVous pouvez faire une donation-partage avec votre époux(se), sur vos biens communs et/ou sur les biens personnels de chacun (donation-partage dite conjonctive).\nLa donation-partage se fait par acte notarié.\nVous êtes dans une autre situation\nVous pouvez faire une donation-partage seul, sur vos biens personnels.\nLa donation-partage se fait par acte notarié.\nCoût\nVous devez payer des  frais de notaire .\nFiscalité\nSi vous effectuez une donation-partage, vous devrez payer des  droits de donation , sauf  en cas d'exonération .\nLe montant des droits de donation et les cas d'exonération sont les mêmes que pour une donation simple.\nEffets\nAvant l'ouverture de la succession\nVos bénéficiaires deviennent immédiatement et définitivement propriétaires des biens donnés.\nAu moment de la succession\nAu moment de la succession, si la donation-partage n'a pas été faite de manière équilibrée, vos  héritiers  peuvent contester la  valeur des parts attribuées.\nHéritier qui, du vivant d'une personne, a vocation à lui succéder et recueillerait sa succession si cette personne venait à décéder\nPersonne désignée par la loi ou par un testament pour recueillir la succession d'une personne décédée\nDroit réel de jouissance qui confère à son titulaire (l'usufruitier) le droit d'utiliser le bien et d'en percevoir des revenus locatifs, sans pouvoir en disposer, notamment le vendre\nEnfant, petit-enfant, arrière petit-enfant\nFrères, sœurs d'une personne et enfants de ces derniers (collatéraux privilégiés) ainsi qu'oncles, tantes, cousins, cousines (collatéraux ordinaires)\nAptitude d'une personne (physique ou morale) à avoir des droits et des obligations et à les exercer elle-même (exemples : droit de conclure un contrat, droit d'agir en justice)",
    "link": "https://www.service-public.fr/particuliers/vosdroits/F1266",
    "arborescence": {
        "audience": "Particuliers",
        "theme": "Famille",
        "dossier": "Préparer sa succession : donation",
        "sous_dossier": "",
        "titre": "Faire une donation-partage"
    }
}