{
    "text": "Quand mettre en location un logement acheté par un PTZ ou un prêt conventionné ? : \n\n\nIl est possible de mettre en location le logement, mais cela dépend notamment de la date d'obtention du prêt.\nPrêt accordé depuis 2016\nUn logement acheté avec un PTZ, un PAS ou un prêt conventionné ne peut pas être mis en location durant les 6 années qui suivent la date de versement du prêt.\nToutefois, il est possible de mettre en location le logement durant cette période si les 2 conditions suivantes sont remplies :\nL'emprunteur se trouve une situation particulière\nL'emprunteur  respecte des règles spécifiques de mise en location (loyer plafonné, revenu du locataire plafonné, durée totale de location limitée)\nLes situations permettant à l'emprunteur de mettre en location le logement sont les suivantes :\nLe logement  deviendra sa  résidence principale  au moment de sa retraite, qui interviendra dans moins de 6 ans (soit moins de 12 ans après le versement du prêt)\nL'emprunteur a une mobilité professionnelle. En conséquence, son  nouveau trajet (aller) entre son  lieu d'activité et le logement financé est d'au moins 50 km ou représente un   temps de transport d'au moins 1 heure 30.\nIl divorce ou rompt son Pacs\nIl est  en situation d'invalidité ou en incapacité, reconnue par la délivrance d'une carte d'invalidité\nIl est  au chômage depuis plus d'1 an (situation attestée par l'inscription à Pôle Emploi).\n\n Attention,  l'emprunteur qui se trouve dans l'une de  ces 5 situations peut mettre en location le logement  à condition de  respecter toutes les règles  suivantes :\nLa durée totale de location du logement ne peut pas dépasser 6 ans\nLe logement doit servir de résidence principale au locataire. Le logement ne peut pas être loué pour être utilisé comme logement de fonction, ou comme  meublé de tourisme  ou comme  résidence secondaire.\nLe loyer  appliqué ne peut pas dépasser les  plafonds de loyer d'un logement social de type PLS \n\n.\nLes ressources du locataire, à la signature du bail, ne doivent pas dépasser les  plafonds de ressources pour obtenir un logement social de type PLS .\nil est obligatoire d'informer l'organisme financier qui a accordé le prêt de la mise en location du logement. Si l'emprunteur perçoit des  APL  pour ce logement, il doit de même informer la  Caf  (ou la  MSA  s'il dépend du régime agricole).\nPrêt accordé avant 2016\nPlus de 6 ans après le versement du prêt\nLe logement acheté avec un PTZ, un PC ou un PAS peut être mis en location au-delà des 6 années  suivant la date de versement du prêt,  dès lors que vous avez l'accord de la banque.\nIl faut  adresser un courrier à votre  banque exposant votre situation (rappel du prêt et bien concerné) et  lui demandant si elle ne s'oppose pas à la  mise en location du bien.\nSi la banque est d'accord, le PTZ peut être maintenu et la mise en location du bien est libre.\nAu cours des 6 années suivant la date de versement du prêt\nLe logement acheté avec un PTZ, un PC ou un PAS ne peut pas être mis en location tant que le prêt n'est pas intégralement remboursé.\nCependant, cette condition n'est pas exigée si vous vous trouvez dans l'une des situations suivantes :\nLe logement  deviendra votre  résidence principale au moment de votre retraite qui interviendra dans moins de 6 ans\nVous avez une mobilité professionnelle où la distance séparant le nouveau lieu de l'activité et le le logement financé est d'au moins 50 km ou entraîne en temps de trajet aller au moins égal à 1h30\nVous divorcez ou vous rompez votre Pacs\nVous êtes en situation d'invalidité ou d'incapacité reconnue par la délivrance d'une carte d'invalidité\nVous êtes au chômage depuis plus d'1 an (situation attestée par l'inscription à Pôle Emploi)\nSi vous êtes dans l'une de ces 5 situations, la location doit respecter toutes les conditions suivantes :\nLa location ne peut pas excéder 6 ans\nLe logement ne peut être  loué ni comme  location saisonnière , ni comme  logement meublé \n\nLe loyer est plafonné et ne peut pas dépasser les   plafonds de loyer des logements sociaux de type PLS \n\n.\nLes ressources du locataire ne doivent pas dépasser les   plafonds de ressources pour obtenir un logement social de type PLS .\nPrêt intégralement remboursé\nLe logement acheté avec un PTZ, un PC ou un PAS  peut être mis en location.\nun prêt conventionné ordinaire  peut aussi  être conclu pour l'achat d'un logement dédié à la mise en location, à la condition que le locataire en fasse sa  résidence principale . Lorsque ce prêt finance l'achat  d'un logement existant ou des travaux d'amélioration, une  convention doit être passée avec l’État \n\n.\nLogement occupé au moins 8 mois par an (sauf obligation professionnelle, raison de santé ou cas de force majeure), soit par le locataire ou la personne avec laquelle il vit, soit par une personne à charge\nAide personnalisée au logement\nCaisse d'allocations familiales\nMutualité sociale agricole",
    "link": "https://www.service-public.fr/particuliers/vosdroits/F1275",
    "arborescence": {
        "audience": "Particuliers",
        "theme": "Argent",
        "dossier": "Crédit immobilier",
        "sous_dossier": "",
        "titre": "Quand mettre en location un logement acheté par un PTZ ou un prêt conventionné ?"
    }
}