{
    "text": "Un fonctionnaire peut-il bénéficier d'un temps partiel thérapeutique ? : \n\n\nOui, un fonctionnaire peut bénéficier d'un temps partiel pour raison thérapeutique après un congé de maladie.\nQui est concerné ?\nLe temps partiel thérapeutique peut être accordé :\nsoit parce que la reprise des fonctions à temps partiel est reconnue favorable à l'amélioration de votre état de santé,\nsoit parce que vous devez faire l'objet d'une rééducation ou d'une réadaptation professionnelle pour retrouver un emploi compatible avec votre état de santé.\nUn temps partiel thérapeutique peut être accordé à un fonctionnaire après :\nun  congé de maladie ordinaire (CMO) ,\nou un  congé de longue maladie (CLM) ,\nou un  congé de longue durée (CLD) ,\nou un  congé pour invalidité temporaire imputable au service (CITIS) .\nDémarche\nVous devez présenter votre demande de temps partiel thérapeutique à votre employeur. Votre demande doit être accompagnée d'un certificat médical favorable établi par votre médecin traitant.\nElle est accordée après avis concordant du médecin agréé par l'administration.\nLorsque les avis du médecin traitant et du médecin agréé ne sont pas concordants, l'administration saisit le  comité médical  ou la  commission de réforme .\nDurée\nCas général\nL'autorisation de reprendre à temps partiel est accordée pour une  durée de 3 mois renouvelable dans la limite d'1 an  pour une même affection.\nen cas de nouvelle affection ou d'un nouvel accident, vous pourrez bénéficier d'un nouveau temps partiel thérapeutique.\nAprès un congé pour accident de service ou maladie professionnelle\nL'autorisation de reprendre à temps partiel est accordée pour une  durée de 6 mois maximum renouvelable 1 fois .\nen cas de nouvelle affection ou d'un nouvel accident de travail, vous pourrez bénéficier d'un nouveau temps partiel thérapeutique.\nQuotité de travail\nLa quotité de travail peut être de  50 % ,  60 % ,  70 % ,  80 %  ou  90 % . Elle  peut varier, sur avis du comité médial ou de la commission de réforme, lors de chaque renouvellement de l'autorisation de temps  partiel.\nLes périodes de temps partiel thérapeutique sont considérées comme du temps plein pour :\nla détermination des droits à l'avancement d'échelon et de grade,\nla constitution et la liquidation des droits à pension de retraite,\nl'ouverture des droits à un nouveau congé de maladie.\nRémunération\nVous percevez en intégralité :\nvotre traitement indiciaire,\nvotre indemnité de résidence,\net votre supplément familial de traitement.\nEn revanche, les primes et indemnités sont versées au prorata de la durée effective de service accomplie.\nCongés\nLes droits à congés annuels restent égaux à 5 fois les obligations hebdomadaires de services (comme pour tout fonctionnaire quel que soit son  temps de travail), appréciées en jours effectivement ouvrés.\nPar exemple :\nsi vous travaillez à  80 % , soit l'équivalent de 4 jours par semaine, vous avez droit à 20 jours de congés par an (5 x 4 jours).\nsi vous travaillez à  50 % , soit l'équivalent de 2,5 jours par semaine, vous avez droit à 12,5 jours de congés par an (5 x 2,5 jours).\nFin du temps partiel thérapeutique\nÀ la fin du temps partiel thérapeutique, vous reprenez vos fonctions à temps plein sans intervention du comité médical ou de la commission de réforme.\nsi vous avez épuisé vos droits à temps partiel thérapeutique et que vous n'êtes pas en capacité de reprendre vos fonctions à temps plein, vous pouvez demander à  travailler à temps partiel .",
    "link": "https://www.service-public.fr/particuliers/vosdroits/F12788",
    "arborescence": {
        "audience": "Particuliers",
        "theme": "Travail",
        "dossier": "Maladie ou accident du travail dans la fonction publique",
        "sous_dossier": "",
        "titre": "Un fonctionnaire peut-il bénéficier d'un temps partiel thérapeutique ?"
    }
}