{
    "text": "Un employeur peut-il imposer au salarié en congé payés de revenir travailler ? : \n\n\nL'ordonnance n°2020-323 du 25 mars 2020 portant mesures d'urgence en matière de congés payés, de durée du travail et de jours de repos \n prévoit la possibilité pour l'employeur, par accord collectif de branche ou d'entreprise, d'imposer au salarié des dates de prise de jours de congé, dans la limite de 6 jours. Elle prévoit également la possibilité de modifier les dates de jours RTT.\nLa période de congés imposée ou modifiée ne peut pas s'étendre au-delà du 31 décembre 2020.\nNon, l'employeur ne peut pas demander au salarié parti en congés payés de revenir travailler. En effet, le salarié n'est plus à la disposition de son employeur durant cette période.\nToutefois, l'employeur peut demander à un salarié de revenir travailler en cas de circonstances exceptionnelles.\nL'employeur doit motiver les raisons de son rappel.\nL'employeur doit respecter les conditions fixées par la convention collective. Des mesures de compensation peuvent être prévues, comme par exemple les conditions suivantes :\nRemboursement intégral des frais de voyage occasionnés par le rappel du salarié\nDroit à des jours de congés supplémentaires en plus des jours de congés non pris en raison du rappel du salarié\nEn cas de conflit sur les raisons avancées par l'employeur, seul le  juge  peut déterminer si le rappel du salarié était justifié.",
    "link": "https://www.service-public.fr/particuliers/vosdroits/F12791",
    "arborescence": {
        "audience": "Particuliers",
        "theme": "Travail",
        "dossier": "Congés dans le secteur privé",
        "sous_dossier": "",
        "titre": "Un employeur peut-il imposer au salarié en congé payés de revenir travailler ?"
    }
}