{
    "text": "Acte de vente d'un terrain situé dans un lotissement : \n\n\nL'acte de vente pour l'achat d'un terrain situé dans un lotissement est réalisé chez un notaire. Il contient certaines informations obligatoires. Le solde du prix de vente est versé à la signature de l'acte de vente.\nContenu\nL'acte de vente mentionne les informations suivantes :\nCoordonnées du vendeur (appelé  lotisseur ) et de l'acheteur\nDescriptif détaillé du terrain et sa surface exacte\nExistence d'un  bornage  du terrain\nDocuments annexés à l'acte de vente\n\n Cahier des charges  et  règlement de lotissement \n\n\n État des servitudes \"risques\" et d'information sur les sols \n\nÉtude de sol dans les zones exposées au phénomène de mouvement de terrain différentiel consécutif à la sécheresse et à la réhydratation des sols argileux\n\n État des nuisances sonores aériennes   dans les zones de bruit définies par un plan d'exposition au bruit.\nIl est recommandé d'apporter une attention particulière au cahier des charges et au règlement de lotissement. Effet, les règles de vie en lotissement ainsi que des règles d'urbanisme y sont mentionnées (par exemple, choix du modèle de toiture, matériaux utilisés).\nSignature\nL'acte de vente doit être signé par l'acheteur et le vendeur devant notaire après l'achèvement des équipements collectifs (voirie, eau, gaz, électricité...).\nToutefois, l'acte peut être signé avant cet achèvement si le lotisseur justifie d'une autorisation de différer les travaux des équipements collectifs ou d'une garantie d'achèvement des travaux donnée par une banque.\nLe notaire qui a rédigé l'acte en garde un original appelé  la minute  et remet à l'acquéreur une copie constituant son titre de propriété qui doit être conservée.\nil est recommandé de ne pas signer de contrat de construction avant la signature de l'acte de vente du terrain.\nVersement du prix de vente et frais notariés\nLe solde du prix de vente doit être versé à la signature de l'acte.\nLes frais d'actes notariés sont à la charge de l'acheteur, sauf si le vendeur et l'acheteur en décident autrement.\nCes frais se composent des éléments suivants :\nDroits et taxes collectés par le notaire et reversés au Trésor public (droit d'enregistrement, taxe de publicité foncière ou taxe sur la valeur ajoutée)\nRémunération du notaire (rédaction de l'acte de vente, consultations, expertise…)\nFrais engagés pour le compte du lotisseur et de l'acquéreur (extrait de cadastre, par exemple)\nIl est possible d'évaluer le montant de ces frais grâce à un simulateur.\nPublicité foncière\nPour que la vente soit  opposable  aux tiers, le notaire doit assurer la  publicité foncière  en publiant l'acte de vente au fichier immobilier du service de publicité foncière dont dépend le terrain.\nEn Alsace-Moselle, l'acte est publié au livre foncier.\nRègles d'urbanisme que doivent respecter les futures constructions en lotissement (emploi d'un certain type de matériaux, couleurs...)\nInformations sur les règles de vie collective en lotissement (répartition des charges, entretien des espaces verts, stationnement...)\nQui ne peut être méconnu par les tiers, lesquels doivent en subir les effets et les respecter",
    "link": "https://www.service-public.fr/particuliers/vosdroits/F12702",
    "arborescence": {
        "audience": "Particuliers",
        "theme": "Logement",
        "dossier": "Achat d'un terrain",
        "sous_dossier": "Achat d'un terrain situé dans un lotissement",
        "titre": "Acte de vente d'un terrain situé dans un lotissement"
    }
}