{
    "text": "Un salarié peut-il revenir travailler avant la fin de son arrêt maladie ? : \n\n\nOui, si la date de fin de l'arrêt maladie est avancée sur autorisation médicale.\nEn cas de retour anticipé au travail, le salarié doit en informer sa  CPAM  au plus vite, pour suspendre le versement des indemnités journalières (IJ) pour maladie. Si c'est l'employeur qui a perçu directement le IJ et maintenu le salaire durant l'arrêt, c'est à lui d'informer directement la CPAM de la reprise anticipée du salarié.\nLa CPAM peut récupérer les sommes qui n'auraient pas dû être versées du fait de la reprise anticipée du salarié.\nCaisse primaire d'assurance maladie",
    "link": "https://www.service-public.fr/particuliers/vosdroits/F12743",
    "arborescence": {
        "audience": "Particuliers",
        "theme": "Travail",
        "dossier": "Maladie ou accident du travail dans le secteur privé",
        "sous_dossier": "",
        "titre": "Un salarié peut-il revenir travailler avant la fin de son arrêt maladie ?"
    }
}