{
    "text": "Le contrat de travail peut-il être rompu pendant un congé sabbatique ? : \n\n\nOui, le contrat de travail suspendu pour cause de congé sabbatique peut prendre fin dans les cas suivants :\n\n Démission  du salarié\n\n Licenciement pour motif économique \n\n\n Licenciement pour motif personnel  (en cas de faute du salarié découverte après son départ en congé sabbatique, par exemple)\n\n Rupture conventionnelle \n\n\n Rupture pour cas de force majeure \n\nLe salarié est tenu de respecter un  préavis  s'il est imposé par   dispositions conventionnelles .\nConvention collective, accord collectif, accord de branche, d'entreprise ou d'établissement applicables en droit du travail. Elles fixent les obligations et les droits de l'employeur et du salarié.",
    "link": "https://www.service-public.fr/particuliers/vosdroits/F12750",
    "arborescence": {
        "audience": "Particuliers",
        "theme": "Travail",
        "dossier": "Congés dans le secteur privé",
        "sous_dossier": "",
        "titre": "Le contrat de travail peut-il être rompu pendant un congé sabbatique ?"
    }
}