{
    "text": "Peut-on bénéficier de plusieurs congés parentaux successifs ? : \n\n\nOui. Un salarié peut bénéficier de  congés parentaux successifs en cas de nouvelle naissance ou d'adoption pendant un  congé parental d'éducation.\nLa demande de nouveau congé parental   à temps plein  ou  à temps partiel  est ouvert à tout salarié (père ou mère) pouvant justifier d'au moins  1 an d'ancienneté  dans l'entreprise.\nLa demande de nouveau congé parental doit respecter les mêmes délais que ceux prévus lors de la demande du 1 er  congé parental.\nLe salarié peut mettre fin au congé parental avant son terme et reprendre son activité initiale en cas de  décès de l'enfant ou de  diminution importante des ressources du foyer.\nLe salarié adresse alors une demande motivée à l'employeur  1 mois au moins  avant la date à laquelle il entend reprendre son activité.\nLa salariée enceinte pendant son congé parental peut bénéficier d'un  congé maternité  pendant lequel elle perçoit des indemnités journalières versées par la Sécurité sociale. À la fin de ce second congé maternité, la salariée peut bénéficier d'un nouveau congé parental.\nL'employeur ne peut pas refuser à une salariée enceinte le droit d'interrompre son congé parental d'éducation pour bénéficier d'un congé de maternité.",
    "link": "https://www.service-public.fr/particuliers/vosdroits/F12809",
    "arborescence": {
        "audience": "Particuliers",
        "theme": "Travail",
        "dossier": "Congés dans le secteur privé",
        "sous_dossier": "",
        "titre": "Peut-on bénéficier de plusieurs congés parentaux successifs ?"
    }
}