{
    "text": "Comment est versée la pension de retraite de base d'un fonctionnaire ? : \n\n\nUn  projet de loi instituant un système universel de retraite \n est examiné par le Parlement. Les règles relatives à la retraite seront  modifiées. Dans l'attente de la publication de la loi, les informations contenues dans cette page restent d'actualité.\nCas général\nLe versement de la rémunération d'activité cesse le lendemain du dernier jour d'activité.\nLa pension de retraite est versée à partir du 1 er  jour du mois suivant la cessation de l'activité et le versement de la pension  a lieu chaque mois par virement,  à terme échu .\nAinsi, par exemple, si vous cessez votre activité professionnelle le 8 juin, vous êtes payé  fin  juin par votre administration pour la  période de travail du 1 er  au 8 juin.\nVotre droit à pension débute à partir du 1 er  juillet et vous   percevez votre 1 re  pension de retraite fin juillet.\nVous n'avez  aucun revenu pour la période du 9 au 30 juin. Si vous cessez  en revanche votre  activité le 30 juin, vous  bénéficiez de la totalité de votre salaire de juin.\nEnsuite, votre  pension est versée chaque mois en fin de mois.\nRetraite pour limite d'âge\nSi vous partez à la retraite parce que vous avez atteint la  limite d'âge , la pension est due à partir du jour de la cessation d'activité même si ce jour intervient en cours de mois. Le versement  a lieu chaque mois par virement, et  à terme échu .\nPar exemple, si vous  cessez votre activité professionnelle le 4 février, vous êtes payé  fin  février par votre administration pour la période de travail du 1 er  au 4 février.\nVotre droit à pension de retraite débute dès le 5 février et vous percevez votre 1 re  pension de retraite fin février.\nEnsuite, votre pension est versée chaque mois en fin de mois.\nRetraite pour invalidité\nSi vous partez à la retraite en raison de votre  invalidité , la pension est due à partir du jour de la cessation d'activité même si ce jour intervient en cours de mois. Le versement  a lieu chaque mois par virement,   à terme échu .\nPar exemple, si vous  cessez votre activité professionnelle le 4 février, vous êtes payé  fin  février par votre administration pour la période de travail du 1 er  au 4 février.\nVotre droit à pension de retraite débute dès le 5 février et vous percevez votre 1 re  pension de retraite fin février.\nEnsuite, votre pension est versée chaque mois en fin de mois.\nÀ la fin de la période pour laquelle les droits à pension sont ouverts",
    "link": "https://www.service-public.fr/particuliers/vosdroits/F12811",
    "arborescence": {
        "audience": "Particuliers",
        "theme": "Travail",
        "dossier": "Retraite d'un agent de la fonction publique (titulaire et non titulaire)",
        "sous_dossier": "",
        "titre": "Comment est versée la pension de retraite de base d'un fonctionnaire ?"
    }
}