{
    "text": "Un majeur protégé (tutelle, curatelle...) peut-il demander un titre d'identité ? : \n\n\nUn majeur sous tutelle, curatelle ou sauvegarde de justice peut posséder une carte d'identité ou un passeport. L'intervention de son représentant dépend du type de protection.\nTutelle\nSeul le  tuteur peut, en tant que représentant légal, faire  la demande de titre d'identité.\nLa présence de la personne sous tutelle est également exigée lors du dépôt de la demande pour procéder à la prise d'empreintes.\nCuratelle\nLe majeur conserve sa capacité juridique. Il peut donc demander un titre d'identité sans avoir besoin d'en demander l'autorisation du curateur.\nSauvegarde de justice\nLe majeur conserve sa capacité juridique. Il peut donc demander un titre d'identité sans avoir besoin de demander  l'autorisation à une autre personne.",
    "link": "https://www.service-public.fr/particuliers/vosdroits/F12883",
    "arborescence": {
        "audience": "Particuliers",
        "theme": "Papiers - Citoyenneté",
        "dossier": "Carte d'identité",
        "sous_dossier": "",
        "titre": "Un majeur protégé (tutelle, curatelle...) peut-il demander un titre d'identité ?"
    }
}