{
    "text": "Handicap : majoration pour la vie autonome (MVA)  : \n\n\nLa majoration pour la vie autonome (MVA) est une aide financière qui peut s'ajouter à l'allocation aux adultes handicapés (AAH). Elle permet de faire face aux dépenses liées à votre handicap (par exemple, adaptation de votre logement). Pour la percevoir, il faut remplir des conditions liées notamment à votre logement et à votre taux d'incapacité (80 % au minimum). La MVA est attribuée automatiquement par la Caisse d'allocations familiales (Caf) ou la Mutualité sociale agricole (MSA).\nDe quoi s'agit-il ?\nLa MVA est une aide permettant de financer une partie des dépenses liées à votre handicap (par exemple, installation d'un monte-escalier, transformation d'une baignoire en douche).\nLa MVA complète l'allocation aux adultes handicapés (AAH).\n\n Vidéo : Adapter  son logement \n\nConditions d'attribution\nPour pouvoir percevoir la MVA, il faut remplir les 5 conditions suivantes :\nPercevoir  l'AAH  à taux plein ou en complément d'une retraite, d'une pension d'invalidité ou d'une rente accident du travail, ou percevoir  l'allocation supplémentaire d'invalidité (Asi) \n\nAvoir un taux d'incapacité au moins égal à 80 %\nVivre dans un logement indépendant, c'est-à-dire un logement qui n'appartient pas à un établissement. Si vous êtes hébergé par un particulier à son domicile, le logement n'est pas considéré comme étant indépendant sauf s'il s'agit de la personne avec qui vous vivez en couple\nPercevoir    une aide au logement \n\nNe pas percevoir de revenu d'activité\nDémarche\nLa MVA n'a pas à être demandée. La Caisse d'allocations familiales (Caf) ou  la Mutualité sociale agricole (MSA) l'attribue automatiquement et en même temps que l'AAH dès lors que les conditions sont remplies.\nMontant\nLe montant de la MVA est fixé à  104,77 €  par mois.\nVersement\nLa MVA est versée mensuellement.\nEn cas d'hospitalisation, d'hébergement dans un établissement médico-social (par exemple, une  maison d'accueil spécialisée ) ou d'incarcération, son versement est maintenu jusqu'au 1 er  jour du mois suivant une période de 60 jours.\nLe versement de la MVA est repris, sans nouvelle demande, à partir du 1 er  jour du mois suivant celui au cours duquel vous n'êtes plus hospitalisé, hébergé ou incarcéré.",
    "link": "https://www.service-public.fr/particuliers/vosdroits/F12903",
    "arborescence": {
        "audience": "Particuliers",
        "theme": "Social - Santé",
        "dossier": "Handicap : allocations (AAH, AEEH) et aides",
        "sous_dossier": "",
        "titre": "Handicap : majoration pour la vie autonome (MVA) "
    }
}