{
    "text": "Comment trouver un traducteur agréé ? : \n\n\nPour faire certaines démarches, il est nécessaire de joindre la traduction  française d'un document  rédigé dans une langue étrangère.\nPar exemple, pour échanger un permis de conduire étranger contre un permis de conduire français.\nLa traduction doit être faite par un traducteur agréé  inscrit sur une liste des experts judiciaires.\nOn parle de traduction  certifiée conforme à l'original  ou  officielle. \n\nVous pouvez consulter la liste de ces traducteurs sur le site internet de la Cour de cassation :\n- Recherchez la Cour d'appel qui vous concerne et consultez la liste correspondante (au format pdf)\n- Consultez  la rubrique  Interprétariat -Traduction .\nLes interprètes et traducteurs sont classés selon la langue pratiquée.\nSi vous vous trouvez à l'étranger, vous pouvez consulter la liste des traducteurs agréés sur le site de votre consulat.\nLa signature du traducteur devra être  légalisée  par le consulat.\ncertains documents délivrés par un  État de l'Union européenne  n'ont pas besoin d'être légalisés et un formulaire multilingue peut être joint pour éviter d'avoir à les traduire. Consultez le  site e-justice \n\n pour avoir des informations complémentaires. Vous pouvez aussi consulter le  tableau récapitulatif des règles par pays \n\n pour vérifier quelle règle s'applique à votre document.\nAllemagne, Autriche, Belgique, Bulgarie, Chypre, Croatie, Danemark, Espagne, Estonie, Finlande, France, Grèce, Hongrie, Irlande, Italie, Lituanie, Lettonie, Luxembourg, Malte, Pays-Bas, Pologne, Portugal, République tchèque, Roumanie, Slovaquie, Slovénie, Suède. Attention : le Royaume-uni a quitté l'Union européenne, mais le droit européen concernant les citoyens s'applique jusqu'au 31 décembre 2020.",
    "link": "https://www.service-public.fr/particuliers/vosdroits/F12956",
    "arborescence": {
        "audience": "Particuliers",
        "theme": "Papiers - Citoyenneté",
        "dossier": "Certificat, copie, légalisation et conservation de documents",
        "sous_dossier": "",
        "titre": "Comment trouver un traducteur agréé ?"
    }
}