{
    "text": "Handicap : le complément de ressources existe-t-il toujours ? : \n\n\nNon, le complément de ressources est  supprimé depuis  le 1 er  décembre 2019 .\nToutefois, si vous perceviez cette aide jusqu'à cette date, vous continuez d'en bénéficier sous réserve de remplir les conditions d'attribution (liées à votre taux d'incapacité, vos ressources et votre logement).\n\n Taux d'incapacité \n\nVous devez avoir :\nun taux d'incapacité d'au moins 80 %,\net une capacité de travail inférieure à 5 % du fait de votre handicap. Cette incapacité est appréciée  par la commission des droits et de l'autonomie des personnes handicapées (CDAPH). Les 5 % équivalent à une incapacité de travail quasi absolue.\n\n Ressources \n\nVous devez :\npercevoir l'allocation aux adultes handicapés (AAH) à taux plein ou en complément d'une retraite, d'une pension d'invalidité ou d'une rente d'accident du travail,\n\n et  ne pas avoir perçu de revenu à caractère professionnel depuis 1 an à la date du dépôt de la demande de complément.\n\n Logement \n\nVous devez vivre dans un logement indépendant qui ne soit pas dans un établissement. Si vous êtes hébergé par un particulier à son domicile, le logement n'est pas considéré comme étant indépendant sauf s'il s'agit de la  personne avec qui vous vivez en couple .\nLe complément de ressources  forme avec l'AAH ce que l'on appelle la  garantie de ressources . Le montant du complément de ressources est fixé à  179,31 €  ce qui porte la garantie de ressources (AAH + complément de ressources) à  1 082,01 €  par mois.\nle complément de ressources cesse d'être versé si vous travaillez ou si vous avez atteint l'âge minimum légal de départ à la retraite.\nMariage, Pacs ou concubinage (union libre)",
    "link": "https://www.service-public.fr/particuliers/vosdroits/F12911",
    "arborescence": {
        "audience": "Particuliers",
        "theme": "Social - Santé",
        "dossier": "Handicap : allocations (AAH, AEEH) et aides",
        "sous_dossier": "",
        "titre": "Handicap : le complément de ressources existe-t-il toujours ?"
    }
}