{
    "text": "Retraite du combattant : \n\n\nLa retraite du combattant est un avantage versé en témoignage de la reconnaissance nationale par le ministère en charge des anciens combattants, sous conditions.\nDe quoi s'agit-il ?\nLa retraite du combattant n'est pas une retraite professionnelle. C'est un avantage versé en témoignage de la reconnaissance nationale par le ministère en charge des anciens combattants, sous conditions.\nCondition d'attribution\nÊtre titulaire de la  carte du combattant .\nDémarche\nCas général\nVous devez faire votre demande dans le mois précédent  votre 65 e  anniversaire.\nIl faut fournir les documents suivants  :\nFormulaire cerfa n°10860\nJustificatifs énumérés sur la notice du formulaire\nVous devez envoyer ces documents La  demande est à adresser au service  de l' ONACVG  qui vous a délivré la carte du combattant.\nServices effectués en Algérie de 1962 à 1964\nVous devez faire votre demande dans le mois précédent  votre 65 e  anniversaire.\nIl faut fournir les documents suivants  :\nFormulaire cerfa n°15924\nJustificatifs énumérés dans la notice du formulaire\nVous devez envoyer ces documents au service de l' ONACVG  qui vous a délivré la carte du combattant  pour les services effectués en Algérie (1962-1964).\nMontant\n\n 757,64 €  par an.\nVersement\nLa retraite du combattant est versée semestriellement, jusqu'au décès de son bénéficiaire.\nElle se cumule avec les retraites professionnelles.\nElle est incessible et insaisissable.\nElle n'est pas imposable, ni prise en compte dans le calcul de ressources pour l'obtention d'avantages sociaux.\nDécès du bénéficiaire\nVous devez déclarer le décès du bénéficiaire au service  de l' ONACVG  de son département pour mettre fin au versement.  Un acte de décès doit être transmis au service concerné.\nla retraite du combattant ne peut pas être reversée à l'époux après le décès du bénéficiaire.\nDe quoi s'agit-il ?\nLa retraite du combattant n'est pas une retraite professionnelle. C'est un avantage versé en témoignage de la reconnaissance nationale par le ministère en charge des anciens combattants, sous conditions. En principe, elle est attribuée à partir de 65 ans mais dans certains cas, elle peut être versée dès  60 ans.\nConditions d'attribution\nPour obtenir la retraite du combattant dès 60 ans,  vous devez en  faire personnellement la demande  dès que vous êtes titulaire de la carte du combattant. \n\nPar ailleurs, vous devez :\nÊtre titulaire de  l'allocation de solidarité aux personnes âgées (Aspa) \n\nOu être titulaire d'une pension militaire d'invalidité indemnisant une incapacité d'au moins 50% et percevoir l'une des allocations suivantes ( allocation pour adultes handicapés (AAH)  ou allocation compensatrice ou  allocation d'aide sociale (dite allocation simple) , ou  allocation spéciale vieillesse (ASV) ou allocation aux vieux travailleurs salariés (AVTS ) ou  allocation de solidarité aux personnes âgées (Aspa) )\nOu être domicilié dans un département ou une collectivité d'outre-mer ( Dom  et  Com )\nOu être titulaire d'une pension militaire d'invalidité indemnisant une ou plusieurs infirmités imputables à des services accomplis au cours de campagnes de guerre ou de missions de maintien de l'ordre hors métropole\nDémarche\nCas général\nVous devez faire votre demande dans le mois précédent  votre 60 e  anniversaire.\nIl faut fournir les documents suivants  :\nFormulaire cerfa n°10860\nJustificatifs énumérés dans la notice du formulaire\nVous devez envoyer ces documents au service de  ONACVG  qui vous a délivré la carte du combattant.\nServices effectués en Algérie (1962-1964)\nVous devez faire votre demande dans le mois précédent  votre 60 e  anniversaire.\nIl faut fournir les documents suivants\nFormulaire cerfa n°15924\nJustificatifs énumérés dans la notice du formulaire\nVous devez envoyer ces documents au service de  ONACVG  qui vous a délivré la carte du combattant pour l'Algérie (1962-1964). \nMontant\n\n 757,64 €  par an.\nVersement\nLa retraite du combattant est versée semestriellement, jusqu'au décès du bénéficiaire.\nElle se cumule avec les retraites professionnelles.\nElle est incessible et insaisissable.\nElle n'est pas imposable, ni prise en compte dans le calcul de ressources pour l'obtention d'avantages sociaux.\nDécès du bénéficiaire\nVous devez déclarer le décès du bénéficiaire au service  de l' ONACVG  de son département pour mettre fin au versement.  Un acte de décès doit être transmis au service concerné.\nla retraite du combattant ne peut pas être reversée à l'époux après le décès du bénéficiaire.\nNouvelle-Calédonie (statut particulier) - Polynésie française - Saint-Barthélemy - Saint-Martin  - Saint-Pierre-et-Miquelon - Terres australes et antarctiques françaises (statut particulier) - Wallis-et-Futuna\nGuadeloupe - Guyane - Martinique - Mayotte - La Réunion\nOffice national des anciens combattants et victimes de guerre",
    "link": "https://www.service-public.fr/particuliers/vosdroits/F1293",
    "arborescence": {
        "audience": "Particuliers",
        "theme": "Papiers - Citoyenneté",
        "dossier": "Anciens combattants",
        "sous_dossier": "",
        "titre": "Retraite du combattant"
    }
}