{
    "text": "Immobilisation d'un véhicule : \n\n\nLorsque vous commettez certaines infractions, votre véhicule peut être immobilisé : vous devez le maintenir sur place ou à proximité. Les forces de l'ordre vous remettent une fiche d'immobilisation en échange de la carte grise du véhicule (dorénavant appelée  certificat d'immatriculation ). Pour lever l'immobilisation de votre véhicule et récupérer la carte grise, vous devez prouver que l'infraction ayant entraîné l'immobilisation du véhicule a cessé.\nDe quoi s'agit-il ?\nLorsque vous commettez une infraction, votre véhicule peut être immobilisé : vous devez le maintenir  sur place ou à proximité tout en respectant les règles de stationnement.\nSi vous êtes absent ou si vous  refusez de déplacer votre véhicule, il peut être immobilisé  par un moyen mécanique.\nL'immobilisation d'un véhicule peut être un préalable à sa  mise en fourrière .\nQuelles infractions entraînent l'immobilisation ?\nInfraction au code de la route entraînant une  confiscation   du véhicule : infractions liées à l'alcool, à la vitesse, conduite sans permis...\nInfraction entraînant une  mise en fourrière du véhicule \n\nNon respect des règles de circulation : distance de sécurité dans un tunnel, entrave à la circulation...\nNon respect des règles du contrôle technique\nNon conformité des plaques d'immatriculation\nNon conformité de l'état du véhicule : anormalement bruyant ou polluant, ou présentant un danger pour les usagers.\nNon conformité de l'équipement du véhicule : pare-brise ou vitres latérales avant insuffisamment transparentes (sauf s'il y a un motif médical), absence ou détérioration d'appareil d'enregistrement de la vitesse.\nDécision d'immobilisation\nL'immobilisation du véhicule peut être décidée par un agent ou un  officier de police judiciaire  (police nationale, municipale ou gendarmerie).\nPour immobiliser le véhicule, les forces de l'ordre vous remettent une fiche d'immobilisation  ou une fiche de circulation provisoire en échange de la carte grise  du véhicule.\nComment mettre fin à l'immobilisation ?\nPour lever l'immobilisation de votre véhicule et récupérer la carte grise, vous devez prouver que l'infraction ayant entraîné  l'immobilisation du véhicule a cessé.\nVous devez vous adresser à l'autorité indiquée sur la fiche d'immobilisation.\nSi l'infraction commise concerne la non conformité des plaques d'immatriculation, vous devez  faire immatriculer le véhicule .  Demandez aux forces de l'ordre  une copie de la carte grise pour faire la démarche.\nSanctions\nFaire  obstacle à l'immobilisation de votre véhicule est sanctionné par une peine maximale de 3 mois de prison et une amende pouvant aller jusqu'à   3 750 € . Vous perdez également 6 points sur votre permis de conduire.\nVous risquez également les  peines complémentaires  suivantes :\nSuspension du permis pour une durée de 3 ans au plus  (aménagement possible en dehors de l'activité professionnelle)\nPeine de  travail d'intérêt général \n\nPeine de  jours-amende .\nPeine consistant pour le condamné à verser au Trésor une somme. Son montant global  résulte de la fixation par le juge d'une contribution quotidienne pendant un certain nombre de jours.\nSanction qui peut s'ajouter à une peine principale de prison ou d'amende. Exemples : privation des droits civiques (droit de vote et éligibilité...), obligation de soins, retrait du permis de conduire.\nFonctionnaire de la police judiciaire ayant un certain grade, placé, dans chaque cour d'appel, sous l'autorité du parquet et le contrôle de la chambre d'accusation. Il a notamment pour attributions de constater les infractions pénales et de mener certaines enquêtes.",
    "link": "https://www.service-public.fr/particuliers/vosdroits/F12914",
    "arborescence": {
        "audience": "Particuliers",
        "theme": "Transports",
        "dossier": "Infractions routières",
        "sous_dossier": "Sanctions relatives au véhicule",
        "titre": "Immobilisation d'un véhicule"
    }
}