{
    "text": "Qu'est-ce que l'invalidité au sens de la sécurité sociale ? : \n\n\nVous êtes considéré comme invalide si, après  un accident ou une maladie d'origine non professionnelle, votre capacité de travail ou de gain est réduite d'au moins 2/3.\nCela signifie que vous n'êtes pas en mesure de vous procurer un salaire supérieur au 1/3 de la rémunération normale des travailleurs de votre catégorie et travaillant dans votre région.\nLa reconnaissance de l'invalidité par la sécurité sociale vous permet de percevoir une  pension  en compensation de la perte de salaire entraînée par votre état de santé.\nLa notion d'invalidité ne doit pas être confondue avec celle  d'inaptitude , qui relève de la médecine du travail. En effet, un salarié inapte n'a pas systématiquement droit au versement d'une pension d'invalidité. De même, un assuré invalide n'est pas systématiquement inapte au travail.\ndans  certaines entreprises, les salariés bénéficient d'une assurance invalidité complémentaire, souscrite par l'employeur dans le cadre d'un contrat de prévoyance.",
    "link": "https://www.service-public.fr/particuliers/vosdroits/F13093",
    "arborescence": {
        "audience": "Particuliers",
        "theme": "Social - Santé",
        "dossier": "Invalidité",
        "sous_dossier": "",
        "titre": "Qu'est-ce que l'invalidité au sens de la sécurité sociale ?"
    }
}