{
    "text": "Peut-on désigner une personne pour s'occuper de son enfant après son décès ? : \n\n\nOui, vous pouvez désigner une personne de votre choix ( tuteur ) pour qu'après votre décès, elle s'occupe de votre enfant jusqu'à sa majorité.\nVous pouvez désigner le tuteur par  testament . Vous pouvez aussi le faire par une déclaration spéciale devant notaire. Pour cela, vous devez indiquer par écrit le nom de la personne choisie et déposer le document chez le notaire.\nEn cas de décès, la situation est différente selon que vous exerciez seul ou en commun  l'autorité parentale  de votre enfant.\nAutorité parentale exercée en commun\nDécès d'un parent\nSi un parent décède, l'autre parent devient automatiquement  administrateur légal .\nSi ce parent craint de décéder avant la majorité de son enfant, il peut désigner quelqu'un ( tuteur )  pour s'en occuper après son décès. La personne doit être désignée par   testament  ou déclaration spéciale devant notaire.\nDécès des parents lors du même événement\nEn cas de décès des  parents lors du même événement, une  tutelle  est ouverte.\nSi vous aviez désigné un tuteur, ce choix s'impose au  conseil de famille  sauf s'il est contraire à l'intérêt de l'enfant.\nToutefois, la personne désignée n'est pas obligée d'accepter la tutelle. Il est donc préférable d'avoir eu son accord au préalable.\nAutorité parentale exercée seul(e)\nEn cas de décès, une  tutelle  est ouverte.\nSi vous aviez désigné un tuteur, ce choix s'impose au  conseil de famille  sauf s'il est contraire à l'intérêt de l'enfant.\nToutefois, la personne désignée n'est pas obligée d'accepter la tutelle. Il est donc préférable d'avoir eu son accord avant de la nommer.\nvous pouvez aussi  désigner à l'avance un mandataire  pour protéger les intérêts  personnels  et/ou  patrimoniaux  de votre enfant mineur.\nDroit appartenant aux parents d'un enfant de gérer ses biens  (par exemple :  vendre un bien, renoncer à l'un de ses droits)\nEnsemble des questions relatives à la vie personnelle (santé,  relations aux autres,logement, déplacements, loisirs, etc)\nEnsemble des biens (corporels et incorporels), droits et obligations d'une personne physique ou morale qui sont appréciables en argent (droits immobiliers, droits mobiliers, salaires, revenus, dettes, créances, etc...)\nPersonne désignée pour exercer une mesure de protection d'un majeur ou d'un mineur (par exemple : le représenter dans les actes de la vie courante,  gérer ses biens)\nAssemblée de parents ou de toutes personnes qualifiées, chargée sous la présidence du juge des contentieux de la protection, d'autoriser certains actes importants accomplis au nom de la personne sous tutelle",
    "link": "https://www.service-public.fr/particuliers/vosdroits/F130",
    "arborescence": {
        "audience": "Particuliers",
        "theme": "Famille",
        "dossier": "Testament",
        "sous_dossier": "",
        "titre": "Peut-on désigner une personne pour s'occuper de son enfant après son décès ?"
    }
}