{
    "text": "Impôt locaux : qui doit payer la taxe d'habitation d'une colocation ? : \n\n\nSi vous occupez à plusieurs votre logement (concubins ou colocataires), une seule taxe d'habitation  sera établie, au nom de l'un des occupants.\nC'est donc cet occupant qui devra payer la taxe d'habitation.\nLes services des impôts ne se chargent pas de faire la répartition entre les colocataires.\nIl est cependant possible d'indiquer un second occupant sur l'avis : les  2 seront alors solidairement responsables du paiement de la taxe. Cela signifie que les services des impôts peuvent demander la totalité de la somme à n'importe lequel des occupants.\nVous êtes un particulier\nPar téléphone :\n\n 0809 401 401 \n\nDu lundi au vendredi de 8h30 à 19h, hors jours fériés.\nService gratuit + prix appel\nVous êtes un professionnel\nPar téléphone :\n\n 0 806 000 225 \n\nDu lundi au vendredi de 8h30 à 19h, hors jours fériés.\nService gratuit + prix appel",
    "link": "https://www.service-public.fr/particuliers/vosdroits/F1309",
    "arborescence": {
        "audience": "Particuliers",
        "theme": "Argent",
        "dossier": "Impôts locaux",
        "sous_dossier": "",
        "titre": "Impôt locaux : qui doit payer la taxe d'habitation d'une colocation ?"
    }
}