{
    "text": "Litige avec l'administration : Défenseur des droits : \n\n\nEn cas de litige avec une administration (service ou organisme de l’État, collectivité territoriale, etc.),  vous pouvez saisir le Défenseur des droits ou un de ses délégués. Le litige peut venir du  mauvais fonctionnement d'un service public ou de l'inexécution d'un jugement qui vous est favorable. Les services du Défenseur des droits étudient votre demande, mènent une enquête et essaient en priorité de trouver une solution amiable à votre litige.\nQui peut saisir le Défenseur des droits ?\nLe Défenseur des droits (ou son délégué) peut être saisi par :\nun particulier (quels que soient sa nationalité, son âge, son domicile),\nune association ou un groupement,\nune société.\nLitiges concernés\nLitige mettant en cause un service public\nLe Défenseur des droits (ou son délégué) intervient, sur demande, dans un litige vous opposant à :\nune administration de l'État (préfecture, centre des impôts, ministère, etc.),\nun organisme gérant un service public (caisse primaire d'assurance maladie, caisse d'allocations familiales, etc.),\nune collectivité territoriale (mairie, syndicat intercommunal, conseil régional, etc.),\nun hôpital.\nNature du litige\nLe problème  peut porter sur :\nun mauvais fonctionnement du service public (lenteur, erreur dans la décision, absence de réponse, etc.),\nou l'inexécution d'un jugement qui vous est favorable.\nLitiges exclus\nLe Défenseur des droits ne peut pas :\nintervenir dans les rapports hiérarchiques entre l'administration et ses agents,\ninterférer dans une procédure engagée devant un tribunal,\nremettre en cause un jugement,\nintervenir dans un litige avec une administration étrangère. Toutefois, il peut transmettre la réclamation à l'interlocuteur étranger compétent.\nintervenir pour un litige d'ordre privé (famille, voisins, commerçants, etc).\nDémarche\nAvant de saisir le Défenseur des droits, vous devez avoir fait toutes les démarches nécessaires auprès de l'administration ou de l'organisme en cause ( recours administratif  contre la décision contestée par exemple).\nla saisine du Défenseur des droits n'interrompt pas les délais de recours pour engager une  action en justice .\nEn ligne\nSur place\nVous pouvez prendre rendez-vous avec un délégué du Défenseur des droits.\nPar courrier\nPar téléphone (information générale)\n\n 09 69 39 00 00 \n\nCoût d'un appel local\nDu lundi au vendredi de 8h à 20h\nPar courrier (pour saisir le Défenseur des droits) Par courrier gratuit, sans affranchissement\nDéfenseur des droits\nLibre réponse 71120\n75342 Paris cedex 07\n\n Attention :  joindre à votre courrier les photocopies des pièces relatives à votre saisine.\nPar messagerie\nAccès au  formulaire de contact \n\nCoût\nLa saisine du Défenseur des droits est gratuite.\nInstruction de la demande\nLe Défenseur des droits vérifie que votre demande relève de sa compétence. Si ce n'est pas le cas, il vous oriente vers les personnes ou organismes qui peuvent vous aider.\nLe Défenseur mène une enquête sur votre demande (recueil des informations lui permettant de connaître la situation en cause).\nSi votre demande concerne une erreur de procédure, une incompréhension, une défaillance d'une administration, le Défenseur des droits va essayer de  régler de manière amiable  le conflit.\nSi le règlement amiable n'est pas possible, le Défenseur des droits fait une recommandation à l'administration concernée. Il peut par exemple lui demander de régler le problème d'une personne dans un certain délai. L’administration doit tenir au courant le Défenseur des droits des suites données à sa recommandation.\nSi un professionnel a commis une faute ou une discrimination, le Défenseur des droits peut demander d'engager des  poursuites disciplinaires ou de prendre une sanction (par exemple, en cas de non respect de la déontologie par un professionnel de la sécurité).\nLe Défenseur des droits peut aussi  établir des recommandations générales (problématiques importantes) et proposer de procéder à une  modification législative ou réglementaire.\nLe Défenseur des droits ne peut pas remettre en cause une décision de justice, mais il peut présenter ses observations devant toutes les juridictions. Il intervient en toute indépendance et ne représente aucune des parties.\nPermet de trouver une solution au conflit sans passer par la justice (simples échanges de courriers ou de mails, médiation, transaction pénale, etc.)",
    "link": "https://www.service-public.fr/particuliers/vosdroits/F13158",
    "arborescence": {
        "audience": "Particuliers",
        "theme": "Papiers - Citoyenneté",
        "dossier": "Litiges avec l'administration : recours administratif, défenseur des droits",
        "sous_dossier": "",
        "titre": "Litige avec l'administration : Défenseur des droits"
    }
}