{
    "text": "Révision du loyer en cours de bail (logement du secteur privé) : \n\n\nLe loyer d'un logement privé peut être révisé 1 fois par an si le bail le prévoit.  Si le bail ne contient pas de  clause de révision, le montant du loyer reste le même durant toute la durée du bail. Exceptionnellement,   le loyer peut  être majoré en cours de bail si le propriétaire réalise des   travaux d'amélioration   à ses frais.\nLe loyer d'un logement du secteur privé peut être révisé 1 fois par an si une clause inscrite dans le bail le prévoit. La date de révision est alors celle indiquée dans le bail. À défaut, il faut tenir compte de la date de la signature du bail.\nles règles de révision du loyer d'un logement  régi par la loi de 1948  ou  conventionné Anah  sont spécifiques.\nRègle de calcul\n\n L'indice de référence des loyers (IRL)  sert de base pour la révision des loyers. L'augmentation annuelle du loyer exigible par le propriétaire est plafonné par l'évolution sur un an  de l'IRL.\nPour réviser le montant du loyer, il faut prendre :\nle montant du loyer hors charge avant l'augmentation (L),\nla nouvelle valeur de  l'indice de référence des loyers  (N) correspondant au trimestre de référence prévu dans le contrat (si le bail ne le précise pas, c'est le trimestre du dernier indice de référence des loyers connu lors de la signature du contrat de location),\net l'indice de référence des loyers du même trimestre de l'année précédente (P).\nLe calcul consiste ensuite à effectuer l'opération suivante : (L x N) / P = nouveau loyer.\nVous pouvez aussi utiliser ce simulateur  :\nRétroactivité\nToute  révision annuelle de loyer   peut être opérée dans le délai d'un an suivant la date de révision du bail.\nLa révision de loyer ne s'applique pas rétroactivement, mais seulement à la date de la demande.\nAu-delà du délai d'1 an, la revalorisation non appliquée est perdue pour le propriétaire.\nExemples :\nSi un bail a pour date de révision le 13 mars  2019, le propriétaire peut réviser le bail  jusqu'au 12 mars  2020.\nSi un bail a pour date de révision le 13 mars   2019, mais que le propriétaire  n'en fait la demande que le 13 juin 2019, seuls les loyers perçus à partir de cette date peuvent être revalorisés.\nContestation\nEn cas d'erreur de calcul, le locataire peut contester l'augmentation fixée par son propriétaire.\nIl est conseillé d'adresser un courrier recommandé avec accusé de réception.\nce courrier est une 1 re   étape incontournable pour engager ensuite un recours éventuel devant le juge.\nEn cas de refus (ou d'absence de réponse) de la part du propriétaire,  il est possible :\nd'engager une procédure de conciliation auprès d'une   commission départementale de conciliation  (étape facultative et gratuite),\nou de saisir le juge des contentieux du tribunal  dans un délai d'1 an à partir de la date de révision du loyer. Le recours à un avocat n'est pas obligatoire.\nExceptionnellement, le loyer peut être majoré en cours de bail en cas de  travaux d'amélioration  exécutés aux frais du propriétaire.\nLe propriétaire et son locataire conviennent ensemble de  la majoration de loyer consécutive à ces  travaux  :\npar une  clause présente dans le  contrat de location,\npar avenant intégré au contrat en cours de bail.\nLa majoration de loyer est applicable après l'achèvement des travaux.\nFont exception, le loyer d'un  logement soumis au régime de la loi de 48  et  le loyer d'un  logement conventionné Anah  qui obéissent à des règles spécifiques.\ndes règles spécifiques s'appliquent pour le  loyer d'un logement  régi par la loi de 1948  ou  conventionné Anah .\nTravaux apportant une valeur ajoutée au logement loué : équipement ou service nouveau ou de qualité supérieure à l'existant, réduction de dépenses d'entretien et d'exploitation, sécurisation de l'immeuble et de ses occupants. Exemple : pose de parquet, installation d'une cuisine équipée, installation d'un digicode, installation d'un ascenseur...",
    "link": "https://www.service-public.fr/particuliers/vosdroits/F1311",
    "arborescence": {
        "audience": "Particuliers",
        "theme": "Logement",
        "dossier": "Location immobilière : loyer",
        "sous_dossier": "Paiement et évolution",
        "titre": "Révision du loyer en cours de bail (logement du secteur privé)"
    }
}