{
    "text": "Loyer d'un logement social : \n\n\nLe loyer d'un logement social  est fixé selon une procédure strictement réglementée. Il peut parfois faire l'objet d'une réduction mensuelle (réduction de loyer de solidarité) ou d'un supplément de loyer de solidarité (surloyer).\nComment est fixé le loyer initial ?\nLe montant du loyer se calcule de la manière suivante : prix de base au m² (fixé par le conseil d'administration de chaque organisme HLM) X surface du logement loué  (surface corrigée) .\nRéduction de loyer de solidarité (RLS)\nCertains locataires ont droit à une réduction mensuelle de leur loyer. Ce dispositif est appelé  réduction du loyer de solidarité (RLS) .\nPour pouvoir en bénéficier, vos ressources mensuelles ne doivent pas dépasser un montant maximum.\nCe plafond de ressources  est fixé en fonction de la composition de votre foyer et de la zone géographique de votre  logement.\nles logements sociaux situés en outre-mer ne sont pas exigibles à la RLS.\nPour 2019, les plafonds de ressources mensuelles sont calculés sur les revenus de 2017.\nLocataire\nPlafonds de ressources mensuelles 2017 à respecter en 2019\nZone 1\nZone 2\nZone 3\nPersonne seule\n\n 915 € \n\n\n 854 € \n\n\n 828 € \n\nCouple\n\n 1 102 € \n\n\n 1 042 € \n\n\n 1 008 € \n\nPersonne seule + 1 personne à charge\n\n ou \n\nCouple + 1 personne à charge\n\n 1 403 € \n\n\n 1 329 € \n\n\n 1 289 € \n\nPersonne seule + 2 personnes à charge\n\n ou \n\nCouple + 2 personnes à charge\n\n 1 669 € \n\n\n 1 583 € \n\n\n 1 536 € \n\nPersonne seule ou couple\n+ 3 personnes à charge\n\n 2 043 € \n\n\n 1 943 € \n\n\n 1 877 € \n\nPersonne seule + 4 personnes à charge\n\n ou \n\nCouple + 4 personnes à charge\n\n 2 357 € \n\n\n 2 243 € \n\n\n 2 169 € \n\nPersonne seule+ 5 personnes à charge\n\n ou \n\nCouple + 5 personnes à charge\n\n 2 624 € \n\n\n 2 497 € \n\n\n 2 411 € \n\nPersonne seule + 6 personnes à charge\n\n ou \n\nCouple + 6 personnes à charge\n\n 2 905 € \n\n\n 2 764 € \n\n\n 2 671 € \n\nPar personne à charge supplémentaire\n\n 283 € \n\n\n 266 € \n\n\n 247 € \n\nLe montant de la RLS varie également en fonction de la zone géographique du logement.\nLocataire\nRéduction de loyer (montant mensuel maximum)\nZone 1\nZone 2\nZone 3\nPersonne seule\n\n 32,33 € \n\n\n 28,18 € \n\n\n 26,41 € \n\nCouple\n\n 38,99 € \n\n\n 34,48 € \n\n\n 32,01 € \n\nPersonne seule + 1 personne à charge\n\n ou \n\nCouple + 1 personne à charge\n\n 44,06 € \n\n\n 38,80 € \n\n\n 35,89 € \n\nPar personne à charge supplémentaire\n\n 6,39 € \n\n\n 5,65 € \n\n\n 5,14 € \n\nPour les colocataires, la RLS est fixée à 75 % de ces montants.\nSi vous bénéficiez de la RLS, votre bailleur doit l'indiquer sur votre quittance de loyer.\nvous pouvez cumuler la RLS avec une des aides au logement ( APL ,  ALF ,  ALS ).\nRévision annuelle du loyer\nLa révision du loyer est effectuée chaque année au 1 er  janvier en fonction de   l'indice de référence des loyers (IRL) . La date de l'indice de référence des loyers prise en  compte est celle du 2 ème  trimestre de l'année précédente.\n\n Cette révision n'a pas été  appliquée en 2018. \n\ns'il a mené des travaux de réhabilitation, le bailleur social peut toutefois déroger à cette règle pour une durée limitée dans le temps.\nPaiement du loyer\nVous devez régler votre loyer et les  charges  à la date prévue sur votre bail. En général, le loyer est payable au mois, soit en début, soit en fin de mois.\nLe loyer est généralement prélevé automatiquement sur votre compte bancaire ou payé par titre interbancaire de paiement (TIP). Toutefois, vous êtes libre de régler votre loyer par chèque, par exemple.\nEn cas de paiement complet du loyer (charges comprises), vous pouvez  demander à votre bailleur de vous transmettre gratuitement une quittance . La quittance doit indiquer :\nle détail des sommes que vous avez versées en distinguant le loyer et les   charges ,\nla réduction de loyer de solidarité, si vous en bénéficiez.\nEn cas de paiement partiel du loyer, le bailleur doit vous remettre un reçu.\nLe loyer et les  charges  sont  à payer pendant toute la durée du bail.\nEn conséquence :\nmême si le bailleur  n'effectue pas des travaux qui sont à sa charge,  le locataire doit continuer de payer son loyer  et utiliser les voies de recours à sa disposition ,\nle dépôt de garantie versé par le locataire en début de location ne lui permet pas de   ne pas payer le dernier mois de loyer ,\nsi le locataire paie le loyer et les charges  en retard, partiellement ou ne les paie pas,  le bailleur est en droit de   résilier le bail .\nSupplément de loyer de solidarité (SLS)\nUn supplément de loyer de solidarité (SLS),  dit  surloyer , peut être réclamé au locataire lorsque ces revenus dépassent  un  montant maximum, dans certains cas .\n\n au-delà d'un certain montant , le locataire peut perdre le droit de rester dans le logement social.\nSurface réelle du logement après application de coefficients tenant compte notamment de l'état du logement, de ses équipements et de sa situation géographique",
    "link": "https://www.service-public.fr/particuliers/vosdroits/F1317",
    "arborescence": {
        "audience": "Particuliers",
        "theme": "Logement",
        "dossier": "Location immobilière : loyer",
        "sous_dossier": "Fixation du loyer d'un logement social",
        "titre": "Loyer d'un logement social"
    }
}