{
    "text": "Qu'est-ce qu'une cérémonie de citoyenneté et de remise des cartes d'électeurs ? : \n\n\nLa cérémonie permet au maire de rencontrer chaque jeune de 18 ans nouvellement inscrit sur la liste électorale de sa commune.\nUn jeune ayant atteint l'âge de 18 ans depuis le  1 er  mars de l'année précédente, et figurant sur la liste électorale est invité en tant que :\njeune  inscrit d'office  suite à son recensement,\njeune ayant effectué une  inscription volontaire ,\njeune  inscrit comme citoyen d'un autre État membre de l'Union européenne .\nil ne faut pas confondre cérémonie de citoyenneté et  cérémonie d'accueil dans la nationalité française .\nLa cérémonie se déroule dans un délai de 3 mois à partir du  1 er  janvier de chaque année,  et en dehors des périodes de campagne électorale officielle (qui ont lieu 13 à 20 jours avant les scrutins).\nLa mairie peut notamment convier le préfet  ou son représentant.\nLe discours du maire (ou un de ses adjoints) doit rappeler les principes fondamentaux de la République, de la démocratie et de notre système politique. À ce titre, la cérémonie doit faire le lien entre la remise de la carte électorale,  le recensement  et  la journée défense et citoyenneté .\nLa  carte d'électeur  est remise au jeune.\nUn  livret du citoyen \n\n peut également lui être remis.\ndans le cadre de la cérémonie, le maire agit comme agent de l'État et est  astreint à un devoir de stricte neutralité.\nLa participation à la cérémonie n'est pas obligatoire.\nEn cas d'absence :\nsoit le jeune est invité à une prochaine cérémonie,\nsoit la carte est envoyée par courrier au domicile indiqué par le jeune au plus tard le 30 avril de l'année suivante, ou 3 jours avant le scrutin,\nsoit la carte est mise à sa disposition le jour  du scrutin au bureau de vote concerné. Pour l'obtenir, l'électeur doit présenter une pièce  d'identité.",
    "link": "https://www.service-public.fr/particuliers/vosdroits/F13277",
    "arborescence": {
        "audience": "Particuliers",
        "theme": "Papiers - Citoyenneté",
        "dossier": "Recensement, JDC et service national",
        "sous_dossier": "",
        "titre": "Qu'est-ce qu'une cérémonie de citoyenneté et de remise des cartes d'électeurs ?"
    }
}