{
    "text": "Quelles sont les activités de services à la personne et comment y recourir ? : \n\n\nLes services à la personne (SAP) désignent les  activités destinées à répondre aux besoins des particuliers  :\nEntretien de la maison, petit travaux de jardinage et travaux de petit bricolage\nGarde d'enfants à domicile ou accompagnement dans leurs déplacements ( y compris pour les enfants de moins de 3 ans et de moins de 18 ans handicapés)\nSoutien scolaire ou cours à domicile\nSoins esthétiques à domicile pour les personnes dépendantes\nPréparation de repas à domicile (y compris temps passé aux courses)\nLivraison de repas et de courses à domicile et collecte et livraison à domicile de linge repassé\nAssistance informatique et administrative à domicile\nSoins et promenades d'animaux de compagnie pour les personnes dépendantes\nMaintenance, entretien et vigilance temporaires à domicile\nTélé-assistance et visio-assistance\nInterprète en langue des signes, technicien de l'écrit et codeur en langage parlé complété\nPrestation de conduite du véhicule  personnel de toute personne qui présente une invalidité temporaire ainsi que des personnes âgées, handicapées ou atteintes de pathologies chroniques\nAccompagnement de toute personne qui présente une invalidité temporaire ainsi que des personnes âgées, handicapées ou atteintes de pathologies chroniques dans leurs déplacement en dehors de leur domicile\nAssistance dans les actes quotidiens de la vie ou l'aide à l'insertion sociale aux personnes âgées, handicapées ou atteintes de pathologies chroniques qui ont besoin de telles prestations à leur domicile ou l'aide personnel à domicile aux familles fragilisées ainsi que de toute personne qui présente une invalidité temporaire ( à l'exclusion des soins relevant d'actes médicaux)\nCoordination et délivrance des services\nPour recourir aux activités de services à la personne, le particulier peut faire appel à un prestataire, un organisme mandataire ou  devenir employeur .\ncertaines activités sont soumises à déclaration, agrément ou autorisation.\n\n En qualité d'employeur, le particulier est soumis à  un ensemble d'obligations liées à son statut  (immatriculation, déclaration du salarié, paiement des cotisations sociales, contrat de travail, rémunération, etc.).\nCes obligations s'effectuent au moyen des services suivants :\nEn cas de garde d'enfant à domicile\nAutres services à la personne\nLe  Cesu déclaratif  ou le  Cesu préfinancé  vous permet de remplir vos obligations d'employeur.",
    "link": "https://www.service-public.fr/particuliers/vosdroits/F13244",
    "arborescence": {
        "audience": "Particuliers",
        "theme": "Travail",
        "dossier": "Particulier employeur : aide à domicile (services à la personne)",
        "sous_dossier": "",
        "titre": "Quelles sont les activités de services à la personne et comment y recourir ?"
    }
}