{
    "text": "Chômage : quelles sont les catégories de demandeurs d'emploi ? : \n\n\nLes demandeurs d'emploi sont inscrits à Pôle emploi selon 5 catégories : A, B, C, D et E.\nLa répartition  permet d'établir une classification selon la   disponibilité du demandeur d'emploi.\nCatégories\nDemandeurs d'emploi concernés\nA\nPersonne sans emploi, tenue d'accomplir des  actes positifs de recherche d'emploi , à la recherche d'un emploi quel que soit le type de contrat ( CDI , CDD ,\n            à temps plein, à temps   partiel ,  temporaire  ou saisonnier)\nB\nPersonne ayant exercé une activité réduite de 78 heures  maximum  par mois, tenue d'accomplir des actes positifs de recherche d'emploi\nC\nPersonne ayant exercé une activité réduite de plus de 78 heures par mois, tenue d'accomplir des actes positifs de recherche d'emploi\nD\nPersonne sans emploi, qui n'est pas immédiatement disponible, et qui n'est pas tenue d'accomplir des actes positifs de recherche d'emploi (demandeur d'emploi en formation, en maladie, etc.)\nE\nPersonne pourvue d'un emploi, et qui n'est pas tenue d'accomplir des actes positifs de recherche d'emploi\nPôle emploi utilise un classement administratif interne par chiffre des demandeurs d'emploi : A = 1, B = 2, C = 3, D = 4, E = 5. Les 2 dénominations de catégories sont équivalentes .\nPar téléphone \n\n 39 49 \n\nPour actualiser votre situation, signaler un changement de situation, vous informer d'un paiement : service automatisé 7 jours/7, 24 heures/24 - Service gratuit + prix appel\nPour être mis en relation avec un conseiller pour vous inscrire, vous renseigner, modifier un rendez-vous : service accessible aux horaires fixés par chaque agence Pôle emploi - Service gratuit + prix appel\n\n  Depuis l'étranger : + 33 1 77 86 39 49 \n\nPar messagerie\nAccès via le  formulaire de contact \n\nDémarches régulières de recherche d'emploi pour lesquelles le demandeur d'emploi doit être en mesure de produire un justificatif (candidatures envoyées, participation à des sessions d'aide à la recherche d'un emploi...)\nContrat à durée déterminée\nContrat de travail à durée indéterminée",
    "link": "https://www.service-public.fr/particuliers/vosdroits/F13240",
    "arborescence": {
        "audience": "Particuliers",
        "theme": "Social - Santé",
        "dossier": "Chômage : démarches auprès de Pôle emploi",
        "sous_dossier": "",
        "titre": "Chômage : quelles sont les catégories de demandeurs d'emploi ?"
    }
}