{
    "text": "Les prestations familiales sont-elles versées sous conditions de ressources ? : \n\n\nLes prestations familiales sont majoritairement soumises à conditions de revenus. C'est-à-dire  qu'au-dessus d'un certain seuil de revenus  :\nsoit les familles n'y ont plus droit (par exemple :  prime à la naissance de la prestation d'accueil du jeune enfant (Paje) ,  allocation de base de la Paje  ou  prime à l'adoption de la Paje ),\nsoit le montant des prestations versées est plus faible (pour les  allocations familiales  ou le  complément de libre choix du mode de garde  par exemple).\nToutefois, pour certaines allocations, aucun critère de revenus n'est exigé. C'est  notamment le cas de  la prestation partagée d'éducation de l'enfant (PreParE) .",
    "link": "https://www.service-public.fr/particuliers/vosdroits/F13212",
    "arborescence": {
        "audience": "Particuliers",
        "theme": "Famille",
        "dossier": "Allocations destinées aux familles",
        "sous_dossier": "",
        "titre": "Les prestations familiales sont-elles versées sous conditions de ressources ?"
    }
}