{
    "text": "Peut-on être indemnisé pour détention ou assignation à résidence injustifiée ? : \n\n\nOui. La personne qui a fait l'objet d'une détention provisoire ou d'une assignation à résidence et qui n'a pas été finalement condamnée peut demander une indemnisation.\nQui est concerné ?\nS'il y a eu un procès\nLes personnes concernées sont celles qui ont  fait l'objet  lors de la procédure diligentée à leur encontre  :\nd'une  détention provisoire \n\nou d'une  assignation à résidence  sous surveillance électronique.\nEt qui ont finalement bénéficié :\nd'une  relaxe \n\nou d'un  acquittement .\nCes décisions doivent être définitives, c'est-à-dire qu'il n'existe plus de voies de recours possibles.\nL'indemnisation peut aussi être demandée par une personne condamnée, puis reconnue innocente suite à un recours en révision.\nL'indemnisation est exclue dans plusieurs cas, notamment :\nsi l'absence de condamnation a pour seul fondement la reconnaissance de l'irresponsabilité d'une personne  pour cause de trouble psychique,\nou si la personne s'est volontairement accusée ou laissée accuser à tort, en vue de faire échapper aux poursuites le véritable auteur des faits,\nou si la personne était dans le même temps détenue pour autre cause.\nL'indemnité est allouée par\nle premier président de la Cour d'appel dont dépend le juge\nou la juridiction qui a prononcé la décision de non-lieu, de relaxe ou d'acquittement. Il peut s'agir du tribunal de grande instance, de la cour d'assises ou la cour d'appel ou du juge.\nAbsence de procès\nLes personnes concernées sont celles qui ont subi une  détention provisoire  (ou une  assignation à résidence ) et qui ont bénéficié d'un   non-lieu  après l'enquête d'un juge d'instruction.\nIl n'est pas possible d'obtenir une indemnisation après une garde à vue, même si aucune charge n'a été retenue en fin de compte. Il n'est pas non plus possible d'obtenir une indemnisation après une détention provisoire suivie d'une condamnation. Et ce, même si la condamnation ne porte pas sur une peine ferme et qu'il n'y pas eu d'obligation de retourner en détention.\nIndemnisation\nL'indemnité versée tend à réparer le préjudice matériel (perte de salaire...) et moral (éloignement de la famille...) que la personne a subi durant sa privation de liberté.\nLa personne concernée peut demander une réparation intégrale de son préjudice.\nElle peut solliciter une  expertise judiciaire  pour évaluer le préjudice auprès du premier président de la Cour d'appel compétent pour traiter la demande d'indemnisation.\nElle peut aussi  contacter directement un expert, inscrit ou non sur la liste nationale établie par la Cour de cassation ou une des listes établies par les  Cours d'appel. Si l'expert  n'est pas inscrit sur  une liste, il devra prêter serment.\nProcédure\nLa demande d'indemnisation doit être adressée au premier président de la Cour d'appel dont dépend le tribunal ou le juge qui a  prononcé la décision de non-lieu, de relaxe ou d'acquittement.\nIl doit être saisi par voie de  requête . Celle-ci doit être signée du demandeur et de son avocat. Elle doit être remise contre récépissé ou adressée par lettre recommandée avec demande d'avis de réception au greffe de la cour d'appel. La requête doit être faite dans les 6 mois de la décision de non-lieu, de relaxe ou d'acquittement devenue définitive. La requête doit contenir l'exposé des faits, le montant de la réparation demandée et toutes indications utiles (la date la nature et la juridiction ayant prononcé la décision), ainsi que  toutes pièces justificatives utiles.\nIl est possible de demander l'aide d'un avocat.\nRecours\nLa décision prise par le premier président de la Cour d'appel peut, dans les 10 jours de sa  notification , faire l'objet d'un recours. Celui-ci se fait devant la Commission nationale de réparation des détentions placée auprès de la Cour de cassation. Le recours peut être introduit par les parties au litige, à savoir le justiciable et l’État, représenté par l'agent judiciaire du Trésor public.\nLa décision de la  Commission  ne peut faire l'objet d'aucun recours.\nDécision de l'administration ou d'un juge qui oblige un étranger à résider dans un lieu déterminé et à se présenter régulièrement aux services de police ou de gendarmerie\nDécision d'un juge d'instruction ou de la chambre de l'instruction mettant fin à des poursuites pénales\nDécision d'une cour d'assises déclarant un accusé non coupable\nÉcrit permettant de saisir un tribunal\nEmprisonnement d'une personne mise en cause dans une affaire pénale, avant la tenue de son procès\nDécision d'un tribunal correctionnel ou d'un tribunal de police déclarant un prévenu non coupable\nFormalité par laquelle un acte de procédure ou une décision est porté à la connaissance d’une personne",
    "link": "https://www.service-public.fr/particuliers/vosdroits/F13286",
    "arborescence": {
        "audience": "Particuliers",
        "theme": "Justice",
        "dossier": "Indemnisation du préjudice",
        "sous_dossier": "",
        "titre": "Peut-on être indemnisé pour détention ou assignation à résidence injustifiée ?"
    }
}