{
    "text": "Un arrêt de travail prolonge-t-il un CDD ? : \n\n\nCas général\nL'employeur n'est pas tenu de prolonger la durée du  CDD  en raison d'une maladie ou en cas de grossesse.\nLorsque la date du terme du CDD intervient pendant l'arrêt de travail, le contrat prend fin à la date prévue.\nAccident de travail ou maladie professionnelle\nIl n'est pas possible de prolonger le  CDD .\nLorsque la date du terme du CDD intervient pendant l'arrêt de travail, le contrat prend fin à la date prévue.\nToutefois, si le contrat de travail comporte une clause prévoyant la possibilité de renouveler le CDD, il peut être renouvelé. Cependant, l'employeur reste en droit d'interrompre le CDD s'il justifie d'un motif sans relation avec l'accident de travail ou la maladie professionnelle.\nsi un accident du travail survient après la notification du non renouvellement, l'employeur n'est pas tenu de justifier son refus de renouveler le contrat.\nContrat à durée déterminée",
    "link": "https://www.service-public.fr/particuliers/vosdroits/F1326",
    "arborescence": {
        "audience": "Particuliers",
        "theme": "Travail",
        "dossier": "Maladie ou accident du travail dans le secteur privé",
        "sous_dossier": "",
        "titre": "Un arrêt de travail prolonge-t-il un CDD ?"
    }
}