{
    "text": "Famille de 3 enfants et plus : complément familial : \n\n\nLe complément familial est une prestation versée sous conditions de revenus aux personnes ayant au moins 3 enfants à charge. Il n'y a pas de démarche à faire pour l'obtenir. Son montant varie en fonction du niveau des revenus.\nQui est concerné ?\nConditions liées aux enfants\nVous devez avoir au moins 3  enfants à charge , âgés de plus de 3 ans et de moins de 21 ans.\nConditions de ressources\nVos ressources ne doivent pas dépasser un montant déterminé en fonction de votre situation familiale. C'est le  revenu net catégoriel  de 2018 qui est pris en compte pour  2020.\nPlafond de ressources 2011 pour déterminer les droits au complément familial de l'année 2013\nEnfants à charge\nCouple avec 1 revenu\nCouple avec 2 revenus\nParent isolé\n3 enfants\n\n 38 769 € \n\n\n 47 426 € \n\n\n 47 426 € \n\n4 enfants\n\n 45 230 € \n\n\n 53 887 € \n\n\n 53 887 € \n\nPar enfant supplémentaire\n\n 6 461 € \n\n\n 6 461 € \n\n\n 6 461 € \n\nIl y a 2 revenus dans le  couple  lorsque les 2 personnes :\nperçoivent des revenus d'une activité professionnelle ou des indemnités journalières pour accident du travail /maladie professionnelle,\net que chacun de ces revenus a été au moins égal (en 2018) à  5 404 € .\nSi les ressources dépassent faiblement le plafond de ressources, une allocation différentielle vous est versée.\nsi vous habitez dans un  département d'outre-mer (Dom) , les conditions d'attribution et le montant du complément familial sont différents. Des renseignements sont disponibles sur le  site de la Caf \n\n.\nDémarche\nVous n'avez pas de démarche à effectuer, car les services fiscaux transmettent automatiquement les informations à la caisse d'allocations familiales (Caf) ou à la mutualité sociale agricole (MSA).\nIl faut faire la déclaration seulement si cette transmission n'a pas été faite.\nMontant\nSelon vos revenus, vous touchez soit le montant de base, soit le montant majoré.\nLes plafonds de revenus diffèrent selon que vous êtes en couple ou  parent isolé .\nPour un couple\nEnfants à charge\nNiveau de revenus\nMontant\nCouple avec 2 revenus\nCouple avec 1 revenu\n3 enfants\n\n 23 716 €  ou moins\n\n 19 388 €  ou moins\n\n 257,63 € \n\nEntre  23 716 €  et  47 426 € \n\nEntre  19 388 €    et  38 769 € \n\n\n 171,74 € \n\n4 enfants\n\n 26 947 €  ou moins\n\n 22 619 €  ou moins\n\n 257,63 € \n\nEntre  26 947 € et  53 887 € \n\nEntre  22 619 €  et  45 230 € \n\n\n 171,74 € \n\nParent isolé\nEnfants à charge\nRessources annuelles\nMontant\n3 enfants\nInférieures ou égales à  23 716 € \n\n\n 257,63 € \n\nSupérieures à  23 716 €    et inférieures ou égales à  47 426 € \n\n\n 171,74 € \n\n4 enfants\nInférieures ou égales à  26 947 € \n\n\n 257,63 € \n\nSupérieures à  26 947 €    et inférieures ou égales à  53 887 € \n\n\n 171,74 € \n\nVersement\nLe complément familial est versé mensuellement à partir du 3 e  anniversaire de votre plus jeune enfant. Son versement s'arrête dès qu'il vous reste moins de 3 enfants de moins de 21 ans à charge, ou si vous avez un nouvel enfant de moins de 3 ans.\nChangement de situation\nRégime général (Caf)\nChangement de situation familiale\nDéclarez rapidement tout changement dans votre situation familiale.\nêtre en couple peut vous ouvrir de nouveaux droits. Renseignez-vous auprès de votre  Caf .\nChangement de domicile\nVous pouvez signaler votre changement de domicile en utilisant le service de changement d'adresse en ligne :\nPour déclarer vos nouvelles coordonnées, simultanément auprès de plusieurs services de l'administration et de fournisseurs d'énergie.\nRégime agricole (MSA)\nChangement de situation familiale\nDéclarez rapidement tout changement dans votre situation familiale.\nêtre en couple peut vous ouvrir de nouveaux droits. Renseignez-vous auprès de votre  MSA .\nSe munir de ses identifiants.\nVous pouvez aussi vous rendre sur place ou envoyer le formulaire  cerfa n°11423  par courrier.\nChangement de domicile\nVous pouvez signaler votre changement de domicile en utilisant le service de changement d'adresse en ligne :\nPour déclarer vos nouvelles coordonnées, simultanément auprès de plusieurs services de l'administration et de fournisseurs d'énergie.\nsi vous changez de département, la MSA de votre domicile de départ s'occupera automatiquement du transfert du dossier vers votre nouvelle caisse. Ce transfert se fera dès l'enregistrement de votre nouvelle adresse.\nRevenus (salaires, revenus fonciers et mobiliers, bénéfices agricoles, etc.) diminués des charges (pensions alimentaires, frais d'accueil des personnes âgées, etc.) et abattements fiscaux (personne âgée de plus de 65 ans, personne invalide, etc.)\nMariage, Pacs ou concubinage (union libre)\nPersonne ne vivant pas en couple et assumant seule la charge exclusive d'au moins un enfant\nGuadeloupe - Guyane - Martinique - Mayotte - La Réunion\nCaisse d'allocations familiales\nMutualité sociale agricole",
    "link": "https://www.service-public.fr/particuliers/vosdroits/F13214",
    "arborescence": {
        "audience": "Particuliers",
        "theme": "Famille",
        "dossier": "Allocations destinées aux familles",
        "sous_dossier": "Allocations versées à partir du 2e enfant",
        "titre": "Famille de 3 enfants et plus : complément familial"
    }
}