{
    "text": "Comment bénéficier de la garde alternée pour un enfant ? : \n\n\nUne proposition de loi prévoyant de généraliser la résidence des enfants chez chacun de leurs parents (garde alternée) est en cours de discussion. Les règles sont susceptibles d'être modifiées.\nDans l'attente, les informations contenues dans cette page restent d'actualité.\nDivorce par consentement mutuel\nLe choix de la résidence de l'enfant doit être réglé par la convention définitive élaborée par les époux et soumise à l'homologation du juge aux affaires familiales (Jaf).\nCe peut être par exemple :\nune semaine chez l'un et une semaine chez l'autre,\nou à un autre rythme en fonction de l'intérêt de l'enfant et de la situation familiale.\nLe temps de résidence de l'enfant au domicile de chaque parent n'est pas obligatoirement identique : l'enfant peut vivre 3 jours chez l'un et 4 jours chez l'autre par exemple.\nLa résidence alternée suppose que le père et la mère résident à proximité l'un de l'autre, notamment pour que l'enfant puisse conserver la même école toute l'année, sans subir des temps de trajet excessifs.\nLa résidence alternée n'empêche pas le versement d'une  pension alimentaire  lorsqu'il y a un écart entre les revenus des parents et que cette aide est nécessaire à l'entretien de l'éducation de l'enfant.\nles parents qui ont au moins 2 enfants à charge au sens des prestations familiales dont au moins 1 en résidence alternée peuvent demander le  partage des allocations familiales .\nSéparation de parents pacsés ou concubins\nLes parents se mettent d'accord sur le mode de résidence de l'enfant. Ils peuvent également demander au Jaf,  de valider leur décision en utilisant le formulaire cerfa n°11530.\nCe peut être par exemple :\nune semaine chez l'un et une semaine chez l'autre,\nou à un autre rythme en fonction de l'intérêt de l'enfant et de la situation familiale.\nLe temps de résidence de l'enfant au domicile de chaque parent n'est pas obligatoirement identique : l'enfant peut vivre 3 jours chez l'un et 4 jours chez l'autre par exemple.\nLa résidence alternée suppose que le père et la mère résident à proximité l'un de l'autre, notamment pour que l'enfant puisse conserver la même école toute l'année, sans subir des temps de trajet excessifs.\nLa résidence alternée n'empêche pas le versement d'une  pension alimentaire  lorsqu'il y a un écart entre les revenus des parents et que cette aide est nécessaire à l'entretien de l'éducation de l'enfant.\nles parents qui ont au moins 2 enfants à charge au sens des prestations familiales dont au moins 1 en résidence alternée peuvent demander le  partage des allocations familiales .\nDans les cas de  divorce  autres que par consentement mutuel ou dans le cas des ex-concubins ou des ex-pacsés, si les parents n'arrivent pas à se mettre d'accord, c'est le juge  qui tranche dans l'intérêt de l'enfant.\nIl convient de saisir le juge aux affaires familiales  en utilisant le formulaire cerfa n°11530.\nLe juge peut ordonner, à titre provisoire, une résidence en alternance, dont il détermine la durée. À la fin de cette période, le juge statuera définitivement sur le mode de résidence en confirmant la résidence alternée si l'enfant y a trouvé son intérêt.\nCe peut être par exemple :\nune semaine chez l'un et une semaine chez l'autre,\nou à un autre rythme en fonction de l'intérêt de l'enfant et de la situation familiale.\nLe temps de résidence de l'enfant au domicile de chaque parent n'est pas obligatoirement identique : l'enfant peut vivre 3 jours chez l'un et 4 jours chez l'autre par exemple.\nLa résidence alternée suppose que le père et la mère résident à proximité l'un de l'autre, notamment pour que l'enfant puisse conserver la même école toute l'année, sans subir des temps de trajet excessifs.\nLa résidence alternée n'empêche pas le versement d'une  pension alimentaire  lorsqu'il y a un écart entre les revenus des parents et que cette aide est nécessaire à l'entretien de l'éducation de l'enfant.\nles parents qui ont au moins 2 enfants à charge au sens des prestations familiales dont au moins 1 en résidence alternée peuvent demander le  partage des allocations familiales .",
    "link": "https://www.service-public.fr/particuliers/vosdroits/F1329",
    "arborescence": {
        "audience": "Particuliers",
        "theme": "Famille",
        "dossier": "Séparation des parents",
        "sous_dossier": "",
        "titre": "Comment bénéficier de la garde alternée pour un enfant ?"
    }
}