{
    "text": "Quelle aide apporte le fonds de solidarité pour le logement (FSL) ? : \n\n\nLe  fonds de solidarité pour le logement  (FSL) accorde des aides financières aux personnes qui rencontrent des difficultés pour payer  les dépenses liées à  leur logement (factures, loyers...). Il existe un FSL par  département.\nDe quoi s'agit-il ?\nLe FSL accorde 2 formes d'aide :\nune subvention\nou un prêt (à rembourser).\nCes aides doivent notamment servir à payer les dépenses liées :\nà l'entrée dans le logement ( dépôt de garantie ,\n1 er   loyer,  frais d'agence , frais de  déménagement,  assurance du logement , achat du mobilier de 1 re  nécessité, ...),\nau maintien dans le logement (dettes de loyers et charges, factures d'électricité, de gaz,  d'eau  et  de  téléphone ,   frais d'huissier , ...).\nles propriétaires en difficulté peuvent également être aidés,  selon les règles du département du FSL concerné.\nQui peut l'obtenir ?\nLocataire et sous-locataire\nPropriétaire occupant\nPersonne hébergée gratuitement\nRésident de  logement-foyer \n\nConditions d'attribution\nLe FSL tient compte de l'ensemble des ressources de toutes les personnes habitant le logement,  à l'exception des ressources suivantes :\nAide au logement\nAllocation de rentrée scolaire (ARS)\nAllocation d'éducation de l'enfant handicapé (AEEH)\nChaque FSL a son propre règlement intérieur et donc ses propres critères d'attribution. Certains départements accordent une  aide du FSL à condition que  le foyer perçoive uniquement la  prime d'activité . Par ailleurs, vos revenus peuvent être pris en compte : un foyer avec des revenus faibles peut obtenir une aide plus importante qu'un foyer ayant des revenus plus élevés.\nDémarche\nIl faut contacter un travailleur social (assistante sociale, conseillère en économie sociale et familiale, ...).\nIl est possible d'en rencontrer, selon les cas :\nau centre communal d'action sociale (ou service social) de votre mairie,\ndans un   point conseil budget \n\n.\nCe travailleur social pourra également vous proposer un  accompagnement social , c'est-à-dire vous suivre pour résoudre vos difficultés.\nCas général\nVous habitez à Paris\nL'aide peut-elle être refusée ?\nL'attribution d'une aide du FSL n'est pas systématique. L'aide peut notamment être refusée lorsque le montant du loyer et des charges est jugé trop élevé par rapport aux  ressources du foyer.\nÉtablissement proposant des logements loués en tant que résidence principale, comportant à la fois des locaux privatifs meublés ou non (chambre, le plus souvent) et des locaux communs (exemple : blanchisserie, cantine...). Lorsqu'il est destiné à des personnes âgées majoritairement autonomes, le logement-foyer est appelé  résidence autonomie .",
    "link": "https://www.service-public.fr/particuliers/vosdroits/F1334",
    "arborescence": {
        "audience": "Particuliers",
        "theme": "Logement",
        "dossier": "Aide pour le dépôt de garantie ou la caution d'un logement en location",
        "sous_dossier": "",
        "titre": "Quelle aide apporte le fonds de solidarité pour le logement (FSL) ?"
    }
}