{
    "text": "Licenciement d'un salarié en arrêt maladie dans le secteur privé : \n\n\nLe licenciement d'un salarié en arrêt maladie est possible uniquement dans certains cas (par exemple: perturbation de l'entreprise). En dehors de certains  motifs, le licenciement est interdit car considéré comme discriminatoire.\nConditions\nUn salarié peut être licencié lorsque  les 3 conditions suivantes sont réunies :\nSon absence prolongée ou ses absences répétées perturbent le fonctionnement de l’entreprise\nL'employeur se trouve dans l'obligation de le remplacer définitivement\nL'origine des absences du salarié n'est pas liée à un manquement de l'employeur à son obligation de sécurité (par exemple, absences liées à un harcèlement moral)\nProcédure\nL'employeur doit respecter la procédure de  licenciement pour motif personnel .\nLa lettre de licenciement doit mentionner les éléments suivants :\nPerturbation du fonctionnement de l'entreprise\nNécessité de remplacer le salarié absent\ncertaines conventions collectives prévoient une  garantie d'emploi  pour les salariés dont le contrat de travail est suspendu pour raison de santé.\nIndemnités\nSi le salarié  remplit les conditions, il a droit aux indemnités suivantes :\n\n Indemnité légale ou conventionnelle de licenciement \n\n\n Indemnité compensatrice de congés payés \n\n\n Indemnité compensatrice de préavis \n\ndes dispositions conventionnelles peuvent prévoir des conditions d'indemnisation plus favorables.\nConditions\nLe salarié peut être licencié s'il a commis une  faute . Elle peut être la conséquence de l'une des situations suivantes :\nNon-respect par le salarié malade d'une de ses obligations (envoi d'un arrêt de travail tardif malgré les mises en demeure de justifier de l'absence, acte déloyal entraînant un préjudice)\nFaute commise avant l'arrêt maladie\nProcédure disciplinaire engagée avant l'arrêt maladie\nune convention collective ou un accord d'entreprise peut prévoir des restrictions au pouvoir de licencier de l'employeur.\nProcédure\nL'employeur doit respecter la procédure de  licenciement pour motif personnel .\nIndemnités\nCas général\nSi le salarié  remplit les conditions, il a droit aux indemnités suivantes :\n\n Indemnité légale ou conventionnelle de licenciement ,\n\n Indemnité compensatrice de préavis \n\n\n Indemnité compensatrice de congés payés \n\nFaute grave ou lourde\nSi le salarié en remplit les conditions, il a droit à  l'indemnité compensatrice de congés payés .\nConditions\nUn salarié malade peut être licencié pour  motif économique , dans les conditions habituelles.\nProcédure\nL'employeur doit respecter la   procédure de licenciement pour motif économique .\nIndemnités\nSi le salarié  remplit les conditions, il a droit aux indemnités suivantes :\n\n Indemnité légale ou conventionnelle de licenciement \n\n\n Indemnité compensatrice de congés payés \n\n\n Indemnité compensatrice de préavis \n\nConditions\nLe salarié peut être licencié si l'employeur justifie d'un motif réel et sérieux. Par exemple, il peut être la conséquence d'une des situations suivantes :\nInsuffisance professionnelle\nObjectifs non atteints\nRésultats insuffisants\nPerte du permis de conduire entraînant un trouble au fonctionnement de l'entreprise\nManquement aux obligations contractuelles\nProcédure\nL'employeur doit respecter la procédure de  licenciement pour motif personnel .\nIndemnités\nSi le salarié remplit les conditions, il a droit aux indemnités suivantes :\n\n Indemnité légale ou conventionnelle de licenciement \n\n\n Indemnité compensatrice de préavis \n\n\n Indemnité compensatrice de congés payés \n\nInterdiction de licencier un salarié en  arrêt maladie pendant une certaine durée (règle fixée par la convention collective)",
    "link": "https://www.service-public.fr/particuliers/vosdroits/F133",
    "arborescence": {
        "audience": "Particuliers",
        "theme": "Travail",
        "dossier": "Licenciement pour motif personnel (secteur privé)",
        "sous_dossier": "Protections spécifiques",
        "titre": "Licenciement d'un salarié en arrêt maladie dans le secteur privé"
    }
}