{
    "text": "Peut-on encore demander l'aide pour une complémentaire santé (ACS) ? : \n\n\nVous ne pouvez plus demander l'aide pour une complémentaire santé (ACS).\nL'ACS était une aide financière  attribuée sous conditions de résidence et de ressources pour payer une  complémentaire santé (mutuelle) .\nL'ACS a été remplacée par la  complémentaire santé solidaire (CSS) .",
    "link": "https://www.service-public.fr/particuliers/vosdroits/F13375",
    "arborescence": {
        "audience": "Particuliers",
        "theme": "Social - Santé",
        "dossier": "Complémentaire santé et couverture maladie universelle complémentaire",
        "sous_dossier": "",
        "titre": "Peut-on encore demander l'aide pour une complémentaire santé (ACS) ?"
    }
}