{
    "text": "Assurance du locataire - Risques locatifs : \n\n\nLe locataire est responsable des dommages qu'il cause à l'immeuble pendant  la location. Il doit  donc réparer les dégâts occasionnés.\n\t\t\n\t\t\tLa loi l'oblige, dans la majorité des cas, à s'assurer pour prendre en charge ces risques : c'est la garantie  risques locatifs .\n\t\t\n\t\t\tIl existe cependant quelques exceptions à cette obligation légale.\nAssurance obligatoire ou facultative\nSi vous êtes locataire de votre logement, la loi vous oblige à l'assurer,  au minimum avec une assurance pour les  risques locatifs .\nCependant, vous n'êtes pas obligé de le faire s'il s'agit d'une  location saisonnière  ou d'un logement de fonction. Vous devrez pourtant, dans ces  cas, indemniser le propriétaire si vous êtes responsable d'un dommage sur le logement.\nQue couvre l'assurance des \"risques locatifs\" ?\nCette assurance couvre   les dommages causés au logement par un  incendie , une explosion ou un  dégât des eaux .\nMais la couverture de cette assurance concerne  uniquement le logement loué lui-même. Les dommages qui seraient causés aux voisins ne sont pas couverts par cette assurance. Ils  doivent faire l'objet d'une autre garantie, appelée  recours des voisins et des tiers ,  qui est facultative.\nDe plus, l'assurance des risques locatifs ne couvre pas vos biens qui pourraient être endommagés.  L'assurance ne vous les remboursera donc pas.\nPour garantir vos biens, vous devez souscrire une   assurance complémentaire , couramment nommée  multirisques habitation .\nConséquences d'une absence d'assurance \nLors de la remise des clés, le propriétaire a le droit d'exiger que vous  lui remettiez  une attestation d'assurance, sauf s'il s'agit d'une location saisonnière ou d'un logement de fonction.\nVous devez  également lui remettre  l'attestation d'assurance  chaque année. \n\nSi vous ne lui remettez  pas cette attestation, le propriétaire peut vous adresser une mise en demeure.\nSi un mois après cette mise en demeure,  le propriétaire ne dispose toujours pas de l'attestation, il peut souscrire une assurance pour votre compte  (en responsabilité civile). Vous devrez régler le montant de la prime d'assurance en plus du loyer au propriétaire, mensuellement.\nle propriétaire peut appliquer une majoration de cette prime d'assurance, pour se dédommager des démarches qu'il a effectuées pour votre compte. Cette majoration ne peut pas excéder  10 %  de la prime.",
    "link": "https://www.service-public.fr/particuliers/vosdroits/F1349",
    "arborescence": {
        "audience": "Particuliers",
        "theme": "Argent",
        "dossier": "Assurance habitation",
        "sous_dossier": "Assurance du locataire",
        "titre": "Assurance du locataire - Risques locatifs"
    }
}