{
    "text": "A-t-on droit à la participation et à l'intéressement pendant le congé parental ? : \n\n\nOui, sous conditions.\nLorsque l'entreprise est tenue de verser une prime de  participation  et/ou  d'intéressement , le salarié en  congé parental  la perçoit s'il a travaillé durant une partie de l'année prise en compte pour le calcul des droits.\nLe montant versé dépend des critères d'attribution suivants, fixés directement dans l'accord d'intéressement ou de participation :\nsoit par une répartition uniforme entre chaque salarié,\nsoit proportionnellement aux salaires versés,\nsoit proportionnellement au temps de présence dans l'entreprise,\nsoit en combinant ces 3 critères.\nSi le salarié a été absent durant l'année entière, il ne peut pas percevoir de prime si l'attribution est effectuée en proportion des salaires ou du temps de présence dans l'entreprise.\nIl pourra en bénéficier si l'accord prévoit une répartition uniforme entre tous les salariés.",
    "link": "https://www.service-public.fr/particuliers/vosdroits/F13476",
    "arborescence": {
        "audience": "Particuliers",
        "theme": "Travail",
        "dossier": "Congés dans le secteur privé",
        "sous_dossier": "",
        "titre": "A-t-on droit à la participation et à l'intéressement pendant le congé parental ?"
    }
}