{
    "text": "Congé parental : conserve-t-on les avantages de la mutuelle de l'entreprise ? : \n\n\nNon, sauf si le contrat d'adhésion à la mutuelle d'entreprise le prévoit.\nL'employeur n'a pas d'obligation légale de faire bénéficier à un salarié en congé parental des avantages de la mutuelle d'entreprise.\nLe contrat peut prévoir :\nsoit l'exclusion du salarié des bénéfices de la mutuelle dès le 1 er  jour de congé parental,\nsoit le bénéfice des avantages pendant l'intégralité ou une partie seulement du congé parental.\nIl vous faut donc vérifier sur le contrat d'adhésion que vous avez signé si ces avantages sont maintenus.\nEn l'absence de dispositions prévues, vous devrez souscrire temporairement une  complémentaire santé individuelle .",
    "link": "https://www.service-public.fr/particuliers/vosdroits/F13478",
    "arborescence": {
        "audience": "Particuliers",
        "theme": "Travail",
        "dossier": "Congés dans le secteur privé",
        "sous_dossier": "",
        "titre": "Congé parental : conserve-t-on les avantages de la mutuelle de l'entreprise ?"
    }
}