{
    "text": "Rescrit fiscal : \n\n\nVous pouvez interroger l'administration sur l'application des règles fiscales et les effets sur votre cas particulier. Elle vous donnera ainsi son interprétation des textes fiscaux à votre situation. Cette réponse est appelée  rescrit fiscal .\nDe quoi s'agit-il ?\nVous pouvez interroger l'administration sur son interprétation des règles fiscales, notamment celles qui concernent  votre situation. Votre question peut porter sur tous les impôts, droits et taxes prévus par le code général des impôts. Par exemple, vous pouvez demander si votre situation vous permet de bénéficier d'une réduction d'impôt.\nConsulter les rescrits déjà publiés\nAvant d'interroger l'administration, vous pouvez  consulter les modèles de rescrits sur le site des Impôts \n\n.\nCela peut vous permettre de trouver la réponse à votre question si elle a déjà été posée par un autre contribuable.\nSi vous trouvez votre réponse, vous pouvez appliquer la solution publiée à condition de vous y conformer strictement.\nDemander un rescrit\nDélai pour faire votre demande\nVous devez faire votre demande, selon le cas :\nsoit avant la fin  du délai pour faire sa déclaration,\nsoit, en l’absence d’obligation déclarative, avant la date de paiement de l'impôt concerné.\nComment faire la demande ?\nVotre demande doit être écrite et contenir les informations suivantes :\nVotre nom ou votre raison sociale (pour une entreprise)\nVotre adresse, votre numéro de téléphone, et, éventuellement votre adresse électronique\nUne présentation précise, complète et sincère de votre situation\nLe texte fiscal sur la base duquel vous saisissez l’administration pour qu’elle prenne position et, dans la mesure du possible, l’analyse que vous en faites.\nEnvoi\nVous devez adresser votre demande en recommandé avec avis de réception, au service où vous envoyez votre déclaration.\nLa demande peut également être adressée aux services centraux de la Direction générale des finances publiques.\nDélai de réponse\nL'administration vous répond dans un délai maximum de 3 mois à partir de la réception de votre demande ou, en cas de demande incomplète, à partir de la réception des compléments demandés.\nSi vous êtes en désaccord avec la réponse\nEn cas de désaccord avec la réponse de l’administration fiscale, vous pouvez solliciter un second examen de votre demande.\nVous devez formuler cette nouvelle demande :\nselon les mêmes règles de contenu et d'envoi que pour votre demande initiale,\nsans invoquer d'éléments nouveaux,\nau plus tard 2 mois après réception de la réponse de l'administration à votre demande initiale.\nVous pouvez demander à être entendu par les personnes qui vont effectuer le second examen de votre demande.\nL'administration fiscale vous  notifie  une nouvelle réponse au plus tard 3 mois après réception de votre demande de second examen.\nGaranties offertes par le rescrit\nLa décision  de l'administration sur l'appréciation de votre situation est  opposable .\nConditions à respecter\nLe rescrit fiscal engage l'administration à ne pas remettre en cause votre situation fiscale si vous respectez  les 3 conditions suivantes  :\nVous suivez la position ou les indications communiquées par l'administration\nVous êtes de bonne foi\nVotre situation est identique à celle sur laquelle l'administration a pris position.\nFin de la garantie\nLa garantie prend fin dans les 3 cas suivants :\nVotre situation n’est plus identique à celle que vous avez présentée dans votre demande\nLa législation applicable à votre situation a évolué\nL’administration modifie son appréciation sur la situation que vous lui avez présentée. L’appréciation antérieure n'est plus valable à partir du jour où vous êtes informé de ce changement, et seulement pour l’avenir.\nVous êtes un particulier\nPar téléphone :\n\n 0809 401 401 \n\nDu lundi au vendredi de 8h30 à 19h, hors jours fériés.\nService gratuit + prix appel\nVous êtes un professionnel\nPar téléphone :\n\n 0 806 000 225 \n\nDu lundi au vendredi de 8h30 à 19h, hors jours fériés.\nService gratuit + prix appel\nQui ne peut être méconnu par les tiers, lesquels doivent en subir les effets et les respecter\nFormalité par laquelle un acte de procédure ou une décision est porté à la connaissance d’une personne",
    "link": "https://www.service-public.fr/particuliers/vosdroits/F13551",
    "arborescence": {
        "audience": "Particuliers",
        "theme": "Argent",
        "dossier": "Saisir l'administration fiscale (difficultés de paiement, réclamation, ...)",
        "sous_dossier": "",
        "titre": "Rescrit fiscal"
    }
}