{
    "text": "Autorisation de sortie du territoire (AST) : \n\n\nDe nombreux pays ont mis en place des mesures pour réduire les déplacements internationaux.\nConsultez le  site diplomatie.gouv.fr pour avoir des  informations par pays \n et des  réponses aux questions fréquentes \n.\nUn enfant mineur qui vit en France et voyage à l'étranger  doit avoir une autorisation de sortie du territoire (AST) s'il n'est pas accompagné par un  responsable légal . Un enfant voyageant seulement avec son père ou seulement sa mère  n'en a donc pas besoin. L'AST est un formulaire établi et signé par le titulaire de  l'autorité parentale .   La copie d'une pièce d'identité du parent signataire doit être jointe au formulaire. Aucun déplacement en mairie ou en préfecture n'est nécessaire.\nLes règles dépendent de la nationalité du parent signataire de l'AST.\nParent français\nL'enfant qui voyage à l'étranger sans l'un de ses parents doit avoir les documents suivants :\nOriginal du formulaire cerfa n°15646 d'autorisation de sortie de territoire, signé par le titulaire de  l'autorité parentale \n\nPièce d’identité valide du mineur : carte d'identité ou  passeport +  visa si nécessaire selon le pays de destination. Consultez  les conseils aux voyageurs sur le site diplomatie.gouv.fr \n\n.\nCopie d'un justificatif d'identité du parent signataire ( carte d'identité , passeport )\nLe justificatif d'identité doit être valide ou périmé depuis moins de 5 ans.\nSi le parent n'a pas  l'autorité parentale  : carte professionnelle, carte d'identité ou passeport de la personne titulaire de l'autorité parentale.\nAucun autre document (par exemple, livret de famille) ne peut être exigé lorsque le mineur passe la frontière, y  compris si le mineur porte un nom différent que le parent signataire de l'AST.\nl'enfant doit présenter une AST même s'il n'effectue qu'une escale à l'étranger.\nParent étranger européen\nSi le parent qui établit et signe l'AST est  européen , l'enfant qui voyage à l'étranger sans  l'un de ses parents doit être muni des documents suivants :\nOriginal du formulaire cerfa n°15646 d'autorisation de sortie de territoire le titulaire de  l'autorité parentale .\nPièce d’identité valide du mineur : carte d'identité ou  passeport +  visa si nécessaire selon le pays de destination Consultez  les conseils aux voyageurs sur le site diplomatie.gouv.fr \n\n.\nCopie d'un justificatif d'identité valide du parent signataire ( carte d'identité , passeport ou titre de séjour)\nSi le parent n'a pas  l'autorité parentale  : carte professionnelle ou copie d'un titre d'identité valide de la personne titulaire de l'autorité parentale.\nAucun autre document (par exemple, livret de famille) ne peut être exigé lorsque le mineur passe la frontière, y compris si le mineur porte un nom différent que le parent signataire de l'AST.\nl'enfant doit présenter une AST même s'il n'effectue qu'une escale à l'étranger.\nParent étranger d'une autre nationalité\nSi le parent qui établit et signe l'AST est étranger, l'enfant qui voyage sans l'un de ses parents doit être muni des  documents suivants :\nOriginal du formulaire cerfa n°15646 d'autorisation de sortie de territoire signé par le titulaire de  l'autorité parentale .\nPièce d’identité valide du mineur : carte d'identité ou  passeport +  visa si nécessaire selon le pays de destination Consultez  les conseils aux voyageurs sur le site diplomatie.gouv.fr \n\n.\nCopie d'un justificatif d'identité valide du parent signataire  : passeport, titre de séjour, titre d'identité et de voyage pour réfugié ou apatride\nSi le parent n'a pas  l'autorité parentale  : carte professionnelle ou copie d'un titre d'identité valide de la personne titulaire de l'autorité parentale.\nAucun autre document (par exemple, livret de famille) ne peut être exigé lorsque le mineur passe la frontière, y compris si le mineur porte un nom différent que le parent signataire de l'AST.\nl'enfant doit présenter une AST même s'il n'effectue qu'une escale à l'étranger.\nEnfant français\n\n Un enfant français  qui vit habituellement à l'étranger et qui séjourne en France n'a pas besoin d'AST lorsqu'il quitte la France.\nToutefois, il doit présenter une pièce d'identité valide : passeport + visa si nécessaire en fonction des exigences du pays de destination, ou  carte d'identité.\nPour savoir quels sont les documents exigés par le pays de destination, consultez   les conseils aux voyageurs sur le site diplomatie.gouv.fr \n\n.\nEnfant étranger\n\n Un enfant étranger  qui vit à l'étranger et qui séjourne ou transite par la France n'a pas besoin  d'AST.\nIl doit être présenter les titres d'identité et de voyage exigés par son pays de destination.\nPour savoir quels sont les documents exigés par le pays de destination, consultez   les conseils aux voyageurs sur le site diplomatie.gouv.fr \n\n.\nPage(s) où se trouve(nt) la photo et la signature\nPersonne qui exerce l'autorité parentale : père, mère ou tuteur\nEnsemble de droits et de devoirs ayant pour finalité l'intérêt de l'enfant. Elle appartient aux parents ou à une tierce personne sur décision du juge, jusqu'à la majorité ou l'émancipation de l'enfant. Elle sert à protéger l'enfant dans sa sécurité, sa santé et sa moralité, pour assurer son éducation et permettre son développement, dans le respect dû à sa personne.\nRecto-verso\nAllemagne, Autriche, Belgique, Bulgarie, Chypre, Croatie, Danemark, Espagne, Estonie, Finlande, Grèce, Hongrie, Irlande, Islande, Italie, Lettonie, Liechtenstein, Lituanie, Luxembourg, Malte, Norvège, Pays-Bas, Pologne, Portugal, République tchèque, Roumanie, Slovaquie, Slovénie, Suède et Suisse. Attention : le Royaume-uni a quitté l'Union européenne, mais le droit européen s'applique aux Britanniques jusqu'au 31 décembre 2020.",
    "link": "https://www.service-public.fr/particuliers/vosdroits/F1359",
    "arborescence": {
        "audience": "Particuliers",
        "theme": "Papiers - Citoyenneté",
        "dossier": "Certificat, copie, légalisation et conservation de documents",
        "sous_dossier": "",
        "titre": "Autorisation de sortie du territoire (AST)"
    }
}