{
    "text": "Européen en France : entrée et séjour de moins de 3 mois : \n\n\nEn raison de la pandémie de Coronavirus Covid-19, les étrangers avec un visa court séjour ayant dépassé la durée maximale de leur séjour en Guyane ou à Mayotte peuvent bénéficier à titre exceptionnel d'une autorisation provisoire de séjour.\nLa demande doit être faite en préfecture.\nCette mesure s'applique également aux étrangers  bénéficiant d'une exemption de visa.\nLes modalités de délivrance et la durée de ces autorisations provisoires de séjour seront précisées par décret.\nLes informations contenues dans cette page restent d'actualité et seront modifiées dès l'entrée en vigueur du texte.\nSi vous êtes  européen , vous pouvez circuler et séjourner librement pendant une période de 3 mois en France. Vous pouvez être accompagné par les membres de votre famille proche. Ce droit de libre circulation et de séjour jusqu'à 3 mois vous est reconnu quel que soit le motif de votre séjour : tourisme, stage, emploi de courte durée, etc. Il peut toutefois être limité.\nVous pouvez entrer et séjourner jusqu'à 3 mois en France sans formalité particulière.\nVous devez simplement vous munir d'un passeport ou d'un titre d'identité en cours de validité, en cas de contrôle d'identité sur le territoire.\nLa possession d'un de ces 2 documents vous permet de séjourner librement en France.\nExercice d'une activité professionnelle\nSi vous souhaitez exercer une activité salariée ou non salariée en France, vous n'avez pas besoin de titre de séjour, ni de titre de travail.\nMembre de la famille européen\nLes membres européens ou suisses de votre famille peuvent, comme vous, entrer et séjourner librement en France jusqu'à 3 mois avec un titre d'identité ou un passeport valide.\nFamille d'une autre nationalité\nVous pouvez être accompagné ou rejoint en France par :\nvotre époux,\nvos enfants de moins de 21 ans ou à charge,\nvos  ascendants  directs à charge,\net les enfants ou ascendants directs à charge de votre époux.\nPour entrer en France, les membres non européens de votre famille doivent détenir :\nun titre de séjour en cours de validité, délivré en tant que membre de famille d'Européen par un autre pays de l' EEE  ou la Suisse,\nou un passeport valide revêtu d'un visa de court séjour,\nou un document établissant leur lien familial s'ils sont  dispensés de visa en raison de leur nationalité .\nÀ l'appui de sa  demande de visa , le membre de votre famille doit prouver son lien familial avec vous.\nL'ambassade ou le consulat délivre le visa gratuitement et dans les meilleurs délais.\nToute décision de refus de visa doit être motivée, sauf si des motifs en rapport avec la sûreté de l'État s'y opposent.\nL'administration française doit  faciliter vos démarches ou celles de votre famille, si vous ne disposez pas de document d'identité, de voyage ou d'entrée.\n\n\t\t\tInformations générales sur l'Union européenne (UE) et sur les organismes à contacter.\nRéponses dans toutes les langues officielles de l'UE.\nPar téléphone\n\n 00 800 6 7 8 9 10 11  depuis n'importe quel pays de l'UE.\nOuvert les jours ouvrables de 9h à 18h.\nAppel gratuit.\nPar messagerie\n\n\t\t\t\n      Accès au  formulaire de contact \n \nPersonne dont on est issu : parents, grands-parents, arrière-grands-parents,... \nAllemagne, Autriche, Belgique, Bulgarie, Chypre, Croatie, Danemark, Espagne, Estonie, Finlande, Grèce, Hongrie, Irlande, Islande, Italie, Lettonie, Liechtenstein, Lituanie, Luxembourg, Malte, Norvège, Pays-Bas, Pologne, Portugal, République tchèque, Roumanie, Slovaquie, Slovénie, Suède et Suisse. Attention : le Royaume-uni a quitté l'Union européenne, mais le droit européen s'applique aux Britanniques jusqu'au 31 décembre 2020.\nEspace économique européen",
    "link": "https://www.service-public.fr/particuliers/vosdroits/F13512",
    "arborescence": {
        "audience": "Particuliers",
        "theme": "Étranger",
        "dossier": "Entrée d'un étranger en France",
        "sous_dossier": "Européen",
        "titre": "Européen en France : entrée et séjour de moins de 3 mois"
    }
}