{
    "text": "Reconversion ou promotion par alternance (Pro-A) : \n\n\nUn décret à venir précisera les modalités d'application de la Pro-A.\nDans l'attente de sa parution, les informations contenues dans cette fiche restent d'actualité.\nLa reconversion ou la promotion par alternance (ex-période de professionnalisation), dite  Pro-A , vise à favoriser, par une formation en alternance, le maintien dans l'emploi des salariés les moins qualifiés.\nObjectifs poursuivis\nLa reconversion ou la promotion par alternance (ex-période de professionnalisation), dite  Pro-A , vise à favoriser l'évolution professionnelle et le maintien dans l'emploi des salariés au travers d'un parcours de formation individualisé. Ce parcours alterne enseignements théoriques et activité professionnelle.\nLa  Pro-A associe :\ndes cours théoriques généraux, professionnels et technologiques dispensés par des organismes de formation ou par l'entreprise elle-même si elle dispose d'un service de formation,\net des cours pratiques permettant l'acquisition d'un savoir-faire en lien avec les qualifications recherchées par l'entreprise.\nLes formations pouvant être suivies dans le cadre de la Pro-A sont les suivantes :\nDiplôme ou  titre à finalité professionnelle enregistré au répertoire national des certifications professionnelles (RNCP)\nCertificat de qualification professionnelle (CQP)\nQualification reconnue dans les classifications d'une convention collective nationale de branche\n\n Validation des acquis de l'expérience (VAE) .\nBénéficiaires\nLa Pro-A s'adresse à tout salarié :\nen contrat de travail à durée indéterminée (CDI),\nqu'ils soient sportifs ou entraîneurs professionnels, en contrat de travail à durée déterminée (CDD),\nbénéficiaires d'un contrat unique d'insertion (CUI) à durée indéterminée.\nLa Pro-A concerne également les salariés placés en  position d'activité partielle .\nLe salarié ne doit pas avoir atteint un niveau de qualification sanctionné par une certification professionnelle enregistrée au RNCP et correspondant au grade de la licence.\nDemande\nLa Pro-A est mise en œuvre :\nsoit par l'employeur, dans le cadre du  plan de de développement des compétences  de l'entreprise,\nsoit par le salarié.\nLe salarié qui souhaite bénéficier d'une reconversion ou  promotion par alternance doit en faire la demande à son employeur de préférence par lettre recommandée avec avis de réception.\nDurée\nLa Pro-A se déroule selon les règles et la durée applicables au  contrat de professionnalisation .\nCette formation peut se dérouler pendant ou en dehors du temps de travail.\nSi la formation a lieu en dehors du temps de travail, le salarié doit donner son accord écrit.\nRémunération\nLes formations effectuées pendant le temps de travail donnent lieu au maintien par l'employeur de la rémunération du salarié.\nProtection sociale\nLe salarié en formation continue à bénéficier de toutes les prestations de la Sécurité sociale (couverture maladie, accident du travail, notamment).\nTutorat\nLe salarié en  Pro-A bénéficie de l'aide d'un tuteur choisi par l'employeur parmi les salariés qualifiés de l'entreprise.\nLe salarié choisi pour être tuteur doit être volontaire et justifier d'une expérience professionnelle d'au moins 2 ans dans une qualification en lien avec l'objectif de professionnalisation visé.\nLes missions du tuteur sont les suivantes :\nAccueillir, aider, informer et guider le salarié en reconversion ou  promotion par alternance\nOrganiser l'activité du salarié dans l'entreprise et de contribuer à l'acquisition des savoir-faire professionnels\nVeiller au respect de l'emploi du temps du salarié\nParticiper à l'évaluation du suivi de la formation.",
    "link": "https://www.service-public.fr/particuliers/vosdroits/F13516",
    "arborescence": {
        "audience": "Particuliers",
        "theme": "Travail",
        "dossier": "Formation des salariés du secteur privé",
        "sous_dossier": "Dispositifs d'accès à la formation",
        "titre": "Reconversion ou promotion par alternance (Pro-A)"
    }
}