{
    "text": "Cesu déclaratif ou Cesu préfinancé : quelles différences ? : \n\n\nLe particulier peut utiliser le Cesu déclaratif ou le Cesu préfinancé dans le cadre des services à la personne.\nObjet\nCesu déclaratif\nCesu préfinancé (ou titre Cesu)\n\n À quoi ça sert ? \n\nPermet de  déclarer  le personnel employé à votre domicile dans le cadre des services à la personne \nPermet de  payer  un organisme de services à la personne ou de  rémunérer  un salarié\n\n Sous quelle forme ? \n\nDématérialisée ou carnet de 20 volets sociaux papier\nTitre de paiement qui se présente sous la forme d'un chèque nominatif et d'un  montant défini\n\n Pour quoi faire ? \n\nMénage, repassage,soutien scolaire...\n\n Attention  : pour l'emploi d'une assistante maternelle agréée et d'un salarié pour une garde d'enfants à domicile, la déclaration est faite à  Pajemploi   s \n i vous bénéficiez d'une prise en charge   de la  Caf  ou  MSA \n .\n\n Tous les services à la personne  peuvent être rémunérés par des titres Cesu (bricolage, soutien scolaire., garde d'enfants...)\n\n Avantages \n\nPermet de remplir vos obligations d'employeur :\n- déclaration des rémunérations à l'Urssaf,\n- paiement des cotisations sociales,\n- établissement des bulletins de salaire...\n- Rémunération d'un salarié employé directement ou d'une assistante maternelle agréée\n- Règlement de la facture d'un organisme déclaré ou agréé de   services à la personne  ou d'une structure de garde d'enfants (crèche, halte-garderie...)\n\n Comment adhérer ? \n\n\n Où se les procurer ? \n\nPar internet :\nau  Centre national du Cesu \n\nPar courrier :\nCentre national du Chèque emploi service universel - 63, rue de la Montat - 42 961 Saint-Étienne cedex 9\nAccordés par :\n- Les employeurs (publics ou privés)\n- Le comité social et économique (CSE)\n- Et les organismes publics ou privés qui attribuent des prestations sociales (conseils généraux, centres communaux d'action sociale, caisses de sécurité sociale, caisses de retraite, mutuelles...)\n\n Comment payer vos prestations ou votre salarié ? \n\nChèque, virement bancaire, Cesu préfinancé\nou Cesu+ si vous avez adhéré à ce dispositif\nAvec le titre de paiement qui vous a été accordé\n\n\t\t\tPour s'informer si vous êtes un  particulier employeur utilisant le Cesu ou un salarié déclaré avec le dispositif Cesu\nPar téléphone\n\n\t\t\t 0 820 00 23 78 \n\n\n\t\t\tDu lundi au vendredi de 9h à 17h\nEn Martinique et Guadeloupe : jusqu'à 11h\nEn Guyane : jusqu'à 12h\nÀ la Réunion : de 11h à 19h\nDepuis l'étranger : 00 33 820 00 23 78 (tarif variable selon l'opérateur téléphonique)\nNuméro violet ou majoré : service  0,12 €  /min + prix d'un appel\nPar courriel\nAccéder au  formulaire de contact \n\nPar courrier\nCentre national du Chèque emploi service universel\n63, rue de la Montat\n42 961 Saint-Étienne cedex 9\nCaisse d'allocations familiales\nMutualité sociale agricole",
    "link": "https://www.service-public.fr/particuliers/vosdroits/F13607",
    "arborescence": {
        "audience": "Particuliers",
        "theme": "Travail",
        "dossier": "Particulier employeur : aide à domicile (services à la personne)",
        "sous_dossier": "",
        "titre": "Cesu déclaratif ou Cesu préfinancé : quelles différences ?"
    }
}