{
    "text": "Quels sont les droits et obligations du collégien ? : \n\n\nLes collégiens ont des droits qu'ils peuvent exercer seuls ou à plusieurs (droit de réunion). Ils ont également des obligations à respecter. Ces droits et obligations préparent les élèves à leurs responsabilités de citoyen. Le règlement intérieur précise la façon dont ils sont appliqués dans l'établissement.\nDroits individuels\nLes droits individuels de l'élève sont les suivants :\nDroit d'être protégé contre les  violences physiques ou psychologiques\nDroit au respect de son travail et de ses biens\nLiberté de conscience et d'expression\nL'élève exerce  ces droits avec tolérance  et respect des autres élèves et adultes. Les   propos diffamatoires ou injurieux  sont interdits.\nLiberté de réunion\nCe droit s'exerce dans chaque collège.\nUn collégien ne peut pas réclamer seul l'organisation d'une réunion. Il peut se regrouper avec d'autres élèves pour le faire, par l'intermédiaire de leurs délégués.\nLes   délégués  collégiens demandent alors l'autorisation d'organiser une réunion   en dehors  des heures de cours au chef d'établissement. Il doivent notamment lui préciser l'objet de cette réunion.\nLe chef d'établissement peut s'y opposer ou l'accepter. Si le chef d'établissement accepte la réunion, il peut mettre à la disposition des collégiens un lieu pour les accueillir.\nObligations\nLe  règlement intérieur  comporte une  charte des règles de civilité du collégien . L'élève s'engage à la respecter dans la classe, dans l'établissement et à ses abords.\nChaque collégien s'engage notamment à respecter les règles de scolarité suivantes :\nRespecter l'autorité des professeurs\nRespecter les horaires des cours et des activités\nSe présenter avec son carnet de correspondance et le matériel nécessaire\nFaire les travaux demandés par le professeur\nEntrer en classe et circuler dans les couloirs calmement\nEntrer au collège avec une tenue vestimentaire convenable\nAdopter un langage correct\nChaque collégien s'engage également à :\nAvoir un comportement respectueux envers les adultes et les autres élèves à l'intérieur ou à l'extérieur de l'établissement, y compris à travers l'usage d'internet\nRespecter et défendre l'égalité entre les filles et les garçons\nNe pas avoir un comportement violent, ni participer à un jeu dangereux ou humiliant pour un autre élève\nEnfin, chaque collégien s'engage à respecter le matériel de l'établissement et garder les locaux propres.\n\n L'utilisation par les élèves du téléphone portable  dans l'établissement est interdite. Le téléphone pourra être confisqué en cas d'utilisation.\nil est  interdit de fumer ou de vapoter  dans les établissements scolaires.\nL'élève risque une  punition ou une sanction  prévue par le  règlement intérieur s'il ne respecte pas ces obligations.",
    "link": "https://www.service-public.fr/particuliers/vosdroits/F1363",
    "arborescence": {
        "audience": "Particuliers",
        "theme": "Famille",
        "dossier": "Collège et lycée",
        "sous_dossier": "",
        "titre": "Quels sont les droits et obligations du collégien ?"
    }
}