{
    "text": "Quels sont les droits d'un lycéen majeur ? : \n\n\nSi vous êtes lycéen et majeur, vous pouvez accomplir seul certaines formalités administratives.\nAinsi, vous pouvez personnellement :\nprendre ou annuler une inscription,\nchoisir votre orientation,\nfaire appel d'une décision du conseil de classe,\ndemander une bourse,\nsigner le règlement intérieur,\njustifier  de vos absences,\nrecevoir la correspondance scolaire (relevés de notes ou convocations par exemple), si vous en faîtes la demande auprès de votre établissement.\nVous avez les  mêmes droits que les autres lycéens mais aussi les mêmes obligations comme le respect du règlement intérieur, de l'assiduité,  de la ponctualité, etc.\nsi vos parents paient vos  frais de scolarité, le certificat de scolarité leur permet de faire valoir leurs droits en matière d'impôts, de sécurité sociale et de prestations familiales.",
    "link": "https://www.service-public.fr/particuliers/vosdroits/F1366",
    "arborescence": {
        "audience": "Particuliers",
        "theme": "Famille",
        "dossier": "Collège et lycée",
        "sous_dossier": "",
        "titre": "Quels sont les droits d'un lycéen majeur ?"
    }
}