{
    "text": "Attestation et certificat d'assurance : \n\n\nTout véhicule terrestre à moteur doit être assuré avec, au minimum, la garantie responsabilité civile.\n\t\t\t  L'assureur  délivre au propriétaire d'un véhicule qui souscrit un contrat  une attestation d'assurance et un certificat d'assurance. Le certificat d'assurance doit être apposé de manière visible sur le véhicule, alors que l'attestation d'assurance doit pouvoir être présentée aux forces de l'ordre en cas de contrôle. Il existe depuis le 1 er  janvier 2019 un fichier des véhicules assurés.\nCertificat d'assurance (ou papillon vert)\nIl constitue une présomption d'assurance (sans toutefois être une preuve absolue de garantie) et peut être consulté par la police ou la gendarmerie lors d'un contrôle routier.\nIl doit être  obligatoirement affiché  de manière à  pouvoir être aussi consulté en l'absence du conducteur, sur  les véhicules suivants  :\nun véhicule à moteur à 2 ou 3 roues, immatriculés ou non (moto ou scooter par exemple, y compris les moins de 50 cm 3 ),\nou un  véhicule particulier  ou un utilitaire, de moins de 3,5 tonnes.\nLa non apposition du certificat d'assurance ou l'apposition d'un certificat non valide est punie d'une  amende de  35 € .\nOù apposer le certificat ?\nPour un 2 ou 3 roues : à l'avant, près de la fourche avant du véhicule (par exemple sur le garde-boue avant).\nPour une voiture ou un utilitaire :  en bas à droite du pare-brise (à l’intérieur du véhicule).\nDivers systèmes d'affichage sont possibles : pochette transparente, film plastique autocollant, ...\nLe certificat doit toujours être affiché, même si le véhicule est en stationnement ou remisé. Le recto doit toujours être visible de l'extérieur du véhicule.\nMentions du certificat\nIl doit indiquer les informations suivantes :\nNom de l'assureur\nNuméro du souscripteur\nImmatriculation du véhicule (ou numéro du moteur s'il n'est pas soumis à immatriculation)\nDates de début et de fin de validité.\nAttestation d'assurance (ou carte verte)\nElle constitue une présomption d'assurance (sans toutefois être une preuve absolue de garantie) et doit pouvoir être présentée aux autorités de police ou de gendarmerie lors d'un contrôle routier.\nLa non présentation de l'attestation  d'assurance  par le conducteur d'un véhicule qui n'est pas soumis à l'obligation d'apposer le certificat d'assurance est  punie d'une amende de  35 € .\nDe plus, si le conducteur n'a pas pu présenter une attestation d'assurance lors d'un contrôle routier, il doit se rendre  dans les  5  jours au à la police ou à la gendarmerie  avec le document valable. La non présentation de l'attestation d'assurance dans les  5  jours est punie d'une amende de  135 € .\nMentions de l'attestation\nElle comporte, en plus des mentions du certificat :\nl'adresse de l'assureur,\nles nom, prénoms et adresse du souscripteur.\nRéception des documents\nVotre contrat va se renouveler\nSi vous avez déjà un contrat, les document vous sont remis \nsoit à l'occasion d'une échéance habituelle, \nsoit par un envoi spécial.\nSi votre assureur ne vous a pas envoyé ces pièces dans l'un de ces cadres,  vous pouvez lui adresser une mise en demeure d'envoi du certificat et de l'attestation, par courrier en recommandé avec accusé de réception.\nS'il ne répond toujours pas à votre demande, vous pouvez alors saisir le médiateur de votre société d'assurance par courrier. Vous trouverez ses coordonnées dans le livret des conditions générales de votre contrat.\nVous souscrivez un nouveau contrat\nSi vous souscrivez un nouveau contrat, votre assureur vous délivre un certificat et une attestation provisoires.\nIl vous envoie les documents définitifs dans un délai de 15 jours maximum.\nSi votre assureur ne vous a pas envoyé ces pièces dans ce délai, vous pouvez lui adresser une mise en demeure d'envoi du certificat et de l'attestation, par courrier en recommandé avec accusé de réception.\nS'il ne répond toujours pas à votre demande, vous pouvez alors saisir le médiateur de votre société d'assurance par courrier. Vous trouverez ses coordonnées dans le livret des conditions générales de votre contrat.\nPerte ou vol des documents\nEn cas de perte ou de vol du certificat ou de l'attestation, vous devez le signaler d'urgence à la police afin d'obtenir un récépissé qui vous permettra de circuler légalement dans l'attente de la délivrance d'un duplicata.\nVous devez ensuite signaler la perte à votre assureur et  lui demander de vous délivrer un  duplicata du document perdu.\nSi votre assureur ne vous a pas envoyé ces pièces dans un délai de 15 jours,  vous pouvez lui adresser une mise en demeure d'envoi de duplicata du certificat et de l'attestation, par courrier en recommandé avec accusé de réception.\nS'il ne répond toujours pas à votre demande, vous pouvez alors saisir le médiateur de votre société d'assurance par courrier. Vous trouverez ses coordonnées dans le livret des conditions générales de votre contrat.\nFichier des véhicules assurés\nIl s'agit d'un fichier qui recense les informations relatives à la totalité des véhicules pour lesquels un contrat d'assurance automobile a été souscrit.\nIl permet notamment aux  forces de l'ordre de pouvoir identifier plus rapidement lors des contrôles les conducteurs ne bénéficiant pas d'un contrat d'assurance.\nl'assureur d'un conducteur dont la responsabilité est reconnue dans la survenance d'un accident ne peut pas refuser d'indemniser la victime pour des motifs liés  à la validité du contrat. Il doit indemniser la victime avant de se retourner contre le responsable de l'accident.\nVéhicule à moteur, construit et conçu pour le transport de personnes, ayant au moins 4 roues, comportant, outre le siège du conducteur, 8 places assises au maximum et dont le poids total en charge autorisé (PTAC) est inférieur à 3,5 tonnes",
    "link": "https://www.service-public.fr/particuliers/vosdroits/F1362",
    "arborescence": {
        "audience": "Particuliers",
        "theme": "Argent",
        "dossier": "Assurance automobile (véhicule)",
        "sous_dossier": "Souscription et vie du contrat",
        "titre": "Attestation et certificat d'assurance"
    }
}