{
    "text": "Durée d'assurance retraite du fonctionnaire : \n\n\nUn  projet de loi instituant un système universel de retraite \n est examiné par le Parlement. Les règles relatives à la retraite seront  modifiées. Dans l'attente de la publication de la loi, les informations contenues dans cette page restent d'actualité.\nPour bénéficier d'une retraite de la fonction publique, le fonctionnaire doit justifier d'une durée minimale de services effectifs. Le montant de sa pension dépend de sa durée d'assurance  auprès du  SRE  ou de la CNRACL  selon qu'il est  fonctionnaire d’État, territorial ou hospitalier.  La durée d'assurance comprend les périodes de travail et de cotisation. Elle comprend aussi certaines  périodes d'interruption ou de réduction d'activité. Les années d'études peuvent être inclues en cas de rachat.\nDurée minimale de services\nPour bénéficier d’une retraite de la fonction publique, le fonctionnaire doit justifier d'au moins 2 ans de services effectifs.\nServices effectifs\nLes services effectifs pris en compte pour le calcul de la durée d'assurance du fonctionnaire sont les suivants :\nServices accomplis en tant que fonctionnaire (titulaire et stagiaire)\nServices accomplis en tant que  magistrat de l'ordre judiciaire\nServices accomplis en tant qu'ouvrier de l'État avant l'intégration dans la fonction publique\nServices accomplis en tant qu'agent contractuel ayant fait l'objet d'une  validation des services \n\nServices accomplis en tant que fonctionnaire  des  collectivités d'outre-mer  et de Nouvelle-Calédonie\nServices militaires.\nLes  périodes  accomplies à temps partiel sont prises en compte intégralement, quelle que soit la durée de travail.\nPar exemple, une année à  50 %  compte pour un an (et non pas pour 6 mois).\nLes  services d'un fonctionnaire territorial occupant un emploi à  temps non complet  sont prises en compte si sa durée hebdomadaire de travail est d'au moins 28 heures. Sinon,  ces services sont pris en compte dans le régime général d'Assurance vieillesse de la Sécurité sociale.\nCes  périodes  accomplies sur un emploi à temps non complet sont prises en compte intégralement, quelle que soit la durée hebdomadaire de travail entre 28 et 35 heures. Une année à temps non complet compte pour un an.\nPériodes d'interruption d'activité\nCertaines périodes d'interruption d'activité pour s'occuper d'un enfant  né ou adopté à partir de 2004  sont prises en compte dans la durée d'assurance.\nCes périodes sont les suivantes :   congé parental ,   congé de présence parentale  et   disponibilité  de droit pour élever un enfant de moins de 8 ans.\nCes périodes sont prises en compte dans les conditions suivantes :\nCas d'interruption d'activité\nDurée maximale non travaillée pouvant être prise en compte\nCongé parental jusqu'aux 3 ans de l'enfant (ou 3 ans à partir de l'adoption d'un enfant de moins de 3 ans)\n12 trimestres (3 ans)\nCongé parental pour un enfant adopté après l’âge de 3 ans\n4 trimestres (1 an)\nCongé de présence parentale\n6 trimestres (1 an  6 mois)\nDisponibilité pour élever un enfant de moins de 8 ans\nNaissance ou adoption d'un  enfant unique  : 12 trimestres (3 ans)\nNaissance ou adoption simultanée de  2 enfants  : 24 trimestres (6 ans) jusqu'à leurs 8 ans\nNaissance ou adoption simultanée de  3 enfants ou plus  : 32 trimestres (8 ans) jusqu'à leurs 8 ans\nTrimestres d'assurance supplémentaires\nLa femme fonctionnaire qui a accouché après 2003 et après son  recrutement dans la fonction publique bénéficie d'une majoration de sa durée d'assurance de 2 trimestres par enfant.\nLe fonctionnaire qui élève à son domicile un enfant de moins de 20 ans atteint d'une invalidité égale ou supérieure à  80 %   bénéficie aussi d'une majoration de sa durée d'assurance. Cette majoration est d'un trimestre par période d'éducation de 30 mois, dans la limite de 4 trimestres.\nAnnées d'étude validées\nLes  années d'études rachetées  pour la durée d’assurance sont également prises en compte.\nPolynésie française - Saint-Barthélemy - Saint-Martin - Saint-Pierre-et-Miquelon - Wallis-et-Futuna\nService des retraites de l'État\nCaisse nationale de retraites des agents des collectivités locales",
    "link": "https://www.service-public.fr/particuliers/vosdroits/F13736",
    "arborescence": {
        "audience": "Particuliers",
        "theme": "Travail",
        "dossier": "Retraite d'un agent de la fonction publique (titulaire et non titulaire)",
        "sous_dossier": "Pension de retraite de base",
        "titre": "Durée d'assurance retraite du fonctionnaire"
    }
}