{
    "text": "Comment utiliser un acte d'état civil français à l'étranger ? : \n\n\nPour utiliser un acte d'état civil français à l'étranger, il faut demander une traduction ou produire un extrait plurilingue.\nUn extrait plurilingue est un acte d'état civil dont les rubriques sont traduites dans la langue officielle d'un autre pays. Il peut être demandé pour les pays suivants :\nAllemagne\nRépublique de Macédoine du Nord\nAutriche\nBelgique\nBosnie\nBulgarie\nRépublique du Cap-Vert\nCroatie\nEspagne\nEstonie\nGrèce\nItalie\nLituanie\nLuxembourg\nMoldavie\nMonténégro\nPays-Bas\nPologne\nPortugal\nRoumanie\nSerbie\nSlovénie\nSuisse\nTurquie\nVous devez vous adresser à la mairie qui doit délivrer l'extrait d'acte d'état civil en précisant que vous souhaitez une formule plurilingue. La délivrance est gratuite.\nSi le pays étranger n'accepte pas la pièce d'état civil en version plurilingue, vous devez la faire traduire par un traducteur agréé. La liste des traducteurs agréés est affichée en mairie. La traduction est payante. Les tarifs sont libres.",
    "link": "https://www.service-public.fr/particuliers/vosdroits/F1374",
    "arborescence": {
        "audience": "Particuliers",
        "theme": "Papiers - Citoyenneté",
        "dossier": "Actes d'état civil",
        "sous_dossier": "",
        "titre": "Comment utiliser un acte d'état civil français à l'étranger ?"
    }
}