{
    "text": "Procès civil : comment agir rapidement devant le tribunal ? : \n\n\nLe référé est une procédure judiciaire d'urgence qui permet, dans le respect du débat contradictoire, de prendre des mesures provisoires permettant de solutionner un litige.\nDe quoi s'agit-il ?\nUn référé est une procédure d'urgence qui permet au juge de prendre des mesures provisoires.\nLe référé ne permet pas de régler définitivement le litige.\nLe procès dit  principal  (au fond) peut avoir lieu plus tard. Ce procès principal peut porter sur la  totalité  des problèmes à résoudre. Les mesures ordonnées par une décision rendue en référé (ordonnance de référé)  peuvent être revues lors du procès principal.\nQue peut-on demander lors d'un référé ?\nMesures d'instruction (enquête), qui ne pourront plus  être réalisées plus tard ou qui perdront de leur intérêt si elles étaient tardives. Par exemple, une expertise destinée  établir des faits,  dans l'attente du procès\nMesures qui ne peuvent pas être contestées par votre adversaire, car vous êtes dans votre droit (par exemple, demander le départ d'un locataire dont le bail a expiré)\nMesures (même contestées par votre adversaire) qui sont nécessaires pour éviter  un dommage imminent ou  faire cesser un trouble manifestement illicite (violation évidente de la loi). Par  exemple, faire arrêter des travaux bruyants\nVersement d'une somme d'argent à titre provisoire (dette...) ou  l'exécution de toute autre obligation (exemple : livrer un bien), sachant que la dette ou l'obligation doit être incontestable (existence d'un contrat...)\nla procédure de référé est possible aussi devant la  justice administrative .\nProcédure\nTribunal compétent\nCas général\nIl faut saisir le président du tribunal judiciaire ou le juge du contentieux de la protection.\nConflit du travail\nIl faut saisir  le conseil de prud'hommes  pour un litige de droit du travail.\nLa saisine du conseil de prud'hommes en référé peut se faire par requête.\nLitige entre commerçants\nIl faut saisir  le tribunal de commerce  pour les litiges entre commerçants.\nAssignation\nPour introduire une action en référé, vous  devez adresser à votre adversaire une  assignation  qui dans tous les cas doit être délivrée par un  huissier de justice .\nLe recours à un avocat est obligatoire, sauf si la valeur du litige est inférieure ou égale à   10 000 €  ou dans certains domaines (autorité parentale, tutelle, expulsion, baux d'habitation, crédit à la consommation notamment).\nDécision du tribunal\nLors de l'audience, le tribunal doit s'assurer que votre adversaire a eu le temps de préparer sa défense avant de prendre sa décision.\nLa décision peut être rendue directement après l'audience ou à une date ultérieure fixée par le tribunal.\nLa décision est appelée  ordonnance de référé .\nRecours\nSi la décision ne vous convient pas, vous pouvez  faire appel   dans un délai de 15 jours  jours francs  après la  notification  de l'ordonnance. Votre adversaire peut aussi faire appel.\nCependant, la décision est appliquée immédiatement, même en cas d'appel. On dit qu'elle est appliquée  à titre provisoire , dans l'attente de la décision d'appel ou du jugement sur le fond du litige.\nCoût\nVous devez   payer l'huissier  qui délivre l'assignation.\nLa procédure en elle-même est gratuite, sauf devant le tribunal de commerce où il faut verser une provision. Dans ce cas, il faut se renseigner auprès du greffe compétent, car les tarifs ne sont pas identiques pour tous les tribunaux de commerce.\nActe d'huissier de justice informant une personne qu'un procès est engagé contre elle et la convoquant devant une juridiction\nJour qui dure de 0h à 24h. Un délai ainsi calculé  ne tient pas compte du jour de la décision à l'origine du délai, ni du jour de l'échéance. Si le délai s'achève un samedi ou un dimanche, il est reporté au lundi. Si le délai s'achève un jour férié, il est reporté d'un jour. Ainsi, par exemple, si un délai s'achève un samedi et le lundi suivant est un jour férié, il est reporté au mardi.\nFormalité par laquelle un acte de procédure ou une décision est porté à la connaissance d’une personne",
    "link": "https://www.service-public.fr/particuliers/vosdroits/F1378",
    "arborescence": {
        "audience": "Particuliers",
        "theme": "Justice",
        "dossier": "Affaire civile",
        "sous_dossier": "",
        "titre": "Procès civil : comment agir rapidement devant le tribunal ?"
    }
}