{
    "text": "Que faire en cas d'attroupement dans son hall d'immeuble ? : \n\n\nUn attroupement est l'occupation des parties communes d'un immeuble (hall, cage d'escalier, toit, ...) par plusieurs personnes entravant délibérément la libre circulation des occupants ou le bon fonctionnement des dispositifs de sécurité. Exemple : portes bloquées.\nEn cas d'attroupement, vous devez le signaler :\nà votre gardien d'immeuble, qui le signalera ensuite au propriétaire de l'immeuble,\net/ou à votre  syndic , si l'immeuble est en copropriété.\nLe propriétaire de l'immeuble ou le syndic pourra ensuite prévenir la police,  la gendarmerie ou la police municipale.\nL'attroupement peut être :\npuni jusqu'à 2 mois de prison et  3 750 €  d'amende,\nou sanctionné par  le paiement d'une  amende forfaitaire  de  200 € . En fonction du délai de paiement de l'amende, celui-ci peut être  minoré ( 150 € ) ou  majoré ( 450 € ),\nLorsque l'infraction est accompagnée de violences ou de menaces, la peine  est portée jusqu'à 6 mois de prison et  7 500 €  d'amende.\nLes personnes coupables de ces infractions peuvent également encourir une peine de   travail d'intérêt général .\nSomme à régler dans un délai précis à la suite de certaines infractions relatives notamment à la circulation routière et sans passage par un tribunal. Le montant peut être minoré ou majoré en fonction de la date de paiement.",
    "link": "https://www.service-public.fr/particuliers/vosdroits/F13737",
    "arborescence": {
        "audience": "Particuliers",
        "theme": "Logement",
        "dossier": "Troubles de voisinage",
        "sous_dossier": "",
        "titre": "Que faire en cas d'attroupement dans son hall d'immeuble ?"
    }
}