{
    "text": "Un stagiaire peut-il bénéficier des avantages du comité social et économique (CSE) ? : \n\n\nOui, le stagiaire bénéficie des avantages accordés par le  comité social et économique (CSE) , appelés  activités sociales et culturelles , dans les mêmes conditions que le salarié.\nIl peut s'agir notamment des avantages suivants :\nActivités tendant à l'amélioration des conditions de bien-être (cantines, coopératives de consommation, logements, jardins familiaux, crèches, colonies de vacances...)\nActivités relatives aux loisirs et aux sports\nInstitutions d'ordre professionnel ou éducatif attachées à l'entreprise ou dépendant d'elle (bibliothèques, centres d'apprentissage et de formation professionnelle, cercles d'études, cours de culture générale...)",
    "link": "https://www.service-public.fr/particuliers/vosdroits/F13881",
    "arborescence": {
        "audience": "Particuliers",
        "theme": "Travail",
        "dossier": "Stage en entreprise",
        "sous_dossier": "",
        "titre": "Un stagiaire peut-il bénéficier des avantages du comité social et économique (CSE) ?"
    }
}