{
    "text": "Adoption : comment faire une demande d'agrément ? : \n\n\nPour pouvoir adopter un enfant, vous devez obtenir un agrément délivré par le service d'aide sociale à l'enfance (ASE) de votre département. L'agrément permet de s'assurer des conditions d'accueil. Il est accordé pour une durée de 5 ans. La décision de refus d'agrément peut être contestée.\nSite adoption.gouv.fr\nÉtapes de l'agrément depuis la demande jusqu'à l'obtention et le jugement d'adoption avec les délais d'investigation de la commission d'agrément et les différents cas (enfant pupille ou étranger) et les recours en cas de refus de l'agrément\nDe quoi s'agit-il ?\nLa demande d'agrément permet de s'assurer que les conditions d'accueil sur les plans familial, éducatif et psychologique correspondent aux besoins et à l'intérêt d'un enfant adopté.\nQui est concerné ?\nVous devez obtenir un agrément préalablement à l'adoption  d'un pupille de l'État , d'un enfant remis à  un organisme autorisé pour l'adoption \n\n ou  d'un enfant étranger  qui n'est pas l'enfant du conjoint.\nla délivrance d'un agrément ne veut pas dire que l'adoption vous sera ensuite automatiquement accordée.\nDemande d'agrément\nVous devez adresser votre demande d'agrément par courrier simple auprès du  service d'aide sociale à l'enfance (ASE) de votre département en précisant par exemple votre situation familiale (en couple ou non, avec ou sans enfant).\nRetour et confirmation de la demande\nInformations du demandeur\nDans les 2 mois suivant votre demande, vous recevez une notice sur la procédure d'adoption portant notamment sur les points suivants :\nDimensions psychologiques, éducatives et culturelles de l'adoption\nProcédures administratives et judiciaires\nPrincipes en matière d'adoption internationale\nNombre d'enfants adoptables, leur âge et leur situation\nUn questionnaire type portant sur votre situation familiale et sociale vous est également remis.\nConfirmation de la demande et constitution du dossier\nAprès avoir pris connaissance de ces informations, vous devez confirmer votre demande par lettre recommandée avec avis de réception auprès de l'ASE.\nVous pouvez  préciser vos souhaits notamment le nombre et l'âge des enfants que vous souhaitez accueillir.\nVous devez également fournir les documents suivants :\n\n Copie intégrale de votre acte de naissance ,  et si vous avez des enfants, de votre livret de famille\n\n Bulletin n°3 du casier judiciaire \n\nCertificat médical de moins de 3 mois, établi par un médecin agréé, attestant que votre état de santé, ainsi que celui des personnes résidant au foyer, ne présente pas de contre-indication à l'accueil d'enfants en vue d'adoption\nTout document attestant de vos ressources\nQuestionnaire remis  complété\nTraitement de la demande\nVotre projet d'adoption fait l'objet d'une évaluation sociale et psychologique.\nCes évaluations donnent lieu à des rencontres avec  les professionnels concernés (assistant de service social, psychologue, etc...).\nPendant l'instruction de votre dossier, vous pouvez consulter les documents qui y figurent (évaluations etc...) et faire connaître vos observations.\nL'agrément est instruit et délivré dans les 9 mois à partir du jour de la confirmation de votre demande.\nDécision d'agrément\nLa décision est prise par l'ASE après consultation de la commission d'agrément.\nVous êtes informé par courrier au moins 15 jours avant que la commission soit consultée.\nVous pouvez demander à être entendu par la commission en vous adressant à l'ASE par courrier simple.\nDurée de validité de l'agrément\nL'agrément est accordé pour 5 ans.\nChaque année, vous devez confirmer à l'ASE par lettre recommandée avec avis de réception que vous maintenez votre projet d'adoption. Vous devez joindre une déclaration sur l'honneur indiquant si votre situation matrimoniale ou si la composition de votre famille ont changé.\nen cas de modification des conditions d'accueil (notamment de la situation matrimoniale) ou en l'absence de déclaration sur l'honneur, l'ASE peut faire procéder à des investigations complémentaires sur les conditions d'accueil. L'agrément peut être retiré.\nEn cas de refus d'agrément\nLe refus d'agrément dans le cadre d'une  procédure d'adoption   doit être motivé.\nVous pouvez faire un  recours gracieux  avant de saisir le juge.\nCe recours doit être exercé auprès du président du conseil départemental. Il doit être fait dans un délai de 2 mois à compter de la  notification  du refus.\nLe recours gracieux n'est toutefois pas obligatoire et vous pouvez contester un refus d'agrément directement devant le  juge administratif  sur la base d'un  recours pour excès de pouvoir .\nCe recours doit alors être exercé dans les 2 mois qui suivent le refus d'agrément.\nle refus d'agrément a une validité de 30 mois. Passé ce délai, vous pouvez  déposer une nouvelle  demande d'agrément .\nFormalité par laquelle un acte de procédure ou une décision est porté à la connaissance d’une personne",
    "link": "https://www.service-public.fr/particuliers/vosdroits/F1383",
    "arborescence": {
        "audience": "Particuliers",
        "theme": "Famille",
        "dossier": "Adoption",
        "sous_dossier": "",
        "titre": "Adoption : comment faire une demande d'agrément ?"
    }
}