{
    "text": "Le particulier employeur doit-il s'occuper du suivi médical de son salarié ? : \n\n\nOui. En qualité de particulier employeur, vous devez soumettre  votre salarié aux visites médicales légales, qu'il soit employé à temps complet ou à temps partiel :\n\n Visite d'information et de prévention (Vip) \n\nVisites périodiques\n\n Visite de reprise après un arrêt de travail \n\nLes règles qui s'appliquent sont les  mêmes que pour tout salarié .\nVous devez vous affilier à un service de santé au travail interentreprises. Ce service est habilité à assurer la surveillance médicale des salariés du particulier employeur. Pour ce faire, vous devez contacter l'unité départementale de la  Direccte  pour obtenir les coordonnées du service de santé compétent.\nDirection régionale des entreprises, de la concurrence, de la consommation, du travail et de l'emploi",
    "link": "https://www.service-public.fr/particuliers/vosdroits/F13889",
    "arborescence": {
        "audience": "Particuliers",
        "theme": "Travail",
        "dossier": "Particulier employeur : aide à domicile (services à la personne)",
        "sous_dossier": "",
        "titre": "Le particulier employeur doit-il s'occuper du suivi médical de son salarié ?"
    }
}