{
    "text": "Sécurité sociale : comment prouver sa situation régulière en France ? : \n\n\nVous pouvez bénéficier de la Sécurité sociale. Vous serez remboursé d'une partie des frais médicaux : consultations, médicaments, frais d'hôpitaux...\nPour attester de la régularité de votre situation, vous pouvez fournir, selon les cas, l'un des documents suivants en cours de validité :\n\n Carte de résident \n\n\n Carte de résident portant la mention « résident de longue durée - UE » \n\n\n Carte de résident permanent \n\nCarte de séjour pluriannuelle\n\n Carte de séjour pluriannuelle \"passeport talent\" \n\nCarte de séjour temporaire\n\n Carte de séjour portant la mention « retraité » \n\nCarte de séjour portant la mention : « carte de séjour de membre de la famille d'un citoyen de l'Union/EEE/Suisse - toutes activités professionnelles »\nCarte de séjour portant la mention : « carte de séjour de membre de la famille d'un citoyen de l'Union - toutes activités professionnelles, sauf salariées »\nCarte de séjour portant la mention : « Directive 2004-38/CE - Séjour permanent - toutes activités professionnelles »\n\n Visa long séjour valant titre de séjour dès lors qu'il a fait l'objet de la procédure devant l'Office français de l'immigration (Ofii) \n\nTitre de séjour délivré à un ressortissant andorran ou à un ressortissant de pays tiers membre de sa famille mentionnant la convention signée le 4 décembre 2000 entre la République française, le Royaume d'Espagne et la principauté d'Andorre relative à l'entrée, à la circulation, au séjour et à l'établissement de leurs ressortissants\nCertificat de résidence de ressortissant algérien\n\n Récépissé de demande de renouvellement de l'un des titres mentionnés ci-dessus \n\n\n Attestation de demande d'asile \n\nRécépissé de demande de titre de séjour valant autorisation de séjour portant la mention « reconnu réfugié »\nRécépissé de demande de titre de séjour valant autorisation de séjour portant la mention « a obtenu le bénéfice de la protection subsidiaire »\nAutorisation provisoire de séjour\nPasseport monégasque revêtu d'une mention du consul général de France à Monaco valant autorisation de séjour\nÀ défaut, tout document nominatif, en cours de validité, délivré par la préfecture du lieu de résidence de la personne permettant d'attester que la personne est enregistrée dans l'application de gestion des dossiers de ressortissants étrangers en France.\nsi vous êtes un étudiant non européen âgé de moins de 28 ans, vous êtes rattaché à la  protection universelle maladie (Puma) .\nVous n'avez pas besoin de justifier de votre situation en France.",
    "link": "https://www.service-public.fr/particuliers/vosdroits/F13842",
    "arborescence": {
        "audience": "Particuliers",
        "theme": "Social - Santé",
        "dossier": "Affiliation à la sécurité sociale (assurance maladie)",
        "sous_dossier": "",
        "titre": "Sécurité sociale : comment prouver sa situation régulière en France ?"
    }
}