{
    "text": "Embauche à la fin d'un stage : quelles conséquences sur la période d'essai ? : \n\n\nEn cas d'embauche dans l'entreprise à la fin d'un stage réalisé lors de la dernière année d'études, le stagiaire embauché peut bénéficier d'une réduction de sa période d'essai.  Les conditions varient selon la date d'embauche à la fin du stage.\nEmbauche effectuée dans un emploi correspondant aux activités qui avaient été confiées au stagiaire\nLa durée du stage est intégralement déduite de la période d'essai.\nUn ancien stagiaire est embauché dans les 3 mois suivant la fin du stage, son contrat de travail prévoit une période d'essai de 6 mois, les 3 mois de stage sont déduits de la période d'essai.\nAutre cas\nL'embauche du stagiaire peut être effectuée sur un poste dont les activités sont différentes de celles qui lui avaient été confiées durant le stage. La durée du stage est alors déduite de la période d'essai.\nToutefois, la durée de la période d'essai ne peut pas être réduite à plus de sa moitié, sauf  dispositions conventionnelles  plus favorables.\nUn ancien stagiaire est embauché dans les 3 mois suivant la fin du stage, son contrat de travail prévoit une période d'essai de 4 mois, la période d'essai est réduite à sa moitié de 2 mois.\nLa durée de ce stage n'est pas déduite de la  période d'essai, sauf  dispositions conventionnelles  plus favorables.\nConvention collective, accord collectif, accord de branche, d'entreprise ou d'établissement applicables en droit du travail. Elles fixent les obligations et les droits de l'employeur et du salarié.",
    "link": "https://www.service-public.fr/particuliers/vosdroits/F13879",
    "arborescence": {
        "audience": "Particuliers",
        "theme": "Travail",
        "dossier": "Recrutement dans le secteur privé",
        "sous_dossier": "",
        "titre": "Embauche à la fin d'un stage : quelles conséquences sur la période d'essai ?"
    }
}