{
    "text": "Télétravail dans le secteur privé : \n\n\nLe télétravail est une activité professionnelle effectuée en tout ou partie hors des locaux de l'entreprise à la demande du salarié ou de l'employeur. Le salarié en télétravail bénéficie de garanties particulières.\nDe quoi s'agit-il ?\nLe télétravail est une forme d'organisation du travail basée sur les technologies de l'information et de la communication (TIC). Le télétravail permet ou impose au salarié de travailler ailleurs que dans les locaux de son employeur.\nLe salarié peut donc travailler soit chez lui, soit dans un  télécentre  (s'il habite loin de son entreprise ou s'il a une profession nomade par exemple).\nMise en place\nLe télétravail est mis en place :\nSoit dans le cadre d'un  accord collectif \n\nSoit dans le cadre d'une charte élaborée par l'employeur, après avis du   CSE , s'il existe\nEn l'absence de charte ou d'accord collectif, lorsque le salarié et l'employeur conviennent de recourir au télétravail, ils formalisent leur accord par tout moyen.\nIl existe 2 formes de télétravail :\nLe télétravail  régulier  permet d'avoir une régularité dans l'emploi du temps. Ce dispositif est précisé dans l'accord collectif ou dans la charte élaborée par l'employeur après avis du  CSE  s'il existe\nLe télétravail  occasionnel  permet, dans des circonstances exceptionnelles (épidémie de Covid-19, par exemple), de mettre en place ce dispositif.\nen cas de circonstances exceptionnelles (menace d'épidémie par exemple), le télétravail peut être imposé sans l'accord des salariés. Cette disposition s'applique aussi en cas de  force majeure . Ces mesures peuvent être prises pour permettre la continuité de l'activité et garantir la protection des travailleurs.\nOrganisation du travail\nL'accord collectif ou la charte élaborée par l'employeur précise les éléments suivants :\nPostes éligibles au télétravail\nConditions de passage en télétravail (en cas d'épisode de pollution par exemple) et de retour à une exécution du contrat de travail sans télétravail\nMode d'acceptation par le salarié des conditions de mise en œuvre du télétravail\nMode de contrôle du temps de travail ou de régulation de la charge de travail\nDétermination des plages horaires durant lesquelles l'employeur peut habituellement contacter le salarié en télétravail\nObligations de l'employeur\nRefus de télétravail\nL'employeur qui refuse d'accorder le télétravail à un salarié occupant un poste permettant d'en bénéficier (dans les conditions prévues par accord collectif ou par charte) doit motiver sa réponse.\nMatériel de travail\nL'employeur informe le salarié de toute restriction d'usage d'équipements ou outils informatiques ou de services de communication électronique. L'information doit prévenir l'utilisateur des sanctions en cas de non-respect de ces restrictions.\nEntretien annuel\nL'employeur doit organiser chaque année un entretien qui porte notamment sur les conditions d'activité du salarié et sa charge de travail.\nDroits du télétravailleur\nDroits généraux\nLe télétravailleur est un salarié de l'entreprise. Il bénéficie donc des mêmes droits individuels et collectifs que l'ensemble des salariés :\nAccès à la formation\nRespect de la vie privée\nSanté et sécurité au travail\nAccès aux activités sociales de l'entreprise, aux informations syndicales, aux avantages sociaux (titres-restaurant, chèques vacances par exemple)\nArrêt du télétravail\nLe télétravailleur est  prioritaire pour occuper ou reprendre un poste sans télétravail qui correspond à ses qualifications et compétences professionnelles. Son employeur est tenu et de porter à sa connaissance la disponibilité de tout poste de cette nature.\nRefus de télétravail\nLe refus d'accepter de passer en télétravail n'est pas un motif de rupture du contrat de travail.\nAccident du travail\nL'accident survenu sur le lieu où est exercé le télétravail pendant l'exercice de l'activité professionnelle du télétravailleur est présumé être un  accident de travail .\nLocal de bureaux équipés de matériels informatiques et mis à disposition des télétravailleurs de différentes entreprises ou administrations\nRésultat des négociations menées entre les partenaires sociaux (employeurs et salariés)\nComité social et économique",
    "link": "https://www.service-public.fr/particuliers/vosdroits/F13851",
    "arborescence": {
        "audience": "Particuliers",
        "theme": "Travail",
        "dossier": "Conditions de travail dans le secteur privé",
        "sous_dossier": "Hygiène, sécurité et conditions de travail",
        "titre": "Télétravail dans le secteur privé"
    }
}