{
    "text": "Calcul de l'impôt sur la fortune immobilière (IFI) : \n\n\nVous serez soumis à l'impôt sur la fortune immobilière (IFI) si la valeur nette de votre patrimoine immobilier excède  1,3 million € . L'IFI est calculé en appliquant un barème progressif au patrimoine immobilier net imposable. Une  décote  est prévue pour les patrimoines n'excédant pas un certain seuil. L'IFI est plafonné après réduction d'impôts éventuelles.\nQuels sont les biens imposables ?\nL' IFI  est calculé sur la valeur nette de votre  patrimoine imposable  au 1 er  janvier 2020,  c'est-à-dire après déduction des dettes existant à cette date,  à condition de pouvoir les justifier.\nIl peut s'agir d'une dette portant sur les dépenses suivantes :\nAcquisition de biens ou droits immobiliers imposables (emprunts immobiliers)\nTravaux  d'amélioration, de construction, de reconstruction ou d'agrandissement\nAcquisition des parts ou actions, au prorata de la valeur des biens et droits immobiliers imposables\nTravaux d'entretien dus  par le propriétaire ou supportés par le propriétaire pour le compte du locataire mais dont il  n'a pu obtenir le remboursement, au 31 décembre de l'année de départ du locataire\nPaiement des impôts dus à raison des propriétés concernées (par exemple : taxe foncière ou droits de succession).\nEn revanche, les impositions incombant à l'occupant ne sont pas déductibles (taxe d'habitation par exemple).\nLa part de votre impôt correspondant aux revenus de vos biens immobiliers n'est pas non plus déductible (revenus fonciers par exemple).\nMontant de l'IFI\nVous pouvez estimer le montant de l'IFI que vous aurez à payer avec ce simulateur :\nL'IFI est calculé  sur la valeur de votre patrimoine net taxable en appliquant le barème suivant :\nFraction de la valeur nette taxable du patrimoine\nTaux applicable\nJusqu'à  800 000 € \n\n\n 0 % \n\nEntre  800 001 €  et  1 300 000 € \n\n\n 0,50 % \n\nEntre  1 300 001 €  et  2 570 000 € \n\n\n 0,7 % \n\nEntre  2 570 001 €  et  5 000 000 € \n\n\n 1 % \n\nEntre  5 000 001 €  et  10 000 000 € \n\n\n 1,25 % \n\nSupérieure à  10 000 000 € \n\n\n 1,5 % \n\nMécanisme de décote\nSi vous déclarez un patrimoine  dont la valeur est comprise entre   1 300 000 €  et  1 400 000 € , vous bénéficiez d'une décote qui vient s'imputer sur le montant de l'IFI calculé selon le barème en vigueur.\nLe montant de la décote se calcule de la manière suivante :  17 500 €  -  1,25 %  de la valeur nette taxable du patrimoine.\nExemple de calcul :\nPatrimoine net taxable au 1 er  janvier 2020 :  1,35 million € \n\nIFI brut =  (500 000 €  x  0,5 % ) + ( 50 000 €  x  0,7 % ) =  2 500 €  +  350 €  =  2 850 € \n\nDécote applicable =  17 500 €  - ( 1,35 million €  x  1,25 % ) =  625 € \n\nMontant IFI =  2850 €  –  625 €  =  2 225 € \n\nRéductions d'impôt\nEn cas de dons au profit d'organismes d'intérêt général, vous bénéficiez d'une réduction d'IFI égale à  75 %  des dons réalisés, dans la limite de  50 000 € .\nPlafonnement de l'IFI\nEn 2020, l'IFI est plafonné en fonction du montant cumulé de vos impôts.\nL'impôt 2020 sur les revenus de 2019 ( prélèvements sociaux  et  contribution exceptionnelle sur les hauts revenus  inclus) ajouté à l'IFI 2020 ne doit pas dépasser  75 %  des revenus perçus en 2019.\nEn cas de dépassement, la différence est déduite du montant de l'IFI.\nVous êtes un particulier\nPar téléphone :\n\n 0809 401 401 \n\nDu lundi au vendredi de 8h30 à 19h, hors jours fériés.\nService gratuit + prix appel\nVous êtes un professionnel\nPar téléphone :\n\n 0 806 000 225 \n\nDu lundi au vendredi de 8h30 à 19h, hors jours fériés.\nService gratuit + prix appel\nRéduction du montant d'un impôt à payer\nImpôt sur la fortune immobilière",
    "link": "https://www.service-public.fr/particuliers/vosdroits/F138",
    "arborescence": {
        "audience": "Particuliers",
        "theme": "Argent",
        "dossier": "Impôt sur la fortune immobilière (IFI)",
        "sous_dossier": "",
        "titre": "Calcul de l'impôt sur la fortune immobilière (IFI)"
    }
}