{
    "text": "Conseil des délégués pour la vie lycéenne (CVL) : \n\n\nLe conseil des délégués pour la vie lycéenne (CVL) est une instance où les lycéens sont associés aux décisions de leur établissement scolaire. Le CVL est compétent pour débattre des questions sur le travail scolaire et les conditions de vie des élèves dans les lycées. Le conseil d'administration de l'établissement scolaire le consulte quand il doit traiter d'un de ces sujets.\nRôle\nLe CVL est un organe consultatif. Il débat des questions sur le travail scolaire et les conditions de vie des élèves.\nConsultation obligatoire\nLe CVL est consulté avant chaque  conseil d'administration  de l'établissement scolaire, quand  l'ordre du jour inclut un de  ses domaines de compétences.\nIl est obligatoirement consulté sur les sujets :\nOrganisation des études et du temps scolaire\nÉlaboration du projet d'établissement et du règlement intérieur\nOrganisation du travail personnel et du soutien des élèves\nInformation liée à l'orientation et portant sur les études scolaires et universitaires et les carrières professionnelles\nSanté, hygiène, sécurité et aménagement des espaces destinés à la vie lycéenne\nOrganisation des activités sportives, culturelles et périscolaires\nFormulation de propositions\nQuand son ordre du jour le prévoit, le CVL peut faire des propositions sur :\nla formation des représentants d'élèves\nles conditions d'utilisation des fonds lycéens\nComposition\nLe CVL est composé de :\n10 représentants des élèves,\n8 représentants de personnels travaillant au lycée,\n2 représentants de parents d'élèves.\nLe CVL est présidé par le chef d'établissement.\nLe vice-président du CVL est un lycéen. Il est élu pour 1 an parmi les candidats à l'élection des représentants des élèves au conseil d'administration.\nReprésentants des élèves\nLes représentants lycéens au CVL sont élus pour 2 ans par l'ensemble des élèves de l'établissement. Le CVL est renouvelé par moitié chaque année.\nCandidatures\nChaque élève inscrit sur la liste électorale de l'établissement peut être candidat (même s'il est déjà délégué de classe).\nChaque déclaration de candidature doit comporter le nom d'un titulaire et  celui d'un suppléant.\nLa candidature (accompagnée, si nécessaire, d'une profession de foi) doit être remise au chef d'établissement\n        \n        au moins 10 jours avant la date des élections.\nListe électorale\nElle est dressée par le chef d'établissement, 15 jours avant la date du scrutin.\nElle comprend, par ordre alphabétique, l'ensemble des élèves de l'établissement. Elle mentionne les nom, prénom(s) et classe.\nElle est affichée dans l'établissement afin de permettre à chaque électeur de vérifier son inscription sur la liste.\nÉlections\nLes élections sont organisées avant la fin de la 7 e  semaine de l'année scolaire.\nElles doivent être précédées d'une information à l'ensemble des lycéens.\nLes procédures d'élection doivent être connues suffisamment tôt dans le courant du mois de septembre, afin de permettre aux élèves qui le souhaitent de préparer leur candidature.\nTous les lycéens de l'établissement peuvent voter. Les représentants sont élus au scrutin plurinominal à un tour.\nEn cas d'égalité de voix, le candidat le plus jeune est déclaré élu.\nContestations sur la validité des élections\nLes contestations doivent être adressées dans un délai de 5  jours ouvrables , à partir de la proclamation des résultats, au chef d'établissement. Celui-ci statue dans un délai de 8 jours.\nFonctionnement\nLe CVL se réunit, sur convocation du chef d'établissement, avant chaque séance ordinaire du conseil d'administration.\nIl peut se réunir en séance extraordinaire à la demande de la moitié des représentants lycéens, sur un ordre du jour arrêté par le chef d'établissement, après consultation du vice-président lycéen.\nLe CVL ne peut siéger que si la majorité des lycéens est présente. Si cette majorité n'est pas atteinte, le chef d'établissement doit procéder à une nouvelle convocation du conseil dans un délai d'au moins 3 jours et de 8 jours au plus. Il délibère alors, quel que soit le nombre des membres présents.\nLes avis, propositions et les comptes-rendus de séance du CVL sont communiqués au conseil d'administration. Ils peuvent être inscrits à son ordre du jour. Les avis, propositions et les comptes-rendus de séance du CVL sont affichés dans l'enceinte du lycée.\nCorrespond à tous les jours de la semaine, à l'exception du jour de repos hebdomadaire (généralement le dimanche) et des jours fériés habituellement non travaillés dans l'entreprise",
    "link": "https://www.service-public.fr/particuliers/vosdroits/F1388",
    "arborescence": {
        "audience": "Particuliers",
        "theme": "Famille",
        "dossier": "Collège et lycée",
        "sous_dossier": "Participation des élèves à la vie scolaire",
        "titre": "Conseil des délégués pour la vie lycéenne (CVL)"
    }
}