{
    "text": "Qu'est-ce qu'une période probatoire pour le salarié ? : \n\n\nLorsqu'un salarié change de poste dans l'entreprise, il n'est pas possible de prévoir une  période d'essai .\nToutefois,   une période dite  probatoire  peut être mise en place. Elle permet à l'employeur d'apprécier la capacité du salarié à exercer ses nouvelles fonctions.\nAutorisation de la période probatoire\nSi des  dispositions conventionnelles  prévoient la mise en place d'une période probatoire, celle-ci doit être prévue dans le contrat de travail initial.\nLe contrat de travail prévoit, par exemple, la durée de la période probatoire,  son renouvellement éventuel et les conditions de rupture de cette période.\nEn cas de mise en place d'une période probatoire, un  avenant  au contrat initial doit être établi.\nInterdiction de la période probatoire\nDes  dispositions conventionnelles  peuvent interdire la mise en place d'une période probatoire.\nSi c'est le cas, l'employeur ne peut pas imposer au salarié une période probatoire à l'occasion de son changement de poste.\n\n Interruption de la période probatoire \n\nLa période probatoire peut être interrompue par  l'employeur si le salarié ne donne pas satisfaction dans ses nouvelles fonctions.\nElle peut aussi être rompue par le salarié  s'il n'est pas satisfait de son nouveau poste.\nÀ la différence de la période d'essai, la rupture de la période probatoire n'entraîne pas la rupture du contrat de travail.\nSes conséquences varient selon que le salarié est  protégé  ou non.\nCas général\nLa rupture de la période probatoire a pour effet de replacer le salarié dans ses fonctions antérieures.\nSalarié protégé\nSi le salarié est protégé, il ne peut pas être automatiquement replacé  dans ses fonctions antérieures. Son accord est obligatoire.\nEn l'absence d'accord du salarié, l'employeur peut :\nsoit le maintenir sur le nouveau poste,\nsoit saisir l'inspecteur du travail d'une demande d'autorisation administrative de licenciement.\nSalarié investi d'un mandat syndical ou représentant du personnel bénéficiant  de mesures particulières en cas de licenciement. L’inspection du travail doit donner son accord en cas de licenciement d'un membre du comité économique et social (CSE), d'un délégué syndical, d'un délégué du personnel ou d'un conseiller prud'homal.\nConvention collective, accord collectif, accord de branche, d'entreprise ou d'établissement applicables en droit du travail. Elles fixent les obligations et les droits de l'employeur et du salarié.\nDocument complémentaire du contrat constatant une modification, une adaptation ou un complément qui y sont apportés d'un commun accord entre les deux parties",
    "link": "https://www.service-public.fr/particuliers/vosdroits/F13893",
    "arborescence": {
        "audience": "Particuliers",
        "theme": "Travail",
        "dossier": "Recrutement dans le secteur privé",
        "sous_dossier": "",
        "titre": "Qu'est-ce qu'une période probatoire pour le salarié ?"
    }
}