{
    "text": "Quels sont les recours possibles après un jugement du conseil de prud'hommes ? : \n\n\nDifférentes voies de recours sont prévues, selon les cas, pour contester le jugement du conseil de prud'hommes (CPH).\nCes voies de recours sont ouvertes à des conditions qui varient selon :\nla nature du recours,\nle montant sur lequel porte le recours,\nla partie initiatrice du recours en cas de  demande reconventionnelle ,\nles documents non remis par l'employeur.\nCas général\nLa partie qui le souhaite peut  faire appel  du jugement rendu par le CPH.\nLe délai d'appel est fixé à 1 mois (ou 15 jours, si l'appel fait suite à une ordonnance de  référé ).\nLes actes de la procédure d'appel sont accomplis par l'avocat ou le défenseur syndical qui représente chaque partie. En appel, la représentation par un avocat ou un défenseur syndical est obligatoire.\nAprès le jugement en appel, il est possible de former un  pourvoi en cassation  dans les 2 mois.\nToutefois, si le  défendeur  n'a pas comparu (à condition de  justifier d'un motif  légitime, par exemple maladie ou éloignement) lors de l'audience devant le bureau de jugement, il peut former un recours en   opposition .\nLe délai d'opposition est fixé à 1 mois.\nSi la partie qui a fait opposition ne se présente pas à l'audience, il ne peut pas utiliser cette voie de recours une seconde fois.\nMontant sur lequel porte le recours\nDepuis le 1er septembre 2020\nSi les prétentions du demandeur ne dépassent pas   5 000 € , le CPH statue en dernier ressort. Dans ce cas, l'appel n'est pas possible.\nLa partie qui conteste le jugement du conseil de prud'hommes peut alors former un  pourvoi en cassation . Le délai de pourvoi en cassation est fixé à 2 mois.\nToutefois, si le  défendeur  n'a pas comparu (à condition de  justifier d'un motif  légitime, par exemple maladie ou éloignement) lors de l'audience devant le bureau de jugement, il peut former un recours en   opposition .\nLe délai d'opposition est fixé à 1 mois.\nSi la partie qui a fait opposition ne se présente pas à l'audience, il ne peut pas utiliser cette voie de recours une seconde fois.\nAvant le 1er septembre 2020\nSi les prétentions du demandeur ne dépassent pas   4 000 € , le CPH statue en dernier ressort. Dans ce cas, l'appel n'est pas possible.\nLa partie qui conteste le jugement du conseil de prud'hommes peut alors former un  pourvoi en cassation . Le délai de pourvoi en cassation est fixé à 2 mois.\nToutefois, si le  défendeur  n'a pas comparu (à condition de  justifier d'un motif  légitime, par exemple maladie ou éloignement) lors de l'audience devant le bureau de jugement, il peut former un recours en   opposition .\nLe délai d'opposition est fixé à 1 mois.\nSi la partie qui a fait opposition ne se présente pas à l'audience, il ne peut pas utiliser cette voie de recours une seconde fois.\nDemande reconventionnelle\nCette demande doit être fondée exclusivement sur la demande initiale.\nEn cas de demande reconventionnelle en dommage-intérêts, la partie qui conteste le jugement du conseil de prud'hommes peut alors former un  pourvoi en cassation .\nToutefois, si le  défendeur  n'a pas comparu (à condition de  justifier d'un motif  légitime, par exemple maladie ou éloignement) lors de l'audience devant le bureau de jugement, il peut former un recours en   opposition .\nLe délai d'opposition est fixé à 1 mois.\nSi la partie qui a fait opposition ne se présente pas à l'audience, il ne peut pas utiliser cette voie de recours une seconde fois.\nDocuments non remis par l'employeur\nSi le recours au CPH porte sur la remise par l'employeur des documents obligatoires (certificats de travail, fiche de paie), le CPH statue en dernier ressort. Dans ce cas, l'appel n'est pas possible.\nLa partie qui conteste le jugement du CPH peut alors former un  pourvoi en cassation . Le délai de pourvoi en cassation est fixé à 2 mois.\nToutefois, si le  défendeur  n'a pas comparu (à condition de  justifier d'un motif  légitime, par exemple maladie ou éloignement) lors de l'audience devant le bureau de jugement, il peut former un recours en   opposition .\nLe délai d'opposition est fixé à 1 mois.\nSi la partie qui a fait opposition ne se présente pas à l'audience, il ne peut pas utiliser cette voie de recours une seconde fois.\nDemande par laquelle le défendeur  prétend obtenir un avantage autre que le simple rejet de la prétention de son adversaire\nVoie de recours en justice, civile ou pénale, ouverte aux personnes n'ayant pas eu connaissance d'un procès à leur encontre, et qui leur permet d'être à nouveau jugées par le même tribunal\nPersonne contre laquelle une action en justice est engagée",
    "link": "https://www.service-public.fr/particuliers/vosdroits/F1387",
    "arborescence": {
        "audience": "Particuliers",
        "theme": "Travail",
        "dossier": "Conflits du travail dans le secteur privé",
        "sous_dossier": "",
        "titre": "Quels sont les recours possibles après un jugement du conseil de prud'hommes ?"
    }
}