{
    "text": "Une personne en volontariat a-t-elle droit au RSA et à la prime d'activité ? : \n\n\nSi vous êtes en volontariat, vous pouvez bénéficier du  RSA  et de la prime d'activité. Les conditions varient en fonction du type de volontariat.\npour bénéficier du RSA et de la prime d'activité, il faut  résider en France  de manière stable et effective .\nVolontariat dans les armées\nVous pouvez avoir droit au RSA et à la prime d'activité. Pour cela, vous devez remplir les autres conditions d'attribution.\nsi vous bénéficiez déjà du RSA, la conclusion d'un contrat de volontariat par un membre de votre  foyer  n'a pas d'impact sur vos droits.\nCalcul des ressources\nLe contrat de volontariat dans les armées est considéré comme un contrat de travail. Sa rémunération  est donc prise en compte dans le calcul des droits.\nSi vous êtes logé gratuitement dans le cadre de votre volontariat, le forfait logement est déduit du montant du RSA.\nSi vous bénéficiez d'un versement en espèces, vous devez le déclarer trimestriellement comme « autres ressources ». Ce versement est pris en compte dans le calcul de vos droits.\nSi vous bénéficiez d'un avantage en nature, vous devez le déclarer aux organismes payeurs ( Caf  ou  MSA ). Cet avantage est pris en compte dans le calcul de vos droits.\nPrise en compte des heures d'activité\nLe contrat de volontariat dans les armées est considéré comme une activité professionnelle. Les heures de volontariat réalisées  sont donc prises en compte pour l'étude du droit au  RSA jeune actif .\nles heures de formation ne sont pas prises en compte.\nSapeur-pompier volontaire\nVous pouvez avoir droit au RSA et à la prime d'activité. Pour cela, vous devez remplir les autres conditions d'attribution.\nsi vous bénéficiez déjà du RSA, la conclusion d'un contrat de volontariat par un membre de votre  foyer  n'a pas d'impact sur vos droits.\nCalcul des ressources\nVos indemnités de sapeur-pompier volontaire ne sont  pas prise en compte pour le calcul des droits.\nSi vous êtes logé gratuitement dans le cadre de votre volontariat, le forfait logement est déduit du montant du RSA.\nSi vous bénéficiez d'un versement en espèces, vous devez le déclarer trimestriellement comme « autres ressources ». Ce versement est pris en compte dans le calcul de vos droits.\nSi vous bénéficiez d'un avantage en nature, vous devez le déclarer aux organismes payeurs ( Caf  ou  MSA ). Cet avantage est pris en compte dans le calcul de vos droits.\nPrise en compte des heures d'activité\nLes heures de volontariat réalisées ne sont pas prises en compte pour l'ouverture du droit au  RSA jeune actif .\nVolontariat associatif\nVous ne pouvez pas bénéficier du RSA, ni de la prime d'activité.\nSi vous bénéficiez de ces dispositifs avant votre engagement dans le volontariat associatif, vous ne les percevez plus pendant la durée du contrat. Les versements reprennent à la fin du volontariat.\nVolontariat de service civique\nVous  pouvez avoir droit au RSA et à la prime d'activité. Pour cela, vous devez remplir les autres conditions d'attribution.\nsi vous bénéficiez déjà du RSA, la conclusion d'un contrat de volontariat par un membre de votre  foyer  n'a pas d'impact sur vos droits.\nCalcul des ressources\nVos indemnités de volontaire civil sont prises en compte pour le calcul des droits.\nSi vous êtes logé gratuitement dans le cadre de votre volontariat, le forfait logement est déduit du montant du RSA.\nSi vous bénéficiez d'un versement en espèces, vous devez le déclarer trimestriellement comme « autres ressources ». Ce versement est pris en compte dans le calcul de vos droits.\nSi vous bénéficiez d'un avantage en nature, vous devez le déclarer aux organismes payeurs ( Caf  ou  MSA ). Cet avantage est pris en compte dans le calcul de vos droits.\nPrise en compte des heures d'activité\nLes heures de volontariat réalisées ne sont pas prises en compte pour l'ouverture du droit au  RSA jeune actif .\nService civique\nVous ne pouvez pas bénéficier du RSA, ni de la prime d'activité.\nSi vous bénéficiez de ces dispositifs avant la signature de votre engagement de service civique, vous ne les percevez plus pendant la durée du contrat. Les versements reprennent à la fin du service civique.\nEnsemble de personnes remplissant une seule déclaration de revenus (exemple : époux, épouse et enfants à charge)\nRevenu de solidarité active\nCaisse d'allocations familiales\nMutualité sociale agricole",
    "link": "https://www.service-public.fr/particuliers/vosdroits/F13866",
    "arborescence": {
        "audience": "Particuliers",
        "theme": "Social - Santé",
        "dossier": "Revenu de solidarité active (RSA)",
        "sous_dossier": "",
        "titre": "Une personne en volontariat a-t-elle droit au RSA et à la prime d'activité ?"
    }
}