{
    "text": "Conseil de classe au collège ou au lycée : \n\n\nLe conseil de classe est chargé du suivi des élèves et des questions pédagogiques intéressant la vie de la classe. Composé de membres du personnel de l'établissement, de délégués d'élèves et de parents d'élèves,  il se réunit au moins 3 fois par an. Il formule des propositions concernant l'orientation et l'accompagnement des élèves et en informe les parents.\nComposition du conseil de classe\nLe conseil de classe est composé des membres suivants :\nChef d'établissement qui le préside\nProfesseurs de la classe\n2 délégués des élèves\n2 délégués de parents d'élèves\nConseiller principal d'éducation (CPE)\nConseiller d'orientation-psychologue\nMédecin scolaire, assistant social ou infirmier, quand c'est utile pour le cas personnel d'un élève\nConvocation et périodicité\nCas général\nLe conseil de classe se réunit au moins 3 fois dans l'année,  à l'initiative du chef d'établissement.\nLycée professionnel\nLe conseil de classe se réunit au moins 2 fois dans l'année, à l'initiative du chef d'établissement.\nTous les membres du conseil y sont conviés. Les convocations ne sont pas soumises à une procédure spécifique et ne sont pas obligatoirement nominatives.\nDéroulement du conseil de classe\nLe professeur principal ou un représentant de l'équipe pédagogique  présente  un bilan général de la classe. Il expose ensuite les conseils en orientation formulés par l'équipe éducative.\nLe CPE fait le point sur la situation relative à l'absentéisme ou à la vie scolaire.\nLes  délégués des parents d'élèves  et les  délégués de classe  interviennent sur tous les aspects de la vie de la classe et les questions pédagogiques.\nEnsuite, le conseil de classe examine le déroulement de la scolarité de chaque élève (résultats et appréciations des professeurs pour toutes les matières, besoin d'accompagnement etc.).\nLes délégués notent toutes les informations concernant chaque élève. Ils peuvent intervenir pour soutenir un élève.\nLes délégués de classe et les délégués des parents d'élèves  restent dans la salle lorsque l'on évoque leur scolarité ou celle de leur enfant.\nà partir de la classe de 4 e , l'élève peut être convié à participer à la présentation de sa situation lors du conseil de classe.\nDécisions prises par le conseil de classe\nLe conseil de classe se met d'accord sur une appréciation générale qui sera inscrite sur le bilan périodique (au collège) et sur le bulletin trimestriel (au lycée). Il peut décerner une mention inscrite au règlement intérieur (par exemple :  encouragements ,  félicitations ).\nLe conseil de classe est une instance pédagogique. Ce n'est pas une instance disciplinaire. Il ne peut donc pas prononcer de  sanction .\nLe conseil de classe fait des propositions d'orientation  en 3e au collège  et au lycée ( général, technologique  ou  professionnel ) pour préparer l'orientation d'après bac.\nLe redoublement doit être exceptionnel. Il peut être prononcé lorsqu'un dispositif d'accompagnement pédagogique n'a pas permis de mettre fin aux difficultés importantes d'apprentissage d'un élève.\nLa décision de redoublement  est notifiée aux parents de l'élève ou à l'élève lorsqu'il est majeur.  Les parents  ont un délai de 3  jours ouvrables  pour faire savoir au chef d'établissement :\ns'ils acceptent cette décision,\nou s'ils décident de faire appel devant une commission d'appel.\nLa commission d'appel est présidée par le  Dasen  et comprend des chefs d'établissement, des enseignants, des parents d'élèves et des personnels d'éducation et d'orientation.\nLes parents et l'élève (avec l'accord de ses parents s'il est mineur) peuvent demander à être entendus par la commission.\nLa décision prise par la commission d'appel vaut décision d'orientation définitive.\nUn redoublement doit être accompagné de mesures pédagogiques spécifiques pour l'élève (à travers un  programme personnalisé de réussite éducative  par exemple).\nCommunication aux parents d'élèves\nLes  représentants des parents d'élèves  reçoivent les mêmes documents que les autres membres du conseil de classe.\nChaque représentant des parents d'élèves doit pouvoir faire un compte rendu du conseil de classe où il siège.\nIl doit cependant respecter le principe de confidentialité. Ainsi, le compte rendu ne peut pas évoquer les cas individuels, ni nommer les élèves.\nLes conditions de diffusion de ces comptes-rendus sont définies en concertation entre le directeur d'établissement et les associations de parents d'élèves.\nCorrespond à tous les jours de la semaine, à l'exception du jour de repos hebdomadaire (généralement le dimanche) et des jours fériés habituellement non travaillés dans l'entreprise\nDirecteur académique des services de l'éducation nationale",
    "link": "https://www.service-public.fr/particuliers/vosdroits/F1394",
    "arborescence": {
        "audience": "Particuliers",
        "theme": "Famille",
        "dossier": "Collège et lycée",
        "sous_dossier": "Fonctionnement de l'établissement",
        "titre": "Conseil de classe au collège ou au lycée"
    }
}