{
    "text": "Attestation des services accomplis (service national ou militaire) : \n\n\nL'attestation des services accomplis, également appelée  état signalétique des services , prouve que le service militaire (ou assimilé) a bien été accompli. Elle peut être réclamée par  les organismes de retraite ou de sécurité sociale.\nQui est concerné ?\nL'attestation peut être demandée par la personne ayant effectué son service militaire (ou assimilé).\nComment faire la demande ?\nPour obtenir l'attestation, il faut rédiger une  demande écrite  mentionnant les information suivantes :\nNom et prénoms,\nDate et le lieu de naissance,\nAdresse actuelle,\nAdresse au moment du recensement,\nNuméro d'immatriculation au recrutement (numéro de matricule à 10 chiffres inscrit sur la carte du service national ou sur le livret militaire individuel),\nDates (exactes ou approximatives) de début et de fin d'accomplissement du service national.\nIl convient de joindre à la demande :\nsoit une photocopie de sa carte nationale d'identité,\nsoit un  extrait d'acte de naissance .\nÀ qui demander l'attestation ?\nMétropole\nOutre-mer (cas général)\nSaint-Pierre et Miquelon\nQui est concerné ?\nL'attestation peut être demandée par la personne ayant effectué son service militaire (ou assimilé).\nComment faire la demande ?\nPour obtenir l'attestation, il faut rédiger une  demande écrite  mentionnant les information suivantes :\nNom et prénoms,\nDate et le lieu de naissance,\nAdresse actuelle,\nAdresse au moment du recensement,\nNuméro d'immatriculation au recrutement (numéro de matricule à 10 chiffres inscrit sur la carte du service national ou sur le livret militaire individuel),\nDates (exactes ou approximatives) de début et de fin d'accomplissement du service national.\nIl convient de joindre à la demande :\nsoit une photocopie de sa carte nationale d'identité,\nsoit un  extrait d'acte de naissance .\nÀ qui demander l'attestation ?\nLa demande d'attestation doit être adressée au :\nBCRM Toulon\nBureau maritime des matricules\nBP 413 - 83800 TOULON CEDEX 9\nQui est concerné ?\nL'attestation peut être demandée par la personne ayant effectué son service militaire (ou assimilé).\nComment faire la demande ?\nPour obtenir l'attestation, il faut rédiger une  demande écrite  mentionnant les information suivantes :\nNom et prénoms,\nDate et le lieu de naissance,\nAdresse actuelle,\nAdresse au moment du recensement,\nNuméro d'immatriculation au recrutement (numéro de matricule à 10 chiffres inscrit sur la carte du service national ou sur le livret militaire individuel),\nDates (exactes ou approximatives) de début et de fin d'accomplissement du service national.\nIl convient de joindre à la demande :\nsoit une photocopie de sa carte nationale d'identité,\nsoit un  extrait d'acte de naissance .\nÀ qui demander l'attestation ?\nLa demande d'attestation doit être adressée au Centre des archives du personnel militaire de Pau.\nQui est concerné ?\nL'attestation peut être demandée par la personne ayant effectué son service militaire (ou assimilé).\nComment faire la demande ?\nPour obtenir l'attestation, il faut rédiger une  demande écrite  mentionnant les information suivantes :\nNom et prénoms,\nDate et le lieu de naissance,\nAdresse actuelle,\nAdresse au moment du recensement,\nNuméro d'immatriculation au recrutement (numéro de matricule à 10 chiffres inscrit sur la carte du service national ou sur le livret militaire individuel),\nDates (exactes ou approximatives) de début et de fin d'accomplissement du service national.\nIl convient de joindre à la demande :\nsoit une photocopie de sa carte nationale d'identité,\nsoit un  extrait d'acte de naissance .\nÀ qui demander l'attestation ?\nLa demande d'attestation doit être adressée au Centre des archives du personnel militaire de Pau.",
    "link": "https://www.service-public.fr/particuliers/vosdroits/F1398",
    "arborescence": {
        "audience": "Particuliers",
        "theme": "Papiers - Citoyenneté",
        "dossier": "Recensement, JDC et service national",
        "sous_dossier": "",
        "titre": "Attestation des services accomplis (service national ou militaire)"
    }
}