{
    "text": "Conseil d'école à l'école primaire (maternelle et élémentaire) : \n\n\nLe conseil d'école  est composé de personnels de l'école et de représentants des parents d'élèves. Il se réunit pour prendre les  décisions qui concernent la vie de l'école,  voter le règlement intérieur de l'école et adopter le projet d'école.\nComposition\nMembres de droit\nLe conseil d'école est composé :\ndu directeur de l'école, qui le préside,\nde l'ensemble des maîtres affectés à l'école,\ndu maire,\nd'un conseiller municipal ou du président de l'intercommunalité,\ndes  représentants élus des parents d'élèves  (autant de représentants que l'école comporte de classes),\net du délégué départemental de l'éducation chargé de visiter les écoles.\nL'ensemble de ces membres a le droit de vote.\nle conseil d'école peut se tenir même si aucun représentant des parents d'élèves n'a pu être élu ou désigné (par exemple s'il n'y avait aucun candidat).\nMembres supplémentaires\nCertaines personnes peuvent assister au conseil lorsque des sujets inscrits à l'ordre du jour les concernent. Ils n'ont pas le droit de vote.\nIl s'agit notamment :\ndes personnes chargées d'activités sportives et culturelles,\ndes personnes participant aux actions de prévention et d'aide psychologique,\nde l'équipe médicale scolaire,\ndes assistantes sociales,\ndes  ATSEM ,\ndes suppléants des représentants d'élèves.\nL'inspecteur de l'éducation nationale de la circonscription peut également y assister.\nDurée du mandat\nLes membres du conseil d'école siègent pendant une année jusqu'à leur renouvellement.\nFonctionnement\nLe conseil  se réunit au moins 1 fois par trimestre, et obligatoirement dans le mois qui suit l'élection des représentants des parents d'élèves.\nL'ordre du jour est adressé aux membres du conseil au moins 8 jours avant les réunions du conseil.\nAprès le conseil, le directeur de l'école dresse un procès-verbal qui sera affiché dans un lieu accessible aux parents d'élèves.\nAttributions\nLe conseil d'école établit et vote le règlement intérieur de l'école à partir du règlement type départemental.\nIl participe à l'élaboration et adopte le   projet d'école .\nIl donne son avis sur les questions intéressant la vie de l'école, notamment :\nles actions pédagogiques et éducatives,\nl'utilisation des moyens alloués à l'école,\nles conditions d'intégration des enfants handicapés,\nles activités périscolaires,\nla restauration scolaire,\nl'hygiène scolaire,\nla protection et  la sécurité des enfants dans le cadre scolaire et périscolaire,\nle respect et la mise en application des valeurs et des principes de la République.\nIl donne son accord pour l'organisation d'activités complémentaires éducatives, sportives ou culturelles.\nIl définit le calendrier des rencontres entre les enseignants et les parents d'élèves.\nEn fin d'année scolaire, le directeur de l'école transmet aux membres du conseil d'école un bilan, notamment sur la réalisation du projet d'école, et sur les suites qui ont été données aux avis qu'il a formulés.\nLe conseil d'école  peut transmettre un projet d'organisation de la semaine scolaire au  Dasen , après avis de l'inspecteur de l'éducation nationale. Si le projet d'organisation du temps scolaire proposé par le conseil d'école est diffèrent de celui du maire, l'inspecteur de l'éducation nationale  met en place une concertation qui doit permettre de rapprocher les deux projets. Au final, c'est le Dasen qui choisit l'organisation du temps scolaire des écoles concernées.\nProjet définissant les activités scolaires et périscolaires qui permettent de mettre en œuvre les objectifs  nationaux d'enseignement\nDirecteur académique des services de l'éducation nationale\nAgent territorial spécialisé des écoles maternelles",
    "link": "https://www.service-public.fr/particuliers/vosdroits/F1399",
    "arborescence": {
        "audience": "Particuliers",
        "theme": "Famille",
        "dossier": "École primaire (maternelle et élémentaire)",
        "sous_dossier": "Rôle et participation des parents",
        "titre": "Conseil d'école à l'école primaire (maternelle et élémentaire)"
    }
}