{
    "text": "Que peut faire un particulier employeur si son salarié casse un objet ? : \n\n\nLe particulier employeur est responsable des dommages causés par son salarié à domicile.\nSi l'employeur pense que ces dommages résultent d'une erreur commise par le salarié, il peut le sanctionner par un  avertissement , une   mise à pied  ou un  licenciement .\nIl ne peut pas retenir le prix de l'objet cassé sur le salaire du salarié, ni lui demander de rembourser l'objet.\nEn plus de son assurance  responsabilité civile  personnelle, l'employeur peut prendre une assurance responsabilité civile professionnelle pour se garantir des dommages causés par son salarié.\nObligation de réparer le préjudice résultant soit de l'inexécution d'un contrat, soit de la violation du devoir général de ne causer aucun dommage à autrui \nRupture du contrat de travail imposée par l'employeur à son salarié\nReproches adressés par l'employeur au salarié, et notifiés par écrit, en raison du comportement fautif du salarié\nSanction  visant à suspendre temporairement le contrat de travail et la rémunération du salarié ayant eu un comportement fautif",
    "link": "https://www.service-public.fr/particuliers/vosdroits/F13977",
    "arborescence": {
        "audience": "Particuliers",
        "theme": "Travail",
        "dossier": "Particulier employeur : aide à domicile (services à la personne)",
        "sous_dossier": "",
        "titre": "Que peut faire un particulier employeur si son salarié casse un objet ?"
    }
}