{
    "text": "Fonction publique : peut-on encore bénéficier des concours réservés ? : \n\n\nNon, le dispositif des concours dits  réservés  a pris fin sauf pour certains agents de la fonction publique d'État.\nUn dispositif temporaire de titularisation avait été mis en place par la loi dite  loi Sauvadet . Par dérogation aux modes d'accès habituels à la fonction publique, il prévoyait l'organisation de concours dits  réservés  pour favoriser la titularisation de contractuels remplissant certaines conditions.\nCe dispositif a pris fin en mars 2018 dans les fonctions publiques territoriale et hospitalière.\nDans la fonction publique d’État, il a pris fin le 14 mars 2018. Toutefois, il reste ouvert jusqu'au 31 décembre 2020 pour les seuls agents contractuels des établissements publics suivants occupant certains emplois :\nÉtablissements\nEmplois\nAgence centrale des organismes de sécurité sociale (Acoss)\nEmploi de catégorie A, B ou C\nAgences de l'eau\nEmploi de catégorie A, B ou C\nCaisse nationale d'assurance maladie des travailleurs salariés (CNAMTS)\nEmploi de catégorie A, B ou C\nCaisse nationale d'assurance vieillesse des travailleurs salariés (CNAVTS)\nEmploi de catégorie A, B ou C\nCaisse nationale des allocations familiales (CNAF)\nEmploi de catégorie A, B ou C\nCentres régionaux de la propriété forestière\nEmploi de catégorie A, B ou C\nÉcole nationale d'études supérieures de sécurité sociale (En3s)\nEmploi de catégorie A, B ou C\nPôle emploi\nEmploi de catégorie A, B ou C\nÉcoles nationales supérieures des mines de Paris et de Saint-Étienne\nEmploi scientifique, technique ou  administratifs de recherche\nÉcoles nationales supérieures des techniques industrielles et des mines d'Albi-Carmaux, d'Alès, de Douai et de Nantes\nEmploi scientifique, technique ou administratifs de recherche\nÉcole polytechnique\nEmploi d'enseignement\nEmploi scientifique, technique ou administratifs de recherche de catégorie A ou B\nCentres régionaux des œuvres universitaires et scolaires (Crous)\nEmploi de personnels ouvriers\nAgence publique pour l'immobilier de la Justice (APIJ)\nEmploi de catégorie A nécessaire au montage, à la conduite, à l'expertise juridique et à l'audit des projets immobiliers\nEmploi de catégorie B pour l'assistance technique dans la conduite de projets immobiliers et pour l'assistance technique et la maintenance informatique de l'agence\nÉtablissement public du palais de la porte Dorée\nEmploi de catégorie A ou B nécessitant des connaissances spécialisées en matière de programmation culturelle et production, d'animation du réseau et des partenariats et de développement des publics, applicables dans le domaine des populations et de l'histoire de l'immigration\nEmploi de catégorie A ou B liés à la médiation",
    "link": "https://www.service-public.fr/particuliers/vosdroits/F13976",
    "arborescence": {
        "audience": "Particuliers",
        "theme": "Travail",
        "dossier": "Carrière dans la fonction publique",
        "sous_dossier": "",
        "titre": "Fonction publique : peut-on encore bénéficier des concours réservés ?"
    }
}