{
    "text": "Un salarié peut-il effectuer plusieurs périodes d'essai chez le même employeur ? : \n\n\nOui, le salarié peut effectuer plusieurs périodes d'essai chez le même employeur, sous conditions. Cela dépend des conditions de prolongement du contrat de travail initial.\nÉvolution des fonctions pendant le contrat\nPromotion du salarié pendant la période d'essai\nLa  période d'essai  permet à l'employeur d'évaluer les compétences du salarié dans son travail.\nLorsque la période d'essai se termine,  l'employeur ne peut pas demander au salarié d'effectuer une nouvelle période d'essai.\nToutefois, si les fonctions du salarié évoluent, dans le cadre d'une  promotion  pendant le contrat de travail,  l'employeur peut vérifier que le salarié est apte à remplir ses nouvelles missions. L'employeur peut alors demander au salarié d'effectuer une  période probatoire .\nRétrogradation du salarié pendant la période d'essai\nLa  période d'essai  permet à l'employeur d'évaluer les compétences du salarié dans son travail.\nLorsque la période d'essai se termine,  l'employeur ne peut pas demander au salarié d'effectuer une nouvelle période d'essai.\nToutefois, si les fonctions du salarié évoluent, dans le cadre d'une  rétrogradation  pendant le contrat de travail,  l'employeur peut vérifier que le salarié est apte à remplir ses nouvelles missions. L'employeur peut alors demander au salarié d'effectuer une  période probatoire .\nNouveau contrat chez le même employeur\nCDI à l'issue d'un CDD\nLorsqu'à la fin du  CDD  le contrat de travail se poursuit en  CDI , le nouveau contrat peut prévoir une nouvelle période d'essai.\nDans ce cas, la durée du ou des CDD précédents est déduite de la période d'essai prévue dans le CDI.\nContrat à l'issue d'une mission d'intérim\nUne nouvelle période d'essai peut être prévue lorsqu'une entreprise embauche un salarié après une mission d'intérim.\nLa durée des missions d'intérim effectuées au sein de l'entreprise au cours des 3 mois précédant le recrutement est déduite de la période d'essai prévue dans le nouveau contrat de travail.\nContrats successifs dans des fonctions différentes\nLe salarié qui signe un nouveau contrat avec le même employeur peut effectué une nouvelle période d'essai.\nC'est le cas s'il est embauché pour occuper un poste de travail différent  effectué auparavant dans l'entreprise.\nContrats successifs dans les mêmes fonctions\nLe salarié qui signe un nouveau contrat avec le même employeur pour occuper le même poste ne doit pas effectué une nouvelle période d'essai.\nL'employeur a  apprécié les capacités professionnelles du salarié sur le poste concerné.\nÉlévation à la hausse de la position hiérarchique du salarié\nModification à la baisse de la position hiérarchique du salarié\nContrat à durée déterminée\nContrat de travail à durée indéterminée",
    "link": "https://www.service-public.fr/particuliers/vosdroits/F13919",
    "arborescence": {
        "audience": "Particuliers",
        "theme": "Travail",
        "dossier": "Recrutement dans le secteur privé",
        "sous_dossier": "",
        "titre": "Un salarié peut-il effectuer plusieurs périodes d'essai chez le même employeur ?"
    }
}