{
    "text": "Peut-on encore demander l'allocation équivalent retraite (AER) ? : \n\n\nNon. L'allocation équivalent retraite (AER), destinée aux demandeurs d'emploi n'ayant pas atteint l'âge de la retraite mais justifiant des trimestres requis pour avoir une retraite à taux plein, n'est plus attribuée depuis le 1 er  janvier 2011. Seules les personnes dont les droits à l'AER ont été ouverts avant le 1 er  janvier 2011 continuent à la percevoir jusqu'à l'expiration de leurs droits.\nDe quoi s'agit-il ?\nL'allocation équivalent retraite (AER)  destinée aux demandeurs d'emploi  n'ayant pas atteint l'âge de la retraite n'est plus attribuée depuis le 1 er  janvier 2011.\nToutefois, les personnes dont les droits à l'AER ont été ouverts avant le 1 er  janvier 2011 continuent à la percevoir jusqu'à l'expiration de leurs droits.\nIl y a 2 types d'AER :\nAER de remplacement versée, en remplacement de l'allocation de solidarité spécifique (ASS) ou du  RSA , aux demandeurs d'emploi ayant épuisé leurs droits à l'allocation d'aide au retour à l'emploi (ARE)\nAER de complément versée aux demandeurs d'emploi en complément de l'ARE lorsque le montant de celle-ci est inférieur au montant de l'AER\nPersonnes concernées\nVous devez répondre aux 2 conditions suivantes :\nÊtre inscrit sur  la liste des demandeurs d'emploi \n\nJustifier du nombre de trimestres requis (161 trimestres) pour bénéficier d'une retraite à taux plein avant le 1 er  janvier 2011\nVous percevez l'AER jusqu'à l'expiration de vos droits.\nL'AER est accordée sous conditions de ressources.\nvous bénéficiez, à votre demande, de la dispense de recherche d'emploi par Pôle emploi.\nMontant\nAER de remplacement\n\n 36,50 €  par jour.\nLe montant mensuel est égal au montant journalier multiplié par le nombre de jours du mois considéré, soit  1 095,00 €  pour un mois de 30 jours.\nLe montant de l'allocation mensuelle dépend des ressources du demandeur et de la personne avec qui il vit en couple. Toutes les ressources soumises à impôt sur le revenu sont prises en compte.\n\t\t\nLe montant retenu est le 12 è  des ressources perçues pendant les 12 mois précédant celui de la demande.\nLes ressources suivantes sont exclues de calcul des ressources annuelles :\nAllocations chômage ou de solidarité (ASS, RSA )\nPrestations familiales\nAllocation logement\nRémunérations de stage et  revenus d'activité perçus au cours des 12 mois précédant la demande de l'AER\nLe montant mensuel de l'AER varie si la personne est seule ou en couple.\nPour une personne seule\nLe montant mensuel de l'AER pour une personne seule dépend de ses ressources mensuelles.\nRessources mensuelles\n\n Montant mensuel de l'AER \n\nInférieures ou égales à  657,00 € \n\n\n 1 095,00 € \n\nComprises entre  657,00 €  et  1 752,00 € \n\nDifférence entre  1 752,00 €  et le montant des ressources\nSupérieures à  1 752,00 € \n\nPas d'AER\nEn cas de reprise d'une activité professionnelle réduite ou occasionnelle, le montant mensuel de l'AER est réduit. Le nombre de jours non indemnisés est calculé de la manière suivante :\n0,60 x (rémunération brute /  36,50 € ).\nPour un couple\nLe montant mensuel de l'AER pour un couple seule dépend de ses ressources mensuelles.\nRessources\n\t\tmensuelles\nMontant mensuel de l'AER\nInférieures ou égales à  1 423,50 € \n\n\n 1 095,00 € \n\nComprises entre  1 423,50 €  et  2 518,50 € \n\nLe montant de l'AER varie en fonction des revenus de l'époux(se), concubin(e) ou partenaire de Pacs  (allocations chômage, rémunérations de stage).\n3 cas :\n- pas de revenu : AER = Différence entre  2 518,50 €  et le montant des ressources\n- revenu supérieur à  1 423,50 €  : AER = Différence entre  1 095,00 €  et le montant des  ressources (sauf revenu de l'époux(se), concubin(e), partenaire de Pacs)\n- revenu inférieur à  1 423,50 €  : AER = Différence entre  2 518,50 €  et  le montant des ressources (y compris le revenu de l'époux(se), concubin(e), partenaire de Pacs)\nSupérieures à  2 518,50 € \n\nPas d'AER\nEn cas de reprise d'une activité professionnelle réduite ou occasionnelle, le montant mensuel de l'AER est réduit. Le nombre de jours non indemnisés est calculé de la manière suivante :\n0,60 x (rémunération brute /  36,50 € ).\nAER de complément\nPour bénéficier de l'AER de complément, vous devez disposer de ressources inférieures à :\n\n 1 095,00 €  si vous vivez seul,\n\n 2 518,50 €  si vous êtes en couple dont moins de  1 095,00 €  à titre personnel.\nL'AER de complément  complète les ressources du demandeur à hauteur de  1 095,00 € .\nLes ressources de votre époux(se) ou partenaire de pacs ne sont pas pris en compte.\nExemple :  un couple dispose de  2 400 €  par mois dont  900,00 €  pour le demandeur de l'AER et  1 500 €  pour l'activité de son époux(se) ou partenaire de Pacs. Le montant de l'AER est de  157,2 €  (1 057,20 - 900).\nEn cas de reprise d'une activité professionnelle réduite ou occasionnelle, le montant mensuel de l'AER est réduit. Le nombre de jours non indemnisés est calculé de la manière suivante :\n0,60 x (rémunération brute /  36,50 € ).\nVersement de l'AER\nL'AER est attribuée par périodes de 12 mois renouvelables.\nElle est reconduite dans les mêmes conditions que lors de la 1 ère  attribution.\nElle est versée chaque mois par Pôle emploi à terme échu (par exemple début novembre pour l'allocation du mois d'octobre).\nLorsque le bénéficiaire de l'AER de complément arrive à échéance de ses droits aux allocations chômage, ses droits à l'AER sont calculés selon les règles relatives à l'AER de remplacement.\nRevenu de solidarité active",
    "link": "https://www.service-public.fr/particuliers/vosdroits/F13929",
    "arborescence": {
        "audience": "Particuliers",
        "theme": "Social - Santé",
        "dossier": "Chômage : aides à la reprise d'activité",
        "sous_dossier": "",
        "titre": "Peut-on encore demander l'allocation équivalent retraite (AER) ?"
    }
}