{
    "text": "Quelles sont les aides à la reprise d'emploi versées par Pôle emploi ? : \n\n\nIl existe plusieurs aides à la reprise d'emploi versées par Pôle emploi. Vous pouvez en bénéficier sous certaines conditions.\nIntitulé de l'aide\nDescription de l'aide\n\n Aide à la mobilité \n\nDans le cadre d'une recherche ou reprise d'emploi ou d'une entrée en formation (par exemple, action de formation conventionnée - AFC), Pôle emploi peut prendre partiellement en charge vos frais de déplacement, d'hébergement et de repas.\nVotre reprise d'emploi ou votre entrée en formation doit être située à plus de 60 km ou à 2 heures de trajet aller-retour de votre résidence principale.\n\n  Bons de transport et de réservation SNCF \n\nUn bon de transport ou de réservation SNCF peut vous être accordé lorsque vous vous rendez à un entretien d'embauche ou à un concours public situé à plus de 60 kilomètres aller-retour de votre lieu de résidence.\n\n Aide au permis de conduire B \n\nPôle emploi peut prendre en charge partiellement ou totalement  vos frais d'apprentissage du permis de conduire B.\nL'aide est attribuée dans la limite des enveloppes budgétaires disponibles qui varient en fonction des régions.\n\n Aide à la garde d'enfants pour parents isolés (Agepi) \n\nSi vous reprenez un emploi ou entrez en formation, vous pouvez bénéficier, sous certaines conditions, d'une aide à la garde d'enfants. Votre enfant doit avoir moins de 10 ans.\nla  prime forfaitaire mensuelle  d'activité est supprimée depuis le  1 er  septembre 2017. Toutefois, vous pouvez bénéficier de la  prime d'activité  sous certaines conditions.",
    "link": "https://www.service-public.fr/particuliers/vosdroits/F13942",
    "arborescence": {
        "audience": "Particuliers",
        "theme": "Social - Santé",
        "dossier": "Chômage : aides à la reprise d'activité",
        "sous_dossier": "",
        "titre": "Quelles sont les aides à la reprise d'emploi versées par Pôle emploi ?"
    }
}