{
    "text": "L'employeur peut-il mettre d'office un salarié à la retraite ? : \n\n\nUn  projet de loi instituant un système universel de retraite \n est examiné par le Parlement. Les règles relatives à la retraite seront  modifiées. Dans l'attente de la publication de la loi, les informations contenues dans cette page restent d'actualité.\nOui, l'employeur peut mettre d'office à la retraite un salarié qui a au moins 70 ans. En revanche, avant 70 ans, l'employeur peut proposer au salarié de partir à la retraite s'il a atteint l'âge d'ouverture automatique du droit à pension à taux plein. Mais le salarié n'est pas tenu d'accepter.\nAvant 70 ans\nL'employeur peut interroger le salarié par écrit sur son intention de quitter volontairement l'entreprise pour prendre sa retraite.\nCette demande est adressée au salarié 3 mois avant la date à laquelle il atteint l'âge d’ouverture automatique du droit à pension à taux plein.\nCet âge varie, en fonction de la date de naissance du salarié, dans les conditions suivantes :\nAnnée de naissance\nÂge de départ à la retraite\nà taux plein automatique\n1953\n66 ans et 2 mois\n1954\n66 ans et 7 mois\nÀ partir de 1955\n67 ans\nLe salarié répond dans le mois qui suit la date à laquelle l'employeur l'a interrogé.\n\n Accord \n\nSi le salarié donne son accord, sa mise à la retraite est possible.\nAucune procédure n'est imposée à l'employeur pour notifier la mise à la retraite, sauf si un accord collectif comporte des dispositions contraires.  Toutefois, si le salarié est  protégé , l'employeur doit au préalable obtenir l'autorisation de l'inspection du travail.\nLe départ du salarié est fixé en tenant compte d'un délai de préavis dont la durée est identique à celle prévue en cas de  licenciement .\n\n Refus \n\nEn cas de réponse négative du salarié, l'employeur ne peut pas le mettre à la retraite. Il  peut de nouveau interroger le salarié, selon la même procédure, chaque année, jusqu'à son 69 e  anniversaire inclus.\nsi le salarié est mis à la retraite alors que les conditions ne sont pas réunies,  la rupture du contrat de travail par l'employeur doit être considérée comme un  licenciement pour motif personnel .\nÀ partir de 70 ans\nL'employeur peut mettre le salarié d’office à la retraite. Son accord n'est pas nécessaire.\nAucune procédure n'est imposée à l'employeur pour notifier la mise à la retraite, sauf si un accord collectif comporte des dispositions contraires. Toutefois, si le salarié est  protégé , l'employeur doit au préalable obtenir l'autorisation de l'inspection du travail.\nLe départ du salarié est fixé en tenant compte d'un délai de préavis dont la durée est identique à celle prévue en cas de  licenciement .\nsi le salarié est mis à la retraite alors que les conditions ne sont pas réunies,  la rupture du contrat de travail par l'employeur doit être considérée comme un  licenciement pour motif personnel .\nSalarié investi d'un mandat syndical ou représentant du personnel bénéficiant  de mesures particulières en cas de licenciement. L’inspection du travail doit donner son accord en cas de licenciement d'un membre du comité économique et social (CSE), d'un délégué syndical, d'un délégué du personnel ou d'un conseiller prud'homal.",
    "link": "https://www.service-public.fr/particuliers/vosdroits/F13966",
    "arborescence": {
        "audience": "Particuliers",
        "theme": "Travail",
        "dossier": "Retraite d'un salarié du secteur privé",
        "sous_dossier": "",
        "titre": "L'employeur peut-il mettre d'office un salarié à la retraite ?"
    }
}