{
    "text": "Permis \"Extension grande plaisance eaux intérieures\" : \n\n\nUn permis  Extension grande plaisance eaux intérieures  doit être demandé pour les bateaux à moteur d'une longueur de 20 mètres et plus pour naviguer en eaux intérieures (lacs, rivières, canaux).\nCe permis est sanctionné par une formation. Pour passer ce permis il faut avoir le permis plaisance et être âgé d'au minimum 18 ans.\nDe quoi s'agit-il ?\nLe permis   Extension grande plaisance eaux intérieures  est délivré à la suite d'une formation pratique. Il n'y a pas d'examen pour ce permis mais une évaluation durant les jours de formation.\nIl permet de naviguer en eaux intérieures c'est-à-dire sur les lacs, rivières et canaux.\nCe permis concerne les  bateaux de plaisance  à moteur d'une longueur de 20 mètres et plus.\nConditions d'inscription\nIl faut avoir le  permis bateau de plaisance option eaux intérieures  et avoir 18 ans minimum pour s'inscrire à la formation.\nInscription à la formation\nCas général\nL'inscription se fait par le biais d'un formulaire.\nCe formulaire doit être accompagné des pièces suivantes :\nOriginal du permis plaisance\nPhoto d'identité en couleurs\n\n Timbre fiscal  de  38 €  de droit d'inscription.\nLe dossier d'inscription (formulaire et pièces à joindre) doit être déposé :\nsoit directement auprès de la délégation à la mer et au littoral,\nsoit auprès de l'établissement de formation choisi (qui transmettra à la délégation à la mer et au littoral).\nGuyane\nL'inscription se fait par le biais d'un formulaire.\nCe formulaire doit être accompagné des pièces suivantes :\nOriginal du permis plaisance\nPhoto d'identité en couleurs\n\n Timbre fiscal  de  19 €  de droit d'inscription.\nLe dossier d'inscription (formulaire et pièces à joindre) doit être déposé :\nsoit directement auprès des services instructeurs compétents pour le permis plaisance,\nsoit auprès de l'établissement de formation choisi (qui transmettra au service instructeur compétent).\nDéroulement de la formation\nLa formation dure au minimum 9 heures.\nPendant la durée de la formation  en bateau, le candidat doit porter un gilet de sauvetage ou une brassière.\nLa formation peut se dérouler sur des bateaux de propriété privée.\nLes objectifs de la formation sont notamment les suivants :\nAssurer la sécurité individuelle et collective et connaître les principaux risques de la navigation fluviale\nMaîtriser la mise en route du moteur, l'entretien courant du bateau et diagnostiquer les pannes courantes\nMaîtriser le déplacement du bateau et sa route, réaliser en autonomie un parcours choisi par le formateur et faire un demi-tour\nQuitter un quai et accoster en fonction des éléments naturels, franchir une écluse.\nUne fois l'ensemble des compétences validé, l'établissement de formation délivre au candidat une attestation de réussite à la formation.\nEn cas de litige\nEn cas de litige avec l'établissement de formation, il convient de s'adresser directement au service instructeur qui gère ce type de permis. \nEn métropole\nEn outre-mer\nBateau destiné uniquement au loisir ou au sport",
    "link": "https://www.service-public.fr/particuliers/vosdroits/F14023",
    "arborescence": {
        "audience": "Particuliers",
        "theme": "Loisirs",
        "dossier": "Permis bateau et navigation de plaisance",
        "sous_dossier": "Naviguer en eaux intérieures",
        "titre": "Permis \"Extension grande plaisance eaux intérieures\""
    }
}