{
    "text": "Légalisation de documents d'origine étrangère (authentification) : \n\n\nLa légalisation d'un document établi à l'étranger permet d'attester son authenticité en vue d'une démarche en France. \n\t\t\n\t\t\tIl s'agit d'une procédure de validation de la forme du document, et non de son contenu. Un document français destiné à une administration française ne doit pas être légalisé. Par ailleurs, certains documents étrangers, notamment ceux délivrés par un  État de l'Union européenne , n'ont pas besoin d'être légalisés.\nDocuments concernés\nUn document français destiné à une administration française ne doit pas être légalisé.\nSeul un document étranger destiné à une administration française doit l'être.\nActes publics\nLes actes publics étrangers destinés à être produits en France doivent être légalisés, notamment les actes suivants :\n\n Expédition  des décisions de justice\nActe émanant d'une juridictions judiciaire ou administrative\nActe établi par un greffier ou par un huissier de justice\nActe notarié\nExpédition d'un acte d'état civil\nActe établi par une administration\nDéclaration officielle (mention d'enregistrement, visas pour date certaine, certification de signature...)\nActe établi par un agent diplomatique et consulaire\nActes privés\nCertains actes établis  sous seing privé  établis à l'étranger doivent parfois faire l'objet d'une légalisation avant d'être produits en France.\nIl s'agit par exemple des documents suivants :\nAttestation sur l'honneur\nReconnaissance de dette\nLettre de recommandation\nCertificat d'hébergement\nExceptions\nCertains documents étrangers n'ont pas besoin d'être légalisés en raison d'accords internationaux.\nIl s'agit en particulier de certains  documents publics \n\n délivrés par un  État de l'Union européenne . Par exemple, un acte de naissance.\nPour savoir si un document doit être légalisé, consultez le  tableau récapitulatif de l'état actuel du droit conventionnel en matière de légalisation \n\n.\nVous pouvez aussi vous renseigner auprès de l'ambassade du pays d'origine du document.\nTraduction préalable du document\nPour être légalisé, un document  doit être rédigé en français.\nSinon, il doit être accompagné d'une traduction en français effectuée par un  traducteur habilité .\nCette traduction doit être faite avant d'entamer les démarches de légalisation.\nDémarche\nLa procédure de légalisation permet d'attester :\nla véracité d'une signature sur un acte,\nla fonction et l'autorité du  signataire de l'acte,\nle sceau ou le timbre apposé sur l'acte.\nLa légalisation d'un acte se matérialise par l'apposition d'un cachet officiel.\nla légalisation d'un acte  sous seing privé  ne peut se faire qu'en présence de son signataire.\nCas général\nL'ambassade ou le consulat français établi dans le pays émetteur de l'acte est compétent pour légaliser un acte d'origine étrangère.\nPar exemple, l'ambassade de France à Rabat est compétente pour la légaliser un acte marocain.\nActe d'une ambassade étrangère en France\nLe ministre français des affaires étrangères est habilité à légaliser un acte public d'une ambassade ou d'un consulat étranger établi en France.\nCet acte doit être destiné à être présenté à un autre agent diplomatique et consulaire étranger établi en France.\nDélai\nLe délai pour faire légaliser un document est variable.\nIl dépend en partie du temps de traitement nécessaire aux autorités du pays émetteur de l'acte pour « pré-légaliser » le document.\nEn effet, selon la coutume internationale en vigueur, la légalisation d'un acte étranger destiné à être produit en France repose sur le principe de la « double légalisation » :\nLégalisation par l'autorité compétente du pays émetteur (en général le ministère des affaires étrangères)\n\n Surlégalisation  par une autorité consulaire française sur place\nLa plupart des pays soumis à la légalisation suivent ce principe de \"double-légalisation\".\nAllemagne, Autriche, Belgique, Bulgarie, Chypre, Croatie, Danemark, Espagne, Estonie, Finlande, France, Grèce, Hongrie, Irlande, Italie, Lituanie, Lettonie, Luxembourg, Malte, Pays-Bas, Pologne, Portugal, République tchèque, Roumanie,  Slovaquie, Slovénie, Suède. Attention : le Royaume-uni a quitté  l'Union européenne, mais le droit européen concernant les citoyens  s'applique jusqu'au 31 décembre 2020.\nCopie, duplicata. Par exemple, expédition d'un arrêté ou d'un contrat notarié.\nActe rédigé et signé par des particuliers, sans la présence d'un notaire (par exemple, un contrat)",
    "link": "https://www.service-public.fr/particuliers/vosdroits/F1402",
    "arborescence": {
        "audience": "Particuliers",
        "theme": "Papiers - Citoyenneté",
        "dossier": "Certificat, copie, légalisation et conservation de documents",
        "sous_dossier": "",
        "titre": "Légalisation de documents d'origine étrangère (authentification)"
    }
}