{
    "text": "Un salarié peut-il réclamer une formation à son employeur ? : \n\n\nOui, mais selon les cas, l'accord de l'employeur est indispensable.\nCatégorie\nAccord ou non de l'employeur\n\n Plan de développement des compétences \n\nL'employeur est libre d'accepter ou non la demande de formation prévue par le plan, mais en pratique celle-ci est rarement refusée.\n\n Reconversion ou promotion par alternance (Pro-A) \n\nL'employeur peut refuser le bénéfice d'une Pro-A si le pourcentage de salariés absents en même temps est dépassé.\n\n Compte personnel de formation (CPF) \n\nLe salarié doit obtenir l'accord de son employeur :\n- sur le contenu de la formation,\n- et sur la période demandée.\nHors temps de travail, le salarié n'a pas à demander l'accord de son employeur.\n\n Projet de transition professionnelle (PTP) - CPF de transition \n\nL'employeur est tenu d'accepter la demande de formation si le salarié justifie d'une ancienneté suffisante.\n\n Congé de formation des conseillers prud'homaux \n\nL'employeur est tenu d'accepter la demande de formation.\n\n Congé de formation des représentants du personnel \n\nL'employeur peut refuser la demande de formation pour raisons :\n- de nécessité de service,\n- ou d'effectifs (le nombre de congés formation déjà accordés dans l'année a été atteint).\n\n Congé de formation d'un animateur ou cadre de jeunesse \n\n\n Congé de formation économique, sociale et syndicale \n\nle salarié doit toujours respecter certaines formalités et délais pour effectuer sa demande.",
    "link": "https://www.service-public.fr/particuliers/vosdroits/F14039",
    "arborescence": {
        "audience": "Particuliers",
        "theme": "Travail",
        "dossier": "Formation des salariés du secteur privé",
        "sous_dossier": "",
        "titre": "Un salarié peut-il réclamer une formation à son employeur ?"
    }
}