{
    "text": "Voyage aux USA : quelles sont les formalités (passeport, esta, visa...) ? : \n\n\nLes formalités pour se rendre aux États-Unis dépendent du type de passeport que vous possédez.\nPasseport classique\nSi vous avez un passeport français valide, vous n'avez pas besoin de visa sauf si vous avez voyagé dans  certains pays  après février  2011 ou si vous avez la double nationalité avec   l'un de ces  pays .\nEn revanche,  vous devez solliciter une autorisation électronique de voyage (Esta) avant le départ.\nEn général, la décision est prise dans les 72 heures qui suivent votre demande.\nSe munir de son passeport et  d'une carte bancaire.\nLa délivrance de cette autorisation coûte  14 $ .\nL'autorisation de voyage est  valable 2 ans  et permet de  se rendre aux États-Unis à plusieurs reprises  sans avoir à solliciter une nouvelle autorisation. Si votre  passeport expire avant ce délai, l'autorisation n'est valable que jusqu'à sa  date d'expiration.\nsi vous arrivez aux États-Unis par la route ou par le train (via le Canada ou le Mexique), l'Esta n'est pas exigée. Vous devrez remplir un formulaire I-94 à l'arrivée et payer un droit de  6 $ .\nPasseport en urgence\nVous avez besoin d'un  visa quel que soit le type de  voyage (touristique, professionnel ou  simple transit sur le sol américain)\nPour l'obtenir, vous  faire la demande auprès de l'ambassade des États-Unis \n\n.\nIran, Irak,  Libye, Somalie, Soudan, Syrie ou Yémen",
    "link": "https://www.service-public.fr/particuliers/vosdroits/F14079",
    "arborescence": {
        "audience": "Particuliers",
        "theme": "Papiers - Citoyenneté",
        "dossier": "Passeport",
        "sous_dossier": "",
        "titre": "Voyage aux USA : quelles sont les formalités (passeport, esta, visa...) ?"
    }
}