{
    "text": "À partir de quel âge peut-on partir en retraite dans le secteur privé ? : \n\n\nUn  projet de loi instituant un système universel de retraite \n est examiné par le Parlement. Les règles relatives à la retraite seront  modifiées. Dans l'attente de la publication de la loi, les informations contenues dans cette page restent d'actualité.\nL'âge légal à partir duquel vous avez le droit de prendre votre retraite est fixé à  62 ans .\nVous pouvez partir à la retraite avant cet âge, sous conditions :\nsi vous avez effectué une  carrière longue ,\nou si vous êtes  handicapé(e) ,\nou en raison de la  pénibilité de votre carrière .\nÀ partir de 62 ans,  vous pouvez demander à partir à la retraite quand vous le souhaitez. La date de votre départ doit être fixée au 1 er  jour du mois que vous choisissez.\nSi vous souhaitez prendre votre retraite  dès que vous avez atteint 62 ans, vous pouvez partir :\nsoit le 1 er  jour du mois qui suit le mois au cours duquel vous avez 62 ans,\nsoit dès le jour de votre anniversaire si vous êtes né le 1 er  jour d'un mois.\nPar exemple, un salarié né le 10 octobre 1958 atteindra 62 ans le 10 octobre 2020. Il peut demander sa retraite, s'il le souhaite, à partir du 1 er  novembre 2020. S'il est né le 1er octobre 1958, il peut partir dès le 1er octobre 2020.\nPour vous informer sur votre situation, poser une question sur votre dossier, accéder à des informations personnelles (suivi du dossier, derniers paiements, etc.).\nPar téléphone\n\n\t\t\t 39 60 \n       (ou \n\t\t\t09 71 10 39 60 depuis un mobile, une box ou l'étranger)\nCoût :  0,06 €  par minute + prix d'un appel\nPour connaître le tarif, écoutez le message en début d'appel\nDu lundi au vendredi de 8h à 17h\nAfin d'éviter les périodes de forte affluence, il est conseillé d'appeler du mercredi au vendredi de 8h à 9h30 et de 11h30 à 14h30.",
    "link": "https://www.service-public.fr/particuliers/vosdroits/F14043",
    "arborescence": {
        "audience": "Particuliers",
        "theme": "Travail",
        "dossier": "Retraite d'un salarié du secteur privé",
        "sous_dossier": "",
        "titre": "À partir de quel âge peut-on partir en retraite dans le secteur privé ?"
    }
}