{
    "text": "Copie certifiée conforme d'un document administratif : \n\n\nLa copie d'un document français destinée à une administration française n'a pas besoin d'être certifiée conforme. La copie certifiée conforme peut être exigée uniquement pour un document français destiné à une administration étrangère.\nIl n'est plus obligatoire de fournir une copie certifiée conforme d'un document venant d'une administration française pour remplir une démarche auprès d'une autre administration française.\nLes services de l'État (préfecture, université), locaux (mairie...) ou tout organisme public (comme Pôle emploi) sont concernés.\nPar exemple, vous n'avez pas besoin de faire certifier la copie de votre bac pour vous inscrire à l'université.\nUne simple photocopie lisible du document original doit être acceptée.\nEn cas de doute sur la validité de la copie, l'administration concernée peut vous demander la production de l'original.\nCette demande doit être justifiée et être faite par lettre recommandée avec demande d'avis de réception.\nune autre procédure s'applique en cas de  légalisation d'un document étranger destiné à une administration française  ou de  légalisation d'un document français destiné à une autorité étrangère .\nUne administration étrangère peut  exiger la certification conforme de copies de documents administratifs français.\nPar exemple, une université étrangère peut vous demander la copie certifiée conforme d'un diplôme français.\nVous devez vous adresser à l'administration française pour faire certifier le document en question.\nl'administration n'est pas tenue de certifier conforme un document administratif rédigé dans une langue étrangère. Par exemple, un diplôme français rédigé en anglais.\nCas général\nVous pouvez vous adresser à  une mairie, une  préfecture ou un notaire.\nVous devez préciser que la copie certifiée conforme est destinée à être produite à l'étranger.\nÀ l'étranger\nVous pouvez vous adresser à l'ambassade de France ou au consulat. Des frais peuvent être exigés.",
    "link": "https://www.service-public.fr/particuliers/vosdroits/F1412",
    "arborescence": {
        "audience": "Particuliers",
        "theme": "Papiers - Citoyenneté",
        "dossier": "Certificat, copie, légalisation et conservation de documents",
        "sous_dossier": "",
        "titre": "Copie certifiée conforme d'un document administratif"
    }
}