{
    "text": "Quel est le barème de l'impôt sur le revenu ? : \n\n\nLe barème sert au calcul de l'impôt.\nIl comporte plusieurs tranches selon le quotient familial.\nBarème applicable aux revenus de 2020\nTranches\nTaux d'imposition à appliquer sur la tranche correspondante\n(ou  tranche marginale d'imposition)\nJusqu'à  10 064 € \n\n\n 0 % \n\nDe  10 065 €  à   25 659 € \n\n\n 11 % \n\nDe   25 660 €   à    73 369 € \n\n\n 30 % \n\nDe    73 370 €  à  157 806 € \n\n\n 41 % \n\nPlus de  157 807 € \n\n\n 45 % \n\n\n Exemple d'un célibataire  :\nUn célibataire (foyer d'une seule part) dont le revenu net imposable est de  30 000 € , sans aucune réduction ni déduction.\nSon  quotient familial est de  30 000 € .\nPour le calcul de son impôt :\nJusqu'à  10 064 €  :  0 € \n\nDe  10 065 €  à    25 659 €    : (  25 659 €    -  10 065 € ) ×  11 %  =  15 594 € ×  11 %  =  1 715,34 € \n\nDe  25 660 €    à  30 000 €  : (  30 000 €  -    25 660 €   ) x  30 %  =  4 340 €  ×  30 %  =  1 302 € \n\nLe taux marginal d'imposition (TMI) de ce célibataire est de   30 % , car son quotient familial le situe dans cette tranche. Mais tous ses revenus ne sont pas imposés à   30 % .\nSon impôt brut est de :  0 €  +  1 715,34 €  +  1 302 €  =  3 017,34 € .\nCet impôt doit être ensuite multiplié par le nombre de parts du foyer fiscal. Dans cet exemple, il sera multiplié par 1 puisqu'il s'agit d'un célibataire.\nSon impôt brut sera donc de   3 017,34 € .\n\n Exemple d'un couple  :\nUn couple marié sans enfants (foyer de 2 parts) ayant perçu un revenu net imposable de  60 000 € .\nSon quotient familial est de  60 000 € /  2  =  30 000 € .\nPour le calcul de son impôt :\nJusqu'à  10 064 €  :  0 € \n\nDe  10 065 €  à     25 659 €    : (  25 659 €    -  10 065 € ) ×  11 %  =  15 594 € ×  11 %  =  1 715,34 € \n\nDe  25 660 €    à  30 000 €  : (  30 000 €  -    25 660 €   ) x  30 %  =  4 340 €  ×  30 %  =  1 302 € \n\nL'impôt brut de chaque membre du couple est de :  0 €  +  1 715,34 €  +  1 302 €  =  3 017,34 € .\nCet impôt doit être ensuite multiplié par le nombre de parts du foyer fiscal. Dans cet exemple, il sera multiplié par 2 puisqu'il s'agit d'un couple.\nLe couple devra donc un impôt de  3 017,34 €  *  2 , soit  6 034,68 € .\nLe taux marginal d'imposition (TMI) de ce couple est de   30 % , car son quotient familial le situe dans cette tranche. Mais tous ses revenus ne sont pas imposés à   30 % .\nBarème applicable aux revenus de 2019\nTranches\nTaux d'imposition à appliquer sur la tranche correspondante\n(ou  tranche marginale d'imposition)\nJusqu'à  10 064 € \n\n\n 0 % \n\nDe  10 065 €  à   27 794 € \n\n\n 14 % \n\nDe  27 795 €  à  74 517 € \n\n\n 30 % \n\nDe  74 518 €  à  157 806 € \n\n\n 41 % \n\nPlus de  157 807 € \n\n\n 45 % \n\n\n Exemple d'un célibataire  :\nUn célibataire (foyer d'une seule part) dont le revenu net imposable est de  30 000 € , sans aucune réduction ni déduction.\nSon  quotient familial est de  30 000 € .\nPour le calcul de son impôt :\nJusqu'à  10 064 €  :  0 € \n\nDe  10 065 €  à  27 794 €  : (  27 794 €  -  10 065 € ) x  14 %  =  17 729 €  x  14 %  =  2 482,06 € \n\nDe  27 795 €  à  30 000 €  : (  30 000 €  -   27 795 € ) x  30 %  =  2 205 €  x  30 %  =  661.50 € \n\nLe taux marginal d'imposition (TMI) de ce célibataire est de   30 % , car son quotient familial le situe dans cette tranche. Mais tous ses revenus ne sont pas imposés à   30 % .\nSon impôt brut est de :  0 €  +  2 482,06 €  +  661.50 €  =  3 143,56 € .\nCet impôt doit être ensuite multiplié par le nombre de parts du foyer fiscal. Dans cet exemple, il sera multiplié par 1 puisqu'il s'agit d'un célibataire.\nSon impôt brut sera donc de   3 143,56 € .\n\n Exemple d'un couple  :\nUn couple marié sans enfants (foyer de 2 parts) ayant perçu un revenu net imposable de  60 000 € .\nSon quotient familial est de  60 000 € /  2  =  30 000 € .\nPour le calcul de son impôt :\nJusqu'à  10 064 €  :  0 € \n\nDe  10 065 €  à  27 794 €  : (  27 794 €  -  10 065 € ) x  14 %  =  17 729 €  x  14 %  =  2 482,06 € \n\nDe  27 795 €  à  30 000 €  : (  30 000 €  -   27 794 € ) x  30 %  =  2 205 €  x  30 %  =  661.50 € \n\nL'impôt brut de chaque membre du couple est de :  0 €  +  2 482,06 €  +  661.50 €  =  3 143,56 € .\nCet impôt doit être ensuite multiplié par le nombre de parts du foyer fiscal. Dans cet exemple, il sera multiplié par 2 puisqu'il s'agit d'un couple.\nLe couple devra donc un impôt de  3 143,56 € *  2 , soit  6 287,12 € .\nLe taux marginal d'imposition (TMI) de ce couple est de   30 % , car son quotient familial le situe dans cette tranche. Mais tous ses revenus ne sont pas imposés à   30 % .\nle barème n'est qu'un élément du calcul. Consultez cette page pour  déterminer votre quotient familial et calculer votre impôt .\nVous êtes un particulier\nPar téléphone :\n\n 0809 401 401 \n\nDu lundi au vendredi de 8h30 à 19h, hors jours fériés.\nService gratuit + prix appel\nVous êtes un professionnel\nPar téléphone :\n\n 0 806 000 225 \n\nDu lundi au vendredi de 8h30 à 19h, hors jours fériés.\nService gratuit + prix appel",
    "link": "https://www.service-public.fr/particuliers/vosdroits/F1419",
    "arborescence": {
        "audience": "Particuliers",
        "theme": "Argent",
        "dossier": "Impôt sur le revenu : déclaration et revenus à déclarer",
        "sous_dossier": "",
        "titre": "Quel est le barème de l'impôt sur le revenu ?"
    }
}