{
    "text": "Travail en prison : \n\n\nLes personnes détenues peuvent travailler en prison, si elles le souhaitent. L'administration pénitentiaire n'a pas l'obligation de leur procurer du travail, mais elle doit s’efforcer de le faire. Le travail doit se dérouler dans les locaux de la prison. Les règles du code du travail ne s'appliquent pas à cette situation.\nAttribution d'un emploi\nLa direction de la prison doit s'efforcer de trouver un travail pour chaque personne détenue, mais ce n'est pas une obligation pour l'établissement.\nLa personne détenue n'a pas non plus l'obligation de travailler en prison et, si elle le fait, cela doit être sur la base du volontariat.\nLe poste de travail est choisi en tenant compte des éléments suivants :\nCapacités physiques et intellectuelles du détenu\nPerspectives de réinsertion (par exemple, si la personne  détenue souhaite acquérir une expérience en vue de sa libération)\nSituation familiale (si la personne détenue doit subvenir aux besoins de sa famille)\nSommes éventuelles qu'elle doit verser aux parties civiles (si la personne détenue a été condamnée à  indemniser ses victimes)\nLe travail se déroule dans les locaux de la prison.\nune personne détenue en semi-liberté (c'est-à-dire libre pendant la journée selon les horaires définis par le magistrat, et incarcérée la nuit) ou placée à l'extérieur peut travailler en dehors de la prison. Dans ce cas, c'est le code du travail qui s'applique, comme pour n'importe quel salarié.\nDroits de la personne détenue\nLe code du travail et le   Smic  habituel ne s'appliquent pas aux personnes détenues travaillant en prison. La personne  détenue ne signe pas de contrat de travail, mais un acte d'engagement.\nLa rémunération  ne peut pas être inférieure à  1,60 €  par heure.\nLe montant de la rémunération est porté à la connaissance des personnes détenues avant le début de l'activité. La rémunération est soumise à des cotisations sociales.\nLa personne détenue reçoit sa rémunération nette sur son compte bancaire nominatif. Elle  peut en disposer immédiatement, mais une partie  est cependant retenue pour constituer un  pécule de libération . Il peut arriver aussi qu'une  partie de la rémunération soit retenue  pour indemniser les victimes.\nLa durée du travail pénitentiaire ne peut pas dépasser les  horaires pratiqués en dehors de la prison  dans le secteur d'activité concerné.\nOrganisation du travail\nIl y a plusieurs cas de figure possibles.\nRégime de la concession\nLa personne  détenue qui travaille en prison peut exercer son activité pour le compte d'une entreprise privée. On parle du régime de la  concession  : l'administration pénitentiaire conclut un contrat avec une entreprise qui installe ses ateliers dans les locaux de la prison. C'est l'entreprise qui organise alors le travail.\nRégie industrielle des établissements pénitentiaires (Riep)\nLa personne détenue peut travailler pour la régie industrielle des établissements pénitentiaires (Riep). Le travail s'effectue alors sous le contrôle direct de l'administration pénitentiaire, dans des ateliers gérés par le service de l'emploi pénitentiaire (SEP). Le détenu produit des biens et des services qui sont vendus à l'extérieur.\nService général de la prison\nLa personne détenue peut travailler pour le service général de la prison. Ce régime consiste à confier au détenu des travaux d'entretien des locaux et des tâches nécessaires au fonctionnement de l'établissement. Par exemple, faire des travaux d'entretien des locaux ou laver le linge.\nEn cas de litige\nLa personne  détenue peut saisir :\nl'administration pénitentiaire (direction de l'établissement, direction interrégionale des services pénitentiaires ou direction de l'administration pénitentiaire),\nle   Contrôleur général des lieux de privation de liberté  pour toute  question relative à des faits mettant en cause l'état, l'organisation ou le fonctionnement de l'établissement pénitentiaire, la prise en charge ou le transfèrement d'une personne détenue ou la violation d'un de ses droits fondamentaux ;\nle  Défenseur des droits  pour toute question relative au respect de la déontologie de la sécurité (comportement des surveillants),\nle  tribunal administratif  pour contester les décisions prises à son égard par l'administration pénitentiaire.\nPartie de la rémunération du travail effectué par un détenu, qui lui est remise à sa libération\nSalaire minimum interprofessionnel de croissance",
    "link": "https://www.service-public.fr/particuliers/vosdroits/F14153",
    "arborescence": {
        "audience": "Particuliers",
        "theme": "Justice",
        "dossier": "Prison",
        "sous_dossier": "",
        "titre": "Travail en prison"
    }
}