{
    "text": "Quels abattements et tarifs s'appliquent aux bénéficiaires d'une donation ? : \n\n\nQuand une personne fait  une donation à un proche, l'administration fiscale perçoit un impôt appelé   droits de donation .\nVous pouvez bénéficier, selon les cas,  d'un  abattement .\nCertaines donations sont cependant exonérées de ces  droits de donation , notamment :\n\n Dons familiaux de sommes d'argent \n\nDonations que le donateur vous a consenties depuis plus de 15 ans (délai applicable aux successions ouvertes depuis le 17 août 2012).\nLes  droits de donation  s'appliquent sur la partie de la  donation qui reste après l'abattement.\nLes tarifs des droits de donation dépendent du lien de parenté entre le bénéficiaire de la donation et le  donateur .\nÉpoux ou partenaire de Pacs\n\n Abattement  :\n\n 80 724 € \n\n\n Barème  :\nPart taxable après abattement\nBarème d'imposition\nMoins de  8 072 € \n\n\n 5 % \n\nEntre  8 072 €  et  15 932 € \n\n\n 10 % \n\nEntre  15 932 €  et  31 865 € \n\n\n 15 % \n\nEntre  31 865 €  et  552 324 € \n\n\n 20 % \n\nEntre  552 324 €  et  902 838 € \n\n\n 30 % \n\nEntre  902 838 €  et  1 805 677 € \n\n\n 40 % \n\nSupérieure à  1 805 677 € \n\n\n 45 % \n\nEnfant\n\n Abattement  :\n\n 100 000 € \n\n\n Barème  :\nPart taxable après abattement\nBarème d'imposition\nMoins de  8 072 € \n\n5%\nEntre  8 072 €  et  12 109 € \n\n10%\nEntre  12 109 €  et  15 932 € \n\n15%\nEntre  15 932 €  et  552 324 € \n\n20%\nEntre  552 324 €  et  902 838 € \n\n30%\nEntre  902 838 €  et  1 805 677 € \n\n40%\nSupérieure à  1 805 677 € \n\n45%\nL'abattement ne s'applique pas à l'enfant adopté par adoption simple, sauf s'il s'agit de l'enfant issu du 1 er  mariage de l'époux ou épouse.\nPetit-enfant\n\n Abattement  :\n\n 31 865 € \n\ncertains  dons familiaux  sont exonérés de  droits de mutation dans la limite de  31 865 € .\n\n Barème  :\nPart taxable après abattement\nBarème d'imposition\nMoins de  8 072 € \n\n5%\nEntre  8 072 €  et  12 109 € \n\n10%\nEntre  12 109 €  et  15 932 € \n\n15%\nEntre  15 932 €  et  552 324 € \n\n20%\nEntre  552 324 €  et  902 838 € \n\n30%\nEntre  902 838 €  et  1 805 677 € \n\n40%\nSupérieure à  1 805 677 € \n\n45%\nArrière-petit-enfant\n\n Abattement  :\n\n 5 310 € \n\n\n Barème  :\nPart taxable après abattement\nBarème d'imposition\nMoins de  8 072 € \n\n5%\nEntre  8 072 €  et  12 109 € \n\n10%\nEntre  12 109 €  et  15 932 € \n\n15%\nEntre  15 932 €  et  552 324 € \n\n20%\nEntre  552 324 €  et  902 838 € \n\n30%\nEntre  902 838 €  et  1 805 677 € \n\n40%\nSupérieure à  1 805 677 € \n\n45%\nFrère ou sœur\n\n Abattement  :\n\n 15 932 € \n\n\n Barème  :\nPart taxable après abattement\nBarème d'imposition\nInférieure à  24 430 € \n\n\n 35 % \n\nSupérieure à  24 430 € \n\n\n 45 % \n\nNeveu ou nièce\n\n Abattement  :\n\n 7 967 € \n\n\n Barème  :\n\n 55 % \n\nAutre situation\n\n Abattement  :\nAucun\n\n Barème  :\nSituation où les montants sont taxables après abattement\nBarème d'imposition\nDonation entre parents jusqu'au 4 e  degré inclus\n\n 55 % \n\nDonation entre parents au-delà du  4 e  degré ou entre personnes non parentes\n\n 60 % \n\nune personne handicapée a droit à un abattement spécifique de  159 325 €  qui se cumule avec les autres.\nRéduction forfaitaire ou proportionnelle appliquée sur la base de calcul d'un impôt (revenus, valeur d'un bien, etc.)\nPersonne qui fait une donation, c'est-à-dire qui transmet gratuitement de son vivant  la propriété d'un bien à une autre personne",
    "link": "https://www.service-public.fr/particuliers/vosdroits/F14203",
    "arborescence": {
        "audience": "Particuliers",
        "theme": "Argent",
        "dossier": "Droits de succession et de donation",
        "sous_dossier": "",
        "titre": "Quels abattements et tarifs s'appliquent aux bénéficiaires d'une donation ?"
    }
}