{
    "text": "Allocation personnalisée d'autonomie (Apa) : \n Vous pouvez, sous conditions d'âge et de perte d'autonomie,  bénéficier de l'allocation personnalisée d'autonomie (Apa). Cette allocation peut servir à payer (en totalité ou en partie) les dépenses nécessaires pour vous permettre de rester à votre domicile (Apa à domicile), ou à payer une partie du tarif dépendance de l'établissement médico-social (notamment un Ehpad) dans lequel vous êtes hébergé (Apa en établissement). \n \n\n\nApa en établissement: \n\nProcédure d'instruction: \n\n\nInstruction de la demande\nL'instruction de la demande d'allocation consiste à évaluer votre degré de perte d'autonomie. Cette évaluation  est réalisée par l'établissement d'accueil.\nDécision d'attribution\nSi, à la fin de l'instruction, vous êtes classé  dans l'un des groupes 1 à 4 de la  grille Aggir \n , vous pouvez bénéficier de l'Apa en établissement.\nLa décision est prise par les services du département. Elle doit intervenir dans les 2 mois suivant la date de réception du dossier complet de demande.\nLes droits à l'Apa sont ouverts à la date du dépôt d'un dossier de demande complet.",
    "text_reader": "\n Vous pouvez, sous conditions d'âge et de perte d'autonomie,  bénéficier de l'allocation personnalisée d'autonomie (Apa). Cette allocation peut servir à payer (en totalité ou en partie) les dépenses nécessaires pour vous permettre de rester à votre domicile (Apa à domicile), ou à payer une partie du tarif dépendance de l'établissement médico-social (notamment un Ehpad) dans lequel vous êtes hébergé (Apa en établissement). \n \n\n\n\n\n\n\nProcédure d'instruction\nInstruction de la demande\nL'instruction de la demande d'allocation consiste à évaluer votre degré de perte d'autonomie. Cette évaluation  est réalisée par l'établissement d'accueil.\nDécision d'attribution\nSi, à la fin de l'instruction, vous êtes classé  dans l'un des groupes 1 à 4 de la  grille Aggir \n , vous pouvez bénéficier de l'Apa en établissement.\nLa décision est prise par les services du département. Elle doit intervenir dans les 2 mois suivant la date de réception du dossier complet de demande.\nLes droits à l'Apa sont ouverts à la date du dépôt d'un dossier de demande complet.",
    "link": "https://www.service-public.fr/particuliers/vosdroits/F10009",
    "name": "F10009--apa-en-eta-sement-20--procedure--uction-23.json",
    "arborescence": {
        "audience": "Particuliers",
        "theme": "Social - Santé",
        "dossier": "Allocations et aides aux personnes âgées",
        "sous_dossier": "",
        "titre": "Allocation personnalisée d'autonomie (Apa)"
    }
}