{
    "text": "Que faire si la pension alimentaire est impayée et le débiteur à l'étranger ? : \n\n\n\nPar courrier:  \t\t\tMinistère des affaires étrangères  \t\t\tDirection des Français à l'étranger et de l'administration consulaire \t\t  \t\t\tService des conventions, des affaires civiles et de l’entraide judiciaire \t\t Mission de la protection des droits des personnes Bureau du recouvrement des créances alimentaires (RCA)  \t\t\t27, rue de la Convention CS 91533  \t\t\t75732 Paris Cedex 15 \t\t\n\n",
    "text_reader": "\n\n\n\n \t\t\tMinistère des affaires étrangères  \t\t\tDirection des Français à l'étranger et de l'administration consulaire \t\t  \t\t\tService des conventions, des affaires civiles et de l’entraide judiciaire \t\t Mission de la protection des droits des personnes Bureau du recouvrement des créances alimentaires (RCA)  \t\t\t27, rue de la Convention CS 91533  \t\t\t75732 Paris Cedex 15 \t\t\n\n",
    "link": "https://www.service-public.fr/particuliers/vosdroits/F1004",
    "name": "F1004--par-courri-urrier-12.json",
    "arborescence": {
        "audience": "Particuliers",
        "theme": "Justice",
        "dossier": "Saisies et recouvrements",
        "sous_dossier": "",
        "titre": "Que faire si la pension alimentaire est impayée et le débiteur à l'étranger ?"
    }
}