{
    "text": "Disparition d'un enfant mineur : \n Si vous constatez la disparition de votre enfant mineur (fugue...), vous devez tout d'abord le rechercher auprès de vos proches avant d'alerter les services compétents. Il existe des dispositifs d'aide à la recherche d'enfants disparus. \n \n\n\n\n\nPar messagerie:  \t\t\t       Accès au  formulaire de contact  \n\n",
    "text_reader": "\n Si vous constatez la disparition de votre enfant mineur (fugue...), vous devez tout d'abord le rechercher auprès de vos proches avant d'alerter les services compétents. Il existe des dispositifs d'aide à la recherche d'enfants disparus. \n \n\n\n\n\n \t\t\t       Accès au  formulaire de contact  \n\n",
    "link": "https://www.service-public.fr/particuliers/vosdroits/F10385",
    "name": "F10385--par-messag-agerie-14.json",
    "arborescence": {
        "audience": "Particuliers",
        "theme": "Famille",
        "dossier": "Disparition et enlèvement de personnes",
        "sous_dossier": "",
        "titre": "Disparition d'un enfant mineur"
    }
}