{
    "text": "Divorce, séparation : un enfant mineur peut-il être entendu par le juge ? : \n Oui, l'enfant  capable de discernement ,  peut être entendu dans le cadre d'une procédure de divorce ou de séparation. Il est informé de son droit par les titulaires de l'autorité parentale. La demande peut être formulée par le juge, les parties ou l'enfant. Le mineur est informé qu'il peut être entendu seul, avec un avocat ou une personne de son choix. Le juge entend l'enfant lui-même ou désigne une personne pour réaliser  l'audition. \n \n\n\n\n\nConvocation de l'enfant: Lors de la procédure de divorce ou de séparation, l'enfant est convoqué par lettre simple. Il est informé qu'il peut être entendu seul ou avec un avocat ou une personne de son choix. Si le choix de la personne n'apparaît pas conforme à l'intérêt du mineur, le juge peut procéder à la désignation d'une autre personne.\n\n",
    "text_reader": "\n Oui, l'enfant  capable de discernement ,  peut être entendu dans le cadre d'une procédure de divorce ou de séparation. Il est informé de son droit par les titulaires de l'autorité parentale. La demande peut être formulée par le juge, les parties ou l'enfant. Le mineur est informé qu'il peut être entendu seul, avec un avocat ou une personne de son choix. Le juge entend l'enfant lui-même ou désigne une personne pour réaliser  l'audition. \n \n\n\n\n\nLors de la procédure de divorce ou de séparation, l'enfant est convoqué par lettre simple. Il est informé qu'il peut être entendu seul ou avec un avocat ou une personne de son choix. Si le choix de la personne n'apparaît pas conforme à l'intérêt du mineur, le juge peut procéder à la désignation d'une autre personne.\n\n",
    "link": "https://www.service-public.fr/particuliers/vosdroits/F10479",
    "name": "F10479--convocatio-enfant-23.json",
    "arborescence": {
        "audience": "Particuliers",
        "theme": "Famille",
        "dossier": "Divorce, séparation de corps",
        "sous_dossier": "",
        "titre": "Divorce, séparation : un enfant mineur peut-il être entendu par le juge ?"
    }
}