{
    "text": "Détention provisoire : \n La détention provisoire est l'emprisonnement   d'une personne   poursuivie en matière pénale, mais qui n'a pas encore été jugée. Cette détention  ne peut être ordonnée que dans les conditions prévues par la loi, et pour une   durée  limitée. Les règles varient suivant la procédure pénale suivie :  information judiciaire,  comparution immédiate ou  comparution sur reconnaissance préalable de culpabilité ( plaider coupable ). \n \n\n\nInformation judiciaire: \n\nProcédure: \n\n\nSaisine du juge des libertés et de la détention\nLa détention provisoire est demandée par le juge d'instruction.\nIl saisit alors un autre magistrat, le juge des libertés et de la détention (JLD), qui statuera sur la demande de placement en détention provisoire. Le JLD reçoit la personne concernée. Elle peut être assistée de son avocat.\nLa décision définitive n’interviendra qu’après un  débat contradictoire , et la personne mise en examen a le droit de demander un délai pour préparer sa défense.\nProcédure\nPar ordonnance, le juge des libertés et de la détention peut ordonner ou refuser :\nle placement en  détention provisoire,\nou  le placement sous contrôle judiciaire,\nou  le placement sous bracelet électronique,\nIl statue par ordonnance motivée et  notifiée  à la personne mise en examen.\nL'ordonnance peut être contestée devant la cour d'appel par la personne mise en examen ou par le procureur.",
    "text_reader": "\n La détention provisoire est l'emprisonnement   d'une personne   poursuivie en matière pénale, mais qui n'a pas encore été jugée. Cette détention  ne peut être ordonnée que dans les conditions prévues par la loi, et pour une   durée  limitée. Les règles varient suivant la procédure pénale suivie :  information judiciaire,  comparution immédiate ou  comparution sur reconnaissance préalable de culpabilité ( plaider coupable ). \n \n\n\n\n\n\n\nProcédure\nSaisine du juge des libertés et de la détention\nLa détention provisoire est demandée par le juge d'instruction.\nIl saisit alors un autre magistrat, le juge des libertés et de la détention (JLD), qui statuera sur la demande de placement en détention provisoire. Le JLD reçoit la personne concernée. Elle peut être assistée de son avocat.\nLa décision définitive n’interviendra qu’après un  débat contradictoire , et la personne mise en examen a le droit de demander un délai pour préparer sa défense.\nProcédure\nPar ordonnance, le juge des libertés et de la détention peut ordonner ou refuser :\nle placement en  détention provisoire,\nou  le placement sous contrôle judiciaire,\nou  le placement sous bracelet électronique,\nIl statue par ordonnance motivée et  notifiée  à la personne mise en examen.\nL'ordonnance peut être contestée devant la cour d'appel par la personne mise en examen ou par le procureur.",
    "link": "https://www.service-public.fr/particuliers/vosdroits/F1042",
    "name": "F1042--informatio-ciaire-22--procedure-cedure-9.json",
    "arborescence": {
        "audience": "Particuliers",
        "theme": "Justice",
        "dossier": "Affaire pénale",
        "sous_dossier": "Moyens de contrainte",
        "titre": "Détention provisoire"
    }
}