{
    "text": "Handicap : accueil temporaire en établissement : \n L'accueil temporaire permet à des personnes en situation de handicap de tous âges d'être accueillies dans un établissement pour une durée limitée avec ou sans hébergement. Pour y être admis, il faut en faire la demande auprès de la maison départementale des personnes handicapées (MDPH). Une participation aux frais d'accueil est parfois exigée. \n \n\n\n\n\nDemande d'admission: La commission des droits et de l'autonomie des personnes handicapées (CDAPH) se réunit ensuite pour se prononcer sur la demande d'admission. Sa réponse intervient généralement dans un délai de 4 mois à partir de la date de dépôt de votre demande. En l'absence de réponse au delà de 4 mois, la demande est considérée comme rejetée.\n\nHaute-Marne (52)\nVous pouvez saisir votre demande en ligne.\nL'usage de ce service est personnel (vous devez créer un compte) et son accès est sécurisé.",
    "text_reader": "\n L'accueil temporaire permet à des personnes en situation de handicap de tous âges d'être accueillies dans un établissement pour une durée limitée avec ou sans hébergement. Pour y être admis, il faut en faire la demande auprès de la maison départementale des personnes handicapées (MDPH). Une participation aux frais d'accueil est parfois exigée. \n \n\n\n\n\nLa commission des droits et de l'autonomie des personnes handicapées (CDAPH) se réunit ensuite pour se prononcer sur la demande d'admission. Sa réponse intervient généralement dans un délai de 4 mois à partir de la date de dépôt de votre demande. En l'absence de réponse au delà de 4 mois, la demande est considérée comme rejetée.\n\nHaute-Marne (52)\nVous pouvez saisir votre demande en ligne.\nL'usage de ce service est personnel (vous devez créer un compte) et son accès est sécurisé.",
    "link": "https://www.service-public.fr/particuliers/vosdroits/F10468",
    "name": "F10468--demande-da-ission-19--haute-marn-rne-52-16.json",
    "arborescence": {
        "audience": "Particuliers",
        "theme": "Social - Santé",
        "dossier": "Hébergement d'une personne en situation de handicap",
        "sous_dossier": "Séjour court ou non médicalisé",
        "titre": "Handicap : accueil temporaire en établissement"
    }
}