{
    "text": "Regroupement familial : \n Un étranger qui a un titre de séjour en France, peut être rejoint par son époux et ses enfants. C'est ce qu'on appelle la procédure de  regroupement familial . L'étranger qui se trouve en France et sa famille le rejoignant doivent remplir certaines conditions. \n \n\n\nPour une famille algérienne: \n\nDe quoi s'agit-il ?: La procédure de regroupement familial permet au demandeur d'être rejoint en France par son époux(se) et ses enfants.\n\n",
    "text_reader": "\n Un étranger qui a un titre de séjour en France, peut être rejoint par son époux et ses enfants. C'est ce qu'on appelle la procédure de  regroupement familial . L'étranger qui se trouve en France et sa famille le rejoignant doivent remplir certaines conditions. \n \n\n\n\n\nLa procédure de regroupement familial permet au demandeur d'être rejoint en France par son époux(se) et ses enfants.\n\n",
    "link": "https://www.service-public.fr/particuliers/vosdroits/F11166",
    "name": "F11166--pour-une-f-rienne-27--de-quoi-sa-git-il-19.json",
    "arborescence": {
        "audience": "Particuliers",
        "theme": "Étranger",
        "dossier": "Installation en France d'une famille étrangère",
        "sous_dossier": "",
        "titre": "Regroupement familial"
    }
}