{
    "text": "Regroupement familial : \n Un étranger qui a un titre de séjour en France, peut être rejoint par son époux et ses enfants. C'est ce qu'on appelle la procédure de  regroupement familial . L'étranger qui se trouve en France et sa famille le rejoignant doivent remplir certaines conditions. \n \n\n\nCas général: \n\nDémarche: Le demandeur doit compléter le formulaire  cerfa n°11436. Le demandeur  doit envoyer son dossier (formulaire rempli et pièces jointes) par courrier (envoi en recommandé avec accusé de réception conseillé) à la direction territoriale  de l' Ofii  compétente.   Attention,  le demandeur doit joindre à sa demande la copie des justificatifs correspondants à sa situation.\n\nAutre cas\nJustificatif de domicile de moins de 3 mois (dernière facture EDF/GDF, téléphone fixe, eau) ou attestation d'assurance habitation (si entrée récente dans le logement)\nPromesse de location d'un logement\nJustificatif d'acquisition future d'un logement\nTout autre justificatif en fonction de la situation",
    "text_reader": "\n Un étranger qui a un titre de séjour en France, peut être rejoint par son époux et ses enfants. C'est ce qu'on appelle la procédure de  regroupement familial . L'étranger qui se trouve en France et sa famille le rejoignant doivent remplir certaines conditions. \n \n\n\n\n\nLe demandeur doit compléter le formulaire  cerfa n°11436. Le demandeur  doit envoyer son dossier (formulaire rempli et pièces jointes) par courrier (envoi en recommandé avec accusé de réception conseillé) à la direction territoriale  de l' Ofii  compétente.   Attention,  le demandeur doit joindre à sa demande la copie des justificatifs correspondants à sa situation.\n\nAutre cas\nJustificatif de domicile de moins de 3 mois (dernière facture EDF/GDF, téléphone fixe, eau) ou attestation d'assurance habitation (si entrée récente dans le logement)\nPromesse de location d'un logement\nJustificatif d'acquisition future d'un logement\nTout autre justificatif en fonction de la situation",
    "link": "https://www.service-public.fr/particuliers/vosdroits/F11166",
    "name": "F11166--cas-genera-eneral-11--demarche-marche-8--autre-cas-re-cas-9.json",
    "arborescence": {
        "audience": "Particuliers",
        "theme": "Étranger",
        "dossier": "Installation en France d'une famille étrangère",
        "sous_dossier": "",
        "titre": "Regroupement familial"
    }
}