{
    "text": "Carte nationale d'identité d'un mineur : en cas de perte : \n Accessible avec un compte ANTS ou via FranceConnect \n Se munir de ses identifiants \n \n\n\nÀ l'étranger: \n\nPièces à fournir: Il faut présenter les documents  originaux . si vous souhaitez que l'enfant utilise un nom d'usage (double-nom),  d'autres documents peuvent être réclamés pour justifier l'utilisation du  nom de l'autre parent .\n\nL'enfant n'a pas de passeport\nUne photo d'identité récente et  conforme aux normes \n\nPièce d'identité du parent qui dépose la demande\n\n Justificatif de domicile \n\nVérifiez si    l'état civil du lieu de naissance est dématérialisé \n\n. Si ce n'est pas le cas, il faut fournir un  acte de naissance (copie intégrale ou extrait avec filiation)  de  moins de 3 mois .\n\n Justificatif de nationalité française  si vous vous trouvez dans une situation particulière (naissance à l'étranger de parents nés à l'étranger par exemple)\n  25 €  en espèce, mandat, chèque ou carte bancaire (selon les consulats)  ",
    "text_reader": "\n Accessible avec un compte ANTS ou via FranceConnect \n Se munir de ses identifiants \n \n\n\n\n\nIl faut présenter les documents  originaux . si vous souhaitez que l'enfant utilise un nom d'usage (double-nom),  d'autres documents peuvent être réclamés pour justifier l'utilisation du  nom de l'autre parent .\n\nL'enfant n'a pas de passeport\nUne photo d'identité récente et  conforme aux normes \n\nPièce d'identité du parent qui dépose la demande\n\n Justificatif de domicile \n\nVérifiez si    l'état civil du lieu de naissance est dématérialisé \n\n. Si ce n'est pas le cas, il faut fournir un  acte de naissance (copie intégrale ou extrait avec filiation)  de  moins de 3 mois .\n\n Justificatif de nationalité française  si vous vous trouvez dans une situation particulière (naissance à l'étranger de parents nés à l'étranger par exemple)\n  25 €  en espèce, mandat, chèque ou carte bancaire (selon les consulats)  ",
    "link": "https://www.service-public.fr/particuliers/vosdroits/F1153",
    "name": "F1153--a-letrange-ranger-12--pieces-a-f-ournir-16--lenfant-na-seport-29.json",
    "arborescence": {
        "audience": "Particuliers",
        "theme": "Papiers - Citoyenneté",
        "dossier": "Carte d'identité",
        "sous_dossier": "Pour un mineur",
        "titre": "Carte nationale d'identité d'un mineur : en cas de perte"
    }
}