{
    "text": "Préavis et formalités du congé donné par le locataire : \n Le locataire peut quitter définitivement le logement en donnant congé au propriétaire (ou bailleur) sous certaines conditions, notamment de délai (durée de préavis). \n \n\n\nLogement vide: \n\nDélai de préavis: La durée du  délai de préavis varie selon que le logement quitté se situe en zone tendue ou non. Vous pouvez vérifier si votre logement est situé en zone tendue :\n\nCas général\nDélai de préavis :  3 mois .\nLe départ n'a pas à être motivé.\n\n Lorsque le locataire quitte le logement et rend les clés au propriétaire avant la fin du  délai de préavis,  la durée du préavis peut être réduite à la durée effective d'occupation du logement par le locataire si le propriétaire\naccepte un nouveau locataire\nou  exécute de lourds travaux de rénovation.",
    "text_reader": "\n Le locataire peut quitter définitivement le logement en donnant congé au propriétaire (ou bailleur) sous certaines conditions, notamment de délai (durée de préavis). \n \n\n\n\n\nLa durée du  délai de préavis varie selon que le logement quitté se situe en zone tendue ou non. Vous pouvez vérifier si votre logement est situé en zone tendue :\n\nCas général\nDélai de préavis :  3 mois .\nLe départ n'a pas à être motivé.\n\n Lorsque le locataire quitte le logement et rend les clés au propriétaire avant la fin du  délai de préavis,  la durée du préavis peut être réduite à la durée effective d'occupation du logement par le locataire si le propriétaire\naccepte un nouveau locataire\nou  exécute de lourds travaux de rénovation.",
    "link": "https://www.service-public.fr/particuliers/vosdroits/F1168",
    "name": "F1168--logement-v-t-vide-13--delai-de-p-reavis-16--cas-genera-eneral-11.json",
    "arborescence": {
        "audience": "Particuliers",
        "theme": "Logement",
        "dossier": "Location immobilière : fin du bail",
        "sous_dossier": "",
        "titre": "Préavis et formalités du congé donné par le locataire"
    }
}