{
    "text": "Aide à la création ou à la reprise d'une entreprise (Acre) : \n L'aide à la création ou à la reprise d'une entreprise (Acre)  consiste  en une exonération partielle de charges sociales, dite  exonération de début d'activité , et un accompagnement pendant les premières années d'activité. Elle permet aussi à certains bénéficiaires de prétendre à d'autres formes d'aides. Les conditions d'attribution de l'Acre (bénéficiaires, formalités et taux d'exonération) dépendent de la date de votre souscription au dispositif (depuis le 1 er  janvier 2020 ou avant cette date). \n \n\n\nDepuis 2020: \n\nExonération de cotisations sociales: Vous pouvez être exonéré de cotisations sociales selon le montant de vos revenus d'activité.\n\nRevenus compris entre 30 852 € et 41 136 €\nL'exonération devient dégressive lorsque les revenus sont compris entre  30 852 €  et  41 136 € .\nLe montant dégressif de l'Acre  se calcule de la manière suivante : montant de l’exonération = (Cotisations dues pour  30 852 €  /  10 284 € ) * ( 41 136 €  - revenu ou rémunération).\nL'exonération porte sur les cotisations correspondant aux prestations suivantes :\nAssurance maladie, maternité, invalidité, décès\nPrestations familiales\nAssurance vieillesse de base\nLes contributions relatives à la  CSG-CRDS , au risque accident du travail, à la retraite complémentaire, au Fonds national d'aide au logement (Fnal), à la formation professionnelle continue et au versement transport ne sont pas exonérées.\nL'exonération débute à partir :\ndu début d'activité de l'entreprise, si vous êtes salarié\nou de la date d'effet de l'affiliation, si vous êtes non-salarié.\nLa durée de l'exonération  est de  12 mois .\nVous bénéficiez d'une exonération des cotisations sociales de  50 %  durant l'année qui suit la date de début d'activité de l'entreprise (1 ere  période).\nLe taux normal de cotisation s'applique ensuit (2 e  période).\nLe paiement des cotisations sociales est calculé en appliquant au chiffre d'affaires généré par l'activité de l'entreprise un taux qui varie selon votre secteur d'activité. Ainsi, vous connaissez à l'avance le montant des cotisations à payer.\nType d'activité\n1 ere  période :  50 %  d'exonération\n2 e  période : taux normal de cotisation à la fin de l'Acre\nActivité d'achat, revente et de vente de denrées à consommer sur place et de prestations d'hébergement ( BIC )\n\n 6,4 % \n\n\n 12,8 % \n\nPrestations de services artisanales ou commerciales ( BIC  et  BNC ) et professions libérales non réglementées ( BNC )\n\n 11 % \n\n\n 22 % \n\nProfessions libérales réglementées relevant de la caisse interprofessionnelle de prévoyance et d'assurance vieillesse Cipav ( BNC )\n\n 11 % \n\n\n 22 % \n\nCas particulier : location de meublés de tourisme classés\n\n 3 % \n\n\n 6 % \n",
    "text_reader": "\n L'aide à la création ou à la reprise d'une entreprise (Acre)  consiste  en une exonération partielle de charges sociales, dite  exonération de début d'activité , et un accompagnement pendant les premières années d'activité. Elle permet aussi à certains bénéficiaires de prétendre à d'autres formes d'aides. Les conditions d'attribution de l'Acre (bénéficiaires, formalités et taux d'exonération) dépendent de la date de votre souscription au dispositif (depuis le 1 er  janvier 2020 ou avant cette date). \n \n\n\n\n\nVous pouvez être exonéré de cotisations sociales selon le montant de vos revenus d'activité.\n\nRevenus compris entre 30 852 € et 41 136 €\nL'exonération devient dégressive lorsque les revenus sont compris entre  30 852 €  et  41 136 € .\nLe montant dégressif de l'Acre  se calcule de la manière suivante : montant de l’exonération = (Cotisations dues pour  30 852 €  /  10 284 € ) * ( 41 136 €  - revenu ou rémunération).\nL'exonération porte sur les cotisations correspondant aux prestations suivantes :\nAssurance maladie, maternité, invalidité, décès\nPrestations familiales\nAssurance vieillesse de base\nLes contributions relatives à la  CSG-CRDS , au risque accident du travail, à la retraite complémentaire, au Fonds national d'aide au logement (Fnal), à la formation professionnelle continue et au versement transport ne sont pas exonérées.\nL'exonération débute à partir :\ndu début d'activité de l'entreprise, si vous êtes salarié\nou de la date d'effet de l'affiliation, si vous êtes non-salarié.\nLa durée de l'exonération  est de  12 mois .\nVous bénéficiez d'une exonération des cotisations sociales de  50 %  durant l'année qui suit la date de début d'activité de l'entreprise (1 ere  période).\nLe taux normal de cotisation s'applique ensuit (2 e  période).\nLe paiement des cotisations sociales est calculé en appliquant au chiffre d'affaires généré par l'activité de l'entreprise un taux qui varie selon votre secteur d'activité. Ainsi, vous connaissez à l'avance le montant des cotisations à payer.\nType d'activité\n1 ere  période :  50 %  d'exonération\n2 e  période : taux normal de cotisation à la fin de l'Acre\nActivité d'achat, revente et de vente de denrées à consommer sur place et de prestations d'hébergement ( BIC )\n\n 6,4 % \n\n\n 12,8 % \n\nPrestations de services artisanales ou commerciales ( BIC  et  BNC ) et professions libérales non réglementées ( BNC )\n\n 11 % \n\n\n 22 % \n\nProfessions libérales réglementées relevant de la caisse interprofessionnelle de prévoyance et d'assurance vieillesse Cipav ( BNC )\n\n 11 % \n\n\n 22 % \n\nCas particulier : location de meublés de tourisme classés\n\n 3 % \n\n\n 6 % \n",
    "link": "https://www.service-public.fr/particuliers/vosdroits/F11677",
    "name": "F11677--depuis-202-s-2020-11--exoneratio-ciales-35--revenus-co-41-136-42.json",
    "arborescence": {
        "audience": "Particuliers",
        "theme": "Social - Santé",
        "dossier": "Chômage : aides à la création ou la reprise d'entreprise",
        "sous_dossier": "",
        "titre": "Aide à la création ou à la reprise d'une entreprise (Acre)"
    }
}