{
    "text": "Peut-on encore demander une recherche dans l'intérêt des familles (Rif) ? : \n Non, il n'est plus possible de déposer une demande de recherche dans l'intérêt des familles. Cette procédure a été supprimée. Mais vous pouvez savoir si la personne est toujours en vie. \n \n\n\nLa personne disparue est mineure: \n\nVous devez contacter la police ou la gendarmerie qu'il s'agisse d'un  enlèvement parental  ou d'un autre motif de   disparition d'un mineur .\n\n",
    "text_reader": "\n Non, il n'est plus possible de déposer une demande de recherche dans l'intérêt des familles. Cette procédure a été supprimée. Mais vous pouvez savoir si la personne est toujours en vie. \n \n\n\n\n\nVous devez contacter la police ou la gendarmerie qu'il s'agisse d'un  enlèvement parental  ou d'un autre motif de   disparition d'un mineur .\n\n",
    "link": "https://www.service-public.fr/particuliers/vosdroits/F1193",
    "name": "F1193--la-personn-ineure-32.json",
    "arborescence": {
        "audience": "Particuliers",
        "theme": "Famille",
        "dossier": "Disparition et enlèvement de personnes",
        "sous_dossier": "",
        "titre": "Peut-on encore demander une recherche dans l'intérêt des familles (Rif) ?"
    }
}