{
    "text": "Quel permis pour quelle catégorie de véhicules ? : \n La catégorie de permis de conduire qu'il est nécessaire de posséder dépend de la catégorie de véhicules que l'on souhaite conduire. \n \n\n\n\n\nScooter à 3 roues: Type de véhicule Permis nécessaire Tricycle  ( véhicule de catégorie L5e ) dont la puissance est de 15  kW  maximum (20  ch ) -  Permis A1   - ou  permis A2   - ou  permis A   - ou  permis B  sous conditions ( ancienneté du permis de 2 ans et   suivi d'une formation ) - ou  permis B1  obtenu  avant le 19 janvier 2013 Tricycle  ( véhicule de catégorie L5e ) dont la puissance est supérieure à 15  kW  (20  ch ) -  Permis A  : la catégorie A peut s'obtenir par formation (7 heures) après 2 ans de détention de la catégorie A2 - ou  permis B  sous conditions ( avoir 21 ans au moins, ancienneté du permis de 2 ans et   suivi d'une formation )\n\n",
    "text_reader": "\n La catégorie de permis de conduire qu'il est nécessaire de posséder dépend de la catégorie de véhicules que l'on souhaite conduire. \n \n\n\n\n\nType de véhicule Permis nécessaire Tricycle  ( véhicule de catégorie L5e ) dont la puissance est de 15  kW  maximum (20  ch ) -  Permis A1   - ou  permis A2   - ou  permis A   - ou  permis B  sous conditions ( ancienneté du permis de 2 ans et   suivi d'une formation ) - ou  permis B1  obtenu  avant le 19 janvier 2013 Tricycle  ( véhicule de catégorie L5e ) dont la puissance est supérieure à 15  kW  (20  ch ) -  Permis A  : la catégorie A peut s'obtenir par formation (7 heures) après 2 ans de détention de la catégorie A2 - ou  permis B  sous conditions ( avoir 21 ans au moins, ancienneté du permis de 2 ans et   suivi d'une formation )\n\n",
    "link": "https://www.service-public.fr/particuliers/vosdroits/F12096",
    "name": "F12096--scooter-a---roues-17.json",
    "arborescence": {
        "audience": "Particuliers",
        "theme": "Transports",
        "dossier": "Permis de conduire",
        "sous_dossier": "",
        "titre": "Quel permis pour quelle catégorie de véhicules ?"
    }
}