{
    "text": "Allocation aux adultes handicapés (AAH) : \n L'allocation aux adultes handicapés (AAH) est une aide financière qui vous permet d'avoir un minimum de ressources. Cette aide est attribuée sous réserve de respecter des critères d’incapacité, d'âge, de résidence et de  ressources. Elle est accordée sur décision de la commission des droits et de l'autonomie des personnes handicapées (CDAPH). Son montant vient compléter vos éventuelles autres ressources. \n \n\n\n\n\nMontant: \n\nVous travaillez\nCela dépend si vous travaillez en  établissement et service d'aide par le travail (Ésat)  ou en  milieu ordinaire .\nTravail en Ésat\nLe montant de l'AAH est calculé en fonction de vos revenus d'activité.\nVos ressources sont évaluées à partir des données de l'avant-dernière année qui sont transmises par le service des impôts. Toutefois, le calcul de vos droits peut être trimestriel si vous débutez en Ésat après avoir eu une activité professionnelle en milieu ordinaire.\nEn milieu ordinaire\nLe montant de l'AAH est calculé en fonction de vos revenus d'activité.\nVous devez effectuer auprès de votre Caf une déclaration trimestrielle de vos ressources soit en remplissant un formulaire, soit directement en ligne sur le site de la Caf. Vous devez vous munir de votre numéro d'allocataire et de votre code confidentiel.",
    "text_reader": "\n L'allocation aux adultes handicapés (AAH) est une aide financière qui vous permet d'avoir un minimum de ressources. Cette aide est attribuée sous réserve de respecter des critères d’incapacité, d'âge, de résidence et de  ressources. Elle est accordée sur décision de la commission des droits et de l'autonomie des personnes handicapées (CDAPH). Son montant vient compléter vos éventuelles autres ressources. \n \n\n\n\n\n\n\nVous travaillez\nCela dépend si vous travaillez en  établissement et service d'aide par le travail (Ésat)  ou en  milieu ordinaire .\nTravail en Ésat\nLe montant de l'AAH est calculé en fonction de vos revenus d'activité.\nVos ressources sont évaluées à partir des données de l'avant-dernière année qui sont transmises par le service des impôts. Toutefois, le calcul de vos droits peut être trimestriel si vous débutez en Ésat après avoir eu une activité professionnelle en milieu ordinaire.\nEn milieu ordinaire\nLe montant de l'AAH est calculé en fonction de vos revenus d'activité.\nVous devez effectuer auprès de votre Caf une déclaration trimestrielle de vos ressources soit en remplissant un formulaire, soit directement en ligne sur le site de la Caf. Vous devez vous munir de votre numéro d'allocataire et de votre code confidentiel.",
    "link": "https://www.service-public.fr/particuliers/vosdroits/F12242",
    "name": "F12242--montant-ontant-7--vous-trava-aillez-15.json",
    "arborescence": {
        "audience": "Particuliers",
        "theme": "Social - Santé",
        "dossier": "Handicap : allocations (AAH, AEEH) et aides",
        "sous_dossier": "",
        "titre": "Allocation aux adultes handicapés (AAH)"
    }
}