{
    "text": "Dossier médical : \n Toute personne a le droit d'accéder à son dossier médical. Cependant, certains éléments ne sont pas communicables. La consultation doit respecter certaines règles de présentation ou de destinataire de la demande. Le dossier médical ne doit pas être confondu avec le dossier médical partagé ou le dossier pharmaceutique.  \n \n\n\nPour une personne majeure: \n\nModes de consultation: Le mode de consultation est choisi par le demandeur. La consultation peut se faire sur place ou par envoi de copie.\n\nSur place\nLa consultation peut être faite sur place. La remise de copies est payante.\nPour les informations détenues par un établissement de santé, si les dispositifs techniques le permettent, la consultation des informations peut être réalisée, pour tout ou partie, par voie électronique.\nLe demandeur doit être informé du dispositif d'accompagnement médical mis en place au sein des établissements de santé.\nLes copies remises  sont faites sur le même support que celui utilisé par le professionnel de santé, l'établissement de santé ou l'hébergeur. Par exemple, s'il s'agit d'un dossier informatisé, la copie pourra être un CD-Rom.\nElles peuvent être établies sur papier au choix du demandeur et dans la limite des possibilités techniques du professionnel ou de l'organisme détenteur des informations.",
    "text_reader": "\n Toute personne a le droit d'accéder à son dossier médical. Cependant, certains éléments ne sont pas communicables. La consultation doit respecter certaines règles de présentation ou de destinataire de la demande. Le dossier médical ne doit pas être confondu avec le dossier médical partagé ou le dossier pharmaceutique.  \n \n\n\n\n\nLe mode de consultation est choisi par le demandeur. La consultation peut se faire sur place ou par envoi de copie.\n\nSur place\nLa consultation peut être faite sur place. La remise de copies est payante.\nPour les informations détenues par un établissement de santé, si les dispositifs techniques le permettent, la consultation des informations peut être réalisée, pour tout ou partie, par voie électronique.\nLe demandeur doit être informé du dispositif d'accompagnement médical mis en place au sein des établissements de santé.\nLes copies remises  sont faites sur le même support que celui utilisé par le professionnel de santé, l'établissement de santé ou l'hébergeur. Par exemple, s'il s'agit d'un dossier informatisé, la copie pourra être un CD-Rom.\nElles peuvent être établies sur papier au choix du demandeur et dans la limite des possibilités techniques du professionnel ou de l'organisme détenteur des informations.",
    "link": "https://www.service-public.fr/particuliers/vosdroits/F12210",
    "name": "F12210--pour-une-p-ajeure-25--modes-de-c-tation-21--sur-place--place-9.json",
    "arborescence": {
        "audience": "Particuliers",
        "theme": "Social - Santé",
        "dossier": "Information du patient : dossier médical, montant des prestations, ...",
        "sous_dossier": "Accès aux dossiers médicaux",
        "titre": "Dossier médical"
    }
}