{
    "text": "Allocation aux adultes handicapés (AAH) : \n L'allocation aux adultes handicapés (AAH) est une aide financière qui vous permet d'avoir un minimum de ressources. Cette aide est attribuée sous réserve de respecter des critères d’incapacité, d'âge, de résidence et de  ressources. Elle est accordée sur décision de la commission des droits et de l'autonomie des personnes handicapées (CDAPH). Son montant vient compléter vos éventuelles autres ressources. \n \n\n\n\n\nDémarche: La CDAPH se réunit ensuite pour se prononcer sur votre demande de l'AAH. Sa réponse intervient généralement dans un délai de 4 mois à partir de la date de dépôt de votre demande. En l'absence de réponse au-delà de 4 mois, la demande est considérée comme rejetée. une  procédure de reconnaissance de la qualité de travailleur handicapé (RQTH)  est systématiquement engagée à l'occasion de l'instruction d'une demande d'AAH.\n\nLandes (40)\nVous devez remplir un formulaire et l'envoyer à votre MDPH, de préférence par lettre recommandée avec avis de réception.\nÀ joindre à toute demande",
    "text_reader": "\n L'allocation aux adultes handicapés (AAH) est une aide financière qui vous permet d'avoir un minimum de ressources. Cette aide est attribuée sous réserve de respecter des critères d’incapacité, d'âge, de résidence et de  ressources. Elle est accordée sur décision de la commission des droits et de l'autonomie des personnes handicapées (CDAPH). Son montant vient compléter vos éventuelles autres ressources. \n \n\n\n\n\nLa CDAPH se réunit ensuite pour se prononcer sur votre demande de l'AAH. Sa réponse intervient généralement dans un délai de 4 mois à partir de la date de dépôt de votre demande. En l'absence de réponse au-delà de 4 mois, la demande est considérée comme rejetée. une  procédure de reconnaissance de la qualité de travailleur handicapé (RQTH)  est systématiquement engagée à l'occasion de l'instruction d'une demande d'AAH.\n\nLandes (40)\nVous devez remplir un formulaire et l'envoyer à votre MDPH, de préférence par lettre recommandée avec avis de réception.\nÀ joindre à toute demande",
    "link": "https://www.service-public.fr/particuliers/vosdroits/F12242",
    "name": "F12242--demarche-marche-8--landes-40-des-40-11.json",
    "arborescence": {
        "audience": "Particuliers",
        "theme": "Social - Santé",
        "dossier": "Handicap : allocations (AAH, AEEH) et aides",
        "sous_dossier": "",
        "titre": "Allocation aux adultes handicapés (AAH)"
    }
}