{
    "text": "Allocation d'aide au retour à l'emploi (ARE) d'un ancien agent public : \n Pour percevoir l'ARE, vous devez être involontairement privé d'emploi. Vous devez justifier, à la date de fin du contrat de travail, d'une période minimale de travail.  Un agent public bénéficie de l'ARE dans les mêmes conditions qu'un salarié du secteur privé. Vous êtes indemnisé par l'administration ou par Pôle emploi. Le versement  cesse si vous retrouvez une activité salariée. Les conditions d'indemnisation ne sont pas les mêmes avant ou à partir du 1 er  novembre 2019 et selon votre âge. \n \n\n\nAvant novembre 2019: \n\nÀ partir de 53 ans: \n\nEntre 53 et 54 ans\nLa durée de versement de l'allocation d'aide au retour à l'emploi (ARE) dépend de la période minimale de travail avant votre inscription, dite  durée d'affiliation , lors des 36 derniers mois.\nDurée d'emploi\n(les 36 mois précédant votre contrat)\nDurée d'indemnisation maximum\nMoins de 4 mois\nPas d'indemnisation\nEntre 4 mois et 3 ans\nDurée d'indemnisation = Durée d'emploi\nPlus de 3 ans\n913 jours\nsi vous suivez une formation validée par Pôle emploi dans le cadre de votre  projet personnalisé d'accès à l'emploi  au cours de votre indemnisation, vous pouvez recevoir jusqu'à 6 mois d'allocations chômage supplémentaires.",
    "text_reader": "\n Pour percevoir l'ARE, vous devez être involontairement privé d'emploi. Vous devez justifier, à la date de fin du contrat de travail, d'une période minimale de travail.  Un agent public bénéficie de l'ARE dans les mêmes conditions qu'un salarié du secteur privé. Vous êtes indemnisé par l'administration ou par Pôle emploi. Le versement  cesse si vous retrouvez une activité salariée. Les conditions d'indemnisation ne sont pas les mêmes avant ou à partir du 1 er  novembre 2019 et selon votre âge. \n \n\n\n\n\n\n\nEntre 53 et 54 ans\nLa durée de versement de l'allocation d'aide au retour à l'emploi (ARE) dépend de la période minimale de travail avant votre inscription, dite  durée d'affiliation , lors des 36 derniers mois.\nDurée d'emploi\n(les 36 mois précédant votre contrat)\nDurée d'indemnisation maximum\nMoins de 4 mois\nPas d'indemnisation\nEntre 4 mois et 3 ans\nDurée d'indemnisation = Durée d'emploi\nPlus de 3 ans\n913 jours\nsi vous suivez une formation validée par Pôle emploi dans le cadre de votre  projet personnalisé d'accès à l'emploi  au cours de votre indemnisation, vous pouvez recevoir jusqu'à 6 mois d'allocations chômage supplémentaires.",
    "link": "https://www.service-public.fr/particuliers/vosdroits/F12386",
    "name": "F12386--avant-nove-e-2019-19--a-partir-d-53-ans-18--entre-53-e-54-ans-18.json",
    "arborescence": {
        "audience": "Particuliers",
        "theme": "Social - Santé",
        "dossier": "Allocation chômage d'aide au retour à l'emploi (ARE)",
        "sous_dossier": "",
        "titre": "Allocation d'aide au retour à l'emploi (ARE) d'un ancien agent public"
    }
}