{
    "text": "Violence conjugale : \n Toutes  les  violences conjugales sont interdites par la loi, qu'elles touchent un homme ou une femme, qu'elles soient  physiques, psychologiques ou sexuelles. Il s'agit des violences commises au sein des  couples mariés, pacsés ou en union libre. La victime de violences conjugales qui signale les faits peut  bénéficier de nombreuses mesures de protection de la part des institutions publiques et des associations. Ces mesures  peuvent même s'étendre aux  enfants. \n \n\n\n\n\nÉloignement du conjoint violent: L'auteur de violences conjugales peut être contraint, par les autorités, de quitter le domicile. La loi permet en effet l'éviction du conjoint ou concubin violent. La victime, si elle le souhaite, peut aussi   quitter le domicile. Pour éviter  que ce départ ne vous soit reproché,vous pouvez déposer une  main courante  au commissariat de police ou à la brigade de gendarmerie. Le fait de subir des violences conjugales peut justifier le départ du domicile.\n\n\nL'auteur de violences conjugales peut être contraint, par les autorités, de quitter le domicile. La loi permet en effet l'éviction du conjoint ou concubin violent.\nLa victime, si elle le souhaite, peut aussi   quitter le domicile.\nPour éviter  que ce départ ne vous soit reproché,vous pouvez déposer une  main courante  au commissariat de police ou à la brigade de gendarmerie. Le fait de subir des violences conjugales peut justifier le départ du domicile.\nHébergement d'urgence\nVous pouvez appeler le Samu social pour avoir de l'aide, si vous avez dû quitter votre domicile à la suite de violences conjugales.\nNuméro d'urgence et d'accueil des personnes sans abri\nPar téléphone\n\n\t\t\t 115  (gratuit depuis un fixe et un mobile en France métropolitaine et en outre-mer)\n\n\t\t\tOuvert du lundi au dimanche et fonctionnant 24h/24\nConservation du logement familial\nLa jouissance du logement familial doit être est attribuée au conjoint  victime des violences, même s'il a bénéficié d'un hébergement d'urgence. Néanmoins, le juge peut décider le contraire en prenant une ordonnance dans laquelle il présente les raisons qui justifient ce choix.\nRelogement\nSi vous avez obtenu une  ordonnance de protection , vous pouvez bénéficier de l'accompagnement des associations spécialisées dans l'aide aux victimes de violence conjugale pour trouver un logement. Ces associations peuvent vous sous-louer des logements meublés ou non meublés qu'elles louent auprès des organismes de HLM.  En fonction de votre situation, vous pourrez avoir des facilités pour le paiement de la caution et des premiers mois de loyer.",
    "text_reader": "\n Toutes  les  violences conjugales sont interdites par la loi, qu'elles touchent un homme ou une femme, qu'elles soient  physiques, psychologiques ou sexuelles. Il s'agit des violences commises au sein des  couples mariés, pacsés ou en union libre. La victime de violences conjugales qui signale les faits peut  bénéficier de nombreuses mesures de protection de la part des institutions publiques et des associations. Ces mesures  peuvent même s'étendre aux  enfants. \n \n\n\n\n\nL'auteur de violences conjugales peut être contraint, par les autorités, de quitter le domicile. La loi permet en effet l'éviction du conjoint ou concubin violent. La victime, si elle le souhaite, peut aussi   quitter le domicile. Pour éviter  que ce départ ne vous soit reproché,vous pouvez déposer une  main courante  au commissariat de police ou à la brigade de gendarmerie. Le fait de subir des violences conjugales peut justifier le départ du domicile.\n\nÉloignement du conjoint violent\nL'auteur de violences conjugales peut être contraint, par les autorités, de quitter le domicile. La loi permet en effet l'éviction du conjoint ou concubin violent.\nLa victime, si elle le souhaite, peut aussi   quitter le domicile.\nPour éviter  que ce départ ne vous soit reproché,vous pouvez déposer une  main courante  au commissariat de police ou à la brigade de gendarmerie. Le fait de subir des violences conjugales peut justifier le départ du domicile.\nHébergement d'urgence\nVous pouvez appeler le Samu social pour avoir de l'aide, si vous avez dû quitter votre domicile à la suite de violences conjugales.\nNuméro d'urgence et d'accueil des personnes sans abri\nPar téléphone\n\n\t\t\t 115  (gratuit depuis un fixe et un mobile en France métropolitaine et en outre-mer)\n\n\t\t\tOuvert du lundi au dimanche et fonctionnant 24h/24\nConservation du logement familial\nLa jouissance du logement familial doit être est attribuée au conjoint  victime des violences, même s'il a bénéficié d'un hébergement d'urgence. Néanmoins, le juge peut décider le contraire en prenant une ordonnance dans laquelle il présente les raisons qui justifient ce choix.\nRelogement\nSi vous avez obtenu une  ordonnance de protection , vous pouvez bénéficier de l'accompagnement des associations spécialisées dans l'aide aux victimes de violence conjugale pour trouver un logement. Ces associations peuvent vous sous-louer des logements meublés ou non meublés qu'elles louent auprès des organismes de HLM.  En fonction de votre situation, vous pourrez avoir des facilités pour le paiement de la caution et des premiers mois de loyer.",
    "link": "https://www.service-public.fr/particuliers/vosdroits/F12544",
    "name": "F12544--eloignemen-iolent-31.json",
    "arborescence": {
        "audience": "Particuliers",
        "theme": "Justice",
        "dossier": "Violence - Atteinte à l'intégrité",
        "sous_dossier": "",
        "titre": "Violence conjugale"
    }
}