{
    "text": "L'employeur peut-il exiger un arrêt de travail pour une journée d'absence ? : \n\n\n\n\n\nOui. Toute absence doit être justifiée, quelles qu'en soient la durée et la raison. Si votre absence n'est pas justifiée, elle peut entraîner une  sanction disciplinaire  (avertissement, licenciement, etc.).\nEn cas d'interruption de travail résultant d'une maladie, vous devez adresser un avis d'arrêt de travail à la  CPAM  et un duplicata de l'avis  à votre employeur.\nL'envoi de ces documents est obligatoire pour percevoir, si vous y avez droit, les  indemnités versées par la CPAM et par votre employeur .",
    "text_reader": "\n\n\n\n\n\nOui. Toute absence doit être justifiée, quelles qu'en soient la durée et la raison. Si votre absence n'est pas justifiée, elle peut entraîner une  sanction disciplinaire  (avertissement, licenciement, etc.).\nEn cas d'interruption de travail résultant d'une maladie, vous devez adresser un avis d'arrêt de travail à la  CPAM  et un duplicata de l'avis  à votre employeur.\nL'envoi de ces documents est obligatoire pour percevoir, si vous y avez droit, les  indemnités versées par la CPAM et par votre employeur .",
    "link": "https://www.service-public.fr/particuliers/vosdroits/F12734",
    "name": "F12734.json",
    "arborescence": {
        "audience": "Particuliers",
        "theme": "Travail",
        "dossier": "Maladie ou accident du travail dans le secteur privé",
        "sous_dossier": "",
        "titre": "L'employeur peut-il exiger un arrêt de travail pour une journée d'absence ?"
    }
}