{
    "text": "Allocation de logement sociale (ALS) : \n L'allocation de logement sociale (ALS) est une aide financière destinée à réduire le montant de votre loyer ou redevance (si vous êtes résident en foyer). Elle est versée si vous ne pouvez prétendre ni à l'aide personnalisée au logement (APL), ni à l'allocation de logement familiale (ALF). Les conditions d'attribution diffèrent selon que vous êtes en location ou que vous résidez en foyer. \n \n\n\nLocation: \n\nPour savoir si vous pouvez percevoir l'ALS, vous pouvez utiliser le simulateur de la caisse d'allocations familiales (Caf) ou de la mutualité sociale agricole (MSA) selon le régime auquel vous êtes rattaché.\n\n",
    "text_reader": "\n L'allocation de logement sociale (ALS) est une aide financière destinée à réduire le montant de votre loyer ou redevance (si vous êtes résident en foyer). Elle est versée si vous ne pouvez prétendre ni à l'aide personnalisée au logement (APL), ni à l'allocation de logement familiale (ALF). Les conditions d'attribution diffèrent selon que vous êtes en location ou que vous résidez en foyer. \n \n\n\n\n\nPour savoir si vous pouvez percevoir l'ALS, vous pouvez utiliser le simulateur de la caisse d'allocations familiales (Caf) ou de la mutualité sociale agricole (MSA) selon le régime auquel vous êtes rattaché.\n\n",
    "link": "https://www.service-public.fr/particuliers/vosdroits/F1280",
    "name": "F1280--location-cation-8.json",
    "arborescence": {
        "audience": "Particuliers",
        "theme": "Logement",
        "dossier": "Allocations logement",
        "sous_dossier": "",
        "titre": "Allocation de logement sociale (ALS)"
    }
}