{
    "text": "Mise en fourrière d'un véhicule : \n Certaines infractions au code de la route, en particulier aux règles de stationnement, peuvent entraîner la mise en fourrière de votre véhicule. La  notification  de la mise en fourrière vous explique la marche à suivre pour récupérer votre véhicule : délai à respecter, montant des frais à payer.... \n \n\n\n\n\nQuel est le prix de la fourrière ?: Pour que le gardien de la fourrière puisse vous restituer votre véhicule, vous devez payer les frais de fourrière (indépendamment de l'amende liée à l'infraction initiale). Les prix indiqués sont les montants maximaux. Les frais sont de  200,1 €  pour une voiture mise en fourrière à Paris récupérée le jour même ( 7,60 €  +  15,2 €  +  150 €  +  29 € ). en cas de vente du véhicule par le service des Domaines (service de l'État), les frais sont à votre charge.\n\n2 ou 3 roues\nCas général\nImmobilisation matérielle :  7,60 € \n\nOpérations préalables :  7,60 € \n\nEnlèvement :  45,70 € \n\nGarde journalière :  3 € \n\nExpertise :  30,50 € \n\nParis\nImmobilisation matérielle :  7,60 € \n\nOpérations préalables :  7,60 € \n\nEnlèvement :  49 € \n\nGarde journalière :  10 € \n\nExpertise :  30,50 € \n",
    "text_reader": "\n Certaines infractions au code de la route, en particulier aux règles de stationnement, peuvent entraîner la mise en fourrière de votre véhicule. La  notification  de la mise en fourrière vous explique la marche à suivre pour récupérer votre véhicule : délai à respecter, montant des frais à payer.... \n \n\n\n\n\nPour que le gardien de la fourrière puisse vous restituer votre véhicule, vous devez payer les frais de fourrière (indépendamment de l'amende liée à l'infraction initiale). Les prix indiqués sont les montants maximaux. Les frais sont de  200,1 €  pour une voiture mise en fourrière à Paris récupérée le jour même ( 7,60 €  +  15,2 €  +  150 €  +  29 € ). en cas de vente du véhicule par le service des Domaines (service de l'État), les frais sont à votre charge.\n\n2 ou 3 roues\nCas général\nImmobilisation matérielle :  7,60 € \n\nOpérations préalables :  7,60 € \n\nEnlèvement :  45,70 € \n\nGarde journalière :  3 € \n\nExpertise :  30,50 € \n\nParis\nImmobilisation matérielle :  7,60 € \n\nOpérations préalables :  7,60 € \n\nEnlèvement :  49 € \n\nGarde journalière :  10 € \n\nExpertise :  30,50 € \n",
    "link": "https://www.service-public.fr/particuliers/vosdroits/F12918",
    "name": "F12918--quel-est-l-rriere-34--2-ou-3-rou--roues-12.json",
    "arborescence": {
        "audience": "Particuliers",
        "theme": "Transports",
        "dossier": "Infractions routières",
        "sous_dossier": "Sanctions relatives au véhicule",
        "titre": "Mise en fourrière d'un véhicule"
    }
}