{
    "text": "Aide de l'Anah : travaux d'amélioration de l'habitat : \n L'Agence nationale de l'habitat (Anah) peut accorder une subvention pour la réalisation de travaux dans les logements ou immeubles anciens. Cette aide s'adresse au propriétaire qui loue ou occupe son logement. Il s'adresse également au syndicat de copropriétaires pour la réalisation de travaux dans les parties communes et équipements communs de l'immeuble. \n \n\n\nPropriétaire occupant: \n\nInstruction de la demande: Le versement d'une subvention de l'Anah  n'est pas automatique . Le montant de la subvention dépend de nombreux facteurs comme la nature des travaux envisagés,  leur montant, vos ressources etc. L'Anah apprécie, en outre, l'opportunité de verser l'aide en fonction de l'intérêt économique, social, et environnemental des travaux mais aussi en fonction des priorités locales.\n\n",
    "text_reader": "\n L'Agence nationale de l'habitat (Anah) peut accorder une subvention pour la réalisation de travaux dans les logements ou immeubles anciens. Cette aide s'adresse au propriétaire qui loue ou occupe son logement. Il s'adresse également au syndicat de copropriétaires pour la réalisation de travaux dans les parties communes et équipements communs de l'immeuble. \n \n\n\n\n\nLe versement d'une subvention de l'Anah  n'est pas automatique . Le montant de la subvention dépend de nombreux facteurs comme la nature des travaux envisagés,  leur montant, vos ressources etc. L'Anah apprécie, en outre, l'opportunité de verser l'aide en fonction de l'intérêt économique, social, et environnemental des travaux mais aussi en fonction des priorités locales.\n\n",
    "link": "https://www.service-public.fr/particuliers/vosdroits/F1328",
    "name": "F1328--proprietai-cupant-21--instructio-emande-25.json",
    "arborescence": {
        "audience": "Particuliers",
        "theme": "Logement",
        "dossier": "Aides et prêts pour l'amélioration et la rénovation énergétique de l'habitat",
        "sous_dossier": "Aides financières",
        "titre": "Aide de l'Anah : travaux d'amélioration de l'habitat"
    }
}