{
    "text": "Engagement de service civique : \n À l'exception des actions à caractère religieux ou politique, plusieurs secteurs sont admissibles au service civique. Votre mission s'exerce obligatoirement au sein d'un organisme (public ou privé) agréé par l’État.  Vous devez être européen et âgé entre 16 et 25 ans. Pour rechercher une mission, connectez-vous directement au site officiel du service civique. La mission est accomplie en France et/ou à l'étranger. Vous ne percevez pas de salaire mais une indemnité. \n \n\n\nVolontaire majeur: \n\nStatut: \n\n\nFormation\nLes organismes accueillant des volontaires en engagement de service civique doivent obligatoirement leur assurer une formation civique et citoyenne.\nCette formation comprend de manière obligatoire une formation aux premiers secours.\nElle comporte également des modules abordant des thématiques liés à la citoyenneté (par exemple, la lutte contre les discriminations, l’égalité homme-femme, la démocratie, le développement durable). Le contenu et le déroulement de ces modules sont définis par l’organisme d’accueil, qui peut les organiser en interne ou faire appel à un organisme extérieur.\nD’autres types de formation non obligatoires peuvent être proposés par les organismes d’accueil en complément de la formation civique et citoyenne. \nCouverture sociale\nVous bénéficiez pendant votre engagement d'une protection sociale financée par l'État couvrant les risques maladie, maternité, invalidité et accident du travail.\nChaque trimestre effectué au titre du service civique est pris en compte pour le droit à la retraite.\nLes étudiants qui bénéficient d’un contrat de service civique peuvent bénéficier d’une dispense d’affiliation au régime étudiant de sécurité sociale, sous réserve que la durée du service civique couvre sans interruption l’année universitaire du 1 er  octobre de l’année N au 30 septembre de l’année N+1 (par exemple, du 1 er  octobre 2019 au 30 septembre 2020).\nPrise en charge des coûts de transport et d'hébergement à l'étranger\nSi votre mission se déroule à l'étranger, des coûts supplémentaires liés notamment au transport et à l’hébergement sur place peuvent venir s'ajouter. \nCertaines missions bénéficient, à titre exceptionnel, d’une aide de l’État ou d’une collectivité territoriale.\nDans la plupart des cas, même lorsque l'organisme d'accueil apporte sa contribution, une part significative des frais peut vous incomber.\n Avant de signer votre contrat, il est vivement recommandé de clarifier le partage des frais, notamment de transport et d'hébergement, entre l'organisme agréé et vous-même. \nCongés\nVous avez droit à 2 jours de congés par mois.",
    "text_reader": "\n À l'exception des actions à caractère religieux ou politique, plusieurs secteurs sont admissibles au service civique. Votre mission s'exerce obligatoirement au sein d'un organisme (public ou privé) agréé par l’État.  Vous devez être européen et âgé entre 16 et 25 ans. Pour rechercher une mission, connectez-vous directement au site officiel du service civique. La mission est accomplie en France et/ou à l'étranger. Vous ne percevez pas de salaire mais une indemnité. \n \n\n\n\n\n\n\nStatut\nFormation\nLes organismes accueillant des volontaires en engagement de service civique doivent obligatoirement leur assurer une formation civique et citoyenne.\nCette formation comprend de manière obligatoire une formation aux premiers secours.\nElle comporte également des modules abordant des thématiques liés à la citoyenneté (par exemple, la lutte contre les discriminations, l’égalité homme-femme, la démocratie, le développement durable). Le contenu et le déroulement de ces modules sont définis par l’organisme d’accueil, qui peut les organiser en interne ou faire appel à un organisme extérieur.\nD’autres types de formation non obligatoires peuvent être proposés par les organismes d’accueil en complément de la formation civique et citoyenne. \nCouverture sociale\nVous bénéficiez pendant votre engagement d'une protection sociale financée par l'État couvrant les risques maladie, maternité, invalidité et accident du travail.\nChaque trimestre effectué au titre du service civique est pris en compte pour le droit à la retraite.\nLes étudiants qui bénéficient d’un contrat de service civique peuvent bénéficier d’une dispense d’affiliation au régime étudiant de sécurité sociale, sous réserve que la durée du service civique couvre sans interruption l’année universitaire du 1 er  octobre de l’année N au 30 septembre de l’année N+1 (par exemple, du 1 er  octobre 2019 au 30 septembre 2020).\nPrise en charge des coûts de transport et d'hébergement à l'étranger\nSi votre mission se déroule à l'étranger, des coûts supplémentaires liés notamment au transport et à l’hébergement sur place peuvent venir s'ajouter. \nCertaines missions bénéficient, à titre exceptionnel, d’une aide de l’État ou d’une collectivité territoriale.\nDans la plupart des cas, même lorsque l'organisme d'accueil apporte sa contribution, une part significative des frais peut vous incomber.\n Avant de signer votre contrat, il est vivement recommandé de clarifier le partage des frais, notamment de transport et d'hébergement, entre l'organisme agréé et vous-même. \nCongés\nVous avez droit à 2 jours de congés par mois.",
    "link": "https://www.service-public.fr/particuliers/vosdroits/F13278",
    "name": "F13278--volontaire-majeur-17--statut-statut-6.json",
    "arborescence": {
        "audience": "Particuliers",
        "theme": "Papiers - Citoyenneté",
        "dossier": "Volontariats",
        "sous_dossier": "Service civique",
        "titre": "Engagement de service civique"
    }
}