{
    "text": "Engagement de service civique : \n À l'exception des actions à caractère religieux ou politique, plusieurs secteurs sont admissibles au service civique. Votre mission s'exerce obligatoirement au sein d'un organisme (public ou privé) agréé par l’État.  Vous devez être européen et âgé entre 16 et 25 ans. Pour rechercher une mission, connectez-vous directement au site officiel du service civique. La mission est accomplie en France et/ou à l'étranger. Vous ne percevez pas de salaire mais une indemnité. \n \n\n\nVolontaire majeur: \n\nQui est concerné ?: \n\nStagiaire\nVous ne pouvez pas signer une convention de stage en même temps qu’un contrat d’engagement de service civique avec un même organisme.\nCependant, si les activités que vous exercez dans le cadre de votre mission sont en lien avec le cursus de formation que vous suivez, vous pouvez demander à votre organisme de formation de valider cette période d’engagement à la place d’un stage. Une convention spécifique, qui n’est pas une convention de stage, pourra alors être signée entre vous-même, l’organisme d’accueil et l’organisme de formation.",
    "text_reader": "\n À l'exception des actions à caractère religieux ou politique, plusieurs secteurs sont admissibles au service civique. Votre mission s'exerce obligatoirement au sein d'un organisme (public ou privé) agréé par l’État.  Vous devez être européen et âgé entre 16 et 25 ans. Pour rechercher une mission, connectez-vous directement au site officiel du service civique. La mission est accomplie en France et/ou à l'étranger. Vous ne percevez pas de salaire mais une indemnité. \n \n\n\n\n\n\n\nStagiaire\nVous ne pouvez pas signer une convention de stage en même temps qu’un contrat d’engagement de service civique avec un même organisme.\nCependant, si les activités que vous exercez dans le cadre de votre mission sont en lien avec le cursus de formation que vous suivez, vous pouvez demander à votre organisme de formation de valider cette période d’engagement à la place d’un stage. Une convention spécifique, qui n’est pas une convention de stage, pourra alors être signée entre vous-même, l’organisme d’accueil et l’organisme de formation.",
    "link": "https://www.service-public.fr/particuliers/vosdroits/F13278",
    "name": "F13278--volontaire-majeur-17--qui-est-co-ncerne-18--stagiaire-giaire-9.json",
    "arborescence": {
        "audience": "Particuliers",
        "theme": "Papiers - Citoyenneté",
        "dossier": "Volontariats",
        "sous_dossier": "Service civique",
        "titre": "Engagement de service civique"
    }
}