{
    "text": "Saisir la commission (CCI) en cas d'accident médical, infection nosocomiale ... : \n Si vous  êtes victime d'un accident médical, d'une  affection iatrogène  ou d'une  infection nosocomiale , vous pouvez saisir la commission de conciliation et d'indemnisation des accidents médicaux (CCI).\n\t\t\tSelon la gravité du préjudice, la procédure sera celle de la conciliation ou celle du règlement amiable. \n \n\n\n\n\nDécision: Suivant la décision de responsabilité rendue par la commission c'est l'assurance du professionnel qui indemnise la victime ou l'Oniam.\n\nResponsabilité du professionnel de santé\nSi une responsabilité est établie par la CCI, l'assureur du professionnel de santé doit faire une proposition d'indemnisation, dans un délai de  4 mois  suivant la réception de l'avis. Cette offre a un caractère provisionnel (c'est-à-dire qu'il s'agit d'une avance sur indemnisation) si l'assureur n'a pas été informé de la consolidation de l'état de la victime. Une fois informé de la consolidation, l'assureur a 2 mois pour faire une proposition d'indemnisation définitive.\nL'offre doit indiquer pour chaque point sur lequel porte le préjudice :\nl'évaluation retenue,\nle caractère provisionnel ou définitif de l'offre,\nle montant des indemnités qui reviennent à la victime ou à ses ayants droit.\nSi l'assureur n'a pas effectué d'offre dans les 4 mois, ou si le professionnel n'est pas assuré, la victime ou ses ayants droit peut s'adresser à l' Oniam  par lettre recommandée avec accusé de réception.\nL'Oniam remplace l'assureur pour établir une offre et indemniser le demandeur dans les mêmes délais.\npendant la crise sanitaire du covid 19 les délais de proposition d'indemnisation de l'Oniam sont allongés de 4 mois (sans pouvoir dépasser le 12 juillet 2020).",
    "text_reader": "\n Si vous  êtes victime d'un accident médical, d'une  affection iatrogène  ou d'une  infection nosocomiale , vous pouvez saisir la commission de conciliation et d'indemnisation des accidents médicaux (CCI).\n\t\t\tSelon la gravité du préjudice, la procédure sera celle de la conciliation ou celle du règlement amiable. \n \n\n\n\n\nSuivant la décision de responsabilité rendue par la commission c'est l'assurance du professionnel qui indemnise la victime ou l'Oniam.\n\nResponsabilité du professionnel de santé\nSi une responsabilité est établie par la CCI, l'assureur du professionnel de santé doit faire une proposition d'indemnisation, dans un délai de  4 mois  suivant la réception de l'avis. Cette offre a un caractère provisionnel (c'est-à-dire qu'il s'agit d'une avance sur indemnisation) si l'assureur n'a pas été informé de la consolidation de l'état de la victime. Une fois informé de la consolidation, l'assureur a 2 mois pour faire une proposition d'indemnisation définitive.\nL'offre doit indiquer pour chaque point sur lequel porte le préjudice :\nl'évaluation retenue,\nle caractère provisionnel ou définitif de l'offre,\nle montant des indemnités qui reviennent à la victime ou à ses ayants droit.\nSi l'assureur n'a pas effectué d'offre dans les 4 mois, ou si le professionnel n'est pas assuré, la victime ou ses ayants droit peut s'adresser à l' Oniam  par lettre recommandée avec accusé de réception.\nL'Oniam remplace l'assureur pour établir une offre et indemniser le demandeur dans les mêmes délais.\npendant la crise sanitaire du covid 19 les délais de proposition d'indemnisation de l'Oniam sont allongés de 4 mois (sans pouvoir dépasser le 12 juillet 2020).",
    "link": "https://www.service-public.fr/particuliers/vosdroits/F13318",
    "name": "F13318--decision-cision-8--responsabi--sante-40.json",
    "arborescence": {
        "audience": "Particuliers",
        "theme": "Social - Santé",
        "dossier": "Préjudice médical",
        "sous_dossier": "Procédure générale",
        "titre": "Saisir la commission (CCI) en cas d'accident médical, infection nosocomiale ..."
    }
}