{
    "text": "Certificat de situation administrative (non gage et non opposition) : \n Le certificat de situation administrative (CSA) est obligatoire avant la cession. Le transfert de la carte grise (désormais appelée  certificat d'immatriculation ) peut ainsi se faire et le véhicule pourra être immatriculé au nom du nouveau propriétaire. Il peut comporter des mentions et indique alors si un gage existe ou si une  particularité (opposition) empêche l'immatriculation. Il n'est délivré que pour un véhicule à moteur immatriculé en France. \n \n\n\n\n\nObtenir la levée du gage ou de l'opposition: Si le véhicule est gagé ou fait l'objet d'une opposition, le titulaire de la carte grise doit  d'abord régulariser la situation en fonction de la nature du blocage. Il pourra ensuite obtenir la levée du gage ou de l'opposition.\n\njudiciaire\nTant qu'il y a inscription au fichier des véhicules volés (FVV), l'opposition ne peut pas être levée.\nEn revanche, si le véhicule volé est retrouvé, l'inscription au FVV sera automatiquement levée dès lors que le véhicule est restitué.\nLe CSA sans mention de gage ou d'opposition pourra être délivré ensuite.",
    "text_reader": "\n Le certificat de situation administrative (CSA) est obligatoire avant la cession. Le transfert de la carte grise (désormais appelée  certificat d'immatriculation ) peut ainsi se faire et le véhicule pourra être immatriculé au nom du nouveau propriétaire. Il peut comporter des mentions et indique alors si un gage existe ou si une  particularité (opposition) empêche l'immatriculation. Il n'est délivré que pour un véhicule à moteur immatriculé en France. \n \n\n\n\n\nSi le véhicule est gagé ou fait l'objet d'une opposition, le titulaire de la carte grise doit  d'abord régulariser la situation en fonction de la nature du blocage. Il pourra ensuite obtenir la levée du gage ou de l'opposition.\n\nOpposition judiciaire\nTant qu'il y a inscription au fichier des véhicules volés (FVV), l'opposition ne peut pas être levée.\nEn revanche, si le véhicule volé est retrouvé, l'inscription au FVV sera automatiquement levée dès lors que le véhicule est restitué.\nLe CSA sans mention de gage ou d'opposition pourra être délivré ensuite.",
    "link": "https://www.service-public.fr/particuliers/vosdroits/F1360",
    "name": "F1360--obtenir-la-sition-43--opposition-ciaire-21.json",
    "arborescence": {
        "audience": "Particuliers",
        "theme": "Transports",
        "dossier": "Carte grise (certificat d'immatriculation)",
        "sous_dossier": "Vendre (ou donner) un véhicule",
        "titre": "Certificat de situation administrative (non gage et non opposition)"
    }
}