{
    "text": "Passeport en urgence : passeport temporaire pour un majeur : \n\nÀ l'étranger: \n\nPièces à fournir: Les pièces à fournir dépendent des documents d'identité que vous possédez déjà. Il faut présenter les documents  originaux . pour utiliser un nom d'usage qui ne figure pas encore sur un titre d'identité, d'autres pièces doivent être fournies selon la nature de ce deuxième nom  :  nom de l'époux(se)  ou  nom de l'autre parent .\n\nDate d'expiration supérieure à 5 ans\n\n 45 €  en espèce, mandat, chèque ou carte bancaire (selon les consulats)\nUne photo d'identité récente et  conforme aux normes \n\nTout document justifiant l'urgence du déplacement (acte de décès, attestation d'hospitalisation...)\n\n Justificatif du domicile \n\n\n Justificatif du domicile  : original + photocopie\nVérifiez si    l'état civil du lieu de naissance est dématérialisé \n\n. Si ce n'est pas le cas, il faut fournir un  acte de naissance (copie intégrale ou extrait avec filiation)  de  moins de 3 mois .\n\n Justificatif de nationalité française  si vous vous trouvez dans une situation particulière (naissance à l'étranger de parents nés à l'étranger par exemple)",
    "text_reader": "\n\n\n\nLes pièces à fournir dépendent des documents d'identité que vous possédez déjà. Il faut présenter les documents  originaux . pour utiliser un nom d'usage qui ne figure pas encore sur un titre d'identité, d'autres pièces doivent être fournies selon la nature de ce deuxième nom  :  nom de l'époux(se)  ou  nom de l'autre parent .\n\nDate d'expiration supérieure à 5 ans\n\n 45 €  en espèce, mandat, chèque ou carte bancaire (selon les consulats)\nUne photo d'identité récente et  conforme aux normes \n\nTout document justifiant l'urgence du déplacement (acte de décès, attestation d'hospitalisation...)\n\n Justificatif du domicile \n\n\n Justificatif du domicile  : original + photocopie\nVérifiez si    l'état civil du lieu de naissance est dématérialisé \n\n. Si ce n'est pas le cas, il faut fournir un  acte de naissance (copie intégrale ou extrait avec filiation)  de  moins de 3 mois .\n\n Justificatif de nationalité française  si vous vous trouvez dans une situation particulière (naissance à l'étranger de parents nés à l'étranger par exemple)",
    "link": "https://www.service-public.fr/particuliers/vosdroits/F1373",
    "name": "F1373--a-letrange-ranger-12--pieces-a-f-ournir-16--date-dexpi--5-ans-36.json",
    "arborescence": {
        "audience": "Particuliers",
        "theme": "Papiers - Citoyenneté",
        "dossier": "Passeport",
        "sous_dossier": "Pour un majeur",
        "titre": "Passeport en urgence : passeport temporaire pour un majeur"
    }
}