{
    "text": "Passeport en urgence : passeport temporaire pour un majeur : \n\nEn France: \n\nPièces à fournir: Les pièces à fournir dépendent des documents d'identité que vous possédez déjà. Il faut présenter les documents  originaux . pour utiliser un nom d'usage qui ne figure pas encore sur un titre d'identité, d'autres pièces doivent être fournies selon la nature de ce deuxième nom  :  nom de l'époux(se)  ou  nom de l'autre parent .\n\nVous n'avez pas de passeport\nVous avez une carte d'identité valide\nCarte d'identité : original + photocopie\n\n Justificatif du domicile  : original + photocopie\nPhoto d'identité   récente et conforme aux normes \n\nTimbre fiscal :  30 €  ( achat en ligne )\nTout document justifiant l'urgence du déplacement et réclamé par la préfecture (par exemple, acte de décès, attestation d'hospitalisation, attestation de l'employeur, fiche de paie...)\nVous avez une carte d'identité périmée\nDate d'expiration inférieure à 5 ans\nCarte d'identité : original + photocopie\nPhoto d'identité   récente et conforme aux normes \n\nTimbre fiscal :  30 €  ( achat en ligne )\nTout document justifiant l'urgence du déplacement et réclamé par la préfecture (par exemple, acte de décès, attestation d'hospitalisation, attestation de l'employeur, fiche de paie...)\n\n Justificatif du domicile  : original + photocopie\nDate d'expiration supérieure à 5 ans\nPhoto d'identité   récente et conforme aux normes \n\nTimbre fiscal :  30 €  ( achat en ligne )\nTout document justifiant l'urgence du déplacement et réclamé par la préfecture (par exemple, acte de décès, attestation d'hospitalisation, attestation de l'employeur, fiche de paie...)\n\n Justificatif du domicile  : original + photocopie\nVérifiez si    l'état civil du lieu de naissance est dématérialisé \n\n. Si ce n'est pas le cas, il faut fournir un  acte de naissance (copie intégrale ou extrait avec filiation)  de  moins de 3 mois .\n\n Justificatif de nationalité française  si vous vous trouvez dans une situation particulière (naissance à l'étranger de parents nés à l'étranger par exemple)\nVous n'avez pas de carte d'identité\nPhoto d'identité   récente et conforme aux normes \n\nTimbre fiscal :  30 €  ( achat en ligne )\nTout document justifiant l'urgence du déplacement et réclamé par la préfecture (par exemple, acte de décès, attestation d'hospitalisation, attestation de l'employeur, fiche de paie...)\n\n Justificatif du domicile  : original + photocopie\nVérifiez si    l'état civil du lieu de naissance est dématérialisé \n\n. Si ce n'est pas le cas, il faut fournir un  acte de naissance (copie intégrale ou extrait avec filiation)  de  moins de 3 mois .\n\n Justificatif de nationalité française  si vous vous trouvez dans une situation particulière (naissance à l'étranger de parents nés à l'étranger par exemple)",
    "text_reader": "\n\n\n\nLes pièces à fournir dépendent des documents d'identité que vous possédez déjà. Il faut présenter les documents  originaux . pour utiliser un nom d'usage qui ne figure pas encore sur un titre d'identité, d'autres pièces doivent être fournies selon la nature de ce deuxième nom  :  nom de l'époux(se)  ou  nom de l'autre parent .\n\nVous n'avez pas de passeport\nVous avez une carte d'identité valide\nCarte d'identité : original + photocopie\n\n Justificatif du domicile  : original + photocopie\nPhoto d'identité   récente et conforme aux normes \n\nTimbre fiscal :  30 €  ( achat en ligne )\nTout document justifiant l'urgence du déplacement et réclamé par la préfecture (par exemple, acte de décès, attestation d'hospitalisation, attestation de l'employeur, fiche de paie...)\nVous avez une carte d'identité périmée\nDate d'expiration inférieure à 5 ans\nCarte d'identité : original + photocopie\nPhoto d'identité   récente et conforme aux normes \n\nTimbre fiscal :  30 €  ( achat en ligne )\nTout document justifiant l'urgence du déplacement et réclamé par la préfecture (par exemple, acte de décès, attestation d'hospitalisation, attestation de l'employeur, fiche de paie...)\n\n Justificatif du domicile  : original + photocopie\nDate d'expiration supérieure à 5 ans\nPhoto d'identité   récente et conforme aux normes \n\nTimbre fiscal :  30 €  ( achat en ligne )\nTout document justifiant l'urgence du déplacement et réclamé par la préfecture (par exemple, acte de décès, attestation d'hospitalisation, attestation de l'employeur, fiche de paie...)\n\n Justificatif du domicile  : original + photocopie\nVérifiez si    l'état civil du lieu de naissance est dématérialisé \n\n. Si ce n'est pas le cas, il faut fournir un  acte de naissance (copie intégrale ou extrait avec filiation)  de  moins de 3 mois .\n\n Justificatif de nationalité française  si vous vous trouvez dans une situation particulière (naissance à l'étranger de parents nés à l'étranger par exemple)\nVous n'avez pas de carte d'identité\nPhoto d'identité   récente et conforme aux normes \n\nTimbre fiscal :  30 €  ( achat en ligne )\nTout document justifiant l'urgence du déplacement et réclamé par la préfecture (par exemple, acte de décès, attestation d'hospitalisation, attestation de l'employeur, fiche de paie...)\n\n Justificatif du domicile  : original + photocopie\nVérifiez si    l'état civil du lieu de naissance est dématérialisé \n\n. Si ce n'est pas le cas, il faut fournir un  acte de naissance (copie intégrale ou extrait avec filiation)  de  moins de 3 mois .\n\n Justificatif de nationalité française  si vous vous trouvez dans une situation particulière (naissance à l'étranger de parents nés à l'étranger par exemple)",
    "link": "https://www.service-public.fr/particuliers/vosdroits/F1373",
    "name": "F1373--en-france-france-9--pieces-a-f-ournir-16--vous-navez-seport-28.json",
    "arborescence": {
        "audience": "Particuliers",
        "theme": "Papiers - Citoyenneté",
        "dossier": "Passeport",
        "sous_dossier": "Pour un majeur",
        "titre": "Passeport en urgence : passeport temporaire pour un majeur"
    }
}