{
    "text": "Contester une décision de justice : saisir la Cour de cassation : \n Vous pouvez saisir la Cour de cassation via un pourvoi en cassation. C'est  une voie de recours qui vise à contester une décision de justice   que vous estimez contraire à la loi. C'est le dernier recours possible dans une affaire judiciaire. La Cour de cassation est située à Paris. \n \n\n\nPour une affaire civile: \n\nOuverture du pourvoi en cassation: \n\n\nDépôt de la déclaration de pourvoi\nPour lancer la procédure, vous devez déposer une déclaration de pourvoi. Elle doit être datée et signée.\nElle doit contenir les informations suivantes :\nVos nom, prénoms et domicile\nCoordonnées de votre adversaire\nDécision attaquée en précisant le ou les élément(s) contesté(s)\nCoordonnées de votre avocat\nC'est votre avocat, qui doit être un avocat à la Cour de cassation et au Conseil d’État, qui déposera lui-même votre déclaration.\nElle doit être remise avec demande d'avis de réception au greffe de la Cour de cassation à Paris.\nLe dépôt de la déclaration doit se faire dans les  \n 2 mois \n  :\nÀ partir du jour où la décision vous a été  notifiée  par le greffe du tribunal qui a rendu la décision attaquée (affaires où la présence d'un avocat n'est pas obligatoire)\nÀ partir du jour où la décision vous a été  signifiée  (affaires où la représentation par un avocat est obligatoire)\nÀ partir de la fin du  délai d'opposition  pour les jugements et arrêts rendus par défaut, (en l'absence d'au moins une partie).\nCe délai est augmenté d'1 mois pour les personnes résidant outre-mer, lorsque le tribunal ayant rendu la décision attaquée a son siège en France métropolitaine. De même, lorsque la juridiction compétente a son siège en outre-mer, le délai est augmenté d'1 mois pour les personnes résidant en France métropolitaine.\nPour les personnes résidant à l'étranger, ce délai est augmenté de 2 mois.\nil n'y a pas de délai maximal lorsque le motif de cassation invoqué est une contrariété de jugements, c'est-à-dire une opposition entre 2 décisions de justice rendues sur un même objet.\nDépôt du mémoire\nDès que la déclaration sera enregistrée par le greffe, votre avocat aura  4 mois  pour déposer auprès de la Cour de cassation un document écrit (un  mémoire ) détaillant vos arguments ( moyens ).\nDans certains cas, le président de la Cour de cassation peut réduire ce délai, de lui-même ou à la demande d'une des parties. Par exemple, en matière de divorce, ce délai est souvent fixé à 3 mois.",
    "text_reader": "\n Vous pouvez saisir la Cour de cassation via un pourvoi en cassation. C'est  une voie de recours qui vise à contester une décision de justice   que vous estimez contraire à la loi. C'est le dernier recours possible dans une affaire judiciaire. La Cour de cassation est située à Paris. \n \n\n\n\n\n\n\nOuverture du pourvoi en cassation\nDépôt de la déclaration de pourvoi\nPour lancer la procédure, vous devez déposer une déclaration de pourvoi. Elle doit être datée et signée.\nElle doit contenir les informations suivantes :\nVos nom, prénoms et domicile\nCoordonnées de votre adversaire\nDécision attaquée en précisant le ou les élément(s) contesté(s)\nCoordonnées de votre avocat\nC'est votre avocat, qui doit être un avocat à la Cour de cassation et au Conseil d’État, qui déposera lui-même votre déclaration.\nElle doit être remise avec demande d'avis de réception au greffe de la Cour de cassation à Paris.\nLe dépôt de la déclaration doit se faire dans les  \n 2 mois \n  :\nÀ partir du jour où la décision vous a été  notifiée  par le greffe du tribunal qui a rendu la décision attaquée (affaires où la présence d'un avocat n'est pas obligatoire)\nÀ partir du jour où la décision vous a été  signifiée  (affaires où la représentation par un avocat est obligatoire)\nÀ partir de la fin du  délai d'opposition  pour les jugements et arrêts rendus par défaut, (en l'absence d'au moins une partie).\nCe délai est augmenté d'1 mois pour les personnes résidant outre-mer, lorsque le tribunal ayant rendu la décision attaquée a son siège en France métropolitaine. De même, lorsque la juridiction compétente a son siège en outre-mer, le délai est augmenté d'1 mois pour les personnes résidant en France métropolitaine.\nPour les personnes résidant à l'étranger, ce délai est augmenté de 2 mois.\nil n'y a pas de délai maximal lorsque le motif de cassation invoqué est une contrariété de jugements, c'est-à-dire une opposition entre 2 décisions de justice rendues sur un même objet.\nDépôt du mémoire\nDès que la déclaration sera enregistrée par le greffe, votre avocat aura  4 mois  pour déposer auprès de la Cour de cassation un document écrit (un  mémoire ) détaillant vos arguments ( moyens ).\nDans certains cas, le président de la Cour de cassation peut réduire ce délai, de lui-même ou à la demande d'une des parties. Par exemple, en matière de divorce, ce délai est souvent fixé à 3 mois.",
    "link": "https://www.service-public.fr/particuliers/vosdroits/F1382",
    "name": "F1382--pour-une-a-civile-23--ouverture--sation-33.json",
    "arborescence": {
        "audience": "Particuliers",
        "theme": "Justice",
        "dossier": "Contestation d'un jugement",
        "sous_dossier": "",
        "titre": "Contester une décision de justice : saisir la Cour de cassation"
    }
}