{
    "text": "Rémunération d'un salarié en chômage partiel (activité partielle) : \n En cas d'activité partielle, les salariés ayant une perte de salaire, en raison de la réduction de leur temps de travail, sont indemnisés par l'employeur. En contrepartie, celui-ci perçoit une allocation d'activité partielle cofinancée par l'État et l'Unédic. \n \n\n\nAvant mars 2020: \n\nHeures indemnisées: Les heures chômées prises en compte correspondent à la différence entre le nombre d'heures réellement travaillées et la durée légale du travail. Lorsque la durée du travail est inférieure à la durée légale, les heures chômées prises en compte correspondent à la différence entre le nombre d'heures réellement travaillées et cette durée. Seules les heures chômées dans la limite de la durée légale du travail sont indemnisables. Les heures supplémentaires accomplies en raison d'un horaire collectif supérieur à 35 heures ne doivent pas être payées au  salaire initialement convenu. Ces heures n'ouvrent pas droit au versement de l'allocation d'activité partielle de l'État à l'employeur. Pour les salariés travaillant en forfait heures ou jours sur l'année, c'est la durée légale correspondant aux jours de fermeture de l'établissement ou du service qui est prise en compte compte (dans la limite de 7 heures par jour ou 3h30 par demi-journée de fermeture).\n\n",
    "text_reader": "\n En cas d'activité partielle, les salariés ayant une perte de salaire, en raison de la réduction de leur temps de travail, sont indemnisés par l'employeur. En contrepartie, celui-ci perçoit une allocation d'activité partielle cofinancée par l'État et l'Unédic. \n \n\n\n\n\nLes heures chômées prises en compte correspondent à la différence entre le nombre d'heures réellement travaillées et la durée légale du travail. Lorsque la durée du travail est inférieure à la durée légale, les heures chômées prises en compte correspondent à la différence entre le nombre d'heures réellement travaillées et cette durée. Seules les heures chômées dans la limite de la durée légale du travail sont indemnisables. Les heures supplémentaires accomplies en raison d'un horaire collectif supérieur à 35 heures ne doivent pas être payées au  salaire initialement convenu. Ces heures n'ouvrent pas droit au versement de l'allocation d'activité partielle de l'État à l'employeur. Pour les salariés travaillant en forfait heures ou jours sur l'année, c'est la durée légale correspondant aux jours de fermeture de l'établissement ou du service qui est prise en compte compte (dans la limite de 7 heures par jour ou 3h30 par demi-journée de fermeture).\n\n",
    "link": "https://www.service-public.fr/particuliers/vosdroits/F13898",
    "name": "F13898--avant-mars-s-2020-15--heures-ind-nisees-18.json",
    "arborescence": {
        "audience": "Particuliers",
        "theme": "Social - Santé",
        "dossier": "Chômage partiel",
        "sous_dossier": "",
        "titre": "Rémunération d'un salarié en chômage partiel (activité partielle)"
    }
}