{
    "text": "Adoption : comment faire une demande d'agrément ? : \n Pour pouvoir adopter un enfant, vous devez obtenir un agrément délivré par le service d'aide sociale à l'enfance (ASE) de votre département. L'agrément permet de s'assurer des conditions d'accueil. Il est accordé pour une durée de 5 ans. La décision de refus d'agrément peut être contestée. \n \n\n\n\n\nTraitement de la demande: Votre projet d'adoption fait l'objet d'une évaluation sociale et psychologique. Ces évaluations donnent lieu à des rencontres avec  les professionnels concernés (assistant de service social, psychologue, etc...). Pendant l'instruction de votre dossier, vous pouvez consulter les documents qui y figurent (évaluations etc...) et faire connaître vos observations. L'agrément est instruit et délivré dans les 9 mois à partir du jour de la confirmation de votre demande.\n\n",
    "text_reader": "\n Pour pouvoir adopter un enfant, vous devez obtenir un agrément délivré par le service d'aide sociale à l'enfance (ASE) de votre département. L'agrément permet de s'assurer des conditions d'accueil. Il est accordé pour une durée de 5 ans. La décision de refus d'agrément peut être contestée. \n \n\n\n\n\nVotre projet d'adoption fait l'objet d'une évaluation sociale et psychologique. Ces évaluations donnent lieu à des rencontres avec  les professionnels concernés (assistant de service social, psychologue, etc...). Pendant l'instruction de votre dossier, vous pouvez consulter les documents qui y figurent (évaluations etc...) et faire connaître vos observations. L'agrément est instruit et délivré dans les 9 mois à partir du jour de la confirmation de votre demande.\n\n",
    "link": "https://www.service-public.fr/particuliers/vosdroits/F1383",
    "name": "F1383--traitement-emande-24.json",
    "arborescence": {
        "audience": "Particuliers",
        "theme": "Famille",
        "dossier": "Adoption",
        "sous_dossier": "",
        "titre": "Adoption : comment faire une demande d'agrément ?"
    }
}