{
    "text": "Conseil d'école à l'école primaire (maternelle et élémentaire) : \n Le conseil d'école  est composé de personnels de l'école et de représentants des parents d'élèves. Il se réunit pour prendre les  décisions qui concernent la vie de l'école,  voter le règlement intérieur de l'école et adopter le projet d'école. \n \n\n\n\n\nDurée du mandat: Les membres du conseil d'école siègent pendant une année jusqu'à leur renouvellement.\n\n",
    "text_reader": "\n Le conseil d'école  est composé de personnels de l'école et de représentants des parents d'élèves. Il se réunit pour prendre les  décisions qui concernent la vie de l'école,  voter le règlement intérieur de l'école et adopter le projet d'école. \n \n\n\n\n\nLes membres du conseil d'école siègent pendant une année jusqu'à leur renouvellement.\n\n",
    "link": "https://www.service-public.fr/particuliers/vosdroits/F1399",
    "name": "F1399--duree-du-m-mandat-15.json",
    "arborescence": {
        "audience": "Particuliers",
        "theme": "Famille",
        "dossier": "École primaire (maternelle et élémentaire)",
        "sous_dossier": "Rôle et participation des parents",
        "titre": "Conseil d'école à l'école primaire (maternelle et élémentaire)"
    }
}