{
    "text": "Télétravail dans le secteur public : \n Le télétravail permet à un agent public de travailler hors des locaux de son administration, en utilisant les technologies de l’information et de la communication. Il peut concerner aussi bien l'agent titulaire que contractuel. \n \n\n\nFonction publique d'État (FPE): \n\nMise en place: Les conditions de mise en place du télétravail sont fixées, après avis du comité technique  compétent par arrêté ministériel. Cet arrêté  fixe les points suivants : Activités pouvant être exercées en télétravail Liste et  localisation des locaux professionnels éventuellement mis à disposition par l'administration pour l'exercice des fonctions en télétravail, le nombre de postes de travail qui y sont disponibles et leurs équipements Règles à respecter en matière de sécurité des systèmes d'information et de protection des données Règles à respecter en matière de temps de travail, de sécurité et de protection de la santé Conditions d'accès sur le lieu du télétravail aux instances chargées de veiller à la bonne application des règles en matière d'hygiène et de sécurité Conditions de contrôle et de comptabilisation du temps de travail Conditions de prise en charge, par l'administration, des coûts découlant directement de l'exercice du télétravail (matériels, logiciels, abonnements, communications, outils, maintenance de ces équipements) Conditions de formation aux équipements et outils nécessaires au télétravail Conditions d'établissement de l'attestation de conformité des installations aux spécifications techniques quand l'agent télétravaille chez lui ou dans un autre lieu privé.\n\n",
    "text_reader": "\n Le télétravail permet à un agent public de travailler hors des locaux de son administration, en utilisant les technologies de l’information et de la communication. Il peut concerner aussi bien l'agent titulaire que contractuel. \n \n\n\n\n\nLes conditions de mise en place du télétravail sont fixées, après avis du comité technique  compétent par arrêté ministériel. Cet arrêté  fixe les points suivants : Activités pouvant être exercées en télétravail Liste et  localisation des locaux professionnels éventuellement mis à disposition par l'administration pour l'exercice des fonctions en télétravail, le nombre de postes de travail qui y sont disponibles et leurs équipements Règles à respecter en matière de sécurité des systèmes d'information et de protection des données Règles à respecter en matière de temps de travail, de sécurité et de protection de la santé Conditions d'accès sur le lieu du télétravail aux instances chargées de veiller à la bonne application des règles en matière d'hygiène et de sécurité Conditions de contrôle et de comptabilisation du temps de travail Conditions de prise en charge, par l'administration, des coûts découlant directement de l'exercice du télétravail (matériels, logiciels, abonnements, communications, outils, maintenance de ces équipements) Conditions de formation aux équipements et outils nécessaires au télétravail Conditions d'établissement de l'attestation de conformité des installations aux spécifications techniques quand l'agent télétravaille chez lui ou dans un autre lieu privé.\n\n",
    "link": "https://www.service-public.fr/particuliers/vosdroits/F13974",
    "name": "F13974--fonction-p-at-fpe-30--mise-en-pl--place-13.json",
    "arborescence": {
        "audience": "Particuliers",
        "theme": "Travail",
        "dossier": "Conditions de travail dans la fonction publique",
        "sous_dossier": "Droit des agents publics",
        "titre": "Télétravail dans le secteur public"
    }
}