{
    "text": "Télétravail dans le secteur public : \n Le télétravail permet à un agent public de travailler hors des locaux de son administration, en utilisant les technologies de l’information et de la communication. Il peut concerner aussi bien l'agent titulaire que contractuel. \n \n\n\nFonction publique d'État (FPE): \n\nDe quoi s'agit-il ?: Le télétravail est une forme d'organisation du travail qui permet à l'agent de travailler ailleurs que dans son service ou ses locaux habituels grâce aux technologies de l'information et de la communication (Tic). Le télétravail est mis en place à la demande de l'agent. les astreintes (périodes pendant lesquelles l'agent  doit rester chez lui,  à disposition de son administration) et les interventions pendant une  astreinte ne constituent pas  du télétravail.\n\n",
    "text_reader": "\n Le télétravail permet à un agent public de travailler hors des locaux de son administration, en utilisant les technologies de l’information et de la communication. Il peut concerner aussi bien l'agent titulaire que contractuel. \n \n\n\n\n\nLe télétravail est une forme d'organisation du travail qui permet à l'agent de travailler ailleurs que dans son service ou ses locaux habituels grâce aux technologies de l'information et de la communication (Tic). Le télétravail est mis en place à la demande de l'agent. les astreintes (périodes pendant lesquelles l'agent  doit rester chez lui,  à disposition de son administration) et les interventions pendant une  astreinte ne constituent pas  du télétravail.\n\n",
    "link": "https://www.service-public.fr/particuliers/vosdroits/F13974",
    "name": "F13974--fonction-p-at-fpe-30--de-quoi-sa-git-il-19.json",
    "arborescence": {
        "audience": "Particuliers",
        "theme": "Travail",
        "dossier": "Conditions de travail dans la fonction publique",
        "sous_dossier": "Droit des agents publics",
        "titre": "Télétravail dans le secteur public"
    }
}