{
    "text": "CPF de transition : \n Le projet de transition professionnelle (PTP), ex-Cif, permet au salarié de s'absenter de son poste afin de suivre une formation pour se qualifier, évoluer ou se reconvertir. Il est appelé  CPF de transition . Il est ouvert sous conditions et est accordé sur demande à l'employeur. Le salarié est rémunéré pendant toute la durée de la formation. \n \n\n\nVous avez le même employeur depuis 1 an: \n\nConditions pour en bénéficier: Le salarié  doit justifier d'une activité salariée d'au moins 2 ans consécutifs ou non, dont 1 an dans la même entreprise, quelque soit la nature des contrats successifs.\n\n",
    "text_reader": "\n Le projet de transition professionnelle (PTP), ex-Cif, permet au salarié de s'absenter de son poste afin de suivre une formation pour se qualifier, évoluer ou se reconvertir. Il est appelé  CPF de transition . Il est ouvert sous conditions et est accordé sur demande à l'employeur. Le salarié est rémunéré pendant toute la durée de la formation. \n \n\n\n\n\nLe salarié  doit justifier d'une activité salariée d'au moins 2 ans consécutifs ou non, dont 1 an dans la même entreprise, quelque soit la nature des contrats successifs.\n\n",
    "link": "https://www.service-public.fr/particuliers/vosdroits/F14018",
    "name": "F14018--vous-avez--s-1-an-39--conditions-ficier-29.json",
    "arborescence": {
        "audience": "Particuliers",
        "theme": "Travail",
        "dossier": "Formation des salariés du secteur privé",
        "sous_dossier": "Congés et absence pour formation",
        "titre": "CPF de transition"
    }
}