{
    "text": "Enseignement et formation d'un détenu en prison : \n\nDétenu mineur: \n\nInformation des parents: Les parents sont tenus au courant de la scolarité de leur enfant mineur détenu. L'emploi du temps scolaire et le livret d'attestation du parcours scolaire leur sont transmis. Des réunions leur sont proposées pour évoquer les questions liées à la formation et à l'orientation.\n\n",
    "text_reader": "\n\n\n\nLes parents sont tenus au courant de la scolarité de leur enfant mineur détenu. L'emploi du temps scolaire et le livret d'attestation du parcours scolaire leur sont transmis. Des réunions leur sont proposées pour évoquer les questions liées à la formation et à l'orientation.\n\n",
    "link": "https://www.service-public.fr/particuliers/vosdroits/F14152",
    "name": "F14152--detenu-min-mineur-13--informatio-arents-23.json",
    "arborescence": {
        "audience": "Particuliers",
        "theme": "Justice",
        "dossier": "Prison",
        "sous_dossier": "",
        "titre": "Enseignement et formation d'un détenu en prison"
    }
}