{
    "text": "Acte de naissance : demande de copie intégrale ou d'extrait : \n Un acte de naissance peut donner lieu à la délivrance de 3 documents différents : la copie intégrale, l'extrait avec filiation et l'extrait sans filiation. Les conditions de délivrance dépendent de la nature du document que vous demandez. La démarche pour l'obtenir varie en fonction du lieu de naissance de la personne concernée par l'acte. La démarche est toujours gratuite. \n \n\n\nNé(e) à l'étranger: \n\nDe quoi s'agit-il ?: \n\nCopie intégrale\nLa copie intégrale reproduit intégralement les informations figurant  dans l'acte de naissance  inscrit sur le registre d'état civil.\nElle comporte notamment des informations relatives :\nà la personne concernée par l'acte (nom, prénoms, date et lieu de naissance),\nà ses parents\net aux  mentions marginales  lorsqu'elles existent.",
    "text_reader": "\n Un acte de naissance peut donner lieu à la délivrance de 3 documents différents : la copie intégrale, l'extrait avec filiation et l'extrait sans filiation. Les conditions de délivrance dépendent de la nature du document que vous demandez. La démarche pour l'obtenir varie en fonction du lieu de naissance de la personne concernée par l'acte. La démarche est toujours gratuite. \n \n\n\n\n\n\n\nCopie intégrale\nLa copie intégrale reproduit intégralement les informations figurant  dans l'acte de naissance  inscrit sur le registre d'état civil.\nElle comporte notamment des informations relatives :\nà la personne concernée par l'acte (nom, prénoms, date et lieu de naissance),\nà ses parents\net aux  mentions marginales  lorsqu'elles existent.",
    "link": "https://www.service-public.fr/particuliers/vosdroits/F1427",
    "name": "F1427--nee-a-letr-ranger-18--de-quoi-sa-git-il-19--copie-inte-egrale-15.json",
    "arborescence": {
        "audience": "Particuliers",
        "theme": "Papiers - Citoyenneté",
        "dossier": "Actes d'état civil",
        "sous_dossier": "",
        "titre": "Acte de naissance : demande de copie intégrale ou d'extrait"
    }
}