{
    "text": "Acte de mariage : demande de copie intégrale ou d'extrait : \n Un acte de mariage peut donner lieu à la délivrance de 3 documents différents : la copie intégrale, l'extrait avec filiation et l'extrait sans filiation. Les conditions de délivrance dépendent de la nature du document que vous demandez. Les démarches pour l'obtenir varient en fonction du lieu du mariage. \n \n\n\nMariage en France: \n\nDe quoi s'agit-il ?: \n\nCopie intégrale\nLa copie intégrale reproduit intégralement les informations figurant dans l'acte de mariage inscrit sur le registre d'état civil. \nElle comporte notamment des informations :\nsur chaque époux (nom, prénoms, date et lieu de naissance), \ndes informations sur leurs  parents (identité, profession et domicile),\net les  mentions marginales  lorsqu'elles existent.",
    "text_reader": "\n Un acte de mariage peut donner lieu à la délivrance de 3 documents différents : la copie intégrale, l'extrait avec filiation et l'extrait sans filiation. Les conditions de délivrance dépendent de la nature du document que vous demandez. Les démarches pour l'obtenir varient en fonction du lieu du mariage. \n \n\n\n\n\n\n\nCopie intégrale\nLa copie intégrale reproduit intégralement les informations figurant dans l'acte de mariage inscrit sur le registre d'état civil. \nElle comporte notamment des informations :\nsur chaque époux (nom, prénoms, date et lieu de naissance), \ndes informations sur leurs  parents (identité, profession et domicile),\net les  mentions marginales  lorsqu'elles existent.",
    "link": "https://www.service-public.fr/particuliers/vosdroits/F1432",
    "name": "F1432--mariage-en-france-17--de-quoi-sa-git-il-19--copie-inte-egrale-15.json",
    "arborescence": {
        "audience": "Particuliers",
        "theme": "Papiers - Citoyenneté",
        "dossier": "Actes d'état civil",
        "sous_dossier": "",
        "titre": "Acte de mariage : demande de copie intégrale ou d'extrait"
    }
}