{
    "text": "Déroulement de la procédure devant le tribunal de police : \n Le tribunal de police est compétent pour juger l'auteur de  contraventions . Le procureur de la république  peut mettre en œuvre une procédure simplifiée sans audience donnant lieu à une  ordonnance pénale . Il peut également décider de poursuites par une procédure ordinaire avec la tenue d'une audience et le prononcé d'un jugement. La victime peut se constituer  partie civile  devant le tribunal de police. La décision du tribunal  est susceptible de recours. \n \n\n\nProcédure ordinaire: \n\nRecours: La voie de recours dépend de la  qualification  du jugement et de la  peine  prononcée. Cette qualification  est obligatoirement indiquée dans la décision. Elle dépend du fait que la personne ait été correctement convoquée  et de sa présence ou non à l'audience.\n\nOpposition \nL'affaire est rejugée par le tribunal de police qui a rendu le jugement.\nL' opposition  concerne les jugements rendus par  défaut  (parties n'ayant pas eu connaissance de la convocation et absentes à l'audience).\nLes parties ont  \n 10 jours \n  à compter de la signification du jugement pour faire opposition.\nL'opposition se forme soit :\npar lettre adressée au   greffe  qui a rendu l'ordonnance pénale (le cachet de la poste prouve la date)\npar déclaration verbale au greffe qui l'enregistre. Elle est signée par le prévenu ou son avocat.",
    "text_reader": "\n Le tribunal de police est compétent pour juger l'auteur de  contraventions . Le procureur de la république  peut mettre en œuvre une procédure simplifiée sans audience donnant lieu à une  ordonnance pénale . Il peut également décider de poursuites par une procédure ordinaire avec la tenue d'une audience et le prononcé d'un jugement. La victime peut se constituer  partie civile  devant le tribunal de police. La décision du tribunal  est susceptible de recours. \n \n\n\n\n\nLa voie de recours dépend de la  qualification  du jugement et de la  peine  prononcée. Cette qualification  est obligatoirement indiquée dans la décision. Elle dépend du fait que la personne ait été correctement convoquée  et de sa présence ou non à l'audience.\n\nOpposition \nL'affaire est rejugée par le tribunal de police qui a rendu le jugement.\nL' opposition  concerne les jugements rendus par  défaut  (parties n'ayant pas eu connaissance de la convocation et absentes à l'audience).\nLes parties ont  \n 10 jours \n  à compter de la signification du jugement pour faire opposition.\nL'opposition se forme soit :\npar lettre adressée au   greffe  qui a rendu l'ordonnance pénale (le cachet de la poste prouve la date)\npar déclaration verbale au greffe qui l'enregistre. Elle est signée par le prévenu ou son avocat.",
    "link": "https://www.service-public.fr/particuliers/vosdroits/F1457",
    "name": "F1457--procedure--inaire-19--recours-ecours-7--opposition-sition-11.json",
    "arborescence": {
        "audience": "Particuliers",
        "theme": "Justice",
        "dossier": "Affaire pénale",
        "sous_dossier": "Déroulement d'un procès",
        "titre": "Déroulement de la procédure devant le tribunal de police"
    }
}