{
    "text": "Composition pénale : \n\nAuteur mineur: \n\nProcédure: \n\nine de prison de plus de 3 ans\nSi la composition pénale est acceptée, le procureur de la République doit saisir  le  juge des enfants . Le juge  valide la composition pénale. La validation par le juge est obligatoire si la peine encourue est supérieure à 3 ans.\nLe juge des enfants peut procéder à l'audition du mineur, de ses représentants légaux et de la victime, éventuellement assistés de leur(s) avocat(s). Si le mineur et ses représentants légaux veulent être entendus par le juge, il doit faire droit à leur demande.\nSi la composition est validée, les mesures décidées sont mises à  exécution . Les représentants légaux doivent donner leur accord. Cet accord est consigné dans un procès-verbal, dont une copie est transmise au mineur et aux représentants légaux et le cas échéant à la victime.\n\n L'exécution  de la composition pénale rend  toute nouvelle poursuite pénale impossible pour les mêmes faits.\nLes mesures décidées doivent alors être mises à exécution sous l'autorité du procureur, qui peut désigner un délégué, une association ou un médiateur pour en suivre le déroulement.\nSi les mesures sont exécutées comme prévu, le procureur classe l'affaire.\nSi le mineur n'exécute pas totalement la sanction dans le délai prévu dans la décision, le procureur peut décider d'engager des poursuites devant le tribunal.\nla composition pénale exécutée fait l'objet d'une inscription au bulletin n°1 du  casier judiciaire .",
    "text_reader": "\n\n\n\n\n\nPeine de prison de plus de 3 ans\nSi la composition pénale est acceptée, le procureur de la République doit saisir  le  juge des enfants . Le juge  valide la composition pénale. La validation par le juge est obligatoire si la peine encourue est supérieure à 3 ans.\nLe juge des enfants peut procéder à l'audition du mineur, de ses représentants légaux et de la victime, éventuellement assistés de leur(s) avocat(s). Si le mineur et ses représentants légaux veulent être entendus par le juge, il doit faire droit à leur demande.\nSi la composition est validée, les mesures décidées sont mises à  exécution . Les représentants légaux doivent donner leur accord. Cet accord est consigné dans un procès-verbal, dont une copie est transmise au mineur et aux représentants légaux et le cas échéant à la victime.\n\n L'exécution  de la composition pénale rend  toute nouvelle poursuite pénale impossible pour les mêmes faits.\nLes mesures décidées doivent alors être mises à exécution sous l'autorité du procureur, qui peut désigner un délégué, une association ou un médiateur pour en suivre le déroulement.\nSi les mesures sont exécutées comme prévu, le procureur classe l'affaire.\nSi le mineur n'exécute pas totalement la sanction dans le délai prévu dans la décision, le procureur peut décider d'engager des poursuites devant le tribunal.\nla composition pénale exécutée fait l'objet d'une inscription au bulletin n°1 du  casier judiciaire .",
    "link": "https://www.service-public.fr/particuliers/vosdroits/F1461",
    "name": "F1461--auteur-min-mineur-13--procedure-cedure-9--peine-de-p--3-ans-32.json",
    "arborescence": {
        "audience": "Particuliers",
        "theme": "Justice",
        "dossier": "Affaire pénale",
        "sous_dossier": "Mesures alternatives au procès",
        "titre": "Composition pénale"
    }
}