{
    "text": "Véhicule à détruire et carte grise : \n Si vous décidez de faire détruire votre véhicule, notamment une voiture, une camionnette ou un 2 roues, vous devez le remettre à un centre VHU agréé.  Ce véhicule doit impérativement être entier. \n \n\n\nVéhicule immatriculé en France: \n\nÀ qui s'adresser pour faire détruire son véhicule ?: Vous devez vous adresser à un centre Véhicule Hors d'Usage (VHU). En effet, les véhicules usagés étant considérés comme des déchets, seuls les centres VHU sont habilités à en assurer la destruction. Vous pouvez reconnaître un centre VHU à son logo : Ministère de l'environnement Logo des centres qui s'occupent de la destruction des véhicules hors d'usage\n\n",
    "text_reader": "\n Si vous décidez de faire détruire votre véhicule, notamment une voiture, une camionnette ou un 2 roues, vous devez le remettre à un centre VHU agréé.  Ce véhicule doit impérativement être entier. \n \n\n\n\n\nVous devez vous adresser à un centre Véhicule Hors d'Usage (VHU). En effet, les véhicules usagés étant considérés comme des déchets, seuls les centres VHU sont habilités à en assurer la destruction. Vous pouvez reconnaître un centre VHU à son logo : Ministère de l'environnement Logo des centres qui s'occupent de la destruction des véhicules hors d'usage\n\n",
    "link": "https://www.service-public.fr/particuliers/vosdroits/F1468",
    "name": "F1468--vehicule-i-france-30--a-qui-sadr-hicule-51.json",
    "arborescence": {
        "audience": "Particuliers",
        "theme": "Transports",
        "dossier": "Carte grise (certificat d'immatriculation)",
        "sous_dossier": "Modifications du véhicule",
        "titre": "Véhicule à détruire et carte grise"
    }
}