{
    "text": "Allocation d'éducation de l'enfant handicapé (AEEH) : \n L'allocation d'éducation de l'enfant handicapé (AEEH) est une aide financière destinée à compenser vos dépenses liées  à la situation de handicap de votre enfant. Elle concerne les enfants de moins de 20 ans. L'AEEH est versée aux parents. Elle peut être complétée, dans certains cas, par d'autres allocations. \n \n\n\n\n\nDémarche: \n\noubs (25)\nVous devez remplir un formulaire et l'envoyer à votre MDPH, de préférence par lettre recommandée avec avis de réception.\nÀ joindre à toute demande",
    "text_reader": "\n L'allocation d'éducation de l'enfant handicapé (AEEH) est une aide financière destinée à compenser vos dépenses liées  à la situation de handicap de votre enfant. Elle concerne les enfants de moins de 20 ans. L'AEEH est versée aux parents. Elle peut être complétée, dans certains cas, par d'autres allocations. \n \n\n\n\n\n\n\nDoubs (25)\nVous devez remplir un formulaire et l'envoyer à votre MDPH, de préférence par lettre recommandée avec avis de réception.\nÀ joindre à toute demande",
    "link": "https://www.service-public.fr/particuliers/vosdroits/F14809",
    "name": "F14809--demarche-marche-8--doubs-25-ubs-25-10.json",
    "arborescence": {
        "audience": "Particuliers",
        "theme": "Social - Santé",
        "dossier": "Handicap : allocations (AAH, AEEH) et aides",
        "sous_dossier": "",
        "titre": "Allocation d'éducation de l'enfant handicapé (AEEH)"
    }
}