{
    "text": "Déroulement d'une affaire devant le tribunal correctionnel : \n Le tribunal correctionnel est compétent pour juger une personne soupçonnée d'avoir commis un    délit . Il peut être saisi de plusieurs manières. L'audience se déroule devant 1 ou 3 juges. Le  prévenu   doit être présent ou représenté par un avocat. Le tribunal rend sa décision après un  débat contradictoire . Les décisions sont adaptées à la personnalité du condamné et à ses ressources. Les décisions peuvent être contestées  en faisant  appel . \n \n\n\n\n\nComparution du prévenu: S'il est présent, le prévenu peut comparaître seul ou avec son avocat. S'il est absent, le prévenu doit être représenté à l'audience par un avocat. La procédure diffère selon que le prévenu est ou non au courant du procès.\n\nPrévenu informé du procès\nS'il n'est pas amené menotté par les policiers ou les gendarmes, le prévenu doit se présenter  à l'audience.\nLe prévenu est supposé être au courant de son procès s'il a bien reçu sa convocation.\nSi le prévenu est absent, il peut se faire représenter par son avocat. Il doit alors adresser une lettre au tribunal pour l'indiquer. Mais si le tribunal estime que le prévenu doit venir à l'audience, il peut renvoyer l'affaire à une date ultérieure.\nSi le prévenu est absent et qu'il n'a pas d'excuse valable, l'affaire sera traitée par un jugement  contradictoire à signifier . Le procès aura lieu sans le prévenu et la décision du tribunal lui sera  signifiée  ultérieurement. Cette disposition s'applique même si l'avocat du prévenu est  présent à l'audience, alors que le tribunal avait demandé que le prévenu comparaisse personnellement.  Le tribunal peut aussi renvoyer l'affaire à une date ultérieure.\nSi la peine encourue est supérieure à 2 ans de prison, le tribunal peut délivrer un  mandat d'arrêt  ou  d'amener  contre le prévenu, pour permettre son jugement.",
    "text_reader": "\n Le tribunal correctionnel est compétent pour juger une personne soupçonnée d'avoir commis un    délit . Il peut être saisi de plusieurs manières. L'audience se déroule devant 1 ou 3 juges. Le  prévenu   doit être présent ou représenté par un avocat. Le tribunal rend sa décision après un  débat contradictoire . Les décisions sont adaptées à la personnalité du condamné et à ses ressources. Les décisions peuvent être contestées  en faisant  appel . \n \n\n\n\n\nS'il est présent, le prévenu peut comparaître seul ou avec son avocat. S'il est absent, le prévenu doit être représenté à l'audience par un avocat. La procédure diffère selon que le prévenu est ou non au courant du procès.\n\nPrévenu informé du procès\nS'il n'est pas amené menotté par les policiers ou les gendarmes, le prévenu doit se présenter  à l'audience.\nLe prévenu est supposé être au courant de son procès s'il a bien reçu sa convocation.\nSi le prévenu est absent, il peut se faire représenter par son avocat. Il doit alors adresser une lettre au tribunal pour l'indiquer. Mais si le tribunal estime que le prévenu doit venir à l'audience, il peut renvoyer l'affaire à une date ultérieure.\nSi le prévenu est absent et qu'il n'a pas d'excuse valable, l'affaire sera traitée par un jugement  contradictoire à signifier . Le procès aura lieu sans le prévenu et la décision du tribunal lui sera  signifiée  ultérieurement. Cette disposition s'applique même si l'avocat du prévenu est  présent à l'audience, alors que le tribunal avait demandé que le prévenu comparaisse personnellement.  Le tribunal peut aussi renvoyer l'affaire à une date ultérieure.\nSi la peine encourue est supérieure à 2 ans de prison, le tribunal peut délivrer un  mandat d'arrêt  ou  d'amener  contre le prévenu, pour permettre son jugement.",
    "link": "https://www.service-public.fr/particuliers/vosdroits/F1485",
    "name": "F1485--comparutio-revenu-22--prevenu-in-proces-25.json",
    "arborescence": {
        "audience": "Particuliers",
        "theme": "Justice",
        "dossier": "Affaire pénale",
        "sous_dossier": "Déroulement d'un procès",
        "titre": "Déroulement d'une affaire devant le tribunal correctionnel"
    }
}