{
    "text": "Passeport d'un mineur : première demande : \n Accessible avec un compte ANTS ou via France Connect \n \n\n\nEn France: \n\nPour demander le passeport biométrique d'un mineur, l'enfant et son représentant doivent se rendre dans une mairie équipée avec les pièces justificatives nécessaires. Les documents à présenter dépendent de la possession d'une carte d'identité récente.\n\n",
    "text_reader": "\n Accessible avec un compte ANTS ou via France Connect \n \n\n\n\n\nPour demander le passeport biométrique d'un mineur, l'enfant et son représentant doivent se rendre dans une mairie équipée avec les pièces justificatives nécessaires. Les documents à présenter dépendent de la possession d'une carte d'identité récente.\n\n",
    "link": "https://www.service-public.fr/particuliers/vosdroits/F14930",
    "name": "F14930--en-france-france-9.json",
    "arborescence": {
        "audience": "Particuliers",
        "theme": "Papiers - Citoyenneté",
        "dossier": "Passeport",
        "sous_dossier": "Pour un mineur",
        "titre": "Passeport d'un mineur : première demande"
    }
}