{
    "text": "Titre de reconnaissance de la Nation : \n Le Titre de reconnaissance de la nation (TRN) est accordé, à leur demande,  aux personnes ayant participé aux conflits armés majeurs auxquels la France a pris part. Il peut s'agir de militaires ou de personnes civiles, de nationalité française ou non, résidant ou non en France. Le titre se présente sous la forme d'un diplôme signé par le ministre chargé des anciens combattants et victimes de guerre. \n \n\n\n\n\nDe quoi s'agit-il ?: Le  titre de reconnaissance de la Nation est attribué,  à leur demande, aux membres des forces armées françaises ou aux personnes civiles qui ont participé à un conflit dans lequel la France a été engagée. Le titre se présente sous la forme d'un diplôme signé par le ministre chargé des anciens combattants et victimes de guerre. Il  ouvre  droit : au port de la médaille de reconnaissance de la Nation, au patronage de l' ONACVG  et à l'accès aux avantages qu'il procure  (notamment l'accueil en  maison de retraite   ), à une majoration de rente mutualiste par l'État, au droit, lors du décès, de recouvrir le cercueil du titulaire d'un drap tricolore.\n\n",
    "text_reader": "\n Le Titre de reconnaissance de la nation (TRN) est accordé, à leur demande,  aux personnes ayant participé aux conflits armés majeurs auxquels la France a pris part. Il peut s'agir de militaires ou de personnes civiles, de nationalité française ou non, résidant ou non en France. Le titre se présente sous la forme d'un diplôme signé par le ministre chargé des anciens combattants et victimes de guerre. \n \n\n\n\n\nLe  titre de reconnaissance de la Nation est attribué,  à leur demande, aux membres des forces armées françaises ou aux personnes civiles qui ont participé à un conflit dans lequel la France a été engagée. Le titre se présente sous la forme d'un diplôme signé par le ministre chargé des anciens combattants et victimes de guerre. Il  ouvre  droit : au port de la médaille de reconnaissance de la Nation, au patronage de l' ONACVG  et à l'accès aux avantages qu'il procure  (notamment l'accueil en  maison de retraite   ), à une majoration de rente mutualiste par l'État, au droit, lors du décès, de recouvrir le cercueil du titulaire d'un drap tricolore.\n\n",
    "link": "https://www.service-public.fr/particuliers/vosdroits/F1491",
    "name": "F1491--de-quoi-sa-git-il-19.json",
    "arborescence": {
        "audience": "Particuliers",
        "theme": "Papiers - Citoyenneté",
        "dossier": "Anciens combattants",
        "sous_dossier": "",
        "titre": "Titre de reconnaissance de la Nation"
    }
}