{
    "text": "Handicap : foyer d'accueil médicalisé (Fam) : \n Le foyer d'accueil médicalisé (Fam) propose un hébergement et un accompagnement à tout adulte handicapé gravement dépendant qui n'arrive pas à réaliser seul les actes de la vie courante (se nourrir, s'habiller...). En principe, le Fam accueille des personnes un peu moins dépendantes que la population hébergée en maison d'accueil spécialisée (Mas). Toutefois, dans la pratique, les publics sont sensiblement les mêmes. \n \n\n\n\n\nDémarche: La commission des droits et de l'autonomie des personnes handicapées (CDAPH)  se réunit ensuite pour se prononcer sur votre demande d'admission. Sa réponse intervient généralement dans un délai de 4 mois à partir de la date de dépôt de votre demande. En l'absence de réponse au delà de 4 mois, la demande est considérée comme rejetée.\n\nOccitanie\nAriège (09)\nVous devez remplir un formulaire et l'envoyer à votre MDPH, de préférence par lettre recommandée avec avis de réception.\nÀ joindre à toute demande\nAude (11)\nVous pouvez saisir votre demande en ligne.\nAveyron (12)\nVous pouvez saisir votre demande en ligne.\nL'usage de ce service est personnel (vous devez créer un compte) et son accès est sécurisé.\nGard (30)\nVous devez remplir un formulaire et l'envoyer à votre MDPH, de préférence par lettre recommandée avec avis de réception.\nÀ joindre à toute demande\nHaute-Garonne (31)\nVous pouvez saisir votre demande en ligne.\nL'usage de ce service est personnel (vous devez vous créer un compte) et son accès est sécurisé.\nGers (32)\nVous devez remplir un formulaire et l'envoyer à votre MDPH, de préférence par lettre recommandée avec avis de réception.\nÀ joindre à toute demande\nHérault (34)\nVous devez remplir un formulaire et l'envoyer à votre MDPH, de préférence par lettre recommandée avec avis de réception.\nÀ joindre à toute demande\nLot (46)\nVous devez remplir un formulaire et l'envoyer à votre MDPH, de préférence par lettre recommandée avec avis de réception.\nÀ joindre à toute demande\nLozère (48)\nVous devez remplir un formulaire et l'envoyer à votre MDPH, de préférence par lettre recommandée avec avis de réception.\nÀ joindre à toute demande\nHautes-Pyrénées (65)\nVous devez remplir un formulaire et l'envoyer à votre MDPH, de préférence par lettre recommandée avec avis de réception.\nÀ joindre à toute demande\nPyrénées-Orientales (66)\nVous devez remplir un formulaire et l'envoyer à votre MDPH, de préférence par lettre recommandée avec avis de réception.\nÀ joindre à toute demande\nTarn (81)\nVous devez remplir un formulaire et l'envoyer à votre MDPH, de préférence par lettre recommandée avec avis de réception.\nÀ joindre à toute demande\nTarn-et-Garonne (82)\nVous pouvez saisir votre demande en ligne.\nL'usage de ce service est personnel (vous devez créer un compte) et son accès est sécurisé.",
    "text_reader": "\n Le foyer d'accueil médicalisé (Fam) propose un hébergement et un accompagnement à tout adulte handicapé gravement dépendant qui n'arrive pas à réaliser seul les actes de la vie courante (se nourrir, s'habiller...). En principe, le Fam accueille des personnes un peu moins dépendantes que la population hébergée en maison d'accueil spécialisée (Mas). Toutefois, dans la pratique, les publics sont sensiblement les mêmes. \n \n\n\n\n\nLa commission des droits et de l'autonomie des personnes handicapées (CDAPH)  se réunit ensuite pour se prononcer sur votre demande d'admission. Sa réponse intervient généralement dans un délai de 4 mois à partir de la date de dépôt de votre demande. En l'absence de réponse au delà de 4 mois, la demande est considérée comme rejetée.\n\nOccitanie\nAriège (09)\nVous devez remplir un formulaire et l'envoyer à votre MDPH, de préférence par lettre recommandée avec avis de réception.\nÀ joindre à toute demande\nAude (11)\nVous pouvez saisir votre demande en ligne.\nAveyron (12)\nVous pouvez saisir votre demande en ligne.\nL'usage de ce service est personnel (vous devez créer un compte) et son accès est sécurisé.\nGard (30)\nVous devez remplir un formulaire et l'envoyer à votre MDPH, de préférence par lettre recommandée avec avis de réception.\nÀ joindre à toute demande\nHaute-Garonne (31)\nVous pouvez saisir votre demande en ligne.\nL'usage de ce service est personnel (vous devez vous créer un compte) et son accès est sécurisé.\nGers (32)\nVous devez remplir un formulaire et l'envoyer à votre MDPH, de préférence par lettre recommandée avec avis de réception.\nÀ joindre à toute demande\nHérault (34)\nVous devez remplir un formulaire et l'envoyer à votre MDPH, de préférence par lettre recommandée avec avis de réception.\nÀ joindre à toute demande\nLot (46)\nVous devez remplir un formulaire et l'envoyer à votre MDPH, de préférence par lettre recommandée avec avis de réception.\nÀ joindre à toute demande\nLozère (48)\nVous devez remplir un formulaire et l'envoyer à votre MDPH, de préférence par lettre recommandée avec avis de réception.\nÀ joindre à toute demande\nHautes-Pyrénées (65)\nVous devez remplir un formulaire et l'envoyer à votre MDPH, de préférence par lettre recommandée avec avis de réception.\nÀ joindre à toute demande\nPyrénées-Orientales (66)\nVous devez remplir un formulaire et l'envoyer à votre MDPH, de préférence par lettre recommandée avec avis de réception.\nÀ joindre à toute demande\nTarn (81)\nVous devez remplir un formulaire et l'envoyer à votre MDPH, de préférence par lettre recommandée avec avis de réception.\nÀ joindre à toute demande\nTarn-et-Garonne (82)\nVous pouvez saisir votre demande en ligne.\nL'usage de ce service est personnel (vous devez créer un compte) et son accès est sécurisé.",
    "link": "https://www.service-public.fr/particuliers/vosdroits/F15255",
    "name": "F15255--demarche-marche-8--occitanie-itanie-9.json",
    "arborescence": {
        "audience": "Particuliers",
        "theme": "Social - Santé",
        "dossier": "Hébergement d'une personne en situation de handicap",
        "sous_dossier": "Séjour long et médicalisé",
        "titre": "Handicap : foyer d'accueil médicalisé (Fam)"
    }
}