{
    "text": "Accueil familial d'une personne âgée et/ou handicapée (accueillant familial) : \n \t\t\tL’accueil familial est un dispositif permettant à une personne  âgée et/ou handicapée, moyennant rémunération, d'être accueillie au domicile d'un accueillant familial. La personne accueillie signe avec l'accueillant familial un  contrat d'accueil fixant les conditions matérielles, humaines et financières de l'accueil. La personne accueillie peut bénéficier d'aides sociales et fiscales.  \n \n\n\n\n\nAides financières: \n\nPour la personne accueillie\nLa personne accueillie peut bénéficier des aides suivantes sous réserves d'en remplir les conditions :\n\n Allocation personnalisée d'autonomie (Apa) \n\n\n Aide sociale à l'hébergement (ASH) \n",
    "text_reader": "\n \t\t\tL’accueil familial est un dispositif permettant à une personne  âgée et/ou handicapée, moyennant rémunération, d'être accueillie au domicile d'un accueillant familial. La personne accueillie signe avec l'accueillant familial un  contrat d'accueil fixant les conditions matérielles, humaines et financières de l'accueil. La personne accueillie peut bénéficier d'aides sociales et fiscales.  \n \n\n\n\n\n\n\nPour la personne accueillie\nLa personne accueillie peut bénéficier des aides suivantes sous réserves d'en remplir les conditions :\n\n Allocation personnalisée d'autonomie (Apa) \n\n\n Aide sociale à l'hébergement (ASH) \n",
    "link": "https://www.service-public.fr/particuliers/vosdroits/F15240",
    "name": "F15240--aides-fina-cieres-17--pour-la-pe-eillie-27.json",
    "arborescence": {
        "audience": "Particuliers",
        "theme": "Social - Santé",
        "dossier": "Hébergement des personnes âgées",
        "sous_dossier": "",
        "titre": "Accueil familial d'une personne âgée et/ou handicapée (accueillant familial)"
    }
}