{
    "text": "Quel est le délai de prescription applicable aux contrats d'assurance vie ? : \n\n\n\n\n\nLes litiges  liés à un contrat d'assurance vie peuvent donner lieu à des actions en justice. Les actions peuvent être introduites par :\nle   souscripteur, \n\n\n l'assuré, \n\nle  bénéficiaire, \n\nl'assureur\nou un tiers.\nLes  actions en justice liées à un contrat d'assurance vie  doivent être introduites dans un délai de  2 ans  à partir de l'événement qui est à la base de la démarche.\nAu-delà de ce délai, dit  délai de  prescription ,  l'action ne peut plus être introduite. Par exemple, l'action engagée par le souscripteur du contrat contre l'assureur.\nMais, dans certaines situations, le délai de prescription est  plus long  (de 10 à 30 ans) :\nPour une action liée à un contrat d'assurance sur la vie dont le bénéficiaire n'est pas le souscripteur, le délai est de 10 ans à partir du décès de l'assuré.\nPour une action liée à un contrat d'assurance contre les accidents de personne, quand le bénéficiaire est un ayant droit de l'assuré décédé, le délai est de 10 ans à partir du décès de l'assuré.\nPour une action engagée par le bénéficiaire, le délai est de 30 ans à partir du décès de l'assuré.",
    "text_reader": "\n\n\n\n\n\nLes litiges  liés à un contrat d'assurance vie peuvent donner lieu à des actions en justice. Les actions peuvent être introduites par :\nle   souscripteur, \n\n\n l'assuré, \n\nle  bénéficiaire, \n\nl'assureur\nou un tiers.\nLes  actions en justice liées à un contrat d'assurance vie  doivent être introduites dans un délai de  2 ans  à partir de l'événement qui est à la base de la démarche.\nAu-delà de ce délai, dit  délai de  prescription ,  l'action ne peut plus être introduite. Par exemple, l'action engagée par le souscripteur du contrat contre l'assureur.\nMais, dans certaines situations, le délai de prescription est  plus long  (de 10 à 30 ans) :\nPour une action liée à un contrat d'assurance sur la vie dont le bénéficiaire n'est pas le souscripteur, le délai est de 10 ans à partir du décès de l'assuré.\nPour une action liée à un contrat d'assurance contre les accidents de personne, quand le bénéficiaire est un ayant droit de l'assuré décédé, le délai est de 10 ans à partir du décès de l'assuré.\nPour une action engagée par le bénéficiaire, le délai est de 30 ans à partir du décès de l'assuré.",
    "link": "https://www.service-public.fr/particuliers/vosdroits/F15337",
    "name": "F15337.json",
    "arborescence": {
        "audience": "Particuliers",
        "theme": "Argent",
        "dossier": "Assurance vie",
        "sous_dossier": "",
        "titre": "Quel est le délai de prescription applicable aux contrats d'assurance vie ?"
    }
}