{
    "text": "Procès civil : comment se déroule l'audition des témoins ? : \n Lors d'un procès civil, il peut être nécessaire de faire appel à des témoins.\n\t\t\tS'ils sont convoqués par le tribunal, ils ont l'obligation de venir témoigner à l'audience. \n \n\n\n\n\nDésignation et convocation des témoins: \n\n\nDésignation\nLes témoins sont désignés par les parties, qui font leur demande au juge chargé de l'affaire.\nLe juge est cependant libre de refuser certains témoignages s'il estime qu'ils n'apporteront rien à l'affaire.\nLes témoins peuvent aussi être directement désignés par le juge.\nConvocation\nLes témoins reçoivent leur convocation  8 jours  au moins avant la date de leur audition au tribunal.\nLa convocation peut être envoyée par courrier  ou par mail.\nLes parties sont informées de cette convocation.",
    "text_reader": "\n Lors d'un procès civil, il peut être nécessaire de faire appel à des témoins.\n\t\t\tS'ils sont convoqués par le tribunal, ils ont l'obligation de venir témoigner à l'audience. \n \n\n\n\n\n\n\nDésignation et convocation des témoins\nDésignation\nLes témoins sont désignés par les parties, qui font leur demande au juge chargé de l'affaire.\nLe juge est cependant libre de refuser certains témoignages s'il estime qu'ils n'apporteront rien à l'affaire.\nLes témoins peuvent aussi être directement désignés par le juge.\nConvocation\nLes témoins reçoivent leur convocation  8 jours  au moins avant la date de leur audition au tribunal.\nLa convocation peut être envoyée par courrier  ou par mail.\nLes parties sont informées de cette convocation.",
    "link": "https://www.service-public.fr/particuliers/vosdroits/F1538",
    "name": "F1538--designatio-emoins-38.json",
    "arborescence": {
        "audience": "Particuliers",
        "theme": "Justice",
        "dossier": "Affaire civile",
        "sous_dossier": "",
        "titre": "Procès civil : comment se déroule l'audition des témoins ?"
    }
}