{
    "text": "Réfugié : titre de séjour, document de voyage et accompagnement : \n Si l' Ofpra  vous accorde le statut de réfugié, vous recevez un titre de séjour valable 10 ans. Si vous souhaitez quitter la France pour faire un voyage, un document de voyage peut vous être délivré. Par ailleurs, vous bénéficiez aussi d'une aide pour l'accès aux droits. \n \n\n\n\n\nTitre de séjour: \n\nCas général\nIl faut vérifier sur le site internet de votre  préfecture \n\n la manière dont la demande doit être déposée : sur place, par courrier ou par voie électronique.",
    "text_reader": "\n Si l' Ofpra  vous accorde le statut de réfugié, vous recevez un titre de séjour valable 10 ans. Si vous souhaitez quitter la France pour faire un voyage, un document de voyage peut vous être délivré. Par ailleurs, vous bénéficiez aussi d'une aide pour l'accès aux droits. \n \n\n\n\n\n\n\nCas général\nIl faut vérifier sur le site internet de votre  préfecture \n\n la manière dont la demande doit être déposée : sur place, par courrier ou par voie électronique.",
    "link": "https://www.service-public.fr/particuliers/vosdroits/F15401",
    "name": "F15401--titre-de-s-sejour-15--cas-genera-eneral-11.json",
    "arborescence": {
        "audience": "Particuliers",
        "theme": "Étranger",
        "dossier": "Demande d'asile (réfugié, protection subsidiaire, apatride)",
        "sous_dossier": "Statut de la personne bénéficiant du droit d'asile",
        "titre": "Réfugié : titre de séjour, document de voyage et accompagnement"
    }
}