{
    "text": "Étranger en France : carte de séjour - salarié/travailleur temporaire : \n Si vous êtes étranger  et venez  en France pour travailler comme salarié (vous ne pouvez pas obtenir un titre de séjour vie privée et familiale), vous pouvez obtenir une carte de séjour temporaire. Elle porte la mention  salarié  si vous avez un contrat à durée indéterminée (CDI). Elle porte la mention  travailleur temporaire  si vous avez un contrat à durée déterminée (CDD) ou si vous êtes salarié détaché et ne remplissez pas les conditions pour obtenir une carte pluriannuelle  passeport-talent . \n \n\n\nSalarié en CDD: \n\nDurée de validité: Cette carte est valable  1 an  et renouvelable.\n\n",
    "text_reader": "\n Si vous êtes étranger  et venez  en France pour travailler comme salarié (vous ne pouvez pas obtenir un titre de séjour vie privée et familiale), vous pouvez obtenir une carte de séjour temporaire. Elle porte la mention  salarié  si vous avez un contrat à durée indéterminée (CDI). Elle porte la mention  travailleur temporaire  si vous avez un contrat à durée déterminée (CDD) ou si vous êtes salarié détaché et ne remplissez pas les conditions pour obtenir une carte pluriannuelle  passeport-talent . \n \n\n\n\n\nCette carte est valable  1 an  et renouvelable.\n\n",
    "link": "https://www.service-public.fr/particuliers/vosdroits/F15898",
    "name": "F15898--salarie-en-en-cdd-14--duree-de-v-lidite-17.json",
    "arborescence": {
        "audience": "Particuliers",
        "theme": "Étranger",
        "dossier": "Titres, carte de séjour et documents de circulation pour étranger en France",
        "sous_dossier": "Carte de séjour",
        "titre": "Étranger en France : carte de séjour - salarié/travailleur temporaire"
    }
}