{
    "text": "Chasse accompagnée : comment chasser sans permis ? : \n La chasse accompagnée consiste à pratiquer la chasse en présence et sous la responsabilité d'un chasseur expérimenté, sous conditions. Elle permet de découvrir la chasse avant de passer le permis de chasser. Vous devez avoir plus de 15 ans,  suivre une formation et demander une autorisation à la fédération départementale des chasseurs. La démarche est gratuite. L'autorisation est délivrée pour une période d'un an non renouvelable. \n \n\n\n\n\nConditions à remplir: \n\n\nPar vous-même\nVous devez remplir les conditions suivantes :\nAvoir au moins 15 ans\nSuivre une formation  pratique élémentaire dispensée par la fédération départementale des chasseurs. Vous pouvez la suivre dès 14 ans et demi.\nLa participation à la formation est attestée par la délivrance d'une attestation de formation.\nPar le chasseur accompagnateur\nLe chasseur doit remplir les conditions suivantes :\nÊtre titulaire du permis de chasser validé chaque année au cours des 5 années précédentes\nNe  pas avoir été privé du droit d'obtenir ou de détenir un tel permis par décision de justice\nÊtre titulaire d'une assurance couvrant sa responsabilité civile pour cet accompagnement\nAvoir suivi une formation à la sécurité à la chasse",
    "text_reader": "\n La chasse accompagnée consiste à pratiquer la chasse en présence et sous la responsabilité d'un chasseur expérimenté, sous conditions. Elle permet de découvrir la chasse avant de passer le permis de chasser. Vous devez avoir plus de 15 ans,  suivre une formation et demander une autorisation à la fédération départementale des chasseurs. La démarche est gratuite. L'autorisation est délivrée pour une période d'un an non renouvelable. \n \n\n\n\n\n\n\nConditions à remplir\nPar vous-même\nVous devez remplir les conditions suivantes :\nAvoir au moins 15 ans\nSuivre une formation  pratique élémentaire dispensée par la fédération départementale des chasseurs. Vous pouvez la suivre dès 14 ans et demi.\nLa participation à la formation est attestée par la délivrance d'une attestation de formation.\nPar le chasseur accompagnateur\nLe chasseur doit remplir les conditions suivantes :\nÊtre titulaire du permis de chasser validé chaque année au cours des 5 années précédentes\nNe  pas avoir été privé du droit d'obtenir ou de détenir un tel permis par décision de justice\nÊtre titulaire d'une assurance couvrant sa responsabilité civile pour cet accompagnement\nAvoir suivi une formation à la sécurité à la chasse",
    "link": "https://www.service-public.fr/particuliers/vosdroits/F15819",
    "name": "F15819--conditions-emplir-20.json",
    "arborescence": {
        "audience": "Particuliers",
        "theme": "Loisirs",
        "dossier": "Chasse",
        "sous_dossier": "",
        "titre": "Chasse accompagnée : comment chasser sans permis ?"
    }
}