{
    "text": "Étranger en France : carte de séjour - salarié/travailleur temporaire : \n Si vous êtes étranger  et venez  en France pour travailler comme salarié (vous ne pouvez pas obtenir un titre de séjour vie privée et familiale), vous pouvez obtenir une carte de séjour temporaire. Elle porte la mention  salarié  si vous avez un contrat à durée indéterminée (CDI). Elle porte la mention  travailleur temporaire  si vous avez un contrat à durée déterminée (CDD) ou si vous êtes salarié détaché et ne remplissez pas les conditions pour obtenir une carte pluriannuelle  passeport-talent . \n \n\n\nSalarié en CDI: \n\nTraitement du dossier:   Délivrance de la carte   si votre récépissé arrive à expiration et que vous n'avez pas de réponse de la préfecture, il est possible que le délai de traitement soit rallongé. Dans ce cas, vous pouvez obtenir le renouvellement de votre récépissé au bureau des étrangers de votre préfecture. La carte vous est remise par la préfecture ou la sous-préfecture où vous avez déposé votre demande.\n\nVotre demande est acceptée\nSi votre demande est acceptée, vous êtes convoqué en préfecture pour la délivrance du titre.",
    "text_reader": "\n Si vous êtes étranger  et venez  en France pour travailler comme salarié (vous ne pouvez pas obtenir un titre de séjour vie privée et familiale), vous pouvez obtenir une carte de séjour temporaire. Elle porte la mention  salarié  si vous avez un contrat à durée indéterminée (CDI). Elle porte la mention  travailleur temporaire  si vous avez un contrat à durée déterminée (CDD) ou si vous êtes salarié détaché et ne remplissez pas les conditions pour obtenir une carte pluriannuelle  passeport-talent . \n \n\n\n\n\n  Délivrance de la carte   si votre récépissé arrive à expiration et que vous n'avez pas de réponse de la préfecture, il est possible que le délai de traitement soit rallongé. Dans ce cas, vous pouvez obtenir le renouvellement de votre récépissé au bureau des étrangers de votre préfecture. La carte vous est remise par la préfecture ou la sous-préfecture où vous avez déposé votre demande.\n\nVotre demande est acceptée\nSi votre demande est acceptée, vous êtes convoqué en préfecture pour la délivrance du titre.",
    "link": "https://www.service-public.fr/particuliers/vosdroits/F15898",
    "name": "F15898--salarie-en-en-cdi-14--traitement-ossier-21--votre-dema-ceptee-26.json",
    "arborescence": {
        "audience": "Particuliers",
        "theme": "Étranger",
        "dossier": "Titres, carte de séjour et documents de circulation pour étranger en France",
        "sous_dossier": "Carte de séjour",
        "titre": "Étranger en France : carte de séjour - salarié/travailleur temporaire"
    }
}