{
    "text": "Compte épargne logement (CEL) : \n Le compte épargne logement (CEL) est un produit d'épargne   dont les fonds sont disponibles et qui  permet de bénéficier, sous conditions, d'un  prêt  immobilier ou d'un prêt travaux et   d'une prime d’État. Les intérêts du CEL étaient exonérés d'impôt sur le revenu, mais un CEL ouvert à partir de 2018 ne permet plus de bénéficier de cette exonération et de la prime d'État. \n \n\n\nCEL ouvert avant 2018: \n\nVersements et retraits: \n\n\nVersement initial\nLe versement initial doit être d'un montant minimum de  300 € .\nAutres versements\nLe montant des autres versements est libre, mais avec un minimum de 75 € .\nIl n'y a de  montant maximum de  versement, mais aucun versement ne doit entraîner le dépassement du plafond du CEL, qui est de  15 300 € \n\nRetraits\nLe montant des retraits est libre, mais dans la limite du respect du solde minimum de  300 € .",
    "text_reader": "\n Le compte épargne logement (CEL) est un produit d'épargne   dont les fonds sont disponibles et qui  permet de bénéficier, sous conditions, d'un  prêt  immobilier ou d'un prêt travaux et   d'une prime d’État. Les intérêts du CEL étaient exonérés d'impôt sur le revenu, mais un CEL ouvert à partir de 2018 ne permet plus de bénéficier de cette exonération et de la prime d'État. \n \n\n\n\n\n\n\nVersements et retraits\nVersement initial\nLe versement initial doit être d'un montant minimum de  300 € .\nAutres versements\nLe montant des autres versements est libre, mais avec un minimum de 75 € .\nIl n'y a de  montant maximum de  versement, mais aucun versement ne doit entraîner le dépassement du plafond du CEL, qui est de  15 300 € \n\nRetraits\nLe montant des retraits est libre, mais dans la limite du respect du solde minimum de  300 € .",
    "link": "https://www.service-public.fr/particuliers/vosdroits/F16136",
    "name": "F16136--cel-ouvert-t-2018-21--versements-traits-22.json",
    "arborescence": {
        "audience": "Particuliers",
        "theme": "Argent",
        "dossier": "Livrets, plans et comptes d'épargne",
        "sous_dossier": "",
        "titre": "Compte épargne logement (CEL)"
    }
}