{
    "text": "Plan épargne logement (PEL) : \n Le plan d'épargne logement (PEL) est un compte d'épargne réglementé. Il  vous aide à constituer une épargne en vue d'un achat immobilier. En contrepartie du blocage de votre épargne pendant 4 ans,  vous pouviez obtenir sous conditions des intérêts exonérés d'impôt sur le revenu, un prêt à taux bonifié  et une prime d’État.  \n\t\t\n\t\t\t Mais pour les PEL ouverts à partir de  2018,  les intérêts sont soumis à l'impôt sur le revenu et la prime d’État est supprimée. \n \n\n\nPEL ouvert à partir de 2018: \n\nPlafond: Le plafond du PEL est de  61 200 € .\n\n",
    "text_reader": "\n Le plan d'épargne logement (PEL) est un compte d'épargne réglementé. Il  vous aide à constituer une épargne en vue d'un achat immobilier. En contrepartie du blocage de votre épargne pendant 4 ans,  vous pouviez obtenir sous conditions des intérêts exonérés d'impôt sur le revenu, un prêt à taux bonifié  et une prime d’État.  \n\t\t\n\t\t\t Mais pour les PEL ouverts à partir de  2018,  les intérêts sont soumis à l'impôt sur le revenu et la prime d’État est supprimée. \n \n\n\n\n\nLe plafond du PEL est de  61 200 € .\n\n",
    "link": "https://www.service-public.fr/particuliers/vosdroits/F16140",
    "name": "F16140--pel-ouvert-e-2018-27--plafond-lafond-7.json",
    "arborescence": {
        "audience": "Particuliers",
        "theme": "Argent",
        "dossier": "Livrets, plans et comptes d'épargne",
        "sous_dossier": "",
        "titre": "Plan épargne logement (PEL)"
    }
}