{
    "text": "Je dois faire face au décès d'un proche : \n Lors du décès d'un proche, certaines  démarches doivent être faites rapidement (organisation des obsèques notamment).  Dans  les semaines qui suivent, il faut  informer les différents organismes concernés par le décès, avant d'engager le règlement de la succession (héritage). \n \n\n\n\n\nAu plus tôt et dans le mois : démarches administratives: \n\nLe défunt était demandeur d'emploi\n\n Employeur \n\nInformez Pôle emploi. Dans certaines situations, une  allocation décès  sera versée.\nÉventuellement, demandez le  déblocage anticipé de l'épargne salariale  du défunt, tout en conservant le bénéfice des exonérations fiscales\n\n Organismes sociaux \n\nDemandez à la caisse d'assurance maladie :\nle remboursement des frais de maladie qui seraient encore dus au défunt,\nle  versement du capital décès  pour les ayants droit (si le défunt était salarié dans le secteur privé).\nDemandez les aides auxquelles vous pouvez peut-être prétendre :\n\n l'allocation veuvage ,\n\n l'allocation de soutien familial (ASF) ,\n\n le revenu de solidarité active (RSA) ,\n\n l'allocation de solidarité aux personnes âgées  (ex-minimum vieillesse),\nune  allocation logement .\nEn cas de décès de votre époux(se), vous pouvez demander à sa caisse de retraite ou caisse de retraite complémentaire, dans certains cas :\nle versement d'une  pension de réversion ,\nla  pension d'invalidité de veuve ou de veuf .",
    "text_reader": "\n Lors du décès d'un proche, certaines  démarches doivent être faites rapidement (organisation des obsèques notamment).  Dans  les semaines qui suivent, il faut  informer les différents organismes concernés par le décès, avant d'engager le règlement de la succession (héritage). \n \n\n\n\n\n\n\nLe défunt était demandeur d'emploi\n\n Employeur \n\nInformez Pôle emploi. Dans certaines situations, une  allocation décès  sera versée.\nÉventuellement, demandez le  déblocage anticipé de l'épargne salariale  du défunt, tout en conservant le bénéfice des exonérations fiscales\n\n Organismes sociaux \n\nDemandez à la caisse d'assurance maladie :\nle remboursement des frais de maladie qui seraient encore dus au défunt,\nle  versement du capital décès  pour les ayants droit (si le défunt était salarié dans le secteur privé).\nDemandez les aides auxquelles vous pouvez peut-être prétendre :\n\n l'allocation veuvage ,\n\n l'allocation de soutien familial (ASF) ,\n\n le revenu de solidarité active (RSA) ,\n\n l'allocation de solidarité aux personnes âgées  (ex-minimum vieillesse),\nune  allocation logement .\nEn cas de décès de votre époux(se), vous pouvez demander à sa caisse de retraite ou caisse de retraite complémentaire, dans certains cas :\nle versement d'une  pension de réversion ,\nla  pension d'invalidité de veuve ou de veuf .",
    "link": "https://www.service-public.fr/particuliers/vosdroits/F16507",
    "name": "F16507--au-plus-to-atives-55--le-defunt--emploi-34.json",
    "arborescence": {
        "audience": "Particuliers",
        "theme": "",
        "dossier": "Comment faire si...",
        "sous_dossier": "",
        "titre": "Je dois faire face au décès d'un proche"
    }
}