{
    "text": "Comment être reconnu travailleur handicapé (RQTH) ? : \n La reconnaissance de la qualité de travailleur handicapé (RQTH) vous permet de bénéficier d'avantages aussi bien pour trouver un emploi que pour le conserver. La RQTH est attribuée pour une durée allant jusqu'à 10 ans, voire sans limitation de durée dans un certain cas. \n \n\n\n\n\nDémarche: La démarche diffère selon que vous faites ou non une demande pour percevoir  l'allocation aux adultes handicapés (AAH) .\n\nCreuse (23)\nVous devez remplir un formulaire et l'envoyer à votre MDPH, de préférence par lettre recommandée avec avis de réception.\nÀ joindre à toute demande",
    "text_reader": "\n La reconnaissance de la qualité de travailleur handicapé (RQTH) vous permet de bénéficier d'avantages aussi bien pour trouver un emploi que pour le conserver. La RQTH est attribuée pour une durée allant jusqu'à 10 ans, voire sans limitation de durée dans un certain cas. \n \n\n\n\n\nLa démarche diffère selon que vous faites ou non une demande pour percevoir  l'allocation aux adultes handicapés (AAH) .\n\nCreuse (23)\nVous devez remplir un formulaire et l'envoyer à votre MDPH, de préférence par lettre recommandée avec avis de réception.\nÀ joindre à toute demande",
    "link": "https://www.service-public.fr/particuliers/vosdroits/F1650",
    "name": "F1650--demarche-marche-8--creuse-23-use-23-11.json",
    "arborescence": {
        "audience": "Particuliers",
        "theme": "Travail",
        "dossier": "Handicap et emploi dans le secteur privé",
        "sous_dossier": "",
        "titre": "Comment être reconnu travailleur handicapé (RQTH) ?"
    }
}