{
    "text": "Changement de nom de famille pour motif légitime : \n\nVous résidez en France: \n\n1ère étape de la démarche : publication: Vous devez rendre publique votre demande de changement de nom : au Journal officiel (JO), et dans un journal d'annonces légales (JAL).\n\n\nVous devez rendre publique votre demande de changement de nom :\nau Journal officiel (JO),\net dans un journal d'annonces légales (JAL).\nPublication au JO\nLa demande de publication au JO se fait en ligne :\nLe coût est de  110 €  par annonce.\nLa facture est adressée après la publication de l'annonce.\nElle indique le numéro et la date du JO dans lequel l'annonce a été publiée.\nLe délai de publication est  de 3 à 5 jours. \n\nPour avoir la preuve de la publication, téléchargez gratuitement votre annonce sur le  site Légifrance \n\n :\nAccéder au sommaire du JO par la rubrique \"Le dernier JO publié\" ou par la rubrique \"Rechercher un JO\"\nCliquer sur \"Demande de changement de nom\" à la fin du sommaire du JO recherché\nCliquer sur \"Accéder à l'espace protégé\" situé au milieu de la page\nCliquer sur \"Extrait du JO électronique authentifié\" pour télécharger le fichier PDF du JO\nLe certificat de signature est intégré au fichier PDF.\nVous pouvez donc vous prévaloir juridiquement du texte une fois imprimé.\nvous pouvez aussi faire la démarche par mail ou par courrier. Le délai de publication est plus long, entre 5 et 10 jours. Le texte  de votre annonce doit respecter un   modèle  précis. Adressez également  les informations indispensables à la facturation (nom et prénom ou raison sociale si la demande est faite par un organisme, adresse détaillée complète).\nPar courrier électronique\nannonces.jorf@dila.gouv.fr\nPar courrier postal\nDILA, DIRE - JOURNAUX OFFICIELS\nTSA n°71641\n75901Paris CEDEX 15\nPublication dans un JAL\nLa demande de publication est à envoyer à un   journal d'annonces légales (JAL) habilité pour le département de votre domicile .\nLe mode de transmission varie selon les JAL.\nLe texte  de votre annonce doit respecter un   modèle  précis.\nVous devez indiquer impérativement :\nVotre état civil actuel\nSi nécessaire, l'état civil de vos enfants mineurs concernés : nom, prénoms, date et lieu de naissance\nVotre adresse\nLe ou les nom(s) demandés (vous pouvez en effet proposer plusieurs noms).\nLe coût de publication de l'annonce  dépend de plusieurs critères : lieu de résidence, âge, nombre de personnes.",
    "text_reader": "\n\n\n\nVous devez rendre publique votre demande de changement de nom : au Journal officiel (JO), et dans un journal d'annonces légales (JAL).\n\n1ère étape de la démarche : publication\nVous devez rendre publique votre demande de changement de nom :\nau Journal officiel (JO),\net dans un journal d'annonces légales (JAL).\nPublication au JO\nLa demande de publication au JO se fait en ligne :\nLe coût est de  110 €  par annonce.\nLa facture est adressée après la publication de l'annonce.\nElle indique le numéro et la date du JO dans lequel l'annonce a été publiée.\nLe délai de publication est  de 3 à 5 jours. \n\nPour avoir la preuve de la publication, téléchargez gratuitement votre annonce sur le  site Légifrance \n\n :\nAccéder au sommaire du JO par la rubrique \"Le dernier JO publié\" ou par la rubrique \"Rechercher un JO\"\nCliquer sur \"Demande de changement de nom\" à la fin du sommaire du JO recherché\nCliquer sur \"Accéder à l'espace protégé\" situé au milieu de la page\nCliquer sur \"Extrait du JO électronique authentifié\" pour télécharger le fichier PDF du JO\nLe certificat de signature est intégré au fichier PDF.\nVous pouvez donc vous prévaloir juridiquement du texte une fois imprimé.\nvous pouvez aussi faire la démarche par mail ou par courrier. Le délai de publication est plus long, entre 5 et 10 jours. Le texte  de votre annonce doit respecter un   modèle  précis. Adressez également  les informations indispensables à la facturation (nom et prénom ou raison sociale si la demande est faite par un organisme, adresse détaillée complète).\nPar courrier électronique\nannonces.jorf@dila.gouv.fr\nPar courrier postal\nDILA, DIRE - JOURNAUX OFFICIELS\nTSA n°71641\n75901Paris CEDEX 15\nPublication dans un JAL\nLa demande de publication est à envoyer à un   journal d'annonces légales (JAL) habilité pour le département de votre domicile .\nLe mode de transmission varie selon les JAL.\nLe texte  de votre annonce doit respecter un   modèle  précis.\nVous devez indiquer impérativement :\nVotre état civil actuel\nSi nécessaire, l'état civil de vos enfants mineurs concernés : nom, prénoms, date et lieu de naissance\nVotre adresse\nLe ou les nom(s) demandés (vous pouvez en effet proposer plusieurs noms).\nLe coût de publication de l'annonce  dépend de plusieurs critères : lieu de résidence, âge, nombre de personnes.",
    "link": "https://www.service-public.fr/particuliers/vosdroits/F1656",
    "name": "F1656--vous-resid-france-22--1ere-etape-cation-39.json",
    "arborescence": {
        "audience": "Particuliers",
        "theme": "Papiers - Citoyenneté",
        "dossier": "Changement d'état civil",
        "sous_dossier": "Modification de l'acte d'état civil",
        "titre": "Changement de nom de famille pour motif légitime"
    }
}