{
    "text": "Travail au pair à l'étranger : \n Le travail au pair permet à un jeune  de partir  dans une famille à l'étranger en échange de services, en particulier la garde d'enfants.\n\t\t\n\t\t\tLe séjour au pair est l'occasion d'améliorer son niveau de langue. Des règles spécifiques s'appliquent au Danemark,  en Espagne, en Italie, au Luxembourg et en Norvège. \n \n\n\nDanemark, Espagne, Italie, Luxembourg, Norvège: \n\nPar téléphone:  \t\t\t+33 (0)1 44 49 29 32 \t\t  \t\t\tOuvert du lundi   au vendredi de 10h à 12h30\n\n",
    "text_reader": "\n Le travail au pair permet à un jeune  de partir  dans une famille à l'étranger en échange de services, en particulier la garde d'enfants.\n\t\t\n\t\t\tLe séjour au pair est l'occasion d'améliorer son niveau de langue. Des règles spécifiques s'appliquent au Danemark,  en Espagne, en Italie, au Luxembourg et en Norvège. \n \n\n\n\n\n \t\t\t+33 (0)1 44 49 29 32 \t\t  \t\t\tOuvert du lundi   au vendredi de 10h à 12h30\n\n",
    "link": "https://www.service-public.fr/particuliers/vosdroits/F1664",
    "name": "F1664--danemark-e-orvege-46--par-teleph-ephone-13.json",
    "arborescence": {
        "audience": "Particuliers",
        "theme": "Étranger",
        "dossier": "Vivre à l'étranger",
        "sous_dossier": "Travailler à l'étranger",
        "titre": "Travail au pair à l'étranger"
    }
}