{
    "text": "Suite à une opération des yeux, faut-il faire modifier son permis de conduire ? : \n\n\n\nPar messagerie:  Accès au  formulaire de contact  \n\n",
    "text_reader": "\n\n\n\n Accès au  formulaire de contact  \n\n",
    "link": "https://www.service-public.fr/particuliers/vosdroits/F16787",
    "name": "F16787--par-messag-agerie-14.json",
    "arborescence": {
        "audience": "Particuliers",
        "theme": "Transports",
        "dossier": "Permis de conduire",
        "sous_dossier": "",
        "titre": "Suite à une opération des yeux, faut-il faire modifier son permis de conduire ?"
    }
}