{
    "text": "Mettre fin au contrat d'une assistante maternelle : \n Vous pouvez décider de retirer votre enfant à l'assistante maternelle agréée que vous employez et ainsi rompre son contrat de travail. Ce retrait de l'enfant a les mêmes les effets qu'un  licenciement mais obéit à des règles spécifiques. \n \n\n\nContrat à durée indéterminé (CDI): \n\nDocuments de fin de contrat: Le particulier employeur doit fournir à l'assistante maternelle les documents suivants : Dernier bulletin de salaire Certificat précisant les dates de début et de fin du contrat ainsi que la nature de l'emploi   Attestation Pôle emploi  (exemplaire papier à commander sur le site internet de Pôle emploi ou à remplir directement en ligne). L'employeur peut présenter à l'assistante maternelle un  reçu pour solde de tout compte .\n\n",
    "text_reader": "\n Vous pouvez décider de retirer votre enfant à l'assistante maternelle agréée que vous employez et ainsi rompre son contrat de travail. Ce retrait de l'enfant a les mêmes les effets qu'un  licenciement mais obéit à des règles spécifiques. \n \n\n\n\n\nLe particulier employeur doit fournir à l'assistante maternelle les documents suivants : Dernier bulletin de salaire Certificat précisant les dates de début et de fin du contrat ainsi que la nature de l'emploi   Attestation Pôle emploi  (exemplaire papier à commander sur le site internet de Pôle emploi ou à remplir directement en ligne). L'employeur peut présenter à l'assistante maternelle un  reçu pour solde de tout compte .\n\n",
    "link": "https://www.service-public.fr/particuliers/vosdroits/F16842",
    "name": "F16842--contrat-a--ne-cdi-33--documents--ontrat-27.json",
    "arborescence": {
        "audience": "Particuliers",
        "theme": "Travail",
        "dossier": "Assistante maternelle",
        "sous_dossier": "",
        "titre": "Mettre fin au contrat d'une assistante maternelle"
    }
}