{
    "text": "Allocation de solidarité aux personnes âgées (Aspa) : \n L'allocation de solidarité aux personnes âgées (Aspa) est une prestation mensuelle accordée aux retraités ayant de faibles ressources et vivant en France. Elle est versée par la  Carsat  (ou la MSA si vous dépendez du régime agricole). Son montant dépend de vos ressources et de votre situation familiale (vivant seul ou en couple). \n \n\n\nVous vivez en couple (mariage, Pacs, concubinage): \n\nVersement: L’Aspa  est versée par la  Carsat  (ou la MSA si vous dépendez du régime agricole). Elle est versée au plus tôt à partir du 1 er  jour du mois qui suit la date de réception de la demande. Vous devez informer votre caisse de tout changement du montant de vos ressources, de votre situation familiale ou de votre lieu de résidence.\n\n",
    "text_reader": "\n L'allocation de solidarité aux personnes âgées (Aspa) est une prestation mensuelle accordée aux retraités ayant de faibles ressources et vivant en France. Elle est versée par la  Carsat  (ou la MSA si vous dépendez du régime agricole). Son montant dépend de vos ressources et de votre situation familiale (vivant seul ou en couple). \n \n\n\n\n\nL’Aspa  est versée par la  Carsat  (ou la MSA si vous dépendez du régime agricole). Elle est versée au plus tôt à partir du 1 er  jour du mois qui suit la date de réception de la demande. Vous devez informer votre caisse de tout changement du montant de vos ressources, de votre situation familiale ou de votre lieu de résidence.\n\n",
    "link": "https://www.service-public.fr/particuliers/vosdroits/F16871",
    "name": "F16871--vous-vivez-binage-49--versement-sement-9.json",
    "arborescence": {
        "audience": "Particuliers",
        "theme": "Social - Santé",
        "dossier": "Allocations et aides aux personnes âgées",
        "sous_dossier": "",
        "titre": "Allocation de solidarité aux personnes âgées (Aspa)"
    }
}