{
    "text": "Légion d'honneur : \n La Légion d'honneur est la plus haute distinction française. Elle récompense les mérites éminents rendus à la Nation.\nIl n'est pas possible de  demander pour soi-même  la Légion d'honneur : il faut être proposé par quelqu'un d'autre. La Légion d'honneur se compose de  chevaliers, officiers, commandeurs, puis  grands officiers et grand-croix. \n \n\n\n\n\nConditions: \n\nMilitaires (hors officiers généraux)\nLes conditions suivantes doivent être remplies :\nLa personne concernée doit avoir des mérites éminents dans l'exercice, pendant au moins 20 ans, d'activités au bénéfice de l'intérêt général et de la Nation\nElle doit  être inscrite sur un tableau de concours spécifique\nil n'est pas nécessaire d'être de nationalité française. Les étrangers peuvent être décorés de la Légion d'honneur, mais ils ne peuvent pas devenir membres de l'ordre de la Légion d'honneur.",
    "text_reader": "\n La Légion d'honneur est la plus haute distinction française. Elle récompense les mérites éminents rendus à la Nation.\nIl n'est pas possible de  demander pour soi-même  la Légion d'honneur : il faut être proposé par quelqu'un d'autre. La Légion d'honneur se compose de  chevaliers, officiers, commandeurs, puis  grands officiers et grand-croix. \n \n\n\n\n\n\n\nMilitaires (hors officiers généraux)\nLes conditions suivantes doivent être remplies :\nLa personne concernée doit avoir des mérites éminents dans l'exercice, pendant au moins 20 ans, d'activités au bénéfice de l'intérêt général et de la Nation\nElle doit  être inscrite sur un tableau de concours spécifique\nil n'est pas nécessaire d'être de nationalité française. Les étrangers peuvent être décorés de la Légion d'honneur, mais ils ne peuvent pas devenir membres de l'ordre de la Légion d'honneur.",
    "link": "https://www.service-public.fr/particuliers/vosdroits/F16879",
    "name": "F16879--conditions-itions-10--militaires-neraux-36.json",
    "arborescence": {
        "audience": "Particuliers",
        "theme": "Papiers - Citoyenneté",
        "dossier": "Médailles et décorations officielles",
        "sous_dossier": "",
        "titre": "Légion d'honneur"
    }
}