{
    "text": "Allocation de solidarité aux personnes âgées (Aspa) : \n L'allocation de solidarité aux personnes âgées (Aspa) est une prestation mensuelle accordée aux retraités ayant de faibles ressources et vivant en France. Elle est versée par la  Carsat  (ou la MSA si vous dépendez du régime agricole). Son montant dépend de vos ressources et de votre situation familiale (vivant seul ou en couple). \n \n\n\nVous vivez en couple (mariage, Pacs, concubinage): \n\nRécupération sur succession: Les sommes versées pour l'Aspa sont récupérées après décès, uniquement sur la partie de la succession qui dépasse :   39 000 €  en métropole   100 000 €  en Guadeloupe, Guyane, Martinique, Réunion. Les sommes récupérées ne doivent pas dépasser un certain montant, fixé en fonction de la composition du foyer, qui s'élève à  9 799,48 €  par an.\n\n",
    "text_reader": "\n L'allocation de solidarité aux personnes âgées (Aspa) est une prestation mensuelle accordée aux retraités ayant de faibles ressources et vivant en France. Elle est versée par la  Carsat  (ou la MSA si vous dépendez du régime agricole). Son montant dépend de vos ressources et de votre situation familiale (vivant seul ou en couple). \n \n\n\n\n\nLes sommes versées pour l'Aspa sont récupérées après décès, uniquement sur la partie de la succession qui dépasse :   39 000 €  en métropole   100 000 €  en Guadeloupe, Guyane, Martinique, Réunion. Les sommes récupérées ne doivent pas dépasser un certain montant, fixé en fonction de la composition du foyer, qui s'élève à  9 799,48 €  par an.\n\n",
    "link": "https://www.service-public.fr/particuliers/vosdroits/F16871",
    "name": "F16871--vous-vivez-binage-49--recuperati-ession-27.json",
    "arborescence": {
        "audience": "Particuliers",
        "theme": "Social - Santé",
        "dossier": "Allocations et aides aux personnes âgées",
        "sous_dossier": "",
        "titre": "Allocation de solidarité aux personnes âgées (Aspa)"
    }
}