{
    "text": "Vote d'un Français installé à l'étranger : \n Si vous habitez à l'étranger, vous pouvez  voter depuis votre pays de résidence pour la plupart des  élections organisées en France (présidentielle, législatives, référendum, européennes), à  condition d'être inscrit  sur la   liste électorale consulaire. Pour les élections régionales, départementales et communales, il faut être  inscrit sur la  liste électorale d'une mairie. Depuis  2019, il n'est plus possible de s'inscrire simultanément sur la liste d'une commune et sur une liste consulaire. \n \n\n\n\n\nRégionales: \n\nPar l'intermédiaire d'une autre personne\nVous pouvez charger une personne d'accomplir cette démarche à votre place.\nPour cela, vous devez lui fournir :\nun document écrit et signé attestant que vous lui confiez ce pouvoir\nvotre   justificatif d'identité \n\nvotre  justificatif de domicile \n\nle formulaire  cerfa n°12669*02  de demande d'inscription (aussi disponible en mairie).",
    "text_reader": "\n Si vous habitez à l'étranger, vous pouvez  voter depuis votre pays de résidence pour la plupart des  élections organisées en France (présidentielle, législatives, référendum, européennes), à  condition d'être inscrit  sur la   liste électorale consulaire. Pour les élections régionales, départementales et communales, il faut être  inscrit sur la  liste électorale d'une mairie. Depuis  2019, il n'est plus possible de s'inscrire simultanément sur la liste d'une commune et sur une liste consulaire. \n \n\n\n\n\n\n\nPar l'intermédiaire d'une autre personne\nVous pouvez charger une personne d'accomplir cette démarche à votre place.\nPour cela, vous devez lui fournir :\nun document écrit et signé attestant que vous lui confiez ce pouvoir\nvotre   justificatif d'identité \n\nvotre  justificatif de domicile \n\nle formulaire  cerfa n°12669*02  de demande d'inscription (aussi disponible en mairie).",
    "link": "https://www.service-public.fr/particuliers/vosdroits/F16904",
    "name": "F16904--regionales-onales-10--par-linter-rsonne-40.json",
    "arborescence": {
        "audience": "Particuliers",
        "theme": "Papiers - Citoyenneté",
        "dossier": "Élections",
        "sous_dossier": "Opérations de vote",
        "titre": "Vote d'un Français installé à l'étranger"
    }
}