{
    "text": "Vote d'un Français installé à l'étranger : \n Si vous habitez à l'étranger, vous pouvez  voter depuis votre pays de résidence pour la plupart des  élections organisées en France (présidentielle, législatives, référendum, européennes), à  condition d'être inscrit  sur la   liste électorale consulaire. Pour les élections régionales, départementales et communales, il faut être  inscrit sur la  liste électorale d'une mairie. Depuis  2019, il n'est plus possible de s'inscrire simultanément sur la liste d'une commune et sur une liste consulaire. \n \n\n\n\n\nLégislatives: \n\nPar vous-même\nVous devez fournir les documents suivants :\n\n Justificatif d'identité \n\n\n Justificatif de domicile \n\nFormulaire  cerfa n°12669  de demande d'inscription (disponible en mairie)",
    "text_reader": "\n Si vous habitez à l'étranger, vous pouvez  voter depuis votre pays de résidence pour la plupart des  élections organisées en France (présidentielle, législatives, référendum, européennes), à  condition d'être inscrit  sur la   liste électorale consulaire. Pour les élections régionales, départementales et communales, il faut être  inscrit sur la  liste électorale d'une mairie. Depuis  2019, il n'est plus possible de s'inscrire simultanément sur la liste d'une commune et sur une liste consulaire. \n \n\n\n\n\n\n\nPar vous-même\nVous devez fournir les documents suivants :\n\n Justificatif d'identité \n\n\n Justificatif de domicile \n\nFormulaire  cerfa n°12669  de demande d'inscription (disponible en mairie)",
    "link": "https://www.service-public.fr/particuliers/vosdroits/F16904",
    "name": "F16904--legislativ-atives-12--par-vous-m-s-meme-13.json",
    "arborescence": {
        "audience": "Particuliers",
        "theme": "Papiers - Citoyenneté",
        "dossier": "Élections",
        "sous_dossier": "Opérations de vote",
        "titre": "Vote d'un Français installé à l'étranger"
    }
}