{
    "text": "Requête conjointe devant un tribunal civil : \n Plusieurs personnes peuvent présenter ensemble une demande au juge, dans une requête conjointe, pour que celui-ci tranche ou résolve leur problème (par exemple, autorité parentale ou divorce). \n \n\n\n\n\nProcédure: Devant le tribunal, chaque partie peut se faire assister et représenter par un avocat. Les parties peuvent demander au juge de trancher le litige en  amiable compositeur . C'est-à-dire qu'il doit se baser uniquement sur les demandes des parties et non sur une règle de droit. On parle aussi de  jugement en équité .\n\n",
    "text_reader": "\n Plusieurs personnes peuvent présenter ensemble une demande au juge, dans une requête conjointe, pour que celui-ci tranche ou résolve leur problème (par exemple, autorité parentale ou divorce). \n \n\n\n\n\nDevant le tribunal, chaque partie peut se faire assister et représenter par un avocat. Les parties peuvent demander au juge de trancher le litige en  amiable compositeur . C'est-à-dire qu'il doit se baser uniquement sur les demandes des parties et non sur une règle de droit. On parle aussi de  jugement en équité .\n\n",
    "link": "https://www.service-public.fr/particuliers/vosdroits/F1741",
    "name": "F1741--procedure-cedure-9.json",
    "arborescence": {
        "audience": "Particuliers",
        "theme": "Justice",
        "dossier": "Affaire civile",
        "sous_dossier": "Alternatives à un procès civil",
        "titre": "Requête conjointe devant un tribunal civil"
    }
}