{
    "text": "Déclaration préalable de travaux (DP) : \n Une déclaration préalable de travaux (DP) est une autorisation d'urbanisme qui peut être exigée pour des travaux non soumis à permis de construire. Elle peut être obligatoire pour l'extension d'un bâtiment existant, des travaux modifiant l'aspect extérieur,  des constructions nouvelles ou  le changement de destination d'un bâtiment. \n La DP permet à la mairie de vérifier que vous respectez les règles d'urbanisme en vigueur. \n \n\n\n\n\nRavalement de façade: Vous devez déposer un DP en mairie si le bâtiment que vous ravalez est situé dans un espace faisant l'objet d'une protection particulière (aux abords d'un monument historique, en  site protégé ...). C'est également le cas, si le bâtiment est situé dans un périmètre de la commune où les travaux de ravalement sont soumis à autorisation par décision du conseil municipal. Avant de commencer vos travaux, renseignez-vous  auprès du service urbanisme de votre mairie, pour savoir si vous êtes concerné.\n\nAcceptation avec prescriptions\nSi la mairie a des réserves, elle prend un  arrêté  assorti de prescriptions.  Il précise les motivations de la décision et indique les voies et délais de recours. Vous devez alors exécuter les travaux en respectant ces prescriptions.\nCette décision vous est adressée par lettre recommandée avec accusé de réception.",
    "text_reader": "\n Une déclaration préalable de travaux (DP) est une autorisation d'urbanisme qui peut être exigée pour des travaux non soumis à permis de construire. Elle peut être obligatoire pour l'extension d'un bâtiment existant, des travaux modifiant l'aspect extérieur,  des constructions nouvelles ou  le changement de destination d'un bâtiment. \n La DP permet à la mairie de vérifier que vous respectez les règles d'urbanisme en vigueur. \n \n\n\n\n\nVous devez déposer un DP en mairie si le bâtiment que vous ravalez est situé dans un espace faisant l'objet d'une protection particulière (aux abords d'un monument historique, en  site protégé ...). C'est également le cas, si le bâtiment est situé dans un périmètre de la commune où les travaux de ravalement sont soumis à autorisation par décision du conseil municipal. Avant de commencer vos travaux, renseignez-vous  auprès du service urbanisme de votre mairie, pour savoir si vous êtes concerné.\n\nAcceptation avec prescriptions\nSi la mairie a des réserves, elle prend un  arrêté  assorti de prescriptions.  Il précise les motivations de la décision et indique les voies et délais de recours. Vous devez alors exécuter les travaux en respectant ces prescriptions.\nCette décision vous est adressée par lettre recommandée avec accusé de réception.",
    "link": "https://www.service-public.fr/particuliers/vosdroits/F17578",
    "name": "F17578--ravalement-facade-20--acceptatio-ptions-30.json",
    "arborescence": {
        "audience": "Particuliers",
        "theme": "Logement",
        "dossier": "Autorisations d'urbanisme",
        "sous_dossier": "",
        "titre": "Déclaration préalable de travaux (DP)"
    }
}