{
    "text": "Prestation compensatoire : \n La prestation compensatoire permet d'effacer les déséquilibres financiers causés par le divorce dans les conditions de vie des ex-époux.  La demande doit être formée au cours de la procédure de divorce. Le montant de la prestation peut être déterminé par les époux. En cas de désaccord, la prestation est déterminée par le juge. En cas de non-paiement, elle peut être recouvrée par différents moyens. \n \n\n\nAutre situation: \n\nVersement de la prestation: La prestation compensatoire peut être versée en : capital (par exemple, le versement d'une somme d'argent) ;   rente  (versée à terme ou  viagère ) ; prestation compensatoire mixte (versée pour partie sous forme de capital  et pour partie sous forme de rente) ; attribution d'un bien  mobilier  ou immobilier.\n\n'un capital\nLe versement d'un capital est la règle générale.\nÀ défaut d'accord entre les époux, le juge décide des conditions de versement de la prestation en capital :\nsoit par le versement d'une somme d'argent,\nsoit par l'attribution de biens (notamment en   usufruit ). L'époux  doit donner son accord pour l'attribution en propriété de biens qu'il a reçus par succession ou donation.\nL'époux qui n'a pas de liquidités suffisantes pour verser le capital en une fois peut être autorisé à verser le capital en plusieurs échéances dans un délai maximum de 8 ans.\nDans ce cas, lors d'un changement important dans sa situation (par exemple, en cas de chômage), l'époux qui verse la prestation compensatoire peut en demander la révision. \nLors de la révision, le juge peut alors décider exceptionnellement d'autoriser le versement du capital sur une durée totale supérieure à 8 ans.\nToutefois, l'époux qui verse la prestation peut à tout moment se libérer des sommes restantes en versant en une seule fois les échéances restantes. ",
    "text_reader": "\n La prestation compensatoire permet d'effacer les déséquilibres financiers causés par le divorce dans les conditions de vie des ex-époux.  La demande doit être formée au cours de la procédure de divorce. Le montant de la prestation peut être déterminé par les époux. En cas de désaccord, la prestation est déterminée par le juge. En cas de non-paiement, elle peut être recouvrée par différents moyens. \n \n\n\n\n\nLa prestation compensatoire peut être versée en : capital (par exemple, le versement d'une somme d'argent) ;   rente  (versée à terme ou  viagère ) ; prestation compensatoire mixte (versée pour partie sous forme de capital  et pour partie sous forme de rente) ; attribution d'un bien  mobilier  ou immobilier.\n\nVersement d'un capital\nLe versement d'un capital est la règle générale.\nÀ défaut d'accord entre les époux, le juge décide des conditions de versement de la prestation en capital :\nsoit par le versement d'une somme d'argent,\nsoit par l'attribution de biens (notamment en   usufruit ). L'époux  doit donner son accord pour l'attribution en propriété de biens qu'il a reçus par succession ou donation.\nL'époux qui n'a pas de liquidités suffisantes pour verser le capital en une fois peut être autorisé à verser le capital en plusieurs échéances dans un délai maximum de 8 ans.\nDans ce cas, lors d'un changement important dans sa situation (par exemple, en cas de chômage), l'époux qui verse la prestation compensatoire peut en demander la révision. \nLors de la révision, le juge peut alors décider exceptionnellement d'autoriser le versement du capital sur une durée totale supérieure à 8 ans.\nToutefois, l'époux qui verse la prestation peut à tout moment se libérer des sommes restantes en versant en une seule fois les échéances restantes. ",
    "link": "https://www.service-public.fr/particuliers/vosdroits/F1760",
    "name": "F1760--autre-situ-uation-15--versement--tation-26--versement--apital-22.json",
    "arborescence": {
        "audience": "Particuliers",
        "theme": "Famille",
        "dossier": "Divorce, séparation de corps",
        "sous_dossier": "",
        "titre": "Prestation compensatoire"
    }
}