{
    "text": "Comment augmenter le loyer d'un logement soumis à la loi de 1948 ? : \n\nAugmentation annuelle: \n\nSelon que le logement est ou non situé dans l'agglomération parisienne, les règles à appliquer diffèrent. L'agglomération parisienne correspond à Paris, les départements de la petite couronne (92, 93 et 94) et  certaines communes des départements de la grande couronne (77, 78 91 et 95)   .\n\nAgglomération parisienne\nLe loyer peut être augmenté au  1 er  juillet de chaque année sans pouvoir dépasser le montant maximum du loyer. Ce montant maximum est fonction de la catégorie du logement.\n\n Catégorie du logement \n\nCatégorie du logement\nCaractéristiques du logement\nII A\n- Il est situé dans une construction en matériaux de très bonne   qualité\n- Il dispose d'un WC particulier, d'une salle de bains et du chauffage central\nII B\nIl est situé dans une construction en matériaux de bonne  qualité, souvent dépourvue d'ascenseur\nII C\n- Il est situé dans une construction en matériaux de bonne  qualité mais d'aspect ordinaire, et habituellement  dépourvue d'ascenseur.\n- Il dispose rarement de plus de 4 pièces principales\nIII A\nIl est situé dans une construction en matériaux de qualité médiocre, mais  à l'isolation phonique et thermique satisfaisante\nIII B\nIl est situé dans une construction de qualité médiocre et présentant certains vices (humidité, isolations phoniques et thermiques très insuffisantes)\nIV\nIl est situé dans une construction en matériaux défectueux ou  dans un immeuble dépourvu de tout équipement (aucun WC, ni dans le logement, ni dans l'immeuble)\n\n Loyer  maximum \n\nLe montant maximum du loyer correspond à :\nla  surface corrigée  du logement,\nmultipliée par le prix de base du mètre carré de la  catégorie du logement \n\n.\nLe prix de base du mètre carré est fixé de la manière suivante :\nCatégorie du logement \n\n\nPrix de base de chacun des 10 premiers m² de surface corrigée\nPrix de base des m² suivants\nII A\n\n 12,46 € \n\n\n 7,38 € \n\nII B\n\n 8,56 € \n\n\n 4,64 € \n\nII C\n\n 6,56 € \n\n\n 3,51 € \n\nIII A\n\n 3,97 € \n\n\n 2,13 € \n\nIII B\n\n 2,35 € \n\n\n 1,23 € \n\nIV\n\n 0,26 € \n\n\n 0,12 € \n\nPar exemple,  pour  un logement de type II C avec une   surface corrigée de 43 m 2  :\ncalcul de la valeur locative mensuelle : ( 6,56 €  x 10) + ( 3,51 €  x 33) =  181,43 € \n\nConséquence :  l'augmentation annuelle ne doit pas avoir pour effet de rendre le loyer supérieur à  181,43 € \n\n\n Taux d'augmentation au 1 er  juillet \n\nSous réserve de ne pas dépasser le montant maximum de loyer, le taux d'augmentation applicable est  de :\n\n 1,70 %  à partir du 1 er  juillet 2019,\n\n 1,05 %   du 1 er  juillet 2018 au 30 juin 2019.\n l'augmentation des loyers des logements classés en catégorie IV est interdite. ",
    "text_reader": "\n\n\n\nSelon que le logement est ou non situé dans l'agglomération parisienne, les règles à appliquer diffèrent. L'agglomération parisienne correspond à Paris, les départements de la petite couronne (92, 93 et 94) et  certaines communes des départements de la grande couronne (77, 78 91 et 95)   .\n\nAgglomération parisienne\nLe loyer peut être augmenté au  1 er  juillet de chaque année sans pouvoir dépasser le montant maximum du loyer. Ce montant maximum est fonction de la catégorie du logement.\n\n Catégorie du logement \n\nCatégorie du logement\nCaractéristiques du logement\nII A\n- Il est situé dans une construction en matériaux de très bonne   qualité\n- Il dispose d'un WC particulier, d'une salle de bains et du chauffage central\nII B\nIl est situé dans une construction en matériaux de bonne  qualité, souvent dépourvue d'ascenseur\nII C\n- Il est situé dans une construction en matériaux de bonne  qualité mais d'aspect ordinaire, et habituellement  dépourvue d'ascenseur.\n- Il dispose rarement de plus de 4 pièces principales\nIII A\nIl est situé dans une construction en matériaux de qualité médiocre, mais  à l'isolation phonique et thermique satisfaisante\nIII B\nIl est situé dans une construction de qualité médiocre et présentant certains vices (humidité, isolations phoniques et thermiques très insuffisantes)\nIV\nIl est situé dans une construction en matériaux défectueux ou  dans un immeuble dépourvu de tout équipement (aucun WC, ni dans le logement, ni dans l'immeuble)\n\n Loyer  maximum \n\nLe montant maximum du loyer correspond à :\nla  surface corrigée  du logement,\nmultipliée par le prix de base du mètre carré de la  catégorie du logement \n\n.\nLe prix de base du mètre carré est fixé de la manière suivante :\nCatégorie du logement \n\n\nPrix de base de chacun des 10 premiers m² de surface corrigée\nPrix de base des m² suivants\nII A\n\n 12,46 € \n\n\n 7,38 € \n\nII B\n\n 8,56 € \n\n\n 4,64 € \n\nII C\n\n 6,56 € \n\n\n 3,51 € \n\nIII A\n\n 3,97 € \n\n\n 2,13 € \n\nIII B\n\n 2,35 € \n\n\n 1,23 € \n\nIV\n\n 0,26 € \n\n\n 0,12 € \n\nPar exemple,  pour  un logement de type II C avec une   surface corrigée de 43 m 2  :\ncalcul de la valeur locative mensuelle : ( 6,56 €  x 10) + ( 3,51 €  x 33) =  181,43 € \n\nConséquence :  l'augmentation annuelle ne doit pas avoir pour effet de rendre le loyer supérieur à  181,43 € \n\n\n Taux d'augmentation au 1 er  juillet \n\nSous réserve de ne pas dépasser le montant maximum de loyer, le taux d'augmentation applicable est  de :\n\n 1,70 %  à partir du 1 er  juillet 2019,\n\n 1,05 %   du 1 er  juillet 2018 au 30 juin 2019.\n l'augmentation des loyers des logements classés en catégorie IV est interdite. ",
    "link": "https://www.service-public.fr/particuliers/vosdroits/F17709",
    "name": "F17709--augmentati-nuelle-21--agglomerat-sienne-24.json",
    "arborescence": {
        "audience": "Particuliers",
        "theme": "Logement",
        "dossier": "Location immobilière : loyer",
        "sous_dossier": "",
        "titre": "Comment augmenter le loyer d'un logement soumis à la loi de 1948 ?"
    }
}