{
    "text": "Quelles sont les indemnités dues aux jurés d'assises ? : \n\n\n\nIndemnités de repas et d'hébergement: En tant que juré d'assises, vous pouvez percevoir une indemnité journalière pour le repas. Si vous ne pouvez pas revenir dormir chez vous,vous pouvez aussi percevoir une indemnité pour l'hébergement. Ces indemnités sont  exonérées d'impôts. Indemnités Taux de base Grandes villes (Plus de 200 000 habitants) Paris Martinique, Guadeloupe, Guyane, Réunion, Mayotte, Saint-Pierre-et-Miquelon, Saint-Barthélemy, Saint-Martin Nouvelle-Calédonie, Wallis et Futuna, Polynésie française Indemnités de repas   17,50 €     17,50 €     17,50 €     17,50 €     21 €   Indemnités d'hébergement   70 €     90 €     110 €     70 €     90 €   Ces indemnités ne sont pas versées d'office, vous devez les demander à la régie d'avances du tribunal  ou de la Cour d'appel.\n\n",
    "text_reader": "\n\n\n\nEn tant que juré d'assises, vous pouvez percevoir une indemnité journalière pour le repas. Si vous ne pouvez pas revenir dormir chez vous,vous pouvez aussi percevoir une indemnité pour l'hébergement. Ces indemnités sont  exonérées d'impôts. Indemnités Taux de base Grandes villes (Plus de 200 000 habitants) Paris Martinique, Guadeloupe, Guyane, Réunion, Mayotte, Saint-Pierre-et-Miquelon, Saint-Barthélemy, Saint-Martin Nouvelle-Calédonie, Wallis et Futuna, Polynésie française Indemnités de repas   17,50 €     17,50 €     17,50 €     17,50 €     21 €   Indemnités d'hébergement   70 €     90 €     110 €     70 €     90 €   Ces indemnités ne sont pas versées d'office, vous devez les demander à la régie d'avances du tribunal  ou de la Cour d'appel.\n\n",
    "link": "https://www.service-public.fr/particuliers/vosdroits/F17783",
    "name": "F17783--indemnites-gement-36.json",
    "arborescence": {
        "audience": "Particuliers",
        "theme": "Justice",
        "dossier": "Acteurs du monde judiciaire",
        "sous_dossier": "",
        "titre": "Quelles sont les indemnités dues aux jurés d'assises ?"
    }
}