{
    "text": "Litige agricole : procès devant le tribunal paritaire des baux ruraux : \n Le tribunal paritaire des baux ruraux juge les litiges entre propriétaires et exploitants de terres ou bâtiments agricoles. Il est saisi par assignation ou requête. L'appel n'est pas possible si le litige est inférieur à  5 000 € \n \n \n\n\n\n\nSaisine: La demande en justice est formée par assignation ou requête. Le tribunal compétent est celui du lieu de la situation du bien concerné. le recours à un huissier de justice est obligatoire pour les demandes soumises à publication au fichier immobilier (par exemple, en cas d'action contre une vente faite en violation d'un droit de préemption). en cas d'urgence, le tribunal peut être saisi par assignation en  référé .\n\nEn cas d'accord (requête conjointe)\nEn accord avec votre adversaire, vous pouvez saisir le tribunal par la remise au greffe d'une requête conjointe.\nCette requête, signée conjointement par les parties, doit indiquer les points d'accord et les points de désaccord.\nLa requête doit comprendre les éléments suivants :\nIdentité complète des parties\nTribunal saisi\nObjet de la demande (dommages-intérêts, versement de loyers, annulation du contrat de bail...)\nMotifs du litige\nListe des pièces\nElle doit être datée et signée.",
    "text_reader": "\n Le tribunal paritaire des baux ruraux juge les litiges entre propriétaires et exploitants de terres ou bâtiments agricoles. Il est saisi par assignation ou requête. L'appel n'est pas possible si le litige est inférieur à  5 000 € \n \n \n\n\n\n\nLa demande en justice est formée par assignation ou requête. Le tribunal compétent est celui du lieu de la situation du bien concerné. le recours à un huissier de justice est obligatoire pour les demandes soumises à publication au fichier immobilier (par exemple, en cas d'action contre une vente faite en violation d'un droit de préemption). en cas d'urgence, le tribunal peut être saisi par assignation en  référé .\n\nEn cas d'accord (requête conjointe)\nEn accord avec votre adversaire, vous pouvez saisir le tribunal par la remise au greffe d'une requête conjointe.\nCette requête, signée conjointement par les parties, doit indiquer les points d'accord et les points de désaccord.\nLa requête doit comprendre les éléments suivants :\nIdentité complète des parties\nTribunal saisi\nObjet de la demande (dommages-intérêts, versement de loyers, annulation du contrat de bail...)\nMotifs du litige\nListe des pièces\nElle doit être datée et signée.",
    "link": "https://www.service-public.fr/particuliers/vosdroits/F1793",
    "name": "F1793--saisine-aisine-7--en-cas-dac-jointe-35.json",
    "arborescence": {
        "audience": "Particuliers",
        "theme": "Justice",
        "dossier": "Affaire civile",
        "sous_dossier": "Déroulement d'une affaire",
        "titre": "Litige agricole : procès devant le tribunal paritaire des baux ruraux"
    }
}