{
    "text": "Aide juridictionnelle : \n L'aide juridictionnelle est une somme d'argent que l’État vous donne pour payer vos  frais de justice (avocat, huissier, etc.). Vous pouvez recevoir cette aide si vous avez de  faibles ressources. L'aide peut couvrir la totalité de vos frais de justice ou une partie. Vous pouvez la demander  avant ou après le début de votre procédure  en justice. La demande doit se faire auprès de la juridiction chargée de votre affaire. Vous devez remplir un formulaire et fournir des pièces justificatives. \n \n\n\nVous êtes étranger: \n\nProcédures concernées: \n\nFrance\nL'aide juridictionnelle peut être accordée pour les cas suivants :\nProcès en matière gracieuse ou contentieuse (divorce par exemple)\nTransaction\nExécution d'une décision de justice\nMineur auditionné par un juge\nProcédure de comparution sur  reconnaissance préalable de culpabilité \n\nProcédure de  médiation \n\nDivorce par consentement mutuel par acte sous signature privée contresigné par avocats\ndepuis le 1 er  novembre 2019, l'aide juridictionnelle ne peut plus être accordée pour les procédures  devant le tribunal départemental des pensions et devant la cour régionale des pensions.",
    "text_reader": "\n L'aide juridictionnelle est une somme d'argent que l’État vous donne pour payer vos  frais de justice (avocat, huissier, etc.). Vous pouvez recevoir cette aide si vous avez de  faibles ressources. L'aide peut couvrir la totalité de vos frais de justice ou une partie. Vous pouvez la demander  avant ou après le début de votre procédure  en justice. La demande doit se faire auprès de la juridiction chargée de votre affaire. Vous devez remplir un formulaire et fournir des pièces justificatives. \n \n\n\n\n\n\n\nProcédure en France\nL'aide juridictionnelle peut être accordée pour les cas suivants :\nProcès en matière gracieuse ou contentieuse (divorce par exemple)\nTransaction\nExécution d'une décision de justice\nMineur auditionné par un juge\nProcédure de comparution sur  reconnaissance préalable de culpabilité \n\nProcédure de  médiation \n\nDivorce par consentement mutuel par acte sous signature privée contresigné par avocats\ndepuis le 1 er  novembre 2019, l'aide juridictionnelle ne peut plus être accordée pour les procédures  devant le tribunal départemental des pensions et devant la cour régionale des pensions.",
    "link": "https://www.service-public.fr/particuliers/vosdroits/F18074",
    "name": "F18074--vous-etes--ranger-18--procedures-ernees-21--procedure--france-19.json",
    "arborescence": {
        "audience": "Particuliers",
        "theme": "Justice",
        "dossier": "Accès au droit et à la justice",
        "sous_dossier": "",
        "titre": "Aide juridictionnelle"
    }
}