{
    "text": "Séparation des parents : résidence de l'enfant : \n En cas de séparation des parents, la résidence de l'enfant est fixée soit chez l'un des parents, soit chez les deux parents en cas de garde alternée. La résidence de l'enfant peut exceptionnellement être fixée chez une tierce personne. \n \n\n\nDivorce: \n\nQue faire en cas de déménagement ?: Le parent chez lequel réside habituellement l’enfant doit notifier à l’autre parent son changement d’adresse dans le délai d’un mois. Si ce délai n'est pas respecté, il est puni de 6 mois d'emprisonnement et d'une amende pouvant aller jusqu'à  7 500 € . seul un juge peut, dans le cadre de mesures de protection des victimes de violence, autoriser le parent à ne pas révéler son adresse. \n\n",
    "text_reader": "\n En cas de séparation des parents, la résidence de l'enfant est fixée soit chez l'un des parents, soit chez les deux parents en cas de garde alternée. La résidence de l'enfant peut exceptionnellement être fixée chez une tierce personne. \n \n\n\n\n\nLe parent chez lequel réside habituellement l’enfant doit notifier à l’autre parent son changement d’adresse dans le délai d’un mois. Si ce délai n'est pas respecté, il est puni de 6 mois d'emprisonnement et d'une amende pouvant aller jusqu'à  7 500 € . seul un juge peut, dans le cadre de mesures de protection des victimes de violence, autoriser le parent à ne pas révéler son adresse. \n\n",
    "link": "https://www.service-public.fr/particuliers/vosdroits/F18785",
    "name": "F18785--divorce-ivorce-7--que-faire--gement-34.json",
    "arborescence": {
        "audience": "Particuliers",
        "theme": "Famille",
        "dossier": "Séparation des parents",
        "sous_dossier": "Relations avec l'enfant",
        "titre": "Séparation des parents : résidence de l'enfant"
    }
}