{
    "text": "Comment bénéficier des transports en commun scolaires ? : \n\nEn Île-de-France: \n\nEn cas de vol de la carte: Vous devez faire une déclaration  de vol au commissariat de police ou à la brigade de gendarmerie. Adressez-vous ensuite à Île-de-France mobilités :\n\n",
    "text_reader": "\n\n\n\nVous devez faire une déclaration  de vol au commissariat de police ou à la brigade de gendarmerie. Adressez-vous ensuite à Île-de-France mobilités :\n\n",
    "link": "https://www.service-public.fr/particuliers/vosdroits/F1872",
    "name": "F1872--en-ile-de--france-16--en-cas-de---carte-25.json",
    "arborescence": {
        "audience": "Particuliers",
        "theme": "Famille",
        "dossier": "Collège et lycée",
        "sous_dossier": "",
        "titre": "Comment bénéficier des transports en commun scolaires ?"
    }
}