{
    "text": "Stage ou observation d'un jeune de moins de 16 ans : quelles sont les règles ? : \n Les entreprises peuvent accueillir des élèves mineurs de moins de 16 ans, pour différents types d'accueil, notamment les stages. L'élève reste cependant  sous statut scolaire pendant la période où il est accueilli dans l'entreprise, c'est-à-dire soumis au règlement intérieur de leur établissement. \n \n\n\n\n\nStage d'initiation en milieu professionnel: Les stages sont réservés aux  élèves de plus de 14 ans. Ils sont organisés uniquement pour des élèves dont le programme d'enseignement prévoit un temps de formation professionnelle. Chaque élève est suivi individuellement par un enseignant et un tuteur, membre de l'organisation d'accueil. Ils  permettent de découvrir différents milieux professionnels. Ces stages s'adressent notamment à l'élève scolarisé en  classe de 3ème \"prépa-métiers\" . L'élève peut y effectuer des activités, et, sous surveillance, des travaux légers autorisés aux mineurs par le code du travail. En revanche, il ne peut pas accéder aux machines et produits interdits aux mineurs. la visite médicale n'est pas nécessaire pour un stage d'initiation en milieu professionnel.\n\nÀ partir de 15 ans\nLe stage ne doit pas dépasser 7 heures par jour et 35 heures par semaine.\nLe repos est de 2 jours par semaine, si possible consécutifs.\nL'élève bénéficie des congés scolaires.\nLes horaires de stage doivent être compris entre 6 heures et 20 heures.",
    "text_reader": "\n Les entreprises peuvent accueillir des élèves mineurs de moins de 16 ans, pour différents types d'accueil, notamment les stages. L'élève reste cependant  sous statut scolaire pendant la période où il est accueilli dans l'entreprise, c'est-à-dire soumis au règlement intérieur de leur établissement. \n \n\n\n\n\nLes stages sont réservés aux  élèves de plus de 14 ans. Ils sont organisés uniquement pour des élèves dont le programme d'enseignement prévoit un temps de formation professionnelle. Chaque élève est suivi individuellement par un enseignant et un tuteur, membre de l'organisation d'accueil. Ils  permettent de découvrir différents milieux professionnels. Ces stages s'adressent notamment à l'élève scolarisé en  classe de 3ème \"prépa-métiers\" . L'élève peut y effectuer des activités, et, sous surveillance, des travaux légers autorisés aux mineurs par le code du travail. En revanche, il ne peut pas accéder aux machines et produits interdits aux mineurs. la visite médicale n'est pas nécessaire pour un stage d'initiation en milieu professionnel.\n\nÀ partir de 15 ans\nLe stage ne doit pas dépasser 7 heures par jour et 35 heures par semaine.\nLe repos est de 2 jours par semaine, si possible consécutifs.\nL'élève bénéficie des congés scolaires.\nLes horaires de stage doivent être compris entre 6 heures et 20 heures.",
    "link": "https://www.service-public.fr/particuliers/vosdroits/F1882",
    "name": "F1882--stage-dini-ionnel-42--a-partir-d-15-ans-18.json",
    "arborescence": {
        "audience": "Particuliers",
        "theme": "Famille",
        "dossier": "Collège et lycée",
        "sous_dossier": "",
        "titre": "Stage ou observation d'un jeune de moins de 16 ans : quelles sont les règles ?"
    }
}