{
    "text": "Élections : droit de vote d'un citoyen européen en France : \n Un citoyen européen  qui réside en France a le droit de voter  aux élections municipales et aux élections européennes à  condition d'être  inscrit sur les listes électorales françaises. Il ne peut pas voter à d'autres élections. \n \n\n\n\n\nComment s'inscrire ?: Pour pouvoir voter en France, vous devez    demander à être inscrit : Soit sur  les listes électorales complémentaires des   élections municipales et européennes   de la même commune . Vous voterez  alors en France pour chacune de ces élections. Soit  seulement sur la liste électorale complémentaire des élections municipales (vous voterez alors uniquement en France pour les élections municipales)  ou   seulement sur la liste électorale complémentaire des élections européennes (vous voterez alors uniquement en France pour les élections européennes).\n\nSur place (vous-même ou une personne vous représentant)\nPar vous-même\nVous devez vous rendre à la mairie avec ces documents :\nPour les élections municipales\nPour les élections européennes\n- Le formulaire  cerfa n°12670  (à télécharger ou à remplir sur place)\n- Le formulaire  cerfa n°12671   (à télécharger ou à remplir sur place)\n- Votre pièce d'identité en cours de validité : carte nationale d'identité ou passeport ou titre de séjour\n- Votre  justificatif de domicile \n\nPar l'intermédiaire d'une autre personne\nVous pouvez charger une personne d'accomplir cette démarche en mairie à votre place.\nPour cela, vous devez lui fournir :\nPour les élections européennes\nPour les élections municipales\n- Le formulaire  cerfa n°12671   (à télécharger ou à remplir sur place)\n- Le formulaire  cerfa n°12670   (à télécharger ou à remplir sur place)\n- Votre pièce d'identité en cours de validité : carte nationale d'identité ou passeport ou titre de séjour\n- Votre  justificatif de domicile \n\n- Un document écrit et signé attestant que vous lui confiez ce pouvoir",
    "text_reader": "\n Un citoyen européen  qui réside en France a le droit de voter  aux élections municipales et aux élections européennes à  condition d'être  inscrit sur les listes électorales françaises. Il ne peut pas voter à d'autres élections. \n \n\n\n\n\nPour pouvoir voter en France, vous devez    demander à être inscrit : Soit sur  les listes électorales complémentaires des   élections municipales et européennes   de la même commune . Vous voterez  alors en France pour chacune de ces élections. Soit  seulement sur la liste électorale complémentaire des élections municipales (vous voterez alors uniquement en France pour les élections municipales)  ou   seulement sur la liste électorale complémentaire des élections européennes (vous voterez alors uniquement en France pour les élections européennes).\n\nSur place (vous-même ou une personne vous représentant)\nPar vous-même\nVous devez vous rendre à la mairie avec ces documents :\nPour les élections municipales\nPour les élections européennes\n- Le formulaire  cerfa n°12670  (à télécharger ou à remplir sur place)\n- Le formulaire  cerfa n°12671   (à télécharger ou à remplir sur place)\n- Votre pièce d'identité en cours de validité : carte nationale d'identité ou passeport ou titre de séjour\n- Votre  justificatif de domicile \n\nPar l'intermédiaire d'une autre personne\nVous pouvez charger une personne d'accomplir cette démarche en mairie à votre place.\nPour cela, vous devez lui fournir :\nPour les élections européennes\nPour les élections municipales\n- Le formulaire  cerfa n°12671   (à télécharger ou à remplir sur place)\n- Le formulaire  cerfa n°12670   (à télécharger ou à remplir sur place)\n- Votre pièce d'identité en cours de validité : carte nationale d'identité ou passeport ou titre de séjour\n- Votre  justificatif de domicile \n\n- Un document écrit et signé attestant que vous lui confiez ce pouvoir",
    "link": "https://www.service-public.fr/particuliers/vosdroits/F1937",
    "name": "F1937--comment-si-scrire-20--sur-place--entant-55.json",
    "arborescence": {
        "audience": "Particuliers",
        "theme": "Papiers - Citoyenneté",
        "dossier": "Élections",
        "sous_dossier": "Inscription sur les listes électorales",
        "titre": "Élections : droit de vote d'un citoyen européen en France"
    }
}