{
    "text": "Carte de séjour de membre de la famille d'un citoyen de l'Union/EEE/Suisse : \n Si vous êtes  européen  et que vous vous installez en France,  votre famille proche peut vous accompagner ou vous rejoindre. Il s'agit  par exemple de votre époux ou épouse et  de vos enfants de moins de 21 ans.   Les membres majeurs non européens  de votre famille doivent demander une carte de séjour. Si vous êtes français et que vous vous êtes installé dans un autre pays européen,   vous pouvez revenir en France avec les membres de votre famille proche dans les mêmes conditions. \n \n\n\nPour la famille européenne: \n\nDemande de la carte: Le membre de votre famille doit faire sa demande à la préfecture  de votre domicile. Dans l'attente de l'instruction de sa demande, il reçoit un  récépissé .\n\nCas général\nil n'est pas possible d'effectuer les démarches dans certaines sous-préfectures. Renseignez-vous sur le site internet de votre préfecture.",
    "text_reader": "\n Si vous êtes  européen  et que vous vous installez en France,  votre famille proche peut vous accompagner ou vous rejoindre. Il s'agit  par exemple de votre époux ou épouse et  de vos enfants de moins de 21 ans.   Les membres majeurs non européens  de votre famille doivent demander une carte de séjour. Si vous êtes français et que vous vous êtes installé dans un autre pays européen,   vous pouvez revenir en France avec les membres de votre famille proche dans les mêmes conditions. \n \n\n\n\n\nLe membre de votre famille doit faire sa demande à la préfecture  de votre domicile. Dans l'attente de l'instruction de sa demande, il reçoit un  récépissé .\n\nCas général\nil n'est pas possible d'effectuer les démarches dans certaines sous-préfectures. Renseignez-vous sur le site internet de votre préfecture.",
    "link": "https://www.service-public.fr/particuliers/vosdroits/F19315",
    "name": "F19315--pour-la-fa-peenne-26--demande-de--carte-19--cas-genera-eneral-11.json",
    "arborescence": {
        "audience": "Particuliers",
        "theme": "Étranger",
        "dossier": "Titres, carte de séjour et documents de circulation pour étranger en France",
        "sous_dossier": "Carte de séjour pour Européen",
        "titre": "Carte de séjour de membre de la famille d'un citoyen de l'Union/EEE/Suisse"
    }
}