{
    "text": "Que faire en cas de discrimination ? : \n La discrimination vise à défavoriser une personne pour des motifs racistes, sexistes, homophobes ou syndicaux.\nLa discrimination peut se faire en raison de l'âge et du handicap. La discrimination est illégale et sanctionnée dans toutes les situations. En tant que victime, vous pouvez  obtenir réparation du préjudice causé. \n \n\n\n\n\nSaisir le Défenseur des droits: Vous pouvez  saisir le Défenseur des droits. La saisine du défenseur des droit peut aboutir à 3 solutions :   Une médiation  : désigné par le Défenseur des droits, le médiateur entend les personnes concernées. La médiation ne peut excéder 3 mois renouvelable 1 fois   Une transaction  : le Défenseur des droits propose à l'auteur des faits une ou plusieurs sanctions (versement d'une amende, indemnisation de la victime, publicité des faits). En cas d'accord, la transaction doit être validée par le procureur de la République   Une action en justice  : si le Défenseur des droits a connaissance de faits de nature à constituer une infraction ou si l'auteur refuse la transaction, le Défenseur des droits saisit le procureur de la République la seule saisine du Défenseur des droits ne suspend pas les délais de prescription  devant la justice. Le délai pour porter plainte reste limité à 6 ans.\n\nplace\nVous pouvez prendre rendez-vous avec un délégué du Défenseur des droits.",
    "text_reader": "\n La discrimination vise à défavoriser une personne pour des motifs racistes, sexistes, homophobes ou syndicaux.\nLa discrimination peut se faire en raison de l'âge et du handicap. La discrimination est illégale et sanctionnée dans toutes les situations. En tant que victime, vous pouvez  obtenir réparation du préjudice causé. \n \n\n\n\n\nVous pouvez  saisir le Défenseur des droits. La saisine du défenseur des droit peut aboutir à 3 solutions :   Une médiation  : désigné par le Défenseur des droits, le médiateur entend les personnes concernées. La médiation ne peut excéder 3 mois renouvelable 1 fois   Une transaction  : le Défenseur des droits propose à l'auteur des faits une ou plusieurs sanctions (versement d'une amende, indemnisation de la victime, publicité des faits). En cas d'accord, la transaction doit être validée par le procureur de la République   Une action en justice  : si le Défenseur des droits a connaissance de faits de nature à constituer une infraction ou si l'auteur refuse la transaction, le Défenseur des droits saisit le procureur de la République la seule saisine du Défenseur des droits ne suspend pas les délais de prescription  devant la justice. Le délai pour porter plainte reste limité à 6 ans.\n\nSur place\nVous pouvez prendre rendez-vous avec un délégué du Défenseur des droits.",
    "link": "https://www.service-public.fr/particuliers/vosdroits/F19448",
    "name": "F19448--saisir-le--droits-30--sur-place--place-9.json",
    "arborescence": {
        "audience": "Particuliers",
        "theme": "Justice",
        "dossier": "Discrimination",
        "sous_dossier": "",
        "titre": "Que faire en cas de discrimination ?"
    }
}