{
    "text": "Liste électorale : inscription d'office à 18 ans : \n Accessible  avec un compte service-public.fr ou via France Connect, et à  condition d'être âgé d'au moins 18 ans. \n \n\n\nJeune vivant en France: \n\nComment se déroule l'inscription ?: \n\n\nProcédure\nL' Insee  inscrit d'office les jeunes qui atteignent 18 ans sur le fondement des informations recueillies lors du  recensement citoyen  effectué par le jeune en vue de l'organisation de la  journée défense et citoyenneté (JDC) .\nLe jeune majeur est inscrit d'office sur la liste électorale de la commune où il s'est fait recenser.\nPour vérifier votre inscription, vous pouvez utiliser le téléservice :\nRemise de la carte\nLa carte électorale vous est :\nSoit remise à l'occasion d'une cérémonie de citoyenneté organisée entre le 1 er  janvier et le 31 mars\nSoit envoyée par courrier au plus tard 3 jours avant une élection\nSi vous êtes absent le jour de la cérémonie de citoyenneté :\nSoit vous êtes invité à une prochaine cérémonie\nSoit la carte vous est envoyée par courrier à votre domicile au plus tard 3 jours avant l'élection\nSoit elle est mise à votre disposition le jour de l'élection à votre  bureau de vote\nPour vérifier votre inscription sur les listes électorales :",
    "text_reader": "\n Accessible  avec un compte service-public.fr ou via France Connect, et à  condition d'être âgé d'au moins 18 ans. \n \n\n\n\n\n\n\nComment se déroule l'inscription ?\nProcédure\nL' Insee  inscrit d'office les jeunes qui atteignent 18 ans sur le fondement des informations recueillies lors du  recensement citoyen  effectué par le jeune en vue de l'organisation de la  journée défense et citoyenneté (JDC) .\nLe jeune majeur est inscrit d'office sur la liste électorale de la commune où il s'est fait recenser.\nPour vérifier votre inscription, vous pouvez utiliser le téléservice :\nRemise de la carte\nLa carte électorale vous est :\nSoit remise à l'occasion d'une cérémonie de citoyenneté organisée entre le 1 er  janvier et le 31 mars\nSoit envoyée par courrier au plus tard 3 jours avant une élection\nSi vous êtes absent le jour de la cérémonie de citoyenneté :\nSoit vous êtes invité à une prochaine cérémonie\nSoit la carte vous est envoyée par courrier à votre domicile au plus tard 3 jours avant l'élection\nSoit elle est mise à votre disposition le jour de l'élection à votre  bureau de vote\nPour vérifier votre inscription sur les listes électorales :",
    "link": "https://www.service-public.fr/particuliers/vosdroits/F1961",
    "name": "F1961--jeune-viva-france-22--comment-se-iption-34.json",
    "arborescence": {
        "audience": "Particuliers",
        "theme": "Papiers - Citoyenneté",
        "dossier": "Élections",
        "sous_dossier": "Inscription sur les listes électorales",
        "titre": "Liste électorale : inscription d'office à 18 ans"
    }
}