{
    "text": "S'inscrire sur la liste électorale en mairie : quel justificatif de domicile ? : \n Pour s'inscrire sur les listes électorales, il faut prouver soit son  domicile ou sa  résidence sur la commune, soit sa qualité de  contribuable sur la commune, soit sa qualité de gérant ou d'associé majoritaire ou unique d'une société sur la commune. \n \n\n\nPour un gérant (ou associé): \n\nAssocié d'une SA, SCA, ou SAS: Vous devez prouver que vous êtes depuis au moins 2 ans  l'associé majoritaire ou unique  d'une société inscrite au rôle des contributions de la commune depuis au moins 2 ans. Il peut s'agir : d'une société anonyme (SA), d'une société en commandite par action (SCA), d'une société par actions simplifiée (SAS). Il faut fournir les documents suivants : Attestation sur l'honneur de la continuité de votre  qualité d'associé majoritaire unique de la société depuis au moins 2 ans Attestation délivrée par la société dont vous détenez  des parts ou des actions ou que vous dirigez Document attestant de l'inscription de la société au rôle de la commune depuis au moins 2 ans.\n\n",
    "text_reader": "\n Pour s'inscrire sur les listes électorales, il faut prouver soit son  domicile ou sa  résidence sur la commune, soit sa qualité de  contribuable sur la commune, soit sa qualité de gérant ou d'associé majoritaire ou unique d'une société sur la commune. \n \n\n\n\n\nVous devez prouver que vous êtes depuis au moins 2 ans  l'associé majoritaire ou unique  d'une société inscrite au rôle des contributions de la commune depuis au moins 2 ans. Il peut s'agir : d'une société anonyme (SA), d'une société en commandite par action (SCA), d'une société par actions simplifiée (SAS). Il faut fournir les documents suivants : Attestation sur l'honneur de la continuité de votre  qualité d'associé majoritaire unique de la société depuis au moins 2 ans Attestation délivrée par la société dont vous détenez  des parts ou des actions ou que vous dirigez Document attestant de l'inscription de la société au rôle de la commune depuis au moins 2 ans.\n\n",
    "link": "https://www.service-public.fr/particuliers/vosdroits/F1965",
    "name": "F1965--pour-un-ge-ssocie-27--associe-du-ou-sas-29.json",
    "arborescence": {
        "audience": "Particuliers",
        "theme": "Papiers - Citoyenneté",
        "dossier": "Élections",
        "sous_dossier": "",
        "titre": "S'inscrire sur la liste électorale en mairie : quel justificatif de domicile ?"
    }
}