{
    "text": "Permis de construire : \n Le permis de construire est une autorisation d'urbanisme délivrée par la mairie de la commune où se situe votre projet. Il concerne les constructions nouvelles, même sans fondation, de plus de 20 m² de  surface de plancher  ou  d'emprise au sol . Pour les bâtiments existants, des travaux d'extension ainsi que le changement de destination peuvent également être soumis à permis. Les travaux qui ne relèvent pas du permis de construire sont en principe soumis à déclaration préalable de travaux. \n \n\n\n\n\nConstruction d'une maison individuelle: Un permis de construire est exigé pour la construction d'une maison individuelle de plus de 20 m². Le recours à un architecte est obligatoire pour élaborer votre projet architectural si la  surface de plancher  de votre future construction dépasse 150 m². Une maison individuelle construite pour votre usage personnel n'est pas soumise à la réglementation sur l'accessibilité aux handicapés. Par contre, les maisons destinées à être louées, mises à disposition ou  vendues doivent respecter ces règles. Elles doivent être construites et aménagées de façon à être accessibles quel que soit le handicap. L'obligation d'accessibilité concerne les circulations extérieures, le logement et  le stationnement automobile.\n\ngénéral\nLe délai d'instruction est  de  2 mois pour une maison individuelle et ses annexes  et de 3 mois pour les autres projets.",
    "text_reader": "\n Le permis de construire est une autorisation d'urbanisme délivrée par la mairie de la commune où se situe votre projet. Il concerne les constructions nouvelles, même sans fondation, de plus de 20 m² de  surface de plancher  ou  d'emprise au sol . Pour les bâtiments existants, des travaux d'extension ainsi que le changement de destination peuvent également être soumis à permis. Les travaux qui ne relèvent pas du permis de construire sont en principe soumis à déclaration préalable de travaux. \n \n\n\n\n\nUn permis de construire est exigé pour la construction d'une maison individuelle de plus de 20 m². Le recours à un architecte est obligatoire pour élaborer votre projet architectural si la  surface de plancher  de votre future construction dépasse 150 m². Une maison individuelle construite pour votre usage personnel n'est pas soumise à la réglementation sur l'accessibilité aux handicapés. Par contre, les maisons destinées à être louées, mises à disposition ou  vendues doivent respecter ces règles. Elles doivent être construites et aménagées de façon à être accessibles quel que soit le handicap. L'obligation d'accessibilité concerne les circulations extérieures, le logement et  le stationnement automobile.\n\nCas général\nLe délai d'instruction est  de  2 mois pour une maison individuelle et ses annexes  et de 3 mois pour les autres projets.",
    "link": "https://www.service-public.fr/particuliers/vosdroits/F1986",
    "name": "F1986--constructi-duelle-38--cas-genera-eneral-11.json",
    "arborescence": {
        "audience": "Particuliers",
        "theme": "Logement",
        "dossier": "Autorisations d'urbanisme",
        "sous_dossier": "",
        "titre": "Permis de construire"
    }
}