{
    "text": "Remboursement des frais de transport domicile-travail (secteur privé) : \n Les frais de transport correspondent à des dépenses engagées par le salarié pour se rendre sur son lieu de travail. Ces frais peuvent être remboursés par l'employeur et exonérés de cotisations dans certaines limites et sous certaines conditions. \n \n\n\nTransport personnel: \n\nMention sur le bulletin de paie: Le montant de la prise en charge des frais de transport doit être mentionné sur la fiche de paie.\n\n",
    "text_reader": "\n Les frais de transport correspondent à des dépenses engagées par le salarié pour se rendre sur son lieu de travail. Ces frais peuvent être remboursés par l'employeur et exonérés de cotisations dans certaines limites et sous certaines conditions. \n \n\n\n\n\nLe montant de la prise en charge des frais de transport doit être mentionné sur la fiche de paie.\n\n",
    "link": "https://www.service-public.fr/particuliers/vosdroits/F19846",
    "name": "F19846--transport--sonnel-19--mention-su-e-paie-31.json",
    "arborescence": {
        "audience": "Particuliers",
        "theme": "Travail",
        "dossier": "Rémunération dans le secteur privé",
        "sous_dossier": "",
        "titre": "Remboursement des frais de transport domicile-travail (secteur privé)"
    }
}