{
    "text": "Information du patient sur les tarifs des consultations et actes médicaux : \n Tout patient a le droit d'être informé sur le montant des actes et des prestations proposées lors de consultations (prévention, diagnostic, soin). Cette obligation s'impose aux professionnels de santé et aux établissements de santé.  \n \n\n\nProfessionnel de santé: \n\nInformation et mode de règlement: L'information du patient sur les tarifs des consultations et actes médicaux est  gratuite .  De plus, le simple avis ou conseil dispensé à un patient par téléphone ou par correspondance ne peut donner lieu à aucun honoraire.  Aucun mode particulier de règlement (carte bancaire, espèces etc.) ne peut être imposé aux patients.\n\n",
    "text_reader": "\n Tout patient a le droit d'être informé sur le montant des actes et des prestations proposées lors de consultations (prévention, diagnostic, soin). Cette obligation s'impose aux professionnels de santé et aux établissements de santé.  \n \n\n\n\n\nL'information du patient sur les tarifs des consultations et actes médicaux est  gratuite .  De plus, le simple avis ou conseil dispensé à un patient par téléphone ou par correspondance ne peut donner lieu à aucun honoraire.  Aucun mode particulier de règlement (carte bancaire, espèces etc.) ne peut être imposé aux patients.\n\n",
    "link": "https://www.service-public.fr/particuliers/vosdroits/F19948",
    "name": "F19948--profession--sante-22--informatio-lement-32.json",
    "arborescence": {
        "audience": "Particuliers",
        "theme": "Social - Santé",
        "dossier": "Information du patient : dossier médical, montant des prestations, ...",
        "sous_dossier": "Droit à l'information",
        "titre": "Information du patient sur les tarifs des consultations et actes médicaux"
    }
}