{
    "text": "Prime de déménagement : \n À l'occasion de la naissance de votre 3 e  enfant ou tout autre enfant supplémentaire, en cas de déménagement, vous pouvez  bénéficier d'une prime de déménagement, sous certaines conditions. \n \n\n\n\n\nChangement de situation: \n\nRégime général (Caf)\nChangement de situation familiale\nDéclarez rapidement tout changement dans votre situation familiale.\nêtre en couple peut vous ouvrir de nouveaux droits. Renseignez-vous auprès de votre  Caf .\nChangement de domicile\nVous pouvez signaler votre changement de domicile en utilisant le service de changement d'adresse en ligne :\nPour déclarer vos nouvelles coordonnées, simultanément auprès de plusieurs services de l'administration et de fournisseurs d'énergie.",
    "text_reader": "\n À l'occasion de la naissance de votre 3 e  enfant ou tout autre enfant supplémentaire, en cas de déménagement, vous pouvez  bénéficier d'une prime de déménagement, sous certaines conditions. \n \n\n\n\n\n\n\nRégime général (Caf)\nChangement de situation familiale\nDéclarez rapidement tout changement dans votre situation familiale.\nêtre en couple peut vous ouvrir de nouveaux droits. Renseignez-vous auprès de votre  Caf .\nChangement de domicile\nVous pouvez signaler votre changement de domicile en utilisant le service de changement d'adresse en ligne :\nPour déclarer vos nouvelles coordonnées, simultanément auprès de plusieurs services de l'administration et de fournisseurs d'énergie.",
    "link": "https://www.service-public.fr/particuliers/vosdroits/F2008",
    "name": "F2008--changement-uation-23--regime-gen-al-caf-20.json",
    "arborescence": {
        "audience": "Particuliers",
        "theme": "Famille",
        "dossier": "Allocations destinées aux familles",
        "sous_dossier": "Allocations versées à partir du 2e enfant",
        "titre": "Prime de déménagement"
    }
}