{
    "text": "Handicap : foyer de vie (ou foyer de vie occupationnel) : \n Le foyer de vie (ou foyer occupationnel) est un établissement qui accueille des adultes handicapés ayant une certaine autonomie pour leur proposer des animations et activités en fonction de leur handicap.\n\t\t\tCertaines structures peuvent également proposer un hébergement. Le foyer de vie est destiné aux personnes ne relevant ni d'un établissement et service d'aide par le travail (Ésat), ni d'une maison d'accueil spécialisée (Mas), ni d'un foyer d'accueil médicalisé (Fam). \n \n\n\n\n\nDémarche: La commission des droits et de l'autonomie des personnes handicapées (CDAPH) se réunit ensuite pour se prononcer sur votre demande d'admission. Sa réponse intervient généralement dans un délai de 4 mois à partir de la date de dépôt de votre demande. En l'absence de réponse au delà de 4 mois, la demande est considérée comme rejetée.\n\nHérault (34)\nVous devez remplir un formulaire et l'envoyer à votre MDPH, de préférence par lettre recommandée avec avis de réception.\nÀ joindre à toute demande",
    "text_reader": "\n Le foyer de vie (ou foyer occupationnel) est un établissement qui accueille des adultes handicapés ayant une certaine autonomie pour leur proposer des animations et activités en fonction de leur handicap.\n\t\t\tCertaines structures peuvent également proposer un hébergement. Le foyer de vie est destiné aux personnes ne relevant ni d'un établissement et service d'aide par le travail (Ésat), ni d'une maison d'accueil spécialisée (Mas), ni d'un foyer d'accueil médicalisé (Fam). \n \n\n\n\n\nLa commission des droits et de l'autonomie des personnes handicapées (CDAPH) se réunit ensuite pour se prononcer sur votre demande d'admission. Sa réponse intervient généralement dans un délai de 4 mois à partir de la date de dépôt de votre demande. En l'absence de réponse au delà de 4 mois, la demande est considérée comme rejetée.\n\nHérault (34)\nVous devez remplir un formulaire et l'envoyer à votre MDPH, de préférence par lettre recommandée avec avis de réception.\nÀ joindre à toute demande",
    "link": "https://www.service-public.fr/particuliers/vosdroits/F2005",
    "name": "F2005--demarche-marche-8--herault-34-ult-34-12.json",
    "arborescence": {
        "audience": "Particuliers",
        "theme": "Social - Santé",
        "dossier": "Hébergement d'une personne en situation de handicap",
        "sous_dossier": "Séjour court ou non médicalisé",
        "titre": "Handicap : foyer de vie (ou foyer de vie occupationnel)"
    }
}