{
    "text": "Garantie décennale en assurance construction : \n L'assurance de responsabilité civile décennale est ce qu'on appelle communément  garantie décennale . Elle garantit la réparation des dommages qui se produisent après la réception des travaux (fin officielle du chantier). \n \n\n\n\n\nDommages couverts: La garantie décennale concerne les vices ou dommages de construction : qui peuvent affecter la solidité de l'ouvrage et de ses équipements indissociables (par exemple, effondrement résultant d'un vice de construction), ou qui le rendent inhabitable ou impropre à l'usage auquel il est destiné (par exemple, défaut d'étanchéité, fissurations importantes). Le dommage peut résulter d'un défaut de conformité (défaut qui rend impropre à l'usage attendu) ou d'un vice de sol (problème caché lié au terrain où a été construit l'ouvrage). Il s'agit du « gros ouvrage ­» (c'est-à-dire les murs, la charpente, la toiture...), par opposition aux « menus ouvrages » que sont les éléments mobiles (portes et fenêtres, sanitaires...). Il peut aussi s'agir d'éléments d'équipement (par exemple une pompe à chaleur) lorsque les dysfonctionnements les affectant rendent le bien dans son ensemble impropre à son usage. Pour être valide, l'assurance doit avoir été souscrite  avant  le démarrage des travaux. En effet, elle couvre uniquement les travaux ayant fait l'objet d'une ouverture de chantier pendant la période de validité du contrat. Si l'ouverture du chantier a lieu avant la souscription du contrat d'assurance, celui-ci ne s'y applique pas. De même, l'assurance doit être valable pour la zone géographique où se trouve le chantier. La mise en œuvre de la garantie décennale intervient dans 2 cas : lorsque survient un vice d'une certaine gravité qui compromet la solidité de l'ouvrage (par exemple, fissures importantes, fondations), lorsque survient un vice rendant le bien impropre à son usage, que ce soit un élément constitutif de l'ouvrage (qui assure l'ossature, la viabilité, les fondations, le clos et le couvert) ou un élément d'équipement indissociable de celui-ci (ne pouvant être enlevé, démonté ou remplacé sans détériorer l'ouvrage qu'il équipe : canalisations encastrées, installations de chauffage central...).\n\n",
    "text_reader": "\n L'assurance de responsabilité civile décennale est ce qu'on appelle communément  garantie décennale . Elle garantit la réparation des dommages qui se produisent après la réception des travaux (fin officielle du chantier). \n \n\n\n\n\nLa garantie décennale concerne les vices ou dommages de construction : qui peuvent affecter la solidité de l'ouvrage et de ses équipements indissociables (par exemple, effondrement résultant d'un vice de construction), ou qui le rendent inhabitable ou impropre à l'usage auquel il est destiné (par exemple, défaut d'étanchéité, fissurations importantes). Le dommage peut résulter d'un défaut de conformité (défaut qui rend impropre à l'usage attendu) ou d'un vice de sol (problème caché lié au terrain où a été construit l'ouvrage). Il s'agit du « gros ouvrage ­» (c'est-à-dire les murs, la charpente, la toiture...), par opposition aux « menus ouvrages » que sont les éléments mobiles (portes et fenêtres, sanitaires...). Il peut aussi s'agir d'éléments d'équipement (par exemple une pompe à chaleur) lorsque les dysfonctionnements les affectant rendent le bien dans son ensemble impropre à son usage. Pour être valide, l'assurance doit avoir été souscrite  avant  le démarrage des travaux. En effet, elle couvre uniquement les travaux ayant fait l'objet d'une ouverture de chantier pendant la période de validité du contrat. Si l'ouverture du chantier a lieu avant la souscription du contrat d'assurance, celui-ci ne s'y applique pas. De même, l'assurance doit être valable pour la zone géographique où se trouve le chantier. La mise en œuvre de la garantie décennale intervient dans 2 cas : lorsque survient un vice d'une certaine gravité qui compromet la solidité de l'ouvrage (par exemple, fissures importantes, fondations), lorsque survient un vice rendant le bien impropre à son usage, que ce soit un élément constitutif de l'ouvrage (qui assure l'ossature, la viabilité, les fondations, le clos et le couvert) ou un élément d'équipement indissociable de celui-ci (ne pouvant être enlevé, démonté ou remplacé sans détériorer l'ouvrage qu'il équipe : canalisations encastrées, installations de chauffage central...).\n\n",
    "link": "https://www.service-public.fr/particuliers/vosdroits/F2034",
    "name": "F2034--dommages-c-uverts-17.json",
    "arborescence": {
        "audience": "Particuliers",
        "theme": "Logement",
        "dossier": "Travaux",
        "sous_dossier": "Assurance et garanties",
        "titre": "Garantie décennale en assurance construction"
    }
}