{
    "text": "Faut-il fournir un certificat médical à l'école si l'enfant est malade ? : \n\n\n\n\n\nVous devez fournir un certificat médical seulement si votre enfant a une maladie contagieuse.\nIl s'agit  des maladies suivantes :\nCoqueluche\nDiphtérie\nMéningite à méningocoque\nPoliomyélite\nRougeole, oreillons, rubéole\nInfections à streptocoques hémolytiques du groupe A\nFièvres typhoïde et paratyphoïdes\nInfection par le VIH ou le virus de l'hépatite B,\nTeignes\nTuberculose respiratoire\nPédiculose\nDysenterie amibienne ou bacillaire\nGale\nSyndrome grippal épidémique\nHépatite A\nImpétigo (et autres pyodermites)\nDans ces cas, vous devrez  fournir le certificat médical à l'école dès le retour en classe de votre enfant.",
    "text_reader": "\n\n\n\n\n\nVous devez fournir un certificat médical seulement si votre enfant a une maladie contagieuse.\nIl s'agit  des maladies suivantes :\nCoqueluche\nDiphtérie\nMéningite à méningocoque\nPoliomyélite\nRougeole, oreillons, rubéole\nInfections à streptocoques hémolytiques du groupe A\nFièvres typhoïde et paratyphoïdes\nInfection par le VIH ou le virus de l'hépatite B,\nTeignes\nTuberculose respiratoire\nPédiculose\nDysenterie amibienne ou bacillaire\nGale\nSyndrome grippal épidémique\nHépatite A\nImpétigo (et autres pyodermites)\nDans ces cas, vous devrez  fournir le certificat médical à l'école dès le retour en classe de votre enfant.",
    "link": "https://www.service-public.fr/particuliers/vosdroits/F20583",
    "name": "F20583.json",
    "arborescence": {
        "audience": "Particuliers",
        "theme": "Famille",
        "dossier": "École primaire (maternelle et élémentaire)",
        "sous_dossier": "",
        "titre": "Faut-il fournir un certificat médical à l'école si l'enfant est malade ?"
    }
}