{
    "text": "Contestation d'une autorisation d'urbanisme : \n Un tiers (un voisin le plus souvent) peut contester la validité d'une autorisation d'urbanisme (par exemple, un permis de construire) en exerçant un recours. Pour cela, il faut démontrer un intérêt à agir. \n \n\n\n\n\nDe quoi s'agit-il ?: Un tiers (un voisin le plus souvent) peut contester la validité d'une autorisation d'urbanisme (par exemple, un permis de construire) en exerçant un recours gracieux ou un recours contentieux.\n\n",
    "text_reader": "\n Un tiers (un voisin le plus souvent) peut contester la validité d'une autorisation d'urbanisme (par exemple, un permis de construire) en exerçant un recours. Pour cela, il faut démontrer un intérêt à agir. \n \n\n\n\n\nUn tiers (un voisin le plus souvent) peut contester la validité d'une autorisation d'urbanisme (par exemple, un permis de construire) en exerçant un recours gracieux ou un recours contentieux.\n\n",
    "link": "https://www.service-public.fr/particuliers/vosdroits/F20567",
    "name": "F20567--de-quoi-sa-git-il-19.json",
    "arborescence": {
        "audience": "Particuliers",
        "theme": "Logement",
        "dossier": "Autorisations d'urbanisme",
        "sous_dossier": "",
        "titre": "Contestation d'une autorisation d'urbanisme"
    }
}