{
    "text": "Peut-on refuser la mutuelle ou la prévoyance de son entreprise ? : \n\nVous pouvez  refuser d'adhérer au dispositif de complémentaire santé (mutuelle) ou de prévoyance complémentaire obligatoire de votre employeur uniquement dans certains cas.\n\n\n\nVous avez déjà une mutuelle en tant qu'ayant droit (couverture collective)\nVous pouvez demander à être dispensé d'adhérer au régime de frais de santé mis en place dans votre entreprise si vous êtes déjà couvert, en qualité d'époux (se) ou pacsé(e), par l'un des dispositifs suivants :\nAutre régime frais de santé collectif obligatoire (mutuelle familiale obligatoire pour laquelle l'adhésion des membres de la famille, époux(se), pacsé(e), enfants, est obligatoire au même titre que celle du salarié)\nContrat d'assurance de groupe dit  Madelin \n\nRégime local d'Alsace-Moselle\nRégime complémentaire relevant de la caisse d'assurance maladie des industries électriques et gazières (CAMIEG)\nMutuelle des agents de l’État ou des collectivités territoriales\nLa dispense est à votre initiative.  Elle doit être faite au moment de l'embauche ou au moment de la mise en place de la couverture collective.",
    "text_reader": "\n\nVous pouvez  refuser d'adhérer au dispositif de complémentaire santé (mutuelle) ou de prévoyance complémentaire obligatoire de votre employeur uniquement dans certains cas.\n\n\n\nVous avez déjà une mutuelle en tant qu'ayant droit (couverture collective)\nVous pouvez demander à être dispensé d'adhérer au régime de frais de santé mis en place dans votre entreprise si vous êtes déjà couvert, en qualité d'époux (se) ou pacsé(e), par l'un des dispositifs suivants :\nAutre régime frais de santé collectif obligatoire (mutuelle familiale obligatoire pour laquelle l'adhésion des membres de la famille, époux(se), pacsé(e), enfants, est obligatoire au même titre que celle du salarié)\nContrat d'assurance de groupe dit  Madelin \n\nRégime local d'Alsace-Moselle\nRégime complémentaire relevant de la caisse d'assurance maladie des industries électriques et gazières (CAMIEG)\nMutuelle des agents de l’État ou des collectivités territoriales\nLa dispense est à votre initiative.  Elle doit être faite au moment de l'embauche ou au moment de la mise en place de la couverture collective.",
    "link": "https://www.service-public.fr/particuliers/vosdroits/F20740",
    "name": "F20740--vous-avez--ective-74.json",
    "arborescence": {
        "audience": "Particuliers",
        "theme": "Social - Santé",
        "dossier": "Complémentaire santé et couverture maladie universelle complémentaire",
        "sous_dossier": "",
        "titre": "Peut-on refuser la mutuelle ou la prévoyance de son entreprise ?"
    }
}