{
    "text": "Astreinte dans le secteur privé : \n L'astreinte correspond à une période pendant laquelle le salarié  doit être en mesure d'intervenir pour accomplir un travail au service de l'entreprise. Le salarié d'astreinte n 'a pas l'obligation d'être sur son lieu de travail et ou à la disposition permanente et immédiate de l'employeur. \n\t\t\tLes astreintes sont mises en place sous conditions. Des compensations sont prévues pour les salariés concernés. \n \n\n\n\n\nOrganisation des astreintes: Le programme individuel des astreintes est communiqué à chaque salarié concerné dans un délai raisonnable. Ce délai est prévu par la convention ou l'accord d'entreprise. En l'absence de délai prévu, l'employeur doit  informer le salarié  15 jours à l'avance de la mise en d'astreintes. Toutefois, le délai peut être abaissé en cas de circonstances exceptionnelles, à condition d'avertir le salarié au moins 1  jour franc  à l'avance.\n\n",
    "text_reader": "\n L'astreinte correspond à une période pendant laquelle le salarié  doit être en mesure d'intervenir pour accomplir un travail au service de l'entreprise. Le salarié d'astreinte n 'a pas l'obligation d'être sur son lieu de travail et ou à la disposition permanente et immédiate de l'employeur. \n\t\t\tLes astreintes sont mises en place sous conditions. Des compensations sont prévues pour les salariés concernés. \n \n\n\n\n\nLe programme individuel des astreintes est communiqué à chaque salarié concerné dans un délai raisonnable. Ce délai est prévu par la convention ou l'accord d'entreprise. En l'absence de délai prévu, l'employeur doit  informer le salarié  15 jours à l'avance de la mise en d'astreintes. Toutefois, le délai peut être abaissé en cas de circonstances exceptionnelles, à condition d'avertir le salarié au moins 1  jour franc  à l'avance.\n\n",
    "link": "https://www.service-public.fr/particuliers/vosdroits/F20873",
    "name": "F20873--organisati-eintes-27.json",
    "arborescence": {
        "audience": "Particuliers",
        "theme": "Travail",
        "dossier": "Temps de travail dans le secteur privé",
        "sous_dossier": "Heures supplémentaires, équivalence et astreintes",
        "titre": "Astreinte dans le secteur privé"
    }
}