{
    "text": "Validation annuelle du permis de chasse : \n Pour que votre permis de chasser soit valable, vous devez le valider pour l'année en cours (du 1 er  juillet 2020 au 30 juin 2021).\n\t\t\n\t\t\tVous pouvez le faire pour l'année entière ou pour une période plus courte.\n\t\t\n\t\t\tPour obtenir cette validation, vous devez être titulaire du permis de chasse et d'une assurance. Vous devez aussi être membre de la fédération du département où vous chassez, avoir payé une redevance cynégétique et un droit de timbre. \n \n\n\nEn Guyane: \n\nIl existe une  réglementation spécifique   .\n\n",
    "text_reader": "\n Pour que votre permis de chasser soit valable, vous devez le valider pour l'année en cours (du 1 er  juillet 2020 au 30 juin 2021).\n\t\t\n\t\t\tVous pouvez le faire pour l'année entière ou pour une période plus courte.\n\t\t\n\t\t\tPour obtenir cette validation, vous devez être titulaire du permis de chasse et d'une assurance. Vous devez aussi être membre de la fédération du département où vous chassez, avoir payé une redevance cynégétique et un droit de timbre. \n \n\n\n\n\nIl existe une  réglementation spécifique   .\n\n",
    "link": "https://www.service-public.fr/particuliers/vosdroits/F2091",
    "name": "F2091--en-guyane-guyane-9.json",
    "arborescence": {
        "audience": "Particuliers",
        "theme": "Loisirs",
        "dossier": "Chasse",
        "sous_dossier": "",
        "titre": "Validation annuelle du permis de chasse"
    }
}