{
    "text": "Renouvellement de la carte d'identité d'un mineur : \n Accessible avec un compte ANTS ou via FranceConnect \n Se munir de ses identifiants \n \n\n\nDemande en France: \n\nCoût: Gratuit\n\n",
    "text_reader": "\n Accessible avec un compte ANTS ou via FranceConnect \n Se munir de ses identifiants \n \n\n\n\n\nGratuit\n\n",
    "link": "https://www.service-public.fr/particuliers/vosdroits/F21090",
    "name": "F21090--demande-en-france-17--cout-cout-4.json",
    "arborescence": {
        "audience": "Particuliers",
        "theme": "Papiers - Citoyenneté",
        "dossier": "Carte d'identité",
        "sous_dossier": "Pour un mineur",
        "titre": "Renouvellement de la carte d'identité d'un mineur"
    }
}