{
    "text": "Renouvellement de la carte d'identité d'un mineur : \n Accessible avec un compte ANTS ou via FranceConnect \n Se munir de ses identifiants \n \n\n\nDemande en France: \n\nDurée de validité: La carte d'identité  d'un mineur est valable pendant  10 ans . S'il  devient majeur avant sa date d'expiration,  il peut continuer à l'utiliser. Il n'a pas besoin de demander une nouvelle carte.\n\n",
    "text_reader": "\n Accessible avec un compte ANTS ou via FranceConnect \n Se munir de ses identifiants \n \n\n\n\n\nLa carte d'identité  d'un mineur est valable pendant  10 ans . S'il  devient majeur avant sa date d'expiration,  il peut continuer à l'utiliser. Il n'a pas besoin de demander une nouvelle carte.\n\n",
    "link": "https://www.service-public.fr/particuliers/vosdroits/F21090",
    "name": "F21090--demande-en-france-17--duree-de-v-lidite-17.json",
    "arborescence": {
        "audience": "Particuliers",
        "theme": "Papiers - Citoyenneté",
        "dossier": "Carte d'identité",
        "sous_dossier": "Pour un mineur",
        "titre": "Renouvellement de la carte d'identité d'un mineur"
    }
}