{
    "text": "Permis de conduire : conduite supervisée à partir de 18 ans : \n L'apprentissage avec conduite supervisée est possible dès l'âge de  18 ans. Il concerne  la catégorie B du permis de conduire. L'apprentissage comporte une 1 ère  phase de formation initiale  dispensée par l'auto-école (code de la route + 20 heures de conduite minimum), et une 2 nde  phase de conduite supervisée avec un accompagnateur. Le choix pour la phase de conduite supervisée peut se faire après la formation initiale ou après avoir échoué à l'épreuve pratique de l'examen du permis. \n \n\n\n\n\nPassage de l'épreuve pratique: Lorsque vous estimez être prêt,  vous pouvez  passer (ou repasser) l'épreuve pratique de l'examen du permis de conduire. en cas de succès, la formation en conduite supervisée ne réduit pas  la  période probatoire du permis de conduire .\n\n",
    "text_reader": "\n L'apprentissage avec conduite supervisée est possible dès l'âge de  18 ans. Il concerne  la catégorie B du permis de conduire. L'apprentissage comporte une 1 ère  phase de formation initiale  dispensée par l'auto-école (code de la route + 20 heures de conduite minimum), et une 2 nde  phase de conduite supervisée avec un accompagnateur. Le choix pour la phase de conduite supervisée peut se faire après la formation initiale ou après avoir échoué à l'épreuve pratique de l'examen du permis. \n \n\n\n\n\nLorsque vous estimez être prêt,  vous pouvez  passer (ou repasser) l'épreuve pratique de l'examen du permis de conduire. en cas de succès, la formation en conduite supervisée ne réduit pas  la  période probatoire du permis de conduire .\n\n",
    "link": "https://www.service-public.fr/particuliers/vosdroits/F21012",
    "name": "F21012--passage-de-atique-29.json",
    "arborescence": {
        "audience": "Particuliers",
        "theme": "Transports",
        "dossier": "Permis de conduire",
        "sous_dossier": "Permis B (voiture ou quadricycle lourd)",
        "titre": "Permis de conduire : conduite supervisée à partir de 18 ans"
    }
}