{
    "text": "Que faire en cas de vol du véhicule ? : \n Le vol de tout véhicule (voiture, moto, vélo...) doit être signalé  à la police ou à la gendarmerie le plus rapidement possible. Vous devez également signaler le vol à votre assureur dans le délai prévu dans votre contrat. \n \n\n\n\n\nSignalement à l'assureur: \n\n\nCouverture responsabilité civile\nLa déclaration à l'assureur permettra de dégager votre responsabilité si le voleur provoque un accident ou endommage des biens (par exemple s'il a eu un accident avec d'autres véhicules) avec votre véhicule.\n L'assureur prendra en charge les dégâts occasionnés et se chargera de vous défendre devant les tribunaux si vous êtes personnellement mis en cause.\nCouverture vol\nSi vous avez souscrit la garantie vol, l'assureur peut vous indemniser pour les dommages liés au vol ou à la tentative de vol.\nVous devez lui  signaler le vol   dans le délai prévu dans le contrat. Ce délia ne peut pas être inférieur à  2  jours ouvrés  depuis les faits ou depuis le moment où vous en avez pris connaissance. L'assureur peut vous demander une copie de votre plainte.\nSi le vol s'est produit sur  votre propriété, avec effraction  vous devrez également  signaler cette effraction  à l'assureur de votre habitation.\ncertains assureurs réclament également des justificatifs de système de protection contre le vol (traceurs GPS...).",
    "text_reader": "\n Le vol de tout véhicule (voiture, moto, vélo...) doit être signalé  à la police ou à la gendarmerie le plus rapidement possible. Vous devez également signaler le vol à votre assureur dans le délai prévu dans votre contrat. \n \n\n\n\n\n\n\nSignalement à l'assureur\nCouverture responsabilité civile\nLa déclaration à l'assureur permettra de dégager votre responsabilité si le voleur provoque un accident ou endommage des biens (par exemple s'il a eu un accident avec d'autres véhicules) avec votre véhicule.\n L'assureur prendra en charge les dégâts occasionnés et se chargera de vous défendre devant les tribunaux si vous êtes personnellement mis en cause.\nCouverture vol\nSi vous avez souscrit la garantie vol, l'assureur peut vous indemniser pour les dommages liés au vol ou à la tentative de vol.\nVous devez lui  signaler le vol   dans le délai prévu dans le contrat. Ce délia ne peut pas être inférieur à  2  jours ouvrés  depuis les faits ou depuis le moment où vous en avez pris connaissance. L'assureur peut vous demander une copie de votre plainte.\nSi le vol s'est produit sur  votre propriété, avec effraction  vous devrez également  signaler cette effraction  à l'assureur de votre habitation.\ncertains assureurs réclament également des justificatifs de système de protection contre le vol (traceurs GPS...).",
    "link": "https://www.service-public.fr/particuliers/vosdroits/F21138",
    "name": "F21138--signalemen-sureur-24.json",
    "arborescence": {
        "audience": "Particuliers",
        "theme": "Justice",
        "dossier": "Vol - Vandalisme - Escroquerie",
        "sous_dossier": "",
        "titre": "Que faire en cas de vol du véhicule ?"
    }
}