{
    "text": "Passeport d'un majeur : en cas de vol : \n Accessible avec un compte ANTS ou via France Connect \n \n\n\nÀ l'étranger: \n\nChoix du mode de retrait: \n\nDans un autre pays\nSi vous n'indiquez rien au moment du dépôt du dossier, il faudra retirer le passeport au lieu du dépôt du dossier.\nSi vous préférez le retirer  auprès d'un  consul honoraire habilité \n\n, il faut indiquer ce souhait au guichet au moment du dépôt du dossier.\nDans   certains pays , vous pouvez  demander à ce que le passeport vous soit envoyé par courrier. Pour en bénéficier, il faut être   inscrit au registre des Français de l'étranger du même pays, avoir  une messagerie électronique et pouvoir transmettre des fichiers par internet.\nDans ce cas, en plus des pièces justificatives nécessaires, il faudra au moment du dépôt du dossier, fournir une enveloppe affranchie achetée auprès du prestataire habilité dans le pays. Il faut se renseigner auprès du consulat pour connaître le prestataire habilité, la taille de l'enveloppe à fournir, l'affranchissement nécessaire.",
    "text_reader": "\n Accessible avec un compte ANTS ou via France Connect \n \n\n\n\n\n\n\nDans un autre pays\nSi vous n'indiquez rien au moment du dépôt du dossier, il faudra retirer le passeport au lieu du dépôt du dossier.\nSi vous préférez le retirer  auprès d'un  consul honoraire habilité \n\n, il faut indiquer ce souhait au guichet au moment du dépôt du dossier.\nDans   certains pays , vous pouvez  demander à ce que le passeport vous soit envoyé par courrier. Pour en bénéficier, il faut être   inscrit au registre des Français de l'étranger du même pays, avoir  une messagerie électronique et pouvoir transmettre des fichiers par internet.\nDans ce cas, en plus des pièces justificatives nécessaires, il faudra au moment du dépôt du dossier, fournir une enveloppe affranchie achetée auprès du prestataire habilité dans le pays. Il faut se renseigner auprès du consulat pour connaître le prestataire habilité, la taille de l'enveloppe à fournir, l'affranchissement nécessaire.",
    "link": "https://www.service-public.fr/particuliers/vosdroits/F21247",
    "name": "F21247--a-letrange-ranger-12--choix-du-m-etrait-24--dans-un-au-e-pays-18.json",
    "arborescence": {
        "audience": "Particuliers",
        "theme": "Papiers - Citoyenneté",
        "dossier": "Passeport",
        "sous_dossier": "Pour un majeur",
        "titre": "Passeport d'un majeur : en cas de vol"
    }
}