{
    "text": "Participation : \n La participation est un mécanisme de  redistribution des bénéfices de l'entreprise aux salariés. Elle   est obligatoire dans les entreprises dont l'effectif est de  50 salariés ou  plus. Le salarié  bénéficiaire reçoit une prime dont le montant est fixé par  l'accord de participation.\nIl  peut demander le versement immédiat des sommes ou leur placement en épargne. Dans ce cas, les sommes sont indisponibles pendant  5 ans. L'accord de participation précise comment les sommes sont placées. \n \n\n\n\n\nPlacement des sommes bloquées: \n\nCas général\nL'accord de participation peut prévoir l'affectation des sommes sur un plan d'épargne salariale  ( PEE ,  PEI  ou  Perco ).\nSi vous ne demandez ni versement immédiat ni placement dans un  PEE  ou un  PEI  des sommes qui vous sont attribuées, elles sont automatiquement affectées pour moitié dans un  Perco  s'il en existe un dans l'entreprise. L'autre moitié est placé selon les conditions prévues par l'accord.\ndepuis le 24 mai 2019, il n'est plus possible d'affecter les sommes sur un compte courant bloqué géré par l'entreprise. Mais les entreprises dans lesquelles un accord de participation prévoyait cette possibilité avant le 24 mai 2019 bénéficient d'une dérogation.\nÀ l'issue de la période d'indisponibilité, vous pouvez choisir de placer tout ou partie des sommes reçues sur un  compte épargne-temps .",
    "text_reader": "\n La participation est un mécanisme de  redistribution des bénéfices de l'entreprise aux salariés. Elle   est obligatoire dans les entreprises dont l'effectif est de  50 salariés ou  plus. Le salarié  bénéficiaire reçoit une prime dont le montant est fixé par  l'accord de participation.\nIl  peut demander le versement immédiat des sommes ou leur placement en épargne. Dans ce cas, les sommes sont indisponibles pendant  5 ans. L'accord de participation précise comment les sommes sont placées. \n \n\n\n\n\n\n\nCas général\nL'accord de participation peut prévoir l'affectation des sommes sur un plan d'épargne salariale  ( PEE ,  PEI  ou  Perco ).\nSi vous ne demandez ni versement immédiat ni placement dans un  PEE  ou un  PEI  des sommes qui vous sont attribuées, elles sont automatiquement affectées pour moitié dans un  Perco  s'il en existe un dans l'entreprise. L'autre moitié est placé selon les conditions prévues par l'accord.\ndepuis le 24 mai 2019, il n'est plus possible d'affecter les sommes sur un compte courant bloqué géré par l'entreprise. Mais les entreprises dans lesquelles un accord de participation prévoyait cette possibilité avant le 24 mai 2019 bénéficient d'une dérogation.\nÀ l'issue de la période d'indisponibilité, vous pouvez choisir de placer tout ou partie des sommes reçues sur un  compte épargne-temps .",
    "link": "https://www.service-public.fr/particuliers/vosdroits/F2141",
    "name": "F2141--placement--oquees-29--cas-genera-eneral-11.json",
    "arborescence": {
        "audience": "Particuliers",
        "theme": "Argent",
        "dossier": "Épargne salariale, participation et intéressement",
        "sous_dossier": "Intéressement et participation",
        "titre": "Participation"
    }
}