{
    "text": "Sortie ou voyage scolaires à l'école primaire (maternelle ou élémentaire) : \n Les sorties et les voyages scolaires sont organisés par l'établissement dans un objectif pédagogique fixé à l'avance.  La  famille doit être informée précisément des conditions d'organisation de la sortie ou du voyage. Les règles d'organisation d'une sortie régulière, d'une sortie occasionnelle et d'un voyage scolaire sont différentes. \n \n\n\nSortie occasionnelle: \n\nSécurité: Selon les circonstances, le plan Vigipirate peut entraîner la suspension de certaines sorties pour assurer la sécurité des enfants. Le  Dasen  peut, en cas de plan Vigipirate  Urgence attentat , décider de suspendre les sorties scolaires, y compris les sorties obligatoires.\n\n",
    "text_reader": "\n Les sorties et les voyages scolaires sont organisés par l'établissement dans un objectif pédagogique fixé à l'avance.  La  famille doit être informée précisément des conditions d'organisation de la sortie ou du voyage. Les règles d'organisation d'une sortie régulière, d'une sortie occasionnelle et d'un voyage scolaire sont différentes. \n \n\n\n\n\nSelon les circonstances, le plan Vigipirate peut entraîner la suspension de certaines sorties pour assurer la sécurité des enfants. Le  Dasen  peut, en cas de plan Vigipirate  Urgence attentat , décider de suspendre les sorties scolaires, y compris les sorties obligatoires.\n\n",
    "link": "https://www.service-public.fr/particuliers/vosdroits/F21765",
    "name": "F21765--sortie-occ-nnelle-20--securite-curite-8.json",
    "arborescence": {
        "audience": "Particuliers",
        "theme": "Famille",
        "dossier": "École primaire (maternelle et élémentaire)",
        "sous_dossier": "Vie quotidienne",
        "titre": "Sortie ou voyage scolaires à l'école primaire (maternelle ou élémentaire)"
    }
}