{
    "text": "Réintégration dans la nationalité française par décret : \n Une personne qui prouve avoir déjà été française peut être réintégrée par décret dans la nationalité française.\nDes conditions sont à respecter, liées notamment à la résidence régulière en France et à l'assimilation à la communauté française.\n\t\t\tCe n'est pas un droit ;   l'administration dispose donc d'un pouvoir d'appréciation pour refuser la demande. \n \n\n\n\n\nCoût: La demande de réintégration est  soumise à un droit de timbre de  55 € . Cette taxe se règle avec un  timbre fiscal .\n\n",
    "text_reader": "\n Une personne qui prouve avoir déjà été française peut être réintégrée par décret dans la nationalité française.\nDes conditions sont à respecter, liées notamment à la résidence régulière en France et à l'assimilation à la communauté française.\n\t\t\tCe n'est pas un droit ;   l'administration dispose donc d'un pouvoir d'appréciation pour refuser la demande. \n \n\n\n\n\nLa demande de réintégration est  soumise à un droit de timbre de  55 € . Cette taxe se règle avec un  timbre fiscal .\n\n",
    "link": "https://www.service-public.fr/particuliers/vosdroits/F2214",
    "name": "F2214--cout-cout-4.json",
    "arborescence": {
        "audience": "Particuliers",
        "theme": "Étranger",
        "dossier": "Nationalité française",
        "sous_dossier": "Réintégration dans la nationalité française",
        "titre": "Réintégration dans la nationalité française par décret"
    }
}