{
    "text": "Smic (Salaire minimum de croissance) : \n Le salaire minimum de croissance ( Smic ) correspond au salaire horaire minimum légal que le salarié doit percevoir.\n\t\tDes abattements sont toutefois applicables, dans certains cas (apprentis et salariés de moins de 18 ans). Le montant du Smic horaire brut actuel est de  10,15 € . \n \n\n\nÀ Mayotte: \n\nComment est-il revalorisé ?: \n\nAugmentation coup de pouce\nÀ tout moment, le gouvernement peut procéder à l'augmentation du Smic.",
    "text_reader": "\n Le salaire minimum de croissance ( Smic ) correspond au salaire horaire minimum légal que le salarié doit percevoir.\n\t\tDes abattements sont toutefois applicables, dans certains cas (apprentis et salariés de moins de 18 ans). Le montant du Smic horaire brut actuel est de  10,15 € . \n \n\n\n\n\n\n\nAugmentation coup de pouce\nÀ tout moment, le gouvernement peut procéder à l'augmentation du Smic.",
    "link": "https://www.service-public.fr/particuliers/vosdroits/F2300",
    "name": "F2300--a-mayotte-ayotte-9--comment-es-lorise-27--augmentati--pouce-26.json",
    "arborescence": {
        "audience": "Particuliers",
        "theme": "Travail",
        "dossier": "Rémunération dans le secteur privé",
        "sous_dossier": "",
        "titre": "Smic (Salaire minimum de croissance)"
    }
}