{
    "text": "Chèque-vacances pour un salarié du secteur privé : \n Le chèque-vacances permet de régler des prestations liées aux loisirs et aux vacances (hébergement, restauration, transports, activités culturelles...). Il se présente sous la forme d'un carnet de chèques ou de chèques dématérialisés. Le salarié finance une partie de ses chèques-vacances et l'employeur ou le comité social et économique (ex-comité d'entreprise) en finance une autre. Ce dispositif à visée sociale n'a aucun caractère obligatoire pour l'employeur. \n \n\n\n\n\nEn cas de perte ou de vol: En cas de perte ou de vol de vos chèques-vacances, vous pouvez faire  une demande de mise en recherche à l' ANCV .\n\n",
    "text_reader": "\n Le chèque-vacances permet de régler des prestations liées aux loisirs et aux vacances (hébergement, restauration, transports, activités culturelles...). Il se présente sous la forme d'un carnet de chèques ou de chèques dématérialisés. Le salarié finance une partie de ses chèques-vacances et l'employeur ou le comité social et économique (ex-comité d'entreprise) en finance une autre. Ce dispositif à visée sociale n'a aucun caractère obligatoire pour l'employeur. \n \n\n\n\n\nEn cas de perte ou de vol de vos chèques-vacances, vous pouvez faire  une demande de mise en recherche à l' ANCV .\n\n",
    "link": "https://www.service-public.fr/particuliers/vosdroits/F2309",
    "name": "F2309--en-cas-de--de-vol-25.json",
    "arborescence": {
        "audience": "Particuliers",
        "theme": "Loisirs",
        "dossier": "Aides aux vacances",
        "sous_dossier": "Chèque-vacances",
        "titre": "Chèque-vacances pour un salarié du secteur privé"
    }
}