{
    "text": "Soldes, promotion ou réduction, liquidation : \n En plus des périodes de soldes réglementaires, un commerçant est libre d'accorder des promotions ou réductions de prix en guise de gestes commerciaux. Il existe également des réductions de prix lors de liquidation de stocks. \n \n\n\nPromotion ou réduction de prix: \n\nDurée: Le commerçant détermine librement la durée de ces opérations. Elles doivent néanmoins rester marginales par rapport aux périodes de vente normales. Si la réduction et la promotion sont valables pour une durée précise, celles-ci doivent être clairement indiquées par le commerçant. L'indication doit être ajoutée sur tous les supports qui évoquent la période de promotion (prospectus, affiche ou publicité sur internet).\n\n",
    "text_reader": "\n En plus des périodes de soldes réglementaires, un commerçant est libre d'accorder des promotions ou réductions de prix en guise de gestes commerciaux. Il existe également des réductions de prix lors de liquidation de stocks. \n \n\n\n\n\nLe commerçant détermine librement la durée de ces opérations. Elles doivent néanmoins rester marginales par rapport aux périodes de vente normales. Si la réduction et la promotion sont valables pour une durée précise, celles-ci doivent être clairement indiquées par le commerçant. L'indication doit être ajoutée sur tous les supports qui évoquent la période de promotion (prospectus, affiche ou publicité sur internet).\n\n",
    "link": "https://www.service-public.fr/particuliers/vosdroits/F24037",
    "name": "F24037--promotion--e-prix-30--duree-duree-5.json",
    "arborescence": {
        "audience": "Particuliers",
        "theme": "Argent",
        "dossier": "Information et protection du consommateur",
        "sous_dossier": "",
        "titre": "Soldes, promotion ou réduction, liquidation"
    }
}