{
    "text": "Soldes, promotion ou réduction, liquidation : \n En plus des périodes de soldes réglementaires, un commerçant est libre d'accorder des promotions ou réductions de prix en guise de gestes commerciaux. Il existe également des réductions de prix lors de liquidation de stocks. \n \n\n\nLiquidation: \n\nReprise des produits: La reprise d'un produit contre échange ou remboursement est possible dans certains cas (par exemple,  défaut de conformité ).\n\nEn cas de défaut de conformité\nLe commerçant est dans l'obligation de réparer ou remplacer le bien. Si ces 2 options sont impossibles, il doit rembourser le produit ou effectuer un remboursement partiel si le consommateur souhaite conserver le bien.",
    "text_reader": "\n En plus des périodes de soldes réglementaires, un commerçant est libre d'accorder des promotions ou réductions de prix en guise de gestes commerciaux. Il existe également des réductions de prix lors de liquidation de stocks. \n \n\n\n\n\nLa reprise d'un produit contre échange ou remboursement est possible dans certains cas (par exemple,  défaut de conformité ).\n\nEn cas de défaut de conformité\nLe commerçant est dans l'obligation de réparer ou remplacer le bien. Si ces 2 options sont impossibles, il doit rembourser le produit ou effectuer un remboursement partiel si le consommateur souhaite conserver le bien.",
    "link": "https://www.service-public.fr/particuliers/vosdroits/F24037",
    "name": "F24037--liquidatio-dation-11--reprise-de-oduits-20--en-cas-de--ormite-30.json",
    "arborescence": {
        "audience": "Particuliers",
        "theme": "Argent",
        "dossier": "Information et protection du consommateur",
        "sous_dossier": "",
        "titre": "Soldes, promotion ou réduction, liquidation"
    }
}