{
    "text": "Qu'est ce que la préprofessionnalisation pour étudiant apprenti professeur ? : \n Le parcours de préprofessionnalisation de 3 ans est proposé aux étudiants à partir de la licence (L2). Il conjugue un cycle de formation universitaire avec une formation pratique. Il remplace le dispositif d'étudiant apprenti professeur (EAP). \n \n\n\nContrat de préprofessionnalisation: \n\nFormation: En tant qu'apprenti professeur, vous êtes présent 8 heures par semaine dans l'école ou l'établissement pendant l'intégralité du temps scolaire. Vous y assurez des missions différentes suivant votre année d'étude.\n\nEn collège ou lycée\nPrise en charge de séquences pédagogiques complètes (notamment, remplacement d'enseignant).\nInterventions dans les parcours éducatifs.\nParticipation à l'aide aux devoirs dans le cadre du dispositif \"devoirs faits\".",
    "text_reader": "\n Le parcours de préprofessionnalisation de 3 ans est proposé aux étudiants à partir de la licence (L2). Il conjugue un cycle de formation universitaire avec une formation pratique. Il remplace le dispositif d'étudiant apprenti professeur (EAP). \n \n\n\n\n\nEn tant qu'apprenti professeur, vous êtes présent 8 heures par semaine dans l'école ou l'établissement pendant l'intégralité du temps scolaire. Vous y assurez des missions différentes suivant votre année d'étude.\n\nEn collège ou lycée\nPrise en charge de séquences pédagogiques complètes (notamment, remplacement d'enseignant).\nInterventions dans les parcours éducatifs.\nParticipation à l'aide aux devoirs dans le cadre du dispositif \"devoirs faits\".",
    "link": "https://www.service-public.fr/particuliers/vosdroits/F24439",
    "name": "F24439--contrat-de-sation-34--formation-mation-9--en-college--lycee-19.json",
    "arborescence": {
        "audience": "Particuliers",
        "theme": "Travail",
        "dossier": "Contrats d'insertion",
        "sous_dossier": "",
        "titre": "Qu'est ce que la préprofessionnalisation pour étudiant apprenti professeur ?"
    }
}