{
    "text": "Emploi d'avenir : \n \n L'emploi d'avenir est un contrat d'aide à l'insertion destiné aux  jeunes particulièrement éloignés de l'emploi, en raison de leur défaut de formation ou de leur origine géographique. Il comporte des engagements réciproques entre le jeune, l'employeur et les pouvoirs publics, susceptibles de permettre une insertion durable du jeune dans la vie professionnelle. \n \n\n\nCas général: \n\nDurée: \n\n\nNature du contrat\nL'emploi d'avenir est un contrat de droit privé.\nIl est conclu pour une durée déterminée ou pour une durée indéterminée.\nLorsque le contrat est conclu pour une durée déterminée, sa durée est :\nau minimum d'1 an,\net au maximum, renouvellements et prolongements inclus, de 3 ans.\nDurée du travail\nLa durée du travail correspond :\nau minimum à 17h30 par semaine,\nau maximum à  35h par semaine.\nLa durée moyenne effective est de 33h par semaine.",
    "text_reader": "\n \n L'emploi d'avenir est un contrat d'aide à l'insertion destiné aux  jeunes particulièrement éloignés de l'emploi, en raison de leur défaut de formation ou de leur origine géographique. Il comporte des engagements réciproques entre le jeune, l'employeur et les pouvoirs publics, susceptibles de permettre une insertion durable du jeune dans la vie professionnelle. \n \n\n\n\n\n\n\nDurée\nNature du contrat\nL'emploi d'avenir est un contrat de droit privé.\nIl est conclu pour une durée déterminée ou pour une durée indéterminée.\nLorsque le contrat est conclu pour une durée déterminée, sa durée est :\nau minimum d'1 an,\net au maximum, renouvellements et prolongements inclus, de 3 ans.\nDurée du travail\nLa durée du travail correspond :\nau minimum à 17h30 par semaine,\nau maximum à  35h par semaine.\nLa durée moyenne effective est de 33h par semaine.",
    "link": "https://www.service-public.fr/particuliers/vosdroits/F24438",
    "name": "F24438--cas-genera-eneral-11--duree-duree-5.json",
    "arborescence": {
        "audience": "Particuliers",
        "theme": "Travail",
        "dossier": "Contrats d'insertion",
        "sous_dossier": "",
        "titre": "Emploi d'avenir"
    }
}