{
    "text": "Salarié retraité : quand faut-il présenter un certificat de vie ? : \n\nVous résidez à l'étranger: \n\nCaisse(s) de retraite française(s): Vous devez fournir à vos caisses de retraite, une fois par an, une attestation pour le paiement de votre retraite.\n\nPar courrier\nVous devez fournir à votre  Carsat , une fois par an, à la date fixée par elle, une attestation pour le paiement de votre retraite.\nFaites compléter le formulaire par l'autorité locale compétente du pays où vous résidez, puis renvoyez-le à votre caisse.\nPour savoir à quelle autorité locale compétente vous adressez, vous pouvez consulter la carte ci-dessous :\nEn l'absence de transmission de l'attestation d'existence  à la date fixée, le versement de la pension de retraite est suspendu au minimum un mois après cette date.",
    "text_reader": "\n\n\n\nVous devez fournir à vos caisses de retraite, une fois par an, une attestation pour le paiement de votre retraite.\n\nPar courrier\nVous devez fournir à votre  Carsat , une fois par an, à la date fixée par elle, une attestation pour le paiement de votre retraite.\nFaites compléter le formulaire par l'autorité locale compétente du pays où vous résidez, puis renvoyez-le à votre caisse.\nPour savoir à quelle autorité locale compétente vous adressez, vous pouvez consulter la carte ci-dessous :\nEn l'absence de transmission de l'attestation d'existence  à la date fixée, le versement de la pension de retraite est suspendu au minimum un mois après cette date.",
    "link": "https://www.service-public.fr/particuliers/vosdroits/F2543",
    "name": "F2543--vous-resid-ranger-25--caisses-de-caises-34--par-courri-urrier-12.json",
    "arborescence": {
        "audience": "Particuliers",
        "theme": "Travail",
        "dossier": "Retraite d'un salarié du secteur privé",
        "sous_dossier": "",
        "titre": "Salarié retraité : quand faut-il présenter un certificat de vie ?"
    }
}