{
    "text": "Modification du contrat d'assurance habitation : \n\nVotre situation change: \n\nVous devez signaler à votre assureur toute modification de votre situation si ce changement peut affecter le risque assuré et se traduit par une diminution ou une aggravation du risque. Vous devez signaler ce changement de situation par lettre recommandée avec accusé de réception ou par envoi recommandé électronique,  notamment s'il s'agit : d'un changement de domicile, d'un changement de situation familiale (mariage, divorce...), d'un changement de situation professionnelle ou d'un départ en retraite. Vous pouvez demander la  résiliation de votre contrat  si la modification de la situation a une incidence sur le risque couvert. Vous devez prévenir votre assureur  si vous  déménagez . En effet, à cette occasion, vous pouvez résilier votre contrat d'assurance. Vous pouvez aussi choisir, à l'occasion de ce changement de résidence, de  transférer votre contrat sur votre nouveau domicile. Vérifiez alors que les caractéristiques de ce nouveau logement  sont bien prises en compte dans votre contrat (type de logement, valeur des biens assurés par exemple).\n\nDiminution du risque\nSi le changement entraîne une diminution du risque, vous disposez d'un délai de 3 mois pour signaler ce changement à votre assureur.\nVous pouvez également à cette occasion demander une diminution du montant de votre cotisation.\nSi l'assureur refuse, vous pouvez  résilier le contrat . La résiliation prend effet 1 mois après la demande.",
    "text_reader": "\n\n\n\nVous devez signaler à votre assureur toute modification de votre situation si ce changement peut affecter le risque assuré et se traduit par une diminution ou une aggravation du risque. Vous devez signaler ce changement de situation par lettre recommandée avec accusé de réception ou par envoi recommandé électronique,  notamment s'il s'agit : d'un changement de domicile, d'un changement de situation familiale (mariage, divorce...), d'un changement de situation professionnelle ou d'un départ en retraite. Vous pouvez demander la  résiliation de votre contrat  si la modification de la situation a une incidence sur le risque couvert. Vous devez prévenir votre assureur  si vous  déménagez . En effet, à cette occasion, vous pouvez résilier votre contrat d'assurance. Vous pouvez aussi choisir, à l'occasion de ce changement de résidence, de  transférer votre contrat sur votre nouveau domicile. Vérifiez alors que les caractéristiques de ce nouveau logement  sont bien prises en compte dans votre contrat (type de logement, valeur des biens assurés par exemple).\n\nDiminution du risque\nSi le changement entraîne une diminution du risque, vous disposez d'un délai de 3 mois pour signaler ce changement à votre assureur.\nVous pouvez également à cette occasion demander une diminution du montant de votre cotisation.\nSi l'assureur refuse, vous pouvez  résilier le contrat . La résiliation prend effet 1 mois après la demande.",
    "link": "https://www.service-public.fr/particuliers/vosdroits/F2594",
    "name": "F2594--votre-situ-change-22--diminution-risque-20.json",
    "arborescence": {
        "audience": "Particuliers",
        "theme": "Argent",
        "dossier": "Assurance habitation",
        "sous_dossier": "Vie du contrat",
        "titre": "Modification du contrat d'assurance habitation"
    }
}