{
    "text": "Syndic de copropriété : \n Chaque copropriété doit avoir un syndic pour l'administrer et gérer les finances de la copropriété. Le syndic peut être un professionnel ou un non professionnel choisi parmi les copropriétaires. La durée maximale du mandat du syndic est de 3 ans (ou 1 an dans certains cas). Cette durée est renouvelable. Il est possible de mettre fin au mandat en cours du syndic. \n \n\n\nSyndic professionnel: \n\nDurée du mandat: La durée du mandat du syndic doit être obligatoirement prévue par un vote en AG. Si le syndic ou toute  personne avec laquelle il vit en couple  ou il est lié (employés...) a participé à la construction de l'immeuble en tant que promoteur ou architecte, la durée du mandat est de 1 an maximum. En dehors de ce cas, la durée du mandat est de 3 ans maximum. La durée du mandat (3 ans ou 1 an) est renouvelable. Ce renouvellement doit être voté en AG à la   majorité absolue . Le contrat de syndic qui est arrivé à son terme après le 11 mars 2020 est renouvelé automatiquement sans avoir besoin de réunir l'AG. Ce contrat est renouvelé jusqu'au commencement du nouveau contrat du syndic désigné par la prochaine AG. Cette AG peut être tenue à la fin de l'état d'urgence sanitaire lié au Covid-19, et au plus tard le 31 décembre 2020. La copropriété peut  décider de ne pas renouveler le contrat du syndic. La copropriété doit alors porter à l'ordre du jour d'une AG tenue dans les 3 mois précédant la fin du contrat les questions : de désignation d'un nouveau syndic et la fixation d'une date anticipée de fin de contrat. Lorsque l'initiative vient du syndic, il doit  informer le conseil syndical de son intention de ne pas conclure un nouveau contrat au plus tard 3 mois avant la tenue de cette AG. L'AG désigne un nouveau syndic et fixe les dates de fin du contrat en cours et de début du nouveau contrat, qui doivent intervenir au plus tôt 1  jour franc  après la tenue de cette assemblée. Dans certains cas, il est possible de   mettre fin au mandat en cours du syndic .\n\n",
    "text_reader": "\n Chaque copropriété doit avoir un syndic pour l'administrer et gérer les finances de la copropriété. Le syndic peut être un professionnel ou un non professionnel choisi parmi les copropriétaires. La durée maximale du mandat du syndic est de 3 ans (ou 1 an dans certains cas). Cette durée est renouvelable. Il est possible de mettre fin au mandat en cours du syndic. \n \n\n\n\n\nLa durée du mandat du syndic doit être obligatoirement prévue par un vote en AG. Si le syndic ou toute  personne avec laquelle il vit en couple  ou il est lié (employés...) a participé à la construction de l'immeuble en tant que promoteur ou architecte, la durée du mandat est de 1 an maximum. En dehors de ce cas, la durée du mandat est de 3 ans maximum. La durée du mandat (3 ans ou 1 an) est renouvelable. Ce renouvellement doit être voté en AG à la   majorité absolue . Le contrat de syndic qui est arrivé à son terme après le 11 mars 2020 est renouvelé automatiquement sans avoir besoin de réunir l'AG. Ce contrat est renouvelé jusqu'au commencement du nouveau contrat du syndic désigné par la prochaine AG. Cette AG peut être tenue à la fin de l'état d'urgence sanitaire lié au Covid-19, et au plus tard le 31 décembre 2020. La copropriété peut  décider de ne pas renouveler le contrat du syndic. La copropriété doit alors porter à l'ordre du jour d'une AG tenue dans les 3 mois précédant la fin du contrat les questions : de désignation d'un nouveau syndic et la fixation d'une date anticipée de fin de contrat. Lorsque l'initiative vient du syndic, il doit  informer le conseil syndical de son intention de ne pas conclure un nouveau contrat au plus tard 3 mois avant la tenue de cette AG. L'AG désigne un nouveau syndic et fixe les dates de fin du contrat en cours et de début du nouveau contrat, qui doivent intervenir au plus tôt 1  jour franc  après la tenue de cette assemblée. Dans certains cas, il est possible de   mettre fin au mandat en cours du syndic .\n\n",
    "link": "https://www.service-public.fr/particuliers/vosdroits/F2608",
    "name": "F2608--syndic-pro-ionnel-20--duree-du-m-mandat-15.json",
    "arborescence": {
        "audience": "Particuliers",
        "theme": "Logement",
        "dossier": "Acteurs de la copropriété (organisation juridique)",
        "sous_dossier": "",
        "titre": "Syndic de copropriété"
    }
}