{
    "text": "Séjour en France de la famille d'un citoyen européen : \n Si vous êtes citoyen d'un  pays européen , vous pouvez être accompagné ou rejoint en France par les membres de votre famille proche (époux, enfants, ascendants), quelle que soit leur nationalité. D'autres personnes avec qui vous êtes liées peuvent aussi être autorisées à vivre avec vous en France (concubin, partenaire, personne à charge, etc.), mais il ne s'agit pas d'un droit automatique. \n \n\n\n\n\nPersonne gravement malade: \n\nCas général\nil n'est pas possible d'effectuer les démarches dans certaines sous-préfectures. Renseignez-vous sur le site internet de votre préfecture.",
    "text_reader": "\n Si vous êtes citoyen d'un  pays européen , vous pouvez être accompagné ou rejoint en France par les membres de votre famille proche (époux, enfants, ascendants), quelle que soit leur nationalité. D'autres personnes avec qui vous êtes liées peuvent aussi être autorisées à vivre avec vous en France (concubin, partenaire, personne à charge, etc.), mais il ne s'agit pas d'un droit automatique. \n \n\n\n\n\n\n\nCas général\nil n'est pas possible d'effectuer les démarches dans certaines sous-préfectures. Renseignez-vous sur le site internet de votre préfecture.",
    "link": "https://www.service-public.fr/particuliers/vosdroits/F2653",
    "name": "F2653--personne-g-malade-25--cas-genera-eneral-11.json",
    "arborescence": {
        "audience": "Particuliers",
        "theme": "Étranger",
        "dossier": "Installation en France d'une famille étrangère",
        "sous_dossier": "",
        "titre": "Séjour en France de la famille d'un citoyen européen"
    }
}