{
    "text": "Assurance auto (véhicule à moteur) : résiliation du contrat : \n Permet de résilier auprès de son assureur son contrat d'assurance en cas de vente de son véhicule. \n \n\n\nPar l'assureur: \n\nAprès un sinistre: L'assureur peut résilier le contrat suite à un sinistre et pour ce motif, uniquement si cette possibilité a été prévue dans le contrat. C'est généralement le cas : si vous avez commis un accident en état d'ivresse ou sous l'emprise de stupéfiant, et/ou si vous avez été coupable d'une infraction entraînant une suspension du permis de conduire d'au moins un mois, ou l'annulation du permis. L'assureur doit vous notifier cette résiliation par lettre recommandée. La résiliation intervient 30  jours calendaires après cette notification. L'assureur doit alors vous rembourser la partie de la cotisation qui correspond à la période restant à courir jusqu'à la prochaine échéance. si l'assureur a accepté le paiement d'une prime ou fraction de prime d'assurance 30  jours calendaires   suivant  après avoir été informé du sinistre, il perd ce droit de résiliation après sinistre.\n\n",
    "text_reader": "\n Permet de résilier auprès de son assureur son contrat d'assurance en cas de vente de son véhicule. \n \n\n\n\n\nL'assureur peut résilier le contrat suite à un sinistre et pour ce motif, uniquement si cette possibilité a été prévue dans le contrat. C'est généralement le cas : si vous avez commis un accident en état d'ivresse ou sous l'emprise de stupéfiant, et/ou si vous avez été coupable d'une infraction entraînant une suspension du permis de conduire d'au moins un mois, ou l'annulation du permis. L'assureur doit vous notifier cette résiliation par lettre recommandée. La résiliation intervient 30  jours calendaires après cette notification. L'assureur doit alors vous rembourser la partie de la cotisation qui correspond à la période restant à courir jusqu'à la prochaine échéance. si l'assureur a accepté le paiement d'une prime ou fraction de prime d'assurance 30  jours calendaires   suivant  après avoir été informé du sinistre, il perd ce droit de résiliation après sinistre.\n\n",
    "link": "https://www.service-public.fr/particuliers/vosdroits/F2659",
    "name": "F2659--par-lassur-sureur-14--apres-un-s-nistre-17.json",
    "arborescence": {
        "audience": "Particuliers",
        "theme": "Argent",
        "dossier": "Assurance automobile (véhicule)",
        "sous_dossier": "Souscription et vie du contrat",
        "titre": "Assurance auto (véhicule à moteur) : résiliation du contrat"
    }
}