{
    "text": "Carte Vitale : \n La carte Vitale permet de justifier de ses droits auprès des professionnels de santé et  d'être remboursé dans un délai de 5 jours, sans avoir de démarches à effectuer. \n \n\n\n\n\nPar courrier: Assurance maladie CNAREFE 77605 Marne-la-Vallée Cedex 3\n\n",
    "text_reader": "\n La carte Vitale permet de justifier de ses droits auprès des professionnels de santé et  d'être remboursé dans un délai de 5 jours, sans avoir de démarches à effectuer. \n \n\n\n\n\nAssurance maladie CNAREFE 77605 Marne-la-Vallée Cedex 3\n\n",
    "link": "https://www.service-public.fr/particuliers/vosdroits/F265",
    "name": "F265--par-courri-urrier-12.json",
    "arborescence": {
        "audience": "Particuliers",
        "theme": "Social - Santé",
        "dossier": "Remboursement des soins par la sécurité sociale",
        "sous_dossier": "Conditions du remboursement des soins",
        "titre": "Carte Vitale"
    }
}