{
    "text": "Permis B : voiture ou camionnette : \n Le permis B permet de conduire une voiture (avec ou sans remorque). Pour obtenir le permis B,  vous devez  avoir au moins 18 ans. Toutefois, la demande du permis peut être faite dès  16 ans (ou 15 ans en cas d'apprentissage anticipé de la conduite). Vous pouvez vous inscrire et préparer  l'examen (code + conduite) via une auto-école ou par vous-même.    En cas de succès, il vous est  délivré un certificat (CEPC) en attendant de recevoir le permis. Le permis B a une durée de validité de 15 ans. \n \n\n\n\n\nQui peut passer le permis B ?: \n\nVous êtes européen\nSi vous avez la nationalité  suisse, andorrane, monégasque ou  d'un État de  l'Espace économique européen (EEE) , vous  devez avoir vos attaches personnelles et/ou professionnelles depuis au moins 6 mois en France.",
    "text_reader": "\n Le permis B permet de conduire une voiture (avec ou sans remorque). Pour obtenir le permis B,  vous devez  avoir au moins 18 ans. Toutefois, la demande du permis peut être faite dès  16 ans (ou 15 ans en cas d'apprentissage anticipé de la conduite). Vous pouvez vous inscrire et préparer  l'examen (code + conduite) via une auto-école ou par vous-même.    En cas de succès, il vous est  délivré un certificat (CEPC) en attendant de recevoir le permis. Le permis B a une durée de validité de 15 ans. \n \n\n\n\n\n\n\nVous êtes européen\nSi vous avez la nationalité  suisse, andorrane, monégasque ou  d'un État de  l'Espace économique européen (EEE) , vous  devez avoir vos attaches personnelles et/ou professionnelles depuis au moins 6 mois en France.",
    "link": "https://www.service-public.fr/particuliers/vosdroits/F2828",
    "name": "F2828--qui-peut-p-rmis-b-29--vous-etes--ropeen-18.json",
    "arborescence": {
        "audience": "Particuliers",
        "theme": "Transports",
        "dossier": "Permis de conduire",
        "sous_dossier": "Permis B (voiture ou quadricycle lourd)",
        "titre": "Permis B : voiture ou camionnette"
    }
}