{
    "text": "RSA jeune actif  : \n Un jeune   de 18 à 25 ans, français ou étranger, qui  justifie d'une certaine durée d'activité professionnelle peut bénéficier du  RSA  jeune actif sous certaines  conditions. Le calcul du montant dépend des ressources et de la composition du foyer. Pour obtenir le RSA, il est nécessaire de faire une 1ère demande, puis d'actualiser la situation tous les trimestres. La procédure varie en fonction de la caisse d'affiliation (Caf ou CMSA). \n \n\n\nCas général (Caf): \n\nRecours: \n\nAutre région\nPour  contester une décision relative au RSA (refus d'attribution, contestation du montant attribué, etc.) vous devez, dans un premier temps, adresser un recours administratif au président du  département.\nEn cas de réponse défavorable, vous pouvez ensuite présenter  un recours contentieux devant le tribunal administratif .",
    "text_reader": "\n Un jeune   de 18 à 25 ans, français ou étranger, qui  justifie d'une certaine durée d'activité professionnelle peut bénéficier du  RSA  jeune actif sous certaines  conditions. Le calcul du montant dépend des ressources et de la composition du foyer. Pour obtenir le RSA, il est nécessaire de faire une 1ère demande, puis d'actualiser la situation tous les trimestres. La procédure varie en fonction de la caisse d'affiliation (Caf ou CMSA). \n \n\n\n\n\n\n\nAutre région\nPour  contester une décision relative au RSA (refus d'attribution, contestation du montant attribué, etc.) vous devez, dans un premier temps, adresser un recours administratif au président du  département.\nEn cas de réponse défavorable, vous pouvez ensuite présenter  un recours contentieux devant le tribunal administratif .",
    "link": "https://www.service-public.fr/particuliers/vosdroits/F286",
    "name": "F286--cas-genera-al-caf-17--recours-ecours-7--autre-regi-region-12.json",
    "arborescence": {
        "audience": "Particuliers",
        "theme": "Social - Santé",
        "dossier": "Revenu de solidarité active (RSA)",
        "sous_dossier": "",
        "titre": "RSA jeune actif "
    }
}