{
    "text": "Démission d'un salarié : \n La démission vous permet de rompre votre  CDI  de votre propre initiative. Cependant, pour être valable, elle doit respecter certaines conditions. Vous devez prévenir votre employeur de votre volonté de démissionner. Sauf en cas de dispense, vous poursuivez votre activité jusqu'au terme du préavis de démission. Des dispositions spécifiques de rupture anticipée du contrat de travail sont prévues si vous êtes en   CDD  ou en intérim. \n \n\n\nContrat de travail temporaire (intérim): \n\nPréavis: Vous ne pouvez pas quitter votre travail dès que vous avez signifié votre démission à votre employeur. Vous continuez de travailler jusqu'à la fin de votre contrat de travail, dans le respect du délai de préavis prévu (sauf en cas de dispense du préavis).\n\nAccord de l'employeur\nSi votre employeur accepte, votre contrat de travail prend fin à la date convenue entre vous.\nDans ce cas, l'employeur n'est pas tenu de verser  l'indemnité compensatrice de préavis .",
    "text_reader": "\n La démission vous permet de rompre votre  CDI  de votre propre initiative. Cependant, pour être valable, elle doit respecter certaines conditions. Vous devez prévenir votre employeur de votre volonté de démissionner. Sauf en cas de dispense, vous poursuivez votre activité jusqu'au terme du préavis de démission. Des dispositions spécifiques de rupture anticipée du contrat de travail sont prévues si vous êtes en   CDD  ou en intérim. \n \n\n\n\n\nVous ne pouvez pas quitter votre travail dès que vous avez signifié votre démission à votre employeur. Vous continuez de travailler jusqu'à la fin de votre contrat de travail, dans le respect du délai de préavis prévu (sauf en cas de dispense du préavis).\n\nAccord de l'employeur\nSi votre employeur accepte, votre contrat de travail prend fin à la date convenue entre vous.\nDans ce cas, l'employeur n'est pas tenu de verser  l'indemnité compensatrice de préavis .",
    "link": "https://www.service-public.fr/particuliers/vosdroits/F2883",
    "name": "F2883--contrat-de-nterim-39--preavis-reavis-7--accord-de--loyeur-21.json",
    "arborescence": {
        "audience": "Particuliers",
        "theme": "Travail",
        "dossier": "Rupture du contrat de travail dans le secteur privé",
        "sous_dossier": "Formes de rupture",
        "titre": "Démission d'un salarié"
    }
}