{
    "text": "Prime d'activité : salarié ou fonctionnaire : \n La prime d'activité remplace le RSA activité et la prime pour l'emploi. Les salariés et fonctionnaires de 18 ans ou plus peuvent en bénéficier sous certaines conditions. La demande de prime d'activité se fait via un téléservice ou auprès de la  Caf  ou de la  MSA . \n \n\n\nVous êtes français: \n\nDémarche: Vous devez faire la demande de prime d'activité en ligne.   Si vous dépendez du régime général ( Caf ) :     Si vous dépendez du régime agricole ( MSA ) :   Après examen de votre dossier par les services de la Caf ou de la MSA,  vous recevez une  notification  d'attribution pour une période de 3 mois. La période de référence est le trimestre précédant celui où vous percevez la prime d'activité. Le montant qui vous est versé est fixe pendant 3 mois, il ne tient pas compte des changements de ressources de votre foyer. Si vous recevez une décision de refus d'attribution, vous pouvez présenter un recours.\n\n",
    "text_reader": "\n La prime d'activité remplace le RSA activité et la prime pour l'emploi. Les salariés et fonctionnaires de 18 ans ou plus peuvent en bénéficier sous certaines conditions. La demande de prime d'activité se fait via un téléservice ou auprès de la  Caf  ou de la  MSA . \n \n\n\n\n\nVous devez faire la demande de prime d'activité en ligne.   Si vous dépendez du régime général ( Caf ) :     Si vous dépendez du régime agricole ( MSA ) :   Après examen de votre dossier par les services de la Caf ou de la MSA,  vous recevez une  notification  d'attribution pour une période de 3 mois. La période de référence est le trimestre précédant celui où vous percevez la prime d'activité. Le montant qui vous est versé est fixe pendant 3 mois, il ne tient pas compte des changements de ressources de votre foyer. Si vous recevez une décision de refus d'attribution, vous pouvez présenter un recours.\n\n",
    "link": "https://www.service-public.fr/particuliers/vosdroits/F2882",
    "name": "F2882--vous-etes--ancais-18--demarche-marche-8.json",
    "arborescence": {
        "audience": "Particuliers",
        "theme": "Social - Santé",
        "dossier": "Prime d'activité",
        "sous_dossier": "",
        "titre": "Prime d'activité : salarié ou fonctionnaire"
    }
}