{
    "text": "Prime d'activité : salarié ou fonctionnaire : \n La prime d'activité remplace le RSA activité et la prime pour l'emploi. Les salariés et fonctionnaires de 18 ans ou plus peuvent en bénéficier sous certaines conditions. La demande de prime d'activité se fait via un téléservice ou auprès de la  Caf  ou de la  MSA . \n \n\n\nVous êtes étranger: \n\nConditions à remplir: Pour avoir droit à la prime d'activité, vous devez remplir l'ensemble des conditions suivantes : Avoir  une activité professionnelle (salariée ou non) et percevoir des revenus modestes Résider en France  de manière stable et effective   Être en  séjour régulier . Bénéficiaires Conditions à remplir   Européen   Avoir   droit au séjour en France  et y vivre  depuis au moins 3 mois au moment de la demande Étranger d'un autre pays - Avoir  depuis au moins 5 ans un titre de séjour permettant de  travailler en France, - ou être parent isolé avec un enfant à charge de moins de 3 ans et un titre de séjour, - ou être  titulaire de  la carte de résident , - ou avoir  le statut de réfugié , - ou être reconnu  apatride , - ou être bénéficiaire de la   protection subsidiaire   si vous êtes travailleur détaché temporairement en France, vous n'avez pas droit à la prime d'activité.\n\n",
    "text_reader": "\n La prime d'activité remplace le RSA activité et la prime pour l'emploi. Les salariés et fonctionnaires de 18 ans ou plus peuvent en bénéficier sous certaines conditions. La demande de prime d'activité se fait via un téléservice ou auprès de la  Caf  ou de la  MSA . \n \n\n\n\n\nPour avoir droit à la prime d'activité, vous devez remplir l'ensemble des conditions suivantes : Avoir  une activité professionnelle (salariée ou non) et percevoir des revenus modestes Résider en France  de manière stable et effective   Être en  séjour régulier . Bénéficiaires Conditions à remplir   Européen   Avoir   droit au séjour en France  et y vivre  depuis au moins 3 mois au moment de la demande Étranger d'un autre pays - Avoir  depuis au moins 5 ans un titre de séjour permettant de  travailler en France, - ou être parent isolé avec un enfant à charge de moins de 3 ans et un titre de séjour, - ou être  titulaire de  la carte de résident , - ou avoir  le statut de réfugié , - ou être reconnu  apatride , - ou être bénéficiaire de la   protection subsidiaire   si vous êtes travailleur détaché temporairement en France, vous n'avez pas droit à la prime d'activité.\n\n",
    "link": "https://www.service-public.fr/particuliers/vosdroits/F2882",
    "name": "F2882--vous-etes--ranger-18--conditions-emplir-20.json",
    "arborescence": {
        "audience": "Particuliers",
        "theme": "Social - Santé",
        "dossier": "Prime d'activité",
        "sous_dossier": "",
        "titre": "Prime d'activité : salarié ou fonctionnaire"
    }
}