{
    "text": "Peut-on adopter un adulte ? : \n Oui, vous pouvez adopter un adulte sous réserve de respecter certaines conditions tenant au fait que vous adoptez en couple ou seul. Cette adoption a pour but de concrétiser l'existence d'un lien affectif ancien ou d'une relation filiale avec cette personne majeure. \n \n\n\nAdoption par une personne seule: \n\nCondition de révocation de l'adoption: Seule l'adoption simple du majeur peut être révoquée par un juge, pour des motifs graves (exemples : violences ou actes de délinquance envers l'adoptant) à la demande de l'adoptant ou  de l'adopté.  La révocation fait cesser pour l'avenir tous les effets de l'adoption, à l'exception de la modification des prénoms.\n\n",
    "text_reader": "\n Oui, vous pouvez adopter un adulte sous réserve de respecter certaines conditions tenant au fait que vous adoptez en couple ou seul. Cette adoption a pour but de concrétiser l'existence d'un lien affectif ancien ou d'une relation filiale avec cette personne majeure. \n \n\n\n\n\nSeule l'adoption simple du majeur peut être révoquée par un juge, pour des motifs graves (exemples : violences ou actes de délinquance envers l'adoptant) à la demande de l'adoptant ou  de l'adopté.  La révocation fait cesser pour l'avenir tous les effets de l'adoption, à l'exception de la modification des prénoms.\n\n",
    "link": "https://www.service-public.fr/particuliers/vosdroits/F2973",
    "name": "F2973--adoption-p--seule-31--condition--option-37.json",
    "arborescence": {
        "audience": "Particuliers",
        "theme": "Famille",
        "dossier": "Adoption",
        "sous_dossier": "",
        "titre": "Peut-on adopter un adulte ?"
    }
}