{
    "text": "Congé de formation professionnelle dans la fonction publique territoriale (FPT) : \n L'agent territorial qui souhaite se former pour satisfaire un projet professionnel ou personnel peut, sous certaines conditions, bénéficier d'un congé de formation professionnelle.\n\t\t\n\t\t\tCe congé d'une durée maximale de 3 ans est rémunéré pendant 12 mois. \n \n\n\n\n\nQui est concerné ?: Il est possible de bénéficier du congé sous réserve de remplir des conditions d'ancienneté. Ces conditions dépendent du statut de l'agent. l'agent qui a bénéficié d’une préparation aux examens et concours de la fonction publique ou d’un précédent congé de formation professionnelle ne peut pas obtenir un congé de formation professionnelle dans les 12 mois qui suivent la fin de cette action de formation (sauf s'il a dû l'écourter pour nécessités de service).\n\nFonctionnaire\nAvoir accompli au moins 3 ans de services dans la fonction publique",
    "text_reader": "\n L'agent territorial qui souhaite se former pour satisfaire un projet professionnel ou personnel peut, sous certaines conditions, bénéficier d'un congé de formation professionnelle.\n\t\t\n\t\t\tCe congé d'une durée maximale de 3 ans est rémunéré pendant 12 mois. \n \n\n\n\n\nIl est possible de bénéficier du congé sous réserve de remplir des conditions d'ancienneté. Ces conditions dépendent du statut de l'agent. l'agent qui a bénéficié d’une préparation aux examens et concours de la fonction publique ou d’un précédent congé de formation professionnelle ne peut pas obtenir un congé de formation professionnelle dans les 12 mois qui suivent la fin de cette action de formation (sauf s'il a dû l'écourter pour nécessités de service).\n\nFonctionnaire\nAvoir accompli au moins 3 ans de services dans la fonction publique",
    "link": "https://www.service-public.fr/particuliers/vosdroits/F3042",
    "name": "F3042--qui-est-co-ncerne-18--fonctionna-nnaire-13.json",
    "arborescence": {
        "audience": "Particuliers",
        "theme": "Travail",
        "dossier": "Formation professionnelle dans la fonction publique",
        "sous_dossier": "Fonction publique territoriale (FPT)",
        "titre": "Congé de formation professionnelle dans la fonction publique territoriale (FPT)"
    }
}