{
    "text": "Peut-on faire une nouvelle demande d'asile après un refus ? : \n Si votre demande d'asile a été rejetée, vous pouvez en demander le réexamen à l' Ofpra . Vous devez tout d'abord faire une nouvelle demande d'enregistrement en préfecture.\n\t\t\tPour être recevable, votre demande de réexamen doit remplir certaines conditions.\n\t\t\tEn cas de nouveau rejet par l'Ofpra, vous pouvez saisir la  CNDA . \n \n\n\n\n\nDécision de l'Ofpra: L'Ofpra dispose de 7 jours pour se prononcer sur la recevabilité de votre demande. S'il décide de poursuivre l'examen de votre demande, il en informe le préfet et vous recevez une  attestation de demande d'asile valant autorisation provisoire de séjour (APS) d'une durée de validité d'un mois qui peut être renouvelée pour 6 mois.\n\ntive\nL'Ofpra peut accepter la demande de réexamen. Vous êtes  alors placé sous sa protection et convoqué en préfecture pour recevoir : \nsoit une  carte de résident de 10 ans, s'il a été reconnu réfugié, \n\nsoit une  carte de séjour temporaire d'1 an, en cas de  protection subsidiaire .",
    "text_reader": "\n Si votre demande d'asile a été rejetée, vous pouvez en demander le réexamen à l' Ofpra . Vous devez tout d'abord faire une nouvelle demande d'enregistrement en préfecture.\n\t\t\tPour être recevable, votre demande de réexamen doit remplir certaines conditions.\n\t\t\tEn cas de nouveau rejet par l'Ofpra, vous pouvez saisir la  CNDA . \n \n\n\n\n\nL'Ofpra dispose de 7 jours pour se prononcer sur la recevabilité de votre demande. S'il décide de poursuivre l'examen de votre demande, il en informe le préfet et vous recevez une  attestation de demande d'asile valant autorisation provisoire de séjour (APS) d'une durée de validité d'un mois qui peut être renouvelée pour 6 mois.\n\nDécision positive\nL'Ofpra peut accepter la demande de réexamen. Vous êtes  alors placé sous sa protection et convoqué en préfecture pour recevoir : \nsoit une  carte de résident de 10 ans, s'il a été reconnu réfugié, \n\nsoit une  carte de séjour temporaire d'1 an, en cas de  protection subsidiaire .",
    "link": "https://www.service-public.fr/particuliers/vosdroits/F3067",
    "name": "F3067--decision-d-lofpra-19--decision-p-sitive-17.json",
    "arborescence": {
        "audience": "Particuliers",
        "theme": "Étranger",
        "dossier": "Demande d'asile (réfugié, protection subsidiaire, apatride)",
        "sous_dossier": "",
        "titre": "Peut-on faire une nouvelle demande d'asile après un refus ?"
    }
}