{
    "text": "Permis D1 : transport de 16 passagers et longueur de 8 mètres : \n Le permis D1 autorise la conduite d'un véhicule  affecté au transport de personnes comportant  17 places assises maximum (conducteur compris) et mesurant jusqu'à 8 mètres de long.   Pour passer le permis D1, il faut avoir au moins 21 ans et être titulaire du permis B. Un contrôle médical est obligatoire.  La durée de validité du permis DE dépend de votre âge. Son renouvellement s'obtient sous réserve d'un avis médical favorable. \n \n\n\n\n\nConduite (Épreuve pratique): \n\n\nFormation\nL'auto-école doit vous proposer un  contrat-type de l'enseignement de la conduite \n\n.\nCe contrat précise notamment le programme et le déroulement de la formation, le prix de la formation et  des prestations administratives, les obligations de chacun, les moyens de paiement...\nAccompagnateur\nLa présence d'un accompagnateur est obligatoire pendant toute la durée des épreuves.\nÉpreuve hors circulation (HC)\nL'objectif de l'épreuve HC est de vérifier vos connaissances notamment en matière de réglementation des transports et de sécurité liée au chargement et de mécanique.\nElle comprend plusieurs exercices : interrogations écrite et orale, tests sur les vérifications courantes de sécurité, exercices de maniabilité.\nPour être admis, vous devez obtenir plus de 16 points, ne pas avoir de note éliminatoire et avoir un résultat favorable à l'exercice de maniabilité.\nVous conservez le bénéfice de l'épreuve HC pour 3 épreuves en circulation (CIR) pendant 1 an maximum à partir de la réussite à l'épreuve HC à condition de valider l'épreuve théorique.\nÉpreuve en circulation (CIR)\nL'épreuve CIR se déroule sur des itinéraires variés.\nLes compétences suivantes sont évaluées :\nSavoir s'installer et assurer la sécurité à bord\nAutonomie et la conscience du risque\nConnaître et utiliser les commandes\nPrendre l'information\nAdapter son allure aux circonstances\nAppliquer la réglementation\nCommuniquer avec les autres usagers\nPartager la chaussée\nMaintenir des espaces de sécurité\nPour être reçu à l'épreuve CIR, vous devez obtenir au moins 17 points et  ne pas commettre d'erreur éliminatoire.",
    "text_reader": "\n Le permis D1 autorise la conduite d'un véhicule  affecté au transport de personnes comportant  17 places assises maximum (conducteur compris) et mesurant jusqu'à 8 mètres de long.   Pour passer le permis D1, il faut avoir au moins 21 ans et être titulaire du permis B. Un contrôle médical est obligatoire.  La durée de validité du permis DE dépend de votre âge. Son renouvellement s'obtient sous réserve d'un avis médical favorable. \n \n\n\n\n\n\n\nConduite (Épreuve pratique)\nFormation\nL'auto-école doit vous proposer un  contrat-type de l'enseignement de la conduite \n\n.\nCe contrat précise notamment le programme et le déroulement de la formation, le prix de la formation et  des prestations administratives, les obligations de chacun, les moyens de paiement...\nAccompagnateur\nLa présence d'un accompagnateur est obligatoire pendant toute la durée des épreuves.\nÉpreuve hors circulation (HC)\nL'objectif de l'épreuve HC est de vérifier vos connaissances notamment en matière de réglementation des transports et de sécurité liée au chargement et de mécanique.\nElle comprend plusieurs exercices : interrogations écrite et orale, tests sur les vérifications courantes de sécurité, exercices de maniabilité.\nPour être admis, vous devez obtenir plus de 16 points, ne pas avoir de note éliminatoire et avoir un résultat favorable à l'exercice de maniabilité.\nVous conservez le bénéfice de l'épreuve HC pour 3 épreuves en circulation (CIR) pendant 1 an maximum à partir de la réussite à l'épreuve HC à condition de valider l'épreuve théorique.\nÉpreuve en circulation (CIR)\nL'épreuve CIR se déroule sur des itinéraires variés.\nLes compétences suivantes sont évaluées :\nSavoir s'installer et assurer la sécurité à bord\nAutonomie et la conscience du risque\nConnaître et utiliser les commandes\nPrendre l'information\nAdapter son allure aux circonstances\nAppliquer la réglementation\nCommuniquer avec les autres usagers\nPartager la chaussée\nMaintenir des espaces de sécurité\nPour être reçu à l'épreuve CIR, vous devez obtenir au moins 17 points et  ne pas commettre d'erreur éliminatoire.",
    "link": "https://www.service-public.fr/particuliers/vosdroits/F31128",
    "name": "F31128--conduite-e-atique-27.json",
    "arborescence": {
        "audience": "Particuliers",
        "theme": "Transports",
        "dossier": "Permis de conduire",
        "sous_dossier": "Permis pour le transport de marchandises et de personnes",
        "titre": "Permis D1 : transport de 16 passagers et longueur de 8 mètres"
    }
}