{
    "text": "Perte de sa carte bancaire : \n Dès  la perte de votre carte bancaire, vous devez immédiatement   faire opposition  sur votre carte. Si votre vigilance n'est pas en cause, votre banque vous rembourse les sommes dépensées frauduleusement. En cas de difficultés pour obtenir le remboursement, vous pouvez saisir le médiateur bancaire et/ou la justice. \n \n\n\n\n\nRemboursement: Si des dépenses ont été effectuées avant l'opposition, vous pouvez  porter plainte . Le niveau de remboursement par la banque dépend de l'utilisation du code secret et du montant dépensé. aucun remboursement ne sera fait en cas de faute ou de négligence de votre part (code inscrit au dos de la carte par exemple). C'est à la banque de prouver  cette faute ou négligence. certaines assurances proposées par les banques prévoient un remboursement plus important. Toutefois, la banque devra vous rembourser intégralement dans les 2 cas suivants : La perte ne pouvait pas être détectée avant l'utilisation frauduleuse de la carte Un agent de la banque est responsable de la perte.\n\nSi le code secret a été utilisé\nJusqu'à 50 € dépensés\nIl n'y a aucun remboursement.\nPlus de 50 € dépensés\nLe remboursement est partiel :  50 €  sont à votre charge, le reste est remboursé.\nPar exemple, si  200 €  ont été dépensés,  votre banque vous rembourse  150 € .",
    "text_reader": "\n Dès  la perte de votre carte bancaire, vous devez immédiatement   faire opposition  sur votre carte. Si votre vigilance n'est pas en cause, votre banque vous rembourse les sommes dépensées frauduleusement. En cas de difficultés pour obtenir le remboursement, vous pouvez saisir le médiateur bancaire et/ou la justice. \n \n\n\n\n\nSi des dépenses ont été effectuées avant l'opposition, vous pouvez  porter plainte . Le niveau de remboursement par la banque dépend de l'utilisation du code secret et du montant dépensé. aucun remboursement ne sera fait en cas de faute ou de négligence de votre part (code inscrit au dos de la carte par exemple). C'est à la banque de prouver  cette faute ou négligence. certaines assurances proposées par les banques prévoient un remboursement plus important. Toutefois, la banque devra vous rembourser intégralement dans les 2 cas suivants : La perte ne pouvait pas être détectée avant l'utilisation frauduleuse de la carte Un agent de la banque est responsable de la perte.\n\nSi le code secret a été utilisé\nJusqu'à 50 € dépensés\nIl n'y a aucun remboursement.\nPlus de 50 € dépensés\nLe remboursement est partiel :  50 €  sont à votre charge, le reste est remboursé.\nPar exemple, si  200 €  ont été dépensés,  votre banque vous rembourse  150 € .",
    "link": "https://www.service-public.fr/particuliers/vosdroits/F31241",
    "name": "F31241--remboursem-sement-13--si-le-code-tilise-31.json",
    "arborescence": {
        "audience": "Particuliers",
        "theme": "Argent",
        "dossier": "Moyens de paiement",
        "sous_dossier": "Carte bancaire",
        "titre": "Perte de sa carte bancaire"
    }
}