{
    "text": "Demander un délai de paiement pour payer ses impôts  : \n Vous pouvez demander un délai supplémentaire de paiement de votre impôt sur le revenu et impôts locaux si vous rencontrez des difficultés financières. \n \n\n\nImpôt sur le revenu: \n\nSi vous avez des difficultés financières, vous pouvez demander un délai pour payer vos impôts.\n\nPar courrier\nVous devez remplir le formulaire n°4805-SD :\nAdressez-le à votre centre :\nJoignez votre avis d'impôt, ainsi qu'un  Rib .",
    "text_reader": "\n Vous pouvez demander un délai supplémentaire de paiement de votre impôt sur le revenu et impôts locaux si vous rencontrez des difficultés financières. \n \n\n\n\n\nSi vous avez des difficultés financières, vous pouvez demander un délai pour payer vos impôts.\n\nPar courrier\nVous devez remplir le formulaire n°4805-SD :\nAdressez-le à votre centre :\nJoignez votre avis d'impôt, ainsi qu'un  Rib .",
    "link": "https://www.service-public.fr/particuliers/vosdroits/F3124",
    "name": "F3124--impot-sur--revenu-19--par-courri-urrier-12.json",
    "arborescence": {
        "audience": "Particuliers",
        "theme": "Argent",
        "dossier": "Saisir l'administration fiscale (difficultés de paiement, réclamation, ...)",
        "sous_dossier": "",
        "titre": "Demander un délai de paiement pour payer ses impôts "
    }
}