{
    "text": "Conclusion d'un contrat d'assurance auto ou véhicule : \n L'assurance est obligatoire pour la mise en circulation d'un véhicule.  Vous pouvez la souscrire  auprès d'une compagnie d'assurance ou auprès d'un mandataire (courtier). Vous recevez d'abord  une proposition d'assurance avec les garanties, le tarif, les conditions de paiement et la durée du contrat.   Le tarif dépend du profil du conducteur principal, du type de  voiture, et des garanties.  L'absence  d'assurance est punie par la loi et l'assureur doit vous délivrer une attestation d'assurance. \n \n\n\n\n\nProposition et signature du contrat: L'assureur sollicité doit vous remettre une proposition d'assurance. Elle comprend : une fiche d'information sur les prix et les garanties, un exemplaire du projet de contrat et de ses annexes ou une notice d'information détaillée. Les documents doivent être clairs et rédigés en caractère apparent. Ils vous renseignent très précisément sur les points suivants : Limites de garanties (liste des risques non couverts, par exemple) Loi et  instances compétentes en cas de litige Déclenchement de la garantie pour les contrats de responsabilité (déclenchement par le fait dommageable ou par réclamation). Si la proposition d'assurance vous convient, vous devez la signer et les remettre à l'assureur avec les documents demandés. Uns fois que la proposition signée parvient à l'assureur, le contrat est formé et vous ne pouvez plus revenir sur votre décision. le délai de  rétractation de 14 jours prévu pour les contrats conclus à distance ne s'applique pas aux contrats d'assurance automobile. Mais, en pratique, beaucoup d'assureurs  vous permettent de  renoncer  au contrat dans les 14 jours, si vous avez été démarché à distance et si vous n'avez pas encore fait appel à l'une des garanties souscrites.\n\n",
    "text_reader": "\n L'assurance est obligatoire pour la mise en circulation d'un véhicule.  Vous pouvez la souscrire  auprès d'une compagnie d'assurance ou auprès d'un mandataire (courtier). Vous recevez d'abord  une proposition d'assurance avec les garanties, le tarif, les conditions de paiement et la durée du contrat.   Le tarif dépend du profil du conducteur principal, du type de  voiture, et des garanties.  L'absence  d'assurance est punie par la loi et l'assureur doit vous délivrer une attestation d'assurance. \n \n\n\n\n\nL'assureur sollicité doit vous remettre une proposition d'assurance. Elle comprend : une fiche d'information sur les prix et les garanties, un exemplaire du projet de contrat et de ses annexes ou une notice d'information détaillée. Les documents doivent être clairs et rédigés en caractère apparent. Ils vous renseignent très précisément sur les points suivants : Limites de garanties (liste des risques non couverts, par exemple) Loi et  instances compétentes en cas de litige Déclenchement de la garantie pour les contrats de responsabilité (déclenchement par le fait dommageable ou par réclamation). Si la proposition d'assurance vous convient, vous devez la signer et les remettre à l'assureur avec les documents demandés. Uns fois que la proposition signée parvient à l'assureur, le contrat est formé et vous ne pouvez plus revenir sur votre décision. le délai de  rétractation de 14 jours prévu pour les contrats conclus à distance ne s'applique pas aux contrats d'assurance automobile. Mais, en pratique, beaucoup d'assureurs  vous permettent de  renoncer  au contrat dans les 14 jours, si vous avez été démarché à distance et si vous n'avez pas encore fait appel à l'une des garanties souscrites.\n\n",
    "link": "https://www.service-public.fr/particuliers/vosdroits/F31325",
    "name": "F31325--propositio-ontrat-35.json",
    "arborescence": {
        "audience": "Particuliers",
        "theme": "Argent",
        "dossier": "Assurance automobile (véhicule)",
        "sous_dossier": "Souscription et vie du contrat",
        "titre": "Conclusion d'un contrat d'assurance auto ou véhicule"
    }
}