{
    "text": "Le propriétaire est-il responsable des nuisances causées par son locataire ? : \n C'est le locataire qui est le principal responsable des troubles qu'il cause au voisinage. Toutefois, le propriétaire du logement doit engager certaines démarches auprès de son locataire pour faire cesser les nuisances. S'il ne le fait pas,  sa responsabilité peut être engagée. \n \n\n\n\n\nNuisances concernées: Les nuisances en cause peuvent être notamment : des nuisances  sonores  ou  olfactives , des dégradations ou encombrement des  parties communes , le non-respect du  règlement de copropriété .\n\n",
    "text_reader": "\n C'est le locataire qui est le principal responsable des troubles qu'il cause au voisinage. Toutefois, le propriétaire du logement doit engager certaines démarches auprès de son locataire pour faire cesser les nuisances. S'il ne le fait pas,  sa responsabilité peut être engagée. \n \n\n\n\n\nLes nuisances en cause peuvent être notamment : des nuisances  sonores  ou  olfactives , des dégradations ou encombrement des  parties communes , le non-respect du  règlement de copropriété .\n\n",
    "link": "https://www.service-public.fr/particuliers/vosdroits/F31522",
    "name": "F31522--nuisances--ernees-20.json",
    "arborescence": {
        "audience": "Particuliers",
        "theme": "Logement",
        "dossier": "Vie pratique en appartement (copropriété)",
        "sous_dossier": "",
        "titre": "Le propriétaire est-il responsable des nuisances causées par son locataire ?"
    }
}