{
    "text": "Comment payer ses impôts locaux ? : \n Vous pouvez choisir le mode de paiement de vos taxes foncières, taxe d'habitation et contribution à l'audiovisuel public. Cependant, lorsque le montant de votre impôt dépasse  300 € , vous devez payer directement en ligne ou par prélèvements automatiques. \n \n\n\nImpôt de moins de 300 €: \n\nCas général: \n\nPayer directement en ligne\nDepuis votre ordinateur\nSur smartphone ou tablette\nTéléchargez l'application \"Impots.gouv\" qui vous permet de payer en flashant le code imprimé en bas à gauche de la première page de votre avis d'imposition.",
    "text_reader": "\n Vous pouvez choisir le mode de paiement de vos taxes foncières, taxe d'habitation et contribution à l'audiovisuel public. Cependant, lorsque le montant de votre impôt dépasse  300 € , vous devez payer directement en ligne ou par prélèvements automatiques. \n \n\n\n\n\n\n\nPayer directement en ligne\nDepuis votre ordinateur\nSur smartphone ou tablette\nTéléchargez l'application \"Impots.gouv\" qui vous permet de payer en flashant le code imprimé en bas à gauche de la première page de votre avis d'imposition.",
    "link": "https://www.service-public.fr/particuliers/vosdroits/F31686",
    "name": "F31686--impot-de-m-de-300-23--cas-genera-eneral-11--payer-dire--ligne-26.json",
    "arborescence": {
        "audience": "Particuliers",
        "theme": "Argent",
        "dossier": "Impôts locaux",
        "sous_dossier": "",
        "titre": "Comment payer ses impôts locaux ?"
    }
}