{
    "text": "Prud'hommes : qu'est-ce que l'indemnité forfaitaire de conciliation ? : \n\n\n\n\n\nLorsque le salarié conteste son licenciement au  conseil de prud'hommes (CPH) , il peut mettre fin au litige dès la procédure de conciliation, en accord avec l'entreprise qui l'a licencié.\nLe salarié licencié perçoit alors  une somme appelée  indemnité forfaitaire de conciliation .\nLe montant de cette indemnité est calculé à partir de la rémunération brute perçue par le salarié. Il est fixé en tenant d'un compte d'un barème, établi dans les conditions suivantes :\nAncienneté du salarié\nMontant de l'indemnité\nInférieure à 1 an\n2 mois de salaire\nEntre 1 an et moins de 8 ans\n3 mois de salaire pour 1 an, auxquels s'ajoutent 1 mois supplémentaire par année d'ancienneté\nEntre 8 ans et moins de 12 ans\n10 mois de salaire\nEntre 12 ans et moins de 15 ans\n12 mois de salaire\nEntre 15 ans et moins de 19 ans\n14 mois de salaire\nEntre 19 ans et moins de 23 ans\n16 mois de salaire\nEntre 23 ans et moins de 26 ans\n18 mois de salaire\nEntre 26 ans et moins de 30 ans\n20 mois de salaire\n30 ans ou plus\n24 mois de salaire\nCe barème  s'applique uniquement si le litige porte sur le licenciement du salarié. Il ne s'applique pas en cas de renvoi de l'audience devant le  bureau de jugement  du CPH, en l'absence d'accord entre les parties.\nl'indemnité forfaitaire de conciliation s'ajoute aux indemnités déjà versées ou restant dues au salarié (indemnité légale ou conventionnelle de  licenciement , indemnités compensatrices de  congés payés  et de  préavis , indemnité contractuelle de  non-concurrence  ...).",
    "text_reader": "\n\n\n\n\n\nLorsque le salarié conteste son licenciement au  conseil de prud'hommes (CPH) , il peut mettre fin au litige dès la procédure de conciliation, en accord avec l'entreprise qui l'a licencié.\nLe salarié licencié perçoit alors  une somme appelée  indemnité forfaitaire de conciliation .\nLe montant de cette indemnité est calculé à partir de la rémunération brute perçue par le salarié. Il est fixé en tenant d'un compte d'un barème, établi dans les conditions suivantes :\nAncienneté du salarié\nMontant de l'indemnité\nInférieure à 1 an\n2 mois de salaire\nEntre 1 an et moins de 8 ans\n3 mois de salaire pour 1 an, auxquels s'ajoutent 1 mois supplémentaire par année d'ancienneté\nEntre 8 ans et moins de 12 ans\n10 mois de salaire\nEntre 12 ans et moins de 15 ans\n12 mois de salaire\nEntre 15 ans et moins de 19 ans\n14 mois de salaire\nEntre 19 ans et moins de 23 ans\n16 mois de salaire\nEntre 23 ans et moins de 26 ans\n18 mois de salaire\nEntre 26 ans et moins de 30 ans\n20 mois de salaire\n30 ans ou plus\n24 mois de salaire\nCe barème  s'applique uniquement si le litige porte sur le licenciement du salarié. Il ne s'applique pas en cas de renvoi de l'audience devant le  bureau de jugement  du CPH, en l'absence d'accord entre les parties.\nl'indemnité forfaitaire de conciliation s'ajoute aux indemnités déjà versées ou restant dues au salarié (indemnité légale ou conventionnelle de  licenciement , indemnités compensatrices de  congés payés  et de  préavis , indemnité contractuelle de  non-concurrence  ...).",
    "link": "https://www.service-public.fr/particuliers/vosdroits/F31668",
    "name": "F31668.json",
    "arborescence": {
        "audience": "Particuliers",
        "theme": "Travail",
        "dossier": "Conflits du travail dans le secteur privé",
        "sous_dossier": "",
        "titre": "Prud'hommes : qu'est-ce que l'indemnité forfaitaire de conciliation ?"
    }
}