{
    "text": "Comment payer ses impôts locaux ? : \n Vous pouvez choisir le mode de paiement de vos taxes foncières, taxe d'habitation et contribution à l'audiovisuel public. Cependant, lorsque le montant de votre impôt dépasse  300 € , vous devez payer directement en ligne ou par prélèvements automatiques. \n \n\n\nImpôt de 300 à 1000 €: \n\nCas général: \n\nPar prélèvement\nLe prélèvement est effectué automatiquement 10 jours après la date limite de paiement de l'impôt figurant sur l'avis d'impôt.\nVous devez avoir un compte domicilié en France ou à Monaco. Ce compte peut être :\nun compte bancaire,\nun  livret A  sous réserve que cela soit prévu par votre banque.\nVous pouvez  souscrire au prélèvement  de plusieurs façons.",
    "text_reader": "\n Vous pouvez choisir le mode de paiement de vos taxes foncières, taxe d'habitation et contribution à l'audiovisuel public. Cependant, lorsque le montant de votre impôt dépasse  300 € , vous devez payer directement en ligne ou par prélèvements automatiques. \n \n\n\n\n\n\n\nPar prélèvement\nLe prélèvement est effectué automatiquement 10 jours après la date limite de paiement de l'impôt figurant sur l'avis d'impôt.\nVous devez avoir un compte domicilié en France ou à Monaco. Ce compte peut être :\nun compte bancaire,\nun  livret A  sous réserve que cela soit prévu par votre banque.\nVous pouvez  souscrire au prélèvement  de plusieurs façons.",
    "link": "https://www.service-public.fr/particuliers/vosdroits/F31686",
    "name": "F31686--impot-de-3-a-1000-21--cas-genera-eneral-11--par-prelev-vement-15.json",
    "arborescence": {
        "audience": "Particuliers",
        "theme": "Argent",
        "dossier": "Impôts locaux",
        "sous_dossier": "",
        "titre": "Comment payer ses impôts locaux ?"
    }
}