{
    "text": "Combien d'heures un salarié peut-il travailler en continu ? : \n\n\n\nSecteur des transports\nDes dispositions spécifiques sont applicables dans le secteur des transports.\nLa convention collective ou un accord collectif peuvent prévoir le remplacement de la période de pause par une période équivalente de repos compensateur attribuée, au plus tard, avant la fin de la journée suivante.",
    "text_reader": "\n\n\n\nSecteur des transports\nDes dispositions spécifiques sont applicables dans le secteur des transports.\nLa convention collective ou un accord collectif peuvent prévoir le remplacement de la période de pause par une période équivalente de repos compensateur attribuée, au plus tard, avant la fin de la journée suivante.",
    "link": "https://www.service-public.fr/particuliers/vosdroits/F316",
    "name": "F316--secteur-de-sports-22.json",
    "arborescence": {
        "audience": "Particuliers",
        "theme": "Travail",
        "dossier": "Temps de travail dans le secteur privé",
        "sous_dossier": "",
        "titre": "Combien d'heures un salarié peut-il travailler en continu ?"
    }
}