{
    "text": "Comment payer ses impôts locaux ? : \n Vous pouvez choisir le mode de paiement de vos taxes foncières, taxe d'habitation et contribution à l'audiovisuel public. Cependant, lorsque le montant de votre impôt dépasse  300 € , vous devez payer directement en ligne ou par prélèvements automatiques. \n \n\n\nImpôt de 300 à 1000 €: \n\nPar messagerie:  \t\t\tVia votre  messagerie sécurisée sur votre compte personnel  \n\n",
    "text_reader": "\n Vous pouvez choisir le mode de paiement de vos taxes foncières, taxe d'habitation et contribution à l'audiovisuel public. Cependant, lorsque le montant de votre impôt dépasse  300 € , vous devez payer directement en ligne ou par prélèvements automatiques. \n \n\n\n\n\n \t\t\tVia votre  messagerie sécurisée sur votre compte personnel  \n\n",
    "link": "https://www.service-public.fr/particuliers/vosdroits/F31686",
    "name": "F31686--impot-de-3-a-1000-21--par-messag-agerie-14.json",
    "arborescence": {
        "audience": "Particuliers",
        "theme": "Argent",
        "dossier": "Impôts locaux",
        "sous_dossier": "",
        "titre": "Comment payer ses impôts locaux ?"
    }
}