{
    "text": "Impôt sur le revenu - Pensions alimentaires reçues : \n Les pensions alimentaires et revenus assimilés que vous percevez  sont en principe soumis à l'impôt sur le revenu. Vous pouvez bénéficier cependant d'une exonération  totale ou partielle, en fonction de votre situation. \n \n\n\nContributions aux charges du mariage: \n\nDéclaration: Vous devez déclarer vous-même les contributions aux charges du mariage que vous avez reçues, car ces montants ne sont jamais inscrits sur la déclaration de revenus pré-remplie que vous envoie l'administration fiscale.\n\n papier\nLa période de déclaration 2020 des revenus est terminée. La déclaration 2021 des revenus de l'année 2020 aura lieu en avril 2021.",
    "text_reader": "\n Les pensions alimentaires et revenus assimilés que vous percevez  sont en principe soumis à l'impôt sur le revenu. Vous pouvez bénéficier cependant d'une exonération  totale ou partielle, en fonction de votre situation. \n \n\n\n\n\nVous devez déclarer vous-même les contributions aux charges du mariage que vous avez reçues, car ces montants ne sont jamais inscrits sur la déclaration de revenus pré-remplie que vous envoie l'administration fiscale.\n\nDéclaration papier\nLa période de déclaration 2020 des revenus est terminée. La déclaration 2021 des revenus de l'année 2020 aura lieu en avril 2021.",
    "link": "https://www.service-public.fr/particuliers/vosdroits/F3170",
    "name": "F3170--contributi-ariage-36--declaratio-ration-11--declaratio-papier-18.json",
    "arborescence": {
        "audience": "Particuliers",
        "theme": "Argent",
        "dossier": "Impôt sur le revenu : déclaration et revenus à déclarer",
        "sous_dossier": "Pensions, retraites et rentes imposables",
        "titre": "Impôt sur le revenu - Pensions alimentaires reçues"
    }
}