{
    "text": "Quel est le coût de la taxe régionale pour un permis de conduire ? : \n\n\n\n\n\nLa taxe régionale sur le permis de conduire, qui était à payer en Corse et dans certains départements d'outre-mer, est  supprimée depuis le 1 er  janvier 2020. \n",
    "text_reader": "\n\n\n\n\n\nLa taxe régionale sur le permis de conduire, qui était à payer en Corse et dans certains départements d'outre-mer, est  supprimée depuis le 1 er  janvier 2020. \n",
    "link": "https://www.service-public.fr/particuliers/vosdroits/F31845",
    "name": "F31845.json",
    "arborescence": {
        "audience": "Particuliers",
        "theme": "Transports",
        "dossier": "Permis de conduire",
        "sous_dossier": "",
        "titre": "Quel est le coût de la taxe régionale pour un permis de conduire ?"
    }
}