{
    "text": "Harcèlement scolaire - Violences scolaires - Provocation au suicide : \n Il y a harcèlement scolaire  quand un élève  fait subir à un autre, de manière répétée, des propos ou des comportements agressifs. La loi punit le harcèlement scolaire, mais aussi  les violences scolaires et la provocation  au suicide. Les victimes   peuvent alerter la direction de l'établissement scolaire et les associations. Elles peuvent aussi demander à la justice de condamner pénalement l'auteur du harcèlement et de réparer leur  préjudice. \n \n\n\nViolences scolaires: \n\nObtenir des conseils: La victime peut : appeler le service d'accueil des victimes Non au harcèlement, ou appeler  le service d'accueil des victimes de harcèlement en ligne Net écoute ou contacter une association du réseau d'aide aux victimes de violence scolaire France Victimes.  \t\t\tAccueil des jeunes ou des parents, victimes ou témoins de harcèlement à l’école Par téléphone  \t\t\t 3020    \t\t\tService ouvert tout au long de l'année du lundi au vendredi de 9h à 20h et le samedi de 9h à 18h, sauf les jours fériés Numéro vert : appel et service gratuit, depuis un téléphone fixe ou mobile  \t\t\tPour poser vos questions de façon anonyme et confidentielle sur le harcèlement en ligne (cyber-harcèlement). Par téléphone  \t\t\t 0800 200 000    \t\t\tOuvert du lundi au vendredi de 9h à 19h \t\t  \t\t\tAppel et service gratuit Par mail, chat, Messenger ou pour être rappelé Accès au  formulaire de contact  \n\n",
    "text_reader": "\n Il y a harcèlement scolaire  quand un élève  fait subir à un autre, de manière répétée, des propos ou des comportements agressifs. La loi punit le harcèlement scolaire, mais aussi  les violences scolaires et la provocation  au suicide. Les victimes   peuvent alerter la direction de l'établissement scolaire et les associations. Elles peuvent aussi demander à la justice de condamner pénalement l'auteur du harcèlement et de réparer leur  préjudice. \n \n\n\n\n\nLa victime peut : appeler le service d'accueil des victimes Non au harcèlement, ou appeler  le service d'accueil des victimes de harcèlement en ligne Net écoute ou contacter une association du réseau d'aide aux victimes de violence scolaire France Victimes.  \t\t\tAccueil des jeunes ou des parents, victimes ou témoins de harcèlement à l’école Par téléphone  \t\t\t 3020    \t\t\tService ouvert tout au long de l'année du lundi au vendredi de 9h à 20h et le samedi de 9h à 18h, sauf les jours fériés Numéro vert : appel et service gratuit, depuis un téléphone fixe ou mobile  \t\t\tPour poser vos questions de façon anonyme et confidentielle sur le harcèlement en ligne (cyber-harcèlement). Par téléphone  \t\t\t 0800 200 000    \t\t\tOuvert du lundi au vendredi de 9h à 19h \t\t  \t\t\tAppel et service gratuit Par mail, chat, Messenger ou pour être rappelé Accès au  formulaire de contact  \n\n",
    "link": "https://www.service-public.fr/particuliers/vosdroits/F31985",
    "name": "F31985--violences--laires-19--obtenir-de-nseils-20.json",
    "arborescence": {
        "audience": "Particuliers",
        "theme": "Justice",
        "dossier": "Mineur victime",
        "sous_dossier": "",
        "titre": "Harcèlement scolaire - Violences scolaires - Provocation au suicide"
    }
}