{
    "text": "Diffamation : \n La diffamation est une allégation ou l'imputation d'un fait qui porte atteinte à l'honneur et à la considération d'une personne. La diffamation peut être raciste, sexiste, homophobe. Elle relève d'une procédure spécifique permettant de protéger la liberté d'expression. \n \n\n\n\n\nPorter plainte: \n\nDiffamation publique\nSi la diffamation a des motifs racistes, sexistes, homophobes ou à l'encontre des handicapés, le délai  de  prescription  est  d'1 an .\nPar exemple, si une personne est accusée d'avoir commis un vol parce qu'elle est originaire de tel pays.",
    "text_reader": "\n La diffamation est une allégation ou l'imputation d'un fait qui porte atteinte à l'honneur et à la considération d'une personne. La diffamation peut être raciste, sexiste, homophobe. Elle relève d'une procédure spécifique permettant de protéger la liberté d'expression. \n \n\n\n\n\n\n\nDiffamation publique\nSi la diffamation a des motifs racistes, sexistes, homophobes ou à l'encontre des handicapés, le délai  de  prescription  est  d'1 an .\nPar exemple, si une personne est accusée d'avoir commis un vol parce qu'elle est originaire de tel pays.",
    "link": "https://www.service-public.fr/particuliers/vosdroits/F32079",
    "name": "F32079--porter-pla-lainte-14--diffamatio-blique-20.json",
    "arborescence": {
        "audience": "Particuliers",
        "theme": "Justice",
        "dossier": "Injure - Diffamation - Incitation à la haine",
        "sous_dossier": "",
        "titre": "Diffamation"
    }
}