{
    "text": "Peut-on conduire en métropole avec un permis délivré en outre-mer ? : \n La situation est différente selon que vous avez obtenu votre permis dans un  Dom , une  Com  ou en Nouvelle-Calédonie. \n \n\n\nPermis obtenu dans un Dom: \n\nOui, vous pouvez conduire en métropole avec un permis de conduire en cours de validité obtenu dans un Dom.\n\n",
    "text_reader": "\n La situation est différente selon que vous avez obtenu votre permis dans un  Dom , une  Com  ou en Nouvelle-Calédonie. \n \n\n\n\n\nOui, vous pouvez conduire en métropole avec un permis de conduire en cours de validité obtenu dans un Dom.\n\n",
    "link": "https://www.service-public.fr/particuliers/vosdroits/F32134",
    "name": "F32134--permis-obt-un-dom-25.json",
    "arborescence": {
        "audience": "Particuliers",
        "theme": "Transports",
        "dossier": "Conduire en France avec un permis étranger",
        "sous_dossier": "",
        "titre": "Peut-on conduire en métropole avec un permis délivré en outre-mer ?"
    }
}