{
    "text": "Comment empêcher mon enfant mineur de partir seul à l'étranger ? : \n Lorsqu'un parent craint que son enfant mineur parte seul à  l'étranger vers des zones de conflit armé (djihadisme), il peut demander une opposition à la sortie du territoire (OST). L'enfant ne peut alors plus sortir de France sans l'un des ses parents. \n \n\n\n\n\nSur internet: Accès au  service en ligne  \n\n",
    "text_reader": "\n Lorsqu'un parent craint que son enfant mineur parte seul à  l'étranger vers des zones de conflit armé (djihadisme), il peut demander une opposition à la sortie du territoire (OST). L'enfant ne peut alors plus sortir de France sans l'un des ses parents. \n \n\n\n\n\nAccès au  service en ligne  \n\n",
    "link": "https://www.service-public.fr/particuliers/vosdroits/F32114",
    "name": "F32114--sur-intern-ternet-12.json",
    "arborescence": {
        "audience": "Particuliers",
        "theme": "Famille",
        "dossier": "Autorité parentale",
        "sous_dossier": "",
        "titre": "Comment empêcher mon enfant mineur de partir seul à l'étranger ?"
    }
}