{
    "text": "Maladie professionnelle : indemnisation des ayants droit du salarié décédé : \n Vous pouvez percevoir, sous conditions, une rente de la sécurité sociale si vous êtes  ayant droit  d'un salarié dont la maladie professionnelle a entraîné son décès. \n \n\n\nAscendant: \n\nPaiement: \n\nCas général\nLa rente  est versée à partir du lendemain du décès.\nElle est versée chaque trimestre.",
    "text_reader": "\n Vous pouvez percevoir, sous conditions, une rente de la sécurité sociale si vous êtes  ayant droit  d'un salarié dont la maladie professionnelle a entraîné son décès. \n \n\n\n\n\n\n\nCas général\nLa rente  est versée à partir du lendemain du décès.\nElle est versée chaque trimestre.",
    "link": "https://www.service-public.fr/particuliers/vosdroits/F32172",
    "name": "F32172--ascendant-endant-9--paiement-iement-8--cas-genera-eneral-11.json",
    "arborescence": {
        "audience": "Particuliers",
        "theme": "Famille",
        "dossier": "Rentes et capitaux versés en cas de décès",
        "sous_dossier": "Rentes",
        "titre": "Maladie professionnelle : indemnisation des ayants droit du salarié décédé"
    }
}