{
    "text": "Comment calculer le délai de préavis en cas de congé donné par un locataire ? : \n Le locataire qui donne congé doit respecter un préavis, dont le délai débute le jour où le destinataire reçoit effectivement la lettre de congé. \n \n\n\nLogement vide: \n\nDélai de préavis: La durée du  délai de préavis varie selon que le logement quitté se situe en zone tendue ou non. Vous pouvez vérifier si votre logement est situé en zone tendue :\n\nLocataire victime de violence au sein du couple ou sur l'enfant vivant habituellement avec lui\nUn préavis de  1 mois  s'applique dans l'une des situations suivantes :\nLe locataire est bénéficiaire d'une ordonnance de protection\nSon époux (ou partenaire de Pacs ou concubin) fait l'objet de poursuites ou d'une procédure alternative aux poursuites ou d'une condamnation (définitive ou non)",
    "text_reader": "\n Le locataire qui donne congé doit respecter un préavis, dont le délai débute le jour où le destinataire reçoit effectivement la lettre de congé. \n \n\n\n\n\nLa durée du  délai de préavis varie selon que le logement quitté se situe en zone tendue ou non. Vous pouvez vérifier si votre logement est situé en zone tendue :\n\nLocataire victime de violence au sein du couple ou sur l'enfant vivant habituellement avec lui\nUn préavis de  1 mois  s'applique dans l'une des situations suivantes :\nLe locataire est bénéficiaire d'une ordonnance de protection\nSon époux (ou partenaire de Pacs ou concubin) fait l'objet de poursuites ou d'une procédure alternative aux poursuites ou d'une condamnation (définitive ou non)",
    "link": "https://www.service-public.fr/particuliers/vosdroits/F32360",
    "name": "F32360--logement-v-t-vide-13--delai-de-p-reavis-16--locataire--ec-lui-94.json",
    "arborescence": {
        "audience": "Particuliers",
        "theme": "Logement",
        "dossier": "Location immobilière : fin du bail",
        "sous_dossier": "",
        "titre": "Comment calculer le délai de préavis en cas de congé donné par un locataire ?"
    }
}