{
    "text": "Contrainte pénale : \n La contrainte pénale est une sanction  alternative à la prison. Elle permet d'avoir un suivi et un encadrement renforcés du condamné,   en tenant compte  de sa personnalité et de la gravité des faits. Le dispositif permet au condamné  de rester à l'extérieur de la prison, tout en étant soumis à des  obligations et/ou interdictions qui limitent sa liberté. À  partir du 24 mars 2020, la contrainte pénale est remplacée par le sursis probatoire. \n \n\n\n\n\nEffets: \n\nAutre situation\nSi le tribunal ne possède pas assez d'éléments sur le condamné,  les obligations et interdictions ne sont pas fixées au moment du procès. Le condamné reste libre et est évalué par le service pénitentiaire d'insertion et de probation. À partir de cette évaluation, le juge d'application des peines choisit  les différentes obligations dans les 4 mois suivant la condamnation.",
    "text_reader": "\n La contrainte pénale est une sanction  alternative à la prison. Elle permet d'avoir un suivi et un encadrement renforcés du condamné,   en tenant compte  de sa personnalité et de la gravité des faits. Le dispositif permet au condamné  de rester à l'extérieur de la prison, tout en étant soumis à des  obligations et/ou interdictions qui limitent sa liberté. À  partir du 24 mars 2020, la contrainte pénale est remplacée par le sursis probatoire. \n \n\n\n\n\n\n\nAutre situation\nSi le tribunal ne possède pas assez d'éléments sur le condamné,  les obligations et interdictions ne sont pas fixées au moment du procès. Le condamné reste libre et est évalué par le service pénitentiaire d'insertion et de probation. À partir de cette évaluation, le juge d'application des peines choisit  les différentes obligations dans les 4 mois suivant la condamnation.",
    "link": "https://www.service-public.fr/particuliers/vosdroits/F32312",
    "name": "F32312--effets-effets-6--autre-situ-uation-15.json",
    "arborescence": {
        "audience": "Particuliers",
        "theme": "Justice",
        "dossier": "Condamnations et peines",
        "sous_dossier": "Peines principales et complémentaires",
        "titre": "Contrainte pénale"
    }
}