{
    "text": "Un accord ou un plan sur la prévention de la pénibilité est-il obligatoire ? : \n Oui, cette obligation concerne certaines entreprises. L'objectif de l'accord ou du plan d'action est de réduire, voire d'éliminer, le nombre de salariés exposés à des facteurs de pénibilité. L'accord ou le plan doit prévoir  des mesures de prévention, ainsi que le suivi de leur mise en œuvre. Déposé auprès de la  Direccte , il est conclu pour 3 ans maximum. \n \n\n\n\n\nQue contient l'accord ou le plan ?: \n\n\nThématiques traitées\nL'accord (d'entreprise ou de groupe ou de branche étendu) ou le plan d'action (d'entreprise ou de groupe) doit traiter au moins 2 thèmes parmi les suivants :\nRéduction des polyexpositions aux facteurs de pénibilité au-delà des seuils prévus\nAdaptation et l'aménagement du poste de travail\nRéduction des expositions aux facteurs de risques professionnels\nL'accord ou le plan doit traiter également au moins 2 des thèmes suivants :\nAmélioration des conditions de travail, notamment sur le plan organisationnel\nDéveloppement des compétences et des qualifications \nAménagement des fins de carrière \nMaintien en activité des salariés exposés aux facteurs de risques professionnels\nChaque thème retenu est assorti d'objectifs chiffrés et d'indicateurs de réalisation. Ces indicateurs sont communiqués au minimum une fois par an au    comité social et économique (CSE)  (ex-CHSCT, ex-DP)\nMesures de prévention et suivi\nL'accord ou le plan doit prévoir notamment :\ndes mesures de prévention (par exemple, l'adaptation et l'aménagement du poste de travail)\net le suivi de la mise en œuvre de ces mesures.\nLes entreprises et les branches ont le libre choix de la démarche de suivi de leurs accords ou plans d'action.\nIl est possible de mettre en place une commission de suivi, d'établir un calendrier et des échéances ou de faire un état des lieux régulier de la situation de la pénibilité dans l'entreprise.",
    "text_reader": "\n Oui, cette obligation concerne certaines entreprises. L'objectif de l'accord ou du plan d'action est de réduire, voire d'éliminer, le nombre de salariés exposés à des facteurs de pénibilité. L'accord ou le plan doit prévoir  des mesures de prévention, ainsi que le suivi de leur mise en œuvre. Déposé auprès de la  Direccte , il est conclu pour 3 ans maximum. \n \n\n\n\n\n\n\nQue contient l'accord ou le plan ?\nThématiques traitées\nL'accord (d'entreprise ou de groupe ou de branche étendu) ou le plan d'action (d'entreprise ou de groupe) doit traiter au moins 2 thèmes parmi les suivants :\nRéduction des polyexpositions aux facteurs de pénibilité au-delà des seuils prévus\nAdaptation et l'aménagement du poste de travail\nRéduction des expositions aux facteurs de risques professionnels\nL'accord ou le plan doit traiter également au moins 2 des thèmes suivants :\nAmélioration des conditions de travail, notamment sur le plan organisationnel\nDéveloppement des compétences et des qualifications \nAménagement des fins de carrière \nMaintien en activité des salariés exposés aux facteurs de risques professionnels\nChaque thème retenu est assorti d'objectifs chiffrés et d'indicateurs de réalisation. Ces indicateurs sont communiqués au minimum une fois par an au    comité social et économique (CSE)  (ex-CHSCT, ex-DP)\nMesures de prévention et suivi\nL'accord ou le plan doit prévoir notamment :\ndes mesures de prévention (par exemple, l'adaptation et l'aménagement du poste de travail)\net le suivi de la mise en œuvre de ces mesures.\nLes entreprises et les branches ont le libre choix de la démarche de suivi de leurs accords ou plans d'action.\nIl est possible de mettre en place une commission de suivi, d'établir un calendrier et des échéances ou de faire un état des lieux régulier de la situation de la pénibilité dans l'entreprise.",
    "link": "https://www.service-public.fr/particuliers/vosdroits/F32459",
    "name": "F32459--que-contie-e-plan-34.json",
    "arborescence": {
        "audience": "Particuliers",
        "theme": "Travail",
        "dossier": "Conditions de travail dans le secteur privé",
        "sous_dossier": "",
        "titre": "Un accord ou un plan sur la prévention de la pénibilité est-il obligatoire ?"
    }
}