{
    "text": "Apologie du terrorisme - Provocation au terrorisme : \n L'apologie du terrorisme et la provocation directe au terrorisme sont des délits. L'apologie du terrorisme  consiste à présenter ou à commenter favorablement  des actes terroristes. La provocation directe au terrorisme est l'incitation  à commettre des actes terroristes.Toute personne peut signaler aux forces de l'ordre des propos constitutifs de l'un de ces délits tenus sur internet. La police peut ordonner le blocage de l'accès aux   sites internet sur lesquels sont publiés de tels propos. \n \n\n\n\n\nPeines encourues: Les sanctions sont les mêmes pour l'apologie et la provocation. La peine encourue est de  : 5 ans de prison, et  75 000 €  d'amende Si les faits ont été commis via internet, la peine encourue est de  : 7 ans de prison, et  100 000 €  d'amende.\n\n",
    "text_reader": "\n L'apologie du terrorisme et la provocation directe au terrorisme sont des délits. L'apologie du terrorisme  consiste à présenter ou à commenter favorablement  des actes terroristes. La provocation directe au terrorisme est l'incitation  à commettre des actes terroristes.Toute personne peut signaler aux forces de l'ordre des propos constitutifs de l'un de ces délits tenus sur internet. La police peut ordonner le blocage de l'accès aux   sites internet sur lesquels sont publiés de tels propos. \n \n\n\n\n\nLes sanctions sont les mêmes pour l'apologie et la provocation. La peine encourue est de  : 5 ans de prison, et  75 000 €  d'amende Si les faits ont été commis via internet, la peine encourue est de  : 7 ans de prison, et  100 000 €  d'amende.\n\n",
    "link": "https://www.service-public.fr/particuliers/vosdroits/F32512",
    "name": "F32512--peines-enc-ourues-16.json",
    "arborescence": {
        "audience": "Particuliers",
        "theme": "Justice",
        "dossier": "Injure - Diffamation - Incitation à la haine",
        "sous_dossier": "",
        "titre": "Apologie du terrorisme - Provocation au terrorisme"
    }
}