{
    "text": "Que signifient les codes ajoutés sur le permis B ? : \n\n\n\nExtension du permis B (code 96): La mention additionnelle  96  au permis B est nécessaire lorsque : le  PTAC  de la remorque est supérieur à 750 kg, et que le PTAC de l'ensemble voiture + remorque est supérieur à  3 500 kg et ne dépasse pas 4 250 kg. Pour obtenir cette mention, il faut suivre une formation de 7 heures. La formation comprend une séquence hors circulation (HC) et une séquence en circulation (CIR). La formation est assurée par une auto école ou par une association d'insertion ou de réinsertion sociale ou professionnelle agréée. À la fin de cette formation, vous recevez une attestation. Cette attestation  n'autorise pas à conduire. Seul l'ajout de la mention additionnelle 96 sur la catégorie B du permis de conduire vous donne le droit de conduire les véhicules qui relèvent de cette catégorie. C'est l'auto école ou l'association agréée qui fait la demande de cet ajout.\n\n",
    "text_reader": "\n\n\n\nLa mention additionnelle  96  au permis B est nécessaire lorsque : le  PTAC  de la remorque est supérieur à 750 kg, et que le PTAC de l'ensemble voiture + remorque est supérieur à  3 500 kg et ne dépasse pas 4 250 kg. Pour obtenir cette mention, il faut suivre une formation de 7 heures. La formation comprend une séquence hors circulation (HC) et une séquence en circulation (CIR). La formation est assurée par une auto école ou par une association d'insertion ou de réinsertion sociale ou professionnelle agréée. À la fin de cette formation, vous recevez une attestation. Cette attestation  n'autorise pas à conduire. Seul l'ajout de la mention additionnelle 96 sur la catégorie B du permis de conduire vous donne le droit de conduire les véhicules qui relèvent de cette catégorie. C'est l'auto école ou l'association agréée qui fait la demande de cet ajout.\n\n",
    "link": "https://www.service-public.fr/particuliers/vosdroits/F32927",
    "name": "F32927--extension--ode-96-31.json",
    "arborescence": {
        "audience": "Particuliers",
        "theme": "Transports",
        "dossier": "Permis de conduire",
        "sous_dossier": "",
        "titre": "Que signifient les codes ajoutés sur le permis B ?"
    }
}