{
    "text": "Je me sépare : \n\nPacs: \n\nProtection sociale: \n\n\nAssurance maladie\nSi vous étiez  l'ayant-droit  de votre partenaire de Pacs, vous devez demander votre affiliation pour la  protection universelle maladie (Puma ).\nMinima sociaux\nSi vous percevez une allocation ou d'un revenu de solidarité, vous devez avertir l'organisme gestionnaire   du  changement de votre situation, ce qui donnera lieu à un recalcul de vos droits, dans les cas suivants :\n\n revenu de solidarité active (RSA) ,\n\n allocation de solidarité spécifique (ASS) ,\n\n allocation équivalent retraite (AER) ,\n\n allocation de solidarité aux personnes âgées (Aspa) ,\n\n allocation adultes handicapés (AAH) .",
    "text_reader": "\n\n\n\n\n\nProtection sociale\nAssurance maladie\nSi vous étiez  l'ayant-droit  de votre partenaire de Pacs, vous devez demander votre affiliation pour la  protection universelle maladie (Puma ).\nMinima sociaux\nSi vous percevez une allocation ou d'un revenu de solidarité, vous devez avertir l'organisme gestionnaire   du  changement de votre situation, ce qui donnera lieu à un recalcul de vos droits, dans les cas suivants :\n\n revenu de solidarité active (RSA) ,\n\n allocation de solidarité spécifique (ASS) ,\n\n allocation équivalent retraite (AER) ,\n\n allocation de solidarité aux personnes âgées (Aspa) ,\n\n allocation adultes handicapés (AAH) .",
    "link": "https://www.service-public.fr/particuliers/vosdroits/F33362",
    "name": "F33362--pacs-pacs-4--protection-ociale-18.json",
    "arborescence": {
        "audience": "Particuliers",
        "theme": "",
        "dossier": "Comment faire si...",
        "sous_dossier": "",
        "titre": "Je me sépare"
    }
}