{
    "text": "Complément de libre choix du mode de garde (CMG) - Micro-crèche : \n Le complément de libre choix du mode de garde (CMG) fait partie de la prestation d'accueil du jeune enfant (Paje). Il s'agit d'une prise en charge partielle des frais de garde en micro-crèche. Son montant varie selon le nombre d'enfants à charge, l'âge de votre enfant et vos ressources. Un minimum de  15 %    des frais restera à votre charge. \n \n\n\n\n\nDemande: L'attestation en page 2 du formulaire est à compléter par la micro-crèche. La demande est à adresser à la Caf (ou la MSA) le 1 er  mois d'accueil de l'enfant (y compris période d'essai ou d'adaptation). Vous avez droit au CMG à partir du mois de réception de la demande par la Caf (ou la MSA). Pour percevoir le CMG, il faut fournir tous les mois un des documents suivants : Attestation CMG  micro-crèche  complétée que la Caf (ou la MSA) adresse mensuellement à la famille (à remplir par la famille et la micro-crèche) Facture de la micro-crèche acquittée par la famille (complétée du numéro d'allocataire) certaines micro-crèches reçoivent un financement direct de la Caf (ou de la MSA). Dans ce cas, vous bénéficiez d'un tarif préférentiel (calculé d'après vos ressources et selon un barème).\n\nVous êtes déjà allocataire\nVous pouvez créer un compte et faire la demande en ligne :",
    "text_reader": "\n Le complément de libre choix du mode de garde (CMG) fait partie de la prestation d'accueil du jeune enfant (Paje). Il s'agit d'une prise en charge partielle des frais de garde en micro-crèche. Son montant varie selon le nombre d'enfants à charge, l'âge de votre enfant et vos ressources. Un minimum de  15 %    des frais restera à votre charge. \n \n\n\n\n\nL'attestation en page 2 du formulaire est à compléter par la micro-crèche. La demande est à adresser à la Caf (ou la MSA) le 1 er  mois d'accueil de l'enfant (y compris période d'essai ou d'adaptation). Vous avez droit au CMG à partir du mois de réception de la demande par la Caf (ou la MSA). Pour percevoir le CMG, il faut fournir tous les mois un des documents suivants : Attestation CMG  micro-crèche  complétée que la Caf (ou la MSA) adresse mensuellement à la famille (à remplir par la famille et la micro-crèche) Facture de la micro-crèche acquittée par la famille (complétée du numéro d'allocataire) certaines micro-crèches reçoivent un financement direct de la Caf (ou de la MSA). Dans ce cas, vous bénéficiez d'un tarif préférentiel (calculé d'après vos ressources et selon un barème).\n\nVous êtes déjà allocataire\nVous pouvez créer un compte et faire la demande en ligne :",
    "link": "https://www.service-public.fr/particuliers/vosdroits/F33648",
    "name": "F33648--demande-emande-7--vous-etes--ataire-26.json",
    "arborescence": {
        "audience": "Particuliers",
        "theme": "Famille",
        "dossier": "Allocations destinées aux familles",
        "sous_dossier": "Enfant gardé par un tiers",
        "titre": "Complément de libre choix du mode de garde (CMG) - Micro-crèche"
    }
}