{
    "text": "Dans quels cas doit-on entreprendre des travaux d'isolation thermique ? : \n L'isolation thermique d'un bâtiment existant est obligatoire dès lors que vous engagez de gros travaux de rénovation. Il peut s'agir du ravalement des parois de locaux chauffés donnant sur l'extérieur, de la transformation d'un garage en pièce d'habitation ou de travaux lourds de réfection de toiture. Il existe cependant des cas de dispense. \n \n\n\n\n\nDérogations: Les dérogations à l'obligation d'isolation thermique concernent uniquement les travaux de ravalement et de réfection de toiture. Vous pouvez  être dispensé de réaliser des travaux d'isolation thermique pour des impossibilités techniques ou juridiques dans les cas suivants : Risque de dégradation du bâti lié à l'isolant Risque de non-conformité des travaux avec des   servitudes  ou des règles relatives au droit des sols (hauteur ou emprise au sol par exemple), au droit de propriété (empiétement d'une isolation par l'extérieur sur la propriété voisine par exemple) ou à l'aspect des façades ou à leur implantation Modification de l'état des parties extérieures ou des éléments d'architecture et de décoration en contradiction avec les règles prévues par les  sites patrimoniaux remarquables  classés Bâtiment ayant obtenu le label   Architecture contemporaine remarquable   Vous pouvez également être dispensé de ces travaux d'isolation s'il existe une disproportion entre les avantages de l'isolation et ses inconvénients de nature technique, économique ou architecturale. Les inconvénients de nature  technique  doivent être attestés par une note argumentée d'un professionnel du bâtiment. Les inconvénients de nature  économique  doivent être justifiés par une note établie par un professionnel du bâtiment. Ils peuvent également être justifiés par un document produit par le maître d'ouvrage établissant que le temps de retour sur investissement est supérieur à 10 ans. Les inconvénients de nature  architecturale  doivent être confirmés par une note argumentée d'un architecte.\n\n",
    "text_reader": "\n L'isolation thermique d'un bâtiment existant est obligatoire dès lors que vous engagez de gros travaux de rénovation. Il peut s'agir du ravalement des parois de locaux chauffés donnant sur l'extérieur, de la transformation d'un garage en pièce d'habitation ou de travaux lourds de réfection de toiture. Il existe cependant des cas de dispense. \n \n\n\n\n\nLes dérogations à l'obligation d'isolation thermique concernent uniquement les travaux de ravalement et de réfection de toiture. Vous pouvez  être dispensé de réaliser des travaux d'isolation thermique pour des impossibilités techniques ou juridiques dans les cas suivants : Risque de dégradation du bâti lié à l'isolant Risque de non-conformité des travaux avec des   servitudes  ou des règles relatives au droit des sols (hauteur ou emprise au sol par exemple), au droit de propriété (empiétement d'une isolation par l'extérieur sur la propriété voisine par exemple) ou à l'aspect des façades ou à leur implantation Modification de l'état des parties extérieures ou des éléments d'architecture et de décoration en contradiction avec les règles prévues par les  sites patrimoniaux remarquables  classés Bâtiment ayant obtenu le label   Architecture contemporaine remarquable   Vous pouvez également être dispensé de ces travaux d'isolation s'il existe une disproportion entre les avantages de l'isolation et ses inconvénients de nature technique, économique ou architecturale. Les inconvénients de nature  technique  doivent être attestés par une note argumentée d'un professionnel du bâtiment. Les inconvénients de nature  économique  doivent être justifiés par une note établie par un professionnel du bâtiment. Ils peuvent également être justifiés par un document produit par le maître d'ouvrage établissant que le temps de retour sur investissement est supérieur à 10 ans. Les inconvénients de nature  architecturale  doivent être confirmés par une note argumentée d'un architecte.\n\n",
    "link": "https://www.service-public.fr/particuliers/vosdroits/F33682",
    "name": "F33682--derogation-ations-11.json",
    "arborescence": {
        "audience": "Particuliers",
        "theme": "Logement",
        "dossier": "Travaux",
        "sous_dossier": "",
        "titre": "Dans quels cas doit-on entreprendre des travaux d'isolation thermique ?"
    }
}