{
    "text": "RSA jeunes parents : \n Si vous êtes  enceinte ou si vous avez  déjà  un enfant à charge, vous pouvez  percevoir le  RSA  sous certaines conditions. Il n'est pas nécessaire d'être âgé de plus de 25 ans. Le calcul du montant dépend des ressources et de la composition du foyer. Pour obtenir le RSA, il est nécessaire de faire une 1ère demande, puis d'actualiser la situation tous les trimestres. La procédure varie en fonction de la caisse d'affiliation (Caf ou CMSA). \n \n\n\nCas général (Caf): \n\nCalcul du montant du RSA: Vous pouvez estimer vos droits à l'aide du simulateur de calcul.\n\nFamille monoparentale\nNombre d'enfant/personne  à charge \n\n\nPersonne seule\nParent isolé\n0 (femme isolée enceinte)\n\n 725,24 € \n\n1\n\n 847,17 € \n\n\n 966,99 € \n\n2\n\n 1 016,60 € \n\n\n 1 208,74 € \n\nPar enfant ou personne à charge supplémentaire\n\n 225,91 € \n\n\n 241,74 € \n\nVous êtes considéré comme parent isolé si vous êtes une femme enceinte  ou  si vous avez au moins 1 enfant ou personne à charge  et  que vous vous retrouvez seul(e) suite à un événement de vie  (par exemple, décès, séparation, etc...).\nVous pouvez alors bénéficier d'une augmentation du montant du RSA. Cette augmentation est aussi appelée  majoration .\nLa durée de cette majoration varie en fonction  de la date de survenue de l'événement :\nSi l’événement intervient après les 3 ans de l'enfant  à charge, la majoration dure 12 mois et doit être versée durant les 18 mois qui suivent la date de l’événement. Il convient donc de déclarer ce type d'événement à votre  Caf  dans un délai de 6 mois après sa survenue.\nSi l'événement intervient avant les 3 ans de l'enfant à charge, la majoration dure jusqu'à ses 3 ans.",
    "text_reader": "\n Si vous êtes  enceinte ou si vous avez  déjà  un enfant à charge, vous pouvez  percevoir le  RSA  sous certaines conditions. Il n'est pas nécessaire d'être âgé de plus de 25 ans. Le calcul du montant dépend des ressources et de la composition du foyer. Pour obtenir le RSA, il est nécessaire de faire une 1ère demande, puis d'actualiser la situation tous les trimestres. La procédure varie en fonction de la caisse d'affiliation (Caf ou CMSA). \n \n\n\n\n\nVous pouvez estimer vos droits à l'aide du simulateur de calcul.\n\nFamille monoparentale\nNombre d'enfant/personne  à charge \n\n\nPersonne seule\nParent isolé\n0 (femme isolée enceinte)\n\n 725,24 € \n\n1\n\n 847,17 € \n\n\n 966,99 € \n\n2\n\n 1 016,60 € \n\n\n 1 208,74 € \n\nPar enfant ou personne à charge supplémentaire\n\n 225,91 € \n\n\n 241,74 € \n\nVous êtes considéré comme parent isolé si vous êtes une femme enceinte  ou  si vous avez au moins 1 enfant ou personne à charge  et  que vous vous retrouvez seul(e) suite à un événement de vie  (par exemple, décès, séparation, etc...).\nVous pouvez alors bénéficier d'une augmentation du montant du RSA. Cette augmentation est aussi appelée  majoration .\nLa durée de cette majoration varie en fonction  de la date de survenue de l'événement :\nSi l’événement intervient après les 3 ans de l'enfant  à charge, la majoration dure 12 mois et doit être versée durant les 18 mois qui suivent la date de l’événement. Il convient donc de déclarer ce type d'événement à votre  Caf  dans un délai de 6 mois après sa survenue.\nSi l'événement intervient avant les 3 ans de l'enfant à charge, la majoration dure jusqu'à ses 3 ans.",
    "link": "https://www.service-public.fr/particuliers/vosdroits/F33692",
    "name": "F33692--cas-genera-al-caf-17--calcul-du--du-rsa-24--famille-mo-entale-21.json",
    "arborescence": {
        "audience": "Particuliers",
        "theme": "Social - Santé",
        "dossier": "Revenu de solidarité active (RSA)",
        "sous_dossier": "",
        "titre": "RSA jeunes parents"
    }
}