{
    "text": "Carte d'identité perdue ou volée : comment acheter un timbre fiscal ? : \n Accessible avec un compte ANTS ou via FranceConnect \n Se munir de ses identifiants \n \n\n\nEn France (cas général): \n\nVotre carte d'identité a été perdue ou volée ? Dans ce cas, son renouvellement sera payant. Le prix est de  25 € . Vous pouvez acheter le timbre fiscal sur internet ou dans un bureau de tabac.\n\nDans un bureau de tabac\nVous pouvez acheter un timbre fiscal dans un bureau de tabac s'il est équipé de l'application  Point de vente agréé \n",
    "text_reader": "\n Accessible avec un compte ANTS ou via FranceConnect \n Se munir de ses identifiants \n \n\n\n\n\nVotre carte d'identité a été perdue ou volée ? Dans ce cas, son renouvellement sera payant. Le prix est de  25 € . Vous pouvez acheter le timbre fiscal sur internet ou dans un bureau de tabac.\n\nDans un bureau de tabac\nVous pouvez acheter un timbre fiscal dans un bureau de tabac s'il est équipé de l'application  Point de vente agréé \n",
    "link": "https://www.service-public.fr/particuliers/vosdroits/F33805",
    "name": "F33805--en-france--eneral-23--dans-un-bu--tabac-23.json",
    "arborescence": {
        "audience": "Particuliers",
        "theme": "Papiers - Citoyenneté",
        "dossier": "Carte d'identité",
        "sous_dossier": "",
        "titre": "Carte d'identité perdue ou volée : comment acheter un timbre fiscal ?"
    }
}