{
    "text": "Agression sexuelle sur une personne majeure : \n L'agression sexuelle est une atteinte sexuelle commise sans le consentement clair et explicite de la victime. Par exemple, des attouchements. La victime peut bénéficier du soutien de différentes structures. \n \n\n\n\n\nContacter la police/gendarmerie par messagerie instantanée: Une  messagerie instantanée (chat) vous permet de dialoguer  avec un personnel de police ou de gendarmerie. À tout moment, l'historique de  discussion pourra être effacé de votre ordinateur, téléphone portable ou tablette.\n\n",
    "text_reader": "\n L'agression sexuelle est une atteinte sexuelle commise sans le consentement clair et explicite de la victime. Par exemple, des attouchements. La victime peut bénéficier du soutien de différentes structures. \n \n\n\n\n\nUne  messagerie instantanée (chat) vous permet de dialoguer  avec un personnel de police ou de gendarmerie. À tout moment, l'historique de  discussion pourra être effacé de votre ordinateur, téléphone portable ou tablette.\n\n",
    "link": "https://www.service-public.fr/particuliers/vosdroits/F33891",
    "name": "F33891--contacter--ntanee-58.json",
    "arborescence": {
        "audience": "Particuliers",
        "theme": "Justice",
        "dossier": "Violence - Atteinte à l'intégrité",
        "sous_dossier": "",
        "titre": "Agression sexuelle sur une personne majeure"
    }
}