{
    "text": "Impôt sur le revenu : faut-il déclarer les revenus du covoiturage ? : \n Si vous faites du covoiturage dans le cadre d'un déplacement pour votre propre compte et que le prix partagé n'excède pas les frais engagés, vous n'avez pas à déclarer ces revenus. Sinon, les revenus issus du covoiturage sont imposés selon le régime micro BIC ou réel. \n \n\n\nTransports de passagers contre un revenu: \n\nLes revenus tirés de votre activité de covoiturage sont imposables si vous êtes dans l'un des cas suivants : Vous n'effectuez pas le déplacement pour votre propre compte Le tarif proposé est supérieur aux frais engagés Vous ne prenez pas une partie des dépenses du déplacement à votre charge. Vous devez alors déclarer vos recettes à l'administration fiscale.\n\nRégime micro-BIC\nSi vos recettes annuelles ne dépassent pas  70 000 € , le régime  micro-BIC  (micro-entreprise) s'applique.\nLe bénéfice imposable est égal aux recettes diminuées d'un   abattement  forfaitaire pour frais de  50 % . Les charges ne peuvent pas être déduites.\nDéclarez vos recettes en ligne ou sur la déclaration complémentaire d'impôt sur le revenu n°2042 C PRO.\nsi vos recettes sont inférieures à  305 € , vous ne paierez aucun impôt.",
    "text_reader": "\n Si vous faites du covoiturage dans le cadre d'un déplacement pour votre propre compte et que le prix partagé n'excède pas les frais engagés, vous n'avez pas à déclarer ces revenus. Sinon, les revenus issus du covoiturage sont imposés selon le régime micro BIC ou réel. \n \n\n\n\n\nLes revenus tirés de votre activité de covoiturage sont imposables si vous êtes dans l'un des cas suivants : Vous n'effectuez pas le déplacement pour votre propre compte Le tarif proposé est supérieur aux frais engagés Vous ne prenez pas une partie des dépenses du déplacement à votre charge. Vous devez alors déclarer vos recettes à l'administration fiscale.\n\nRégime micro-BIC\nSi vos recettes annuelles ne dépassent pas  70 000 € , le régime  micro-BIC  (micro-entreprise) s'applique.\nLe bénéfice imposable est égal aux recettes diminuées d'un   abattement  forfaitaire pour frais de  50 % . Les charges ne peuvent pas être déduites.\nDéclarez vos recettes en ligne ou sur la déclaration complémentaire d'impôt sur le revenu n°2042 C PRO.\nsi vos recettes sont inférieures à  305 € , vous ne paierez aucun impôt.",
    "link": "https://www.service-public.fr/particuliers/vosdroits/F33879",
    "name": "F33879--transports-revenu-40--regime-mic-ro-bic-16.json",
    "arborescence": {
        "audience": "Particuliers",
        "theme": "Argent",
        "dossier": "Impôt sur le revenu : déclaration et revenus à déclarer",
        "sous_dossier": "",
        "titre": "Impôt sur le revenu : faut-il déclarer les revenus du covoiturage ?"
    }
}