{
    "text": "Fiche synthétique de la copropriété : \n La fiche synthétique informe les copropriétaires sur le fonctionnement de la copropriété et l'état de l'immeuble. Cette fiche est obligatoire dans toutes les copropriétés. Elle doit être réalisée par le syndic de copropriété. Le syndic doit la mettre à jour tous  les ans. Des sanctions sont prévues si le syndic ne respecte pas ces obligations. \n \n\n\n\n\nContenu: La fiche synthétique doit impérativement mentionner certaines informations.\n\nExercice comptable clos (comptes approuvés par l'assemblée générale)\nLa fiche synthétique doit mentionner les éléments suivants :\nDates de début et de fin de  l'exercice comptable  et date de l'assemblée générale ayant approuvé les comptes\nMontant des charges pour les opérations courantes et exceptionnelles\nMontant des dettes de fournisseurs\nMontant des impayés et nombre de copropriétaire débiteur dont la dette dépasse  300 € \n\nMontant du  fonds de travaux \n",
    "text_reader": "\n La fiche synthétique informe les copropriétaires sur le fonctionnement de la copropriété et l'état de l'immeuble. Cette fiche est obligatoire dans toutes les copropriétés. Elle doit être réalisée par le syndic de copropriété. Le syndic doit la mettre à jour tous  les ans. Des sanctions sont prévues si le syndic ne respecte pas ces obligations. \n \n\n\n\n\nLa fiche synthétique doit impérativement mentionner certaines informations.\n\nExercice comptable clos (comptes approuvés par l'assemblée générale)\nLa fiche synthétique doit mentionner les éléments suivants :\nDates de début et de fin de  l'exercice comptable  et date de l'assemblée générale ayant approuvé les comptes\nMontant des charges pour les opérations courantes et exceptionnelles\nMontant des dettes de fournisseurs\nMontant des impayés et nombre de copropriétaire débiteur dont la dette dépasse  300 € \n\nMontant du  fonds de travaux \n",
    "link": "https://www.service-public.fr/particuliers/vosdroits/F34051",
    "name": "F34051--contenu-ontenu-7--exercice-c-nerale-68.json",
    "arborescence": {
        "audience": "Particuliers",
        "theme": "Logement",
        "dossier": "Documents de copropriété",
        "sous_dossier": "",
        "titre": "Fiche synthétique de la copropriété"
    }
}