{
    "text": "Bonus écologique pour un véhicule électrique ou hybride (voiture, vélo...) : \n Le bonus écologique est une aide financière pour acheter ou louer un véhicule neuf économe en énergie : voiture,  camionnette , scooter, moto,  quadricycle à moteur. Une aide peut également être versée pour l'achat d'un vélo à assistance électrique, en complément d'une aide versée par une  collectivité territoriale . \n \n\n\nEn 2021: \n\nVoiture ou camionnette: \n\nEntre 45 000 € et 60 000 €\nPour un véhicule compris entre   45 000 €  et   60 000 € , incluant si nécessaire le coût d'achat ou de location de la batterie,  le bonus est de  3 000 € \n\nSi vous mettez à la casse un véhicule ancien, vous pouvez bénéficier de la  prime à la conversion  sous certaines conditions.",
    "text_reader": "\n Le bonus écologique est une aide financière pour acheter ou louer un véhicule neuf économe en énergie : voiture,  camionnette , scooter, moto,  quadricycle à moteur. Une aide peut également être versée pour l'achat d'un vélo à assistance électrique, en complément d'une aide versée par une  collectivité territoriale . \n \n\n\n\n\n\n\nEntre 45 000 € et 60 000 €\nPour un véhicule compris entre   45 000 €  et   60 000 € , incluant si nécessaire le coût d'achat ou de location de la batterie,  le bonus est de  3 000 € \n\nSi vous mettez à la casse un véhicule ancien, vous pouvez bénéficier de la  prime à la conversion  sous certaines conditions.",
    "link": "https://www.service-public.fr/particuliers/vosdroits/F34014",
    "name": "F34014--en-2021-n-2021-7--voiture-ou-nnette-22--entre-45-0-60-000-26.json",
    "arborescence": {
        "audience": "Particuliers",
        "theme": "Transports",
        "dossier": "Mesures antipollution",
        "sous_dossier": "Aides",
        "titre": "Bonus écologique pour un véhicule électrique ou hybride (voiture, vélo...)"
    }
}