{
    "text": "Secret médical : \n Tous les professionnels intervenant dans le système de santé (médecin, infirmière...) doivent respecter le secret médical (secret professionnel). En effet, un patient a droit au respect de sa vie privée et au respect du secret des informations le concernant. Toutefois, il y a des situations où le secret médical peut être partagé ou levé. En cas de violation du secret professionnel, vous pouvez porter plainte et demander réparation du préjudice subi. \n \n\n\n\n\nRecours: Vous pouvez porter plainte si vous estimez qu'un professionnel  a violé son obligation de secret médical. Vous pouvez aussi envoyer un courrier au conseil départemental de l'ordre des médecins. Votre lettre doit préciser que vous formulez une plainte. Pour obtenir  la réparation du préjudice subi, vous pouvez   assigner le professionnel de santé devant la justice civile .\n\nSur place\nVous devez vous adresser à un commissariat de police ou une brigade de gendarmerie de votre choix.\nLa réception de la plainte ne peut pas vous être refusée.\nLa plainte est ensuite transmise au procureur de la République par la police ou la gendarmerie.",
    "text_reader": "\n Tous les professionnels intervenant dans le système de santé (médecin, infirmière...) doivent respecter le secret médical (secret professionnel). En effet, un patient a droit au respect de sa vie privée et au respect du secret des informations le concernant. Toutefois, il y a des situations où le secret médical peut être partagé ou levé. En cas de violation du secret professionnel, vous pouvez porter plainte et demander réparation du préjudice subi. \n \n\n\n\n\nVous pouvez porter plainte si vous estimez qu'un professionnel  a violé son obligation de secret médical. Vous pouvez aussi envoyer un courrier au conseil départemental de l'ordre des médecins. Votre lettre doit préciser que vous formulez une plainte. Pour obtenir  la réparation du préjudice subi, vous pouvez   assigner le professionnel de santé devant la justice civile .\n\nSur place\nVous devez vous adresser à un commissariat de police ou une brigade de gendarmerie de votre choix.\nLa réception de la plainte ne peut pas vous être refusée.\nLa plainte est ensuite transmise au procureur de la République par la police ou la gendarmerie.",
    "link": "https://www.service-public.fr/particuliers/vosdroits/F34302",
    "name": "F34302--recours-ecours-7--sur-place--place-9.json",
    "arborescence": {
        "audience": "Particuliers",
        "theme": "Papiers - Citoyenneté",
        "dossier": "Protection des données personnelles",
        "sous_dossier": "",
        "titre": "Secret médical"
    }
}