{
    "text": "Forfait post-stationnement en cas de stationnement non payé : \n Le forfait post stationnement (FPS) remplace l'amende en cas de stationnement non payé. Le montant du  FPS  varie d'une commune à l'autre. Il est à payer dans un délai de 3 mois. Le montant peut être minoré si vous payez rapidement. Le montant est majoré si vous payez avec retard. Vous pouvez contester le FPS via un recours administratif préalable obligatoire (Rapo). Si le Rapo n'aboutit pas,  vous pouvez saisir la Commission du contentieux du stationnement payant (CCSP). \n \n\n\n\n\nPar téléphone:   0811 10 10 10 \t \t 24 heures sur 24.  Numéro violet ou majoré : coût d'un appel vers un numéro fixe + service payant, depuis un téléphone fixe ou mobile. Pour connaître le tarif, écoutez le message en début d'appel.\n\n",
    "text_reader": "\n Le forfait post stationnement (FPS) remplace l'amende en cas de stationnement non payé. Le montant du  FPS  varie d'une commune à l'autre. Il est à payer dans un délai de 3 mois. Le montant peut être minoré si vous payez rapidement. Le montant est majoré si vous payez avec retard. Vous pouvez contester le FPS via un recours administratif préalable obligatoire (Rapo). Si le Rapo n'aboutit pas,  vous pouvez saisir la Commission du contentieux du stationnement payant (CCSP). \n \n\n\n\n\n  0811 10 10 10 \t \t 24 heures sur 24.  Numéro violet ou majoré : coût d'un appel vers un numéro fixe + service payant, depuis un téléphone fixe ou mobile. Pour connaître le tarif, écoutez le message en début d'appel.\n\n",
    "link": "https://www.service-public.fr/particuliers/vosdroits/F34440",
    "name": "F34440--par-teleph-ephone-13.json",
    "arborescence": {
        "audience": "Particuliers",
        "theme": "Transports",
        "dossier": "Infractions routières",
        "sous_dossier": "Stationnement",
        "titre": "Forfait post-stationnement en cas de stationnement non payé"
    }
}