{
    "text": "Complément de libre choix du mode de garde (CMG) - Assistante maternelle : \n Le complément de libre choix du mode de garde (CMG) fait partie de la prestation d'accueil du jeune enfant (Paje). Il s'agit d'une prise en charge partielle de la rémunération d'une assistante maternelle agréée. Son montant  varie selon le nombre d'enfants à charge, l'âge de votre enfant et vos ressources. Un minimum de  15 %  des frais restera à votre charge. \n \n\n\nEmbauche directe: \n\nDe quoi s'agit-il ?: Le complément de libre choix du mode de garde (CMG) est une aide financière versée  pour compenser le coût de la garde d'un enfant.\n\n",
    "text_reader": "\n Le complément de libre choix du mode de garde (CMG) fait partie de la prestation d'accueil du jeune enfant (Paje). Il s'agit d'une prise en charge partielle de la rémunération d'une assistante maternelle agréée. Son montant  varie selon le nombre d'enfants à charge, l'âge de votre enfant et vos ressources. Un minimum de  15 %  des frais restera à votre charge. \n \n\n\n\n\nLe complément de libre choix du mode de garde (CMG) est une aide financière versée  pour compenser le coût de la garde d'un enfant.\n\n",
    "link": "https://www.service-public.fr/particuliers/vosdroits/F345",
    "name": "F345--embauche-d-irecte-16--de-quoi-sa-git-il-19.json",
    "arborescence": {
        "audience": "Particuliers",
        "theme": "Famille",
        "dossier": "Allocations destinées aux familles",
        "sous_dossier": "Enfant gardé par un tiers",
        "titre": "Complément de libre choix du mode de garde (CMG) - Assistante maternelle"
    }
}