{
    "text": "Combien coûte un passeport ? : \n Se munir d'une carte bancaire \n \n\n\nÀ partir de 18 ans: \n\nLe montant du passeport d'une personne majeure dépend du lieu de la demande. dans certains cas, il est possible  d'obtenir ou de renouveler son passeport gratuitement .\n\nEn Guadeloupe\nLe passeport coûte  86 € \n\nSe munir d'une carte bancaire\n  Comment acheter un timbre fiscal ? \n",
    "text_reader": "\n Se munir d'une carte bancaire \n \n\n\n\n\nLe montant du passeport d'une personne majeure dépend du lieu de la demande. dans certains cas, il est possible  d'obtenir ou de renouveler son passeport gratuitement .\n\nEn Guadeloupe\nLe passeport coûte  86 € \n\nSe munir d'une carte bancaire\n  Comment acheter un timbre fiscal ? \n",
    "link": "https://www.service-public.fr/particuliers/vosdroits/F34752",
    "name": "F34752--a-partir-d-18-ans-18--en-guadelo-eloupe-13.json",
    "arborescence": {
        "audience": "Particuliers",
        "theme": "Papiers - Citoyenneté",
        "dossier": "Passeport",
        "sous_dossier": "",
        "titre": "Combien coûte un passeport ?"
    }
}