{
    "text": "Inscription sur la liste électorale d'une personne devenue française : \n Une personne ayant obtenu la nationalité française, par naturalisation ou par déclaration ou par manifestation expresse de volonté, a droit à être inscrite  sur les listes électorales. Les démarches à effectuer diffèrent selon la date à laquelle la personne est devenue française. \n \n\n\nDevenu français récemment: \n\n\n\nListe électorale consulaire (à l'étranger)\nTout au long de l'année, l' Insee  procède à l'inscription d'office  sur la liste électorale consulaire du pays dans lequel la personne devenue française réside.\nIl est possible de vérifier  votre inscription sur les listes électorales :\nSi vous n'êtes pas inscrit, vous pouvez en faire la demande.\nIl est possible de demander à être inscrit sur la liste électorale consulaire :\nsoit par internet,  à l'aide du   registre des Français établis hors de France   \n\nsoit auprès de votre consulat ou ambassade (sur place ou par correspondance)\nPar internet (via le registre des Français établis hors de France)\nVous pouvez utiliser le  service en ligne d'inscription sur le registre des Français de l'étranger  pour demander votre inscription  sur la liste électorale consulaire :\nsi vous êtes   déjà inscrit sur le   registre des Français établis hors de France \n\nou à l'occasion de votre demande d'inscription sur le   registre des Français établis hors de France \n\nAccessible avec un compte service-public.fr ou via  France Connect. Se munir de ses identifiants.\nChaque adulte doit avoir son propre compte.\nSur place ou par correspondance\nVous pouvez demander l'inscription sur la liste électorale consulaire en contactant directement votre consulat ou ambassade.\nPour voter lors des élections des conseillers des Français de l'étranger de 2020, il faut s'inscrire sur la liste électorale consulaire    au plus tard le 10 avril 2020 .\nToutefois, vous bénéficiez d'un report de ce délai et d'une procédure spécifique d'inscription si :\nvous avez eu connaissance de votre naturalisation  après le 10 avril 2020\nou vous avez acquis la nationalité par déclaration ou manifestation expresse de volonté après le 10 avril 2020",
    "text_reader": "\n Une personne ayant obtenu la nationalité française, par naturalisation ou par déclaration ou par manifestation expresse de volonté, a droit à être inscrite  sur les listes électorales. Les démarches à effectuer diffèrent selon la date à laquelle la personne est devenue française. \n \n\n\n\n\n\n\nListe électorale consulaire (à l'étranger)\nTout au long de l'année, l' Insee  procède à l'inscription d'office  sur la liste électorale consulaire du pays dans lequel la personne devenue française réside.\nIl est possible de vérifier  votre inscription sur les listes électorales :\nSi vous n'êtes pas inscrit, vous pouvez en faire la demande.\nIl est possible de demander à être inscrit sur la liste électorale consulaire :\nsoit par internet,  à l'aide du   registre des Français établis hors de France   \n\nsoit auprès de votre consulat ou ambassade (sur place ou par correspondance)\nPar internet (via le registre des Français établis hors de France)\nVous pouvez utiliser le  service en ligne d'inscription sur le registre des Français de l'étranger  pour demander votre inscription  sur la liste électorale consulaire :\nsi vous êtes   déjà inscrit sur le   registre des Français établis hors de France \n\nou à l'occasion de votre demande d'inscription sur le   registre des Français établis hors de France \n\nAccessible avec un compte service-public.fr ou via  France Connect. Se munir de ses identifiants.\nChaque adulte doit avoir son propre compte.\nSur place ou par correspondance\nVous pouvez demander l'inscription sur la liste électorale consulaire en contactant directement votre consulat ou ambassade.\nPour voter lors des élections des conseillers des Français de l'étranger de 2020, il faut s'inscrire sur la liste électorale consulaire    au plus tard le 10 avril 2020 .\nToutefois, vous bénéficiez d'un report de ce délai et d'une procédure spécifique d'inscription si :\nvous avez eu connaissance de votre naturalisation  après le 10 avril 2020\nou vous avez acquis la nationalité par déclaration ou manifestation expresse de volonté après le 10 avril 2020",
    "link": "https://www.service-public.fr/particuliers/vosdroits/F34778",
    "name": "F34778--devenu-fra-emment-25--liste-elec-ranger-42.json",
    "arborescence": {
        "audience": "Particuliers",
        "theme": "Papiers - Citoyenneté",
        "dossier": "Élections",
        "sous_dossier": "Inscription sur les listes électorales",
        "titre": "Inscription sur la liste électorale d'une personne devenue française"
    }
}