{
    "text": "Inscription sur la liste électorale d'une personne devenue française : \n Une personne ayant obtenu la nationalité française, par naturalisation ou par déclaration ou par manifestation expresse de volonté, a droit à être inscrite  sur les listes électorales. Les démarches à effectuer diffèrent selon la date à laquelle la personne est devenue française. \n \n\n\nDevenu français récemment: \n\n\n\nPar internet (via le registre des Français établis hors de France)\nVous pouvez utiliser le  service en ligne d'inscription sur le registre des Français de l'étranger  pour demander votre inscription  sur la liste électorale consulaire :\nsi vous êtes   déjà inscrit sur le   registre des Français établis hors de France \n\nou à l'occasion de votre demande d'inscription sur le   registre des Français établis hors de France \n\nAccessible avec un compte service-public.fr ou via  France Connect. Se munir de ses identifiants.\nChaque adulte doit avoir son propre compte.",
    "text_reader": "\n Une personne ayant obtenu la nationalité française, par naturalisation ou par déclaration ou par manifestation expresse de volonté, a droit à être inscrite  sur les listes électorales. Les démarches à effectuer diffèrent selon la date à laquelle la personne est devenue française. \n \n\n\n\n\n\n\nPar internet (via le registre des Français établis hors de France)\nVous pouvez utiliser le  service en ligne d'inscription sur le registre des Français de l'étranger  pour demander votre inscription  sur la liste électorale consulaire :\nsi vous êtes   déjà inscrit sur le   registre des Français établis hors de France \n\nou à l'occasion de votre demande d'inscription sur le   registre des Français établis hors de France \n\nAccessible avec un compte service-public.fr ou via  France Connect. Se munir de ses identifiants.\nChaque adulte doit avoir son propre compte.",
    "link": "https://www.service-public.fr/particuliers/vosdroits/F34778",
    "name": "F34778--devenu-fra-emment-25--par-intern-france-66.json",
    "arborescence": {
        "audience": "Particuliers",
        "theme": "Papiers - Citoyenneté",
        "dossier": "Élections",
        "sous_dossier": "Inscription sur les listes électorales",
        "titre": "Inscription sur la liste électorale d'une personne devenue française"
    }
}