{
    "text": "Phishing (hameçonnage) : \n Que faire si vous recevez un mail d'un expéditeur se faisant passer pour un organisme officiel ou  familier (banque, impôts,  Caf ) pour avoir accès à vos données personnelles sur internet ?  Vous êtes probablement victime d'une escroquerie couramment appelée  phishing  ou  hameçonnage . \n \n\n\n\n\nComment se protéger ?: Installer un logiciel anti-spam Être  vigilant si vous recevez un mail qui vous demande une action urgente Entrer manuellement l'adresse (URL) du site dans le navigateur\n\n",
    "text_reader": "\n Que faire si vous recevez un mail d'un expéditeur se faisant passer pour un organisme officiel ou  familier (banque, impôts,  Caf ) pour avoir accès à vos données personnelles sur internet ?  Vous êtes probablement victime d'une escroquerie couramment appelée  phishing  ou  hameçonnage . \n \n\n\n\n\nInstaller un logiciel anti-spam Être  vigilant si vous recevez un mail qui vous demande une action urgente Entrer manuellement l'adresse (URL) du site dans le navigateur\n\n",
    "link": "https://www.service-public.fr/particuliers/vosdroits/F34800",
    "name": "F34800--comment-se-oteger-21.json",
    "arborescence": {
        "audience": "Particuliers",
        "theme": "Justice",
        "dossier": "Infractions sur internet",
        "sous_dossier": "",
        "titre": "Phishing (hameçonnage)"
    }
}