{
    "text": "Plan d'épargne retraite (PER) : \n Le  PER      est un nouveau produit d'épargne retraite. Il est disponible depuis le 1 er  octobre 2019 et remplacera progressivement les autres plans d'épargne retraite. Le PER se décline sous 3 formes : un PER individuel, et deux PER d'entreprise. Le PER individuel succède au  Perp  et au  contrat Madelin . Le PER d'entreprise collectif succède au  Perco . Le  PER d'entreprise obligatoire succède au  contrat article 83 . Vous pouvez transférer l'épargne des anciens plans déjà ouverts   sur votre nouveau  PER. \n \n\n\nPER d'entreprise collectif: \n\nMise en place: Le PER d'entreprise collectif  doit être  mis en place dans une entreprise. Le plan peut être créé à l'initiative des dirigeants de l'entreprise ou par un accord avec les représentants des salariés. Lorsqu'il y a au moins un délégué syndical ou un comité social et économique dans l'entreprise ( CSE ), l'employeur est obligé de mener une négociation préalable avec eux avant de créer le plan. Le PER d'entreprise collectif  peut être mis en place au niveau de l'entreprise, ou dans un cadre interentreprises. L'entreprise peut choisir de regrouper le plan d'épargne collectif facultatif et le plan d'épargne collectif obligatoire dans un plan unique. Les anciens plans d'épargne comme le Perco et l'article 83 peuvent être transférés dans un plan unique.\n\n",
    "text_reader": "\n Le  PER      est un nouveau produit d'épargne retraite. Il est disponible depuis le 1 er  octobre 2019 et remplacera progressivement les autres plans d'épargne retraite. Le PER se décline sous 3 formes : un PER individuel, et deux PER d'entreprise. Le PER individuel succède au  Perp  et au  contrat Madelin . Le PER d'entreprise collectif succède au  Perco . Le  PER d'entreprise obligatoire succède au  contrat article 83 . Vous pouvez transférer l'épargne des anciens plans déjà ouverts   sur votre nouveau  PER. \n \n\n\n\n\nLe PER d'entreprise collectif  doit être  mis en place dans une entreprise. Le plan peut être créé à l'initiative des dirigeants de l'entreprise ou par un accord avec les représentants des salariés. Lorsqu'il y a au moins un délégué syndical ou un comité social et économique dans l'entreprise ( CSE ), l'employeur est obligé de mener une négociation préalable avec eux avant de créer le plan. Le PER d'entreprise collectif  peut être mis en place au niveau de l'entreprise, ou dans un cadre interentreprises. L'entreprise peut choisir de regrouper le plan d'épargne collectif facultatif et le plan d'épargne collectif obligatoire dans un plan unique. Les anciens plans d'épargne comme le Perco et l'article 83 peuvent être transférés dans un plan unique.\n\n",
    "link": "https://www.service-public.fr/particuliers/vosdroits/F34982",
    "name": "F34982--per-dentre-lectif-26--mise-en-pl--place-13.json",
    "arborescence": {
        "audience": "Particuliers",
        "theme": "Argent",
        "dossier": "Épargne salariale, participation et intéressement",
        "sous_dossier": "Plans d'épargne salariale",
        "titre": "Plan d'épargne retraite (PER)"
    }
}