{
    "text": "Condition de détention d'un nouvel animal de compagnie (Nac) : \n Cette attestation peut être utilisée pour toute cession (vente ou don) d'animaux d'espèces non domestiques, y compris les cessions de spécimens appartenant à des espèces ou groupes d'espèces dont la détention n'est pas soumise à une autorisation réglementaire. \n \n\n\nEspèce domestique: \n\nAbri: Il est interdit d'enfermer un animal de compagnie dans des conditions incompatibles avec ses nécessités physiologiques, notamment en matière d'aération, de lumière ou de chauffage. L'animal doit disposer, en toutes circonstances, d'un espace suffisant et d'un abri contre les intempéries.\n\n",
    "text_reader": "\n Cette attestation peut être utilisée pour toute cession (vente ou don) d'animaux d'espèces non domestiques, y compris les cessions de spécimens appartenant à des espèces ou groupes d'espèces dont la détention n'est pas soumise à une autorisation réglementaire. \n \n\n\n\n\nIl est interdit d'enfermer un animal de compagnie dans des conditions incompatibles avec ses nécessités physiologiques, notamment en matière d'aération, de lumière ou de chauffage. L'animal doit disposer, en toutes circonstances, d'un espace suffisant et d'un abri contre les intempéries.\n\n",
    "link": "https://www.service-public.fr/particuliers/vosdroits/F34922",
    "name": "F34922--espece-dom-stique-17--abri-abri-4.json",
    "arborescence": {
        "audience": "Particuliers",
        "theme": "Loisirs",
        "dossier": "Animal de compagnie",
        "sous_dossier": "",
        "titre": "Condition de détention d'un nouvel animal de compagnie (Nac)"
    }
}