{
    "text": "Faut-il avoir une caution pour obtenir un crédit immobilier ? : \n\n\n\n\n\nLa banque peut vous imposer d'avoir une  caution  pour vous accorder un crédit immobilier.\nLe plus souvent, il s'agit d'un organisme financier qui s'engage à rembourser le crédit immobilier à la place de l'emprunteur lorsque celui-ci n'est pas en mesure de le faire.\nC'est alors la banque qui organise la mise en relation de l'emprunteur avec l'organisme financier spécialisé dans le cautionnement.\nPour l'emprunteur, recourir à une caution présente l'avantage de ne pas avoir à payer de frais de mainlevée en cas de revente du bien immobilier, à la différence de l'hypothèque ou du privilège de prêteur de deniers.\nUne partie des frais de souscription au cautionnement est  récupérable à l'échéance  du prêt, sous certaines conditions.\nil est possible que la  caution \n\n soit une personne physique.",
    "text_reader": "\n\n\n\n\n\nLa banque peut vous imposer d'avoir une  caution  pour vous accorder un crédit immobilier.\nLe plus souvent, il s'agit d'un organisme financier qui s'engage à rembourser le crédit immobilier à la place de l'emprunteur lorsque celui-ci n'est pas en mesure de le faire.\nC'est alors la banque qui organise la mise en relation de l'emprunteur avec l'organisme financier spécialisé dans le cautionnement.\nPour l'emprunteur, recourir à une caution présente l'avantage de ne pas avoir à payer de frais de mainlevée en cas de revente du bien immobilier, à la différence de l'hypothèque ou du privilège de prêteur de deniers.\nUne partie des frais de souscription au cautionnement est  récupérable à l'échéance  du prêt, sous certaines conditions.\nil est possible que la  caution \n\n soit une personne physique.",
    "link": "https://www.service-public.fr/particuliers/vosdroits/F34997",
    "name": "F34997.json",
    "arborescence": {
        "audience": "Particuliers",
        "theme": "Argent",
        "dossier": "Crédit immobilier",
        "sous_dossier": "",
        "titre": "Faut-il avoir une caution pour obtenir un crédit immobilier ?"
    }
}