{
    "text": "Consultation d'un psy : quelles sont les règles de prise en charge ? : \n Psychologue et psychiatre ne sont pas remboursés de la même manière. Cette différence vient du fait que l'un est médecin et l'autre non. \n \n\n\n\n\nComment consulter ?: Vous pouvez  consulter un psychiatre directement, sans l'accord de votre médecin traitant. C'est un médecin spécialiste reconnu dans le cadre du parcours de soins. Votre médecin traitant peut aussi vous adresser à un psychiatre dans le cadre du parcours de soins. Vous pouvez consulter un psychologue  après accord de votre médecin traitant ou directement. Le remboursement sera différent.\n\n",
    "text_reader": "\n Psychologue et psychiatre ne sont pas remboursés de la même manière. Cette différence vient du fait que l'un est médecin et l'autre non. \n \n\n\n\n\nVous pouvez  consulter un psychiatre directement, sans l'accord de votre médecin traitant. C'est un médecin spécialiste reconnu dans le cadre du parcours de soins. Votre médecin traitant peut aussi vous adresser à un psychiatre dans le cadre du parcours de soins. Vous pouvez consulter un psychologue  après accord de votre médecin traitant ou directement. Le remboursement sera différent.\n\n",
    "link": "https://www.service-public.fr/particuliers/vosdroits/F34917",
    "name": "F34917--comment-co-sulter-19.json",
    "arborescence": {
        "audience": "Particuliers",
        "theme": "Social - Santé",
        "dossier": "Remboursement des soins par la sécurité sociale",
        "sous_dossier": "",
        "titre": "Consultation d'un psy : quelles sont les règles de prise en charge ?"
    }
}