{
    "text": "Procédure pénale : qu'est-ce qu'un adulte approprié ? : \n Un adulte approprié  est un adulte qui accompagne un enfant dans la procédure pénale. Il est désigné quand les titulaires de l'autorité parentale ne peuvent pas assister le mineur ou si leur présence est jugée néfaste à l'intérêt de l'enfant ou à l'enquête.  L'adulte approprié a le droit de recevoir les informations destinées au mineur et il peut  l'accompagner parfois aux  auditions et aux audiences. Il est choisi par le mineur, mais   il doit être accepté  par les responsables de l'enquête. \n \n\n\n\n\nRôle: L'adulte approprié a pour mission de recevoir les informations destinées au mineur et de l'accompagner au cours de la procédure.\n\n\nL'adulte approprié a pour mission de recevoir les informations destinées au mineur et de l'accompagner au cours de la procédure.\nRecevoir les informations\nL'adulte approprié a le droit de recevoir les  mêmes informations que celles qui doivent être communiquées au mineur au cours de la procédure (convocation, transmission de procès-verbal d'audition etc...).\nAccompagner le mineur aux auditions\nL'adulte approprié peut accompagner le mineur lors de ses auditions ou interrogatoires si l'autorité qui procède à cet acte estime\nqu'il est dans l'intérêt supérieur de l'enfant d'être accompagné\net que sa présence ne porte pas préjudice à la procédure.\nAu cours de l'enquête, l'audition ou l'interrogatoire peut débuter en l'absence de ces personnes à l'issue d'un délai de 2 heures à compter du moment où celles-ci ont été avisées.\nl'adulte approprié  peut demander un examen médical du mineur gardé à vue. S'il n'a pas pu être joint dès le début de la garde à vue, l'examen médical du mineur est obligatoire.\nAccompagner le mineur aux audiences\nL'adulte approprié a le droit d'accompagner le mineur à chaque audience au cours de la procédure.",
    "text_reader": "\n Un adulte approprié  est un adulte qui accompagne un enfant dans la procédure pénale. Il est désigné quand les titulaires de l'autorité parentale ne peuvent pas assister le mineur ou si leur présence est jugée néfaste à l'intérêt de l'enfant ou à l'enquête.  L'adulte approprié a le droit de recevoir les informations destinées au mineur et il peut  l'accompagner parfois aux  auditions et aux audiences. Il est choisi par le mineur, mais   il doit être accepté  par les responsables de l'enquête. \n \n\n\n\n\nL'adulte approprié a pour mission de recevoir les informations destinées au mineur et de l'accompagner au cours de la procédure.\n\nRôle\nL'adulte approprié a pour mission de recevoir les informations destinées au mineur et de l'accompagner au cours de la procédure.\nRecevoir les informations\nL'adulte approprié a le droit de recevoir les  mêmes informations que celles qui doivent être communiquées au mineur au cours de la procédure (convocation, transmission de procès-verbal d'audition etc...).\nAccompagner le mineur aux auditions\nL'adulte approprié peut accompagner le mineur lors de ses auditions ou interrogatoires si l'autorité qui procède à cet acte estime\nqu'il est dans l'intérêt supérieur de l'enfant d'être accompagné\net que sa présence ne porte pas préjudice à la procédure.\nAu cours de l'enquête, l'audition ou l'interrogatoire peut débuter en l'absence de ces personnes à l'issue d'un délai de 2 heures à compter du moment où celles-ci ont été avisées.\nl'adulte approprié  peut demander un examen médical du mineur gardé à vue. S'il n'a pas pu être joint dès le début de la garde à vue, l'examen médical du mineur est obligatoire.\nAccompagner le mineur aux audiences\nL'adulte approprié a le droit d'accompagner le mineur à chaque audience au cours de la procédure.",
    "link": "https://www.service-public.fr/particuliers/vosdroits/F35064",
    "name": "F35064--role-role-4.json",
    "arborescence": {
        "audience": "Particuliers",
        "theme": "Justice",
        "dossier": "Mineur auteur d'infraction",
        "sous_dossier": "",
        "titre": "Procédure pénale : qu'est-ce qu'un adulte approprié ?"
    }
}