{
    "text": "Congé de paternité et d'accueil en cas d'hospitalisation de l'enfant après sa naissance : \n Le père salarié bénéficie d'un congé spécifique de paternité et d'accueil de l'enfant si ce dernier est hospitalisé immédiatement après sa naissance dans une unité de soins spécialisés. Si la mère de l'enfant vit avec une autre personne salariée, celle-ci peut également bénéficier du congé. Le bénéficiaire du congé doit respecter certaines conditions (démarches, date de départ en congé, durée maximale du congé). Le salarié en congé bénéficie d'une indemnisation versée par la Sécurité sociale. \n \n\n\n\n\nQui peut bénéficier du congé ?: En cas d'hospitalisation immédiate de l'enfant après la naissance dans une unité de soins spécialisés,  le père de l'enfant a droit à un congé spécifique. Le père doit être salarié. Si la mère de l'enfant   vit en couple  avec une  personne salariée qui n'est pas le père de l'enfant, cette personne  peut également bénéficier de ce congé. Le congé spécifique de paternité en cas d'hospitalisation de l'enfant peut être pris  en plus du    congé de paternité et d'accueil de la naissance de l'enfant . Le congé est ouvert sans condition d'ancienneté, et quel que soit le type de contrat du travail ( CDI ,  CDD  ou contrat temporaire). le congé spécifique de paternité en cas d'hospitalisation de l'enfant   s'applique   aux naissances intervenant à compter du  1 er  juillet 2019 .\n\n",
    "text_reader": "\n Le père salarié bénéficie d'un congé spécifique de paternité et d'accueil de l'enfant si ce dernier est hospitalisé immédiatement après sa naissance dans une unité de soins spécialisés. Si la mère de l'enfant vit avec une autre personne salariée, celle-ci peut également bénéficier du congé. Le bénéficiaire du congé doit respecter certaines conditions (démarches, date de départ en congé, durée maximale du congé). Le salarié en congé bénéficie d'une indemnisation versée par la Sécurité sociale. \n \n\n\n\n\nEn cas d'hospitalisation immédiate de l'enfant après la naissance dans une unité de soins spécialisés,  le père de l'enfant a droit à un congé spécifique. Le père doit être salarié. Si la mère de l'enfant   vit en couple  avec une  personne salariée qui n'est pas le père de l'enfant, cette personne  peut également bénéficier de ce congé. Le congé spécifique de paternité en cas d'hospitalisation de l'enfant peut être pris  en plus du    congé de paternité et d'accueil de la naissance de l'enfant . Le congé est ouvert sans condition d'ancienneté, et quel que soit le type de contrat du travail ( CDI ,  CDD  ou contrat temporaire). le congé spécifique de paternité en cas d'hospitalisation de l'enfant   s'applique   aux naissances intervenant à compter du  1 er  juillet 2019 .\n\n",
    "link": "https://www.service-public.fr/particuliers/vosdroits/F35002",
    "name": "F35002--qui-peut-b--conge-30.json",
    "arborescence": {
        "audience": "Particuliers",
        "theme": "Travail",
        "dossier": "Congés dans le secteur privé",
        "sous_dossier": "Congés liés à l'arrivée d'un enfant",
        "titre": "Congé de paternité et d'accueil en cas d'hospitalisation de l'enfant après sa naissance"
    }
}