{
    "text": "Homicide involontaire : \n L'homicide involontaire est le fait de causer la mort de quelqu'un sans le vouloir. Ce comportement ne constitue pas un crime mais un délit car la loi prend en compte l'absence de volonté de tuer la victime. Il peut s'agir par exemple d'un accident de la route mortel. \n Un proche d'une victime d'homicide involontaire peut déposer plainte contre l'auteur des faits, même s'il est inconnu. Il peut aussi décider de ne pas porter plainte. \n \n\n\nEn cas de plainte: \n\nPar téléphone:  \t\t\t       Composez le        17        en cas d'urgence concernant un accident de la route, un trouble à l'ordre public ou une infraction pénale.      \t\t \t\t\tUne équipe de policiers ou de gendarmes se rendra  sur les lieux.  \t\t\t       Vous pouvez aussi composer le        112 .  \t\t\tSi la situation ne relève pas d'une urgence, composez le numéro de votre commissariat ou de votre brigade de gendarmerie. \t\t\n\n",
    "text_reader": "\n L'homicide involontaire est le fait de causer la mort de quelqu'un sans le vouloir. Ce comportement ne constitue pas un crime mais un délit car la loi prend en compte l'absence de volonté de tuer la victime. Il peut s'agir par exemple d'un accident de la route mortel. \n Un proche d'une victime d'homicide involontaire peut déposer plainte contre l'auteur des faits, même s'il est inconnu. Il peut aussi décider de ne pas porter plainte. \n \n\n\n\n\n \t\t\t       Composez le        17        en cas d'urgence concernant un accident de la route, un trouble à l'ordre public ou une infraction pénale.      \t\t \t\t\tUne équipe de policiers ou de gendarmes se rendra  sur les lieux.  \t\t\t       Vous pouvez aussi composer le        112 .  \t\t\tSi la situation ne relève pas d'une urgence, composez le numéro de votre commissariat ou de votre brigade de gendarmerie. \t\t\n\n",
    "link": "https://www.service-public.fr/particuliers/vosdroits/F35148",
    "name": "F35148--en-cas-de--lainte-17--par-teleph-ephone-13.json",
    "arborescence": {
        "audience": "Particuliers",
        "theme": "Justice",
        "dossier": "Violence - Atteinte à l'intégrité",
        "sous_dossier": "",
        "titre": "Homicide involontaire"
    }
}