{
    "text": "Qu'est-ce qu'une section syndicale ? : \n\nLorsque le syndicat n'a pas obtenu au moins 10% des suffrages au 1 er  tour des dernières élections du CSE dans l'entreprise, il n'est pas représentatif. Le syndicat peut toutefois créer une section syndicale s'il possède au moins 2 adhérents dans l'entreprise. Pour constituer une section syndicale, le syndicat doit respecter au moins une des conditions suivantes : Être  représentatif  dans l'entreprise ou l'établissement Être affilié à une organisation syndicale représentative au niveau national et interprofessionnel Respecter les valeurs républicaines et d'indépendance, et avoir une ancienneté   dans le champ professionnel et géographique de l'entreprise d'au moins 2 ans La section syndicale, par l'intermédiaire des salariés adhérents, défend les droits et intérêts des salariés qu'elle représente. Elle agit dans le respect des attributions du  délégué syndical (DS)  ou, si le syndicat n'est pas représentatif, du  représentant de la section syndicale (RSS) .\n\n\n\nEntreprises de moins de 200 salariés\nPour exercer ses missions, le syndicat :\ncollecte les cotisations syndicales à l'intérieur de l'entreprise,\naffiche et diffuse les documents syndicaux dans l'entreprise aux heures d'entrée et de sortie du travail,\nmet à disposition, si un accord d'entreprise le prévoit, les publications et tracts de nature syndicale, soit sur un site syndical mis en place sur l'intranet de l'entreprise, soit par diffusion sur la messagerie électronique de l'entreprise,\norganise des réunions (une fois par mois).\nL'employeur met à disposition de chaque section syndicale un panneau d'affichage.\nla section syndicale ne dispose pas de local, sauf accord de l’employeur.",
    "text_reader": "\n\nLorsque le syndicat n'a pas obtenu au moins 10% des suffrages au 1 er  tour des dernières élections du CSE dans l'entreprise, il n'est pas représentatif. Le syndicat peut toutefois créer une section syndicale s'il possède au moins 2 adhérents dans l'entreprise. Pour constituer une section syndicale, le syndicat doit respecter au moins une des conditions suivantes : Être  représentatif  dans l'entreprise ou l'établissement Être affilié à une organisation syndicale représentative au niveau national et interprofessionnel Respecter les valeurs républicaines et d'indépendance, et avoir une ancienneté   dans le champ professionnel et géographique de l'entreprise d'au moins 2 ans La section syndicale, par l'intermédiaire des salariés adhérents, défend les droits et intérêts des salariés qu'elle représente. Elle agit dans le respect des attributions du  délégué syndical (DS)  ou, si le syndicat n'est pas représentatif, du  représentant de la section syndicale (RSS) .\n\n\n\nEntreprises de moins de 200 salariés\nPour exercer ses missions, le syndicat :\ncollecte les cotisations syndicales à l'intérieur de l'entreprise,\naffiche et diffuse les documents syndicaux dans l'entreprise aux heures d'entrée et de sortie du travail,\nmet à disposition, si un accord d'entreprise le prévoit, les publications et tracts de nature syndicale, soit sur un site syndical mis en place sur l'intranet de l'entreprise, soit par diffusion sur la messagerie électronique de l'entreprise,\norganise des réunions (une fois par mois).\nL'employeur met à disposition de chaque section syndicale un panneau d'affichage.\nla section syndicale ne dispose pas de local, sauf accord de l’employeur.",
    "link": "https://www.service-public.fr/particuliers/vosdroits/F35261",
    "name": "F35261--entreprise-laries-36.json",
    "arborescence": {
        "audience": "Particuliers",
        "theme": "Travail",
        "dossier": "Représentation du personnel dans l'entreprise",
        "sous_dossier": "",
        "titre": "Qu'est-ce qu'une section syndicale ?"
    }
}