{
    "text": "Santé et sécurité : utilisation et aménagement des lieux de travail : \n Votre lieu de travail doit être utilisé en respectant les règles et les normes prévues lorsqu'il a été créé ou modifié. Il doit être tenu dans un état constant de propreté et d'hygiène garantissant votre santé. \n \n\n\n\n\nMaintenance et entretien des locaux de travail : Votre employeur doit veiller à la bonne tenue des locaux. Il doit prendre toutes les mesures nécessaires pour éliminer les risques liés au non respect des règles d'entretien et de maintenance des lieux de travail.\n\n\nVotre employeur doit veiller à la bonne tenue des locaux. Il doit prendre toutes les mesures nécessaires pour éliminer les risques liés au non respect des règles d'entretien et de maintenance des lieux de travail.\nEntretien des locaux \nVos locaux de travail et leurs annexes doivent être régulièrement entretenus et nettoyés. Ils ne doivent pas être encombrés.\nMaintien en conformité \nLes installations et dispositifs techniques et de sécurité de votre lieu de travail doivent être entretenus et vérifiés en suivant une périodicité appropriée. Toute panne ou irrégularité qui peut affecter votre santé et votre sécurité doit être éliminée le plus rapidement possible.",
    "text_reader": "\n Votre lieu de travail doit être utilisé en respectant les règles et les normes prévues lorsqu'il a été créé ou modifié. Il doit être tenu dans un état constant de propreté et d'hygiène garantissant votre santé. \n \n\n\n\n\nVotre employeur doit veiller à la bonne tenue des locaux. Il doit prendre toutes les mesures nécessaires pour éliminer les risques liés au non respect des règles d'entretien et de maintenance des lieux de travail.\n\nMaintenance et entretien des locaux de travail \nVotre employeur doit veiller à la bonne tenue des locaux. Il doit prendre toutes les mesures nécessaires pour éliminer les risques liés au non respect des règles d'entretien et de maintenance des lieux de travail.\nEntretien des locaux \nVos locaux de travail et leurs annexes doivent être régulièrement entretenus et nettoyés. Ils ne doivent pas être encombrés.\nMaintien en conformité \nLes installations et dispositifs techniques et de sécurité de votre lieu de travail doivent être entretenus et vérifiés en suivant une périodicité appropriée. Toute panne ou irrégularité qui peut affecter votre santé et votre sécurité doit être éliminée le plus rapidement possible.",
    "link": "https://www.service-public.fr/particuliers/vosdroits/F35274",
    "name": "F35274--maintenanc-ravail-47.json",
    "arborescence": {
        "audience": "Particuliers",
        "theme": "Travail",
        "dossier": "Conditions de travail dans le secteur privé",
        "sous_dossier": "Conditions de travail : informations diverses",
        "titre": "Santé et sécurité : utilisation et aménagement des lieux de travail"
    }
}