{
    "text": "Passage rapide aux frontières : comment utiliser un sas Parafe ? : \n Le dispositif de passage rapide aux frontières extérieures, dit  Parafe , concerne le contrôle  lorsque vous passez une frontière vers ou depuis un État hors de  l'espace Schengen . Ce dispositif est  facultatif. Il est réservé aux personnes  européennes . Pour utiliser un  sas   Parafe à l'aéroport ou à la gare, vous devez avoir 12 ans ou plus et avoir un passeport biométrique  valide. \n \n\n\nPour un mineur de 12 ans ou +: \n\nDans quels aéroports et gares ?: Le dispositif  Parafe  est disponible dans certains aéroports et gares.\n\nAéroports\nRoissy-Charles de Gaulle\nOrly\nBâle-Mulhouse\nBordeaux\nLyon\nMarseille\nNice",
    "text_reader": "\n Le dispositif de passage rapide aux frontières extérieures, dit  Parafe , concerne le contrôle  lorsque vous passez une frontière vers ou depuis un État hors de  l'espace Schengen . Ce dispositif est  facultatif. Il est réservé aux personnes  européennes . Pour utiliser un  sas   Parafe à l'aéroport ou à la gare, vous devez avoir 12 ans ou plus et avoir un passeport biométrique  valide. \n \n\n\n\n\nLe dispositif  Parafe  est disponible dans certains aéroports et gares.\n\nAéroports\nRoissy-Charles de Gaulle\nOrly\nBâle-Mulhouse\nBordeaux\nLyon\nMarseille\nNice",
    "link": "https://www.service-public.fr/particuliers/vosdroits/F35295",
    "name": "F35295--pour-un-mi-ans-ou-29--dans-quels--gares-31--aeroports-oports-9.json",
    "arborescence": {
        "audience": "Particuliers",
        "theme": "Étranger",
        "dossier": "Voyager à l'étranger",
        "sous_dossier": "",
        "titre": "Passage rapide aux frontières : comment utiliser un sas Parafe ?"
    }
}