{
    "text": "Prime à la conversion pour remplacer un véhicule : à partir du 3 août 2020 : \n Vous pouvez bénéficier, sous conditions, d'une prime à la conversion lors de l'achat ou de la location d'un véhicule peu polluant si, dans le même temps, vous mettez à la casse un ancien véhicule diesel ou essence. Cette prime s'ajoute à l'aide dite bonus écologique. Cette page indique les règles à partir du 3 août 2020. \n \n\n\nRevenu fiscal de référence > 13 489 € par part: \n\nVéhicule ancien à détruire: depuis juin 2020, si vous ne mettez pas à la casse votre ancien véhicule, vous pouvez bénéficier d'une  aide, dite prime au rétrofit électrique , sous conditions, en faisant  transformer le moteur thermique en moteur électrique.\n\nsel\nLe véhicule à détruire doit remplir les conditions suivantes :\nÊtre une voiture particulière (VP) ou une camionnette (CTTE)\nAvoir fait l'objet d'une 1 re  immatriculation avant janvier 2011\nAppartenir au bénéficiaire de la prime depuis au moins 1 an\nÊtre immatriculé en France dans une série normale ou avec  un numéro d'immatriculation définitif \n\nNe pas être gagé\nS'il s'agit d'un véhicule considéré comme un  véhicule endommagé  par un expert, il doit faire être assuré depuis au moins 1 an à la date de sa remise pour destruction ou à la date de facturation du véhicule acquis ou loué.\nÊtre remis pour destruction dans les 3 mois précédant ou les 6 mois suivant la facturation du nouveau véhicule à un   centre \"véhicules hors d'usage\" (VHU) agréé   ou à une installation agréée de dépollution et de démontage de véhicules hors d'usage",
    "text_reader": "\n Vous pouvez bénéficier, sous conditions, d'une prime à la conversion lors de l'achat ou de la location d'un véhicule peu polluant si, dans le même temps, vous mettez à la casse un ancien véhicule diesel ou essence. Cette prime s'ajoute à l'aide dite bonus écologique. Cette page indique les règles à partir du 3 août 2020. \n \n\n\n\n\ndepuis juin 2020, si vous ne mettez pas à la casse votre ancien véhicule, vous pouvez bénéficier d'une  aide, dite prime au rétrofit électrique , sous conditions, en faisant  transformer le moteur thermique en moteur électrique.\n\nVéhicule diesel\nLe véhicule à détruire doit remplir les conditions suivantes :\nÊtre une voiture particulière (VP) ou une camionnette (CTTE)\nAvoir fait l'objet d'une 1 re  immatriculation avant janvier 2011\nAppartenir au bénéficiaire de la prime depuis au moins 1 an\nÊtre immatriculé en France dans une série normale ou avec  un numéro d'immatriculation définitif \n\nNe pas être gagé\nS'il s'agit d'un véhicule considéré comme un  véhicule endommagé  par un expert, il doit faire être assuré depuis au moins 1 an à la date de sa remise pour destruction ou à la date de facturation du véhicule acquis ou loué.\nÊtre remis pour destruction dans les 3 mois précédant ou les 6 mois suivant la facturation du nouveau véhicule à un   centre \"véhicules hors d'usage\" (VHU) agréé   ou à une installation agréée de dépollution et de démontage de véhicules hors d'usage",
    "link": "https://www.service-public.fr/particuliers/vosdroits/F35354",
    "name": "F35354--revenu-fis-r-part-46--vehicule-a-truire-26--vehicule-d-diesel-15.json",
    "arborescence": {
        "audience": "Particuliers",
        "theme": "Transports",
        "dossier": "Mesures antipollution",
        "sous_dossier": "Aides",
        "titre": "Prime à la conversion pour remplacer un véhicule : à partir du 3 août 2020"
    }
}