{
    "text": "Don de jours de repos à un salarié dont l'enfant est décédé : \n Un salarié peut, sous conditions, renoncer à tout ou  partie de ses jours de repos non pris au profit d'un collègue dont l'enfant est décédé.  Le don de jours de repos permet au salarié qui en bénéficie d'être rémunéré pendant son absence. \n \n\n\n\n\nJours concernés: Le don peut porter sur tous les jours de repos non pris, à l'exception des 4 premières semaines de congés payés. Le donc peut donc concerner : soit les jours correspondant à la 5 e  semaine de congés payés, soit les jours de repos compensateurs accordés dans le cadre d'un dispositif de réduction du temps de travail (RTT), soit un autre jour de récupération non pris. Les jours de repos donnés peuvent provenir d'un compte épargne temps (CET).\n\n",
    "text_reader": "\n Un salarié peut, sous conditions, renoncer à tout ou  partie de ses jours de repos non pris au profit d'un collègue dont l'enfant est décédé.  Le don de jours de repos permet au salarié qui en bénéficie d'être rémunéré pendant son absence. \n \n\n\n\n\nLe don peut porter sur tous les jours de repos non pris, à l'exception des 4 premières semaines de congés payés. Le donc peut donc concerner : soit les jours correspondant à la 5 e  semaine de congés payés, soit les jours de repos compensateurs accordés dans le cadre d'un dispositif de réduction du temps de travail (RTT), soit un autre jour de récupération non pris. Les jours de repos donnés peuvent provenir d'un compte épargne temps (CET).\n\n",
    "link": "https://www.service-public.fr/particuliers/vosdroits/F35312",
    "name": "F35312--jours-conc-cernes-15.json",
    "arborescence": {
        "audience": "Particuliers",
        "theme": "Travail",
        "dossier": "Congés dans le secteur privé",
        "sous_dossier": "Congés pour maladie, handicap ou dépendance d'un membre de la famille",
        "titre": "Don de jours de repos à un salarié dont l'enfant est décédé"
    }
}