{
    "text": "Faire un stage dans une entreprise en Europe : \n Les programmes  Erasmus +  et  Eurodyssée  permettent de partir en stage dans une entreprise ou dans un établissement de formation en Europe.\n\t\tCes programmes peuvent vous concerner si vous êtes apprenti, étudiant ou demandeur d'emploi.  Divers financements  vous sont proposés. \n \n\n\nApprenti: \n\nPays concernés: Vous pouvez partir dans un pays de  l'Espace économique européen (EEE),  ainsi qu'en Turquie et en Macédoine.\n\n",
    "text_reader": "\n Les programmes  Erasmus +  et  Eurodyssée  permettent de partir en stage dans une entreprise ou dans un établissement de formation en Europe.\n\t\tCes programmes peuvent vous concerner si vous êtes apprenti, étudiant ou demandeur d'emploi.  Divers financements  vous sont proposés. \n \n\n\n\n\nVous pouvez partir dans un pays de  l'Espace économique européen (EEE),  ainsi qu'en Turquie et en Macédoine.\n\n",
    "link": "https://www.service-public.fr/particuliers/vosdroits/F382",
    "name": "F382--apprenti-prenti-8--pays-conce-cernes-14.json",
    "arborescence": {
        "audience": "Particuliers",
        "theme": "Famille",
        "dossier": "Étudier à l'étranger",
        "sous_dossier": "Étudier ou faire un stage en Europe",
        "titre": "Faire un stage dans une entreprise en Europe"
    }
}