{
    "text": "Trouver un stage dans un organisme européen : \n Les institutions européennes proposent des stages, rémunérés ou non, qui permettent de découvrir le fonctionnement de l'Union européenne (UE). Vous devez vous adresser directement aux organismes qui les proposent. Les conditions et procédures de candidature sont différentes selon les stages proposés. \n \n\n\n\n\nMédiateur européen: Le Bureau du Médiateur européen propose, 2 fois par an, des  stages rémunérés de 4 à 12 mois   . Ils se déroulent à Strasbourg ou  à Bruxelles, en fonction des besoins du bureau. Ces stages s'adressent uniquement à des étudiants maîtrisant l'anglais. Un formulaire de candidature (disponible uniquement en anglais) doit être rempli en ligne. Le stagiaire étudie les plaintes et les réclamations reçus par le Médiateur européen.\n\n",
    "text_reader": "\n Les institutions européennes proposent des stages, rémunérés ou non, qui permettent de découvrir le fonctionnement de l'Union européenne (UE). Vous devez vous adresser directement aux organismes qui les proposent. Les conditions et procédures de candidature sont différentes selon les stages proposés. \n \n\n\n\n\nLe Bureau du Médiateur européen propose, 2 fois par an, des  stages rémunérés de 4 à 12 mois   . Ils se déroulent à Strasbourg ou  à Bruxelles, en fonction des besoins du bureau. Ces stages s'adressent uniquement à des étudiants maîtrisant l'anglais. Un formulaire de candidature (disponible uniquement en anglais) doit être rempli en ligne. Le stagiaire étudie les plaintes et les réclamations reçus par le Médiateur européen.\n\n",
    "link": "https://www.service-public.fr/particuliers/vosdroits/F384",
    "name": "F384--mediateur--ropeen-18.json",
    "arborescence": {
        "audience": "Particuliers",
        "theme": "Famille",
        "dossier": "Étudier à l'étranger",
        "sous_dossier": "Étudier ou faire un stage en Europe",
        "titre": "Trouver un stage dans un organisme européen"
    }
}