{
    "text": "Surveillance des élèves à l'école élémentaire (maternelle ou primaire) : \n L'école  est responsable des élèves qui lui sont confiés et doit veiller à ce qu'ils ne soient pas exposés à des dommages et qu'ils n'en causent pas à autrui. Cette responsabilité s'applique  dans l'enceinte scolaire, mais aussi en dehors, au cours des activités, qu'elles soient obligatoires ou facultatives. \n \n\n\nÀ l'école maternelle: \n\nSortie de l'école par les élèves: Les enfants sont remis  directement  aux parents ou aux personnes désignées par eux, par écrit. Le choix de ces personnes est fait par les  responsables légaux  de l'enfant. Aucune condition d'âge ne peut être exigée par l'école. La direction de l'école ne peut pas s'y opposer. En cas de retards répétés des parents, un dialogue approfondi est mis en place pour prendre en compte les causes de leurs difficultés et trouver des solutions. En cas de persistance des manquements, l'enfant peut être temporairement exclu. Une  information préoccupante  peut également être transmise au président du conseil général dans le cadre de la protection de l'enfance.\n\n",
    "text_reader": "\n L'école  est responsable des élèves qui lui sont confiés et doit veiller à ce qu'ils ne soient pas exposés à des dommages et qu'ils n'en causent pas à autrui. Cette responsabilité s'applique  dans l'enceinte scolaire, mais aussi en dehors, au cours des activités, qu'elles soient obligatoires ou facultatives. \n \n\n\n\n\nLes enfants sont remis  directement  aux parents ou aux personnes désignées par eux, par écrit. Le choix de ces personnes est fait par les  responsables légaux  de l'enfant. Aucune condition d'âge ne peut être exigée par l'école. La direction de l'école ne peut pas s'y opposer. En cas de retards répétés des parents, un dialogue approfondi est mis en place pour prendre en compte les causes de leurs difficultés et trouver des solutions. En cas de persistance des manquements, l'enfant peut être temporairement exclu. Une  information préoccupante  peut également être transmise au président du conseil général dans le cadre de la protection de l'enfance.\n\n",
    "link": "https://www.service-public.fr/particuliers/vosdroits/F424",
    "name": "F424--a-lecole-m-rnelle-20--sortie-de--eleves-32.json",
    "arborescence": {
        "audience": "Particuliers",
        "theme": "Famille",
        "dossier": "École primaire (maternelle et élémentaire)",
        "sous_dossier": "Vie quotidienne",
        "titre": "Surveillance des élèves à l'école élémentaire (maternelle ou primaire)"
    }
}