{
    "text": "Mutation d'un fonctionnaire : \n La mutation constitue une forme de mobilité réservée aux fonctionnaires titulaires. Elle permet de changer d'emploi sans changer de  corps ou de cadre d'emplois , et sans changer de  grade , ni d'ancienneté. \n \n\n\nTerritoriale (FPT): \n\nProcédure de mutation: La mutation intervient à la suite de la libre candidature du fonctionnaire sur un emploi vacant. Les offres d'emploi de la fonction publique territoriale peuvent être  diffusées sur les sites suivants : Site internet de la collectivité territoriale Site du centre de gestion   , Site   Place de l'emploi public (ex-Biep)   Sites internet privés Les demandes de mutation formulées par les fonctionnaires se trouvant dans l'une des situations suivantes sont examinées en priorité : Fonctionnaire séparé, pour des raisons professionnelles, de son époux(se) Fonctionnaire séparé, pour des raisons professionnelles, de son partenaire de  Pacs   Fonctionnaire ayant la qualité de  proche aidant   Fonctionnaire reconnu handicapé. En cas de demande de mutation externe, la collectivité d'origine ne peut s'opposer à la demande de mutation du fonctionnaire qu'en raison des  nécessités du service . La présence du fonctionnaire doit être indispensable pour assurer la continuité du fonctionnement du service. La mutation est prononcée par l'autorité territoriale d'accueil. Elle prend effet au plus tard 3 mois après la demande de mutation formulée par le fonctionnaire sauf si les collectivités d'origine et d'accueil s'entendent sur une date antérieure. L'absence de réponse de la collectivité d'origine pendant les 2 mois suivant la date de réception d'une demande de mutation vaut acceptation. En pratique, le fonctionnaire doit formuler une demande de mutation : auprès de son administration d'origine par lettre recommandée avec accusé de réception et joindre la copie du courrier de l'administration d'accueil attestant sa volonté de le recruter, et auprès de son administration d'accueil. L'arrêté de mutation est pris par la collectivité d'accueil et la collectivité d'origine prend un arrêté de radiation du fonctionnaire de ses effectifs. lorsque la mutation intervient dans les 3 ans suivant la titularisation du fonctionnaire, la collectivité d'accueil doit verser à la collectivité d'origine une indemnité.\n\n",
    "text_reader": "\n La mutation constitue une forme de mobilité réservée aux fonctionnaires titulaires. Elle permet de changer d'emploi sans changer de  corps ou de cadre d'emplois , et sans changer de  grade , ni d'ancienneté. \n \n\n\n\n\nLa mutation intervient à la suite de la libre candidature du fonctionnaire sur un emploi vacant. Les offres d'emploi de la fonction publique territoriale peuvent être  diffusées sur les sites suivants : Site internet de la collectivité territoriale Site du centre de gestion   , Site   Place de l'emploi public (ex-Biep)   Sites internet privés Les demandes de mutation formulées par les fonctionnaires se trouvant dans l'une des situations suivantes sont examinées en priorité : Fonctionnaire séparé, pour des raisons professionnelles, de son époux(se) Fonctionnaire séparé, pour des raisons professionnelles, de son partenaire de  Pacs   Fonctionnaire ayant la qualité de  proche aidant   Fonctionnaire reconnu handicapé. En cas de demande de mutation externe, la collectivité d'origine ne peut s'opposer à la demande de mutation du fonctionnaire qu'en raison des  nécessités du service . La présence du fonctionnaire doit être indispensable pour assurer la continuité du fonctionnement du service. La mutation est prononcée par l'autorité territoriale d'accueil. Elle prend effet au plus tard 3 mois après la demande de mutation formulée par le fonctionnaire sauf si les collectivités d'origine et d'accueil s'entendent sur une date antérieure. L'absence de réponse de la collectivité d'origine pendant les 2 mois suivant la date de réception d'une demande de mutation vaut acceptation. En pratique, le fonctionnaire doit formuler une demande de mutation : auprès de son administration d'origine par lettre recommandée avec accusé de réception et joindre la copie du courrier de l'administration d'accueil attestant sa volonté de le recruter, et auprès de son administration d'accueil. L'arrêté de mutation est pris par la collectivité d'accueil et la collectivité d'origine prend un arrêté de radiation du fonctionnaire de ses effectifs. lorsque la mutation intervient dans les 3 ans suivant la titularisation du fonctionnaire, la collectivité d'accueil doit verser à la collectivité d'origine une indemnité.\n\n",
    "link": "https://www.service-public.fr/particuliers/vosdroits/F459",
    "name": "F459--territoria-le-fpt-18--procedure--tation-21.json",
    "arborescence": {
        "audience": "Particuliers",
        "theme": "Travail",
        "dossier": "Mobilité dans la fonction publique",
        "sous_dossier": "",
        "titre": "Mutation d'un fonctionnaire"
    }
}