{
    "text": "Impôt sur le revenu - Frais d'accueil d'une personne âgée (déduction) : \n Vous pouvez déduire de vos revenus, sous certaines conditions, une somme représentative des avantages en nature que vous consentez à certaines personnes de plus de 75 ans qui vivent à votre domicile. \n \n\n\n\n\nSommes déductibles: Vous pouvez déduire les avantages en nature pour leur montant réel dans une limite annuelle de  3 535 €  par personne accueillie en 2019. la personne âgée que vous accueillez n'a pas à déclarer cette somme sur sa propre déclaration de revenus.\n\n",
    "text_reader": "\n Vous pouvez déduire de vos revenus, sous certaines conditions, une somme représentative des avantages en nature que vous consentez à certaines personnes de plus de 75 ans qui vivent à votre domicile. \n \n\n\n\n\nVous pouvez déduire les avantages en nature pour leur montant réel dans une limite annuelle de  3 535 €  par personne accueillie en 2019. la personne âgée que vous accueillez n'a pas à déclarer cette somme sur sa propre déclaration de revenus.\n\n",
    "link": "https://www.service-public.fr/particuliers/vosdroits/F5",
    "name": "F5--sommes-ded-tibles-18.json",
    "arborescence": {
        "audience": "Particuliers",
        "theme": "Argent",
        "dossier": "Impôt sur le revenu : déductions, réductions et crédits d'impôt",
        "sous_dossier": "Aides fiscales liées aux personnes dépendantes",
        "titre": "Impôt sur le revenu - Frais d'accueil d'une personne âgée (déduction)"
    }
}