{
    "text": "Détachement à la demande du fonctionnaire : \n Le fonctionnaire titulaire peut être détaché à sa demande dans un autre emploi dans la fonction publique ou pas. Les cas de détachement sont limitativement énumérés par décret.  Le détachement peut être de courte ou de longue durée. Le fonctionnaire détaché perçoit la rémunération de son emploi d'accueil. À la fin de son détachement, le fonctionnaire réintègre son emploi ou peut intégrer son corps ou cadre d'emplois d'accueil. \n \n\n\nFonction publique d'État (FPE): \n\nDémarche: Le fonctionnaire demande son détachement  par écrit  à ses administrations d'origine et  d'accueil. Il précise la date de début et la durée du détachement souhaitées. Quand le détachement n'est pas de droit, l'administration ne peut s'opposer au départ en détachement du fonctionnaire qu'en raison des nécessités de service ou d'un avis de la  Haute Autorité pour la transparence de la vie publique (HATVP) . Lorsqu'elle invoque les nécessités de service, l'administration doit apporter la preuve de la présence indispensable du  fonctionnaire pour assurer  la continuité du fonctionnement du service. Elle peut exiger un préavis de 3 mois maximum. Lorsque l'administration d'origine ne répond pas dans un délai de 2 mois, la demande de détachement est considérée comme acceptée.\n\n",
    "text_reader": "\n Le fonctionnaire titulaire peut être détaché à sa demande dans un autre emploi dans la fonction publique ou pas. Les cas de détachement sont limitativement énumérés par décret.  Le détachement peut être de courte ou de longue durée. Le fonctionnaire détaché perçoit la rémunération de son emploi d'accueil. À la fin de son détachement, le fonctionnaire réintègre son emploi ou peut intégrer son corps ou cadre d'emplois d'accueil. \n \n\n\n\n\nLe fonctionnaire demande son détachement  par écrit  à ses administrations d'origine et  d'accueil. Il précise la date de début et la durée du détachement souhaitées. Quand le détachement n'est pas de droit, l'administration ne peut s'opposer au départ en détachement du fonctionnaire qu'en raison des nécessités de service ou d'un avis de la  Haute Autorité pour la transparence de la vie publique (HATVP) . Lorsqu'elle invoque les nécessités de service, l'administration doit apporter la preuve de la présence indispensable du  fonctionnaire pour assurer  la continuité du fonctionnement du service. Elle peut exiger un préavis de 3 mois maximum. Lorsque l'administration d'origine ne répond pas dans un délai de 2 mois, la demande de détachement est considérée comme acceptée.\n\n",
    "link": "https://www.service-public.fr/particuliers/vosdroits/F543",
    "name": "F543--fonction-p-at-fpe-30--demarche-marche-8.json",
    "arborescence": {
        "audience": "Particuliers",
        "theme": "Travail",
        "dossier": "Mobilité dans la fonction publique",
        "sous_dossier": "",
        "titre": "Détachement à la demande du fonctionnaire"
    }
}