{
    "text": "Évaluation professionnelle dans la fonction publique territoriale : \n L'appréciation de la valeur professionnelle des agents est fondée sur un entretien annuel. L'entretien donne lieu à un compte-rendu auquel l'agent peut apporter des observations et dont il peut demander la révision. L'entretien est pris en compte pour l'avancement, la promotion interne des fonctionnaires et la réévaluation de la rémunération des agents non titulaires en CDI ou en CDD de plus d'un an. \n \n\n\nFonctionnaire: \n\nOrganisation de l'entretien et compte-rendu: L'entretien professionnel est conduit par le supérieur hiérarchique direct du fonctionnaire. Le fonctionnaire est informé de la date de l'entretien au moins 8 jours à l'avance. La convocation est accompagnée de sa fiche de poste et d'un exemplaire de la fiche d'entretien servant de base au compte rendu. Le supérieur hiérarchique établit un compte-rendu de l'entretien. Dans les 15 jours suivant l'entretien, ce compte rendu est  notifié  au fonctionnaire qui peut y apporter des observations sur la conduite de l'entretien ou les différents sujets sur lesquels il a porté. L'agent doit le signer pour attester qu'il en a pris connaissance et le renvoyer à son supérieur hiérarchique. Le compte-rendu est ensuite visé par l'autorité territoriale, communiqué au fonctionnaire et l'ajoute à son  dossier .\n\n",
    "text_reader": "\n L'appréciation de la valeur professionnelle des agents est fondée sur un entretien annuel. L'entretien donne lieu à un compte-rendu auquel l'agent peut apporter des observations et dont il peut demander la révision. L'entretien est pris en compte pour l'avancement, la promotion interne des fonctionnaires et la réévaluation de la rémunération des agents non titulaires en CDI ou en CDD de plus d'un an. \n \n\n\n\n\nL'entretien professionnel est conduit par le supérieur hiérarchique direct du fonctionnaire. Le fonctionnaire est informé de la date de l'entretien au moins 8 jours à l'avance. La convocation est accompagnée de sa fiche de poste et d'un exemplaire de la fiche d'entretien servant de base au compte rendu. Le supérieur hiérarchique établit un compte-rendu de l'entretien. Dans les 15 jours suivant l'entretien, ce compte rendu est  notifié  au fonctionnaire qui peut y apporter des observations sur la conduite de l'entretien ou les différents sujets sur lesquels il a porté. L'agent doit le signer pour attester qu'il en a pris connaissance et le renvoyer à son supérieur hiérarchique. Le compte-rendu est ensuite visé par l'autorité territoriale, communiqué au fonctionnaire et l'ajoute à son  dossier .\n\n",
    "link": "https://www.service-public.fr/particuliers/vosdroits/F566",
    "name": "F566--fonctionna-nnaire-13--organisati--rendu-43.json",
    "arborescence": {
        "audience": "Particuliers",
        "theme": "Travail",
        "dossier": "Carrière dans la fonction publique",
        "sous_dossier": "Évaluation professionnelle",
        "titre": "Évaluation professionnelle dans la fonction publique territoriale"
    }
}