{
    "text": "Taxe foncière sur les propriétés bâties (TFPB) : \n La taxe foncière sur les propriétés bâties (TFPB) est due par les propriétaires ou usufruitiers de propriétés bâties. Il existe certaines exonérations, liées à la propriété ou à la personne propriétaire. \n \n\n\n\n\nVous êtes un professionnel: Par téléphone :   0 806 000 225   Du lundi au vendredi de 8h30 à 19h, hors jours fériés. Service gratuit + prix appel\n\n",
    "text_reader": "\n La taxe foncière sur les propriétés bâties (TFPB) est due par les propriétaires ou usufruitiers de propriétés bâties. Il existe certaines exonérations, liées à la propriété ou à la personne propriétaire. \n \n\n\n\n\nPar téléphone :   0 806 000 225   Du lundi au vendredi de 8h30 à 19h, hors jours fériés. Service gratuit + prix appel\n\n",
    "link": "https://www.service-public.fr/particuliers/vosdroits/F59",
    "name": "F59--vous-etes--ionnel-26.json",
    "arborescence": {
        "audience": "Particuliers",
        "theme": "Argent",
        "dossier": "Impôts locaux",
        "sous_dossier": "",
        "titre": "Taxe foncière sur les propriétés bâties (TFPB)"
    }
}