{
    "text": "Peut-on inscrire son enfant dans l'école publique d'une autre commune ? : \n\nVous pouvez demander à inscrire votre enfant dans l'école publique d'une autre commune que celle où vous résidez. Les démarches sont différentes selon le motif pour lequel vous faites la demande.\n\n\n\nChoix de la famille\nVous devez obtenir l'accord du maire de votre  commune  si vous souhaitez inscrire votre enfant dans l'école d'une autre commune,  même si l'école de l'autre commune est plus proche de votre domicile.\nVous devez ensuite obtenir l'accord du maire de la commune où vous souhaitez l'inscrire. Cet  accord dépend également des places disponibles dans l'école.\nVous devez enfin finaliser par l'inscription auprès de la direction de l'école.",
    "text_reader": "\n\nVous pouvez demander à inscrire votre enfant dans l'école publique d'une autre commune que celle où vous résidez. Les démarches sont différentes selon le motif pour lequel vous faites la demande.\n\n\n\nChoix de la famille\nVous devez obtenir l'accord du maire de votre  commune  si vous souhaitez inscrire votre enfant dans l'école d'une autre commune,  même si l'école de l'autre commune est plus proche de votre domicile.\nVous devez ensuite obtenir l'accord du maire de la commune où vous souhaitez l'inscrire. Cet  accord dépend également des places disponibles dans l'école.\nVous devez enfin finaliser par l'inscription auprès de la direction de l'école.",
    "link": "https://www.service-public.fr/particuliers/vosdroits/F598",
    "name": "F598--choix-de-l-amille-19.json",
    "arborescence": {
        "audience": "Particuliers",
        "theme": "Famille",
        "dossier": "École primaire (maternelle et élémentaire)",
        "sous_dossier": "",
        "titre": "Peut-on inscrire son enfant dans l'école publique d'une autre commune ?"
    }
}