{
    "text": "Agent contractuel, puis titularisé : quels sont les droits pour la retraite ? : \n\nTout dépend si vous avez été titularisé avant ou à partir du 1 er  janvier 2013.\n\n\n\nTitularisé à partir de 2015\nIl faut justifier d'au moins  2 ans de services dans la fonction publique pour avoir droit à une retraite de fonctionnaire.\nSi vous avez été d'abord contractuel, vous  avez cotisé au régime général de la Sécurité sociale (  Cnav ) et à l' Ircantec .\nDepuis que vous êtes fonctionnaire, vous cotisez au   SRE  ou à la  CNRACL , selon votre fonction publique d’appartenance, et à la   RAFP .\nÀ votre retraite, vous recevrez une pension de ces 4 caisses de retraite.",
    "text_reader": "\n\nTout dépend si vous avez été titularisé avant ou à partir du 1 er  janvier 2013.\n\n\n\nTitularisé à partir de 2015\nIl faut justifier d'au moins  2 ans de services dans la fonction publique pour avoir droit à une retraite de fonctionnaire.\nSi vous avez été d'abord contractuel, vous  avez cotisé au régime général de la Sécurité sociale (  Cnav ) et à l' Ircantec .\nDepuis que vous êtes fonctionnaire, vous cotisez au   SRE  ou à la  CNRACL , selon votre fonction publique d’appartenance, et à la   RAFP .\nÀ votre retraite, vous recevrez une pension de ces 4 caisses de retraite.",
    "link": "https://www.service-public.fr/particuliers/vosdroits/F623",
    "name": "F623--titularise-e-2015-27.json",
    "arborescence": {
        "audience": "Particuliers",
        "theme": "Travail",
        "dossier": "Retraite d'un agent de la fonction publique (titulaire et non titulaire)",
        "sous_dossier": "",
        "titre": "Agent contractuel, puis titularisé : quels sont les droits pour la retraite ?"
    }
}