{
    "text": "Peut-on passer chez le voisin pour faire des travaux chez soi (tour d'échelle) ? : \n\nOui, à la condition d'obtenir l'accord préalable de votre voisin. À défaut, il faut saisir le juge pour obtenir un droit de passage temporaire. Vous pouvez passer sur le terrain de votre voisin (y poser une échelle ou un échafaudage, ...) s'il n'existe pas d'autre moyen de réaliser des travaux chez vous :  c'est ce que l'on appelle un  tour d'échelle . L'exercice de ce droit nécessite toutefois un accord entre votre voisin et vous.\n\n\n\nVotre voisin est d'accord\nSi votre voisin est d'accord pour vous laisser passer sur son terrain,  il est recommandé de  définir ensemble, par écrit, notamment :\nla durée des travaux,\nles dates et heures de passage,\net les précautions à prendre pour ne pas endommager le terrain.\nUn dédommagement peut être prévu au profit du voisin :\npar le versement d'une indemnité d'occupation pour le trouble de jouissance,\npar la réalisation de réparations en cas de dégâts.\nle tour d'échelle ne repose sur aucun texte, il relève de règles d'usage.",
    "text_reader": "\n\nOui, à la condition d'obtenir l'accord préalable de votre voisin. À défaut, il faut saisir le juge pour obtenir un droit de passage temporaire. Vous pouvez passer sur le terrain de votre voisin (y poser une échelle ou un échafaudage, ...) s'il n'existe pas d'autre moyen de réaliser des travaux chez vous :  c'est ce que l'on appelle un  tour d'échelle . L'exercice de ce droit nécessite toutefois un accord entre votre voisin et vous.\n\n\n\nVotre voisin est d'accord\nSi votre voisin est d'accord pour vous laisser passer sur son terrain,  il est recommandé de  définir ensemble, par écrit, notamment :\nla durée des travaux,\nles dates et heures de passage,\net les précautions à prendre pour ne pas endommager le terrain.\nUn dédommagement peut être prévu au profit du voisin :\npar le versement d'une indemnité d'occupation pour le trouble de jouissance,\npar la réalisation de réparations en cas de dégâts.\nle tour d'échelle ne repose sur aucun texte, il relève de règles d'usage.",
    "link": "https://www.service-public.fr/particuliers/vosdroits/F67",
    "name": "F67--votre-vois-accord-25.json",
    "arborescence": {
        "audience": "Particuliers",
        "theme": "Logement",
        "dossier": "Vie pratique en logement individuel (maison)",
        "sous_dossier": "",
        "titre": "Peut-on passer chez le voisin pour faire des travaux chez soi (tour d'échelle) ?"
    }
}