{
    "text": "Sapeur-pompier volontaire (SPV) : \n Toute personne, en activité professionnelle ou non, peut devenir sapeur-pompier volontaire (SPV) sous réserve de remplir certaines conditions. Le SPV participe sur l'ensemble du territoire aux missions de sécurité civile de toute nature confiées principalement aux services d'incendie et de secours (bien, personne, environnement). L'engagement du SPV est de 5 ans renouvelables. Les missions donnent droit à des indemnités. L'engagement peut être suspendu pour raisons personnelles. \n \n\n\n\n\nDe quoi s'agit-il ?: Toute personne, en activité professionnelle ou non, peut devenir sapeur-pompier volontaire (SPV). Le SPV participe sur l'ensemble du territoire aux missions de sécurité civile de toute nature confiées principalement aux services d'incendie et de secours (bien, personne, environnement). L'activité du SPV repose sur le volontariat. Pour devenir SPV, il faut remplir plusieurs conditions (âge, aptitude physique, conditions civiques et devoir d’obéissance et respect d'une charte nationale). Par opposition aux sapeurs-pompiers professionnels, les SPV ne sont pas rémunérés, mais seulement indemnisés. Le SPV s'engage pour une période de 5 ans, renouvelable automatiquement sous réserve de continuer à respecter les conditions d'engagement initiales.\n\n",
    "text_reader": "\n Toute personne, en activité professionnelle ou non, peut devenir sapeur-pompier volontaire (SPV) sous réserve de remplir certaines conditions. Le SPV participe sur l'ensemble du territoire aux missions de sécurité civile de toute nature confiées principalement aux services d'incendie et de secours (bien, personne, environnement). L'engagement du SPV est de 5 ans renouvelables. Les missions donnent droit à des indemnités. L'engagement peut être suspendu pour raisons personnelles. \n \n\n\n\n\nToute personne, en activité professionnelle ou non, peut devenir sapeur-pompier volontaire (SPV). Le SPV participe sur l'ensemble du territoire aux missions de sécurité civile de toute nature confiées principalement aux services d'incendie et de secours (bien, personne, environnement). L'activité du SPV repose sur le volontariat. Pour devenir SPV, il faut remplir plusieurs conditions (âge, aptitude physique, conditions civiques et devoir d’obéissance et respect d'une charte nationale). Par opposition aux sapeurs-pompiers professionnels, les SPV ne sont pas rémunérés, mais seulement indemnisés. Le SPV s'engage pour une période de 5 ans, renouvelable automatiquement sous réserve de continuer à respecter les conditions d'engagement initiales.\n\n",
    "link": "https://www.service-public.fr/particuliers/vosdroits/F72",
    "name": "F72--de-quoi-sa-git-il-19.json",
    "arborescence": {
        "audience": "Particuliers",
        "theme": "Papiers - Citoyenneté",
        "dossier": "Volontariats",
        "sous_dossier": "Participation à la sécurité civile",
        "titre": "Sapeur-pompier volontaire (SPV)"
    }
}