{
    "text": "Vaccinations contre l'hépatite : \n Les hépatites sont des maladies virales graves en raison des risques de complication et d'évolution de la maladie.\n\t\t\tLa vaccination permet une prévention efficace contre les hépatites A et B. Elle est recommandée pour certaines personnes et obligatoire dans certains cas. \n \n\n\n\n\nCoût : \n\n\nAchat du vaccin\n\n Vaccin contre l'hépatite A \n\nLe vaccin contre l'hépatite A est remboursé à  65 %  par l'assurance maladie pour les personnes suivantes :\npatients ou porteurs d'une maladie chronique active du foie, notamment l'hépatite B et l'hépatite C,\npatients atteints de mucoviscidose.\n\n Vaccin contre l'hépatite B \n\nLe vaccin contre l'hépatite B, acheté sur ordonnance médicale, est remboursé par l'assurance maladie à  65 % .\nInjection\nL'injection du vaccin est  payante , mais remboursée par la Sécurité sociale,  lorsqu'elle est effectuée par un médecin (remboursement à  70 % ) ou une infirmière (remboursement à  60 % ).\nElle est  gratuite  dans un établissement public (dispensaire, centre de protection maternelle et infantile,  centre de vaccination  gratuit).",
    "text_reader": "\n Les hépatites sont des maladies virales graves en raison des risques de complication et d'évolution de la maladie.\n\t\t\tLa vaccination permet une prévention efficace contre les hépatites A et B. Elle est recommandée pour certaines personnes et obligatoire dans certains cas. \n \n\n\n\n\n\n\nCoût \nAchat du vaccin\n\n Vaccin contre l'hépatite A \n\nLe vaccin contre l'hépatite A est remboursé à  65 %  par l'assurance maladie pour les personnes suivantes :\npatients ou porteurs d'une maladie chronique active du foie, notamment l'hépatite B et l'hépatite C,\npatients atteints de mucoviscidose.\n\n Vaccin contre l'hépatite B \n\nLe vaccin contre l'hépatite B, acheté sur ordonnance médicale, est remboursé par l'assurance maladie à  65 % .\nInjection\nL'injection du vaccin est  payante , mais remboursée par la Sécurité sociale,  lorsqu'elle est effectuée par un médecin (remboursement à  70 % ) ou une infirmière (remboursement à  60 % ).\nElle est  gratuite  dans un établissement public (dispensaire, centre de protection maternelle et infantile,  centre de vaccination  gratuit).",
    "link": "https://www.service-public.fr/particuliers/vosdroits/F723",
    "name": "F723--cout-cout-5.json",
    "arborescence": {
        "audience": "Particuliers",
        "theme": "Social - Santé",
        "dossier": "Prévention - Vaccinations",
        "sous_dossier": "Vaccinations",
        "titre": "Vaccinations contre l'hépatite"
    }
}