{
    "text": "Calendrier vaccinal : \n Le calendrier des vaccinations concerne les personnes qui vivent en France. Certaines vaccinations sont obligatoires, d'autres sont simplement recommandées. Des règles spécifiques s'appliquent pour certaines personnes  exposées à un risque particulier ou à certaines professions. \n \n\n\nEnfant né à partir de 2018: \n\nCalendrier des vaccinations: Vaccins Fréquences d'injection BCG (tuberculose) Recommandée dès la naissance et jusqu'à 15 ans pour les enfants exposés à un risque élevé parmi lesquels : - enfants résidant en Île-de-France ou en Guyane, - enfants à antécédents familiaux, nés ou issus de parents originaires d'un pays très touché par la tuberculose, ou vivant dans un habitat précaire... Diphtérie, tétanos et poliomyélite (DTP)   Obligatoire dès la naissance . Les rappels de l'adulte sont recommandés à âges fixes (25, 45, 65 ans puis tous les 10 ans). Coqueluche Obligatoire à l'âge de 2 mois ainsi qu'à  l'entourage du nourrisson si leur dernier rappel de la coqueluche date de plus de 10 ans Fièvre jaune Obligatoire pour les résidents de Guyane, elle est également indispensable pour tout séjour en zone endémique (régions intertropicales d'Afrique et d'Amérique du Sud), même en l'absence d'obligation administrative. L'injection doit être réalisée au moins 10 jours avant le départ. Hépatite B Obligatoire à l'âge de 2 mois. Si la vaccination n'a pas été réalisée au cours de la 1 re  année de vie, elle peut être réalisée jusqu'à 15 ans inclus. Pneumocoque Obligatoire à l'âge de 2 mois Méningocoque Obligatoire à l'âge de 5 mois avec un rattrapage jusqu'à 24 ans inclus Rougeole, Oreillon, Rubéole Obligatoire à l'âge de 12 mois avec une 2 e  dose entre 16 et 18 mois Papillomavirus humains Recommandée chez les jeunes filles de 11 à 14 ans avec un rattrapage jusqu'à 19 inclus Grippe Recommandée chaque année pour les personnes à risques y compris les enfants à partir de 6 mois, les femmes enceintes et les personnes âgées de 65 ans et plus Zona Recommandée chez les personnes âgées de 65 à 74 ans inclus. le détail des vaccinations et leur fréquence est  consultable en ligne   .\n\n",
    "text_reader": "\n Le calendrier des vaccinations concerne les personnes qui vivent en France. Certaines vaccinations sont obligatoires, d'autres sont simplement recommandées. Des règles spécifiques s'appliquent pour certaines personnes  exposées à un risque particulier ou à certaines professions. \n \n\n\n\n\nVaccins Fréquences d'injection BCG (tuberculose) Recommandée dès la naissance et jusqu'à 15 ans pour les enfants exposés à un risque élevé parmi lesquels : - enfants résidant en Île-de-France ou en Guyane, - enfants à antécédents familiaux, nés ou issus de parents originaires d'un pays très touché par la tuberculose, ou vivant dans un habitat précaire... Diphtérie, tétanos et poliomyélite (DTP)   Obligatoire dès la naissance . Les rappels de l'adulte sont recommandés à âges fixes (25, 45, 65 ans puis tous les 10 ans). Coqueluche Obligatoire à l'âge de 2 mois ainsi qu'à  l'entourage du nourrisson si leur dernier rappel de la coqueluche date de plus de 10 ans Fièvre jaune Obligatoire pour les résidents de Guyane, elle est également indispensable pour tout séjour en zone endémique (régions intertropicales d'Afrique et d'Amérique du Sud), même en l'absence d'obligation administrative. L'injection doit être réalisée au moins 10 jours avant le départ. Hépatite B Obligatoire à l'âge de 2 mois. Si la vaccination n'a pas été réalisée au cours de la 1 re  année de vie, elle peut être réalisée jusqu'à 15 ans inclus. Pneumocoque Obligatoire à l'âge de 2 mois Méningocoque Obligatoire à l'âge de 5 mois avec un rattrapage jusqu'à 24 ans inclus Rougeole, Oreillon, Rubéole Obligatoire à l'âge de 12 mois avec une 2 e  dose entre 16 et 18 mois Papillomavirus humains Recommandée chez les jeunes filles de 11 à 14 ans avec un rattrapage jusqu'à 19 inclus Grippe Recommandée chaque année pour les personnes à risques y compris les enfants à partir de 6 mois, les femmes enceintes et les personnes âgées de 65 ans et plus Zona Recommandée chez les personnes âgées de 65 à 74 ans inclus. le détail des vaccinations et leur fréquence est  consultable en ligne   .\n\n",
    "link": "https://www.service-public.fr/particuliers/vosdroits/F724",
    "name": "F724--enfant-ne--e-2018-26--calendrier-ations-27.json",
    "arborescence": {
        "audience": "Particuliers",
        "theme": "Social - Santé",
        "dossier": "Prévention - Vaccinations",
        "sous_dossier": "Vaccinations",
        "titre": "Calendrier vaccinal"
    }
}