{
    "text": "Allocation de soutien familial (ASF) : parents séparés : \n L'allocation de soutien familial (ASF) est versée par la caisse d'allocations familiales (Caf) ou la Mutualité sociale agricole (MSA) à la personne qui élève seule son enfant privé de l'aide de l'un de ses parents, sous conditions. \n \n\n\n\n\nDémarche: \n\nRégime agricole (MSA)\nVous devez remplir et envoyer à votre MSA le formulaire cerfa n°12038 de demande d'ASF (et le formulaire n°11423 de déclaration de situation, accessible à la fin du formulaire n°12038). Ils doivent être accompagnés des pièces demandées dans le formulaire en fonction de votre situation.",
    "text_reader": "\n L'allocation de soutien familial (ASF) est versée par la caisse d'allocations familiales (Caf) ou la Mutualité sociale agricole (MSA) à la personne qui élève seule son enfant privé de l'aide de l'un de ses parents, sous conditions. \n \n\n\n\n\n\n\nRégime agricole (MSA)\nVous devez remplir et envoyer à votre MSA le formulaire cerfa n°12038 de demande d'ASF (et le formulaire n°11423 de déclaration de situation, accessible à la fin du formulaire n°12038). Ils doivent être accompagnés des pièces demandées dans le formulaire en fonction de votre situation.",
    "link": "https://www.service-public.fr/particuliers/vosdroits/F815",
    "name": "F815--demarche-marche-8--regime-agr-le-msa-21.json",
    "arborescence": {
        "audience": "Particuliers",
        "theme": "Famille",
        "dossier": "Allocations destinées aux familles",
        "sous_dossier": "Allocation de soutien familial (ASF)",
        "titre": "Allocation de soutien familial (ASF) : parents séparés"
    }
}