{
    "text": "Conduire un scooter des mers : quelles sont les règles ? : \n Pour conduire un scooter des mers (ou  jet-ski ), comme pour tout  véhicule nautique à moteur (VNM) , il faut avoir le  permis plaisance (excepté dans 2 cas) et être en possession de documents obligatoires. Des règles de distance de navigation doivent être respectées. Un matériel de sécurité à bord est exigé. \n \n\n\n\n\nMatériel de sécurité: La liste de matériels de sécurité varie selon que vous franchisez ou non les 2 milles nautiques d'un  abri.\n\nJusqu'à 2 milles nautiques d'un abri\nVous devez avoir le matériel de sécurité suivant :\nÉquipement individuel de flottabilité par personne ou une combinaison portée\nMoyen de repérage lumineux individuel étanche (type lampe flash) ayant une autonomie d'au moins 6 heures\nDispositif de remorquage (point d'ancrage et bout de remorquage)\nPompe à main\nMoyen de connaître les heures et coefficient de marée",
    "text_reader": "\n Pour conduire un scooter des mers (ou  jet-ski ), comme pour tout  véhicule nautique à moteur (VNM) , il faut avoir le  permis plaisance (excepté dans 2 cas) et être en possession de documents obligatoires. Des règles de distance de navigation doivent être respectées. Un matériel de sécurité à bord est exigé. \n \n\n\n\n\nLa liste de matériels de sécurité varie selon que vous franchisez ou non les 2 milles nautiques d'un  abri.\n\nJusqu'à 2 milles nautiques d'un abri\nVous devez avoir le matériel de sécurité suivant :\nÉquipement individuel de flottabilité par personne ou une combinaison portée\nMoyen de repérage lumineux individuel étanche (type lampe flash) ayant une autonomie d'au moins 6 heures\nDispositif de remorquage (point d'ancrage et bout de remorquage)\nPompe à main\nMoyen de connaître les heures et coefficient de marée",
    "link": "https://www.service-public.fr/particuliers/vosdroits/F839",
    "name": "F839--materiel-d-curite-20--jusqua-2-m-n-abri-36.json",
    "arborescence": {
        "audience": "Particuliers",
        "theme": "Loisirs",
        "dossier": "Permis bateau et navigation de plaisance",
        "sous_dossier": "",
        "titre": "Conduire un scooter des mers : quelles sont les règles ?"
    }
}