{
    "text": "Redevance télé (contribution à l'audiovisuel public) : \n Vous devez payer la contribution à l'audiovisuel public si vous êtes imposable à la taxe d'habitation et  que votre logement au 1 er  janvier de l'année d'imposition dispose d'un téléviseur ou un dispositif assimilé. Certaines personnes peuvent bénéficier d'une exonération. \n \n\n\n\n\nQui est concerné ?: \n\nVous êtes exonéré de taxe d'habitation\nVous n'avez pas à payer la contribution à l'audiovisuel public.",
    "text_reader": "\n Vous devez payer la contribution à l'audiovisuel public si vous êtes imposable à la taxe d'habitation et  que votre logement au 1 er  janvier de l'année d'imposition dispose d'un téléviseur ou un dispositif assimilé. Certaines personnes peuvent bénéficier d'une exonération. \n \n\n\n\n\n\n\nVous êtes exonéré de taxe d'habitation\nVous n'avez pas à payer la contribution à l'audiovisuel public.",
    "link": "https://www.service-public.fr/particuliers/vosdroits/F88",
    "name": "F88--qui-est-co-ncerne-18--vous-etes--tation-38.json",
    "arborescence": {
        "audience": "Particuliers",
        "theme": "Argent",
        "dossier": "Impôts locaux",
        "sous_dossier": "",
        "titre": "Redevance télé (contribution à l'audiovisuel public)"
    }
}