{
    "text": "Congé de conversion : \n \n Le congé de conversion permet au salarié dont le licenciement économique est envisagé de bénéficier, sous conditions, d'actions destinées à favoriser son reclassement. \n \n\n\n\n\nBénéficiaires: Le salarié peut bénéficier d'un congé de conversion dans les conditions suivantes : son emploi doit être supprimé dans le cadre d'un licenciement pour motif économique, l'entreprise a signé avec l'État une convention de congé de conversion, il est volontaire pour y adhérer.\n\n",
    "text_reader": "\n \n Le congé de conversion permet au salarié dont le licenciement économique est envisagé de bénéficier, sous conditions, d'actions destinées à favoriser son reclassement. \n \n\n\n\n\nLe salarié peut bénéficier d'un congé de conversion dans les conditions suivantes : son emploi doit être supprimé dans le cadre d'un licenciement pour motif économique, l'entreprise a signé avec l'État une convention de congé de conversion, il est volontaire pour y adhérer.\n\n",
    "link": "https://www.service-public.fr/particuliers/vosdroits/F884",
    "name": "F884--beneficiai-iaires-13.json",
    "arborescence": {
        "audience": "Particuliers",
        "theme": "Travail",
        "dossier": "Licenciement économique",
        "sous_dossier": "Congés spécifiques",
        "titre": "Congé de conversion"
    }
}