{
    "text": "Impôt sur le revenu - Frais de scolarité des enfants (réduction) : \n\nCas général: \n\nDéclaration: Pour remplir votre déclaration de revenus, vous pouvez consulter la  notice explicative  ainsi que le  guide de l'impôt sur le revenu   . Vous devez notamment indiquer les informations suivantes sur votre déclaration : Nombre d'enfants scolarisés Nom et prénom Nom de l'établissement Classe que l'enfant fréquente s'il est inscrit dans le secondaire Vous n'avez pas besoin de joindre le certificat de scolarité de l'enfant, mais vous devez le conserver en cas de demande de l'administration fiscale.\n\nEn ligne\nLors de votre déclaration en ligne, vous devrez indiquer ces frais dans la partie  Réductions d'impôt - Crédits d'impôt  à la rubrique  Nombre d'enfants à charge poursuivant leurs études  :",
    "text_reader": "\n\n\n\nPour remplir votre déclaration de revenus, vous pouvez consulter la  notice explicative  ainsi que le  guide de l'impôt sur le revenu   . Vous devez notamment indiquer les informations suivantes sur votre déclaration : Nombre d'enfants scolarisés Nom et prénom Nom de l'établissement Classe que l'enfant fréquente s'il est inscrit dans le secondaire Vous n'avez pas besoin de joindre le certificat de scolarité de l'enfant, mais vous devez le conserver en cas de demande de l'administration fiscale.\n\nEn ligne\nLors de votre déclaration en ligne, vous devrez indiquer ces frais dans la partie  Réductions d'impôt - Crédits d'impôt  à la rubrique  Nombre d'enfants à charge poursuivant leurs études  :",
    "link": "https://www.service-public.fr/particuliers/vosdroits/F9",
    "name": "F9--cas-genera-eneral-11--declaratio-ration-11--en-ligne--ligne-8.json",
    "arborescence": {
        "audience": "Particuliers",
        "theme": "Argent",
        "dossier": "Impôt sur le revenu : déductions, réductions et crédits d'impôt",
        "sous_dossier": "Aides fiscales liées à la famille",
        "titre": "Impôt sur le revenu - Frais de scolarité des enfants (réduction)"
    }
}