{
    "text": "Charges à payer par le locataire (charges \"locatives\" ou \"récupérables\") : \n Les charges locatives (ou   charges récupérables ) sont des dépenses payées  initialement par le propriétaire, mais que celui-ci peut se faire rembourser par le locataire. La liste des  charges locatives est fixée réglementairement. Selon la nature du bail (logement vide ou meublé), le mode de paiement peut s'effectuer  soit par le versement de provisions pour charges avec  régularisation annuelle, soit par  forfait. \n \n\n\n\n\nMode de paiement: le locataire qui a des difficultés à  payer ses charges peut, dans certains cas, demander au propriétaire des délais de paiement.\n\nBail signé avant le 27 mars 2014 et faisant référence à la liste des charges récupérables\nLe paiement des charges se fait par provisions  (avances de même montant) avec régularisation annuelle.",
    "text_reader": "\n Les charges locatives (ou   charges récupérables ) sont des dépenses payées  initialement par le propriétaire, mais que celui-ci peut se faire rembourser par le locataire. La liste des  charges locatives est fixée réglementairement. Selon la nature du bail (logement vide ou meublé), le mode de paiement peut s'effectuer  soit par le versement de provisions pour charges avec  régularisation annuelle, soit par  forfait. \n \n\n\n\n\nle locataire qui a des difficultés à  payer ses charges peut, dans certains cas, demander au propriétaire des délais de paiement.\n\nBail signé avant le 27 mars 2014 et faisant référence à la liste des charges récupérables\nLe paiement des charges se fait par provisions  (avances de même montant) avec régularisation annuelle.",
    "link": "https://www.service-public.fr/particuliers/vosdroits/F947",
    "name": "F947--mode-de-pa-iement-16--bail-signe-rables-89.json",
    "arborescence": {
        "audience": "Particuliers",
        "theme": "Logement",
        "dossier": "Location immobilière : obligations du locataire",
        "sous_dossier": "Dépenses locatives",
        "titre": "Charges à payer par le locataire (charges \"locatives\" ou \"récupérables\")"
    }
}