{
    "text": "Pension alimentaire versée pour un enfant : montant et versement : \n Chacun des parents doit contribuer à l'entretien et à l'éducation des enfants, en fonction de ses ressources et des besoins de l'enfant. Le montant de la pension alimentaire est fixé par le juge aux affaires familiales. \n \n\n\n\n\nConditions: Même en cas de séparation ou de divorce, chacun des parents doit contribuer à l'entretien et à l'éducation des enfants, en fonction de ses ressources et des besoins de l'enfant. Cette obligation peut se poursuivre lorsque  l'enfant est majeur . Cette contribution peut être versée sous forme d'une pension alimentaire. Elle est due par l'un des parents à l'autre ou à la personne à laquelle l'enfant a été confié.\n\nharente-Maritime (17)\nLes parents qui se séparent (fin de vie en concubinage ou dissolution de leur pacte civil de solidarité) peuvent rédiger une convention, dite convention parentale.\nCette convention fixe :\nles conditions de  l'exercice de l'autorité parentale  par chacun des parents,\net la contribution de chacun à l'entretien et à l'éducation de l'enfant (pension alimentaire).\nLes parents peuvent saisir conjointement le directeur de la CAF, ou de la MSA, d'une demande de délivrance d'un titre exécutoire pour la convention. Pour cela ils ne doivent pas avoir engagé une procédure auprès du juge aux affaires familiales (Jaf).   Ils adressent la demande de délivrance de titre exécutoire  à l'une des 6 Caf habilitées, en fonction du lieu de résidence. Le  formulaire de demande doit être signé et accompagné de la convention parentale ainsi que de l'ensemble des pièces justificatives requises pour permettre l'étude du dossier.\nChacun des parents recevra un exemplaire de ce titre exécutoire et pourra s'en prévaloir auprès des tiers (ex : trésor public, huissier, caisse), notamment en vue de permettre un recouvrement de la pension alimentaire en cas d'impayé.",
    "text_reader": "\n Chacun des parents doit contribuer à l'entretien et à l'éducation des enfants, en fonction de ses ressources et des besoins de l'enfant. Le montant de la pension alimentaire est fixé par le juge aux affaires familiales. \n \n\n\n\n\nMême en cas de séparation ou de divorce, chacun des parents doit contribuer à l'entretien et à l'éducation des enfants, en fonction de ses ressources et des besoins de l'enfant. Cette obligation peut se poursuivre lorsque  l'enfant est majeur . Cette contribution peut être versée sous forme d'une pension alimentaire. Elle est due par l'un des parents à l'autre ou à la personne à laquelle l'enfant a été confié.\n\nCharente-Maritime (17)\nLes parents qui se séparent (fin de vie en concubinage ou dissolution de leur pacte civil de solidarité) peuvent rédiger une convention, dite convention parentale.\nCette convention fixe :\nles conditions de  l'exercice de l'autorité parentale  par chacun des parents,\net la contribution de chacun à l'entretien et à l'éducation de l'enfant (pension alimentaire).\nLes parents peuvent saisir conjointement le directeur de la CAF, ou de la MSA, d'une demande de délivrance d'un titre exécutoire pour la convention. Pour cela ils ne doivent pas avoir engagé une procédure auprès du juge aux affaires familiales (Jaf).   Ils adressent la demande de délivrance de titre exécutoire  à l'une des 6 Caf habilitées, en fonction du lieu de résidence. Le  formulaire de demande doit être signé et accompagné de la convention parentale ainsi que de l'ensemble des pièces justificatives requises pour permettre l'étude du dossier.\nChacun des parents recevra un exemplaire de ce titre exécutoire et pourra s'en prévaloir auprès des tiers (ex : trésor public, huissier, caisse), notamment en vue de permettre un recouvrement de la pension alimentaire en cas d'impayé.",
    "link": "https://www.service-public.fr/particuliers/vosdroits/F991",
    "name": "F991--conditions-itions-10--charente-m-ime-17-22.json",
    "arborescence": {
        "audience": "Particuliers",
        "theme": "Famille",
        "dossier": "Séparation des parents",
        "sous_dossier": "Pension alimentaire",
        "titre": "Pension alimentaire versée pour un enfant : montant et versement"
    }
}