{
    "text": "Faire une demande de logement social (HLM) : Pour obtenir un logement social (ou logement HLM), vous devez faire votre demande en ligne ou sur place (au guichet). Vous avez besoin d'un justificatif d'identité ou d'un titre de séjour. Si vous remplissez les conditions pour avoir droit à un logement, le temps d'attente pour l'obtenir dépend du lieu où vous voulez habiter et du nombre de personnes à loger. En Province: Conditions de revenu: Pour obtenir un logement, le total des revenus annuels (revenu fiscal de référence indiqué sur l'avis d'imposition) des personnes à loger ne doit pas dépasser un montant maximum. Vous ne vivez plus avec la personne avec qui vous avez déclaré vos impôts Si votre avis d'imposition comporte vos revenus et celles de la personne avec qui vous avez vécu en couple , il est possible que seuls vos revenus soient prises en compte. Pour cela, il faut que vous soyez dans l'une des situations suivantes : Vous êtes en instance de divorce. Il faut alors fournir un des documents suivants : Ordonnance de non-conciliation Copie de l'acte de saisine du juge aux affaires familiales Justificatif d'un avocat attestant que la procédure de divorce par consentement mutuel extrajudiciaire est en cours Décision du juge ou l'ordonnance de protection délivrée par le juge des affaires familiales (en cas de situation d'urgence) Vous êtes divorcé. Il faut alors fournir le jugement de divorce ou, en cas de divorce par consentement mutuel, la convention homologuée. Votre Pacs est dissout. Il faut alors fournir l'acte de naissance portant la mention Pacs dissous. Votre époux est décédé. Il faut alors fournir la copie du certificat de décès ou du livret de famille. Vous êtes victime de violences au sein de votre couple, attestées par le récépissé d'un dépôt de plainte Vous êtes marié, bénéficiaire de la protection internationale et vous résidez seul en France",
    "text_reader": "\n Pour obtenir un logement social (ou logement HLM), vous devez faire votre demande en ligne ou sur place (au guichet). Vous avez besoin d'un  justificatif d'identité ou d'un titre de séjour.  Si vous remplissez les conditions  pour avoir droit à un logement, le temps d'attente pour l'obtenir dépend du lieu où vous voulez habiter et du nombre de personnes à loger. \n Pour obtenir un logement, le total des  revenus annuels (revenu fiscal de référence indiqué sur l'avis d'imposition) des  personnes à loger  ne doit pas dépasser un montant maximum.\n\nVous ne vivez plus avec la personne avec qui vous avez déclaré vos impôts\nSi  votre avis d'imposition  comporte vos revenus  et celles de la personne avec qui  vous avez vécu  en couple , il est possible que seuls vos revenus soient prises en compte. Pour cela, il faut que vous soyez dans l'une des situations suivantes :\nVous êtes en instance de divorce. Il faut alors fournir un des documents suivants :\nOrdonnance de non-conciliation\nCopie de l'acte de saisine du juge aux affaires familiales\nJustificatif d'un avocat attestant que la procédure de divorce par consentement mutuel extrajudiciaire est en cours\nDécision du juge ou l'ordonnance de protection délivrée par le juge des affaires familiales (en cas de situation d'urgence)\nVous êtes divorcé. Il faut alors fournir le jugement de divorce ou, en cas de divorce par consentement mutuel, la convention homologuée.\nVotre   Pacs  est dissout. Il faut alors fournir l'acte de naissance portant la mention  Pacs dissous. \n\nVotre époux est décédé. Il faut alors fournir la copie du certificat de décès ou du livret de famille.\nVous êtes victime de violences au sein de votre couple, attestées par le récépissé d'un dépôt de plainte\nVous êtes marié, bénéficiaire de la protection internationale et vous résidez seul en France",
    "link": "https://www.service-public.fr/particuliers/vosdroits/F10007",
    "name": "F10007--en-provinc-ovince-11--conditions-revenu-20--vous-ne-vi-impots-73.json",
    "arborescence": {
        "theme": "Logement",
        "sous_theme": "Location immobilière",
        "dossier": "Accéder à un logement social",
        "sous_dossier": "",
        "fiche": "Demande d'un logement social",
        "id": "F10007"
    }
}