{
    "text": "Conseil de prud'hommes (CPH) : déroulement d'une affaire : La procédure prud'homale prévoit, dans un premier temps, une phase de conciliation entre les parties (le demandeur et le défendeur), sauf exception. En cas de conciliation totale, le litige prend fin. S'il n'est pas possible de concilier les parties, les éléments de l'affaire encore litigieux font alors l'objet d'un jugement. En cas d'urgence, le conseil de prud'hommes (CPH) peut ordonner des mesures dans le cadre d'un référé. Convocation à l'audience: En l'absence de conciliation, les parties sont convoquées en audience devant le bureau de jugement, qui se charge de trancher le litige. Le bureau de jugement s'assure, si nécessaire, que l'ensemble des conclusions et pièces sont bien transmises entre les parties dans la perspective de l'audience. ",
    "text_reader": "\n La procédure prud'homale prévoit, dans un premier temps, une phase de conciliation entre les parties (le demandeur et le défendeur), sauf exception. En cas de conciliation totale, le litige prend fin. S'il n'est pas possible de concilier les parties, les éléments de l'affaire encore litigieux font alors l'objet d'un jugement. En cas d'urgence, le conseil de prud'hommes (CPH) peut ordonner des mesures dans le cadre d'un référé. \n En l'absence de conciliation, les parties sont convoquées en audience devant le bureau de jugement, qui se charge de trancher le litige. Le bureau de jugement s'assure, si nécessaire, que l'ensemble des conclusions et pièces sont bien transmises entre les parties dans la perspective de l'audience.\n\n",
    "link": "https://www.service-public.fr/particuliers/vosdroits/F1052",
    "name": "F1052--convocatio-dience-24.json",
    "arborescence": {
        "theme": "Travail",
        "sous_theme": "Relations individuelles et collectives de travail",
        "dossier": "Conflits du travail dans le secteur privé",
        "sous_dossier": "Conseil de prud'hommes",
        "fiche": "Déroulement d'une affaire aux pud'hommes",
        "id": "F1052"
    }
}