{
    "text": "Quels sont les diagnostics immobiliers à fournir en cas de vente ? : Les diagnostics à remettre à l'acquéreur varient selon qu'il s'agit de la vente d'une maison individuelle ou d'un logement en copropriété. Maison individuelle Le vendeur doit fournir à l'acquéreur l'ensemble des diagnostics suivants : Diagnostic de performance énergétique (DPE) , sauf en cas de vente d'un logement en l'état futur d'achèvement (Véfa) Constat de risque d'exposition au plomb (Crep) État mentionnant la présence ou l'absence d'amiante État de l'installation intérieure de l'électricité si l'installation a plus de 15 ans État de l'installation intérieure du gaz si l'installation a plus de 15 ans État de l'installation d'assainissement non collectif État relatif à la présence de termites permettant de savoir si la maison est située dans une zone à risque État des risques et pollutions (naturels, miniers, technologiques, sismiques, radon...) permettant de savoir si la maison est située dans une zone à risque Diagnostic Bruit Le vendeur doit également mentionner à l'acquéreur la présence d'un risque de mérule (champignon) dans la construction lorsque la maison est située dans une zone à risque ayant fait l'objet d'un arrêté. L'arrêté est consultable en préfecture du département ou sur son site internet. À Paris : Ces diagnostics et information doivent être regroupés au sein d'un dossier de diagnostic technique (DDT) qui doit être annexé à la promesse de vente ou, à défaut, à l'acte de vente. les diagnostics doivent être réalisés en amont, de préférence avant même la publication des annonces de vente.",
    "text_reader": "\n\nLes diagnostics à remettre à l'acquéreur varient selon qu'il s'agit de la vente d'une maison individuelle ou d'un logement en copropriété.Maison individuelle\nLe vendeur doit fournir à l'acquéreur l'ensemble des diagnostics suivants :\n\n Diagnostic de performance énergétique (DPE) , sauf en cas de vente d'un  logement en l'état futur d'achèvement (Véfa) \n\n\n Constat de risque d'exposition au plomb (Crep) \n\n\n État mentionnant la présence ou l'absence d'amiante \n\n\n État de l'installation intérieure de l'électricité  si l'installation a plus de 15 ans\n\n État de l'installation intérieure du gaz  si l'installation a plus de 15 ans\n\n État de l'installation d'assainissement non collectif \n\n\n État relatif à la présence de termites  permettant de savoir si la maison est située dans une zone à risque\n\n État des risques et pollutions (naturels, miniers, technologiques, sismiques, radon...)  permettant de savoir si la maison est située dans une zone à risque\n\n Diagnostic Bruit \n\nLe vendeur doit également mentionner à l'acquéreur la présence d'un risque de mérule (champignon) dans la construction lorsque la maison est située dans une zone à risque ayant fait l'objet d'un arrêté. L'arrêté est consultable en préfecture du département ou sur son site internet.\nÀ Paris :\nCes diagnostics et information doivent être regroupés au sein d'un dossier de diagnostic technique (DDT) qui doit être annexé à la promesse de vente ou, à défaut, à l'acte de vente.\nles diagnostics doivent être réalisés en amont, de préférence avant même la publication des annonces de vente.",
    "link": "https://www.service-public.fr/particuliers/vosdroits/F10798",
    "name": "F10798--maison-ind-duelle-19.json",
    "arborescence": {
        "theme": "Logement",
        "sous_theme": "Protection et sécurité de l'habitat",
        "dossier": "Diagnostic immobilier",
        "sous_dossier": "",
        "fiche": "Quels sont les diagnostics immobiliers à fournir en cas de vente ?",
        "id": "F10798"
    }
}