{
    "text": "Remboursement d'une consultation médicale pour un enfant : Le remboursement des consultations médicales pour un enfant de moins de 16 ans obéit à des règles spécifiques. Selon que le médecin consulté est un généraliste, un pédiatre ou un spécialiste, le montant et le remboursement de la consultation est différent. Consultation d'un médecin généraliste: Généraliste consulté Âge de l'enfant Tarif Base du remboursement Montant remboursé Secteur 1 Moins de 6 ans 30 € 30 € 21 € De 6 à 16 ans 25 € 25 € 17,50 € Consultation complexe 46 € 46 € 32,20 € Consultation très complexe 60 € 60 € 42 € Adhérant au contrat d'accès aux soins Moins de 6 ans Honoraires avec dépassements maîtrisés 30 € 21 € De 6 à 16 ans 25 € 17,50 € Secteur 2 Moins de 6 ans Honoraires libres 30 € 21 € De 6 à 16 ans 25 € 17,50 € les consultations obligatoires (8 e jour, 9 e et 24 e mois) et la 1 ère consultation d'une jeune fille de 15 à 18 ans souhaitant obtenir une contraception sont au tarif de 46 € et remboursées à 100 % . ",
    "text_reader": "\n Le remboursement des consultations médicales pour un enfant de moins de 16 ans obéit à des règles spécifiques. Selon que le médecin consulté est un généraliste, un pédiatre ou un spécialiste, le montant et le remboursement de la consultation est différent. \n Généraliste consulté Âge de l'enfant Tarif Base du remboursement Montant remboursé Secteur 1 Moins de 6 ans   30 €     30 €     21 €   De 6 à 16 ans   25 €     25 €     17,50 €     Consultation complexe     46 €     46 €     32,20 €     Consultation très complexe     60 €     60 €     42 €     Adhérant au contrat d'accès aux soins   Moins de 6 ans Honoraires avec dépassements maîtrisés   30 €     21 €   De 6 à 16 ans   25 €     17,50 €   Secteur 2 Moins de 6 ans Honoraires libres   30 €     21 €   De 6 à 16 ans   25 €     17,50 €   les  consultations obligatoires  (8 e  jour, 9 e  et 24 e  mois) et la 1 ère  consultation d'une jeune fille de 15 à 18 ans souhaitant obtenir une contraception sont au tarif de  46 €  et remboursées à  100 % .\n\n",
    "link": "https://www.service-public.fr/particuliers/vosdroits/F10874",
    "name": "F10874--consultati-aliste-37.json",
    "arborescence": {
        "theme": "Social - Santé",
        "sous_theme": "Sécurité sociale",
        "dossier": "Remboursement des soins par la sécurité sociale",
        "sous_dossier": "Remboursement par type de dépense",
        "fiche": "Consultation médicale d'un enfant",
        "id": "F10874"
    }
}