{
    "text": "Regroupement familial : Un étranger qui a un titre de séjour en France, peut être rejoint par son époux et ses enfants. C'est ce qu'on appelle la procédure de regroupement familial . L'étranger qui se trouve en France et sa famille le rejoignant doivent remplir certaines conditions. Pour une famille algérienne: De quoi s'agit-il ?: La procédure de regroupement familial permet au demandeur d'être rejoint en France par son époux(se) et ses enfants. ",
    "text_reader": "\n Un étranger qui a un titre de séjour en France, peut être rejoint par son époux et ses enfants. C'est ce qu'on appelle la procédure de  regroupement familial . L'étranger qui se trouve en France et sa famille le rejoignant doivent remplir certaines conditions. \n La procédure de regroupement familial permet au demandeur d'être rejoint en France par son époux(se) et ses enfants.\n\n",
    "link": "https://www.service-public.fr/particuliers/vosdroits/F11166",
    "name": "F11166--pour-une-f-rienne-27--de-quoi-sa-git-il-19.json",
    "arborescence": {
        "theme": "Étranger",
        "sous_theme": "Étranger en France",
        "dossier": "Installation en France d'une famille étrangère",
        "sous_dossier": "",
        "fiche": "Regroupement familial",
        "id": "F11166"
    }
}