{
    "text": "Dans quel cas peut-on procéder à l'exhumation d'un corps ? : L'exhumation qui consiste à sortir un cercueil ou les restes du défunt d'une fosse ou d'un caveau, est soumise à une autorisation. Elle peut être demandée par la famille du défunt ou avoir lieu à l'initiative de la mairie, de la sécurité sociale ou de la justice. À la demande de la famille: Cas général L'exhumation doit être demandée au maire de la commune où elle doit avoir lieu.",
    "text_reader": "\n L'exhumation qui consiste à sortir un cercueil ou les restes du défunt d'une fosse ou d'un caveau, est soumise à une autorisation. Elle peut être demandée par la famille du défunt ou avoir lieu à l'initiative de la mairie, de la sécurité sociale ou de la justice. \n Cas général\nL'exhumation doit être demandée au maire de la commune où elle doit avoir lieu.",
    "link": "https://www.service-public.fr/particuliers/vosdroits/F1115",
    "name": "F1115--a-la-deman-amille-26--cas-genera-eneral-11.json",
    "arborescence": {
        "theme": "Famille",
        "sous_theme": "Décès",
        "dossier": "Déclaration de décès, obsèques et sépulture",
        "sous_dossier": "",
        "fiche": "Dans quel cas peut-on procéder à l'exhumation d'un corps ?",
        "id": "F1115"
    }
}