{
    "text": "Orientation au collège : La scolarité au collège comprend 2 cycles d'enseignement (la fin du cycle 3 et le cycle 4). À la fin de chaque année scolaire, le conseil de classe prend des décisions d'orientation après un dialogue avec la famille. L'élève passe alors en classe supérieure. Il peut aussi exceptionnellement redoubler. En 3e (fin du cycle 4): La classe de 3 e marque la fin du cycle des approfondissements. Le collégien y précise son projet personnel d'étude. Il participe, avec sa famille, à un entretien personnalisé d'orientation, mené par le professeur principal de la classe. Cela lui permet de fixer les étapes et les démarches nécessaires pour préparer son orientation. Nord-Pas-de-Calais-Picardie Amiens Lille",
    "text_reader": "\n La scolarité au collège comprend 2 cycles d'enseignement (la fin du cycle 3 et le cycle 4). À la fin de chaque  année scolaire, le conseil de classe prend des décisions d'orientation après un dialogue avec la famille. L'élève passe alors en classe supérieure. Il peut aussi exceptionnellement redoubler. \n La classe de 3 e  marque la fin du cycle des approfondissements. Le collégien y précise son projet personnel d'étude. Il participe, avec sa famille, à un entretien personnalisé d'orientation, mené par le professeur principal de la classe. Cela lui permet de fixer les étapes et les démarches nécessaires pour préparer son orientation. \n\nNord-Pas-de-Calais-Picardie\nAmiens\nLille",
    "link": "https://www.service-public.fr/particuliers/vosdroits/F112",
    "name": "F112--en-3e-fin--ycle-4-22--nord-pas-d-cardie-27.json",
    "arborescence": {
        "theme": "Famille",
        "sous_theme": "Scolarité",
        "dossier": "Collège et lycée",
        "sous_dossier": "Parcours scolaire et orientation",
        "fiche": "Collège",
        "id": "F112"
    }
}