{
    "text": "Aide à la création ou à la reprise d'une entreprise (Acre) : L'aide à la création ou à la reprise d'une entreprise (Acre) consiste en une exonération partielle de charges sociales, dite exonération de début d'activité , et un accompagnement pendant les premières années d'activité. Elle permet aussi à certains bénéficiaires de prétendre à d'autres formes d'aides. Les conditions d'attribution de l'Acre (bénéficiaires, formalités et taux d'exonération) dépendent de la date de votre souscription au dispositif (depuis le 1 er janvier 2020 ou avant cette date). Depuis 2020: Maintien des revenus sociaux: Vous percevez une allocation veuvage Maintien de l'allocation durant la 1ère année d'activité de l'entreprise",
    "text_reader": "\n L'aide à la création ou à la reprise d'une entreprise (Acre)  consiste  en une exonération partielle de charges sociales, dite  exonération de début d'activité , et un accompagnement pendant les premières années d'activité. Elle permet aussi à certains bénéficiaires de prétendre à d'autres formes d'aides. Les conditions d'attribution de l'Acre (bénéficiaires, formalités et taux d'exonération) dépendent de la date de votre souscription au dispositif (depuis le 1 er  janvier 2020 ou avant cette date). \n Vous percevez une allocation veuvage\nMaintien de l'allocation durant la 1ère année d'activité de l'entreprise",
    "link": "https://www.service-public.fr/particuliers/vosdroits/F11677",
    "name": "F11677--depuis-202-s-2020-11--maintien-d-ociaux-28--vous-perce-euvage-36.json",
    "arborescence": {
        "theme": "Social - Santé",
        "sous_theme": "Chômage",
        "dossier": "Chômage : aides à la création ou la reprise d'entreprise",
        "sous_dossier": "",
        "fiche": "Acre : exonération partielle de charges sociales",
        "id": "F11677"
    }
}