{
    "text": "Préavis et formalités du congé donné par le locataire : Le locataire peut quitter définitivement le logement en donnant congé (ou préavis) au propriétaire (ou bailleur) sous certaines conditions, notamment de délai (durée de préavis). Logement vide: Délai de préavis: La durée du délai de préavis varie selon que le logement se situe en zone tendue ou non. Vous pouvez vérifier si votre logement est situé en zone tendue : Cas général Délai de préavis : 3 mois . Le locataire n'a pas à indiquer le motif de son départ. Lorsque le locataire part et rend les clés avant la fin du préavis, le délai peut être réduit à proportion, si le propriétaire accepte un nouveau locataire ou fait de lourds travaux de rénovation.",
    "text_reader": "\n Le locataire peut quitter définitivement le logement en donnant congé (ou préavis) au propriétaire (ou bailleur) sous certaines conditions, notamment de délai (durée de préavis). \n La durée du  délai de préavis varie selon que le logement  se situe en zone tendue ou non. Vous pouvez vérifier si votre logement est situé en zone tendue :\n\nCas général\nDélai de préavis :  3 mois .\nLe locataire n'a pas à indiquer le motif de son départ.\n\n Lorsque le locataire part et  rend les clés avant la fin du   préavis,  le  délai peut être réduit à proportion, si  le propriétaire accepte un nouveau locataire ou fait  de lourds travaux de rénovation.",
    "link": "https://www.service-public.fr/particuliers/vosdroits/F1168",
    "name": "F1168--logement-v-t-vide-13--delai-de-p-reavis-16--cas-genera-eneral-11.json",
    "arborescence": {
        "theme": "Logement",
        "sous_theme": "Location immobilière",
        "dossier": "Location immobilière : fin du bail",
        "sous_dossier": "",
        "fiche": "Préavis et formalités du congé donné par le locataire",
        "id": "F1168"
    }
}