{
    "text": "Peut-on encore demander une recherche dans l'intérêt des familles (Rif) ? : Non, il n'est plus possible de déposer une demande de recherche dans l'intérêt des familles. Cette procédure a été supprimée. Mais vous pouvez savoir si la personne est toujours en vie. La personne disparue est mineure: Vous devez contacter la police ou la gendarmerie qu'il s'agisse d'un enlèvement parental ou d'un autre motif de disparition d'un mineur . ",
    "text_reader": "\n Non, il n'est plus possible de déposer une demande de recherche dans l'intérêt des familles. Cette procédure a été supprimée. Mais vous pouvez savoir si la personne est toujours en vie. \n Vous devez contacter la police ou la gendarmerie qu'il s'agisse d'un  enlèvement parental  ou d'un autre motif de   disparition d'un mineur .\n\n",
    "link": "https://www.service-public.fr/particuliers/vosdroits/F1193",
    "name": "F1193--la-personn-ineure-32.json",
    "arborescence": {
        "theme": "Famille",
        "sous_theme": "Protection des personnes",
        "dossier": "Disparition et enlèvement de personnes",
        "sous_dossier": "",
        "fiche": "Peut-on encore demander une recherche dans l'intérêt des familles (Rif) ?",
        "id": "F1193"
    }
}