{
    "text": "Séparation des parents : relations entre l'enfant et sa famille ou ses proches : En cas de séparation de ses parents, l'enfant a le droit d'entretenir des relations avec ses grands-parents, ses frères et sœurs, un ancien beau-parent... Il peut s'agir d'un droit de visite, d'un droit de correspondance,... Ce droit peut être fixé par le juge aux affaires familiales. Il s'applique aussi bien lorsque les parents vivent en couple ou s'ils sont séparés. Seul l'intérêt de l'enfant peut empêcher l'exercice de ce droit. Relations avec les grands-parents: Conditions L'enfant a le droit d'entretenir des relations personnelles avec ses ascendants , notamment ses grands-parents. Le juge aux affaires familiales (Jaf) apprécie s'il y a lieu ou non d'accorder un droit de visite aux grands-parents au regard de l'intérêt de l'enfant. Procédure Il faut saisir le Jaf du tribunal dont dépend le domicile de l'enfant. si l'enfant est placé, c'est le juge des enfants qui est compétent. L'assistance d'un avocat est nécessaire. Selon la situation et dans l'intérêt de l’enfant, le juge peut décider : soit d'autoriser les relations entre l'enfant et ses grands-parents selon des conditions qu'il fixe, soit de refuser les relations entre l'enfant et ses grands-parents. Il est possible de faire appel du jugement dans un délai d'un mois.",
    "text_reader": "\n En cas de séparation de ses parents, l'enfant a le droit d'entretenir des relations avec ses grands-parents, ses frères et sœurs, un ancien beau-parent... Il peut s'agir d'un droit de visite, d'un droit de correspondance,... Ce droit peut être fixé par le juge aux affaires familiales. Il s'applique aussi bien lorsque les parents vivent en couple ou s'ils sont séparés. Seul l'intérêt de l'enfant peut empêcher l'exercice de ce droit. \n Relations avec les grands-parents\nConditions\nL'enfant a le droit d'entretenir des relations personnelles avec ses  ascendants , notamment ses grands-parents.\nLe juge aux affaires familiales (Jaf) apprécie s'il y a lieu ou non d'accorder un droit de visite aux grands-parents au regard de l'intérêt de l'enfant.\nProcédure\nIl faut saisir le Jaf du tribunal  dont dépend le domicile de l'enfant.\nsi l'enfant est placé, c'est le juge des enfants qui est compétent.\nL'assistance d'un avocat est nécessaire.\nSelon la situation et dans l'intérêt de l’enfant, le\njuge peut décider :\nsoit d'autoriser les relations entre l'enfant et ses grands-parents selon des conditions qu'il fixe,\nsoit de refuser les relations entre l'enfant et ses grands-parents.\nIl est possible de  faire appel du jugement  dans un délai d'un mois.",
    "link": "https://www.service-public.fr/particuliers/vosdroits/F1223",
    "name": "F1223--relations--arents-33.json",
    "arborescence": {
        "theme": "Famille",
        "sous_theme": "Enfant",
        "dossier": "Séparation des parents",
        "sous_dossier": "Relations avec l'enfant",
        "fiche": "Relations de l'enfant avec sa famille ou ses proches",
        "id": "F1223"
    }
}