{
    "text": "Allocation aux adultes handicapés (AAH) : L'allocation aux adultes handicapés (AAH) est une aide financière qui vous permet d'avoir un minimum de ressources. Cette aide est attribuée sous réserve de respecter des critères d’incapacité, d'âge, de résidence et de ressources. Elle est accordée sur décision de la commission des droits et de l'autonomie des personnes handicapées (CDAPH). Son montant vient compléter vos éventuelles autres ressources. Démarche: La CDAPH se réunit ensuite pour se prononcer sur votre demande de l'AAH. Sa réponse intervient généralement dans un délai de 4 mois à partir de la date de dépôt de votre demande. En l'absence de réponse au-delà de 4 mois, la demande est considérée comme rejetée. une procédure de reconnaissance de la qualité de travailleur handicapé (RQTH) est systématiquement engagée à l'occasion de l'instruction d'une demande d'AAH. Haute-Vienne (87) Vous pouvez saisir votre demande en ligne. L'usage de ce service est personnel (vous devez créer un compte) et son accès est sécurisé.",
    "text_reader": "\n L'allocation aux adultes handicapés (AAH) est une aide financière qui vous permet d'avoir un minimum de ressources. Cette aide est attribuée sous réserve de respecter des critères d’incapacité, d'âge, de résidence et de  ressources. Elle est accordée sur décision de la commission des droits et de l'autonomie des personnes handicapées (CDAPH). Son montant vient compléter vos éventuelles autres ressources. \n La CDAPH se réunit ensuite pour se prononcer sur votre demande de l'AAH. Sa réponse intervient généralement dans un délai de 4 mois à partir de la date de dépôt de votre demande. En l'absence de réponse au-delà de 4 mois, la demande est considérée comme rejetée. une  procédure de reconnaissance de la qualité de travailleur handicapé (RQTH)  est systématiquement engagée à l'occasion de l'instruction d'une demande d'AAH.\n\nHaute-Vienne (87)\nVous pouvez saisir votre demande en ligne.\nL'usage de ce service est personnel (vous devez créer un compte) et son accès est sécurisé.",
    "link": "https://www.service-public.fr/particuliers/vosdroits/F12242",
    "name": "F12242--demarche-marche-8--haute-vien-nne-87-17.json",
    "arborescence": {
        "theme": "Social - Santé",
        "sous_theme": "Handicap",
        "dossier": "Handicap : allocations (AAH, AEEH) et aides",
        "sous_dossier": "",
        "fiche": "Allocation aux adultes handicapés (AAH)",
        "id": "F12242"
    }
}