{
    "text": "Retraite du fonctionnaire : cumul emploi - retraite de base : En tant que fonctionnaire retraité, vous pouvez cumuler votre pension de retraite avec les revenus issus d'une activité professionnelle. Ce cumul peut être intégral ou partiel, à des conditions qui varient selon que votre 1 re pension a pris effet à partir de 2015 ou avant 2015. Vous êtes parti avant 2015: Bénéficiaires: Tout retraité de la fonction publique peut reprendre une activité professionnelle et cumuler, sous certaines conditions, sa pension de retraite de base avec les revenus de cette activité. l'agent contractuel retraité est soumis aux mêmes conditions de cumul de revenus que le salarié du secteur privé à la retraite . ",
    "text_reader": "\n En tant que fonctionnaire retraité, vous pouvez cumuler votre pension de retraite avec les revenus issus d'une activité professionnelle. Ce cumul peut être intégral ou partiel, à des conditions qui varient selon que votre 1 re  pension a pris effet à partir de 2015 ou avant 2015. \n Tout retraité de la fonction publique peut reprendre une activité professionnelle et cumuler, sous certaines conditions, sa pension de retraite de base avec les revenus de cette activité. l'agent contractuel retraité  est soumis aux mêmes conditions de cumul de revenus que  le  salarié du secteur privé à la retraite .\n\n",
    "link": "https://www.service-public.fr/particuliers/vosdroits/F12402",
    "name": "F12402--vous-etes--t-2015-26--beneficiai-iaires-13.json",
    "arborescence": {
        "theme": "Travail",
        "sous_theme": "Retraite",
        "dossier": "Retraite d'un agent de la fonction publique (titulaire et non titulaire)",
        "sous_dossier": "Pension de retraite de base",
        "fiche": "Cumul emploi - retraite de base",
        "id": "F12402"
    }
}