{
    "text": "Succession : indivision entre les héritiers : Après le décès et avant le partage de la succession, les héritiers sont propriétaires des biens du défunt dans l'indivision. Des règles encadrent la gestion du patrimoine en commun. Les héritiers peuvent aussi choisir de conclure une convention d'indivision. L'indivision prend fin lorsque le partage est fait. Fonctionnement: Confier la gestion des biens de l'indivision à un ou plusieurs indivisaires ou à une autre personne Prise de décision à la majorité des 2/3 des droits indivis. La décision doit être communiquée aux autres indivisaires. Sinon elle ne leur est pas opposable .",
    "text_reader": "\n Après le décès et avant le partage de la succession, les  héritiers  sont propriétaires des biens du défunt dans l'indivision. Des règles encadrent la gestion du patrimoine en commun. Les héritiers peuvent aussi choisir de conclure  une convention d'indivision. L'indivision prend fin lorsque le partage est fait. \n Confier la gestion des biens de l'indivision à un ou plusieurs indivisaires ou à une autre personne\nPrise de décision à la majorité des 2/3 des droits indivis.\nLa  décision doit être communiquée aux autres indivisaires. Sinon elle ne leur est pas  opposable .",
    "link": "https://www.service-public.fr/particuliers/vosdroits/F1296",
    "name": "F1296--fonctionne-nement-14--confier-la-rsonne-99.json",
    "arborescence": {
        "theme": "Famille",
        "sous_theme": "Succession",
        "dossier": "Règlement d'une succession",
        "sous_dossier": "",
        "fiche": "Indivision entre les héritiers",
        "id": "F1296"
    }
}