{
    "text": "Allocation de logement familiale (ALF) : L'allocation de logement familiale (ALF) est une aide financière destinée à réduire le montant de votre loyer. Elle est versée en raison de votre situation familiale (bénéficiaire de prestations familiales, personnes à charge...). Les conditions diffèrent selon que vous relevez du régime général de la caisse d'allocations familiales (Caf) ou du régime agricole de la mutualité sociale agricole (MSA). Cas général (Caf): Démarche: Votre demande d'ALF doit être faite directement en ligne. Vous devez scanner l'ensemble des documents suivants : Copie recto-verso de votre carte nationale d'identité, de votre passeport, ou de votre extrait d'acte de naissance si vous êtes de nationalité française ou copie de votre titre de séjour en cours de validité dans les autres cas Relevé d'identité bancaire (Rib), postal (Rip) ou d'épargne (Rice) à votre nom Attestation de loyer, datée et signée par votre propriétaire ",
    "text_reader": "\n L'allocation de logement familiale (ALF) est une aide financière destinée à réduire le montant de votre loyer. Elle est versée en raison de votre situation familiale (bénéficiaire de prestations familiales, personnes à charge...). Les conditions diffèrent selon que vous relevez du régime général de la caisse d'allocations familiales (Caf) ou du régime agricole de la mutualité sociale agricole (MSA). \n Votre demande d'ALF doit être faite directement en ligne. Vous devez scanner l'ensemble des documents suivants : Copie  recto-verso de votre carte nationale d'identité, de votre passeport, ou de votre extrait d'acte de naissance si vous êtes de nationalité française ou copie de votre titre de séjour en cours de validité dans les autres cas Relevé d'identité bancaire (Rib), postal (Rip) ou d'épargne (Rice) à votre nom Attestation de loyer, datée et signée par votre propriétaire\n\n",
    "link": "https://www.service-public.fr/particuliers/vosdroits/F13132",
    "name": "F13132--cas-genera-al-caf-17--demarche-marche-8.json",
    "arborescence": {
        "theme": "Logement",
        "sous_theme": "Aides financières pour le logement",
        "dossier": "Allocations logement",
        "sous_dossier": "",
        "fiche": "Allocation de logement familiale (ALF)",
        "id": "F13132"
    }
}