{
    "text": "Aide financière de l'Anah : travaux d'amélioration de l'habitat : L'Agence nationale de l'habitat (Anah) peut accorder des aides financières pour la réalisation de travaux (rénovation énergétique, adaptation à la perte d'autonomie...) dans les logements ou immeubles anciens. Ces aides s'adressent au propriétaire qui loue ou occupe son logement. Elles s'adressent également au syndicat de copropriétaires pour la réalisation de travaux dans les parties communes et équipements communs de l'immeuble. Les aides sont cumulables avec d'autres dispositifs. Propriétaire bailleur: Cumul avec d'autres aides: Les aides de l'Anah sont cumulables avec les aides suivantes : Crédit d'impôt transition énergétique (CITE) Eco-prêt à taux zéro (éco-PTZ) . ",
    "text_reader": "\n L'Agence nationale de l'habitat (Anah) peut accorder des aides financières pour la réalisation de travaux (rénovation énergétique, adaptation à la perte d'autonomie...) dans les logements ou immeubles anciens. Ces aides s'adressent au propriétaire qui loue ou occupe son logement. Elles s'adressent également au syndicat de copropriétaires pour la réalisation de travaux dans les  parties communes  et équipements communs de l'immeuble. Les aides sont cumulables avec d'autres dispositifs. \n Les aides de l'Anah sont cumulables avec les aides suivantes :   Crédit d'impôt transition énergétique (CITE)     Eco-prêt à taux zéro (éco-PTZ) .\n\n",
    "link": "https://www.service-public.fr/particuliers/vosdroits/F1328",
    "name": "F1328--proprietai-illeur-21--cumul-avec--aides-25.json",
    "arborescence": {
        "theme": "Logement",
        "sous_theme": "Aides financières pour le logement",
        "dossier": "Aides et prêts pour l'amélioration et la rénovation énergétique de l'habitat",
        "sous_dossier": "Aides financières",
        "fiche": "Aide de l'Anah",
        "id": "F1328"
    }
}