{
    "text": "Famille de 3 enfants et plus : complément familial : Le complément familial est une prestation versée sous conditions de revenus aux personnes ayant au moins 3 enfants à charge. Il n'y a pas de démarche à faire pour l'obtenir. Son montant varie en fonction du niveau des revenus. Qui est concerné ?: Conditions liées aux enfants Vous devez avoir au moins 3 enfants à charge , âgés de plus de 3 ans et de moins de 21 ans. Conditions de ressources Vos ressources ne doivent pas dépasser un montant déterminé en fonction de votre situation familiale. C'est le revenu net catégoriel de 2018 qui est pris en compte pour 2020. Plafond de ressources 2011 pour déterminer les droits au complément familial de l'année 2013 Enfants à charge Couple avec 1 revenu Couple avec 2 revenus Parent isolé 3 enfants 38 769 € 47 426 € 47 426 € 4 enfants 45 230 € 53 887 € 53 887 € Par enfant supplémentaire 6 461 € 6 461 € 6 461 € Il y a 2 revenus dans le couple lorsque les 2 personnes : perçoivent des revenus d'une activité professionnelle ou des indemnités journalières pour accident du travail /maladie professionnelle, et que chacun de ces revenus a été au moins égal (en 2018) à 5 404 € . Si les ressources dépassent faiblement le plafond de ressources, une allocation différentielle vous est versée. si vous habitez dans un département d'outre-mer (Dom) , les conditions d'attribution et le montant du complément familial sont différents. Des renseignements sont disponibles sur le site de la Caf .",
    "text_reader": "\n Le complément familial est une prestation versée sous conditions de revenus aux personnes ayant au moins 3 enfants à charge. Il n'y a pas de démarche à faire pour l'obtenir. Son montant varie en fonction du niveau des revenus. \n Qui est concerné ?\nConditions liées aux enfants\nVous devez avoir au moins 3  enfants à charge , âgés de plus de 3 ans et de moins de 21 ans.\nConditions de ressources\nVos ressources ne doivent pas dépasser un montant déterminé en fonction de votre situation familiale. C'est le  revenu net catégoriel  de 2018 qui est pris en compte pour  2020.\nPlafond de ressources 2011 pour déterminer les droits au complément familial de l'année 2013\nEnfants à charge\nCouple avec 1 revenu\nCouple avec 2 revenus\nParent isolé\n3 enfants\n\n 38 769 € \n\n\n 47 426 € \n\n\n 47 426 € \n\n4 enfants\n\n 45 230 € \n\n\n 53 887 € \n\n\n 53 887 € \n\nPar enfant supplémentaire\n\n 6 461 € \n\n\n 6 461 € \n\n\n 6 461 € \n\nIl y a 2 revenus dans le  couple  lorsque les 2 personnes :\nperçoivent des revenus d'une activité professionnelle ou des indemnités journalières pour accident du travail /maladie professionnelle,\net que chacun de ces revenus a été au moins égal (en 2018) à  5 404 € .\nSi les ressources dépassent faiblement le plafond de ressources, une allocation différentielle vous est versée.\nsi vous habitez dans un  département d'outre-mer (Dom) , les conditions d'attribution et le montant du complément familial sont différents. Des renseignements sont disponibles sur le  site de la Caf \n\n.",
    "link": "https://www.service-public.fr/particuliers/vosdroits/F13214",
    "name": "F13214--qui-est-co-ncerne-18.json",
    "arborescence": {
        "theme": "Famille",
        "sous_theme": "Enfant",
        "dossier": "Allocations destinées aux familles",
        "sous_dossier": "Allocations versées à partir du 2e enfant",
        "fiche": "À partir de 3 enfants : complément familial",
        "id": "F13214"
    }
}