{
    "text": "Aide financière de l'Anah : travaux d'amélioration de l'habitat : L'Agence nationale de l'habitat (Anah) peut accorder des aides financières pour la réalisation de travaux (rénovation énergétique, adaptation à la perte d'autonomie...) dans les logements ou immeubles anciens. Ces aides s'adressent au propriétaire qui loue ou occupe son logement. Elles s'adressent également au syndicat de copropriétaires pour la réalisation de travaux dans les parties communes et équipements communs de l'immeuble. Les aides sont cumulables avec d'autres dispositifs. Propriétaire occupant: Instruction de la demande: Le versement d'une aide de l'Anah n'est pas automatique . Le montant de l'aide dépend de nombreux facteurs comme la nature des travaux envisagés, leur montant, vos ressources. L'Anah apprécie aussi l'intérêt de votre projet de travaux. Dans certaines communes, l'Anah peut également décider de faire le choix d'attribuer prioritairement l'aide aux ménages qui ont des ressources jugées très modestes. ",
    "text_reader": "\n L'Agence nationale de l'habitat (Anah) peut accorder des aides financières pour la réalisation de travaux (rénovation énergétique, adaptation à la perte d'autonomie...) dans les logements ou immeubles anciens. Ces aides s'adressent au propriétaire qui loue ou occupe son logement. Elles s'adressent également au syndicat de copropriétaires pour la réalisation de travaux dans les  parties communes  et équipements communs de l'immeuble. Les aides sont cumulables avec d'autres dispositifs. \n Le versement d'une aide de l'Anah  n'est pas automatique . Le montant de l'aide dépend de nombreux facteurs comme la nature des travaux envisagés,  leur montant, vos ressources. L'Anah apprécie aussi l'intérêt de votre projet de travaux. Dans certaines communes, l'Anah peut également décider de faire le choix d'attribuer prioritairement l'aide aux ménages qui ont des ressources jugées très modestes.\n\n",
    "link": "https://www.service-public.fr/particuliers/vosdroits/F1328",
    "name": "F1328--proprietai-cupant-21--instructio-emande-25.json",
    "arborescence": {
        "theme": "Logement",
        "sous_theme": "Aides financières pour le logement",
        "dossier": "Aides et prêts pour l'amélioration et la rénovation énergétique de l'habitat",
        "sous_dossier": "Aides financières",
        "fiche": "Aide de l'Anah",
        "id": "F1328"
    }
}