{
    "text": "Aide financière de l'Anah : travaux d'amélioration de l'habitat : L'Agence nationale de l'habitat (Anah) peut accorder des aides financières pour la réalisation de travaux (rénovation énergétique, adaptation à la perte d'autonomie...) dans les logements ou immeubles anciens. Ces aides s'adressent au propriétaire qui loue ou occupe son logement. Elles s'adressent également au syndicat de copropriétaires pour la réalisation de travaux dans les parties communes et équipements communs de l'immeuble. Les aides sont cumulables avec d'autres dispositifs. Propriétaire occupant: Plafonnement du montant des travaux: Vos travaux ne doivent pas dépasser certains montants. L'Anah applique un pourcentage de prise en charge sur ces montants qui diffère selon que vos revenus sont considérés comme très modestes ou modestes. Revenus très modestes Nature des travaux Montant maximal des travaux subventionnables hors taxes (HT) Part de la prise en charge de l'Anah Travaux lourds de réhabilitation de votre logement indigne ou très dégradé 50 000 € 50 % Travaux d'amélioration pour la sécurité de votre logement 20 000 € 50 % Travaux d'amélioration pour la salubrité de votre logement 20 000 € 50 % Travaux d'amélioration de l'accessibilité de votre logement 20 000 € 50 % Travaux d'amélioration de la performance énergétique de votre logement 20 000 € 50 %",
    "text_reader": "\n L'Agence nationale de l'habitat (Anah) peut accorder des aides financières pour la réalisation de travaux (rénovation énergétique, adaptation à la perte d'autonomie...) dans les logements ou immeubles anciens. Ces aides s'adressent au propriétaire qui loue ou occupe son logement. Elles s'adressent également au syndicat de copropriétaires pour la réalisation de travaux dans les  parties communes  et équipements communs de l'immeuble. Les aides sont cumulables avec d'autres dispositifs. \n Vos travaux ne doivent pas dépasser certains montants. L'Anah applique un pourcentage de prise en charge sur ces montants qui diffère selon que vos revenus sont considérés comme très modestes ou modestes.\n\nRevenus très modestes\nNature des travaux\nMontant maximal des travaux subventionnables hors taxes (HT)\nPart de la prise en charge de l'Anah\nTravaux lourds de réhabilitation de votre logement indigne ou très dégradé\n\n 50 000 € \n\n50 %\nTravaux d'amélioration pour la sécurité de votre logement\n\n 20 000 € \n\n50 %\nTravaux d'amélioration pour la salubrité de votre logement\n\n 20 000 € \n\n50 %\nTravaux d'amélioration de l'accessibilité de votre logement\n\n 20 000 € \n\n50 %\nTravaux d'amélioration de la performance énergétique de votre logement\n\n 20 000 € \n\n50 %",
    "link": "https://www.service-public.fr/particuliers/vosdroits/F1328",
    "name": "F1328--proprietai-cupant-21--plafonneme-ravaux-35--revenus-tr-destes-21.json",
    "arborescence": {
        "theme": "Logement",
        "sous_theme": "Aides financières pour le logement",
        "dossier": "Aides et prêts pour l'amélioration et la rénovation énergétique de l'habitat",
        "sous_dossier": "Aides financières",
        "fiche": "Aide de l'Anah",
        "id": "F1328"
    }
}