{
    "text": "La photo pour le passeport peut-elle être prise au guichet ? : À l'étranger: Amériques À Cuba et en Uruguay, la photo peut être prise directement au guichet du consulat ou de l'ambassade Dans les autres pays, vous devez obligatoirement fournir la photo.",
    "text_reader": "Amériques\nÀ  Cuba et en Uruguay, la photo peut être prise directement au guichet du consulat ou de l'ambassade\nDans les autres pays, vous devez obligatoirement fournir la photo.",
    "link": "https://www.service-public.fr/particuliers/vosdroits/F1357",
    "name": "F1357--a-letrange-ranger-12--ameriques-riques-9.json",
    "arborescence": {
        "theme": "Papiers - Citoyenneté",
        "sous_theme": "Identité - Authentification",
        "dossier": "Passeport",
        "sous_dossier": "Autre",
        "fiche": "La photo pour le passeport peut-elle être prise au guichet ?",
        "id": "F1357"
    }
}