{
    "text": "Une personne en volontariat a-t-elle droit au RSA et à la prime d'activité ? : Volontariat dans les armées: Vous pouvez avoir droit au RSA et à la prime d'activité. Pour cela, vous devez remplir les autres conditions d'attribution. si vous bénéficiez déjà du RSA, la conclusion d'un contrat de volontariat par un membre de votre foyer n'a pas d'impact sur vos droits. Vous pouvez avoir droit au RSA et à la prime d'activité. Pour cela, vous devez remplir les autres conditions d'attribution. si vous bénéficiez déjà du RSA, la conclusion d'un contrat de volontariat par un membre de votre foyer n'a pas d'impact sur vos droits. Calcul des ressources Le contrat de volontariat dans les armées est considéré comme un contrat de travail. Sa rémunération est donc prise en compte dans le calcul des droits. Si vous êtes logé gratuitement dans le cadre de votre volontariat, le forfait logement est déduit du montant du RSA. Si vous bénéficiez d'un versement en espèces, vous devez le déclarer trimestriellement comme « autres ressources ». Ce versement est pris en compte dans le calcul de vos droits. Si vous bénéficiez d'un avantage en nature, vous devez le déclarer aux organismes payeurs ( Caf ou MSA ). Cet avantage est pris en compte dans le calcul de vos droits. Prise en compte des heures d'activité Le contrat de volontariat dans les armées est considéré comme une activité professionnelle. Les heures de volontariat réalisées sont donc prises en compte pour l'étude du droit au RSA jeune actif . les heures de formation ne sont pas prises en compte.",
    "text_reader": "Vous pouvez avoir droit au RSA et à la prime d'activité. Pour cela, vous devez remplir les autres conditions d'attribution. si vous bénéficiez déjà du RSA, la conclusion d'un contrat de volontariat par un membre de votre  foyer  n'a pas d'impact sur vos droits.\n\nVolontariat dans les armées\nVous pouvez avoir droit au RSA et à la prime d'activité. Pour cela, vous devez remplir les autres conditions d'attribution.\nsi vous bénéficiez déjà du RSA, la conclusion d'un contrat de volontariat par un membre de votre  foyer  n'a pas d'impact sur vos droits.\nCalcul des ressources\nLe contrat de volontariat dans les armées est considéré comme un contrat de travail. Sa rémunération  est donc prise en compte dans le calcul des droits.\nSi vous êtes logé gratuitement dans le cadre de votre volontariat, le forfait logement est déduit du montant du RSA.\nSi vous bénéficiez d'un versement en espèces, vous devez le déclarer trimestriellement comme « autres ressources ». Ce versement est pris en compte dans le calcul de vos droits.\nSi vous bénéficiez d'un avantage en nature, vous devez le déclarer aux organismes payeurs ( Caf  ou  MSA ). Cet avantage est pris en compte dans le calcul de vos droits.\nPrise en compte des heures d'activité\nLe contrat de volontariat dans les armées est considéré comme une activité professionnelle. Les heures de volontariat réalisées  sont donc prises en compte pour l'étude du droit au  RSA jeune actif .\nles heures de formation ne sont pas prises en compte.",
    "link": "https://www.service-public.fr/particuliers/vosdroits/F13866",
    "name": "F13866--volontaria-armees-27.json",
    "arborescence": {
        "theme": "Social - Santé",
        "sous_theme": "Aides sociales",
        "dossier": "Revenu de solidarité active (RSA)",
        "sous_dossier": "",
        "fiche": "Une personne en volontariat a-t-elle droit au RSA et à la prime d'activité ?",
        "id": "F13866"
    }
}