{
    "text": "Enseignement et formation d'un détenu en prison : Détenu majeur: Apprentissage: Depuis le 1 er janvier 2020, une formation par l'apprentissage est mise en place de manière expérimentale dans les prisons. Elle est réservée aux détenus âgés de 29 ans au plus, qui peuvent bénéficier de ce mécanisme pour apprendre un métier en alternance et obtenir une certification. La participation d'une personne détenue à l'action de formation donne lieu à la signature d'un acte d'engagement en apprentissage par le directeur de l'établissement. Ce document précise les informations suivantes : Qualification professionnelle ou titre à finalité professionnelle préparé Période couverte par l'engagement Conditions de déroulement de l'alternance Identité du tuteur de la formation en poste de travail. L'apprentissage se déroule dans un centre de formation des apprentis (CFA). Ce centre peut être situé à à l'intérieur ou à l'extérieur de la prison. Pendant la durée de l'acte d'engagement, le détenu en apprentissage perçoit une rémunération qui ne peut pas être inférieure à 1,60 € . ",
    "text_reader": "Depuis le  1 er  janvier 2020, une formation par l'apprentissage est mise en place de manière expérimentale dans les prisons. Elle est réservée aux détenus âgés  de 29 ans au plus, qui peuvent bénéficier de ce mécanisme pour apprendre un métier en alternance et obtenir une certification. La participation d'une personne détenue à  l'action de formation donne lieu à la signature d'un acte d'engagement en apprentissage par le directeur de l'établissement. Ce document  précise les informations suivantes : Qualification professionnelle ou titre à finalité professionnelle préparé Période couverte par l'engagement Conditions de déroulement de  l'alternance Identité du tuteur de la formation en poste de travail. L'apprentissage se déroule dans un centre de formation des apprentis (CFA). Ce centre  peut être situé à à l'intérieur ou à l'extérieur de la prison. Pendant la durée de l'acte d'engagement, le détenu en apprentissage perçoit une rémunération qui ne peut pas être inférieure à  1,60 € .\n\n",
    "link": "https://www.service-public.fr/particuliers/vosdroits/F14152",
    "name": "F14152--detenu-maj-majeur-13--apprentiss-issage-13.json",
    "arborescence": {
        "theme": "Justice",
        "sous_theme": "Sanctions pénales",
        "dossier": "Prison",
        "sous_dossier": "",
        "fiche": "Enseignement et formation",
        "id": "F14152"
    }
}