{
    "text": "Enseignement et formation d'un détenu en prison : Détenu mineur: Information des parents: Les parents sont tenus au courant de la scolarité de leur enfant mineur détenu. L'emploi du temps scolaire et le livret d'attestation du parcours scolaire leur sont transmis. Des réunions leur sont proposées pour évoquer les questions liées à la formation et à l'orientation. ",
    "text_reader": "Les parents sont tenus au courant de la scolarité de leur enfant mineur détenu. L'emploi du temps scolaire et le livret d'attestation du parcours scolaire leur sont transmis. Des réunions leur sont proposées pour évoquer les questions liées à la formation et à l'orientation.\n\n",
    "link": "https://www.service-public.fr/particuliers/vosdroits/F14152",
    "name": "F14152--detenu-min-mineur-13--informatio-arents-23.json",
    "arborescence": {
        "theme": "Justice",
        "sous_theme": "Sanctions pénales",
        "dossier": "Prison",
        "sous_dossier": "",
        "fiche": "Enseignement et formation",
        "id": "F14152"
    }
}