{
    "text": "Demande d'extrait de casier judiciaire (bulletin n°3) : Un extrait de casier judiciaire (bulletin n°3) peut vous être réclamé lors de certaines démarches administratives ou lors d'une recherche d'un emploi. La procédure de demande est différente selon votre lieu de naissance. Il n'y a pas de durée de validité générale pour l'extrait de casier judiciaire. L'organisme demandeur apprécie la durée qui lui paraît pertinente en fonction du contexte. Il est possible de vérifier en ligne l'authenticité d'un extrait de casier judiciaire sans condamnation. Né à l'étranger: Durée de validité: Il n'existe aucun texte précisant la durée de validité d'un extrait de casier judiciaire. La durée de validité est à apprécier au cas par cas, en fonction de l'organisme demandeur. ",
    "text_reader": "\n Un extrait de casier judiciaire (bulletin n°3) peut vous être réclamé lors de certaines démarches administratives ou lors d'une  recherche d'un emploi. La procédure de demande est différente selon votre lieu de naissance. Il n'y a pas de durée de validité générale pour  l'extrait de casier judiciaire. L'organisme demandeur apprécie la durée qui lui paraît pertinente en fonction du contexte. Il est possible de vérifier en ligne l'authenticité d'un extrait de casier judiciaire sans condamnation. \n Il n'existe aucun texte précisant la durée de validité d'un extrait de casier judiciaire. La durée de validité est à apprécier au cas par cas, en fonction de l'organisme demandeur.\n\n",
    "link": "https://www.service-public.fr/particuliers/vosdroits/F1420",
    "name": "F1420--ne-a-letra-ranger-15--duree-de-v-lidite-17.json",
    "arborescence": {
        "theme": "Justice",
        "sous_theme": "Sanctions pénales",
        "dossier": "Condamnations et peines",
        "sous_dossier": "Casier judiciaire",
        "fiche": "Demande de bulletin numéro 3",
        "id": "F1420"
    }
}