{
    "text": "Droits de donation : calcul et paiement : Quand une personne fait une donation à un proche, l'administration fiscale perçoit un impôt appelé droits de donation . Pour calculer cet impôt, elle prend en compte la valeur de la donation dont elle déduit le montant des éventuels abattements . Elle applique ensuite un barème à la valeur ainsi trouvée. Vous pouvez bénéficier, dans certains cas, d'une réduction. Le paiement s'effectue en général au moment de l'enregistrement de la donation. Abattements et droits de donation: Quand vous recevez une donation d'un proche, vous devez verser à l'administration fiscale un impôt appelé droits de donation . Vous pouvez bénéficier, selon les cas, d'un abattement . Certaines donations sont cependant exonérées de ces droits de donation , notamment : Dons familiaux de sommes d'argent Donations faites depuis plus de 15 ans (délai applicable aux successions ouvertes depuis le 17 août 2012). Les droits de donation s'appliquent sur la partie de la donation qui reste après l'abattement. Si vous bénéficiez d'une donation de 300 000 € et d'un abattement de 100 000 € sur celle-ci, vous devez payer des droits de donation sur la somme de 200 000 € . Les tarifs des droits de donation dépendent du lien de parenté entre le bénéficiaire de la donation et le donateur . une personne handicapée a droit à un abattement spécifique de 159 325 € qui se cumule avec les autres. Enfant Abattement : 100 000 € L'abattement ne s'applique pas à l'enfant adopté par adoption simple, sauf s'il s'agit de l'enfant issu du 1 er mariage de l'époux ou épouse. Barème : Part taxable après abattement Barème d'imposition Moins de 8 072 € 5% Entre 8 072 € et 12 109 € 10% Entre 12 109 € et 15 932 € 15% Entre 15 932 € et 552 324 € 20% Entre 552 324 € et 902 838 € 30% Entre 902 838 € et 1 805 677 € 40% Supérieure à 1 805 677 € 45%",
    "text_reader": "\n Quand une personne fait  une donation à un proche, l'administration fiscale perçoit un impôt appelé   droits de donation . Pour calculer cet impôt, elle prend en compte la valeur de la donation dont elle déduit le montant des éventuels   abattements . Elle applique ensuite un barème à la valeur ainsi trouvée. Vous pouvez bénéficier, dans certains cas, d'une réduction. Le paiement s'effectue en général  au moment de l'enregistrement de la donation. \n Quand vous recevez une donation d'un proche, vous devez verser à l'administration fiscale un impôt appelé   droits de donation . Vous pouvez bénéficier, selon les cas,  d'un  abattement . Certaines donations sont cependant  exonérées  de ces  droits de donation , notamment :   Dons familiaux de sommes d'argent   Donations faites depuis plus de 15 ans (délai applicable aux successions ouvertes depuis le 17 août 2012). Les  droits de donation  s'appliquent sur la partie de la  donation qui reste après l'abattement. Si vous bénéficiez d'une donation de  300 000 €  et d'un abattement de  100 000 €  sur celle-ci, vous devez payer des droits de donation sur la somme de  200 000 € . Les tarifs des droits de donation dépendent du lien de parenté entre le bénéficiaire de la donation et le  donateur . une personne handicapée a droit à un abattement spécifique de  159 325 €  qui se cumule avec les autres.\n\nEnfant\n\n Abattement  :\n\n 100 000 € \n\nL'abattement ne s'applique pas à l'enfant adopté par adoption simple, sauf s'il s'agit de l'enfant issu du 1 er  mariage de l'époux ou épouse.\n\n Barème  :\nPart taxable après abattement\nBarème d'imposition\nMoins de  8 072 € \n\n5%\nEntre  8 072 €  et  12 109 € \n\n10%\nEntre  12 109 €  et  15 932 € \n\n15%\nEntre  15 932 €  et  552 324 € \n\n20%\nEntre  552 324 €  et  902 838 € \n\n30%\nEntre  902 838 €  et  1 805 677 € \n\n40%\nSupérieure à  1 805 677 € \n\n45%",
    "link": "https://www.service-public.fr/particuliers/vosdroits/F14205",
    "name": "F14205--abattement-nation-33--enfant-enfant-6.json",
    "arborescence": {
        "theme": "Argent",
        "sous_theme": "Impôts, taxes et douane",
        "dossier": "Droits de succession et de donation",
        "sous_dossier": "Droits de donation",
        "fiche": "Calcul et paiement",
        "id": "F14205"
    }
}