{
    "text": "Médiateur des communications électroniques : comment y recourir ? : Le médiateur des communications électroniques intervient en cas de désaccord avec votre opérateur de téléphonie (fixe ou mobile) ou votre fournisseur d'accès internet. Il tente de trouver une solution amiable à votre litige. Pour le saisir, vous devez d'abord faire un recours auprès du service clients et consommateurs de votre opérateur ou fournisseur en respectant une procédure. La saisine du médiateur est gratuite. Avis du médiateur: Le médiateur examine le litige et formule un avis dans un délai de 3 mois maximum. Cet avis vous est communiqué par courrier ou adresse électronique. Il est également transmis à votre opérateur ou à votre fournisseur. Le médiateur peut, par exemple, proposer un remboursement partiel de l'abonnement. ",
    "text_reader": "\n Le médiateur des communications électroniques intervient en cas de désaccord avec votre  opérateur de téléphonie (fixe ou mobile) ou votre fournisseur d'accès internet. Il tente de trouver une solution amiable à votre litige. Pour le saisir, vous devez d'abord faire un recours auprès du service clients et consommateurs de votre opérateur ou fournisseur en respectant une procédure. La saisine du médiateur est gratuite. \n Le médiateur examine le litige et formule un avis dans un délai de 3 mois maximum. Cet avis vous est communiqué par courrier ou adresse électronique. Il est également transmis à votre opérateur ou à votre fournisseur. Le médiateur peut, par exemple, proposer un remboursement partiel de l'abonnement.\n\n",
    "link": "https://www.service-public.fr/particuliers/vosdroits/F14373",
    "name": "F14373--avis-du-me-iateur-17.json",
    "arborescence": {
        "theme": "Argent",
        "sous_theme": "Consommation",
        "dossier": "Communications électroniques (téléphone, internet, télévision)",
        "sous_dossier": "Autre",
        "fiche": "Médiateur des communications électroniques : comment y recourir ?",
        "id": "F14373"
    }
}