{
    "text": "Véhicule à détruire et carte grise : Si vous décidez de faire détruire votre véhicule, notamment une voiture, une camionnette ou un 2 roues, vous devez le remettre à un centre VHU agréé. Ce véhicule doit impérativement être entier. Véhicule immatriculé en France: À qui s'adresser pour faire détruire son véhicule ?: Vous devez vous adresser à un centre Véhicule Hors d'Usage (VHU). En effet, les véhicules usagés étant considérés comme des déchets, seuls les centres VHU sont habilités à en assurer la destruction. Vous pouvez reconnaître un centre VHU à son logo : Ministère de l'environnement Logo des centres qui s'occupent de la destruction des véhicules hors d'usage ",
    "text_reader": "\n Si vous décidez de faire détruire votre véhicule, notamment une voiture, une camionnette ou un 2 roues, vous devez le remettre à un centre VHU agréé.  Ce véhicule doit impérativement être entier. \n Vous devez vous adresser à un centre Véhicule Hors d'Usage (VHU). En effet, les véhicules usagés étant considérés comme des déchets, seuls les centres VHU sont habilités à en assurer la destruction. Vous pouvez reconnaître un centre VHU à son logo : Ministère de l'environnement Logo des centres qui s'occupent de la destruction des véhicules hors d'usage\n\n",
    "link": "https://www.service-public.fr/particuliers/vosdroits/F1468",
    "name": "F1468--vehicule-i-france-30--a-qui-sadr-hicule-51.json",
    "arborescence": {
        "theme": "Transports",
        "sous_theme": "",
        "dossier": "Carte grise (certificat d'immatriculation)",
        "sous_dossier": "Modifications du véhicule",
        "fiche": "Véhicule à détruire",
        "id": "F1468"
    }
}