{
    "text": "Composition pénale : Auteur majeur: Procédure: L'auteur des faits refuse la proposition de composition pénale Si l'auteur des faits n'accepte pas la composition pénale, le procureur de la République peut engager un procès.",
    "text_reader": "L'auteur des faits refuse la proposition de composition pénale\nSi l'auteur des faits n'accepte pas la composition pénale, le procureur de la République peut engager un procès.",
    "link": "https://www.service-public.fr/particuliers/vosdroits/F1461",
    "name": "F1461--auteur-maj-majeur-13--procedure-cedure-9--lauteur-de-penale-62.json",
    "arborescence": {
        "theme": "Justice",
        "sous_theme": "Procédures judiciaires",
        "dossier": "Affaire pénale",
        "sous_dossier": "Mesures alternatives au procès",
        "fiche": "Composition pénale",
        "id": "F1461"
    }
}