{
    "text": "Quelles sont les règles de location d'un garage (box ou emplacement) ? : Place liée à un bail d'habitation: La place de parking louée est régie par les règles applicables au logement (logement loué vide), dont elle constitue une annexe (ou un accessoire). Il s'agit notamment des règles relatives à : la durée du bail, l'augmentation du loyer, la sous-location, la fin du bail. À ce titre, la place de parking doit figurer au sein du contrat de location en tant qu'annexe du logement. Dans le cas contraire, le juge du tribunal détermine au cas par cas le caractère accessoire de la place de parking en fonction de l'intention des parties. Par exemple, en cas de congé, si les modes de résiliation du bail du parking diffèrent de celles du logement, le juge du contentieux de la protection du tribunal peut considérer qu'il n'existe aucun lien entre le bail d'habitation et le parking. Un parking situé dans l'immeuble où se situe le logement, mais loué postérieurement à la conclusion du bail d'habitation, peut également ne pas être considéré comme une annexe du logement. ",
    "text_reader": "La  place de parking louée est régie par les règles applicables au logement (logement loué vide), dont elle constitue une annexe (ou un accessoire). Il s'agit notamment des règles  relatives à : la durée du bail, l'augmentation du loyer, la sous-location, la fin du bail. À ce titre, la place de parking doit figurer au sein du contrat de location en tant qu'annexe du logement. Dans le cas contraire, le juge du tribunal détermine au cas par cas le caractère accessoire de la place de parking en fonction de l'intention des parties. Par exemple, en cas de congé, si les modes de résiliation du bail du parking diffèrent de celles du logement, le juge du contentieux de la protection du tribunal peut considérer qu'il n'existe aucun lien entre le bail d'habitation et le parking. Un parking situé dans l'immeuble où se situe le logement, mais loué postérieurement à la conclusion du bail d'habitation, peut également ne pas être considéré comme une annexe du logement.\n\n",
    "link": "https://www.service-public.fr/particuliers/vosdroits/F14747",
    "name": "F14747--place-liee-tation-33.json",
    "arborescence": {
        "theme": "Logement",
        "sous_theme": "Location immobilière",
        "dossier": "Location immobilière : contrat de location (bail)",
        "sous_dossier": "",
        "fiche": "Quelles sont les règles de location d'un garage (box ou emplacement) ?",
        "id": "F14747"
    }
}