{
    "text": "Passeport d'un mineur : première demande : Accessible avec un compte ANTS ou via France Connect En France: Pour demander le passeport biométrique d'un mineur, l'enfant et son représentant doivent se rendre dans une mairie équipée avec les pièces justificatives nécessaires. Les documents à présenter dépendent de la possession d'une carte d'identité récente. ",
    "text_reader": "\n Accessible avec un compte ANTS ou via France Connect \n Pour demander le passeport biométrique d'un mineur, l'enfant et son représentant doivent se rendre dans une mairie équipée avec les pièces justificatives nécessaires. Les documents à présenter dépendent de la possession d'une carte d'identité récente.\n\n",
    "link": "https://www.service-public.fr/particuliers/vosdroits/F14930",
    "name": "F14930--en-france-france-9.json",
    "arborescence": {
        "theme": "Papiers - Citoyenneté",
        "sous_theme": "Identité - Authentification",
        "dossier": "Passeport",
        "sous_dossier": "Pour un mineur",
        "fiche": "Première demande",
        "id": "F14930"
    }
}