{
    "text": "Congé pour enfant malade dans le secteur privé : Le congé pour enfant malade permet de bénéficier de jours de congé pour s'occuper d'un enfant de moins de 16 ans malade ou accidenté, sous conditions. Ce congé est ouvert à tout salarié, sans condition d'ancienneté. Le salarié n'est pas rémunéré durant ce congé. Des dispositions conventionnelles plus favorables peuvent prévoir la rémunération du salarié pendant le congé. Durée: Votre enfant a moins d'1 an La durée légale du congé est fixée à 5 jours par an. La convention collective peut accorder une durée de congé pour enfant malade plus longue.",
    "text_reader": "\n Le congé pour enfant malade permet de bénéficier de jours de congé pour s'occuper d'un enfant  de moins de 16 ans malade ou accidenté, sous conditions. Ce congé est ouvert à tout salarié, sans condition d'ancienneté. Le salarié  n'est pas rémunéré durant ce congé. Des  dispositions conventionnelles  plus favorables peuvent prévoir la rémunération du salarié pendant le congé. \n Votre enfant a moins d'1 an\nLa durée légale du congé est fixée à 5 jours par an.\nLa convention collective peut accorder une durée de congé pour enfant malade plus longue.",
    "link": "https://www.service-public.fr/particuliers/vosdroits/F151",
    "name": "F151--duree-duree-5--votre-enfa--d1-an-27.json",
    "arborescence": {
        "theme": "Travail",
        "sous_theme": "Congés",
        "dossier": "Congés dans le secteur privé",
        "sous_dossier": "Congés pour maladie, handicap ou dépendance d'un membre de la famille",
        "fiche": "Congé pour enfant malade",
        "id": "F151"
    }
}