{
    "text": "Sécurité routière : règles pour conduire en Europe : Au sein de l'Union européenne (UE) , chaque pays dispose de son propre code de la route. Vous devez respecter les règles du pays dans lequel vous conduisez : sens de la circulation, limitations de vitesse, limite d'alcoolémie au volant, équipement obligatoire dans le véhicule... Permis à points: La majorité des pays européens utilisent le système du permis à points. Il consiste à retirer ou à ajouter un ou ou plusieurs points en cas d'infraction routière . ",
    "text_reader": "\n Au sein de  l'Union européenne (UE) , chaque pays dispose de son propre code de la route. Vous devez  respecter les règles du pays dans lequel vous conduisez : sens de la circulation, limitations de vitesse, limite d'alcoolémie au volant, équipement obligatoire dans le véhicule... \n La majorité des  pays européens  utilisent le système du permis à points. Il consiste à retirer ou à ajouter un ou ou plusieurs points en cas  d'infraction routière .\n\n",
    "link": "https://www.service-public.fr/particuliers/vosdroits/F15136",
    "name": "F15136--permis-a-p-points-15.json",
    "arborescence": {
        "theme": "Transports",
        "sous_theme": "",
        "dossier": "Conduire à l'étranger",
        "sous_dossier": "",
        "fiche": "Sécurité routière : règles pour conduire en Europe",
        "id": "F15136"
    }
}