{
    "text": "Abus de confiance : L'abus de confiance est caractérisé par le fait de détourner des fonds ou un bien appartenant à autrui de façon contraire à ce qui était convenu avec son propriétaire. La procédure à engager dépend du statut de l'auteur des faits. Cas général: Recours de la victime: Sur place Vous devez vous rendre dans un commissariat de police ou à la gendarmerie de votre choix. Les services de police ou de gendarmerie sont obligés d'enregistrer la plainte. La plainte est ensuite transmise au procureur de la République pour qu'il décide de la suite (enquête, classement sans suite...). Si vous ne connaissez pas l'auteur des faits, vous pouvez remplir une pré-plainte en ligne avant de vous déplacer. Vous obtiendrez alors un rendez-vous et les policiers ou gendarmes auront déjà les éléments de votre plainte à votre arrivée.",
    "text_reader": "\n L'abus de confiance est caractérisé par le fait de détourner des fonds ou un bien appartenant à autrui de façon contraire à ce qui était convenu avec son propriétaire. La procédure à engager dépend du statut de l'auteur des faits. \n Sur place\nVous devez vous rendre dans un  commissariat de police ou à la gendarmerie de votre choix.\nLes services de police ou de gendarmerie sont obligés d'enregistrer la plainte.\nLa plainte est ensuite transmise au procureur de la République pour qu'il décide de la suite (enquête, classement sans suite...).\nSi vous ne connaissez pas l'auteur des faits, vous pouvez remplir une pré-plainte en ligne avant de vous déplacer.\nVous obtiendrez alors un rendez-vous et les policiers ou gendarmes auront déjà les éléments de votre plainte à votre arrivée.",
    "link": "https://www.service-public.fr/particuliers/vosdroits/F1515",
    "name": "F1515--cas-genera-eneral-11--recours-de-ictime-21--sur-place--place-9.json",
    "arborescence": {
        "theme": "Justice",
        "sous_theme": "Infractions",
        "dossier": "Vol - Vandalisme - Escroquerie",
        "sous_dossier": "",
        "fiche": "Abus de confiance",
        "id": "F1515"
    }
}