{
    "text": "Congé pour enfant malade dans le secteur privé : Le congé pour enfant malade permet de bénéficier de jours de congé pour s'occuper d'un enfant de moins de 16 ans malade ou accidenté, sous conditions. Ce congé est ouvert à tout salarié, sans condition d'ancienneté. Le salarié n'est pas rémunéré durant ce congé. Des dispositions conventionnelles plus favorables peuvent prévoir la rémunération du salarié pendant le congé. Rémunération: Cas général Le congé n'est pas rémunéré, sauf si un accord collectif le prévoit.",
    "text_reader": "\n Le congé pour enfant malade permet de bénéficier de jours de congé pour s'occuper d'un enfant  de moins de 16 ans malade ou accidenté, sous conditions. Ce congé est ouvert à tout salarié, sans condition d'ancienneté. Le salarié  n'est pas rémunéré durant ce congé. Des  dispositions conventionnelles  plus favorables peuvent prévoir la rémunération du salarié pendant le congé. \n Cas général\nLe congé n'est pas rémunéré, sauf si un accord collectif le prévoit.",
    "link": "https://www.service-public.fr/particuliers/vosdroits/F151",
    "name": "F151--remunerati-ration-12--cas-genera-eneral-11.json",
    "arborescence": {
        "theme": "Travail",
        "sous_theme": "Congés",
        "dossier": "Congés dans le secteur privé",
        "sous_dossier": "Congés pour maladie, handicap ou dépendance d'un membre de la famille",
        "fiche": "Congé pour enfant malade",
        "id": "F151"
    }
}