{
    "text": "Handicap : foyer d'accueil médicalisé (Fam) : Le foyer d'accueil médicalisé (Fam) propose un hébergement et un accompagnement à tout adulte handicapé gravement dépendant qui n'arrive pas à réaliser seul les actes de la vie courante (se nourrir, s'habiller...). En principe, le Fam accueille des personnes un peu moins dépendantes que la population hébergée en maison d'accueil spécialisée (Mas). Toutefois, dans la pratique, les publics sont sensiblement les mêmes. Démarche: La commission des droits et de l'autonomie des personnes handicapées (CDAPH) se réunit ensuite pour se prononcer sur votre demande d'admission. Sa réponse intervient généralement dans un délai de 4 mois à partir de la date de dépôt de votre demande. En l'absence de réponse au delà de 4 mois, la demande est considérée comme rejetée. Loire-Atlantique (44) Vous devez remplir un formulaire et l'envoyer à votre MDPH, de préférence par lettre recommandée avec avis de réception. À joindre à toute demande",
    "text_reader": "\n Le foyer d'accueil médicalisé (Fam) propose un hébergement et un accompagnement à tout adulte handicapé gravement dépendant qui n'arrive pas à réaliser seul les actes de la vie courante (se nourrir, s'habiller...). En principe, le Fam accueille des personnes un peu moins dépendantes que la population hébergée en maison d'accueil spécialisée (Mas). Toutefois, dans la pratique, les publics sont sensiblement les mêmes. \n La commission des droits et de l'autonomie des personnes handicapées (CDAPH)  se réunit ensuite pour se prononcer sur votre demande d'admission. Sa réponse intervient généralement dans un délai de 4 mois à partir de la date de dépôt de votre demande. En l'absence de réponse au delà de 4 mois, la demande est considérée comme rejetée.\n\nLoire-Atlantique (44)\nVous devez remplir un formulaire et l'envoyer à votre MDPH, de préférence par lettre recommandée avec avis de réception.\nÀ joindre à toute demande",
    "link": "https://www.service-public.fr/particuliers/vosdroits/F15255",
    "name": "F15255--demarche-marche-8--loire-atla-que-44-21.json",
    "arborescence": {
        "theme": "Social - Santé",
        "sous_theme": "Handicap",
        "dossier": "Hébergement d'une personne en situation de handicap",
        "sous_dossier": "Séjour long et médicalisé",
        "fiche": "Foyer d'accueil médicalisé",
        "id": "F15255"
    }
}