{
    "text": "Accueil familial d'une personne âgée et/ou handicapée (accueillant familial) : L’accueil familial est un dispositif permettant à une personne âgée et/ou handicapée, moyennant rémunération, d'être accueillie au domicile d'un accueillant familial. La personne accueillie signe avec l'accueillant familial un contrat d'accueil fixant les conditions matérielles, humaines et financières de l'accueil. La personne accueillie peut bénéficier d'aides sociales et fiscales. Aides financières: Pour la personne accueillie La personne accueillie peut bénéficier des aides suivantes sous réserves d'en remplir les conditions : Allocation personnalisée d'autonomie (Apa) Aide sociale à l'hébergement (ASH) ",
    "text_reader": "\n \t\t\tL’accueil familial est un dispositif permettant à une personne  âgée et/ou handicapée, moyennant rémunération, d'être accueillie au domicile d'un accueillant familial. La personne accueillie signe avec l'accueillant familial un  contrat d'accueil fixant les conditions matérielles, humaines et financières de l'accueil. La personne accueillie peut bénéficier d'aides sociales et fiscales.  \n Pour la personne accueillie\nLa personne accueillie peut bénéficier des aides suivantes sous réserves d'en remplir les conditions :\n\n Allocation personnalisée d'autonomie (Apa) \n\n\n Aide sociale à l'hébergement (ASH) \n",
    "link": "https://www.service-public.fr/particuliers/vosdroits/F15240",
    "name": "F15240--aides-fina-cieres-17--pour-la-pe-eillie-27.json",
    "arborescence": {
        "theme": "Social - Santé",
        "sous_theme": "Hébergement",
        "dossier": "Hébergement des personnes âgées",
        "sous_dossier": "",
        "fiche": "Accueil familial",
        "id": "F15240"
    }
}