{
    "text": "Procès civil : comment se déroule l'audition des témoins ? : Lors d'un procès civil, il peut être nécessaire de faire appel à des témoins. S'ils sont convoqués par le tribunal, ils ont l'obligation de venir témoigner à l'audience. Obligations des témoins: Parents Les parents d'une partie ou les parents de son époux(se), concubin(e) ou partenaire de Pacs peuvent refuser de venir témoigner.",
    "text_reader": "\n Lors d'un procès civil, il peut être nécessaire de faire appel à des témoins.\n\t\t\tS'ils sont convoqués par le tribunal, ils ont l'obligation de venir témoigner à l'audience. \n Parents\nLes parents d'une partie ou les parents de son époux(se), concubin(e) ou partenaire de Pacs peuvent refuser de venir témoigner.",
    "link": "https://www.service-public.fr/particuliers/vosdroits/F1538",
    "name": "F1538--obligation-emoins-23--parents-arents-7.json",
    "arborescence": {
        "theme": "Justice",
        "sous_theme": "Procédures judiciaires",
        "dossier": "Affaire civile",
        "sous_dossier": "Autre",
        "fiche": "Procès civil : comment se déroule l'audition des témoins ?",
        "id": "F1538"
    }
}