{
    "text": "Procès civil : comment se déroule l'audition des témoins ? : Lors d'un procès civil, il peut être nécessaire de faire appel à des témoins. S'ils sont convoqués par le tribunal, ils ont l'obligation de venir témoigner à l'audience. Désignation et convocation des témoins: Désignation Les témoins sont désignés par les parties, qui font leur demande au juge chargé de l'affaire. Le juge est cependant libre de refuser certains témoignages s'il estime qu'ils n'apporteront rien à l'affaire. Les témoins peuvent aussi être directement désignés par le juge. Convocation Les témoins reçoivent leur convocation 8 jours au moins avant la date de leur audition au tribunal. La convocation peut être envoyée par courrier ou par mail. Les parties sont informées de cette convocation.",
    "text_reader": "\n Lors d'un procès civil, il peut être nécessaire de faire appel à des témoins.\n\t\t\tS'ils sont convoqués par le tribunal, ils ont l'obligation de venir témoigner à l'audience. \n Désignation et convocation des témoins\nDésignation\nLes témoins sont désignés par les parties, qui font leur demande au juge chargé de l'affaire.\nLe juge est cependant libre de refuser certains témoignages s'il estime qu'ils n'apporteront rien à l'affaire.\nLes témoins peuvent aussi être directement désignés par le juge.\nConvocation\nLes témoins reçoivent leur convocation  8 jours  au moins avant la date de leur audition au tribunal.\nLa convocation peut être envoyée par courrier  ou par mail.\nLes parties sont informées de cette convocation.",
    "link": "https://www.service-public.fr/particuliers/vosdroits/F1538",
    "name": "F1538--designatio-emoins-38.json",
    "arborescence": {
        "theme": "Justice",
        "sous_theme": "Procédures judiciaires",
        "dossier": "Affaire civile",
        "sous_dossier": "Autre",
        "fiche": "Procès civil : comment se déroule l'audition des témoins ?",
        "id": "F1538"
    }
}