{
    "text": "Retraite dans le privé : rachat de trimestres : Si vous souhaitez augmenter votre durée d'assurance pour la retraite, vous pouvez, sous conditions, racheter des trimestres de cotisations en effectuant des versements au régime général de la Sécurité sociale. Ceci est possible pour les années d'études supérieures ou des années incomplètes de cotisations (validées pour moins de 4 trimestres). C'est également le cas pour certaines périodes d'apprentissage ou des périodes d'activité en tant qu'assistant(e) maternel(le) ou enfant d'anciens harkis. Enfant d'anciens harkis: Démarche: Vous pouvez effectuer une simulation du coût de rachat de vos trimestres sur le site de l'Assurance retraite à partir de votre espace personnel. Si, à l'issue de cette simulation, vous souhaitez formuler une demande de rachat, téléchargez le formulaire de demande proposé. Et adressez-le à l'adresse qui vous est indiquée. Votre caisse de retraite vous indique, dans les 2 mois qui suivent la réception de votre demande, si vous pouvez effectuer ou non un versement. En l’absence de réponse à l’issue des 2 mois, votre demande est considérée comme rejetée. En cas d'admission, votre caisse vous adresse un document appelé Évaluation de verse :ment pour la retraite , qui indique le montant à verser. Ce document est accompagné d'un relevé de carrière régularisé et d'un formulaire appelé Confirmation d'une demande de versement . Si certaines périodes demandées ne peuvent pas faire l'objet du versement, vous êtes informé des points suivants : Précisions relatives aux périodes non retenues Motif de la décision Voies et délais de recours Si vous souhaitez racheter tout ou partie des trimestres autorisés par votre caisse de retraite, vous devez renvoyer le formulaire de Confirmation d’une demande de versement . Vous devez préciser : le nombre de trimestres que vous souhaitez racheter, l'option de rachat choisie, les conditions de paiement du versement pour la retraite. ",
    "text_reader": "\n Si vous souhaitez augmenter votre durée d'assurance pour la retraite, vous pouvez, sous conditions, racheter des trimestres de cotisations en effectuant des versements au régime général de la Sécurité sociale. Ceci est possible pour les années d'études supérieures ou des années incomplètes de cotisations (validées pour moins de 4 trimestres). C'est également le cas pour certaines périodes d'apprentissage ou des périodes d'activité en tant qu'assistant(e) maternel(le) ou enfant d'anciens harkis. \n Vous pouvez effectuer une simulation du coût de rachat de vos trimestres sur le site de l'Assurance retraite à partir de votre espace personnel. Si, à l'issue de cette simulation, vous souhaitez formuler une demande de rachat, téléchargez le  formulaire de demande proposé. Et adressez-le à l'adresse qui vous est indiquée. Votre caisse de retraite vous indique, dans les 2 mois qui suivent la réception de votre demande, si vous pouvez effectuer ou non  un versement. En l’absence de réponse à l’issue des 2 mois, votre demande est considérée comme rejetée. En cas d'admission, votre caisse vous adresse un document appelé  Évaluation de verse :ment pour la retraite , qui indique le montant à verser. Ce document est accompagné d'un relevé de carrière régularisé et d'un formulaire appelé  Confirmation d'une demande de versement . Si certaines  périodes demandées  ne peuvent pas faire l'objet du versement, vous êtes informé des points suivants : Précisions relatives aux périodes non retenues Motif de la  décision Voies et délais de recours Si vous souhaitez racheter tout ou partie des trimestres autorisés par votre caisse de retraite, vous devez renvoyer le formulaire de   Confirmation d’une demande de versement . Vous devez préciser : le nombre de trimestres que vous souhaitez racheter, l'option de  rachat choisie, les conditions  de paiement  du versement pour la retraite.\n\n",
    "link": "https://www.service-public.fr/particuliers/vosdroits/F15675",
    "name": "F15675--enfant-dan-harkis-23--demarche-marche-8.json",
    "arborescence": {
        "theme": "Travail",
        "sous_theme": "Retraite",
        "dossier": "Retraite d'un salarié du secteur privé",
        "sous_dossier": "Avant la retraite",
        "fiche": "Rachat de trimestres",
        "id": "F15675"
    }
}