{
    "text": "Étranger en France : carte de séjour - salarié/travailleur temporaire : Si vous êtes étranger et venez en France pour travailler comme salarié (vous ne pouvez pas obtenir un titre de séjour vie privée et familiale), vous pouvez obtenir une carte de séjour temporaire. Elle porte la mention salarié si vous avez un contrat à durée indéterminée (CDI). Elle porte la mention travailleur temporaire si vous avez un contrat à durée déterminée (CDD) ou si vous êtes salarié détaché et ne remplissez pas les conditions pour obtenir une carte pluriannuelle passeport-talent . Salarié en CDD: Renouvellement de la carte: Votre carte de séjour peut être renouvelée pour une durée égale à celle : soit du CDD ou du détachement restant à courir, soit du nouveau CDD ou de la prolongation de détachement. Cette durée peut donc être supérieure à 1 an. Cas général il n'est pas possible d'effectuer les démarches dans certaines sous-préfectures. Renseignez-vous sur le site internet de votre préfecture.",
    "text_reader": "\n Si vous êtes étranger  et venez  en France pour travailler comme salarié (vous ne pouvez pas obtenir un titre de séjour vie privée et familiale), vous pouvez obtenir une carte de séjour temporaire. Elle porte la mention  salarié  si vous avez un contrat à durée indéterminée (CDI). Elle porte la mention  travailleur temporaire  si vous avez un contrat à durée déterminée (CDD) ou si vous êtes salarié détaché et ne remplissez pas les conditions pour obtenir une carte pluriannuelle  passeport-talent . \n Votre carte de séjour peut être renouvelée pour une durée égale à celle : soit du  CDD  ou du détachement restant à courir, soit du nouveau CDD ou de la prolongation de détachement. Cette durée peut donc être supérieure à 1 an.\n\nCas général\nil n'est pas possible d'effectuer les démarches dans certaines sous-préfectures. Renseignez-vous sur le site internet de votre préfecture.",
    "link": "https://www.service-public.fr/particuliers/vosdroits/F15898",
    "name": "F15898--salarie-en-en-cdd-14--renouvelle--carte-26--cas-genera-eneral-11.json",
    "arborescence": {
        "theme": "Étranger",
        "sous_theme": "Étranger en France",
        "dossier": "Titres, carte de séjour et documents de circulation pour étranger en France",
        "sous_dossier": "Carte de séjour",
        "fiche": "Carte de séjour \"salarié\" ou \"travailleur temporaire\"",
        "id": "F15898"
    }
}