{
    "text": "Diagnostic immobilier : diagnostic de performance énergétique (DPE) : Le diagnostic de performance énergétique (DPE) est un document qui donne une estimation de la consommation énergétique d'un logement et son taux d'émission de gaz à effet de serre. Ce document vise à informer le candidat acquéreur ou locataire sur le bien qu'il projette d'acheter ou de louer. Des sanctions sont notamment prévues en l'absence de DPE ou s'il est erroné. Logements concernés: Le DPE doit être réalisé dans tous les logements lors de leur mise en vente ou location, excepté ceux destinés à être occupés moins de 4 mois par an. ",
    "text_reader": "\n Le diagnostic de performance énergétique (DPE) est un document qui donne une estimation de la consommation énergétique d'un logement et son taux d'émission de gaz à effet de serre. Ce document vise à informer le candidat acquéreur ou locataire sur le bien qu'il projette d'acheter ou de louer. Des sanctions sont notamment prévues en l'absence de DPE ou s'il est erroné. \n Le DPE doit être réalisé dans tous les logements lors de leur mise en vente ou  location, excepté ceux destinés à être occupés moins de 4 mois par an.\n\n",
    "link": "https://www.service-public.fr/particuliers/vosdroits/F16096",
    "name": "F16096--logements--cernes-19.json",
    "arborescence": {
        "theme": "Logement",
        "sous_theme": "Protection et sécurité de l'habitat",
        "dossier": "Diagnostic immobilier",
        "sous_dossier": "",
        "fiche": "Diagnostic de performance énergétique",
        "id": "F16096"
    }
}