{
    "text": "Titre de séjour d'un travailleur citoyen UE/EEE/Suisse : Si vous êtes européen et venez travailler en France, vous n'avez pas besoin de titre de séjour pour vivre en France. Toutefois, vous pouvez demander une carte de séjour. Après 5 ans de séjour: Qui est concerné ?: Vous êtes concerné si vous remplissez l'ensemble des conditions suivantes : vous êtes européen , vous avez exercé une activité professionnelle en France pendant 5 ans continus , vous continuez de vivre en France (en ayant une activité professionnelle ou non). ",
    "text_reader": "\n Si vous êtes européen et venez travailler en France, vous n'avez pas besoin de titre de séjour pour vivre en France. Toutefois, vous pouvez demander une carte de séjour. \n Vous êtes concerné si vous remplissez l'ensemble des conditions suivantes : vous êtes   européen , vous  avez exercé une activité professionnelle  en France pendant 5 ans continus , vous continuez de vivre en France (en ayant une activité professionnelle ou non).\n\n",
    "link": "https://www.service-public.fr/particuliers/vosdroits/F16003",
    "name": "F16003--apres-5-an-sejour-21--qui-est-co-ncerne-18.json",
    "arborescence": {
        "theme": "Étranger",
        "sous_theme": "Étranger en France",
        "dossier": "Titres, carte de séjour et documents de circulation pour étranger en France",
        "sous_dossier": "Carte de séjour pour Européen",
        "fiche": "Travailleur",
        "id": "F16003"
    }
}