{
    "text": "Diagnostic immobilier : diagnostic de performance énergétique (DPE) : Le diagnostic de performance énergétique (DPE) est un document qui donne une estimation de la consommation énergétique d'un logement et son taux d'émission de gaz à effet de serre. Ce document vise à informer le candidat acquéreur ou locataire sur le bien qu'il projette d'acheter ou de louer. Des sanctions sont notamment prévues en l'absence de DPE ou s'il est erroné. Annonces immobilières en cas de vente ou location: L'annonce immobilière pour la mise en vente ou location d'un logement doit mentionner certaines informations qui diffèrent selon le mode de publication. aucune sanction spécifique n'est prévue par la réglementation en cas de défaut d'indication du classement énergétique dans une annonce immobilière. Vitrine d'une agence Elle doit mentionner l'échelle de performance énergétique du logement (A à G) et contenir l'étiquette Énergie. L'étiquette doit être lisible, en couleur et représenter au moins 5 % de la surface du support.",
    "text_reader": "\n Le diagnostic de performance énergétique (DPE) est un document qui donne une estimation de la consommation énergétique d'un logement et son taux d'émission de gaz à effet de serre. Ce document vise à informer le candidat acquéreur ou locataire sur le bien qu'il projette d'acheter ou de louer. Des sanctions sont notamment prévues en l'absence de DPE ou s'il est erroné. \n L'annonce immobilière pour la mise en vente ou location d'un logement doit mentionner certaines informations qui diffèrent selon le mode de publication. aucune sanction spécifique n'est prévue par la réglementation en cas de défaut d'indication du classement énergétique dans une annonce immobilière.\n\nVitrine d'une agence\nElle doit mentionner l'échelle de performance énergétique du logement (A à G) et contenir l'étiquette Énergie.\nL'étiquette doit être lisible, en couleur et représenter au moins 5 % de la surface du support.",
    "link": "https://www.service-public.fr/particuliers/vosdroits/F16096",
    "name": "F16096--annonces-i-cation-49--vitrine-du-agence-20.json",
    "arborescence": {
        "theme": "Logement",
        "sous_theme": "Protection et sécurité de l'habitat",
        "dossier": "Diagnostic immobilier",
        "sous_dossier": "",
        "fiche": "Diagnostic de performance énergétique",
        "id": "F16096"
    }
}