{
    "text": "Un contractuel de la fonction publique a-t-il droit à la prime de précarité ? : Territoriale (FPT): Conditions à remplir: Pour que l'indemnité de fin de contrat soit accordée, la durée du contrat, renouvellement compris, doit être inférieure ou égale à 1 an. La rémunération brute globale de l'agent perçue pendant la durée de son contrat, renouvellement inclus, doit être inférieure ou égale à 3 078,83 € par mois. L'agent n'a pas droit à la prime de fin de contrat s'il continue à travailler dans l'administration à la fin de son contrat. C'est le cas si son contrat est immédiatement renouvelé ou s'il bénéficie d'un nouveau contrat, à durée déterminée ou indéterminée, dans la fonction publique territoriale. C'est également le cas s'il est nommé stagiaire ou élève suite à concours à la fin de son contrat. L'agent n'a pas droit non plus à la prime de fin de contrat s'il n'exécute pas son contrat jusqu'à son terme, c'est-à-dire s'il démissionne ou s'il est licencié en cours de contrat. Enfin l'agent n'a pas non plus droit à la prime de fin de contrat s'il refuse un CDI sur le même emploi ou un emploi similaire auprès du même employeur, assorti d'une rémunération au moins équivalente. Si le contrat prend fin pour un motif propre à l'agent, il ne peut pas non plus toucher la prime de précarité. C'est le cas dans les situations suivantes : Non-renouvellement d'un titre de séjour Déchéance des droits civiques Interdiction d'exercer un emploi public prononcée par le juge ",
    "text_reader": "Pour que l'indemnité de fin de contrat soit accordée, la durée du contrat, renouvellement compris, doit être inférieure ou égale à 1 an. La rémunération brute globale de l'agent perçue pendant la durée de son contrat, renouvellement inclus, doit être inférieure ou égale à  3 078,83 €  par mois. L'agent n'a pas droit à la prime de fin de contrat s'il continue à travailler dans l'administration à la fin de son contrat. C'est le cas si  son contrat est immédiatement renouvelé ou s'il bénéficie d'un nouveau contrat, à durée déterminée ou indéterminée, dans la fonction publique territoriale. C'est également le cas s'il est  nommé stagiaire ou élève suite à concours à la fin de son contrat. L'agent n'a pas droit non plus à la prime de fin de contrat s'il n'exécute pas son contrat jusqu'à son terme, c'est-à-dire s'il démissionne ou s'il est licencié en cours de contrat. Enfin l'agent n'a pas non plus droit à la prime de fin de contrat s'il refuse un  CDI  sur le même emploi ou un emploi similaire auprès du même employeur, assorti d'une rémunération au moins équivalente. Si le contrat prend fin pour un motif propre à l'agent, il ne peut pas non plus toucher la prime de précarité. C'est le cas dans les situations suivantes : Non-renouvellement d'un titre de séjour Déchéance des droits civiques Interdiction d'exercer un emploi public prononcée par le juge\n\n",
    "link": "https://www.service-public.fr/particuliers/vosdroits/F1606",
    "name": "F1606--territoria-le-fpt-18--conditions-emplir-20.json",
    "arborescence": {
        "theme": "Travail",
        "sous_theme": "Quitter son emploi",
        "dossier": "Quitter la fonction publique",
        "sous_dossier": "Autre",
        "fiche": "Un contractuel de la fonction publique a-t-il droit à la prime de précarité ?",
        "id": "F1606"
    }
}