{
    "text": "Plan épargne logement (PEL) : Le plan d'épargne logement (PEL) est un compte d'épargne réglementé. Il peut vous aider à constituer une épargne destinée à l'achat d'un bien immobilier ou pour des travaux. PEL ouvert à partir de 2018: Plafond: Le plafond du PEL est de 61 200 € . ",
    "text_reader": "\n Le plan d'épargne logement (PEL) est un compte d'épargne réglementé. Il peut vous aider à constituer une épargne destinée à l'achat d'un bien immobilier ou pour  des travaux. \n Le plafond du PEL est de  61 200 € .\n\n",
    "link": "https://www.service-public.fr/particuliers/vosdroits/F16140",
    "name": "F16140--pel-ouvert-e-2018-27--plafond-lafond-7.json",
    "arborescence": {
        "theme": "Argent",
        "sous_theme": "Épargne",
        "dossier": "Livrets, plans et comptes d'épargne",
        "sous_dossier": "",
        "fiche": "Plan épargne logement (PEL)",
        "id": "F16140"
    }
}