{
    "text": "Compte épargne logement (CEL) : Le compte épargne logement (CEL) est un produit d'épargne orienté vers un projet immobilier. L'épargne accumulée permet d'obtenir, sous conditions, un prêt immobilier ou un prêt travaux et une prime d’État. À la différence du plan d'épargne logement, l'épargne du CEL est disponible. CEL ouvert avant 2018: Versements et retraits: Versement initial Le versement initial doit être d'un montant minimum de 300 € . Autres versements Le montant des autres versements est libre, mais avec un minimum de 75 € . Il n'y a de montant maximum de versement, mais aucun versement ne doit entraîner le dépassement du plafond du CEL, qui est de 15 300 € . Retraits Le montant des retraits est libre, mais dans la limite du respect du solde minimum de 300 € .",
    "text_reader": "\n Le compte épargne logement (CEL) est un produit d'épargne   orienté vers un projet immobilier. L'épargne accumulée permet d'obtenir, sous conditions, un  prêt  immobilier ou  un prêt travaux et   une prime d’État. À la différence du plan d'épargne logement, l'épargne du CEL est disponible. \n Versements et retraits\nVersement initial\nLe versement initial doit être d'un montant minimum de  300 € .\nAutres versements\nLe montant des autres versements est libre, mais avec un minimum de 75 € .\nIl n'y a de  montant maximum de  versement, mais aucun versement ne doit entraîner le dépassement du plafond du CEL, qui est de  15 300 € .\nRetraits\nLe montant des retraits est libre, mais dans la limite du respect du solde minimum de  300 € .",
    "link": "https://www.service-public.fr/particuliers/vosdroits/F16136",
    "name": "F16136--cel-ouvert-t-2018-21--versements-traits-22.json",
    "arborescence": {
        "theme": "Argent",
        "sous_theme": "Épargne",
        "dossier": "Livrets, plans et comptes d'épargne",
        "sous_dossier": "",
        "fiche": "Compte épargne logement (CEL)",
        "id": "F16136"
    }
}