{
    "text": "Prêt viager hypothécaire : Le prêt viager hypothécaire permet d'emprunter une somme d'argent en contrepartie d'une hypothèque sur un bien immobilier. Il est différent de la vente en viager et de l'hypothèque. Au décès de l'emprunteur, l'organisme financier se rembourse en capital et en intérêts en revendant un bien immobilier mis en garantie. Toutefois, il est possible aussi de payer les intérêts de manière périodique et d'effectuer un remboursement anticipé du prêt. Aucune banque ne commercialise actuellement ce prêt. Prêt avec remboursements périodiques d'intérêts: Conditions: Personnes concernées La personne qui demande un prêt viager hypothécaire doit être propriétaire d'un bien immobilier. Il n'a pas l'obligation d'être assuré, ni d'assurer le prêt. Il n'y a pas de condition d'âge, même si le dispositif est plutôt destiné aux personnes âgées. Il n'y a aucun questionnaire médical à remplir. Il n'y a pas de condition de ressources. Biens immobiliers concernés Le bien servant de garantie doit être un bien à usage exclusif d'habitation. Cela veut dire qu'il doit uniquement servir comme logement et non comme local professionnel. Ce bien peut être : une résidence principale, une résidence secondaire, ou un bien loué. Il n’y a pas cession du bien : l'emprunteur reste propriétaire du bien. un bien immobilier à usage mixte (habitation et professionnel) ne peut pas garantir un prêt viager hypothécaire.",
    "text_reader": "\n Le prêt viager hypothécaire permet d'emprunter une somme d'argent en contrepartie d'une hypothèque sur un bien immobilier. Il est  différent de la vente en viager et de l'hypothèque. Au décès de l'emprunteur, l'organisme financier se rembourse en capital et en intérêts en revendant un bien immobilier mis en garantie. Toutefois, il est possible aussi de payer les intérêts de manière périodique et d'effectuer un remboursement anticipé du prêt. Aucune banque ne commercialise actuellement ce prêt. \n Conditions\nPersonnes concernées\nLa personne qui demande un prêt viager hypothécaire doit être propriétaire d'un bien immobilier.\nIl n'a pas l'obligation d'être assuré, ni d'assurer le prêt.\nIl n'y a pas de condition d'âge, même si le dispositif est plutôt destiné aux personnes âgées.\nIl n'y a aucun questionnaire médical à remplir.\nIl n'y a pas de condition de ressources.\nBiens immobiliers concernés\nLe bien servant de garantie doit être un bien à usage exclusif d'habitation. Cela veut dire qu'il doit uniquement servir comme logement et non comme local professionnel. \nCe bien peut être :\nune résidence principale,\nune résidence secondaire,\nou un bien loué.\nIl n’y a pas cession du bien : l'emprunteur reste propriétaire du bien.\nun bien immobilier à usage mixte (habitation et professionnel) ne peut pas garantir un prêt viager hypothécaire.",
    "link": "https://www.service-public.fr/particuliers/vosdroits/F16242",
    "name": "F16242--pret-avec--terets-47--conditions-itions-10.json",
    "arborescence": {
        "theme": "Argent",
        "sous_theme": "Crédit et surendettement",
        "dossier": "Crédit à la consommation",
        "sous_dossier": "Différents types de crédit",
        "fiche": "Prêt viager hypothécaire",
        "id": "F16242"
    }
}