{
    "text": "Prêt viager hypothécaire : Le prêt viager hypothécaire permet d'emprunter une somme d'argent en contrepartie d'une hypothèque sur un bien immobilier. Il est différent de la vente en viager et de l'hypothèque. Au décès de l'emprunteur, l'organisme financier se rembourse en capital et en intérêts en revendant un bien immobilier mis en garantie. Toutefois, il est possible aussi de payer les intérêts de manière périodique et d'effectuer un remboursement anticipé du prêt. Aucune banque ne commercialise actuellement ce prêt. Prêt avec remboursements périodiques d'intérêts: Fin du contrat: Le contrat de prêt prend fin avec un remboursement anticipé, la vente du bien ou avec le décès de l'emprunteur. De la 5e à la 9e année Capital versé en une fois 2 mois d'intérêts Capital versé périodiquement 3 versements mensuels",
    "text_reader": "\n Le prêt viager hypothécaire permet d'emprunter une somme d'argent en contrepartie d'une hypothèque sur un bien immobilier. Il est  différent de la vente en viager et de l'hypothèque. Au décès de l'emprunteur, l'organisme financier se rembourse en capital et en intérêts en revendant un bien immobilier mis en garantie. Toutefois, il est possible aussi de payer les intérêts de manière périodique et d'effectuer un remboursement anticipé du prêt. Aucune banque ne commercialise actuellement ce prêt. \n Le contrat de prêt prend fin avec un remboursement anticipé, la vente du bien ou avec le décès de l'emprunteur.\n\nDe la 5e à la 9e année\nCapital versé en une fois\n2 mois d'intérêts\nCapital versé périodiquement\n3 versements mensuels",
    "link": "https://www.service-public.fr/particuliers/vosdroits/F16242",
    "name": "F16242--pret-avec--terets-47--fin-du-con-ontrat-14--de-la-5e-a--annee-22.json",
    "arborescence": {
        "theme": "Argent",
        "sous_theme": "Crédit et surendettement",
        "dossier": "Crédit à la consommation",
        "sous_dossier": "Différents types de crédit",
        "fiche": "Prêt viager hypothécaire",
        "id": "F16242"
    }
}