{
    "text": "Retraite anticipée pour handicap d'un salarié du privé : Vous pouvez bénéficier d'un départ anticipé à la retraite avant 62 ans si vous justifiez d'un taux minimum de handicap et d'une durée minimale d'assurance retraite pendant la période de handicap. Condition de handicap: Vous pouvez partir en retraite anticipée avant 62 ans si vous êtes atteint d'une incapacité permanente d'au moins 50 % reconnue par la maison départementale des personnes handicapées (MDPH). ",
    "text_reader": "\n Vous pouvez bénéficier d'un départ anticipé à la retraite avant 62 ans si vous justifiez d'un taux minimum de handicap et d'une durée minimale d'assurance retraite pendant la période de handicap. \n Vous pouvez partir en retraite anticipée avant  62 ans si vous êtes atteint d'une incapacité permanente d'au moins  50 %  reconnue par la maison départementale des personnes handicapées (MDPH).\n\n",
    "link": "https://www.service-public.fr/particuliers/vosdroits/F16337",
    "name": "F16337--condition--ndicap-21.json",
    "arborescence": {
        "theme": "Travail",
        "sous_theme": "Retraite",
        "dossier": "Retraite d'un salarié du secteur privé",
        "sous_dossier": "Départ à la retraite anticipé et retraite progressive",
        "fiche": "Handicap",
        "id": "F16337"
    }
}