{
    "text": "Ticket modérateur, forfait et franchises (Sécurité sociale) : L'assurance maladie (sécurité sociale) ne rembourse pas complètement les frais médicaux. Une partie des dépenses reste à votre charge : ticket modérateur, forfait de 24 € , participation forfaitaire de 1 € , franchises médicales. Participation forfaitaire de 1 €: Prestations concernées Une participation forfaitaire reste à votre charge à chaque consultation ou acte médical (à l'exclusion des actes et consultations réalisés au cours d'une hospitalisation). Cette participation s'applique également à tout acte de radiologie ou de biologie médicale. Montant La participation forfaitaire est de 1 € dans la limite de 50 € par an et par personne. Si au cours de la même journée, vous consultez plusieurs fois le même médecin ou si vous bénéficiez de plusieurs actes effectués par le même professionnel, le forfait est appliqué dans la limite de 4 € par jour et par médecin. Si un médecin réalise 6 actes différents au cours d'une même consultation, la participation maximale sera de 4 € pour la consultation de ce médecin. Personnes exonérées La participation forfaitaire de 1 € ne s'applique pas aux personnes suivantes : Enfants et jeunes de moins de 18 ans Femme enceinte (du 1 er jour du 6 e mois de grossesse et jusqu'au 12 e jour après l'accouchement) Bénéficiaire de la complémentaire santé solidaire Bénéficiaire de l'AME Paiement Les participations forfaitaires sont automatiquement déduites du montant de vos remboursements. Elles figurent en déduction sur les relevés de remboursement. La participation forfaitaire de 1 € n'est pas remboursée par les complémentaires de santé dans le cadre d'un contrat responsable . Renseignez-vous auprès de votre organisme complémentaire.",
    "text_reader": "\n L'assurance maladie (sécurité sociale) ne rembourse pas complètement les frais médicaux. Une partie des dépenses reste à votre charge : ticket modérateur, forfait de  24 € , participation forfaitaire de  1 € , franchises médicales. \n Participation forfaitaire de 1 €\nPrestations concernées\nUne participation forfaitaire reste à votre charge à chaque consultation ou acte médical (à l'exclusion des actes et consultations réalisés au cours d'une hospitalisation).\nCette participation s'applique également à tout acte de radiologie ou de biologie médicale.\nMontant\nLa participation forfaitaire est de   1 €  dans la limite de  50 €  par an et par personne.\nSi au cours de la même journée, vous consultez plusieurs fois le même médecin ou si vous bénéficiez de plusieurs actes effectués par le même professionnel, le forfait est appliqué dans la limite de  4 €  par jour et par médecin.\nSi un médecin réalise 6 actes différents au cours d'une même consultation, la participation maximale sera de  4 €  pour la consultation de ce médecin.\nPersonnes exonérées\nLa participation forfaitaire de  1 €   ne s'applique pas aux personnes suivantes :\nEnfants et jeunes de moins de 18 ans\n\n Femme enceinte  (du 1 er  jour du 6 e  mois de grossesse et jusqu'au 12 e  jour après l'accouchement)\nBénéficiaire de la  complémentaire santé solidaire \n\nBénéficiaire de  l'AME \n\nPaiement\nLes participations forfaitaires sont automatiquement déduites du montant de vos remboursements. Elles figurent en déduction sur les relevés de remboursement.\nLa participation forfaitaire de  1 €  n'est pas remboursée par les  complémentaires de santé dans le cadre d'un contrat responsable . Renseignez-vous auprès  de votre organisme complémentaire.",
    "link": "https://www.service-public.fr/particuliers/vosdroits/F165",
    "name": "F165--participat-e-de-1-32.json",
    "arborescence": {
        "theme": "Social - Santé",
        "sous_theme": "Sécurité sociale",
        "dossier": "Remboursement des soins par la sécurité sociale",
        "sous_dossier": "Conditions du remboursement des soins",
        "fiche": "Ticket modérateur, forfait, franchises",
        "id": "F165"
    }
}