{
    "text": "Handicap : travail en établissement et service d'aide par le travail (Ésat) : L' Ésat est une structure qui permet aux personnes en situation de handicap d'exercer une activité professionnelle tout en bénéficiant d'un soutien médico-social et éducatif dans un milieu protégé. Cette structure accueille des personnes qui n'ont pas acquis assez d’autonomie pour travailler en milieu ordinaire ou dans une entreprise adaptée à leurs besoins. Démarche: ôme (26) Vous devez remplir un formulaire et l'envoyer à votre MDPH, de préférence par lettre recommandée avec avis de réception. À joindre à toute demande",
    "text_reader": "\n L' Ésat  est une structure qui permet aux personnes en situation de handicap d'exercer une activité professionnelle tout en bénéficiant d'un soutien médico-social et éducatif dans un milieu protégé. Cette structure accueille des personnes qui n'ont pas acquis assez d’autonomie pour travailler en  milieu ordinaire  ou dans une entreprise adaptée à leurs besoins. \n Drôme (26)\nVous devez remplir un formulaire et l'envoyer à votre MDPH, de préférence par lettre recommandée avec avis de réception.\nÀ joindre à toute demande",
    "link": "https://www.service-public.fr/particuliers/vosdroits/F1654",
    "name": "F1654--demarche-marche-8--drome-26-ome-26-10.json",
    "arborescence": {
        "theme": "Travail",
        "sous_theme": "Santé, sécurité et conditions de travail",
        "dossier": "Handicap et emploi dans le secteur privé",
        "sous_dossier": "",
        "fiche": "Travail en établissement et service d'aide par le travail (Ésat)",
        "id": "F1654"
    }
}