{
    "text": "Avec quels documents un Français peut-il se rendre en Suisse ? : Voyage d'un mineur: Voyage avec l'un des parents Un mineur doit avoir avec lui une pièce d'identité individuelle (passeport ou carte d'identité valides).",
    "text_reader": "Voyage avec l'un des parents\nUn mineur doit avoir avec lui une pièce d'identité individuelle (passeport ou  carte d'identité valides).",
    "link": "https://www.service-public.fr/particuliers/vosdroits/F16538",
    "name": "F16538--voyage-dun-mineur-18--voyage-ave-arents-28.json",
    "arborescence": {
        "theme": "Étranger",
        "sous_theme": "Français à l'étranger",
        "dossier": "Voyager à l'étranger",
        "sous_dossier": "",
        "fiche": "Avec quels documents un Français peut-il se rendre en Suisse ?",
        "id": "F16538"
    }
}