{
    "text": "Suite à une opération des yeux, faut-il faire modifier son permis de conduire ? : Par messagerie: Accès au formulaire de contact ",
    "text_reader": " Accès au  formulaire de contact  \n\n",
    "link": "https://www.service-public.fr/particuliers/vosdroits/F16787",
    "name": "F16787--par-messag-agerie-14.json",
    "arborescence": {
        "theme": "Transports",
        "sous_theme": "",
        "dossier": "Permis de conduire",
        "sous_dossier": "Autre",
        "fiche": "Suite à une opération des yeux, faut-il faire modifier son permis de conduire ?",
        "id": "F16787"
    }
}