{
    "text": "Allocation de solidarité aux personnes âgées (Aspa) : L'allocation de solidarité aux personnes âgées (Aspa) est une prestation mensuelle accordée aux retraités ayant de faibles ressources et vivant en France. Elle est versée par votre caisse de retraite ( Carsat , MSA, ...). Son montant dépend de vos ressources et de votre situation familiale (retraité vivant seul ou en couple). Vous vivez en couple (mariage, Pacs, concubinage): Démarche: Retraite versée par la Sécurité sociale Ce formulaire permet de demander l'Aspa auprès d'un seul organisme pour l'ensemble des activités que vous avez pu exercer en tant que : salarié, chef d'entreprise, conjoint collaborateur, artisan, commerçant et industriel, ... ministre des cultes ou religieux (Cavimac) Vous devez remplir le formulaire de demande d'Aspa : Vous adressez le formulaire, accompagné des pièces justificatives demandées (dont la liste est précisée dans la notice jointe au formulaire), à votre caisse de retraite.",
    "text_reader": "\n L'allocation de solidarité aux personnes âgées (Aspa) est une prestation mensuelle accordée aux retraités ayant de faibles ressources et vivant en France. Elle est versée par votre caisse de retraite ( Carsat ,  MSA, ...). Son montant dépend de vos ressources et de votre situation familiale (retraité vivant seul ou en couple). \n Retraite versée par la Sécurité sociale\nCe formulaire  permet de demander l'Aspa  auprès d'un seul organisme pour l'ensemble des activités que vous avez pu exercer en tant que :\nsalarié, chef d'entreprise, conjoint collaborateur, artisan, commerçant et industriel, ...\nministre des cultes ou religieux (Cavimac)\nVous devez remplir le formulaire de demande d'Aspa :\nVous adressez le formulaire, accompagné des pièces justificatives demandées (dont la liste est précisée dans la notice jointe au formulaire), à votre caisse de retraite.",
    "link": "https://www.service-public.fr/particuliers/vosdroits/F16871",
    "name": "F16871--vous-vivez-binage-49--demarche-marche-8--retraite-v-ociale-39.json",
    "arborescence": {
        "theme": "Social - Santé",
        "sous_theme": "Aides sociales",
        "dossier": "Allocations et aides aux personnes âgées",
        "sous_dossier": "",
        "fiche": "Allocation de solidarité aux personnes âgées (Aspa)",
        "id": "F16871"
    }
}