{
    "text": "Allocation de solidarité aux personnes âgées (Aspa) : L'allocation de solidarité aux personnes âgées (Aspa) est une prestation mensuelle accordée aux retraités ayant de faibles ressources et vivant en France. Elle est versée par votre caisse de retraite ( Carsat , MSA, ...). Son montant dépend de vos ressources et de votre situation familiale (retraité vivant seul ou en couple). Vous vivez en couple (mariage, Pacs, concubinage): Versement: L’Aspa est versée par votre caisse de retraite ( Carsat , MSA, ...). Elle est versée au plus tôt à partir du 1 er jour du mois qui suit la date de réception de la demande. Vous devez informer votre caisse de tout changement du montant de vos ressources, de votre situation familiale ou de votre lieu de résidence. ",
    "text_reader": "\n L'allocation de solidarité aux personnes âgées (Aspa) est une prestation mensuelle accordée aux retraités ayant de faibles ressources et vivant en France. Elle est versée par votre caisse de retraite ( Carsat ,  MSA, ...). Son montant dépend de vos ressources et de votre situation familiale (retraité vivant seul ou en couple). \n L’Aspa  est versée par votre caisse de retraite ( Carsat ,  MSA, ...). Elle est versée au plus tôt à partir du 1 er  jour du mois qui suit la date de réception de la demande. Vous devez informer votre caisse de tout changement du montant de vos ressources, de votre situation familiale ou de votre lieu de résidence.\n\n",
    "link": "https://www.service-public.fr/particuliers/vosdroits/F16871",
    "name": "F16871--vous-vivez-binage-49--versement-sement-9.json",
    "arborescence": {
        "theme": "Social - Santé",
        "sous_theme": "Aides sociales",
        "dossier": "Allocations et aides aux personnes âgées",
        "sous_dossier": "",
        "fiche": "Allocation de solidarité aux personnes âgées (Aspa)",
        "id": "F16871"
    }
}