{
    "text": "Passeport talent : carte de séjour pluriannuelle d'un étranger en France : Si vous êtes étranger (sauf citoyen d'un pays européen ou Algérien) et souhaitez travailler en France plus de 3 mois, vous pouvez bénéficier d'une carte de séjour pluriannuelle passeport talent . Cette carte vous est délivrée dans plusieurs situations, notamment si vous êtes hautement qualifié, souhaitez créer une entreprise ou investir en France, ou si vous êtes artiste. Elle est valable 4 ans maximum et renouvelable. Emploi hautement qualifié: Vous devez demander une carte si la durée de séjour envisagée est d'au moins 1 an. Si la durée de séjour est inférieure à 1 an, un visa de long séjour valant titre de séjour (VL-TS ) mention passeport talent - carte bleue européenne suffit. Vous habitez en France Vous devez déposer votre demande de carte à la préfecture (ou sous-préfecture) de votre domicile (renseignez-vous sur le site internet de la préfecture) dans les 2 mois précédant la date d'expiration votre titre de séjour.",
    "text_reader": "\n Si vous êtes étranger (sauf citoyen d'un pays  européen  ou Algérien) et souhaitez travailler en France plus de 3 mois, vous pouvez bénéficier d'une carte de séjour pluriannuelle  passeport talent . Cette carte vous est délivrée dans plusieurs situations, notamment si vous êtes hautement qualifié, souhaitez créer une entreprise ou investir en France, ou si vous êtes artiste. Elle est valable 4 ans maximum et renouvelable. \n Vous devez demander une carte si la durée de séjour envisagée est d'au moins 1 an. Si la durée de séjour est inférieure à 1 an, un  visa de long séjour valant titre de séjour (VL-TS ) mention  passeport talent - carte bleue européenne  suffit.\n\nVous habitez en France\nVous devez déposer votre demande de carte à la préfecture (ou sous-préfecture) de votre domicile (renseignez-vous sur le site internet de la préfecture) dans les 2 mois précédant la date d'expiration votre titre de séjour.",
    "link": "https://www.service-public.fr/particuliers/vosdroits/F16922",
    "name": "F16922--emploi-hau-alifie-25--vous-habit-france-22.json",
    "arborescence": {
        "theme": "Étranger",
        "sous_theme": "Étranger en France",
        "dossier": "Titres, carte de séjour et documents de circulation pour étranger en France",
        "sous_dossier": "Carte de séjour",
        "fiche": "Carte de séjour \"passeport talent\"",
        "id": "F16922"
    }
}