{
    "text": "Comment augmenter le loyer d'un logement soumis à la loi de 1948 ? : Augmentation annuelle: Selon que le logement est ou non situé dans l'agglomération parisienne, les règles à appliquer diffèrent. L'agglomération parisienne comprend Paris, la petite couronne et certaines communes de la grande couronne (77, 78 91 et 95) . Agglomération parisienne Le loyer peut être augmenté au 1 er juillet de chaque année sans pouvoir dépasser le montant maximum du loyer. Ce montant maximum est fonction de la catégorie du logement. Catégorie du logement Catégorie du logement Caractéristiques du logement II A - Situé dans une construction en matériaux de très bonne qualité - Avec WC particulier, une salle de bains et du chauffage central II B Situé dans une construction en matériaux de bonne qualité, souvent dépourvue d'ascenseur II C - Situé dans une construction en matériaux de bonne qualité mais d'aspect ordinaire, et habituellement dépourvue d'ascenseur. - Comprenant rarement plus de 4 pièces principales III A Situé dans une construction en matériaux de qualité médiocre, mais avec une isolation phonique et thermique satisfaisante III B Situé dans une construction de qualité médiocre, avec certains vices (humidité, isolations phoniques et thermiques très insuffisantes) IV Situé dans une construction en matériaux défectueux ou dans un immeuble dépourvu de tout équipement (aucun WC dans le logement, ni dans l'immeuble) Loyer maximum Le montant maximum du loyer correspond à la surface corrigée du logement, multipliée par le prix de base du mètre carré de la catégorie du logement . Le prix de base du mètre carré est fixé de la manière suivante : Prix de base des m² de surface corrigée Catégorie du logement Pour chacun des 10 premiers m² Pour chaque autre m² II A 12,57 € 7,45 € II B 8,64 € 4,68 € II C 6,62 € 3,54 € III A 4,01 € 2,15 € III B 2,37 € 1,24 € IV 0,26 € 0,12 € Pour un logement de type II C avec une surface corrigée de 43 m 2 : Calcul : ( 6,62 € x 10) + ( 3,54 € x 33) = 183,02 € Conséquence : l'augmentation annuelle ne doit pas avoir pour effet de rendre le loyer supérieur à 183,02 € Taux d'augmentation au 1 er juillet Sous réserve de ne pas dépasser le montant maximum de loyer, le taux d'augmentation applicable est de : 0,92 % à partir du 1 er juillet 2020 1,70 % du 1 er juillet 2019 au 30 juin 20200 il est interdit d'augmenter le loyer d'un logement classé en catégorie IV.",
    "text_reader": "Selon que le logement est ou non situé dans l'agglomération parisienne, les règles à appliquer diffèrent. L'agglomération parisienne comprend Paris,  la  petite couronne   et  certaines communes de la grande couronne (77, 78 91 et 95)   .\n\nAgglomération parisienne\nLe loyer peut être augmenté au  1 er  juillet de chaque année sans pouvoir dépasser le montant maximum du loyer. Ce montant maximum est fonction de la catégorie du logement.\n\n Catégorie du logement \n\nCatégorie du logement\nCaractéristiques du logement\nII A\n- Situé dans une construction en matériaux de très bonne   qualité\n- Avec WC particulier, une salle de bains et du chauffage central\nII B\nSitué dans une construction en matériaux de bonne  qualité, souvent dépourvue d'ascenseur\nII C\n- Situé dans une construction en matériaux de bonne  qualité mais d'aspect ordinaire, et habituellement  dépourvue d'ascenseur.\n- Comprenant  rarement plus de 4 pièces principales\nIII A\nSitué dans une construction en matériaux de qualité médiocre, mais  avec une isolation phonique et thermique satisfaisante\nIII B\nSitué dans une construction de qualité médiocre, avec  certains vices (humidité, isolations phoniques et thermiques très insuffisantes)\nIV\nSitué dans une construction en matériaux défectueux ou  dans un immeuble dépourvu de tout équipement (aucun WC  dans le logement, ni dans l'immeuble)\n\n Loyer  maximum \n\nLe montant maximum du loyer correspond à la  surface corrigée  du logement, multipliée par le prix de base du mètre carré de la  catégorie du logement \n\n.\nLe prix de base du mètre carré est fixé de la manière suivante :\nPrix de base des m² de surface corrigée\nCatégorie du logement \n\n\nPour chacun des  10 premiers m²\nPour chaque  autre m²\nII A\n\n 12,57 € \n\n\n 7,45 € \n\nII B\n\n 8,64 € \n\n\n 4,68 € \n\nII C\n\n 6,62 € \n\n\n 3,54 € \n\nIII A\n\n 4,01 € \n\n\n 2,15 € \n\nIII B\n\n 2,37 € \n\n\n 1,24 € \n\nIV\n\n 0,26 € \n\n\n 0,12 € \n\nPour  un logement de type II C avec une   surface corrigée de 43 m 2 :\nCalcul : ( 6,62 €  x 10) + ( 3,54 €  x 33) =  183,02 € \n\nConséquence :  l'augmentation annuelle ne doit pas avoir pour effet de rendre le loyer supérieur à  183,02 € \n\n\n Taux d'augmentation au 1 er  juillet \n\nSous réserve de ne pas dépasser le montant maximum de loyer, le taux d'augmentation applicable est  de :\n\n 0,92 %  à partir du 1 er  juillet 2020\n\n 1,70 %   du 1 er  juillet 2019 au 30 juin 20200\nil est interdit d'augmenter le  loyer d'un  logement classé en catégorie IV.",
    "link": "https://www.service-public.fr/particuliers/vosdroits/F17709",
    "name": "F17709--augmentati-nuelle-21--agglomerat-sienne-24.json",
    "arborescence": {
        "theme": "Logement",
        "sous_theme": "Location immobilière",
        "dossier": "Location immobilière : loyer",
        "sous_dossier": "Autre",
        "fiche": "Comment augmenter le loyer d'un logement soumis à la loi de 1948 ?",
        "id": "F17709"
    }
}