{
    "text": "Quelles sont les indemnités dues aux jurés d'assises ? : Indemnités d'hébergement: En tant que juré d'assises, vous pouvez percevoir une indemnité journalière pour le repas. Si vous ne pouvez pas revenir dormir chez vous,vous pouvez aussi percevoir une indemnité pour l'hébergement. Ces indemnités sont exonérées d'impôts. Ces indemnités ne sont pas versées d'office, vous devez les demander à la régie d'avances du tribunal ou de la Cour d'appel. Nantes 90 € ",
    "text_reader": "En tant que juré d'assises, vous pouvez percevoir une indemnité journalière pour le repas. Si vous ne pouvez pas revenir dormir chez vous,vous pouvez aussi percevoir une indemnité pour l'hébergement. Ces indemnités sont  exonérées d'impôts. Ces indemnités ne sont pas versées d'office, vous devez les demander à la régie d'avances du tribunal  ou de la Cour d'appel.\n\nNantes\n\n 90 € \n",
    "link": "https://www.service-public.fr/particuliers/vosdroits/F17783",
    "name": "F17783--indemnites-gement-24--nantes-nantes-6.json",
    "arborescence": {
        "theme": "Justice",
        "sous_theme": "Organisation de la justice",
        "dossier": "Acteurs du monde judiciaire",
        "sous_dossier": "",
        "fiche": "Quelles sont les indemnités dues aux jurés d'assises ?",
        "id": "F17783"
    }
}