{
    "text": "Litige commercial : déroulement d'une affaire devant le tribunal de commerce : Le tribunal de commerce juge les litiges qui opposent des commerçants entre eux ou à des particuliers et ceux qui concernent les actes de commerce. Le tribunal de commerce peut être saisi par assignation et par requête conjointe. Les parties doivent avoir un avocat sauf dispositions contraires. Dans les départements d'Alsace-Moselle (Bas-Rhin, Haut-Rhin et Moselle), la chambre commerciale du tribunal judiciaire est compétente. Cas général: Présence et représentation des parties (avocat ou tiers): Gage Les parties sont dispensées d'avocat en matière de gage des stocks et de gage sans dépossession. Les parties peuvent se présenter en personne ou se faire représenter par toute personne de leur choix. Ce représentant doit justifier d'un pouvoir spécial.",
    "text_reader": "\n Le tribunal de commerce juge   les litiges qui opposent des  commerçants entre eux ou à des particuliers et ceux qui concernent les actes de commerce. Le tribunal de commerce peut être saisi par assignation et par requête conjointe. Les parties doivent avoir un avocat sauf dispositions contraires. Dans les départements d'Alsace-Moselle (Bas-Rhin, Haut-Rhin et Moselle), la chambre commerciale du tribunal judiciaire est compétente. \n Gage\nLes parties sont dispensées d'avocat en matière de gage des stocks et de gage sans dépossession.\nLes parties peuvent se présenter en personne ou se faire représenter par toute personne de leur choix. Ce représentant doit justifier d'un pouvoir spécial.",
    "link": "https://www.service-public.fr/particuliers/vosdroits/F1792",
    "name": "F1792--cas-genera-eneral-11--presence-e--tiers-56--gage-gage-4.json",
    "arborescence": {
        "theme": "Justice",
        "sous_theme": "Procédures judiciaires",
        "dossier": "Affaire civile",
        "sous_dossier": "Déroulement d'une affaire",
        "fiche": "Devant le tribunal de commerce",
        "id": "F1792"
    }
}