{
    "text": "Aide juridictionnelle : L'aide juridictionnelle est une prise en charge par l’État de vos frais de justice (avocat, huissier, etc.). Vous pouvez bénéficier de cette aide si vous avez de faibles ressources. L'aide peut couvrir la totalité de vos frais de justice ou une partie. Vous pouvez la demander avant ou après le début de votre procédure en justice. La demande doit se faire auprès de la juridiction chargée de votre affaire. Vous devez remplir un formulaire et fournir des pièces justificatives. Vous êtes étranger: Conditions de séjour et de nationalité: Vous vivez en France Vous avez un justificatif de résidence ou de séjour Vous pouvez prétendre à l'aide si vous êtes : Citoyen européen Algérien résident en France Québécois résident en France Étranger résidant habituellement et légalement en France Demandeur d'asile Vous n'avez de justificatif de résidence ou de séjour Vous pouvez également bénéficier de l'aide si vous êtes étranger, sans avoir à justifier d'une durée de résidence ou d'un titre de séjour et si vous êtes dans l'une des situations suivantes : Maintenu en zone d'attente Retenu pour vérification de votre droit au séjour Destinataire d'un refus de carte de séjour temporaire ou de carte de résident soumis à la commission du titre de séjour Frappé d'une mesure d'éloignement Placé en centre de rétention Mineur Témoin assisté ou mis en examen ou prévenu ou accusé ou condamné ou partie civile Bénéficiaire d'une ordonnance de protection en tant que victime de violences conjugales Faire l'objet d'une comparution sur reconnaissance préalable de culpabilité Situation particulièrement digne d'intérêt au regard de l'objet du litige ou du coût du procès",
    "text_reader": "\n L'aide juridictionnelle est une prise en charge par  l’État de vos  frais de justice (avocat, huissier, etc.). Vous pouvez bénéficier de cette aide si vous avez de  faibles ressources. L'aide peut couvrir la totalité de vos frais de justice ou une partie. Vous pouvez la demander  avant ou après le début de votre procédure  en justice. La demande doit se faire auprès de la juridiction chargée de votre affaire. Vous devez remplir un formulaire et fournir des pièces justificatives. \n Vous vivez en France\nVous avez un justificatif de résidence ou de séjour\nVous pouvez prétendre à l'aide  si vous êtes :\nCitoyen européen \n\n\nAlgérien résident en France\nQuébécois résident en France\nÉtranger résidant habituellement et légalement en France\n\n Demandeur d'asile \n\nVous n'avez de justificatif de résidence ou de séjour\nVous pouvez également bénéficier de l'aide si vous êtes étranger, sans avoir à justifier d'une durée de résidence ou d'un titre de séjour et si vous êtes dans l'une des situations suivantes :\nMaintenu en zone d'attente\n\n Retenu pour vérification de votre droit au séjour \n\nDestinataire d'un refus de carte de séjour temporaire ou de carte de résident soumis à la  commission du titre de séjour\nFrappé d'une  mesure d'éloignement \n\n\n Placé en centre de rétention \n\nMineur\nTémoin assisté ou mis en examen ou prévenu ou accusé ou condamné ou partie civile\nBénéficiaire d'une ordonnance de protection en tant que victime de  violences conjugales \n\nFaire l'objet d'une comparution sur  reconnaissance préalable de culpabilité \n\nSituation particulièrement digne d'intérêt au regard de l'objet du litige ou du coût du procès",
    "link": "https://www.service-public.fr/particuliers/vosdroits/F18074",
    "name": "F18074--vous-etes--ranger-18--conditions-nalite-38--vous-vivez-france-20.json",
    "arborescence": {
        "theme": "Justice",
        "sous_theme": "Organisation de la justice",
        "dossier": "Accès au droit et à la justice",
        "sous_dossier": "",
        "fiche": "Aide juridictionnelle",
        "id": "F18074"
    }
}