{
    "text": "Aide juridictionnelle : L'aide juridictionnelle est une prise en charge par l’État de vos frais de justice (avocat, huissier, etc.). Vous pouvez bénéficier de cette aide si vous avez de faibles ressources. L'aide peut couvrir la totalité de vos frais de justice ou une partie. Vous pouvez la demander avant ou après le début de votre procédure en justice. La demande doit se faire auprès de la juridiction chargée de votre affaire. Vous devez remplir un formulaire et fournir des pièces justificatives. Vous êtes français: Frais pris en charge: Si vous avez un contrat de protection juridique qui prend en charge toute la procédure, vous n'avez pas droit à l'aide juridictionnelle. Le niveau de prise en charge des frais varie suivant que l'aide juridictionnelle est accordée totalement ou partiellement. dans tous les cas, l'aide ne couvre pas les frais auxquels vous pouvez être condamné (comme les dommages et intérêts). Si vous bénéficiez d'une aide partielle L'État prend en charge une partie de la rémunération des avocats et des officiers publics ou ministériels (huissiers, notaires, etc.) selon le taux de l'aide partielle qui a été accordée. Par contre, l’État prend entièrement en charge les autres frais relatifs aux procédures ou actes pour lesquels l'aide juridictionnelle partielle a été accordée (frais d'expertise, d'enquête sociale, etc.). Concernant les honoraires de votre avocat, vous devez signer une convention pour fixer des honoraires complémentaires. Permet à l'avocat et à son client de fixer un complément d'honoraires en cas d'aide juridictionnelle partielle.",
    "text_reader": "\n L'aide juridictionnelle est une prise en charge par  l’État de vos  frais de justice (avocat, huissier, etc.). Vous pouvez bénéficier de cette aide si vous avez de  faibles ressources. L'aide peut couvrir la totalité de vos frais de justice ou une partie. Vous pouvez la demander  avant ou après le début de votre procédure  en justice. La demande doit se faire auprès de la juridiction chargée de votre affaire. Vous devez remplir un formulaire et fournir des pièces justificatives. \n Si vous avez un contrat de protection juridique qui prend en charge toute la procédure, vous n'avez pas droit à l'aide juridictionnelle. Le niveau de prise en charge des frais varie suivant que l'aide juridictionnelle est  accordée totalement ou partiellement. dans tous les cas, l'aide  ne couvre pas les frais auxquels vous pouvez être condamné  (comme les dommages et intérêts).\n\nSi vous bénéficiez d'une aide partielle\nL'État prend en charge une partie de la rémunération des avocats et des officiers publics ou ministériels (huissiers, notaires, etc.) selon le taux de l'aide partielle qui a été accordée.\nPar contre, l’État prend entièrement en charge les autres frais relatifs aux procédures ou actes pour lesquels l'aide juridictionnelle partielle a été accordée (frais d'expertise, d'enquête sociale, etc.).\nConcernant les honoraires de votre avocat, vous devez signer une convention pour fixer des honoraires complémentaires.\nPermet à l'avocat et à son client de fixer un complément d'honoraires en cas d'aide juridictionnelle partielle.",
    "link": "https://www.service-public.fr/particuliers/vosdroits/F18074",
    "name": "F18074--vous-etes--ancais-18--frais-pris-charge-20--si-vous-be-tielle-39.json",
    "arborescence": {
        "theme": "Justice",
        "sous_theme": "Organisation de la justice",
        "dossier": "Accès au droit et à la justice",
        "sous_dossier": "",
        "fiche": "Aide juridictionnelle",
        "id": "F18074"
    }
}