{
    "text": "Aide à la garde d'enfants pour parent isolé (Agepi) au chômage : Si vous êtes demandeur d'emploi, parent isolé, qui reprend un emploi ou engage une formation, vous pouvez percevoir, sous certaines conditions, une aide à la garde d'enfants de la part de Pôle emploi. Cette aide peut également vous être attribuée si vous n'êtes pas inscrit comme demandeur d'emploi mais que vous reprenez une activité dans le cadre d'un emploi d'avenir en cours. Démarche: si vous n'êtes ni le père, ni la mère du (des) enfants, vous devez fournir la décision de justice qui vous en a confié la garde. Emploi d'avenir Si vous êtes salarié en emploi d'avenir en cours , l'Agepi peut vous être attribuée lorsque vous reprenez une autre activité salariée. Vous devez également renseigner l'âge de ou vos enfants (livret de famille, acte de naissance). Vous devez déposer auprès de votre agence Pôle emploi une demande d'Agepi en remplissant un formulaire (disponible dans les agences Pôle emploi) avec le justificatif de l'âge du ou de vos enfants (livret de famille, acte de naissance). La demande d’Agepi doit être formulée au plus tard dans le mois qui suit la reprise d’emploi.",
    "text_reader": "\n Si vous êtes  demandeur d'emploi, parent isolé, qui reprend un emploi ou engage une formation, vous pouvez percevoir, sous certaines conditions, une aide à la garde d'enfants de la part de Pôle emploi. Cette aide peut également vous être attribuée si vous n'êtes pas inscrit comme demandeur d'emploi mais que vous reprenez une activité dans le cadre d'un emploi d'avenir en cours. \n si vous n'êtes ni le père, ni la mère du (des) enfants, vous devez fournir la décision de justice qui vous en a confié la garde.\n\nEmploi d'avenir\nSi vous êtes salarié en  emploi d'avenir   en cours , l'Agepi peut vous être attribuée lorsque vous reprenez une autre activité salariée.\nVous devez également renseigner  l'âge de ou vos enfants (livret de famille, acte de naissance).\nVous devez déposer auprès de votre agence Pôle emploi une demande d'Agepi en remplissant un formulaire (disponible dans les agences Pôle emploi) avec le justificatif de l'âge du ou de vos enfants (livret de famille, acte de naissance).\nLa demande d’Agepi doit être formulée au plus tard dans le mois qui suit la reprise d’emploi.",
    "link": "https://www.service-public.fr/particuliers/vosdroits/F1814",
    "name": "F1814--demarche-marche-8--emploi-dav-avenir-15.json",
    "arborescence": {
        "theme": "Social - Santé",
        "sous_theme": "Chômage",
        "dossier": "Chômage : aides à la reprise d'activité",
        "sous_dossier": "",
        "fiche": "Aide à la garde d'enfants pour parents isolés (Agepi)",
        "id": "F1814"
    }
}