{
    "text": "Séparation des parents : droit de visite et d'hébergement : En cas de séparation des parents, le droit de visite et d'hébergement peut être fixé par un accord entre les parents ou par le juge aux affaires familiales. Le plus souvent, ce droit consiste à recevoir chez soi les enfants en fin de semaine et pendant une partie des vacances scolaires. Dans la pratique, ce droit s'effectue 1 week-end sur 2 et la moitié des vacances scolaires. Il peut en être décidé autrement par les parents ensemble ou par le juge en cas de désaccord des parents. Procédure: En cas de désaccord Si les parents (mariés ou non) ne sont pas d'accord, il faut saisir le juge aux affaires familiales pour fixer les conditions du droit de visite et d'hébergement. Le juge fixe les conditions du droit de visite et d'hébergement, qui peut être aussi bien chez le père que chez la mère, ou opte pour une résidence alternée.",
    "text_reader": "\n En cas de séparation des parents, le droit de visite et d'hébergement peut être fixé par un accord entre les parents ou par le juge  aux affaires familiales.\n\t\t\n\t\t\tLe plus souvent, ce droit consiste à recevoir  chez soi les enfants en fin de semaine et pendant une partie des vacances scolaires. Dans la pratique, ce droit s'effectue 1 week-end sur 2 et la moitié des vacances scolaires. Il peut en être décidé autrement par les parents ensemble ou par le juge en cas de désaccord des parents. \n En cas de désaccord\nSi les parents (mariés ou non) ne sont pas d'accord, il faut saisir le juge aux affaires familiales pour fixer les conditions du droit de visite et d'hébergement.\nLe juge fixe les conditions du droit de visite et d'hébergement, qui peut être aussi bien chez le père que chez la mère, ou opte pour une résidence alternée.",
    "link": "https://www.service-public.fr/particuliers/vosdroits/F18786",
    "name": "F18786--procedure-cedure-9--en-cas-de--accord-19.json",
    "arborescence": {
        "theme": "Famille",
        "sous_theme": "Enfant",
        "dossier": "Séparation des parents",
        "sous_dossier": "Relations avec l'enfant",
        "fiche": "Droit de visite et d'hébergement",
        "id": "F18786"
    }
}