{
    "text": "Allocation de rentrée scolaire (ARS) : Pour déclarer vos nouvelles coordonnées, simultanément auprès de plusieurs services de l'administration et de fournisseurs d'énergie. Régime agricole (MSA): Date de versement de l'ARS: Cas général La date officielle du versement de l'ARS pour la rentrée 2020 est fixée au 18 août 2020. Cette date de versement concerne les enfants scolarisés âgés de 6 à 16 ans et les enfants de 16 à 18 ans dont les parents ont déclaré la scolarisation ou l'inscription en apprentissage. Si vous faites cette déclaration après la date officielle du versement, vous percevrez l'ARS quelques jours après la réception du document par la MSA. Prévoyez éventuellement un délai de traitement par votre banque.",
    "text_reader": "\n Pour déclarer vos nouvelles coordonnées, simultanément auprès de plusieurs services de l'administration et de fournisseurs d'énergie. \n Cas général\nLa date officielle du versement de l'ARS pour la rentrée 2020 est fixée au 18 août 2020.\nCette date de versement concerne les enfants scolarisés âgés de 6 à 16 ans et  les enfants de 16 à 18 ans dont les parents ont déclaré la scolarisation ou l'inscription en apprentissage.\nSi vous faites cette déclaration après  la date officielle du versement, vous percevrez l'ARS quelques jours après la réception du document par la MSA.\nPrévoyez éventuellement un délai de traitement par votre banque.",
    "link": "https://www.service-public.fr/particuliers/vosdroits/F1878",
    "name": "F1878--regime-agr-le-msa-21--date-de-ve-e-lars-26--cas-genera-eneral-11.json",
    "arborescence": {
        "theme": "Famille",
        "sous_theme": "Scolarité",
        "dossier": "Aides financières pour la scolarité",
        "sous_dossier": "École primaire",
        "fiche": "Allocation de rentrée scolaire (ARS)",
        "id": "F1878"
    }
}