{
    "text": "Prime à l'internat : Les familles dont les enfants boursiers suivent une scolarité en internat (au collège ou au lycée) peuvent recevoir la prime à l'internat. Elle est attribuée trimestriellement de façon automatique, en déduction des frais de pension. La prime à l'internat est cumulable avec d'autres aides. Montant: Le montant de la prime varie selon votre échelon de bourse de collège ou de lycée. Vous êtes au collège Échelon Montant 1 258 € 2 276 € 3 297 € ",
    "text_reader": "\n Les familles dont les enfants boursiers suivent une scolarité en internat (au collège ou au lycée) peuvent recevoir la prime à l'internat. Elle est attribuée trimestriellement de façon automatique, en déduction des frais de pension. La prime à l'internat est cumulable avec d'autres aides. \n Le montant de la prime varie selon votre échelon de bourse de collège ou de lycée.\n\nVous êtes au collège\nÉchelon\nMontant\n1\n\n 258 € \n\n2\n\n 276 € \n\n3\n\n 297 € \n",
    "link": "https://www.service-public.fr/particuliers/vosdroits/F1886",
    "name": "F1886--montant-ontant-7--vous-etes--ollege-20.json",
    "arborescence": {
        "theme": "Famille",
        "sous_theme": "Scolarité",
        "dossier": "Aides financières pour la scolarité",
        "sous_dossier": "Collège",
        "fiche": "Prime à l'internat",
        "id": "F1886"
    }
}