{
    "text": "Que faire en cas de discrimination ? : La discrimination vise à défavoriser une personne pour des motifs interdits par la loi. Par exemple l'origine, le sexe, l'âge, l'orientation sexuelle, les convictions politiques, philosophiques ou religieuses. La discrimination fondée sur un de ces motifs est sanctionnée par la loi pénale En tant que victime, vous pouvez demander à la justice de condamner l'auteur de la discrimination à une sanction pénale et à vous verser des dommages et intérêts. Saisir le Défenseur des droits: Vous pouvez saisir le Défenseur des droits. La saisine du défenseur des droit peut aboutir à 3 solutions : Une médiation : désigné par le Défenseur des droits, le médiateur entend les personnes concernées. La médiation ne peut excéder 3 mois renouvelable 1 fois Une transaction : le Défenseur des droits propose à l'auteur des faits une ou plusieurs sanctions (versement d'une amende, indemnisation de la victime, publicité des faits). En cas d'accord, la transaction doit être validée par le procureur de la République Une action en justice : si le Défenseur des droits a connaissance de faits de nature à constituer une infraction ou si l'auteur refuse la transaction, le Défenseur des droits saisit le procureur de la République la seule saisine du Défenseur des droits ne suspend pas les délais de prescription devant la justice. Le délai pour porter plainte reste limité à 6 ans. place Vous pouvez prendre rendez-vous avec un délégué du Défenseur des droits.",
    "text_reader": "\n La discrimination vise à défavoriser une personne pour des motifs interdits par la loi. Par exemple l'origine, le sexe, l'âge, l'orientation sexuelle, les convictions politiques, philosophiques ou religieuses. \n La discrimination fondée sur un de ces motifs est sanctionnée par la loi pénale En tant que victime, vous pouvez  demander à la justice de condamner l'auteur de la discrimination à une sanction pénale et à vous verser des  dommages et intérêts. \n Vous pouvez  saisir le Défenseur des droits. La saisine du défenseur des droit peut aboutir à 3 solutions :   Une médiation  : désigné par le Défenseur des droits, le médiateur entend les personnes concernées. La médiation ne peut excéder 3 mois renouvelable 1 fois   Une transaction  : le Défenseur des droits propose à l'auteur des faits une ou plusieurs sanctions (versement d'une amende, indemnisation de la victime, publicité des faits). En cas d'accord, la transaction doit être validée par le procureur de la République   Une action en justice  : si le Défenseur des droits a connaissance de faits de nature à constituer une infraction ou si l'auteur refuse la transaction, le Défenseur des droits saisit le procureur de la République la seule saisine du Défenseur des droits ne suspend pas les délais de prescription  devant la justice. Le délai pour porter plainte reste limité à 6 ans.\n\nSur place\nVous pouvez prendre rendez-vous avec un délégué du Défenseur des droits.",
    "link": "https://www.service-public.fr/particuliers/vosdroits/F19448",
    "name": "F19448--saisir-le--droits-30--sur-place--place-9.json",
    "arborescence": {
        "theme": "Justice",
        "sous_theme": "Infractions",
        "dossier": "Discrimination",
        "sous_dossier": "",
        "fiche": "Que faire en cas de discrimination ?",
        "id": "F19448"
    }
}