{
    "text": "Surendettement : mesures imposées par la commission : Lorsque le dossier de surendettement est déclaré recevable et que la dette est considérée comme remboursable, la commission peut décider de mesures imposées : directement après le dépôt du dossier de surendettement ou après échec de la tentative de conciliation entre les créanciers et le surendetté (quand il possède un bien immobilier). Directement après le dépôt du dossier: Échec des mesures imposées: Le surendetté dont la situation financière se dégrade en cours de l'application des mesures imposées peut saisir la commission afin de lui demander : un rétablissement personnel sans liquidation judiciaire ou une procédure de rétablissement personnel avec liquidation judiciaire. Cette demande doit être faite à l'aide d'une lettre simple : signée, indiquant ses noms, prénoms et adresse, mentionnant sa situation familiale, rappelant la référence du dossier de surendettement (numéro à 12 chiffres), comportant un état détaillé de ses revenus, de ses dettes et de son patrimoine. exposant les circonstances dans lesquelles la situation du surendetté est devenue irrémédiablement compromise. remise au guichet du secrétariat de la commission, envoyée à la Banque de France. La lettre doit être : remise au guichet du secrétariat de la commission, ou envoyée par courrier à la Banque de France. Sur place",
    "text_reader": "\n Lorsque le dossier de surendettement est déclaré recevable et que la dette est considérée comme remboursable, la commission peut décider de  mesures imposées : directement après le dépôt du dossier de surendettement ou après échec de la tentative de conciliation entre les créanciers et le surendetté (quand il possède un bien immobilier). \n Le surendetté  dont la situation financière se dégrade en cours de l'application des mesures imposées peut saisir la commission afin de lui demander : un rétablissement personnel sans liquidation judiciaire ou une procédure de rétablissement personnel avec liquidation judiciaire. Cette demande doit être faite à l'aide d'une  lettre simple : signée, indiquant ses noms, prénoms et adresse, mentionnant sa situation familiale, rappelant  la référence du dossier de surendettement (numéro à 12 chiffres), comportant un état détaillé de ses revenus, de ses dettes et de son patrimoine. exposant les circonstances dans lesquelles la situation du surendetté  est devenue irrémédiablement compromise. remise au guichet du secrétariat de la commission, envoyée à la Banque de France. La lettre doit être : remise au guichet du secrétariat de la commission, ou envoyée par courrier à la Banque de France.\n\nSur place",
    "link": "https://www.service-public.fr/particuliers/vosdroits/F1947",
    "name": "F1947--directemen-ossier-37--echec-des--posees-26--sur-place--place-9.json",
    "arborescence": {
        "theme": "Argent",
        "sous_theme": "Crédit et surendettement",
        "dossier": "Surendettement",
        "sous_dossier": "",
        "fiche": "Mesures imposées par la commission de surendettement",
        "id": "F1947"
    }
}