{
    "text": "Liste électorale : inscription d'office à 18 ans : Accessible avec un compte service-public.fr ou via France Connect, et à condition d'être âgé d'au moins 18 ans. Jeune vivant en France: Comment se déroule l'inscription ?: Procédure L' Insee inscrit d'office les jeunes qui atteignent 18 ans sur le fondement des informations recueillies lors du recensement citoyen effectué par le jeune en vue de l'organisation de la journée défense et citoyenneté (JDC) . Le jeune majeur est inscrit d'office sur la liste électorale de la commune où il s'est fait recenser. Pour vérifier votre inscription, vous pouvez utiliser le téléservice : Remise de la carte La carte électorale vous est : Soit remise à l'occasion d'une cérémonie de citoyenneté organisée entre le 1 er janvier et le 31 mars Soit envoyée par courrier au plus tard 3 jours avant une élection Si vous êtes absent le jour de la cérémonie de citoyenneté : Soit vous êtes invité à une prochaine cérémonie Soit la carte vous est envoyée par courrier à votre domicile au plus tard 3 jours avant l'élection Soit elle est mise à votre disposition le jour de l'élection à votre bureau de vote Pour vérifier votre inscription sur les listes électorales :",
    "text_reader": "\n Accessible  avec un compte service-public.fr ou via France Connect, et à  condition d'être âgé d'au moins 18 ans. \n Comment se déroule l'inscription ?\nProcédure\nL' Insee  inscrit d'office les jeunes qui atteignent 18 ans sur le fondement des informations recueillies lors du  recensement citoyen  effectué par le jeune en vue de l'organisation de la  journée défense et citoyenneté (JDC) .\nLe jeune majeur est inscrit d'office sur la liste électorale de la commune où il s'est fait recenser.\nPour vérifier votre inscription, vous pouvez utiliser le téléservice :\nRemise de la carte\nLa carte électorale vous est :\nSoit remise à l'occasion d'une cérémonie de citoyenneté organisée entre le 1 er  janvier et le 31 mars\nSoit envoyée par courrier au plus tard 3 jours avant une élection\nSi vous êtes absent le jour de la cérémonie de citoyenneté :\nSoit vous êtes invité à une prochaine cérémonie\nSoit la carte vous est envoyée par courrier à votre domicile au plus tard 3 jours avant l'élection\nSoit elle est mise à votre disposition le jour de l'élection à votre  bureau de vote\nPour vérifier votre inscription sur les listes électorales :",
    "link": "https://www.service-public.fr/particuliers/vosdroits/F1961",
    "name": "F1961--jeune-viva-france-22--comment-se-iption-34.json",
    "arborescence": {
        "theme": "Papiers - Citoyenneté",
        "sous_theme": "Citoyenneté",
        "dossier": "Élections",
        "sous_dossier": "Inscription sur les listes électorales",
        "fiche": "Inscription d'office à 18 ans",
        "id": "F1961"
    }
}