{
    "text": "RSA demandeur de 25 ans et plus : Une personne française ou étrangère d'au moins 25 ans peut bénéficier du RSA si elle en remplit les conditions. Le calcul du montant dépend des ressources et de la composition du foyer. Pour obtenir le RSA, il est nécessaire de faire une 1 ère demande, puis d'actualiser la situation tous les trimestres. La procédure varie en fonction de la caisse d'affiliation ( Caf ou MSA ). Régime agricole (MSA): Calcul du montant: Vous vivez seul(e) Le montant du RSA pour une personne seule est de 564,78 € .",
    "text_reader": "\n Une personne française ou étrangère d'au moins 25 ans peut bénéficier du  RSA  si elle en remplit les conditions. Le calcul du montant dépend des ressources et de la composition du foyer. Pour obtenir le RSA, il est nécessaire de faire une 1 ère  demande, puis d'actualiser la situation tous les trimestres. La procédure varie en fonction de la caisse d'affiliation ( Caf  ou  MSA ). \n Vous vivez seul(e)\nLe montant du RSA pour une personne seule est de  564,78 € .",
    "link": "https://www.service-public.fr/particuliers/vosdroits/F19778",
    "name": "F19778--regime-agr-le-msa-21--calcul-du--ontant-17--vous-vivez--seule-18.json",
    "arborescence": {
        "theme": "Social - Santé",
        "sous_theme": "Aides sociales",
        "dossier": "Revenu de solidarité active (RSA)",
        "sous_dossier": "",
        "fiche": "Demandeur de 25 ans ou plus",
        "id": "F19778"
    }
}