{
    "text": "Remboursement des frais de transport domicile-travail (salarié du secteur privé) : Les frais de transport correspondent à des dépenses engagées par le salarié pour se rendre sur son lieu de travail. Ces frais peuvent être remboursés par l'employeur et exonérés de cotisations dans certaines limites et sous certaines conditions. Transport personnel: Mention sur le bulletin de paie: Le montant de la prise en charge des frais de transport doit être mentionné sur la fiche de paie. ",
    "text_reader": "\n Les frais de transport correspondent à des dépenses engagées par le salarié pour se rendre sur son lieu de travail. Ces frais peuvent être remboursés par l'employeur et exonérés de cotisations dans certaines limites et sous certaines conditions. \n Le montant de la prise en charge des frais de transport doit être mentionné sur la fiche de paie.\n\n",
    "link": "https://www.service-public.fr/particuliers/vosdroits/F19846",
    "name": "F19846--transport--sonnel-19--mention-su-e-paie-31.json",
    "arborescence": {
        "theme": "Travail",
        "sous_theme": "Rémunération",
        "dossier": "Rémunération dans le secteur privé",
        "sous_dossier": "",
        "fiche": "Remboursement des frais de transport",
        "id": "F19846"
    }
}