{
    "text": "Prime de déménagement : À l'occasion de la naissance de votre 3 e enfant ou tout autre enfant supplémentaire, en cas de déménagement, vous pouvez bénéficier d'une prime de déménagement, sous certaines conditions. Changement de situation: Régime général (Caf) Changement de situation familiale Déclarez rapidement tout changement dans votre situation familiale. être en couple peut vous ouvrir de nouveaux droits. Renseignez-vous auprès de votre Caf . Changement de domicile Vous pouvez signaler votre changement de domicile en utilisant le service de changement d'adresse en ligne : Pour déclarer vos nouvelles coordonnées, simultanément auprès de plusieurs services de l'administration et de fournisseurs d'énergie.",
    "text_reader": "\n À l'occasion de la naissance de votre 3 e  enfant ou tout autre enfant supplémentaire, en cas de déménagement, vous pouvez  bénéficier d'une prime de déménagement, sous certaines conditions. \n Régime général (Caf)\nChangement de situation familiale\nDéclarez rapidement tout changement dans votre situation familiale.\nêtre en couple peut vous ouvrir de nouveaux droits. Renseignez-vous auprès de votre  Caf .\nChangement de domicile\nVous pouvez signaler votre changement de domicile en utilisant le service de changement d'adresse en ligne :\nPour déclarer vos nouvelles coordonnées, simultanément auprès de plusieurs services de l'administration et de fournisseurs d'énergie.",
    "link": "https://www.service-public.fr/particuliers/vosdroits/F2008",
    "name": "F2008--changement-uation-23--regime-gen-al-caf-20.json",
    "arborescence": {
        "theme": "Famille",
        "sous_theme": "Enfant",
        "dossier": "Allocations destinées aux familles",
        "sous_dossier": "Allocations versées à partir du 2e enfant",
        "fiche": "À partir de 3 enfants : prime de déménagement",
        "id": "F2008"
    }
}