{
    "text": "Handicap : maison d'accueil spécialisée (Mas) : La maison d'accueil spécialisée (Mas) propose un hébergement permanent à tout adulte handicapé gravement dépendant qui n'arrive pas à réaliser seul les actes de la vie courante (se nourrir, s'habiller...). En principe, le Mas accueille des personnes un peu plus dépendantes que la population hébergée en foyer d'accueil médicalisé (Fam), mais dans la pratique, les publics sont sensiblement les mêmes. Démarche: La commission des droits et de l'autonomie des personnes handicapées (CDAPH) se réunit ensuite pour se prononcer sur votre demande d'admission. Sa réponse intervient généralement dans un délai de 4 mois à partir de la date de dépôt de votre demande. En l'absence de réponse au delà de 4 mois, la demande est considérée comme rejetée. Charente (16) Vous devez remplir un formulaire et l'envoyer à votre MDPH, de préférence par lettre recommandée avec avis de réception. À joindre à toute demande",
    "text_reader": "\n La maison d'accueil spécialisée (Mas) propose un hébergement permanent à tout adulte handicapé gravement dépendant qui n'arrive pas à réaliser seul les actes de la vie courante (se nourrir, s'habiller...). En principe, le Mas accueille des personnes un peu plus dépendantes que la population hébergée en foyer d'accueil médicalisé (Fam), mais dans la pratique, les publics sont sensiblement les mêmes. \n La commission des droits et de l'autonomie des personnes handicapées (CDAPH)  se réunit ensuite pour se prononcer sur votre demande d'admission. Sa réponse intervient généralement dans un délai de 4 mois à partir de la date de dépôt de votre demande. En l'absence de réponse au delà de 4 mois, la demande est considérée comme rejetée.\n\nCharente (16)\nVous devez remplir un formulaire et l'envoyer à votre MDPH, de préférence par lettre recommandée avec avis de réception.\nÀ joindre à toute demande",
    "link": "https://www.service-public.fr/particuliers/vosdroits/F2006",
    "name": "F2006--demarche-marche-8--charente-1-nte-16-13.json",
    "arborescence": {
        "theme": "Social - Santé",
        "sous_theme": "Handicap",
        "dossier": "Hébergement d'une personne en situation de handicap",
        "sous_dossier": "Séjour long et médicalisé",
        "fiche": "Maison d'accueil spécialisée",
        "id": "F2006"
    }
}