{
    "text": "Retraite d'un contractuel de la fonction publique : pension à taux plein : Vous pouvez bénéficier d'une pension de retraite de base, versée par le régime général de la sécurité sociale, à taux plein. Ce taux plein, fixé à 50 % de votre salaire annuel moyen, vous permet de ne pas subir de décote (vous n'aurez pas de minoration du montant). Pour cela, vous devez respecter une condition d'âge ou de durée d'assurance retraite (trimestres), qui varie selon votre année de naissance. Sinon, des dispositions spécifiques ouvrent également droit au taux plein. Naissance en 1956 ou 1957: trimestres validés (ou +) Vous bénéficiez d'une retraite à taux plein dès lors que vous justifiez d'une durée d'assurance retraite d'au moins 166 trimestres (soit 41 ans et 6 mois). Cette durée d'assurance est déterminée en prenant en compte tous les régimes de retraite obligatoires auxquels vous avez cotisé (régime général salarié, indépendant, libéral, agricole, fonction publique, etc.).",
    "text_reader": "\n Vous pouvez bénéficier d'une pension de retraite de base, versée par le régime général de la sécurité sociale, à taux plein. Ce taux plein, fixé à  50 %  de votre salaire annuel moyen, vous permet de ne pas subir de décote  (vous n'aurez pas de minoration du montant). Pour cela, vous devez respecter une condition d'âge ou de durée d'assurance retraite (trimestres), qui varie selon votre année de naissance. Sinon, des dispositions spécifiques ouvrent également droit au taux plein. \n 166 trimestres validés (ou +)\nVous bénéficiez d'une retraite à taux plein dès lors que vous justifiez d'une  durée d'assurance retraite  d'au moins 166 trimestres (soit 41 ans et 6 mois). Cette durée d'assurance est déterminée en prenant en compte tous les régimes de retraite obligatoires auxquels vous avez cotisé (régime général salarié, indépendant, libéral, agricole, fonction publique, etc.).",
    "link": "https://www.service-public.fr/particuliers/vosdroits/F2081",
    "name": "F2081--naissance--u-1957-25--166-trimes-des-ou-29.json",
    "arborescence": {
        "theme": "Travail",
        "sous_theme": "Retraite",
        "dossier": "Retraite d'un agent de la fonction publique (titulaire et non titulaire)",
        "sous_dossier": "Retraite à taux plein",
        "fiche": "Taux plein du contractuel",
        "id": "F2081"
    }
}