{
    "text": "Renouvellement de la carte d'identité d'un mineur : Accessible avec un compte ANTS ou via FranceConnect Se munir de ses identifiants Demande en France: Coût: Gratuit ",
    "text_reader": "\n Accessible avec un compte ANTS ou via FranceConnect \n Se munir de ses identifiants \n Gratuit\n\n",
    "link": "https://www.service-public.fr/particuliers/vosdroits/F21090",
    "name": "F21090--demande-en-france-17--cout-cout-4.json",
    "arborescence": {
        "theme": "Papiers - Citoyenneté",
        "sous_theme": "Identité - Authentification",
        "dossier": "Carte d'identité",
        "sous_dossier": "Pour un mineur",
        "fiche": "Renouvellement",
        "id": "F21090"
    }
}