{
    "text": "Que doit faire un étranger en cas de perte de sa carte de séjour ? : Si vous êtes étranger et que vous avez perdu votre carte de séjour, vous devez effectuer des démarches différentes en fonction du lieu de la perte (en France ou à l'étranger). Dans tous les cas, vous devez demander un duplicata de votre carte de séjour dont le coût varie selon le type et la mention. Perte à l'étranger: Démarche: Vous devez demander un visa de retour à l'ambassade ou au consulat français dans le pays où vous êtes, pour pouvoir rentrer en France. L'ambassade ou le consulat effectue une enquête, qui peut être longue, auprès de la préfecture qui a délivré le titre de séjour perdu. Il est donc conseillé de mettre son titre de séjour en sécurité, une fois à l'étranger. De retour en France, vous devez vous rendre dans les plus brefs délais à la préfecture ou la sous-préfecture de votre domicile, pour demander un duplicata de votre carte de séjour . Cas général il n'est pas possible d'effectuer les démarches dans certaines sous-préfectures. Renseignez-vous sur le site internet de votre préfecture.",
    "text_reader": "\n Si vous êtes étranger et que vous avez perdu votre carte de séjour, vous devez effectuer des démarches différentes en fonction du lieu de la perte (en France ou à l'étranger). Dans tous les cas, vous devez demander un duplicata de votre carte de séjour dont le coût varie selon le type et la mention. \n Vous devez  demander un visa de retour  à l'ambassade ou au consulat français dans le pays où vous êtes, pour pouvoir rentrer en France. L'ambassade ou le consulat effectue une enquête, qui peut être longue, auprès de la préfecture qui a délivré le titre de séjour perdu. Il est donc conseillé de mettre son titre de séjour en sécurité, une fois à l'étranger. De retour en France, vous devez vous rendre dans les plus brefs délais à la préfecture ou la sous-préfecture de votre domicile, pour  demander un  duplicata  de votre carte de séjour .\n\nCas général\nil n'est pas possible d'effectuer les démarches dans certaines sous-préfectures. Renseignez-vous sur le site internet de votre préfecture.",
    "link": "https://www.service-public.fr/particuliers/vosdroits/F21032",
    "name": "F21032--perte-a-le-ranger-18--demarche-marche-8--cas-genera-eneral-11.json",
    "arborescence": {
        "theme": "Étranger",
        "sous_theme": "Étranger en France",
        "dossier": "Titres, carte de séjour et documents de circulation pour étranger en France",
        "sous_dossier": "Autre",
        "fiche": "Que doit faire un étranger en cas de perte de sa carte de séjour ?",
        "id": "F21032"
    }
}