{
    "text": "Renouvellement de la carte d'identité d'un mineur : Accessible avec un compte ANTS ou via FranceConnect Se munir de ses identifiants Demande en France: Durée de validité: La carte d'identité d'un mineur est valable pendant 10 ans . S'il devient majeur avant sa date d'expiration, il peut continuer à l'utiliser. Il n'a pas besoin de demander une nouvelle carte. ",
    "text_reader": "\n Accessible avec un compte ANTS ou via FranceConnect \n Se munir de ses identifiants \n La carte d'identité  d'un mineur est valable pendant  10 ans . S'il  devient majeur avant sa date d'expiration,  il peut continuer à l'utiliser. Il n'a pas besoin de demander une nouvelle carte.\n\n",
    "link": "https://www.service-public.fr/particuliers/vosdroits/F21090",
    "name": "F21090--demande-en-france-17--duree-de-v-lidite-17.json",
    "arborescence": {
        "theme": "Papiers - Citoyenneté",
        "sous_theme": "Identité - Authentification",
        "dossier": "Carte d'identité",
        "sous_dossier": "Pour un mineur",
        "fiche": "Renouvellement",
        "id": "F21090"
    }
}