{
    "text": "Que doit faire un étranger en cas de perte de sa carte de séjour ? : Si vous êtes étranger et que vous avez perdu votre carte de séjour, vous devez effectuer des démarches différentes en fonction du lieu de la perte (en France ou à l'étranger). Dans tous les cas, vous devez demander un duplicata de votre carte de séjour dont le coût varie selon le type et la mention. Perte à l'étranger: Coût: La délivrance du duplicata est payante (règlement par timbres fiscaux ) : Algérien ou Algérienne Certificat de résidence d'1 an Vous devez payer : 225 € ou 75 € si vous êtes étudiant(e). Certificat de résidence de 10 ans Vous devez payer : 225 € ou 25 € si vous avez une carte retraité/conjoint de retraité ou 75 € si vous avez une carte rente accident du travail ou maladie professionnelle .",
    "text_reader": "\n Si vous êtes étranger et que vous avez perdu votre carte de séjour, vous devez effectuer des démarches différentes en fonction du lieu de la perte (en France ou à l'étranger). Dans tous les cas, vous devez demander un duplicata de votre carte de séjour dont le coût varie selon le type et la mention. \n La délivrance du duplicata est payante (règlement par  timbres fiscaux ) :\n\nAlgérien ou Algérienne\nCertificat de résidence d'1 an\nVous devez payer :\n\n 225 € \n\nou  75 €  si vous êtes étudiant(e).\nCertificat de résidence de 10 ans\nVous devez payer :\n\n 225 € \n\nou  25 €  si vous avez une carte  retraité/conjoint de retraité \n\nou  75 €  si vous avez une carte  rente accident du travail ou maladie professionnelle .",
    "link": "https://www.service-public.fr/particuliers/vosdroits/F21032",
    "name": "F21032--perte-a-le-ranger-18--cout-cout-4--algerien-o-rienne-22.json",
    "arborescence": {
        "theme": "Étranger",
        "sous_theme": "Étranger en France",
        "dossier": "Titres, carte de séjour et documents de circulation pour étranger en France",
        "sous_dossier": "Autre",
        "fiche": "Que doit faire un étranger en cas de perte de sa carte de séjour ?",
        "id": "F21032"
    }
}