{
    "text": "Qui est responsable des dégradations d'un logement en cours de location ? : En fonction de l'origine de la dégradation (négligence, usure, force majeure, cambriolage), soit le locataire, soit le propriétaire en porte la responsabilité. Dégradations par négligence: Le locataire est tenu de faire les travaux et réparations locatives pendant toute la durée du bail. Les dommages causés par sa négligence (absence d'entretien ou manque de soin) en cours de bail sont à sa charge. Le locataire est tenu de faire les travaux et réparations locatives pendant toute la durée du bail. Les dommages causés par sa négligence (absence d'entretien ou manque de soin) en cours de bail sont à sa charge. Caractéristiques Les dégradations causées par absence d'entretien ou manque de soins en cours de location peuvent être de nature diverse, notamment : trou ou tache sur les murs, porte enfoncée, moquette brûlée, parquet abîmé. Responsabilité Le locataire est responsable de ces dommages s'il en est l'auteur ou s'ils sont causés par : les personnes qui résident habituellement avec lui dans le logement, les personnes qu'il héberge ou invite, les personnes qui interviennent ponctuellement à sa demande (artisan ou professionnel mandaté pour réaliser des travaux par exemple), un sous-locataire. Pour ne pas être considéré comme responsable, le locataire doit démontrer par tout moyen que les dégradations ne peuvent pas lui être attribuées (par exemple : grosse réparation revenant au propriétaire ). l'assurance risques locatifs obligatoirement souscrite par le locataire couvre les dommages causés par un dégât des eaux ou un incendie intervenu à son domicile.",
    "text_reader": "\n En fonction de l'origine de la dégradation (négligence, usure, force majeure, cambriolage), soit le locataire, soit le propriétaire en porte la responsabilité. \n Le locataire est tenu de faire les  travaux et réparations locatives  pendant toute la durée du bail. Les dommages causés par sa négligence (absence d'entretien ou manque de soin) en cours de bail sont à sa charge.\n\nDégradations par négligence\nLe locataire est tenu de faire les  travaux et réparations locatives  pendant toute la durée du bail. Les dommages causés par sa négligence (absence d'entretien ou manque de soin) en cours de bail sont à sa charge.\nCaractéristiques\nLes dégradations causées par absence d'entretien ou manque de soins en cours de location peuvent être de nature diverse, notamment : \ntrou ou tache sur les murs,\nporte enfoncée,\nmoquette brûlée,\nparquet abîmé.\nResponsabilité\nLe locataire est responsable de ces dommages s'il en est l'auteur ou s'ils sont causés par :\nles personnes qui résident habituellement avec lui dans le logement,\nles personnes qu'il héberge ou invite,\nles personnes qui interviennent ponctuellement à sa demande (artisan ou professionnel mandaté pour réaliser des travaux par exemple),\nun sous-locataire.\nPour ne pas être considéré comme  responsable, le locataire doit démontrer par tout moyen que les dégradations ne peuvent pas lui être attribuées  (par exemple :   grosse réparation revenant au propriétaire ).\n\n l'assurance risques locatifs  obligatoirement souscrite par le locataire couvre les dommages causés par un dégât des eaux ou un incendie intervenu à son domicile.",
    "link": "https://www.service-public.fr/particuliers/vosdroits/F21105",
    "name": "F21105--degradatio-igence-27.json",
    "arborescence": {
        "theme": "Logement",
        "sous_theme": "Location immobilière",
        "dossier": "Location immobilière : obligations du locataire",
        "sous_dossier": "Autre",
        "fiche": "Qui est responsable des dégradations d'un logement en cours de location ?",
        "id": "F21105"
    }
}