{
    "text": "Handicap : accueil en centre de pré-orientation : Le centre de pré-orientation accompagne les personnes en situation de handicap qui rencontrent des difficultés d'insertion professionnelle. Il propose des stages pour affiner un projet professionnel et faciliter l'insertion sur le marché du travail. Le centre accueille des personnes qui ont obtenu la reconnaissance de la qualité de travailleur handicapé (RQTH). Le stage dure au maximum 12 semaines. À la fin du stage, la personne peut se voir proposer un emploi ou une formation. Démarche: La CDAPH se réunit ensuite pour se prononcer sur la demande d'admission. Sa réponse intervient généralement dans un délai de 4 mois à partir de la date de dépôt de la demande. En l'absence de réponse au-delà de 4 mois, la demande est considérée comme rejetée. Loire-Atlantique (44) Vous devez remplir un formulaire et l'envoyer à votre MDPH, de préférence par lettre recommandée avec avis de réception. À joindre à toute demande",
    "text_reader": "\n Le centre de pré-orientation accompagne les personnes en situation de handicap qui rencontrent des difficultés d'insertion professionnelle. Il propose des stages pour affiner un projet professionnel et faciliter l'insertion sur le marché du travail. Le centre accueille des personnes qui ont obtenu la reconnaissance de la qualité de travailleur handicapé (RQTH). Le stage dure au maximum 12 semaines. À la fin du stage, la personne  peut se voir proposer un emploi ou une formation. \n La  CDAPH  se réunit ensuite pour se prononcer sur la demande d'admission. Sa réponse intervient généralement dans un délai de 4 mois à partir de la date de dépôt de la demande. En l'absence de réponse au-delà de 4 mois, la demande est considérée comme rejetée.\n\nLoire-Atlantique (44)\nVous devez remplir un formulaire et l'envoyer à votre MDPH, de préférence par lettre recommandée avec avis de réception.\nÀ joindre à toute demande",
    "link": "https://www.service-public.fr/particuliers/vosdroits/F211",
    "name": "F211--demarche-marche-8--loire-atla-que-44-21.json",
    "arborescence": {
        "theme": "Travail",
        "sous_theme": "Formation",
        "dossier": "Formation des personnes handicapées",
        "sous_dossier": "",
        "fiche": "Centre de pré-orientation",
        "id": "F211"
    }
}