{
    "text": "Assurance habitation : qu'est-ce que la garantie responsabilité civile ? : La responsabilité civile correspond à l'obligation de réparer les dommages corporels et matériels causés à autrui. Ces dommages peuvent résulter, par exemple, d'une imprudence. Vous pouvez souscrire une assurance responsabilité civile. C'est alors l'assurance qui prend en charge la réparation du dommage que vous avez causé. Quelles en sont les limites ?: Certains dommages ne sont pas couverts par la garantie. Il s'agit notamment d'un dommage : que vous causez à vous-même ou à vos proches, que vous causez intentionnellement à autrui, causé par un chien qualifié de dangereux , causé par un véhicule à moteur, consécutif à vos activités professionnelles exercées à domicile (assurances spéciales). Si vous vous retrouvez dans une de ces situations, vous devrez personnellement réparer le préjudice. Cependant, certaines de ces exclusions peuvent faire l'objet d'un contrat spécifique. Ainsi, par exemple, vous pouvez garantir votre responsabilité civile professionnelle. ",
    "text_reader": "\n La responsabilité civile correspond à l'obligation de réparer les dommages corporels et matériels causés à autrui. Ces dommages peuvent résulter, par exemple, d'une imprudence. Vous pouvez souscrire une assurance responsabilité civile. C'est alors l'assurance qui prend en charge la réparation du dommage que vous avez causé. \n Certains dommages ne sont pas couverts par la garantie. Il s'agit notamment d'un dommage : que vous causez à vous-même ou à vos proches, que vous causez intentionnellement à autrui, causé par un chien qualifié de  dangereux , causé par un véhicule à moteur, consécutif à vos activités professionnelles exercées à domicile (assurances spéciales). Si vous vous retrouvez dans une de ces situations, vous devrez  personnellement  réparer le préjudice. Cependant, certaines de ces exclusions peuvent  faire l'objet d'un contrat spécifique. Ainsi, par exemple, vous pouvez garantir votre responsabilité civile professionnelle.\n\n",
    "link": "https://www.service-public.fr/particuliers/vosdroits/F2123",
    "name": "F2123--quelles-en-imites-29.json",
    "arborescence": {
        "theme": "Argent",
        "sous_theme": "Assurance",
        "dossier": "Assurance habitation",
        "sous_dossier": "Autre",
        "fiche": "Assurance habitation : qu'est-ce que la garantie responsabilité civile ?",
        "id": "F2123"
    }
}