{
    "text": "Quelles sont les règles de vote en assemblée générale de copropriété ? : Les règles de vote en assemblée générale de copropriété diffèrent selon la nature des questions mises à l'ordre du jour. Travaux et équipements: Les règles de vote varient en fonction de la nature de la décision. Décisions Règle de vote Dérogations Décision d'engager le diagnostic technique global de l'immeuble et son mode de réalisation Majorité simple Décision d'équiper les places de stationnement couvertes ou d'accès sécurisé avec des bornes de recharge pour véhicules électriques Majorité simple Travaux d'accessibilité aux personnes handicapées ou à mobilité réduite, sous réserve qu'ils n'affectent pas la structure de l'immeuble ou ses éléments d'équipement essentiels Majorité simple La majorité absolue est exigée si les travaux affectent la structure de l'immeuble ou ses éléments d'équipement essentiels Autorisation donnée à certains copropriétaires d'effectuer, à leurs frais, des travaux d'accessibilité aux personnes handicapées ou à mobilité réduite qui affectent les parties communes ou l'aspect extérieur de l'immeuble et conformes à la destination de celui-ci, sous réserve que ces travaux n'affectent pas la structure de l'immeuble ou ses éléments d'équipement essentiels Majorité simple La majorité absolue est exigée si les travaux affectent la structure de l'immeuble ou ses éléments d'équipement essentiels Autorisation donnée à certains copropriétaires d'effectuer à leurs frais des travaux affectant les parties communes ou l'aspect extérieur de l'immeuble, et conformes à la destination de celui-ci Majorité absolue Suppression des vide-ordures pour des impératifs d'hygiène Majorité simple Installation de compteurs d'énergie thermique ou de répartiteurs de frais de chauffage Majorité absolue Travaux d'économies d'énergie ou de réduction des émissions de gaz à effet de serre (comprenant ou non des travaux d'intérêt collectif réalisés sur des parties privatives ) Majorité absolue Ensemble des travaux comportant transformation, addition ou amélioration Majorité absolue Mode d'ouverture des portes d'accès de l'immeuble Majorité absolue La majorité simple (dite majorité de l'article 24 ) correspond à la majorité des voix exprimées des copropriétaires présents ou représentés ainsi que ceux ayant voté par correspondance. Les abstentionnistes ne sont donc pas pris en compte. Si la décision a reçu au moins ⅓ des voix, elle peut faire l'objet d'un 2 nd vote à la majorité simple de l'article 24. La majorité absolue (dite majorité de l'article 25 ) correspond à la majorité des voix de tous les copropriétaires de l'immeuble (présents, représentés et absents). Si la décision a reçu au moins ⅓ des voix, elle peut faire l'objet d'un 2 nd vote à la majorité simple de l'article 24 (majorité des voix des copropriétaires présents, représentés ou ayant voté par correspondance). ",
    "text_reader": "\n Les règles de vote en assemblée générale de copropriété diffèrent selon la nature des questions mises à l'ordre du jour. \n Les règles de vote varient en fonction de la nature de la décision. Décisions Règle de vote Dérogations Décision d'engager le  diagnostic technique global de l'immeuble  et son mode de réalisation Majorité simple Décision  d'équiper les places de stationnement couvertes ou d'accès sécurisé avec des bornes de recharge pour véhicules électriques Majorité simple Travaux d'accessibilité aux personnes handicapées ou à mobilité réduite, sous réserve qu'ils n'affectent pas la structure de l'immeuble ou ses éléments d'équipement essentiels Majorité simple La majorité absolue est exigée si les travaux affectent la structure de l'immeuble ou ses éléments d'équipement essentiels Autorisation donnée à certains copropriétaires d'effectuer, à leurs frais, des travaux d'accessibilité aux personnes handicapées ou à mobilité réduite qui affectent les  parties communes  ou l'aspect extérieur de l'immeuble et conformes à la  destination  de celui-ci, sous réserve que ces travaux n'affectent pas la structure de l'immeuble ou ses éléments d'équipement essentiels Majorité simple La majorité absolue est exigée si les travaux affectent la structure de l'immeuble ou ses éléments d'équipement essentiels Autorisation donnée à certains copropriétaires d'effectuer à leurs frais des travaux affectant les parties communes ou l'aspect extérieur de l'immeuble, et conformes à la destination de celui-ci Majorité absolue Suppression des vide-ordures pour des impératifs d'hygiène Majorité simple Installation de compteurs d'énergie thermique ou de répartiteurs de frais de chauffage Majorité absolue Travaux d'économies d'énergie ou de réduction des émissions de gaz à effet de serre (comprenant ou non des travaux d'intérêt collectif réalisés sur des  parties privatives ) Majorité absolue Ensemble des travaux comportant transformation, addition ou amélioration Majorité absolue Mode d'ouverture des portes d'accès de l'immeuble Majorité absolue La  majorité simple  (dite  majorité de l'article 24 ) correspond à la majorité des voix exprimées des copropriétaires présents ou représentés ainsi que ceux ayant voté par correspondance. Les abstentionnistes ne sont donc pas pris en compte. Si la décision a reçu au moins ⅓ des voix, elle peut faire l'objet d'un 2 nd  vote à la majorité simple de l'article 24. La  majorité absolue  (dite  majorité de l'article 25 ) correspond à la majorité des voix de tous les copropriétaires de l'immeuble (présents, représentés et absents). Si la décision a reçu au moins ⅓ des voix, elle peut faire l'objet d'un 2 nd  vote à la majorité simple de l'article 24 (majorité des voix des copropriétaires présents, représentés ou ayant voté par correspondance).\n\n",
    "link": "https://www.service-public.fr/particuliers/vosdroits/F2137",
    "name": "F2137--travaux-et-ements-22.json",
    "arborescence": {
        "theme": "Logement",
        "sous_theme": "Copropriété",
        "dossier": "Assemblée générale des copropriétaires",
        "sous_dossier": "",
        "fiche": "Quelles sont les règles de vote en assemblée générale de copropriété ?",
        "id": "F2137"
    }
}