{
    "text": "Dégâts matériels causés par un accident de la route : indemnisation : L'indemnisation des dégâts matériels par l'assureur n'est pas automatique. Elle dépend des garanties souscrites dans votre contrat, des circonstances de l'accident et de votre niveau de responsabilité. L'indemnisation est précédée par une phase d'évaluation des dommages qui peut donner lieu à l'expertise des véhicules accidentés. Dans quel cas est-on indemnisé ?: Le montant d'indemnisation qui sera retenu par l'assureur dépend des garanties que vous avez souscrites dans votre contrat, et de votre niveau de responsabilité dans l'accident. Ainsi, selon ces circonstances, l'assureur peut : soit ne pas prendre pas en charge les dégâts matériels subis par votre véhicule, soit les prendre en charge partiellement, soit les prendre en charge totalement. veillez bien à prévenir votre assureur dans les 5 jours ouvrés , en lui adressant votre exemplaire du constat bien renseigné ou en utilisant le e-constat . Véhicule assuré au tiers Vous êtes tenu pour responsable de l'accident Si vous avez souscrit une assurance au tiers , c'est-à-dire le minimum obligatoire, l'assureur ne prendra en charge que les dommages que vous (ou votre véhicule) avez occasionnés aux autres. Il prendra donc en charge les dommages que les autres véhicules ont subis, mais pas ceux qui ont affecté votre véhicule. À la suite de l'accident, votre assureur vous notifiera généralement une majoration de votre bonus-malus . Vous n'êtes pas tenu pour responsable de l'accident Dans ce cas, vous n'avez pas à prendre en charge les réparations de votre véhicule. C'est l'assureur du responsable de l'accident qui doit réparer les dégât subis par votre voiture. Si votre contrat le prévoit, votre assureur pourra prendre en charge la réparation de votre voiture avant de se retourner contre l'assureur du responsable de l'accident pour lui réclamer un remboursement. Puisque vous n'êtes pas responsable de l'accident, votre bonus-malus ne sera pas modifié. si le responsable de l'accident ne peut pas être identifié, vous pourrez, sous conditions, être indemnisé par le Fonds de garantie des assurances obligatoires de dommages (FGAO) .",
    "text_reader": "\n L'indemnisation des dégâts matériels par l'assureur n'est pas automatique. Elle dépend des garanties souscrites dans votre contrat, des circonstances de l'accident et de votre niveau de responsabilité. L'indemnisation est précédée par une phase d'évaluation des dommages qui peut donner lieu à l'expertise des véhicules accidentés. \n Le montant d'indemnisation  qui sera retenu par l'assureur dépend des garanties  que vous avez souscrites dans votre contrat, et de votre niveau de responsabilité dans l'accident. Ainsi, selon ces circonstances, l'assureur peut : soit ne pas prendre pas en charge les dégâts matériels subis par votre véhicule, soit les prendre en charge partiellement, soit les prendre en charge totalement. veillez bien à  prévenir votre assureur dans les 5 jours ouvrés , en lui adressant votre exemplaire du constat bien renseigné ou en utilisant le  e-constat   .\n\nVéhicule assuré au tiers\nVous êtes tenu pour responsable de l'accident\nSi vous avez souscrit une assurance  au tiers , c'est-à-dire le minimum obligatoire, l'assureur ne prendra en charge que les dommages que vous (ou votre véhicule) avez occasionnés aux autres.\nIl prendra donc en charge les dommages que les autres véhicules ont subis,  mais  pas ceux qui ont affecté  votre véhicule.\nÀ la suite de l'accident, votre assureur vous notifiera généralement une majoration de votre   bonus-malus .\nVous n'êtes pas tenu pour responsable de l'accident\nDans ce cas, vous n'avez pas à prendre en charge les réparations de votre véhicule.\nC'est l'assureur du responsable de l'accident qui doit réparer les dégât subis par votre voiture. Si votre contrat le prévoit, votre assureur pourra prendre en charge la réparation de votre voiture avant de  se retourner contre l'assureur du responsable de l'accident pour lui réclamer un remboursement.\nPuisque vous n'êtes pas responsable de l'accident, votre bonus-malus ne sera pas modifié.\nsi le responsable de l'accident ne peut pas être identifié, vous pourrez, sous conditions, être   indemnisé par le Fonds de garantie des assurances obligatoires de dommages (FGAO) .",
    "link": "https://www.service-public.fr/particuliers/vosdroits/F2152",
    "name": "F2152--dans-quel--emnise-32--vehicule-a--tiers-24.json",
    "arborescence": {
        "theme": "Argent",
        "sous_theme": "Assurance",
        "dossier": "Assurance automobile (véhicule)",
        "sous_dossier": "Indemnisation du sinistre",
        "fiche": "Dégâts matériels",
        "id": "F2152"
    }
}