{
    "text": "Étranger en France : carte de séjour pluriannuelle - travailleur saisonnier : Si vous êtes étranger et souhaitez séjourner en France comme travailleur saisonnier, vous pouvez obtenir une carte de séjour pluriannuelle travailleur saisonnier , sous certaines conditions. Elle est valable 3 ans maximum et renouvelable. Vous ne pouvez pas demander le regroupement familial pour votre époux(se) et vos enfants avec cette carte de séjour. Renouvellement: Vous devez demander le renouvellement de votre carte dans les 2 mois précédant sa date d'expiration. Si vous déposez votre demande hors délai, sauf cas de force majeure ou présentation d'un visa valide, vous devrez payer, en plus du coût de la carte, un droit de visa de régularisation de 180 € . Pièces à fournir Votre carte de séjour (en cours de validité) Votre passeport (pages relatives à l'état civil, aux dates de validité et aux cachets d'entrée) Acte de naissance (copie intégrale ou extrait avec filiation) Si vous êtes marié : carte de séjour de votre époux (ou carte d'identité) et extrait d'acte de mariage Si vous avez des enfants : extraits d'acte de naissance de vos enfants avec filiation Justificatif de domicile datant de moins de 3 mois 3 photos Formulaire cerfa n°15187*02 visé par la Direccte Engagement de maintenir sa résidence habituelle hors de France Justificatifs du respect de la durée cumulée de séjour de 6 mois par an pendant la période de validité du précédent titre de séjour (cachets sur passeport, bulletins de salaire obtenus au cours des 3 années, etc.). Justificatif d'acquittement de la taxe et du droit de timbre (demandé lors de la remise de la carte) Coût Vous devez payer 75 € par timbres fiscaux . À Paris",
    "text_reader": "\n Si vous êtes étranger et souhaitez séjourner en France comme travailleur saisonnier, vous pouvez obtenir une carte de séjour pluriannuelle  travailleur saisonnier , sous certaines conditions. Elle est valable 3 ans maximum et renouvelable. Vous ne pouvez pas demander le regroupement familial pour votre époux(se) et vos enfants avec cette carte de séjour. \n Vous devez demander le renouvellement de votre carte dans les 2 mois précédant sa date d'expiration. Si vous déposez votre demande hors délai, sauf cas de force majeure  ou présentation d'un visa valide, vous devrez payer, en plus du coût de la carte, un droit de visa de régularisation de  180 € .   Pièces à fournir   Votre carte de séjour (en cours de validité) Votre passeport (pages relatives à l'état civil, aux dates de validité et aux cachets d'entrée) Acte de naissance (copie intégrale ou extrait avec filiation) Si vous êtes marié : carte de séjour de votre époux (ou carte d'identité) et extrait d'acte de mariage Si vous avez des enfants : extraits d'acte de naissance de vos enfants avec filiation   Justificatif de domicile  datant de moins de 3 mois 3  photos   Formulaire   cerfa n°15187*02  visé par la  Direccte   Engagement de maintenir sa résidence habituelle hors de France Justificatifs du respect de la durée cumulée de séjour de 6 mois par an pendant la période de validité du précédent titre de séjour (cachets sur passeport, bulletins de salaire obtenus au cours des 3 années, etc.). Justificatif d'acquittement de la taxe et du droit de timbre (demandé lors de la remise de la carte)   Coût   Vous devez payer  75 €  par  timbres fiscaux .\n\nÀ Paris",
    "link": "https://www.service-public.fr/particuliers/vosdroits/F21516",
    "name": "F21516--renouvelle-lement-14--a-paris--paris-7.json",
    "arborescence": {
        "theme": "Étranger",
        "sous_theme": "Étranger en France",
        "dossier": "Titres, carte de séjour et documents de circulation pour étranger en France",
        "sous_dossier": "Carte de séjour",
        "fiche": "Carte de séjour \"travailleur saisonnier\"",
        "id": "F21516"
    }
}