{
    "text": "Sortie ou voyage scolaires à l'école primaire (maternelle ou élémentaire) : Les sorties et les voyages scolaires sont organisés par l'établissement dans un objectif pédagogique fixé à l'avance. La famille doit être informée précisément des conditions d'organisation de la sortie ou du voyage. Les règles d'organisation d'une sortie régulière, d'une sortie occasionnelle et d'un voyage scolaire sont différentes. Sortie occasionnelle: Encadrement: Des accompagnateurs doivent encadrer les sorties scolaires. Les règles d'encadrement sont différentes à l'école maternelle et à l'école élémentaire. École maternelle La sortie scolaire doit être encadrée par 2 adultes au moins (l'enseignant de la classe + un autre adulte). À partir du 17 e élève, la présence d'1 adulte supplémentaire pour 8 enfants est nécessaire. L'autre adulte encadrant peut être l'une des personnes suivantes : Un autre enseignant Un aide éducateur Un agent territorial spécialisé d'école maternelle (Atsem) Un parent ou un bénévole Un chauffeur de bus n'est pas considéré comme un encadrant. Pendant la sortie, la classe peut être répartie en plusieurs groupes. Dans ce cas, l'enseignant prend en charge un groupe et le ou les autres groupes sont encadrés par au moins un intervenant. L'enseignant définit au préalable l'organisation de l'activité, en particulier les règles de sécurité. Il en informe chaque intervenant.",
    "text_reader": "\n Les sorties et les voyages scolaires sont organisés par l'établissement dans un objectif pédagogique fixé à l'avance.  La  famille doit être informée précisément des conditions d'organisation de la sortie ou du voyage. Les règles d'organisation d'une sortie régulière, d'une sortie occasionnelle et d'un voyage scolaire sont différentes. \n Des accompagnateurs doivent encadrer les sorties scolaires. Les règles d'encadrement sont différentes à l'école maternelle et à l'école élémentaire.\n\nÉcole maternelle\nLa sortie scolaire doit être encadrée par 2 adultes au moins (l'enseignant de la classe + un autre adulte).\nÀ partir du 17 e  élève, la présence d'1 adulte supplémentaire pour 8 enfants est nécessaire.\nL'autre adulte encadrant peut être l'une des personnes suivantes :\nUn autre enseignant\nUn aide éducateur\nUn agent territorial spécialisé d'école maternelle (Atsem)\nUn parent ou un bénévole\nUn chauffeur de bus n'est pas considéré comme un encadrant.\nPendant la sortie, la classe peut être répartie en plusieurs groupes. Dans ce cas, l'enseignant prend en charge un groupe et le ou les autres groupes sont encadrés par au moins un intervenant. L'enseignant définit au préalable l'organisation de l'activité, en particulier les règles de sécurité. Il en informe chaque intervenant.",
    "link": "https://www.service-public.fr/particuliers/vosdroits/F21765",
    "name": "F21765--sortie-occ-nnelle-20--encadremen-rement-11--ecole-mate-rnelle-16.json",
    "arborescence": {
        "theme": "Famille",
        "sous_theme": "Scolarité",
        "dossier": "École primaire (maternelle et élémentaire)",
        "sous_dossier": "Vie quotidienne",
        "fiche": "Sortie et voyage scolaires",
        "id": "F21765"
    }
}