{
    "text": "Carte de résident de 10 ans d'un étranger en France : Vous pouvez bénéficier d'une carte de résident de 10 ans, sous certaines conditions. Cette carte peut vous être remise en 1 er titre de séjour ou à l'issue d'une carte de séjour temporaire ou pluriannuelle, notamment en raison de vos attaches familiales en France, des services que vous avez rendus à la France ou de la protection qui vous a été accordée. Parent d'enfant français: Votre demande est acceptée Si votre demande est acceptée, vous êtes convoqué en préfecture pour la délivrance du titre.",
    "text_reader": "\n Vous pouvez bénéficier d'une carte de résident de 10 ans, sous certaines conditions. Cette carte peut vous être remise en 1 er  titre de séjour ou à l'issue d'une carte de séjour temporaire ou pluriannuelle, notamment en raison de vos attaches familiales en France, des services que vous avez rendus à la France ou de la protection qui vous a été accordée. \n Votre demande est acceptée\nSi votre demande est acceptée, vous êtes convoqué en préfecture pour la délivrance du titre.",
    "link": "https://www.service-public.fr/particuliers/vosdroits/F2208",
    "name": "F2208--parent-den-ancais-24--votre-dema-ceptee-26.json",
    "arborescence": {
        "theme": "Étranger",
        "sous_theme": "Étranger en France",
        "dossier": "Titres, carte de séjour et documents de circulation pour étranger en France",
        "sous_dossier": "Carte de résident",
        "fiche": "Carte de résident",
        "id": "F2208"
    }
}