{
    "text": "Réintégration dans la nationalité française par décret : Une personne qui prouve avoir déjà été française peut être réintégrée par décret dans la nationalité française. Des conditions sont à respecter, liées notamment à la résidence régulière en France et à l'assimilation à la communauté française. Ce n'est pas un droit. L'administration dispose donc d'un pouvoir d'appréciation pour refuser la demande. Coût: La demande de réintégration est soumise à un droit de timbre de 55 € . Cette taxe se règle avec un timbre fiscal . ",
    "text_reader": "\n Une personne qui prouve avoir déjà été française peut être réintégrée par décret dans la nationalité française.\nDes conditions sont à respecter, liées notamment à la résidence régulière en France et à l'assimilation à la communauté française.\n\t\t\tCe n'est pas un droit. L'administration dispose donc d'un pouvoir d'appréciation pour refuser la demande. \n La demande de réintégration est  soumise à un droit de timbre de  55 € . Cette taxe se règle avec un  timbre fiscal .\n\n",
    "link": "https://www.service-public.fr/particuliers/vosdroits/F2214",
    "name": "F2214--cout-cout-4.json",
    "arborescence": {
        "theme": "Étranger",
        "sous_theme": "Étranger en France",
        "dossier": "Nationalité française",
        "sous_dossier": "Réintégration dans la nationalité française",
        "fiche": "Par décret",
        "id": "F2214"
    }
}