{
    "text": "Quelles formations sont accessibles à une personne en situation de handicap ? : Si vous êtes salarié, vous avez accès aux mêmes dispositifs de formation que les autres salariés . Les organismes de formation doivent toutefois mettre en place des adaptations en vous proposant notamment un accueil à temps partiel ou discontinu et une durée de formation adaptée à votre handicap. D'autres dispositifs sont spécifiquement adaptés aux personnes en situation de handicap. Vous pouvez obtenir une qualification professionnelle en concluant un contrat d'apprentissage comprenant des aménagements spécifiques à votre situation. Vous pouvez également obtenir un diplôme ou une certification professionnelle en intégrant une école de reconversion professionnelle . Si vous rencontrez des problèmes d'orientation professionnelle, vous pouvez bénéficier d'un stage pour affiner votre projet professionnel . Si vous interrompez votre emploi à la suite d'une maladie ou d'un accident, vous pouvez conclure un contrat ou stage de rééducation professionnelle pour vous réinsérer sur le marché du travail.",
    "text_reader": "Si vous êtes salarié, vous avez accès aux  mêmes dispositifs de formation que les autres salariés . Les organismes de formation doivent toutefois mettre en place des adaptations en vous proposant notamment un accueil à temps partiel ou discontinu et une durée de formation adaptée à votre handicap.\nD'autres dispositifs sont spécifiquement adaptés aux personnes en situation de handicap.\nVous pouvez obtenir une qualification professionnelle en concluant un  contrat d'apprentissage  comprenant des aménagements spécifiques à votre situation.\nVous pouvez également obtenir un diplôme ou une certification professionnelle en intégrant une  école de reconversion professionnelle .\nSi vous rencontrez des problèmes d'orientation professionnelle, vous pouvez bénéficier d'un  stage pour affiner votre projet professionnel .\nSi vous interrompez votre emploi à la suite d'une maladie ou d'un accident, vous pouvez conclure un  contrat ou stage de rééducation professionnelle  pour vous réinsérer sur le marché du travail.",
    "link": "https://www.service-public.fr/particuliers/vosdroits/F221",
    "name": "F221.json",
    "arborescence": {
        "theme": "Travail",
        "sous_theme": "Formation",
        "dossier": "Formation des personnes handicapées",
        "sous_dossier": "",
        "fiche": "Quelles formations sont accessibles à une personne en situation de handicap ?",
        "id": "F221"
    }
}