{
    "text": "Travail de nuit du salarié du secteur privé : Le travail de nuit est justifié par la nécessité d'assurer la continuité de l'activité de l'entreprise. Il doit être exceptionnel. La période de travail de nuit est d'une durée de 9 heures minimum. Dans certains secteurs (la presse par exemple) cette période est d'une durée de 7 heures. Au-delà d'une certaine fréquence, le salarié est considéré comme travailleur de nuit et bénéficie de droits particuliers. Autre situation: Qu'est-ce que le travail de nuit ?: Tout travail accompli entre 21 heures et 6 heures est considéré comme du travail de nuit. Si les caractéristiques de l'activité de l'entreprise le justifient, l'inspecteur du travail peut autoriser la définition d'une autre période. Spectacle vivant ou discothèques La période de travail accomplie entre minuit et 7 heures est considérée comme du travail de nuit.",
    "text_reader": "\n Le travail de nuit est justifié par la nécessité d'assurer la continuité de l'activité de l'entreprise. Il doit être exceptionnel. La période de travail de nuit est d'une durée de 9 heures minimum. Dans certains secteurs (la presse par exemple) cette période est d'une durée de 7 heures.  Au-delà d'une certaine fréquence, le salarié est considéré comme travailleur de nuit et bénéficie de droits particuliers. \n Tout travail accompli entre  21 heures et 6 heures  est considéré comme du travail de nuit. Si les caractéristiques de l'activité de l'entreprise le justifient, l'inspecteur du travail peut autoriser la définition d'une autre période.\n\nSpectacle vivant ou discothèques\nLa période de travail accomplie entre minuit et 7 heures est considérée comme du travail de nuit.",
    "link": "https://www.service-public.fr/particuliers/vosdroits/F2212",
    "name": "F2212--autre-situ-uation-15--quest-ce-q-e-nuit-34--spectacle--heques-32.json",
    "arborescence": {
        "theme": "Travail",
        "sous_theme": "Santé, sécurité et conditions de travail",
        "dossier": "Conditions de travail dans le secteur privé",
        "sous_dossier": "Travail de nuit",
        "fiche": "Principes généraux",
        "id": "F2212"
    }
}