{
    "text": "Comment faire pour embaucher un salarié étranger ? : L'employeur qui souhaite embaucher un étranger doit vérifier s'il a le droit de travailler en France. L'étranger doit être titulaire d'une autorisation de travail ou être originaire d'un pays pour lesquels l'autorisation de travail n'est pas obligatoire ( Espace économique européen , Suisse, Monaco, Andorre, Saint-Marin). Pour certaines prestations d'une durée inférieure ou égale à 3 mois, il n'y a pas besoin d'autorisation de travail quelle que soit la nationalité de l'étranger. Suisse, Monaco, Andorre ou Saint-Marin: Immatriculation auprès de la sécurité sociale: Salarié du régime général La demande d'immatriculation à la CPAM est à faire au moyen de la déclaration préalable à l'embauche.",
    "text_reader": "\n L'employeur qui souhaite embaucher un étranger doit vérifier s'il a le droit de travailler en France. L'étranger doit être titulaire d'une autorisation de travail ou être originaire d'un pays pour lesquels l'autorisation de travail n'est pas obligatoire ( Espace économique européen , Suisse, Monaco, Andorre, Saint-Marin). Pour certaines prestations d'une durée inférieure ou égale à 3 mois, il n'y a pas besoin d'autorisation de travail quelle que soit la nationalité de l'étranger. \n Salarié du régime général\n\n La demande d'immatriculation à la CPAM  est à faire au moyen de la déclaration préalable à l'embauche.",
    "link": "https://www.service-public.fr/particuliers/vosdroits/F22782",
    "name": "F22782--suisse-mon--marin-38--immatricul-ociale-45--salarie-du-eneral-25.json",
    "arborescence": {
        "theme": "Étranger",
        "sous_theme": "Étranger en France",
        "dossier": "Travail d'un étranger en France",
        "sous_dossier": "",
        "fiche": "Comment faire pour embaucher un salarié étranger ?",
        "id": "F22782"
    }
}