{
    "text": "Congé parental d'éducation à temps plein dans le secteur privé : À l'occasion de la naissance ou de l'arrivée au foyer d'un enfant, le salarié peut arrêter de travailler pour s'occuper de l'enfant. Dans ce cas, il bénéficie d'un congé parental d'éducation, sous conditions d'ancienneté. La durée du congé varie en fonction du nombre d’enfants nés ou adoptés simultanément. Conditions: Le congé est ouvert à tout salarié ayant au moins 1 an d'ancienneté dans l'entreprise. L'ancienneté est prise en compte : soit à la date de naissance de l'enfant, soit à la date d'arrivée au foyer d'un enfant adopté (ou confié en vue de son adoption) de moins de 16 ans. ",
    "text_reader": "\n À l'occasion de la naissance ou de l'arrivée au foyer d'un enfant, le salarié peut arrêter de travailler  pour s'occuper de l'enfant. Dans ce cas, il bénéficie d'un congé parental d'éducation, sous conditions d'ancienneté. La durée du congé varie en fonction du nombre d’enfants nés ou adoptés simultanément. \n Le congé est ouvert à tout salarié  ayant au moins  1 an d'ancienneté  dans l'entreprise. L'ancienneté est prise en compte : soit à la date de naissance de l'enfant, soit à la date d'arrivée au foyer d'un enfant adopté (ou confié en vue de son adoption) de moins de 16 ans.\n\n",
    "link": "https://www.service-public.fr/particuliers/vosdroits/F2280",
    "name": "F2280--conditions-itions-10.json",
    "arborescence": {
        "theme": "Travail",
        "sous_theme": "Congés",
        "dossier": "Congés dans le secteur privé",
        "sous_dossier": "Congés liés à l'arrivée d'un enfant",
        "fiche": "Congé parental à temps plein",
        "id": "F2280"
    }
}