{
    "text": "Un conseiller prud'homal bénéficie-t-il de temps d'absence ou de congés ? : Oui. Le conseiller prud'homal salarié bénéficie de temps pour assurer ses activités de conseiller. L'employeur doit laisser au salarié membre d'un conseil de prud'hommes le temps nécessaire pour se rendre et participer aux activités prud'homales. Ces activités sont liées à sa fonction de conseiller prud'homal et aux activités juridictionnelles. Type d'activités Activités concernées Activités liées à la fonction prud'homale - Prestation de serment - Installation du conseil de prud'hommes - Participation aux assemblées générales, aux assemblées de section ou de la chambre et à la formation restreinte pour préparer le règlement intérieur (ainsi qu'aux réunions préparatoires) - Participation à l'audience de rentrée solennelle - Comparution devant la Commission nationale de discipline des conseillers prud'hommes - Réalisation des activités administratives liées aux fonction de présidents et vice-présidents du conseil, de section ou de chambre (si le salarié occupe un tel poste) Activités juridictionnelles - Étude préparatoire d'un dossier - Mesures d'instructions et la rédaction des rapports - Participation aux audiences - Étude d'un dossier postérieure à l'audience à laquelle l'affaire est examinée et préalable au délibéré - Participation au délibéré - Rédaction des décisions et des procès-verbaux - Relecture et signature de décisions dont la rédaction a été confiée à un autre conseiller prud'homal Ce temps d'absence pendant les heures de travail est assimilé à un temps de travail effectif pour le calcul des droits du salarié (par exemple, calcul des droits liés à l'ancienneté ou aux congés payés). Pendant ses heures d'absence, le salarié conseiller prud'hommes perçoit une indemnisation . le salarié conseiller prud'hommes peut également bénéficier d'autorisations d'absences pour les besoins de sa formation . ",
    "text_reader": "Oui. Le conseiller prud'homal salarié bénéficie de temps pour assurer ses activités de conseiller.\nL'employeur doit laisser au salarié membre d'un conseil de prud'hommes le temps nécessaire pour se rendre et participer aux activités prud'homales. Ces activités sont liées à sa fonction de conseiller prud'homal et aux activités juridictionnelles.\nType d'activités\nActivités concernées\nActivités liées à la fonction prud'homale\n- Prestation de serment\n- Installation du conseil de prud'hommes\n- Participation aux assemblées générales, aux assemblées de section ou de la chambre et à la formation restreinte pour préparer le règlement intérieur (ainsi qu'aux réunions préparatoires)\n- Participation à l'audience de rentrée solennelle\n- Comparution devant la Commission nationale de discipline des conseillers prud'hommes\n- Réalisation des activités administratives liées aux fonction de présidents et vice-présidents du conseil, de section ou de chambre (si le salarié occupe un tel poste)\nActivités juridictionnelles\n- Étude préparatoire d'un dossier\n- Mesures d'instructions et la rédaction des rapports\n- Participation aux audiences\n- Étude d'un dossier postérieure à l'audience à laquelle l'affaire est examinée et préalable au délibéré\n- Participation au délibéré\n- Rédaction des décisions et des procès-verbaux\n- Relecture et signature de décisions dont la rédaction a été confiée à un autre conseiller prud'homal\nCe temps d'absence pendant les heures de travail est assimilé à un  temps de travail effectif  pour le calcul des droits du salarié (par exemple, calcul des droits liés à l'ancienneté ou aux congés payés).\nPendant ses heures d'absence, le salarié  conseiller prud'hommes perçoit une  indemnisation .\nle salarié conseiller prud'hommes peut également bénéficier  d'autorisations d'absences pour les besoins de sa formation . ",
    "link": "https://www.service-public.fr/particuliers/vosdroits/F2294",
    "name": "F2294.json",
    "arborescence": {
        "theme": "Travail",
        "sous_theme": "Relations individuelles et collectives de travail",
        "dossier": "Conflits du travail dans le secteur privé",
        "sous_dossier": "Autre",
        "fiche": "Un conseiller prud'homal bénéficie-t-il de temps d'absence ou de congés ?",
        "id": "F2294"
    }
}