{
    "text": "Taxe d'aménagement (TA) : La taxe d'aménagement s'applique à toutes les opérations soumises à autorisation d'urbanisme : construction, reconstruction et agrandissement de bâtiments, aménagement et installation de toute nature. Elle s'applique également aux changements de destination des locaux agricoles. Elle est due par le bénéficiaire de l'autorisation de construire ou d'aménager ou par le responsable d'une construction illégale. Cas général: Calcul de la taxe d'aménagement: Le montant de la taxe est calculé en fonction de la valeur forfaitaire selon la formule suivante : (surface taxable x valeur forfaitaire x taux communal ou intercommunal) + (surface taxable x valeur forfaitaire x taux départemental) La calcul du montant de la taxe d'aménagement dépend de la nature du projet. Attention : le simulateur n'est pas à jour pour les taux applicables en 2020. Aménagements et installations Les aménagements ou installations sont soumis à la taxe d’aménagement sur la base d'une assiette forfaitaire par emplacement . Type d'aménagement ou d'installation Valeur forfaitaire Emplacement de tente, caravane et résidence mobile de loisirs sur un terrain de camping ou une aire naturelle de camping 3 000 € par emplacement Habitation légère de loisirs 10 000 € par emplacement Piscine 200 € par m² Éolienne de plus de 12 m 3 000 € par éolienne Panneau photovoltaïque fixé au sol 10 € par m² de surface de panneau Aire de stationnement extérieure De 2 000 € à 5 000 € par emplacement (selon la délibération de la collectivité territoriale). Les panneaux solaires thermiques, qui produisent de la chaleur, et les aires de stationnement destinées aux 2 roues ne sont pas taxés.",
    "text_reader": "\n La taxe d'aménagement  s'applique à toutes les opérations soumises à autorisation d'urbanisme : construction, reconstruction et agrandissement de bâtiments, aménagement et installation de toute nature. Elle s'applique également aux changements de destination des locaux agricoles. Elle est due par le bénéficiaire de l'autorisation de construire ou d'aménager ou par le responsable d'une construction illégale. \n Le montant de la taxe est calculé en fonction de la valeur forfaitaire selon la formule suivante : (surface taxable x valeur forfaitaire x taux communal ou intercommunal) + (surface taxable x valeur forfaitaire x taux départemental) La calcul du montant de la taxe d'aménagement dépend de la nature du projet. Attention : le simulateur n'est pas à jour pour les taux applicables en 2020.\n\nAménagements et installations\nLes aménagements ou installations sont soumis à la taxe d’aménagement sur  la base d'une assiette forfaitaire par emplacement .\nType d'aménagement ou d'installation\nValeur forfaitaire\nEmplacement de tente, caravane et résidence mobile de loisirs sur un terrain de camping ou une aire naturelle de camping\n\n 3 000 €  par emplacement\n\n Habitation légère de loisirs \n\n\n 10 000 €  par emplacement\nPiscine\n\n 200 €  par m²\nÉolienne de plus de 12 m\n\n 3 000 €  par éolienne\nPanneau photovoltaïque  fixé au sol\n\n 10 €  par m² de surface de panneau\nAire de stationnement extérieure\nDe  2 000 €  à  5 000 €  par emplacement (selon la délibération de la collectivité territoriale).\nLes panneaux solaires thermiques, qui produisent de la chaleur, et les aires de stationnement destinées aux 2 roues ne sont pas taxés.",
    "link": "https://www.service-public.fr/particuliers/vosdroits/F23263",
    "name": "F23263--cas-genera-eneral-11--calcul-de--gement-31--amenagemen-ations-29.json",
    "arborescence": {
        "theme": "Logement",
        "sous_theme": "Urbanisme",
        "dossier": "Autorisations d'urbanisme",
        "sous_dossier": "",
        "fiche": "Taxe d'aménagement (TA)",
        "id": "F23263"
    }
}