{
    "text": "Crédit à la consommation : assurance de l'emprunteur : L'assurance emprunteur n'est pas obligatoire pour un crédit à la consommation. Néanmoins, le prêteur peut vous obliger à la prendre avant de vous accorder le crédit. Cette assurance vous protège contre pour les risques financiers liés au décès et à l'invalidité. Si vous avez des difficultés à trouver une assurance à cause de problèmes de santé graves, vous pouvez avoir recours à la convention Aeras . Conclusion et résiliation du contrat: Assurance obligatoire Si l'assurance emprunteur a été une condition d'octroi du crédit, vous ne pouvez pas la résilier, sauf si l'organisme prêteur est d'accord.",
    "text_reader": "\n L'assurance emprunteur n'est pas obligatoire pour un crédit  à la consommation. Néanmoins,  le prêteur peut vous obliger à la prendre avant de vous accorder le crédit. Cette assurance vous protège contre  pour  les risques financiers liés au décès et à l'invalidité. Si vous avez des difficultés à trouver une assurance à cause de  problèmes de santé graves, vous pouvez avoir recours à la   convention  Aeras . \n Assurance obligatoire\nSi l'assurance emprunteur a été une condition d'octroi du crédit, vous ne pouvez pas la résilier, sauf si l'organisme prêteur est d'accord.",
    "link": "https://www.service-public.fr/particuliers/vosdroits/F2457",
    "name": "F2457--conclusion-ontrat-36--assurance--atoire-21.json",
    "arborescence": {
        "theme": "Argent",
        "sous_theme": "Crédit et surendettement",
        "dossier": "Crédit à la consommation",
        "sous_dossier": "Gestion du crédit",
        "fiche": "Assurance emprunteur",
        "id": "F2457"
    }
}