{
    "text": "Faire appel devant la cour administrative d'appel (CAA) : Si vous contestez une décision rendue par un tribunal administratif, vous pouvez faire appel devant une cour administrative d'appel (CAA). Dans la plupart des cas, le délai de recours est de 2 mois. L'assistance d'un avocat est obligatoire sauf cas particulier. La procédure est gratuite, mais peut entraîner certains frais. La décision du juge vous est notifiée après l'audience. Vous pouvez la contester par un recours en opposition ou en cassation devant le Conseil d’État. Démarche: La requête doit être signée et indiquer vos nom, prénom et adresse complète. Elle doit préciser les points suivants : Objet de la demande (par exemple, annulation d'une décision, demande d'indemnités, etc.) Exposé des faits Arguments montrant le bien fondé de votre demande. Vous devez joindre à votre requête les documents suivants : Copie de la décision contestée Copies des pièces justificatives utiles pour résoudre le litige si vous êtes représenté par un avocat, il doit utiliser l'application Télérecours pour transmette votre requête. Sur place La requête peut être déposée auprès du greffe de la cour administrative d'appel. Consultez le courrier accompagnant la notification de la décision rendue par le tribunal administratif pour savoir à quelle cour administrative d'appel vous devez vous adresser.",
    "text_reader": "\n Si vous contestez une décision rendue par un tribunal administratif, vous pouvez faire appel devant une cour administrative d'appel (CAA). Dans la plupart des cas, le délai de recours est de 2 mois. L'assistance d'un avocat est obligatoire sauf cas particulier. La procédure est gratuite, mais peut entraîner certains frais. La décision du juge vous est  notifiée  après l'audience. Vous pouvez la contester par un recours en opposition ou en cassation devant le Conseil d’État. \n La  requête  doit être signée et indiquer vos nom, prénom et adresse complète. Elle doit préciser les points suivants : Objet de la demande (par exemple, annulation d'une décision, demande d'indemnités, etc.) Exposé des faits Arguments montrant le bien fondé de votre demande. Vous devez joindre à votre requête les documents suivants : Copie de la décision contestée Copies des pièces justificatives utiles pour résoudre le litige si vous êtes représenté par un avocat, il doit utiliser l'application  Télérecours    pour transmette votre requête.\n\nSur place\nLa  requête  peut être déposée auprès du  greffe  de la cour administrative d'appel.\nConsultez le courrier accompagnant la  notification  de la décision rendue par le tribunal administratif pour savoir à quelle cour administrative d'appel vous devez vous adresser.",
    "link": "https://www.service-public.fr/particuliers/vosdroits/F2494",
    "name": "F2494--demarche-marche-8--sur-place--place-9.json",
    "arborescence": {
        "theme": "Papiers - Citoyenneté",
        "sous_theme": "Relations avec l'administration",
        "dossier": "Agir en justice contre l'administration",
        "sous_dossier": "Voies de recours",
        "fiche": "Appel devant la cour administrative d'appel",
        "id": "F2494"
    }
}