{
    "text": "Prostitution, proxénétisme, tourisme sexuel : La loi française interdit le recours aux services d'une personne qui se prostitue. Le fait d'inciter une personne à se prostituer ou de tirer profit de la prostitution d'un tiers est également interdit. Ces faits sont sanctionnés pénalement et peuvent donner lieu à des poursuites judiciaires en France, même s'ils ont été commis à l'étranger (cas de tourisme sexuel). Les sanctions sont plus sévères lorsque la personne qui se prostitue est mineure. Prostitué mineur: Protection du mineur: Suite au signalement, et sans attendre toute enquête judiciaire, le juge des enfants peut prendre des mesures nécessaires pour protéger la victime. Le juge peut être saisi par le mineur lui-même, son responsable (père, mère ou tuteur) ou le procureur de la République Le juge prend immédiatement les mesures d'urgence qui s'imposent. Il décide ainsi souvent de placer le mineur , c'est-à-dire de le confier au service d'aide sociale à l'enfance. ",
    "text_reader": "\n La loi française interdit le recours  aux services d'une   personne qui se prostitue. Le fait d'inciter une personne à se prostituer ou de tirer profit de la prostitution d'un tiers est  également interdit. Ces faits sont  sanctionnés pénalement et  peuvent donner lieu à des poursuites judiciaires en France, même s'ils ont été commis à l'étranger (cas de tourisme sexuel). Les sanctions sont plus sévères lorsque la personne qui se prostitue est mineure. \n Suite au signalement, et sans attendre toute enquête judiciaire, le juge des enfants peut prendre des mesures nécessaires pour protéger la victime. Le juge peut être saisi par le mineur lui-même, son responsable (père,  mère ou  tuteur) ou le  procureur de la République   Le juge prend immédiatement les mesures d'urgence qui s'imposent. Il décide ainsi souvent de  placer le mineur , c'est-à-dire de le confier au service d'aide sociale à l'enfance.\n\n",
    "link": "https://www.service-public.fr/particuliers/vosdroits/F2532",
    "name": "F2532--prostitue--mineur-16--protection-mineur-20.json",
    "arborescence": {
        "theme": "Justice",
        "sous_theme": "Infractions",
        "dossier": "Violence - Atteinte à l'intégrité",
        "sous_dossier": "",
        "fiche": "Prostitution, proxénétisme, tourisme sexuel",
        "id": "F2532"
    }
}