{
    "text": "Litige avec l'administration : référé-suspension : Le référé-suspension est une procédure d'urgence. Vous pouvez l'utiliser pour demander au juge d'empêcher l'exécution immédiate d'une décision administrative que vous trouvez illégale. Le jugement prononcé en urgence est provisoire, en attendant que l'affaire soit tranchée par le jugement au fond. La demande de référé-suspension doit être adressée au tribunal administratif. Il n'est pas obligatoire d'avoir recours à un avocat. Le juge se prononce entre quelques jours et un mois. De quoi s'agit-il ?: Le référé-suspension permet d'obtenir la suspension de l'exécution d'une décision prise par l'administration et qui vous est défavorable. Interdiction d'un spectacle ou d'une manifestation Fermeture administrative d'un établissement Ordre de quitter le territoire pour un étranger La décision sur le référé-suspension est prise par le juge des référés. Son effet cesse lorsque le juge s'est prononcé sur le fond. ",
    "text_reader": "\n Le   référé-suspension est une procédure d'urgence.  Vous   pouvez l'utiliser pour  demander au  juge  d'empêcher l'exécution immédiate d'une  décision administrative que  vous trouvez  illégale. Le jugement prononcé en urgence  est provisoire, en attendant que l'affaire soit tranchée par le jugement au fond.  La demande de  référé-suspension doit être  adressée au tribunal administratif. Il n'est pas obligatoire d'avoir recours à un avocat.  Le juge se prononce entre  quelques jours et un mois. \n Le référé-suspension permet d'obtenir la suspension de l'exécution d'une décision prise par l'administration et qui vous est défavorable. Interdiction d'un spectacle ou d'une manifestation Fermeture administrative d'un établissement Ordre de quitter le territoire pour un étranger La décision sur le référé-suspension est prise par le juge des référés. Son effet cesse lorsque le juge s'est prononcé sur le fond.\n\n",
    "link": "https://www.service-public.fr/particuliers/vosdroits/F2549",
    "name": "F2549--de-quoi-sa-git-il-19.json",
    "arborescence": {
        "theme": "Papiers - Citoyenneté",
        "sous_theme": "Relations avec l'administration",
        "dossier": "Agir en justice contre l'administration",
        "sous_dossier": "Procédures d'urgence et autres référés",
        "fiche": "Référé suspension",
        "id": "F2549"
    }
}