{
    "text": "Logement social (HLM) : le bailleur peut-il résilier le bail ? : La durée d'un bail pour un logement social est fixée pour une durée indéterminée. Mais ce bail peut être résilié par le bailleur, en cas de non respect de certaines règles ou conditions. Autres cas: Logement cédé Il est interdit de céder (gratuitement ou non) son logement. Si vous ne respectez pas cette interdiction, le juge peut résilier votre bail à la demande du bailleur.",
    "text_reader": "\n La durée d'un bail pour un logement social est fixée pour une durée indéterminée. Mais ce bail peut être résilié par le bailleur, en cas de non respect de certaines règles ou conditions. \n Logement cédé\nIl est interdit de céder (gratuitement ou non) son logement.\n Si vous ne respectez pas cette interdiction, le juge peut résilier votre bail à la demande du bailleur.",
    "link": "https://www.service-public.fr/particuliers/vosdroits/F2559",
    "name": "F2559--autres-cas-es-cas-10--logement-c-t-cede-13.json",
    "arborescence": {
        "theme": "Logement",
        "sous_theme": "Location immobilière",
        "dossier": "Location immobilière : fin du bail",
        "sous_dossier": "",
        "fiche": "Logement social (HLM) : le bailleur peut-il résilier le bail ?",
        "id": "F2559"
    }
}