{
    "text": "Syndic de copropriété : Chaque copropriété doit avoir un syndic pour l'administrer et gérer les finances de la copropriété. Le syndic peut être un professionnel ou un non professionnel choisi parmi les copropriétaires. La durée maximale du mandat du syndic est de 3 ans (ou 1 an dans certains cas). Cette durée est renouvelable. Il est possible de mettre fin au mandat en cours du syndic. Syndic professionnel: Missions: Le syndic est le représentant légal du syndicat de copropriétaires . À ce titre, il gère les finances et l'administration de la copropriété. Pour cela, il doit veiller au maintien en bon état d'usage et de jouissance de toutes les parties communes de l'immeuble et de ses équipements. Documents concernant le lot d'un copropriétaire Le syndic doit au minimum mettre à disposition les documents suivants : Compte individuel du copropriétaire après approbation des comptes du syndicat par l'AG annuelle Montant des charges courantes du budget prévisionnel et charges hors budget prévisionnel des 2 derniers exercices comptables clos payées par le copropriétaire Montant de la part du fonds de travaux rattachée au lot du copropriétaire après approbation des comptes du syndicat par l'AG annuelle Avis d'appel de fonds adressés au copropriétaire sur les 3 dernières années",
    "text_reader": "\n Chaque copropriété doit avoir un syndic pour l'administrer et gérer les finances de la copropriété. Le syndic peut être un professionnel ou un non professionnel choisi parmi les copropriétaires. La durée maximale du mandat du syndic est de 3 ans (ou 1 an dans certains cas). Cette durée est renouvelable. Il est possible de mettre fin au mandat en cours du syndic. \n Le syndic est le représentant légal du  syndicat de copropriétaires . À ce titre, il gère les finances et l'administration de la copropriété. Pour cela, il doit veiller au maintien en bon état d'usage et de jouissance de toutes les  parties communes  de l'immeuble et de ses équipements.\n\nDocuments concernant le lot d'un copropriétaire\nLe syndic doit au minimum mettre à disposition les documents suivants :\nCompte individuel du copropriétaire après approbation des comptes du syndicat par l'AG annuelle\nMontant des charges courantes du budget prévisionnel et charges hors budget prévisionnel des 2 derniers exercices comptables clos payées par le copropriétaire\nMontant de la part du fonds de travaux rattachée au lot du copropriétaire après approbation des comptes du syndicat par l'AG annuelle\nAvis d'appel de fonds adressés au copropriétaire sur les 3 dernières années",
    "link": "https://www.service-public.fr/particuliers/vosdroits/F2608",
    "name": "F2608--syndic-pro-ionnel-20--missions-ssions-8--documents--etaire-47.json",
    "arborescence": {
        "theme": "Logement",
        "sous_theme": "Copropriété",
        "dossier": "Acteurs de la copropriété (organisation juridique)",
        "sous_dossier": "",
        "fiche": "Syndic de copropriété",
        "id": "F2608"
    }
}