{
    "text": "Accident de la route : indemnisation des victimes de dommages corporels : La victime d'un accident de la route, qu'elle soit passager, cycliste ou piéton, a droit à une indemnisation. Elle devra pour cela effectuer certaines démarches. En revanche, l'indemnisation du conducteur n'est pas automatique. Elle dépend de son niveau de responsabilité dans l'accident et des garanties souscrites dans le contrat d'assurance automobile. Proposition d'indemnisation: Votre assureur vous envoie une offre que vous pouvez accepter ou refuser. Si vous acceptez l'offre L'assurance doit vous faire parvenir le règlement 45 jours calendaires après votre acceptation. même si vous avez accepté l'offre de l'assureur, vous disposez encore d'un délai de 15 jours calendaires (à partir de votre acceptation) pour vous rétracter.",
    "text_reader": "\n La victime d'un accident de la route, qu'elle soit passager, cycliste ou piéton,  a droit à une  indemnisation. Elle devra pour cela effectuer certaines démarches.\n\t\tEn revanche, l'indemnisation du conducteur n'est pas automatique. Elle  dépend de son niveau de  responsabilité dans l'accident et des garanties  souscrites dans le contrat d'assurance automobile. \n Votre assureur vous envoie une offre que vous pouvez accepter ou refuser.\n\nSi vous acceptez l'offre\nL'assurance doit vous faire parvenir le règlement  45   jours calendaires  après votre acceptation.\nmême si vous avez accepté l'offre de l'assureur, vous disposez encore d'un délai de  15  jours calendaires (à partir  de votre acceptation) pour vous rétracter.",
    "link": "https://www.service-public.fr/particuliers/vosdroits/F2677",
    "name": "F2677--propositio-sation-27--si-vous-ac-loffre-24.json",
    "arborescence": {
        "theme": "Argent",
        "sous_theme": "Assurance",
        "dossier": "Assurance automobile (véhicule)",
        "sous_dossier": "Indemnisation du sinistre",
        "fiche": "Dommages corporels",
        "id": "F2677"
    }
}