{
    "text": "Document de circulation pour étranger mineur (DCEM) : Un mineur étranger résidant en France, n'est pas soumis à l'obligation de détenir un titre de séjour. Toutefois, pour faciliter ses déplacements hors de France, il peut obtenir un document de circulation pour étranger mineur (DCEM). La personne qui exerce l'autorité parentale sur l'enfant doit en faire la demande en préfecture en fournissant certains justificatifs. Le document est valable pendant une durée de 5 ans, renouvelable. Le titre d'identité républicaine a été supprimé. Autre situation: Remise du DCEM: Le demandeur du titre doit venir le retirer accompagné de l'enfant bénéficiaire . si la préfecture ou la sous-préfecture n'a pas répondu dans un délai de 2 mois, la demande de DCEM est refusée. ",
    "text_reader": "\n Un mineur étranger résidant en France, n'est pas soumis à l'obligation de détenir un titre de séjour.\n\t\t\tToutefois, pour  faciliter ses déplacements hors de France, il peut obtenir un document de circulation pour étranger mineur (DCEM).\n\t\t\t La personne qui exerce l'autorité parentale sur l'enfant doit en faire la demande en préfecture en fournissant certains justificatifs. Le document est valable pendant une durée de 5 ans,  renouvelable. Le titre d'identité républicaine a été supprimé. \n Le demandeur du titre doit venir le retirer  accompagné de l'enfant bénéficiaire . si la préfecture ou la sous-préfecture n'a pas répondu dans un délai de 2 mois, la demande de DCEM est refusée.\n\n",
    "link": "https://www.service-public.fr/particuliers/vosdroits/F2718",
    "name": "F2718--autre-situ-uation-15--remise-du--u-dcem-14.json",
    "arborescence": {
        "theme": "Étranger",
        "sous_theme": "Étranger en France",
        "dossier": "Titres, carte de séjour et documents de circulation pour étranger en France",
        "sous_dossier": "Document de circulation pour mineur étranger",
        "fiche": "Document de circulation pour mineur étranger",
        "id": "F2718"
    }
}