{
    "text": "Contrat d'apprentissage : Le contrat d'apprentissage est un contrat de travail écrit à durée limitée (CDL) ou à durée indéterminée (CDI) entre un salarié et un employeur. Il permet à l'apprenti de suivre une formation en alternance en entreprise sous la responsabilité d'un maître d'apprentissage et en centre de formation des apprentis (CFA) pendant 6 mois à 3 ans. Contrat conclu à partir de 2019 jusqu'au 31 mars 2020: Rémunération: Avec un employeur différent Si l'apprenti conclut un nouveau contrat d'apprentissage, sa rémunération est au minimum celle à laquelle il pouvait prétendre lors de la dernière année d'exécution du précédent contrat. Les pourcentages de rémunérations en fonction de l'âge restent applicables s'ils sont plus favorables.",
    "text_reader": "\n Le contrat d'apprentissage est un contrat de travail écrit à durée limitée (CDL) ou à durée indéterminée (CDI) entre un salarié et un employeur. Il permet à l'apprenti de suivre une formation en alternance en entreprise sous la responsabilité d'un maître d'apprentissage et en centre de formation des apprentis (CFA) pendant 6 mois à 3 ans. \n Avec un employeur différent\nSi l'apprenti conclut un nouveau contrat d'apprentissage, sa rémunération est au minimum celle à laquelle il pouvait prétendre lors de la dernière année d'exécution du précédent contrat.\nLes pourcentages de rémunérations en fonction de l'âge restent applicables s'ils sont plus favorables.",
    "link": "https://www.service-public.fr/particuliers/vosdroits/F2918",
    "name": "F2918--contrat-co-s-2020-53--remunerati-ration-12--avec-un-em-ferent-27.json",
    "arborescence": {
        "theme": "Travail",
        "sous_theme": "Contrats et carrière",
        "dossier": "Alternance",
        "sous_dossier": "",
        "fiche": "Contrat d'apprentissage",
        "id": "F2918"
    }
}