{
    "text": "Allocation d'aide au retour à l'emploi formation (Aref) : Si vous suivez une formation validée par Pôle emploi, vous pouvez bénéficier durant cette formation de l'aide au retour à l'emploi formation (Aref). Durée de versement: La durée de versement de l'Aref ne peut pas dépasser la durée des droits restant à l'ARE. Si la durée de votre formation dépasse la durée de vos droits ARE, vous pouvez bénéficier sous certaines conditions, de la rémunération de fin de formation (R2F) . Si vous ne remplissez pas les conditions pour bénéficier de la R2F, vous pouvez poursuivre la formation jusqu'à sa fin en conservant le statut de stagiaire de la formation professionnelle non rémunéré. ",
    "text_reader": "\n Si vous suivez  une formation validée par Pôle emploi, vous pouvez bénéficier durant cette formation de l'aide au retour à l'emploi formation (Aref). \n La durée de versement de l'Aref ne peut pas dépasser la durée des droits restant à l'ARE. Si la durée de votre formation dépasse la durée de vos droits ARE, vous pouvez bénéficier sous certaines conditions,  de la  rémunération de fin de formation (R2F) . Si vous ne remplissez pas les conditions pour bénéficier de la R2F, vous pouvez poursuivre la formation jusqu'à sa fin en conservant le statut de stagiaire de la formation professionnelle non rémunéré.\n\n",
    "link": "https://www.service-public.fr/particuliers/vosdroits/F291",
    "name": "F291--duree-de-v-sement-18.json",
    "arborescence": {
        "theme": "Social - Santé",
        "sous_theme": "Chômage",
        "dossier": "Chômage : aides à la formation",
        "sous_dossier": "",
        "fiche": "Allocation d'aide au retour à l'emploi formation (Aref)",
        "id": "F291"
    }
}