{
    "text": "Congé de formation professionnelle dans la fonction publique d'État (FPE) : L'agent de la fonction publique d’État qui souhaite se former pour satisfaire un projet professionnel ou personnel peut, sous certaines conditions, bénéficier d'un congé de formation professionnelle. Ce congé d'une durée maximale de 3 ans est rémunéré pendant 12 mois. Fin du congé: Titulaire Vous reprenez votre service à la fin du congé de formation professionnelle, ou au cours de celui-ci si vous avez demandé à en interrompre le déroulement.",
    "text_reader": "\n L'agent de la fonction publique d’État qui souhaite se former pour satisfaire un projet professionnel ou personnel peut, sous certaines conditions, bénéficier d'un congé de formation professionnelle.\n\t\t\n\t\t\tCe congé d'une durée maximale de 3 ans est rémunéré pendant 12 mois. \n Titulaire\nVous reprenez votre service à la fin du congé de formation professionnelle, ou au cours de celui-ci si vous avez demandé à en interrompre le déroulement.",
    "link": "https://www.service-public.fr/particuliers/vosdroits/F3026",
    "name": "F3026--fin-du-con--conge-12--titulaire-ulaire-9.json",
    "arborescence": {
        "theme": "Travail",
        "sous_theme": "Formation",
        "dossier": "Formation professionnelle dans la fonction publique",
        "sous_dossier": "Fonction publique d'État (FPE)",
        "fiche": "Congé de formation professionnelle",
        "id": "F3026"
    }
}