{
    "text": "Demander un délai de paiement pour payer ses impôts : Vous pouvez demander un délai supplémentaire de paiement de votre impôt sur le revenu et impôts locaux si vous rencontrez des difficultés financières. Impôt sur le revenu: Si vous avez des difficultés financières, vous pouvez demander un délai pour payer vos impôts. Par courrier Vous devez remplir le formulaire n°4805-SD : Adressez-le à votre centre : Joignez votre avis d'impôt, ainsi qu'un Rib .",
    "text_reader": "\n Vous pouvez demander un délai supplémentaire de paiement de votre impôt sur le revenu et impôts locaux si vous rencontrez des difficultés financières. \n Si vous avez des difficultés financières, vous pouvez demander un délai pour payer vos impôts.\n\nPar courrier\nVous devez remplir le formulaire n°4805-SD :\nAdressez-le à votre centre :\nJoignez votre avis d'impôt, ainsi qu'un  Rib .",
    "link": "https://www.service-public.fr/particuliers/vosdroits/F3124",
    "name": "F3124--impot-sur--revenu-19--par-courri-urrier-12.json",
    "arborescence": {
        "theme": "Argent",
        "sous_theme": "Impôts, taxes et douane",
        "dossier": "Saisir l'administration fiscale (difficultés de paiement, réclamation, ...)",
        "sous_dossier": "",
        "fiche": "Demander un délai de paiement pour payer ses impôts ",
        "id": "F3124"
    }
}