{
    "text": "Surveillance médicale d'un agent public : Lors de son recrutement, l'agent passe un examen médical auprès d'un médecin généraliste agréé pour vérifier son aptitude générale à exercer un emploi public. Durant sa carrière, il passe régulièrement des examens auprès du médecin du travail pour vérifier la compatibilité de son état de santé avec son emploi. À son départ de la fonction publique, il bénéfice d'un suivi médical post-professionnel, s'il a été exposé à un agent pouvant provoquer des maladies graves. Fonction publique territoriale: Suivi médical post-professionnel: L'agent qui quitte définitivement la fonction publique peut avoir droit à un suivi médical post-professionnel. C'est le cas s'il a été exposé, dans le cadre de ses fonctions, à un agent cancérogène, mutagène (c'est-à-dire susceptible de provoquer l'apparition de mutations génétiques) ou toxique pour la reproduction. Cela vaut en cas de démission, de départ en retraite, etc. Ce suivi médical est pris en charge par la dernière collectivité territoriale au sein de laquelle l'agent a été exposé. Si cette collectivité ne peut pas être identifiée, le suivi médical est pris en charge par la collectivité dont l'agent relève au moment de la cessation définitive de ses fonctions. L‘agent est informé de son droit par sa collectivité au moment où il cesse définitivement ses fonctions. L'administration lui délivre à cet effet une attestation d'exposition à un risque cancérogène, mutagène et toxique pour la reproduction établie, après avis du médecin du travail. ",
    "text_reader": "\n Lors de son recrutement, l'agent passe un examen médical auprès d'un médecin généraliste agréé pour vérifier son aptitude générale à exercer un emploi public. Durant sa carrière, il passe régulièrement des examens auprès du médecin du travail pour vérifier la compatibilité de son état de santé avec son emploi. À son départ de la fonction publique, il bénéfice d'un suivi médical post-professionnel, s'il a été exposé à un agent pouvant provoquer des maladies graves. \n L'agent qui quitte définitivement la fonction publique peut avoir droit à un suivi médical post-professionnel. C'est le cas s'il a été exposé, dans le cadre de ses fonctions, à un agent cancérogène, mutagène (c'est-à-dire susceptible de provoquer l'apparition de mutations génétiques) ou toxique pour la reproduction. Cela vaut en cas de démission, de départ en retraite, etc. Ce suivi médical est pris en charge  par la dernière collectivité territoriale au sein de laquelle l'agent a été exposé. Si cette collectivité ne peut pas être identifiée, le suivi médical est pris en charge par la collectivité dont l'agent relève au moment de la cessation définitive de ses fonctions. L‘agent est informé de son droit par sa collectivité au moment où il cesse définitivement ses fonctions. L'administration lui délivre à cet effet une attestation d'exposition à un risque cancérogène, mutagène et toxique pour la reproduction établie, après avis du médecin du travail.\n\n",
    "link": "https://www.service-public.fr/particuliers/vosdroits/F31472",
    "name": "F31472--fonction-p-oriale-30--suivi-medi-ionnel-32.json",
    "arborescence": {
        "theme": "Travail",
        "sous_theme": "Santé, sécurité et conditions de travail",
        "dossier": "Conditions de travail dans la fonction publique",
        "sous_dossier": "Droit des agents publics",
        "fiche": "Surveillance médicale des agents",
        "id": "F31472"
    }
}