{
    "text": "Peut-on exercer une profession paramédicale en France avec un diplôme étranger ? : Pour exercer ces professions réglementées , vous devez posséder les diplômes, certificats ou titres correspondants. Selon votre nationalité et le pays de délivrance de votre diplôme, vous pouvez soit exercer en France sous conditions, soit reprendre des études pour obtenir un diplôme français. Avec un diplôme européen: Si vous êtes européen , détenez un diplôme européen et comptez exercer en France, 2 régimes existent. Vous devez : soit obtenir une autorisation d'exercer en cas d'installation (sauf exception), soit faire une déclaration en cas d’exercice occasionnel. Professions concernées : Aide-soignant Ambulancier Audioprothésiste Auxiliaire de puériculture Conseiller en génétique Diététicien Ergothérapeute Infirmier Manipulateur en électroradiologie médicale Masseur-kinésithérapeute Opticien-lunetier Orthophoniste Orthoptiste Pédicure-podologue Préparateur en pharmacie et préparateur en pharmacie hospitalière Prothésistes et orthésistes pour l'appareillage des handicapés (orthoprothésiste, podo-orthésiste, oculariste, épithésiste, orthopédiste-orthésiste) Psychomotricien Radiophysicien Technicien de laboratoire médical Infirmier Vous devez vous adresser à l'ordre national des infirmiers.",
    "text_reader": "\n Pour exercer ces  professions réglementées , vous devez posséder les diplômes, certificats ou titres correspondants. Selon votre nationalité et le pays de délivrance de votre diplôme, vous pouvez soit exercer en France sous conditions, soit reprendre des études pour obtenir un diplôme français. \n Si vous êtes  européen , détenez un diplôme européen et comptez  exercer en France, 2 régimes existent. Vous devez : soit obtenir une autorisation d'exercer en cas d'installation (sauf exception), soit faire une déclaration en cas d’exercice occasionnel.   Professions concernées :   Aide-soignant Ambulancier Audioprothésiste Auxiliaire de puériculture Conseiller en génétique Diététicien Ergothérapeute Infirmier Manipulateur en électroradiologie médicale Masseur-kinésithérapeute Opticien-lunetier Orthophoniste Orthoptiste Pédicure-podologue Préparateur en pharmacie et préparateur en pharmacie hospitalière Prothésistes et orthésistes pour l'appareillage des  handicapés (orthoprothésiste, podo-orthésiste, oculariste, épithésiste, orthopédiste-orthésiste) Psychomotricien Radiophysicien Technicien de laboratoire médical\n\nInfirmier\nVous devez vous adresser à l'ordre national des infirmiers.",
    "link": "https://www.service-public.fr/particuliers/vosdroits/F3141",
    "name": "F3141--avec-un-di-ropeen-24--infirmier-irmier-9.json",
    "arborescence": {
        "theme": "Étranger",
        "sous_theme": "Étranger en France",
        "dossier": "Entrée d'un étranger en France",
        "sous_dossier": "Autre",
        "fiche": "Peut-on exercer une profession paramédicale en France avec un diplôme étranger ?",
        "id": "F3141"
    }
}