{
    "text": "Adoption plénière par un couple : Un couple peut adopter un enfant par adoption plénière sous certaines conditions. La procédure se déroule devant le tribunal judiciaire. L'adoption produit des effets, notamment en matière de filiation, d'autorité parentale et d'obligation alimentaire. Procédure: Placement de l'enfant à votre foyer Une fois obtenu l'agrément , l'enfant est placé chez vous pendant au moins 6 mois. C'est seulement après le placement de l'enfant, que vous devez présenter votre demande sur papier libre, ou à l'aide du formulaire cerfa n°15736*03, au procureur de la République. La demande est à déposer ou à envoyer par lettre recommandée avec accusé de réception au tribunal judiciaire de votre lieu de résidence. Vous pouvez formuler la requête dès que l'enfant vous est confié ,mais elle ne peut pas être examinée avant un délai de 6 mois. Le recours à un avocat est obligatoire si l'adopté a été recueilli au foyer après ses 15 ans. Après examen, le juge notifie au couple sa décision. Vous pouvez contester la décision devant la cour d'appel .",
    "text_reader": "\n Un couple peut adopter un enfant  par adoption plénière sous certaines conditions. La procédure se déroule devant le tribunal judiciaire. L'adoption produit des effets, notamment en matière de filiation, d'autorité parentale et d'obligation alimentaire. \n Procédure\nPlacement de l'enfant à votre foyer\nUne fois obtenu  l'agrément , l'enfant est placé chez vous  pendant au moins 6 mois.\nC'est seulement après le placement de l'enfant,  que vous devez présenter votre demande sur papier libre, ou à l'aide du formulaire cerfa n°15736*03, au procureur de la République. La demande est à déposer ou à envoyer par lettre recommandée avec accusé de réception au tribunal judiciaire de votre lieu de résidence.\nVous pouvez formuler la requête dès que l'enfant vous est confié ,mais elle ne peut pas être  examinée avant un délai de 6 mois.\nLe recours à un avocat est obligatoire si l'adopté a été recueilli au foyer après ses 15 ans.\nAprès examen, le juge  notifie  au couple sa décision. Vous pouvez   contester la décision  devant la  cour d'appel .",
    "link": "https://www.service-public.fr/particuliers/vosdroits/F3151",
    "name": "F3151--procedure-cedure-9.json",
    "arborescence": {
        "theme": "Famille",
        "sous_theme": "Enfant",
        "dossier": "Adoption",
        "sous_dossier": "Adoption par un couple marié",
        "fiche": "Adoption plénière",
        "id": "F3151"
    }
}