{
    "text": "Comment payer ses impôts locaux ? : Vous pouvez choisir le mode de paiement de vos taxes foncières, taxe d'habitation et contribution à l'audiovisuel public. Cependant, lorsque le montant de votre impôt dépasse 300 € , vous devez payer directement en ligne ou par prélèvements automatiques. Impôt de 300 à 1000 €: Par messagerie: Via votre messagerie sécurisée sur votre compte personnel ",
    "text_reader": "\n Vous pouvez choisir le mode de paiement de vos taxes foncières, taxe d'habitation et contribution à l'audiovisuel public. Cependant, lorsque le montant de votre impôt dépasse  300 € , vous devez payer directement en ligne ou par prélèvements automatiques. \n  \t\t\tVia votre  messagerie sécurisée sur votre compte personnel  \n\n",
    "link": "https://www.service-public.fr/particuliers/vosdroits/F31686",
    "name": "F31686--impot-de-3-a-1000-21--par-messag-agerie-14.json",
    "arborescence": {
        "theme": "Argent",
        "sous_theme": "Impôts, taxes et douane",
        "dossier": "Impôts locaux",
        "sous_dossier": "",
        "fiche": "Comment payer ses impôts locaux ?",
        "id": "F31686"
    }
}