{
    "text": "Combien d'heures un salarié peut-il travailler en continu ? : Secteur des transports Des dispositions conventionnelles peuvent prévoir des conditions spécifiques applicables dans ce secteur. Ces dispositions peuvent prévoir notamment le remplacement de la période de pause par une période équivalente de repos compensateur attribuée, au plus tard, avant la fin de la journée suivante.",
    "text_reader": "Secteur des transports\nDes  dispositions conventionnelles  peuvent prévoir des conditions spécifiques applicables dans ce secteur.\nCes dispositions  peuvent prévoir notamment le remplacement de la période de pause par une période équivalente  de repos compensateur attribuée, au plus tard, avant la fin de la journée suivante.",
    "link": "https://www.service-public.fr/particuliers/vosdroits/F316",
    "name": "F316--secteur-de-sports-22.json",
    "arborescence": {
        "theme": "Travail",
        "sous_theme": "Temps de travail",
        "dossier": "Temps de travail dans le secteur privé",
        "sous_dossier": "Autre",
        "fiche": "Combien d'heures un salarié peut-il travailler en continu ?",
        "id": "F316"
    }
}