{
    "text": "Prud'hommes : qu'est-ce que l'indemnité forfaitaire de conciliation ? : Lorsque le salarié conteste son licenciement au conseil de prud'hommes (CPH) , il peut mettre fin au litige dès la procédure de conciliation, en accord avec l'entreprise qui l'a licencié. Le salarié licencié perçoit alors une somme appelée indemnité forfaitaire de conciliation . Le montant de cette indemnité est calculé à partir de la rémunération brute perçue par le salarié. Il est fixé en tenant d'un compte d'un barème, établi dans les conditions suivantes : Ancienneté du salarié Montant de l'indemnité Inférieure à 1 an 2 mois de salaire Entre 1 an et moins de 8 ans 3 mois de salaire pour 1 an, auxquels s'ajoutent 1 mois supplémentaire par année d'ancienneté Entre 8 ans et moins de 12 ans 10 mois de salaire Entre 12 ans et moins de 15 ans 12 mois de salaire Entre 15 ans et moins de 19 ans 14 mois de salaire Entre 19 ans et moins de 23 ans 16 mois de salaire Entre 23 ans et moins de 26 ans 18 mois de salaire Entre 26 ans et moins de 30 ans 20 mois de salaire 30 ans ou plus 24 mois de salaire Ce barème s'applique uniquement si le litige porte sur le licenciement du salarié. Il ne s'applique pas en cas de renvoi de l'audience devant le bureau de jugement du CPH, en l'absence d'accord entre les parties. l'indemnité forfaitaire de conciliation s'ajoute aux indemnités dues au salarié ( indemnité de licenciement , indemnités compensatrices de congés payés et de préavis , indemnité contractuelle de non-concurrence ...).",
    "text_reader": "Lorsque le salarié conteste son licenciement au  conseil de prud'hommes (CPH) , il peut mettre fin au litige dès la procédure de conciliation, en accord avec l'entreprise qui l'a licencié.\nLe salarié licencié perçoit alors  une somme appelée  indemnité forfaitaire de conciliation .\nLe montant de cette indemnité est calculé à partir de la rémunération brute perçue par le salarié. Il est fixé en tenant d'un compte d'un barème, établi dans les conditions suivantes :\nAncienneté du salarié\nMontant de l'indemnité\nInférieure à 1 an\n2 mois de salaire\nEntre 1 an et moins de 8 ans\n3 mois de salaire pour 1 an, auxquels s'ajoutent 1 mois supplémentaire par année d'ancienneté\nEntre 8 ans et moins de 12 ans\n10 mois de salaire\nEntre 12 ans et moins de 15 ans\n12 mois de salaire\nEntre 15 ans et moins de 19 ans\n14 mois de salaire\nEntre 19 ans et moins de 23 ans\n16 mois de salaire\nEntre 23 ans et moins de 26 ans\n18 mois de salaire\nEntre 26 ans et moins de 30 ans\n20 mois de salaire\n30 ans ou plus\n24 mois de salaire\nCe barème  s'applique uniquement si le litige porte sur le licenciement du salarié. Il ne s'applique pas en cas de renvoi de l'audience devant le  bureau de jugement  du CPH, en l'absence d'accord entre les parties.\nl'indemnité forfaitaire de conciliation s'ajoute aux indemnités dues au salarié ( indemnité de licenciement , indemnités compensatrices de  congés payés  et de  préavis , indemnité contractuelle de  non-concurrence  ...).",
    "link": "https://www.service-public.fr/particuliers/vosdroits/F31668",
    "name": "F31668.json",
    "arborescence": {
        "theme": "Travail",
        "sous_theme": "Relations individuelles et collectives de travail",
        "dossier": "Conflits du travail dans le secteur privé",
        "sous_dossier": "Autre",
        "fiche": "Prud'hommes : qu'est-ce que l'indemnité forfaitaire de conciliation ?",
        "id": "F31668"
    }
}