{
    "text": "Congés payés d'une assistante maternelle : L'assistante maternelle (ou assistant maternel) employé(e) par un particulier a droit à des congés payés dans les mêmes conditions que tout autre salarié. Toutefois, certaines règles spécifiques sont fixées par la convention collective. Indemnité représentative de congés payés: L'année de référence court du 1 er juin de l'année précédente au 31 mai de l'année en cours. À cette date, le point sera fait sur le nombre de jours de congés acquis et la rémunération brute versée au salarié pendant l'année de référence hors indemnités (entretien, nourriture...). La rémunération brute des congés est égale : soit à la rémunération brute que le salarié aurait perçue pour une durée d'accueil égale à celle du congé payé, hors indemnités (entretien, nourriture...) soit au 1/10 de la rémunération totale brute (y compris celle versée pour les congés payés) perçue par le salarié au cours de l'année de référence, hors indemnités (entretien, nourriture...) La solution la plus avantageuse pour l'assistante maternelle sera retenue. Accueil occasionnel La rémunération des congés payés dus s'effectue selon la règle du 1/10 versée à la fin de chaque accueil.",
    "text_reader": "\n L'assistante maternelle (ou assistant maternel) employé(e) par un particulier a droit à des congés payés dans les mêmes conditions que tout autre salarié. Toutefois, certaines règles spécifiques sont fixées par la convention collective. \n L'année de référence court du 1 er  juin de l'année précédente au 31 mai de l'année en cours. À cette date, le point sera fait sur le nombre de jours de congés acquis et la rémunération brute versée au salarié pendant l'année de référence hors indemnités (entretien, nourriture...). La rémunération brute des congés est égale : soit à la rémunération brute que le salarié aurait perçue pour une durée d'accueil égale à celle du congé payé, hors indemnités (entretien, nourriture...) soit au 1/10 de la rémunération totale brute (y compris celle versée pour les congés payés) perçue par le salarié au cours de l'année de référence, hors indemnités (entretien, nourriture...) La solution  la plus avantageuse  pour l'assistante maternelle sera retenue.\n\nAccueil occasionnel\nLa rémunération des congés payés dus s'effectue selon la règle du 1/10 versée à la fin de chaque accueil.",
    "link": "https://www.service-public.fr/particuliers/vosdroits/F31655",
    "name": "F31655--indemnite---payes-40--accueil-oc-ionnel-19.json",
    "arborescence": {
        "theme": "Travail",
        "sous_theme": "Particulier employeur",
        "dossier": "Assistante maternelle",
        "sous_dossier": "",
        "fiche": "Congés",
        "id": "F31655"
    }
}