{
    "text": "Saisie administrative à tiers détenteur (SATD) : En cas d'impayés (impôts, amende, frais de cantine) à l'égard de l’administration (État, commune, hôpital, ...), vous pouvez faire l'objet d'une saisie administrative à tiers détenteur . Cette procédure permet à l'administration de se faire payer en s'adressant à un tiers qui détient des sommes vous appartenant (la banque, le plus souvent). Selon la nature des sommes que vous avez (salaire, allocations, ...), celles-ci peuvent ou non être utilisées pour rembourser vos impayés. Contester la saisie devant l'administration: Amende ou condamnation pécuniaire impayée La SATD peut être contestée par la personne faisant l'objet de la saisie ou par la personne qui doit répondre des impayés de la personne faisant l'objet de la saisie. La contestation doit porter sur le fait que l'avis est irrégulier. Par exemple, il ne mentionne par les délais et les recours possibles.",
    "text_reader": "\n En cas d'impayés (impôts, amende,  frais de cantine) à l'égard de l’administration (État, commune, hôpital, ...), vous pouvez faire l'objet d'une  saisie administrative  à tiers détenteur . Cette procédure permet à l'administration de se faire payer  en s'adressant à un tiers qui détient  des sommes vous appartenant (la banque, le plus souvent). Selon la nature des sommes que vous avez  (salaire, allocations,  ...), celles-ci peuvent ou non être utilisées pour rembourser vos impayés. \n Amende ou condamnation pécuniaire impayée\nLa SATD peut être contestée par la personne faisant l'objet de la saisie ou par  la personne qui doit répondre des impayés  de la personne faisant l'objet de la saisie.\nLa contestation doit porter sur le fait que  l'avis est  irrégulier. Par exemple, il ne mentionne par les délais et les recours possibles.",
    "link": "https://www.service-public.fr/particuliers/vosdroits/F31716",
    "name": "F31716--contester--ration-43--amende-ou--mpayee-41.json",
    "arborescence": {
        "theme": "Justice",
        "sous_theme": "Réparation du préjudice",
        "dossier": "Saisies et recouvrements",
        "sous_dossier": "Saisie d'argent",
        "fiche": "Saisie administrative à tiers détenteur (SATD)",
        "id": "F31716"
    }
}