{
    "text": "Quel est le coût de la taxe régionale pour un permis de conduire ? : La taxe régionale sur le permis de conduire, qui était à payer en Corse et dans certains départements d'outre-mer, est supprimée depuis le 1 er janvier 2020. ",
    "text_reader": "La taxe régionale sur le permis de conduire, qui était à payer en Corse et dans certains départements d'outre-mer, est  supprimée depuis le 1 er  janvier 2020. \n",
    "link": "https://www.service-public.fr/particuliers/vosdroits/F31845",
    "name": "F31845.json",
    "arborescence": {
        "theme": "Transports",
        "sous_theme": "",
        "dossier": "Permis de conduire",
        "sous_dossier": "Autre",
        "fiche": "Quel est le coût de la taxe régionale pour un permis de conduire ?",
        "id": "F31845"
    }
}