{
    "text": "Nationalité française d'un enfant recueilli : Un enfant étranger recueilli par un(e) Français(e) ou confié à l' Ase peut, sous certaines conditions, obtenir la nationalité française. Enfant de moins de 16 ans: Où déposer la déclaration ?: Vous habitez à Paris La déclaration est souscrite auprès du pôle de la nationalité française de Paris. Par courrier Tribunal de Paris Pôle de la nationalité française de Paris Parvis du Tribunal de Paris 75859 Paris cedex 17 Par téléphone afin de prendre rendez-vous 01 44 32 92 90 ou 01 44 32 92 62 De 13h à 17h.",
    "text_reader": "\n Un enfant étranger recueilli par un(e) Français(e) ou confié à l' Ase  peut, sous certaines conditions, obtenir la nationalité française. \n Vous habitez à Paris\nLa déclaration est souscrite auprès  du pôle de la nationalité française de Paris.\nPar courrier\nTribunal de Paris\nPôle de la nationalité française de Paris\nParvis du Tribunal de Paris\n75859 Paris cedex 17\nPar téléphone afin de prendre rendez-vous\n\n 01 44 32 92 90  ou  01 44 32 92 62 \n\nDe 13h à 17h.",
    "link": "https://www.service-public.fr/particuliers/vosdroits/F31919",
    "name": "F31919--enfant-de--16-ans-25--ou-deposer-ration-27--vous-habit--paris-20.json",
    "arborescence": {
        "theme": "Étranger",
        "sous_theme": "Étranger en France",
        "dossier": "Nationalité française",
        "sous_dossier": "Nationalité française d'un enfant",
        "fiche": "Enfant recueilli",
        "id": "F31919"
    }
}