{
    "text": "Diagnostic technique global (DTG) de la copropriété : Le diagnostic technique global (DTG) informe les copropriétaires sur la situation générale de l'immeuble et permet d'envisager d'éventuels travaux. Il est obligatoire pour certaines copropriétés (nouvelle copropriété et copropriété insalubre). Si le DTG démontre que des travaux sont nécessaires, le syndic doit inscrire à l'ordre du jour de l'assemblée générale la question de l'élaboration d'un plan pluriannuel de travaux et ses conditions de mise en œuvre. Immeubles concernés: Copropriété insalubre Le DTG est obligatoire pour un immeuble qui fait l'objet d'une procédure d'insalubrité et pour lequel l'administration demande au syndic de copropriété de le lui produire.",
    "text_reader": "\n Le diagnostic technique global (DTG)  informe les copropriétaires sur la situation générale de l'immeuble et permet d'envisager d'éventuels travaux. Il est obligatoire pour certaines copropriétés (nouvelle copropriété et copropriété insalubre). Si le DTG démontre que des travaux sont nécessaires, le syndic doit inscrire à l'ordre du jour de l'assemblée générale la question de l'élaboration d'un plan pluriannuel de travaux et ses conditions de mise en œuvre. \n Copropriété insalubre\nLe DTG  est obligatoire  pour un immeuble qui fait l'objet d'une  procédure d'insalubrité   et  pour lequel l'administration demande au  syndic de copropriété  de le lui produire.",
    "link": "https://www.service-public.fr/particuliers/vosdroits/F32059",
    "name": "F32059--immeubles--cernes-19--copropriet-alubre-21.json",
    "arborescence": {
        "theme": "Logement",
        "sous_theme": "Copropriété",
        "dossier": "Documents de copropriété",
        "sous_dossier": "",
        "fiche": "Diagnostic technique",
        "id": "F32059"
    }
}