{
    "text": "Don de jours de repos à un salarié parent d'enfant gravement malade ou proche aidant : Un salarié peut, sous conditions, renoncer à tout ou partie de ses jours de repos non pris au profit d'un collègue dont un enfant est gravement malade. Ce don de jours peut également être réalisé au profit d'un collègue proche aidant . Le don de jours de repos permet au salarié qui en bénéficie d'être rémunéré pendant son absence. Salarié proche aidant: Jours concernés: Le don peut porter sur tous les jours de repos non pris, à l'exception des 4 premières semaines de congés payés. Il peut donc concerner : soit les jours correspondant à la 5 e semaine de congés payés, soit les jours de repos compensateurs accordés dans le cadre d'un dispositif de réduction du temps de travail (RTT), soit un autre jour de récupération non pris. Les jours de repos donnés peuvent provenir d'un compte épargne temps (CET). ",
    "text_reader": "\n Un salarié peut, sous conditions, renoncer à tout ou  partie de ses jours de repos non pris au profit d'un collègue dont un enfant est gravement malade. Ce don de jours peut également être réalisé au profit d'un collègue  proche aidant . Le don de jours de repos permet au salarié qui en bénéficie d'être rémunéré pendant son absence. \n Le don peut porter sur tous les jours de repos non pris, à l'exception des 4 premières semaines de congés payés. Il peut donc concerner : soit les jours correspondant à la 5 e  semaine de congés payés, soit les jours de repos compensateurs accordés dans le cadre d'un dispositif de réduction du temps de travail (RTT), soit un autre jour de récupération non pris. Les jours de repos donnés peuvent provenir d'un compte épargne temps (CET).\n\n",
    "link": "https://www.service-public.fr/particuliers/vosdroits/F32112",
    "name": "F32112--salarie-pr-aidant-21--jours-conc-cernes-15.json",
    "arborescence": {
        "theme": "Travail",
        "sous_theme": "Congés",
        "dossier": "Congés dans le secteur privé",
        "sous_dossier": "Congés pour maladie, handicap ou dépendance d'un membre de la famille",
        "fiche": "Don de jours de repos pour enfant gravement malade",
        "id": "F32112"
    }
}