{
    "text": "Maladie professionnelle : indemnisation des ayants droit du salarié décédé : Vous pouvez percevoir, sous conditions, une rente de la sécurité sociale si vous êtes ayant droit d'un salarié dont la maladie professionnelle a entraîné son décès. Ascendant: Paiement: Cas général La rente est versée à partir du lendemain du décès. Elle est versée chaque trimestre.",
    "text_reader": "\n Vous pouvez percevoir, sous conditions, une rente de la sécurité sociale si vous êtes  ayant droit  d'un salarié dont la maladie professionnelle a entraîné son décès. \n Cas général\nLa rente  est versée à partir du lendemain du décès.\nElle est versée chaque trimestre.",
    "link": "https://www.service-public.fr/particuliers/vosdroits/F32172",
    "name": "F32172--ascendant-endant-9--paiement-iement-8--cas-genera-eneral-11.json",
    "arborescence": {
        "theme": "Famille",
        "sous_theme": "Décès",
        "dossier": "Rentes et capitaux versés en cas de décès",
        "sous_dossier": "Rentes",
        "fiche": "Décès lié à une maladie professionnelle",
        "id": "F32172"
    }
}