{
    "text": "Reclassement d'un agent public contractuel : quelles sont les règles ? : Dans certaines situations modifiant les conditions d'emploi d'un contractuel, l'administration doit reclasser l'agent qui le demande sur un autre emploi. En cas de refus de l'emploi proposé par l'administration ou en cas d'impossibilité de reclassement, l'agent est licencié. Qui est concerné ?: L'agent recruté en CDI ou en CDD sur un emploi permanent vacant dont le contrat fait l'objet d'une modification substantielle peut prétendre, à sa demande, à un reclassement. Le contractuel recruté pour remplacer temporairement un fonctionnaire ou un autre contractuel absent n'est donc pas concerné. Le contractuel recruté pour faire face à un accroissement temporaire ou saisonnier d'activité, non plus. ",
    "text_reader": "\n Dans certaines situations modifiant les conditions d'emploi d'un contractuel, l'administration doit reclasser l'agent qui le demande sur un autre emploi. En cas de refus de l'emploi proposé par l'administration ou en cas d'impossibilité de reclassement, l'agent est licencié. \n L'agent recruté en  CDI  ou en  CDD  sur un emploi permanent vacant dont le contrat fait l'objet d'une modification substantielle peut prétendre, à sa demande, à un reclassement. Le contractuel recruté pour remplacer temporairement un fonctionnaire ou un autre contractuel absent n'est donc pas concerné. Le contractuel recruté pour faire face à un accroissement temporaire ou saisonnier d'activité, non plus.\n\n",
    "link": "https://www.service-public.fr/particuliers/vosdroits/F32397",
    "name": "F32397--qui-est-co-ncerne-18.json",
    "arborescence": {
        "theme": "Travail",
        "sous_theme": "Contrats et carrière",
        "dossier": "Carrière dans la fonction publique",
        "sous_dossier": "Autre",
        "fiche": "Reclassement d'un agent public contractuel : quelles sont les règles ?",
        "id": "F32397"
    }
}