{
    "text": "Étudiant : obtenir une caution par la garantie Visale : La garantie Visale est une caution accordée par Action logement à l'étudiant ou le jeune en alternance qui veut louer un logement. En cas d'impayés de loyer ou de charges, Action logement verse les sommes dues au bailleur. Action logement se fait ensuite rembourser par le locataire. Démarche: L'adhésion à ce dispositif doit être faite avant la signature du bail . L'adhésion à ce dispositif doit être faite avant la signature du bail . Création d'un espace personnel Pour pouvoir bénéficier de la garantie Visale, l'étudiant ou le jeune en alternance doit créer son espace personnel sur le site Visale.fr . La garantie Visale couvre les loyers et charges impayés de la résidence principale du locataire, et le dispense d'apporter toute autre caution à son bailleur. Après avoir complété le formulaire, il fait en ligne sa demande de visa à Action logement. Instruction de la demande Action logement vérifie que l'étudiant ou le jeune en alternance remplit bien les conditions pour bénéficier de la garantie. Si tel est le cas, Action logement lui délivre un visa dans les 2 jours ouvrés . Il est informé par mail ou SMS de la disponibilité de son visa dans son espace personnel du site Visale.fr . Remise du visa au bailleur Une fois que le visa est disponible, l'étudiant ou le jeune en alternance peut le télécharger et l'imprimer via son espace personnel, afin de le remettre à son futur bailleur. Le visa garantit au bailleur que le futur locataire peut bénéficier du dispositif. Le bailleur devra à son tour créer un espace personnel sur le site et renseigner les éléments relatifs à son logement et au bail. Une proposition de contrat de cautionnement sera automatiquement générée. Le bailleur doit accepter les conditions du contrat pour être garanti en cas d'impayés de loyers et charges. La garantie Visale couvre les loyers et charges impayés de la résidence principale du locataire, et le dispense d'apporter toute autre caution à son bailleur. Une fois cette démarche effectuée, le bailleur et l'étudiant ou le jeune en alternance peuvent signer le contrat de location.",
    "text_reader": "\n La garantie Visale est une caution accordée par Action logement  à l'étudiant ou le jeune en alternance qui veut louer un logement. En cas d'impayés de loyer ou de charges,  Action logement verse  les sommes dues au bailleur. Action logement se fait ensuite rembourser par le locataire. \n L'adhésion à ce dispositif doit être faite  avant la signature du bail .\n\nDémarche\nL'adhésion à ce dispositif doit être faite  avant la signature du bail .\nCréation d'un espace personnel\nPour pouvoir bénéficier de la garantie Visale,  l'étudiant ou le jeune en  alternance  doit créer son espace personnel sur le site  Visale.fr .\nLa garantie Visale couvre les loyers et charges impayés de la résidence principale du locataire, et le dispense d'apporter toute autre caution à son bailleur.\nAprès avoir complété le formulaire, il  fait  en ligne sa  demande de visa à Action logement.\nInstruction de la demande\nAction logement vérifie que l'étudiant ou le  jeune en alternance  remplit bien les conditions pour bénéficier de la garantie. Si tel est le cas, Action logement lui délivre un visa dans les  2  jours ouvrés .\nIl est informé par mail ou SMS de la disponibilité de son visa dans son espace personnel du  site  Visale.fr .\nRemise du visa au bailleur\nUne fois que le visa est disponible, l'étudiant ou le jeune en alternance peut le télécharger et l'imprimer via son espace personnel, afin de le remettre à son futur bailleur. Le visa garantit au bailleur que le futur locataire peut bénéficier du dispositif.\nLe bailleur devra à son tour créer un espace personnel sur le site et renseigner les éléments relatifs à son logement et au bail.\nUne proposition de contrat de cautionnement sera automatiquement générée. Le bailleur doit accepter les  conditions du contrat pour être garanti en cas d'impayés de loyers et charges.\nLa garantie Visale couvre les loyers et charges impayés de la résidence principale du locataire, et le dispense d'apporter toute autre caution à son bailleur.\nUne fois cette démarche effectuée, le bailleur et l'étudiant ou le jeune en alternance peuvent signer le contrat de location.",
    "link": "https://www.service-public.fr/particuliers/vosdroits/F32320",
    "name": "F32320--demarche-marche-8.json",
    "arborescence": {
        "theme": "Logement",
        "sous_theme": "Aides financières pour le logement",
        "dossier": "Aide pour le dépôt de garantie ou la caution d'un logement en location",
        "sous_dossier": "",
        "fiche": "Étudiant : obtenir une caution par la garantie Visale",
        "id": "F32320"
    }
}