{
    "text": "Droits du demandeur d'asile : soins, logement, aide financière... : En attendant que votre demande soit examinée, vous disposez de droits relatifs à la santé et au logement, ainsi que d'une aide financière. Scolarisation des enfants: Vos enfants doivent être scolarisés de 3 à 16 ans. L'inscription en école maternelle ou école primaire se fait auprès de la mairie. L'inscription dans un établissement d'études secondaires ( collège ou et lycée ) se fait directement auprès de l'établissement le plus proche de votre lieu de résidence. ",
    "text_reader": "\n En attendant que votre demande soit examinée, vous disposez de droits relatifs à la santé et au logement, ainsi que d'une aide financière.  \n Vos enfants doivent être scolarisés de 3 à 16 ans. L'inscription en  école maternelle  ou  école primaire  se fait auprès de la mairie. L'inscription dans un établissement d'études secondaires ( collège  ou et  lycée ) se fait directement auprès de l'établissement le plus proche de votre lieu de résidence.\n\n",
    "link": "https://www.service-public.fr/particuliers/vosdroits/F32454",
    "name": "F32454--scolarisat-nfants-25.json",
    "arborescence": {
        "theme": "Étranger",
        "sous_theme": "Étranger en France",
        "dossier": "Demande d'asile (réfugié, protection subsidiaire, apatride)",
        "sous_dossier": "Droits pendant l'examen de la demande",
        "fiche": "Aides sociales",
        "id": "F32454"
    }
}