{
    "text": "Traitement d'antécédents judiciaires (Taj) : Le Taj est un fichier de police judiciaire qui recense notamment les personnes mises en cause et les victimes dans les affaires pénales. Le responsable de ce fichier est le ministère de l'intérieur. Il faut avoir été habilité pour consulter ce fichier. Vous pouvez accéder à votre fiche et la faire rectifier sous certaines conditions. Données enregistrées: Personnes mises en cause Identité, situation familiale, nationalité, adresse Adresse de messagerie électronique Numéros de téléphone Date et lieu de naissance Profession État de la personne Signalement Photographie comportant des caractéristiques techniques permettant de recourir à un dispositif de reconnaissance faciale Victimes des infractions Identité, situation familiale, nationalité, adresse Adresse de messagerie électronique Numéros de téléphone Date et lieu de naissance Profession État de la personne Personnes faisant l'objet d'une enquête ou d'une instruction pour recherche des causes de la mort, de blessures graves ou d'une disparition Identité, situation familiale, nationalité, adresse Adresse de messagerie électronique Numéros de téléphone Date et lieu de naissance Profession Signalement (personnes disparues et corps non identifiés) Photographie comportant des caractéristiques techniques permettant de recourir à un dispositif de reconnaissance faciale Photographie (personnes disparues et corps non identifiés) ",
    "text_reader": "\n Le  Taj  est un fichier de police judiciaire qui recense notamment les personnes mises en cause et les victimes dans les affaires pénales. Le responsable de ce fichier est le ministère de l'intérieur. Il faut avoir été habilité pour consulter ce fichier. Vous pouvez accéder à votre fiche et la faire rectifier sous certaines conditions. \n   Personnes mises en cause   Identité, situation familiale, nationalité, adresse Adresse de messagerie électronique Numéros de téléphone Date et lieu de naissance Profession État de la personne Signalement Photographie comportant des caractéristiques techniques permettant de recourir à un dispositif de reconnaissance faciale   Victimes des infractions   Identité, situation familiale, nationalité, adresse Adresse de messagerie électronique Numéros de téléphone Date et lieu de naissance Profession État de la personne   Personnes faisant l'objet d'une enquête ou d'une instruction pour recherche des causes de la mort, de blessures graves ou d'une disparition   Identité, situation familiale, nationalité, adresse Adresse de messagerie électronique Numéros de téléphone Date et lieu de naissance Profession Signalement (personnes disparues et corps non identifiés) Photographie comportant des caractéristiques techniques permettant de recourir à un dispositif de reconnaissance faciale Photographie (personnes disparues et corps non identifiés)\n\n",
    "link": "https://www.service-public.fr/particuliers/vosdroits/F32727",
    "name": "F32727--donnees-en-strees-20.json",
    "arborescence": {
        "theme": "Papiers - Citoyenneté",
        "sous_theme": "Fichiers et protection de la vie privée",
        "dossier": "Fichiers judiciaires et de police judiciaire",
        "sous_dossier": "",
        "fiche": "Traitement d'antécédents judiciaires (Taj)",
        "id": "F32727"
    }
}