{
    "text": "Indemnités horaires pour travaux supplémentaires (IHTS) : Des indemnités horaires pour travaux supplémentaires (IHTS) peuvent être versées principalement aux agents de catégories B et C, qui effectuent des heures supplémentaires. Le nombre d'heures supplémentaires que peut accomplir par mois un agent est limité. Les heures supplémentaires sont rémunérées différemment selon qu'il s'agit des 14 premières heures ou des heures au-delà, d'heures de nuit ou d'heures effectuées un dimanche ou un jour férié. Territoriale (FPT): Qui est concerné ?: Les indemnités horaires pour travaux supplémentaires (IHTS) peuvent être versées aux agents suivants : Fonctionnaires de catégorie B et agents contractuels de même niveau et exerçant des fonctions de même nature Fonctionnaires de catégorie C et agents contractuels de même niveau et exerçant des fonctions de même nature Fonctionnaires relevant de certains cadres d'emplois de catégorie A de la filière sanitaire et sociale et agents contractuels de même niveau et exerçant des fonctions de même nature Sapeurs-pompiers professionnels Agents de police municipale, aux gardes-champêtres et aux chefs de service de police municipale. Les cadres d'emplois, grades ou emplois pouvant bénéficier des IHTS sont fixés dans chaque collectivité par délibération. Les IHTS rémunèrent les heures supplémentaires effectuées à la demande du chef de service au-delà des bornes horaires définies par le cycle de travail. Le versement des IHTS dépend de la mise en place de moyens de contrôle automatisé des horaires de travail (pointage) permettant de comptabiliser de façon exacte les heures supplémentaires. Toutefois, le versement des IHTS peut être effectué au vu d'un décompte déclaratif pour les personnels exerçant hors de leurs locaux de rattachement. Le versement des IHTS peut aussi être effectué au vu d'un décompte déclaratif pour les sites dont l'effectif des agents pouvant percevoir des IHTS est inférieur à 10. ",
    "text_reader": "\n Des indemnités horaires pour travaux supplémentaires (IHTS) peuvent être versées principalement aux agents de catégories B et C, qui effectuent des heures  supplémentaires. Le nombre d'heures supplémentaires que peut accomplir par mois un agent est limité. Les heures supplémentaires sont rémunérées différemment selon qu'il s'agit des 14 premières heures ou des heures au-delà,  d'heures de nuit ou d'heures  effectuées un dimanche ou un jour férié. \n Les indemnités horaires pour travaux supplémentaires (IHTS) peuvent être versées aux agents suivants : Fonctionnaires de  catégorie B  et agents contractuels de même niveau et exerçant des fonctions de même nature Fonctionnaires de catégorie C et agents contractuels de même niveau et exerçant des fonctions de même nature Fonctionnaires relevant de certains  cadres d'emplois  de catégorie A  de la filière sanitaire et sociale et agents contractuels de même niveau et exerçant des fonctions de même nature Sapeurs-pompiers professionnels Agents de police municipale, aux gardes-champêtres et aux chefs de service de police municipale. Les cadres d'emplois, grades ou emplois pouvant bénéficier des IHTS sont fixés dans chaque collectivité par délibération. Les IHTS rémunèrent les heures supplémentaires effectuées à la demande du chef de service au-delà des bornes horaires définies par le cycle de travail. Le versement des IHTS dépend de la mise en place de moyens de contrôle automatisé des horaires de travail (pointage) permettant de comptabiliser de façon exacte les heures supplémentaires. Toutefois, le versement des IHTS peut être effectué au vu d'un décompte déclaratif pour les  personnels exerçant hors de leurs locaux de rattachement. Le versement des IHTS peut aussi être effectué au vu d'un décompte déclaratif pour les sites dont l'effectif des agents pouvant percevoir des IHTS est inférieur à 10.\n\n",
    "link": "https://www.service-public.fr/particuliers/vosdroits/F32787",
    "name": "F32787--territoria-le-fpt-18--qui-est-co-ncerne-18.json",
    "arborescence": {
        "theme": "Travail",
        "sous_theme": "Rémunération",
        "dossier": "Rémunération dans la fonction publique",
        "sous_dossier": "Primes et indemnités",
        "fiche": "Indemnités horaires pour travaux supplémentaires (IHTS)",
        "id": "F32787"
    }
}