{
    "text": "Scolariser son enfant à l'étranger : Si vous partez vivre en dehors de l'Espace économique européen (EEE) , votre enfant peut fréquenter les établissements scolaires locaux. Vous pouvez aussi inscrire votre enfant dans une école française et bénéficier d'une aide financière. Votre enfant peut également suivre des cours à distance via le Centre national d'enseignement à distance (Cned). Dans une école française: Régime agricole",
    "text_reader": "\n Si vous partez vivre en dehors  de  l'Espace économique européen (EEE) , votre enfant peut fréquenter les établissements scolaires locaux. Vous pouvez aussi inscrire votre enfant dans une école française  et bénéficier d'une aide financière. Votre enfant peut également suivre des cours à distance via le Centre national d'enseignement à distance (Cned). \n Régime agricole",
    "link": "https://www.service-public.fr/particuliers/vosdroits/F32800",
    "name": "F32800--dans-une-e-ncaise-24--regime-agr-ricole-15.json",
    "arborescence": {
        "theme": "Famille",
        "sous_theme": "Scolarité",
        "dossier": "Scolarité à l'étranger",
        "sous_dossier": "",
        "fiche": "Dans un autre pays",
        "id": "F32800"
    }
}