{
    "text": "Que signifient les codes ajoutés sur le permis B ? : Vision (code 01): Si vous portez des lunettes correctrices ou des lentilles de contact, la mention suivante figure sur le titre de conduite : Port de verres correcteurs obligatoires (lunettes correctrices, lentilles cornéennes ou verres de contact) Le code pour les lunettes est 01.01 . Le code pour les lentilles est et 01.02 . Il est alors obligatoire de porter un dispositif de correction pour conduire. si vous portez des lentilles, il est recommandé d'avoir vos lunettes correctrices dans le véhicule. ",
    "text_reader": "Si vous portez des lunettes correctrices ou des lentilles de contact, la mention suivante figure sur le titre de conduite :   Port de verres correcteurs obligatoires  (lunettes correctrices, lentilles cornéennes ou verres de contact) Le code pour les lunettes est  01.01 . Le code pour les lentilles est et  01.02 . Il est alors obligatoire de porter un dispositif de correction pour conduire. si vous portez des lentilles, il est recommandé d'avoir vos lunettes correctrices dans le véhicule.\n\n",
    "link": "https://www.service-public.fr/particuliers/vosdroits/F32927",
    "name": "F32927--vision-cod-ode-01-16.json",
    "arborescence": {
        "theme": "Transports",
        "sous_theme": "",
        "dossier": "Permis de conduire",
        "sous_dossier": "Autre",
        "fiche": "Que signifient les codes ajoutés sur le permis B ?",
        "id": "F32927"
    }
}