{
    "text": "Peut-on encore demander la prime transitoire de solidarité (PTS) ? : Non, la prime transitoire de solidarité (PTS) n'est plus attribuée depuis le 31 décembre 2017. Le bénéficiaire de la PTS (né en 1954 ou en 1955) la perçoit cependant jusqu'à la liquidation des droits à la retraite.",
    "text_reader": "Non, la prime transitoire de solidarité (PTS) n'est plus attribuée depuis le  31 décembre 2017.\nLe bénéficiaire de la PTS (né en 1954 ou en 1955) la  perçoit cependant jusqu'à la  liquidation  des droits à la  retraite.",
    "link": "https://www.service-public.fr/particuliers/vosdroits/F33069",
    "name": "F33069.json",
    "arborescence": {
        "theme": "Social - Santé",
        "sous_theme": "Chômage",
        "dossier": "Chômage : aides à la reprise d'activité",
        "sous_dossier": "",
        "fiche": "Peut-on encore demander la prime transitoire de solidarité (PTS) ?",
        "id": "F33069"
    }
}