{
    "text": "Vignette ou pastille Crit'Air (certificat qualité de l'air) : La vignette Crit'Air, ou certificat qualité de l'air , est obligatoire pour circuler lors d'un pic de pollution en cas de circulation différenciée et dans une zone à faibles émissions mobilité (ZFE) . La vignette Crit'Air indique le niveau de pollution d'un véhicule. Un simulateur permet de savoir quelle catégorie de vignette acheter. Vous pouvez acheter la vignette en ligne ou par courrier. Le prix est de 3,62 € , frais de port inclus. Vous devez payer une amende en cas d'infraction. Quelle catégorie Crit'Air pour votre véhicule ?: La vignette Crit'Air dépend des critères suivants : Type de véhicule : voiture , utilitaire , moto, scooter, poids-lourd ... Type d'énergie ou de carburant : électrique, diesel, essence... Norme Euro du véhicule ou date de 1re immatriculation Utilisez le simulateur pour savoir quelle vignette Crit'Air acheter pour votre véhicule. 2 roues, tricycle, quadricycle électrique hybride, gaz ou hydrogène Classe Couleur de la vignette Type de véhicule Électrique Verte Électrique et hydrogène quelle que soit la date 1 Violette - Gaz quelle que soit la date - Hybride rechargeable quelle que soit la date ",
    "text_reader": "\n La vignette Crit'Air, ou  certificat qualité de l'air , est obligatoire pour circuler lors d'un  pic de pollution en cas  de    circulation différenciée  et dans une  zone à faibles émissions mobilité (ZFE) . La vignette Crit'Air indique le niveau de pollution d'un véhicule. Un simulateur permet de  savoir quelle catégorie de vignette acheter. Vous pouvez acheter la vignette en ligne ou par courrier. Le prix est de  3,62 € , frais de port inclus. Vous devez payer une amende en cas d'infraction. \n La vignette Crit'Air dépend des critères suivants : Type de véhicule :   voiture ,  utilitaire , moto, scooter,  poids-lourd ... Type d'énergie ou de carburant : électrique, diesel, essence...   Norme Euro  du véhicule ou date de 1re immatriculation Utilisez le simulateur pour savoir quelle vignette Crit'Air acheter pour votre véhicule.\n\n2 roues, tricycle, quadricycle électrique hybride, gaz ou hydrogène\nClasse\nCouleur de la vignette\nType de véhicule\nÉlectrique\nVerte\nÉlectrique et hydrogène  quelle que soit la date \n\n1\nViolette\n- Gaz  quelle que soit la date \n\n- Hybride rechargeable  quelle que soit la date \n",
    "link": "https://www.service-public.fr/particuliers/vosdroits/F33371",
    "name": "F33371--quelle-cat-hicule-47--2-roues-tr-rogene-67.json",
    "arborescence": {
        "theme": "Transports",
        "sous_theme": "",
        "dossier": "Mesures antipollution",
        "sous_dossier": "Autres dispositifs contre la pollution de l'air",
        "fiche": "Vignette Crit'Air",
        "id": "F33371"
    }
}