{
    "text": "Garantie Visale : caution gratuite couvrant les impayés (loyers et charges) : La garantie Visale est une caution accordée par Action logement (ex-1 % Logement) au locataire. En cas d'impayés de loyer ou de charges, Action logement verse les sommes dues au bailleur. Action logement se fait ensuite rembourser par le locataire. Conditions pour en bénéficier: Salarié en CDI confirmé (période d'essai achevée) La garantie Visale est accordée si le montant du loyer (charges comprises) est : supérieur ou égal à 30 % des ressources du locataire, et inférieur ou égal à 50 % des ressources du locataire, et inférieur ou égal à 1500 € . Le demandeur de la garantie Visale peut justifier de ce montant de ressources par : ses revenus d'activité, l'allocation Pôle Emploi, les indemnités journalières, l'allocation logement, les allocations familiales . Le logement doit appartenir à un bailleur privé (un particulier par exemple)",
    "text_reader": "\n La garantie Visale est une caution accordée  par Action logement (ex-1 % Logement) au locataire. En cas d'impayés de loyer ou de charges, Action logement verse les sommes dues au bailleur. Action logement se fait ensuite rembourser par le locataire. \n Salarié en CDI confirmé (période d'essai achevée)\nLa garantie Visale est accordée si le montant du loyer (charges comprises) est :\nsupérieur ou égal à  30 %  des ressources du  locataire,\net inférieur ou égal à   50 %  des ressources du  locataire,\net inférieur ou égal à   1500 € .\nLe demandeur de la garantie Visale  peut justifier de ce montant de  ressources par :\nses revenus d'activité,\nl'allocation Pôle Emploi,\nles indemnités journalières,\nl'allocation logement,\nles  allocations familiales .\nLe logement doit appartenir à un bailleur privé (un particulier par exemple)",
    "link": "https://www.service-public.fr/particuliers/vosdroits/F33453",
    "name": "F33453--conditions-ficier-29--salarie-en-chevee-49.json",
    "arborescence": {
        "theme": "Logement",
        "sous_theme": "Aides financières pour le logement",
        "dossier": "Aide pour le dépôt de garantie ou la caution d'un logement en location",
        "sous_dossier": "",
        "fiche": "Garantie Visale : caution gratuite couvrant les impayés (loyers et charges)",
        "id": "F33453"
    }
}