{
    "text": "RSA jeunes parents : Si vous êtes enceinte ou si vous avez déjà un enfant à charge, vous pouvez percevoir le RSA sous certaines conditions. Il n'est pas nécessaire d'être âgé de plus de 25 ans. Le calcul du montant dépend des ressources et de la composition du foyer. Pour obtenir le RSA, il est nécessaire de faire une 1ère demande, puis d'actualiser la situation tous les trimestres. La procédure varie en fonction de la caisse d'affiliation (Caf ou CMSA). Cas général (Caf): Calcul du montant du RSA: Vous pouvez estimer vos droits à l'aide du simulateur de calcul. Famille monoparentale Nombre d'enfant/personne à charge Personne seule Parent isolé 0 (femme isolée enceinte) 725,24 € 1 847,17 € 966,99 € 2 1 016,60 € 1 208,74 € Par enfant ou personne à charge supplémentaire 225,91 € 241,74 € Vous êtes considéré comme parent isolé si vous êtes une femme enceinte ou si vous avez au moins 1 enfant ou personne à charge et que vous vous retrouvez seul(e) suite à un événement de vie. C'est le cas, par exemple, si votre conjoint décède ou si vous vous en séparez. Vous pouvez alors bénéficier d'une augmentation du montant du RSA. Cette augmentation est aussi appelée majoration . La durée de cette majoration varie en fonction de la date de survenue de l'événement : Si l’événement intervient après les 3 ans de l'enfant à charge, la majoration dure 12 mois et doit être versée durant les 18 mois qui suivent la date de l’événement. Il faut donc déclarer ce type d'événement à votre Caf dans un délai de 6 mois après sa survenue. Si l'événement intervient avant les 3 ans de l'enfant à charge, la majoration dure jusqu'à ses 3 ans.",
    "text_reader": "\n Si vous êtes  enceinte ou si vous avez  déjà  un enfant à charge, vous pouvez  percevoir le  RSA  sous certaines conditions. Il n'est pas nécessaire d'être âgé de plus de 25 ans. Le calcul du montant dépend des ressources et de la composition du foyer. Pour obtenir le RSA, il est nécessaire de faire une 1ère demande, puis d'actualiser la situation tous les trimestres. La procédure varie en fonction de la caisse d'affiliation (Caf ou CMSA). \n Vous pouvez estimer vos droits à l'aide du simulateur de calcul.\n\nFamille monoparentale\nNombre d'enfant/personne  à charge \n\n\nPersonne seule\nParent isolé\n0 (femme isolée enceinte)\n\n 725,24 € \n\n1\n\n 847,17 € \n\n\n 966,99 € \n\n2\n\n 1 016,60 € \n\n\n 1 208,74 € \n\nPar enfant ou personne à charge supplémentaire\n\n 225,91 € \n\n\n 241,74 € \n\nVous êtes considéré comme parent isolé si vous êtes une femme enceinte  ou  si vous avez au moins 1 enfant ou personne à charge  et  que vous vous retrouvez seul(e) suite à un événement de vie. C'est le cas, par exemple, si votre conjoint décède ou si vous vous en séparez.\nVous pouvez alors bénéficier d'une augmentation du montant du RSA. Cette augmentation est aussi appelée  majoration .\nLa durée de cette majoration varie en fonction  de la date de survenue de l'événement :\nSi l’événement intervient après les 3 ans de l'enfant  à charge, la majoration dure 12 mois et doit être versée durant les 18 mois qui suivent la date de l’événement. Il faut donc déclarer ce type d'événement à votre  Caf  dans un délai de 6 mois après sa survenue.\nSi l'événement intervient avant les 3 ans de l'enfant à charge, la majoration dure jusqu'à ses 3 ans.",
    "link": "https://www.service-public.fr/particuliers/vosdroits/F33692",
    "name": "F33692--cas-genera-al-caf-17--calcul-du--du-rsa-24--famille-mo-entale-21.json",
    "arborescence": {
        "theme": "Social - Santé",
        "sous_theme": "Aides sociales",
        "dossier": "Revenu de solidarité active (RSA)",
        "sous_dossier": "",
        "fiche": "Jeunes parents",
        "id": "F33692"
    }
}