{
    "text": "Retour en France : quel droit aux allocations chômage ? : Le droit aux allocations chômage dépend si vous revenez d'un pays de l'Espace économique européen (EEE) ou d'un autre pays. Par courriel: expatriation@pole-emploi.net ",
    "text_reader": "\n\nLe droit aux allocations chômage dépend si vous revenez d'un pays de  l'Espace économique européen (EEE)  ou d'un autre pays.\n\nexpatriation@pole-emploi.net\n\n",
    "link": "https://www.service-public.fr/particuliers/vosdroits/F33775",
    "name": "F33775--par-courri-urriel-12.json",
    "arborescence": {
        "theme": "Étranger",
        "sous_theme": "Français à l'étranger",
        "dossier": "Vivre à l'étranger",
        "sous_dossier": "Autre",
        "fiche": "Retour en France : quel droit aux allocations chômage ?",
        "id": "F33775"
    }
}