{
    "text": "Le salarié et l'employeur peuvent-ils régler un conflit à l'amiable ? : Oui. Plusieurs modes de règlements amiables des conflits apparus entre le salarié et l'employeur peuvent être utilisés : la médiation conventionnelle, la procédure participative et la transaction. Ces modes de règlement permettent au salarié et à l'employeur de trouver une solution à leur litige sans passer par une procédure contentieuse (prud'hommes, cour d'appel). Les conditions de validité varient selon le mode de règlement choisi. Transaction: Échec de la transaction Le CPH peut refuser d'homologuer la transaction s'il estime que l'accord signé entre le salarié et l'employeur désavantage l'une des 2 parties. Par exemple, le CPH peut annuler la transaction si cette dernière prévoit qu'un salarié licencié perçoit une somme inférieure au montant de l'indemnité de licenciement à laquelle il pourrait prétendre. Si la transaction ne permet pas de résoudre le différend, le salarié ou l'employeur peut alors saisir le conseil de prud'hommes (CPH) . La procédure prud'homale s'applique dans les conditions habituelles (phase de conciliation et d'orientation puis, si besoin, jugement de l'affaire).",
    "text_reader": "\n Oui. Plusieurs modes de règlements amiables des conflits apparus entre le salarié et l'employeur peuvent être utilisés : la médiation conventionnelle, la procédure participative et la transaction. Ces modes de règlement permettent au salarié et à l'employeur de trouver une solution à leur litige sans passer par une procédure contentieuse (prud'hommes,  cour d'appel). Les conditions de validité varient selon le mode de règlement choisi. \n Échec de la transaction\nLe CPH peut refuser d'homologuer la transaction s'il estime que l'accord signé entre le salarié et l'employeur désavantage l'une des 2 parties. Par exemple, le CPH peut annuler la transaction si cette dernière prévoit qu'un salarié licencié perçoit une somme inférieure au montant de l'indemnité de licenciement à laquelle il pourrait prétendre.\nSi la transaction ne permet pas de résoudre le différend, le salarié ou l'employeur peut alors saisir le  conseil de prud'hommes (CPH) .\nLa procédure prud'homale s'applique dans les conditions habituelles (phase de conciliation et d'orientation puis, si besoin, jugement de l'affaire).",
    "link": "https://www.service-public.fr/particuliers/vosdroits/F33833",
    "name": "F33833--transactio-action-11--echec-de-l-action-23.json",
    "arborescence": {
        "theme": "Travail",
        "sous_theme": "Relations individuelles et collectives de travail",
        "dossier": "Conflits du travail dans le secteur privé",
        "sous_dossier": "Autre",
        "fiche": "Le salarié et l'employeur peuvent-ils régler un conflit à l'amiable ?",
        "id": "F33833"
    }
}