{
    "text": "Agression sexuelle commise sur une personne majeure : L'agression sexuelle est une atteinte sexuelle commise sans le consentement clair et explicite de la victime. Par exemple, des attouchements. Il s'agit d'une infraction punie par la loi. Si vous êtes victime d'agression sexuelle, vous pouvez alerter les services de secours pour obtenir de l'aide. Vous pouvez aussi porter plainte contre l'auteur des faits. La police et la gendarmerie mèneront une enquête et le procureur de la République décidera s'il y a assez d'éléments pour le juger. Par téléphone: 116 006 Appel gratuit Ouvert 7 jours sur 7 de 9h à 19h Le service est également accessible en composant le +33 (0)1 80 52 33 76 (numéro à tarification normale). ",
    "text_reader": "\n L'agression sexuelle est une atteinte sexuelle commise sans le consentement clair et explicite de la victime. Par exemple, des attouchements. Il s'agit d'une  infraction   punie par la loi. Si vous êtes  victime d'agression sexuelle,  vous pouvez alerter les services de secours pour obtenir de l'aide. Vous pouvez aussi porter plainte contre l'auteur des faits.  La police et la gendarmerie mèneront une enquête et le procureur de la République décidera  s'il y a assez d'éléments  pour le juger. \n   116 006   Appel gratuit Ouvert 7 jours sur 7 de 9h à 19h  \t\t\tLe service est  également accessible en composant le  +33 (0)1 80 52 33 76  (numéro à tarification normale).\n\n",
    "link": "https://www.service-public.fr/particuliers/vosdroits/F33891",
    "name": "F33891--par-teleph-ephone-13.json",
    "arborescence": {
        "theme": "Justice",
        "sous_theme": "Infractions",
        "dossier": "Violence - Atteinte à l'intégrité",
        "sous_dossier": "",
        "fiche": "Agression sexuelle",
        "id": "F33891"
    }
}