{
    "text": "Agression sexuelle commise sur une personne majeure : L'agression sexuelle est une atteinte sexuelle commise sans le consentement clair et explicite de la victime. Par exemple, des attouchements. Il s'agit d'une infraction punie par la loi. Si vous êtes victime d'agression sexuelle, vous pouvez alerter les services de secours pour obtenir de l'aide. Vous pouvez aussi porter plainte contre l'auteur des faits. La police et la gendarmerie mèneront une enquête et le procureur de la République décidera s'il y a assez d'éléments pour le juger. Contacter la police/gendarmerie par messagerie instantanée: Une messagerie instantanée (chat) vous permet de dialoguer avec un personnel de police ou de gendarmerie. À tout moment, l'historique de discussion pourra être effacé de votre ordinateur, téléphone portable ou tablette. ",
    "text_reader": "\n L'agression sexuelle est une atteinte sexuelle commise sans le consentement clair et explicite de la victime. Par exemple, des attouchements. Il s'agit d'une  infraction   punie par la loi. Si vous êtes  victime d'agression sexuelle,  vous pouvez alerter les services de secours pour obtenir de l'aide. Vous pouvez aussi porter plainte contre l'auteur des faits.  La police et la gendarmerie mèneront une enquête et le procureur de la République décidera  s'il y a assez d'éléments  pour le juger. \n Une  messagerie instantanée (chat) vous permet de dialoguer  avec un personnel de police ou de gendarmerie. À tout moment, l'historique de  discussion pourra être effacé de votre ordinateur, téléphone portable ou tablette.\n\n",
    "link": "https://www.service-public.fr/particuliers/vosdroits/F33891",
    "name": "F33891--contacter--ntanee-58.json",
    "arborescence": {
        "theme": "Justice",
        "sous_theme": "Infractions",
        "dossier": "Violence - Atteinte à l'intégrité",
        "sous_dossier": "",
        "fiche": "Agression sexuelle",
        "id": "F33891"
    }
}