{
    "text": "Impôt sur le revenu - Prélèvement à la source (PAS) : Par téléphone: 0809 401 401 Service gratuit + prix appel ",
    "text_reader": "  0809 401 401   Service gratuit + prix appel\n\n",
    "link": "https://www.service-public.fr/particuliers/vosdroits/F34009",
    "name": "F34009--par-teleph-ephone-13.json",
    "arborescence": {
        "theme": "Argent",
        "sous_theme": "Impôts, taxes et douane",
        "dossier": "Impôt sur le revenu : calcul et paiement",
        "sous_dossier": "",
        "fiche": "Prélèvement à la source",
        "id": "F34009"
    }
}