{
    "text": "Carte mobilité inclusion (CMI) : La carte mobilité inclusion (CMI) a pour but de faciliter la vie quotidienne des personnes en situation de handicap et de perte d'autonomie. Elle est accordée sous conditions et permet de bénéficier de certains droits notamment dans les transports. CMI \"Stationnement\": Démarche: Cas général Pour faire la demande de CMI, il faut s'adresser à la MDPH de votre département en leur fournissant les documents suivants : Formulaire accompagné soit d'un certificat médical datant de moins de 6 mois Photocopie d'une pièce d'identité (carte nationale d'identité, passeport, photocopie du titre de séjour en cours de validité si ressortissant d'un État hors de l'Espace économique européen...).",
    "text_reader": "\n La carte mobilité inclusion (CMI) a pour but de faciliter la vie quotidienne des personnes en situation de handicap et de perte d'autonomie. Elle est accordée sous conditions et permet de bénéficier de certains droits notamment dans les transports. \n Cas général\nPour faire la demande de CMI, il faut s'adresser à la MDPH de votre département en leur fournissant les documents suivants :\n\n Formulaire  accompagné soit d'un certificat médical datant de moins de 6 mois\nPhotocopie d'une pièce d'identité (carte nationale d'identité, passeport, photocopie du titre de séjour en cours de validité si ressortissant d'un État hors de l'Espace économique européen...).",
    "link": "https://www.service-public.fr/particuliers/vosdroits/F34049",
    "name": "F34049--cmi-statio-nement-19--demarche-marche-8--cas-genera-eneral-11.json",
    "arborescence": {
        "theme": "Transports",
        "sous_theme": "",
        "dossier": "Cartes de transport",
        "sous_dossier": "",
        "fiche": "Carte mobilité inclusion (CMI)",
        "id": "F34049"
    }
}