{
    "text": "Doit-on verser des cotisations sociales pour la mise en location d'un meublé ? : Si vous louez un bien en meublé à une clientèle y effectuant un séjour de courte durée (à la journée, à la semaine ou au mois) et n'y élisant pas domicile, vous devez payer des cotisations sociales si vos recettes annuelles sont supérieures à 23 000 € . Si vos recettes ne dépassent pas 82 800 € , vous pouvez choisir de vous affilier au régime général de la sécurité sociale. Recettes supérieures à 23 000 €: Payer des cotisations sociales: si vos recettes ne dépassent pas 82 800 € , vous pouvez choisir de vous affilier au régime général de la sécurité sociale. Si vous louez des chambres d'hôtes, le régime social de votre activité est soumis à des seuils différents . Cas général Vous avez réalisé moins de 70 000 € de recettes en 2019 Si vous avez réalisé moins de 70 000 € de recettes, vous pouvez choisir le régime du micro-entrepreneur. Vous devez déclarer vos recettes mensuellement ou trimestriellement : Service permettant aux auto-entrepreneurs de déclarer leurs recettes mensuellement ou trimestriellement. si vous louez des chambres d'hôtes, le régime social de votre activité est soumis à des seuils différents . Vous avez réalisé plus de 70 000 € de recettes en 2019 Si vous réalisez plus de 70 000 € de recettes, vous êtes soumis au régime des indépendants. Vous devez déclarer vos bénéfices chaque année : Permet de déclarer vos bénéfices annuellement si vous êtes soumis au régime général des indépendants. si vous louez des chambres d'hôtes, le régime social de votre activité est soumis à des seuils différents . Vous réaliserez moins de 72 600 € en 2020 Si vous réalisez moins de 72 600 € de recettes, vous pourrez choisir le régime du micro-entrepreneur. Vous réaliserez plus de 72 600 € en 2020 Si vous réalisez plus de 72 600 € de recettes, vous serez soumis au régime des indépendants.",
    "text_reader": "\n Si vous louez un bien en meublé à une clientèle y effectuant un séjour de courte durée (à la journée, à la semaine ou au mois) et n'y élisant pas domicile, vous devez payer des cotisations sociales si vos recettes annuelles sont supérieures à  23 000 € . Si vos recettes ne dépassent pas  82 800 € , vous pouvez choisir de vous affilier au régime général de la sécurité sociale. \n si vos recettes ne dépassent pas  82 800 € , vous pouvez choisir de vous affilier au régime général de la sécurité sociale.  Si vous louez des chambres d'hôtes,  le régime social de votre activité est soumis à des seuils différents .\n\nCas général\nVous avez réalisé moins de 70 000 € de recettes en 2019\nSi vous avez réalisé moins de  70 000 €  de recettes, vous pouvez choisir le régime du micro-entrepreneur.\nVous devez déclarer vos recettes mensuellement ou trimestriellement :\nService permettant aux auto-entrepreneurs de déclarer leurs recettes mensuellement ou trimestriellement.\nsi vous louez des chambres d'hôtes,  le régime social de votre activité est soumis à des seuils différents .\nVous avez réalisé plus de 70 000 € de recettes en 2019\nSi vous réalisez plus de  70 000 €  de recettes, vous êtes soumis au régime des indépendants.\nVous devez déclarer vos bénéfices chaque année :\nPermet de déclarer vos bénéfices annuellement si vous êtes soumis au régime général des indépendants.\nsi vous louez des chambres d'hôtes,  le régime social de votre activité est soumis à des seuils différents .\nVous réaliserez moins de 72 600 € en 2020\nSi vous réalisez moins de  72 600 €  de recettes, vous pourrez choisir le régime du micro-entrepreneur.\nVous réaliserez plus de 72 600 € en 2020\nSi vous réalisez plus de  72 600 €  de recettes, vous serez soumis au régime des indépendants.",
    "link": "https://www.service-public.fr/particuliers/vosdroits/F34102",
    "name": "F34102--recettes-s-23-000-31--payer-des--ciales-30--cas-genera-eneral-11.json",
    "arborescence": {
        "theme": "Argent",
        "sous_theme": "Impôts, taxes et douane",
        "dossier": "Contributions sociales (CSG, CRDS)",
        "sous_dossier": "",
        "fiche": "Doit-on verser des cotisations sociales pour la mise en location d'un meublé ?",
        "id": "F34102"
    }
}