{
    "text": "Qu'est-ce que le rapport civil dans une succession ? : Le rapport civil consiste à réintégrer fictivement dans le patrimoine du défunt les donations passées. Les bénéficiaires des donations n'ont pas à se dessaisir des biens reçus, c'est leur valeur qui est ajoutée au patrimoine du défunt. S'il y a au moins un héritier réservataire , le rapport des donations permet de vérifier qu'elles n'entament pas la part d'héritage qui lui revient de droit. S'il y a au moins 2 héritiers et que l'un d'eux a reçu une donation, le rapport des donations permet d'assurer une égalité de traitement entre les héritiers. Certaines donations ne sont pas rapportables, notamment la donation faite hors part successorale, la donation-partage et le présent d'usage. En pratique, c'est le notaire chargé de la succession qui s'occupe de faire le rapport civil. le rapport civil ne doit pas être confondu avec le rapport fiscal . Exemple simplifié pour expliquer le principe du rapport civil Une personne a fait de son vivant des donations à chacun de ses 3 enfants : 1 er enfant : 10 000 € 2 nd enfant : 20 000 € 3 ème enfant : 30 000 € Le total des donations est donc de 60 000 € . Il décède en laissant un patrimoine de 120 000 € . Le rapport civil de ces donations au patrimoine du défunt permet d'augmenter la valeur de celui-ci de 60 000 € , ce qui porte son total à 180 000 € . Le partage de ce patrimoine fictif de 180 000 € entre les 3 enfants donne à chacun un héritage théorique de 60 000 € . Mais il faut déduire de la part de chacun la valeur de la donation dont il avait bénéficié du vivant du défunt. Le 1 er enfant aura donc 60 000 € - 10 000 € = 50 000 € le 2 nd aura 60 000 € - 20 000 € = 40 000 € et le 3 ème 60 000 € - 30 000 € = 30 000 € . La somme de la part de chacun correspond à la valeur du patrimoine du défunt : 50 000 € + 40 000 € + 30 000 € = 120 000 € .",
    "text_reader": "Le rapport civil consiste à réintégrer fictivement dans le patrimoine du défunt les donations passées. Les bénéficiaires des donations n'ont pas à se dessaisir des biens reçus, c'est leur valeur qui est ajoutée au patrimoine du défunt. \nS'il y a au moins un  héritier réservataire , le rapport des donations permet de vérifier qu'elles  n'entament pas la part d'héritage qui lui revient de droit.\nS'il y a au moins 2  héritiers  et que l'un d'eux a reçu une donation, le rapport des donations permet d'assurer une égalité de traitement entre les héritiers.\nCertaines donations ne sont pas rapportables, notamment la donation faite hors part successorale, la donation-partage et le présent d'usage.\nEn pratique, c'est le notaire chargé de la succession qui s'occupe de faire le rapport civil.\nle rapport civil ne doit pas être confondu avec le  rapport fiscal .\n\n Exemple simplifié pour expliquer le principe du rapport civil \n\nUne personne a  fait de son vivant des donations à chacun de ses 3  enfants :\n1 er  enfant :   10 000 € \n\n2 nd  enfant :  20 000 € \n\n3 ème  enfant :   30 000 € \n\nLe total des donations est donc de   60 000 € .\nIl décède en laissant un patrimoine de   120 000 € .\nLe rapport civil de ces donations au patrimoine du défunt permet d'augmenter la valeur de celui-ci de  60 000 € , ce qui porte son total à  180 000 € .\nLe partage de ce patrimoine fictif de  180 000 €  entre les 3 enfants donne à chacun un héritage théorique de  60 000 € .\nMais il faut déduire de la part de chacun la valeur de la donation dont il avait bénéficié du vivant du défunt.\nLe 1 er  enfant aura donc  60 000 €  -  10 000 €  =  50 000 € \n\nle 2 nd  aura  60 000 €  -  20 000 €  =  40 000 € \n\net le  3 ème    60 000 €  -  30 000 €  =  30 000 € .\nLa somme de la part de chacun correspond à la valeur du patrimoine du défunt :  50 000 €  +  40 000 €  +  30 000 €  =  120 000 € .",
    "link": "https://www.service-public.fr/particuliers/vosdroits/F34128",
    "name": "F34128.json",
    "arborescence": {
        "theme": "Famille",
        "sous_theme": "Succession",
        "dossier": "Règlement d'une succession",
        "sous_dossier": "",
        "fiche": "Qu'est-ce que le rapport civil dans une succession ?",
        "id": "F34128"
    }
}