{
    "text": "Amende pour stationnement gênant, dangereux, abusif : Selon la gravité de l'infraction aux règles de stationnement (stationnement gênant, très gênant ou dangereux...), vous devez payer une amende forfaitaire de 35 € ou de 135 € . Vous devez payer l'amende dans les 45 jours suivant l'envoi de l'avis de contravention. Ce délai passe à 60 jours si vous payez par télépaiement ou timbre dématérialisé. Si vous ne respectez pas le délai de paiement, le montant de l'amende est majoré. Vous pouvez contester l'amende en ligne ou par courrier. Délai de paiement: L'amende forfaitaire doit être payée dans les 45 jours suivant la date d'envoi de l'avis. Ce délai de 45 jours passe à 60 jours si vous payez par télépaiement ou par timbre dématérialisé. ",
    "text_reader": "\n Selon la gravité de l'infraction aux règles de stationnement (stationnement gênant, très gênant ou dangereux...), vous devez payer une  amende forfaitaire    de  35 €  ou de   135 € . Vous devez payer l'amende dans les 45 jours suivant l'envoi de l'avis de contravention. Ce délai passe à 60 jours si vous payez par télépaiement ou timbre dématérialisé. Si vous ne respectez pas le délai de paiement, le montant de l'amende est majoré. Vous pouvez contester l'amende en ligne ou par courrier. \n L'amende forfaitaire doit être payée dans les  45 jours  suivant la date d'envoi de l'avis. Ce délai de 45 jours passe à  60 jours  si vous payez par télépaiement ou par timbre dématérialisé.\n\n",
    "link": "https://www.service-public.fr/particuliers/vosdroits/F34212",
    "name": "F34212--delai-de-p-iement-17.json",
    "arborescence": {
        "theme": "Transports",
        "sous_theme": "",
        "dossier": "Infractions routières",
        "sous_dossier": "Stationnement",
        "fiche": "Stationnement gênant, dangereux, abusif",
        "id": "F34212"
    }
}