{
    "text": "Qu'est-ce que la médiation familiale ? : La médiation familiale est une autre voie dans le règlement de conflits comme les ruptures, séparations et divorces, succession, ou encore les conflits vous empêchant de voir vos enfants ou petits-enfants. Elle se met en place avec l'accord des deux parties. À votre demande: Procédure: Vous pouvez vous adresser à votre caisse d'allocations familiales (Caf) ou au tribunal dont dépend votre domicile pour contacter un médiateur familial. La médiation familiale se déroule en 3 étapes : L'entretien d'information au cours duquel le médiateur familial vous présente les objectifs, le contenu et les thèmes que vous pouvez aborder. Vous pouvez ainsi accepter ou refuser de vous engager dans une médiation familiale en toute connaissance de cause. Cet entretien est sans engagement. Les entretiens de médiation familiale : d'une durée de 1h30 à 2 heures environ, ils se déroulent sur une période allant de 3 à 6 mois. Leur nombre (6 à 10 entretiens) varie selon votre situation et les sujets que vous souhaitez aborder : résidence des enfants, contribution financière à leur entretien, droit de visite ... Si vous aboutissez à un accord, vous pouvez demander au juge de l'homologuer. Cet accord aura la même force qu'un jugement. ",
    "text_reader": "\n La médiation familiale est une autre voie dans le règlement de conflits  comme les ruptures, séparations et divorces, succession, ou encore les conflits vous empêchant de voir vos enfants ou petits-enfants. Elle se met en place avec l'accord des deux parties. \n Vous pouvez vous adresser à votre caisse d'allocations familiales (Caf) ou au tribunal  dont dépend votre domicile pour contacter un médiateur familial. La médiation familiale se déroule en 3 étapes : L'entretien d'information au cours duquel le médiateur familial vous présente les objectifs, le contenu et les thèmes que vous pouvez aborder. Vous pouvez ainsi accepter ou refuser de vous engager dans une médiation familiale en toute connaissance de cause. Cet entretien est sans engagement. Les entretiens de médiation familiale : d'une durée de 1h30 à 2 heures environ, ils se déroulent sur une période allant de 3 à 6 mois. Leur nombre (6 à 10 entretiens) varie selon votre situation et les sujets que vous souhaitez aborder : résidence des enfants, contribution financière à leur entretien, droit de visite ... Si vous aboutissez à un accord, vous pouvez demander au juge de l'homologuer. Cet accord aura la même force qu'un jugement.\n\n",
    "link": "https://www.service-public.fr/particuliers/vosdroits/F34355",
    "name": "F34355--a-votre-de-emande-15--procedure-cedure-9.json",
    "arborescence": {
        "theme": "Famille",
        "sous_theme": "Couple",
        "dossier": "Divorce, séparation de corps",
        "sous_dossier": "",
        "fiche": "Qu'est-ce que la médiation familiale ?",
        "id": "F34355"
    }
}