{
    "text": "Informations mentionnées sur les denrées alimentaires : Les produits alimentaires ne doivent pas porter atteinte à la santé des personnes. Le vendeur est soumis à des obligations d'affichage différentes selon les produits vendus et leur conditionnement. ",
    "text_reader": "\n Les produits alimentaires ne doivent pas porter atteinte à la santé des personnes. Le vendeur est soumis à des obligations d'affichage différentes selon les produits vendus et leur conditionnement. \n ",
    "link": "https://www.service-public.fr/particuliers/vosdroits/F34352",
    "name": "F34352.json",
    "arborescence": {
        "theme": "Argent",
        "sous_theme": "Consommation",
        "dossier": "Alimentation, restauration",
        "sous_dossier": "",
        "fiche": "Informations mentionnées sur les denrées alimentaires",
        "id": "F34352"
    }
}