{
    "text": "Qu'est-ce que la médiation familiale ? : La médiation familiale est une autre voie dans le règlement de conflits comme les ruptures, séparations et divorces, succession, ou encore les conflits vous empêchant de voir vos enfants ou petits-enfants. Elle se met en place avec l'accord des deux parties. À la demande du juge: Coût: L'entretien d'information est gratuit. À l'expiration de sa mission, le juge fixe la rémunération du médiateur. Lorsque les frais de la médiation sont à la charge des parties, celles-ci déterminent librement entre elles leur répartition. À défaut d'accord, ces frais sont répartis à parts égales, à moins que le juge n'estime qu'une telle répartition est inéquitable au regard de la situation économique des parties. Vous pouvez bénéficier selon vos ressources de l'aide juridictionnelle (prise en charge totale au partielle du coût par l'État). Si elle est accordée, la répartition de la charge des frais de la médiation se fait à parts égales. Les frais incombant à la partie bénéficiaire de l'aide juridictionnelle étant à la charge de l'État. ",
    "text_reader": "\n La médiation familiale est une autre voie dans le règlement de conflits  comme les ruptures, séparations et divorces, succession, ou encore les conflits vous empêchant de voir vos enfants ou petits-enfants. Elle se met en place avec l'accord des deux parties. \n L'entretien d'information est gratuit. À l'expiration de sa mission, le juge fixe la rémunération du médiateur. Lorsque les frais de la médiation sont à la charge des parties, celles-ci déterminent librement entre elles leur répartition. À défaut d'accord, ces frais sont répartis à parts égales, à moins que le juge n'estime qu'une telle répartition est inéquitable au regard de la situation économique des parties. Vous pouvez bénéficier selon vos ressources de  l'aide juridictionnelle  (prise en charge totale au partielle du coût par l'État). Si elle est accordée,  la répartition de la charge des frais de la médiation se fait à parts égales. Les frais incombant à la partie bénéficiaire de l'aide juridictionnelle étant à la charge de l'État.\n\n",
    "link": "https://www.service-public.fr/particuliers/vosdroits/F34355",
    "name": "F34355--a-la-deman-u-juge-20--cout-cout-4.json",
    "arborescence": {
        "theme": "Famille",
        "sous_theme": "Couple",
        "dossier": "Divorce, séparation de corps",
        "sous_dossier": "",
        "fiche": "Qu'est-ce que la médiation familiale ?",
        "id": "F34355"
    }
}