{
    "text": "Colocation : quelles sont les règles ? : Une colocation est la location par plusieurs locataires ( colocataires ) d'un même logement devenant leur résidence principale. Elle peut prendre la forme d'un bail unique signé par les tous colocataires, ou d'autant de contrats de location qu'il y a de colocataires. Dans les 2 cas, la colocation obéit à des règles spécifiques. La location d'un logement par un seul couple pacsé au moment de la signature du bail ou par un seul couple marié n'est pas une colocation. Un bail unique: Paiement des charges locatives: Les charges locatives sont à payer au propriétaire selon la forme indiquée dans le bail : Soit sous forme de provisions pour charges, avec régularisation annuelle Soit sous la forme d'un forfait à verser simultanément au loyer par forfait Employé d'immeuble (non logé sur place) ou gardien/concierge (habitant sur place) Employé d'immeuble Le salaire versé à l'employé d'immeuble et les charges sociales et fiscales qui y sont liées sont récupérables en totalité (à 100 %) par le propriétaire. Toutefois, certaines dépenses ne font pas partie des charges récupérables : Salaire en nature Intéressement et la participation aux bénéfices de l'entreprise Indemnités et primes de départ à la retraite Indemnités de licenciement Cotisation à une mutuelle prise en charge par l'employeur ou par le comité d'entreprise Participation de l'employeur au comité d'entreprise Participation de l'employeur à l'effort de construction Cotisation à la médecine du travail Gardien ou concierge (ayant un logement de fonction) Le salaire versé au gardien et les charges sociales et fiscales qui y sont liées sont récupérables par le propriétaire à : 75 % de leur montant, si le gardien assure le nettoyage des parties communes et sort les containers de poubelles, 40 % de leur montant, s'il n'assure que l'une ou l'autre des ces 2 tâches. Toutefois, certaines dépenses ne font pas partie des charges récupérables : Salaire en nature Intéressement et participation aux bénéfices de l'entreprise Indemnités et primes de départ à la retraite Indemnités de licenciement Cotisation à une mutuelle prise en charge par l'employeur ou par le comité d'entreprise Participation de l'employeur au comité d'entreprise Participation de l'employeur à l'effort de construction Cotisation à la médecine du travail Le montant du forfait doit être inscrit dans le bail. Il ne peut pas être manifestement disproportionné au regard du montant de charges appliqué au précédent locataire. Le forfait ne peut pas donner lieu à complément ou à régularisation ultérieure. Son montant peut être révisé chaque année aux mêmes conditions que le loyer principal . Son versement est fait en même temps que le loyer. La périodicité est prévue dans le bail.",
    "text_reader": "\n Une colocation est la location par plusieurs locataires ( colocataires )  d'un même logement devenant  leur résidence principale. Elle peut prendre la forme d'un bail unique signé par les tous colocataires, ou d'autant de  contrats de location qu'il y a de colocataires. Dans les 2 cas, la colocation obéit à des règles spécifiques. La location d'un logement par un seul couple pacsé au moment de la signature du bail ou par  un seul couple marié n'est pas une colocation. \n Les  charges locatives    sont à payer  au propriétaire selon  la forme indiquée dans le bail : Soit sous forme de provisions pour charges, avec régularisation annuelle Soit sous la forme d'un forfait à verser simultanément au loyer\n\nPaiement par forfait\nEmployé d'immeuble (non logé sur place) ou gardien/concierge (habitant sur place)\nEmployé d'immeuble\nLe salaire  versé à l'employé d'immeuble et les charges sociales et fiscales qui y sont liées sont récupérables en totalité (à 100 %) par le propriétaire.\nToutefois, certaines dépenses ne font pas partie des charges récupérables :\nSalaire en nature\nIntéressement et la participation aux bénéfices de l'entreprise\nIndemnités et primes de départ à la retraite\nIndemnités de licenciement\nCotisation à une mutuelle prise en charge par l'employeur ou par le comité d'entreprise\nParticipation de l'employeur au comité d'entreprise\nParticipation de l'employeur à l'effort de construction\nCotisation à la médecine du travail\nGardien ou concierge (ayant un logement de fonction)\nLe salaire  versé au gardien et les charges sociales et fiscales qui y sont liées sont récupérables par le propriétaire à :\n75 % de leur montant, si le  gardien assure le nettoyage des  parties communes et sort les containers de poubelles,\n40 % de leur montant, s'il n'assure  que l'une ou l'autre des ces 2 tâches.\nToutefois, certaines dépenses ne font pas partie des charges récupérables :\nSalaire en nature\nIntéressement et participation aux bénéfices de l'entreprise\nIndemnités et primes de départ à la retraite\nIndemnités de licenciement\nCotisation à une mutuelle prise en charge par l'employeur ou par le comité d'entreprise\nParticipation de l'employeur au comité d'entreprise\nParticipation de l'employeur à l'effort de construction\nCotisation à la médecine du travail\nLe montant du forfait doit être inscrit dans le bail. Il ne peut pas être manifestement disproportionné au regard du montant de charges appliqué au précédent locataire.\nLe forfait ne peut pas donner lieu à complément ou à régularisation ultérieure.\nSon montant peut être   révisé chaque année aux mêmes conditions que le loyer principal .\nSon versement est fait en même temps que le loyer. La périodicité est prévue dans le bail.",
    "link": "https://www.service-public.fr/particuliers/vosdroits/F34661",
    "name": "F34661--un-bail-un-unique-14--paiement-d-atives-30--paiement-p-orfait-20.json",
    "arborescence": {
        "theme": "Logement",
        "sous_theme": "Location immobilière",
        "dossier": "Location immobilière : contrat de location (bail)",
        "sous_dossier": "",
        "fiche": "Colocation : quelles sont les règles ?",
        "id": "F34661"
    }
}