{
    "text": "Téléconsultation : Tout assuré peut bénéficier de la téléconsultation. Elle est remboursée dans le cadre du parcours de soins et doit donc passer par le médecin traitant. Coût: La téléconsultation s'inscrit dans un parcours de soins. Elle doit donc passer par le médecin traitant du patient sauf pour les spécialistes que l'on peut déjà consulter en accès direct (gynécologues, ophtalmologues, psychiatres, neuropsychiatres, et stomatologues) et pour les patients de moins de 16 ans. Médecin Secteur Tarif Base du remboursement Montant remboursé (après déduction du forfait de 1 € ) Généraliste Secteur 1 25 € 25 € 16,50 € Secteur 2 Honoraires libres 25 € 16,50 € Spécialiste Secteur 1 25 € 25 € 16,50 € Secteur 2 Honoraires libres 23 € 15,10 € Les modes de paiement restent les mêmes que pour une consultation en face-à-face. Le médecin précise au patient les modalités de règlement de la téléconsultation. Le patient peut ainsi payer le médecin en lui envoyant un chèque après la consultation, ou par virement bancaire après la consultation, ou via une solution de paiement en ligne proposée par le médecin. ",
    "text_reader": "\n Tout assuré  peut bénéficier de la téléconsultation. Elle est remboursée dans le cadre du parcours de soins et doit donc passer par le médecin traitant. \n La téléconsultation s'inscrit dans un parcours de soins. Elle doit donc passer par le médecin traitant du patient sauf pour les spécialistes que l'on peut déjà consulter en accès direct (gynécologues,  ophtalmologues,  psychiatres,  neuropsychiatres, et stomatologues) et pour les patients de moins de 16 ans. Médecin Secteur Tarif Base du remboursement Montant remboursé (après déduction du forfait               de  1 € ) Généraliste Secteur 1   25 €     25 €     16,50 €   Secteur 2 Honoraires libres   25 €     16,50 €   Spécialiste Secteur 1   25 €     25 €     16,50 €   Secteur 2 Honoraires libres   23 €     15,10 €   Les modes de paiement restent les mêmes que pour une consultation en face-à-face. Le médecin précise au patient les modalités de règlement de la téléconsultation. Le patient peut ainsi payer le médecin en lui envoyant un chèque après la consultation, ou par virement bancaire après la consultation, ou via une solution de paiement en ligne proposée par le médecin.\n\n",
    "link": "https://www.service-public.fr/particuliers/vosdroits/F34696",
    "name": "F34696--cout-cout-4.json",
    "arborescence": {
        "theme": "Social - Santé",
        "sous_theme": "Sécurité sociale",
        "dossier": "Remboursement des soins par la sécurité sociale",
        "sous_dossier": "Remboursement par type de dépense",
        "fiche": "Téléconsultation",
        "id": "F34696"
    }
}