{
    "text": "Recevabilité du dossier de surendettement : Après son dépôt auprès d'une commission de surendettement, le dossier est examiné pour déterminer si la demande remplit les critères de recevabilité. La décision est ensuite notifiée au demandeur : soit le dossier est accepté, soit il est rejeté. Dans les 2 cas, des recours sont possibles pour contester la décision de la commission. Recours: Contre la décision de rejet Le demandeur peut contester la décision de rejet dans les 15 jours qui suivent sa notification. Il peut le faire : par lettre recommandée avec accusé de réception envoyée à la Banque de France (en indiquant la référence de votre dossier : numéro à 12 chiffres), ou par lettre remise au secrétariat de la commission (en indiquant la référence de votre dossier : numéro à 12 chiffres. Permet de contester la décision d'irrecevabilité rendue par la commission de surendettement suite au dépôt de votre dossier de surendettement. Vous avez 15 jours pour faire ce recours après la décision de rejet. La lettre doit être soit remise au guichet du secrétariat de la commission contre récépissé, soit être envoyée par courrier recommandé avec accusé de réception à la Banque de France. La lettre, accompagnée de votre dossier, est ensuite transmise au greffe du tribunal. Banque de France Surendettement TSA 41217 75035 PARIS CEDEX 01 Attention : Si votre courrier concerne un dossier de surendettement déjà connu de la Banque de France, vous devez impérativement rappeler sa référence à 12 chiffres (le numéro attribué au dossier par la Banque de France) Le juge des contentieux de la protection tranche définitivement sur la demande : s'il déclare la demande recevable : l'instruction du dossier par la commission de surendettement se poursuit ; s'il déclare la demande irrecevable : la procédure prend fin.",
    "text_reader": "\n Après son dépôt auprès d'une commission de surendettement, le dossier est examiné pour déterminer si la demande remplit les critères de recevabilité. La décision est ensuite notifiée au demandeur : soit le dossier est accepté, soit il est rejeté. Dans les 2 cas, des recours sont possibles pour contester la décision de la commission. \n Contre la décision de rejet\nLe demandeur peut contester la décision de rejet   dans les 15 jours qui suivent sa notification.\nIl peut le faire :\npar lettre recommandée avec accusé de réception envoyée  à la Banque de France (en indiquant  la référence de votre dossier : numéro à 12 chiffres),\nou par lettre remise au secrétariat de la commission (en indiquant  la référence de votre dossier : numéro à 12 chiffres.\nPermet de contester la décision d'irrecevabilité rendue par la commission de surendettement suite au   dépôt de votre dossier de surendettement. Vous avez  15 jours pour faire ce recours après la  décision de rejet. La lettre  doit être soit remise au guichet du secrétariat de la commission  contre récépissé, soit être envoyée par courrier recommandé avec accusé de réception à la Banque de France.\nLa  lettre,  accompagnée de votre dossier, est ensuite transmise au greffe du tribunal.\nBanque de France Surendettement\nTSA 41217\n75035 PARIS CEDEX 01\nAttention :\nSi votre  courrier  concerne un dossier de surendettement déjà connu de la Banque de France,  vous devez impérativement rappeler sa référence à 12 chiffres (le numéro attribué au dossier par la Banque de France)\nLe juge des contentieux de la protection  tranche définitivement sur la demande :\ns'il déclare la demande recevable : l'instruction du dossier par la commission de surendettement se poursuit ;\ns'il déclare la demande irrecevable : la procédure prend fin.",
    "link": "https://www.service-public.fr/particuliers/vosdroits/F34642",
    "name": "F34642--recours-ecours-7--contre-la---rejet-27.json",
    "arborescence": {
        "theme": "Argent",
        "sous_theme": "Crédit et surendettement",
        "dossier": "Surendettement",
        "sous_dossier": "",
        "fiche": "Recevabilité du dossier de surendettement",
        "id": "F34642"
    }
}