{
    "text": "Drone : règles de pilotage à respecter : Un drone est un engin volant sans passagers, piloté à distance. Certains drones de loisir nécessitent une autorisation pour voler. Dans tous les cas, un certain nombre de règles conditionnent leur pilotage. Certaines zones sont interdites au vol et d'autres soumises à restrictions. En cas d'incident, votre responsabilité peut être engagée. Si le poids de votre drone est supérieur ou égal à 800 grammes, vous devez l'enregistrer et suivre une formation en ligne. Cas général: Par courrier: Direction générale de l'Aviation civile 50 rue Henry FARMAN 75720 Paris cedex 15 ",
    "text_reader": "\n Un drone est un engin volant sans passagers, piloté à distance. Certains drones de loisir nécessitent une autorisation pour voler. Dans tous les cas, un certain nombre de règles conditionnent leur pilotage. Certaines zones sont interdites au vol et d'autres soumises à restrictions. En cas d'incident, votre responsabilité peut être engagée. Si le poids de votre drone est supérieur ou égal à 800 grammes, vous devez l'enregistrer et suivre une formation en ligne. \n Direction générale de l'Aviation civile 50 rue Henry FARMAN 75720 Paris cedex 15\n\n",
    "link": "https://www.service-public.fr/particuliers/vosdroits/F34630",
    "name": "F34630--cas-genera-eneral-11--par-courri-urrier-12.json",
    "arborescence": {
        "theme": "Loisirs",
        "sous_theme": "Temps libre",
        "dossier": "Sport",
        "sous_dossier": "Règles spécifiques de sécurité",
        "fiche": "Drone de loisir",
        "id": "F34630"
    }
}