{
    "text": "Combien coûte un passeport ? : Se munir d'une carte bancaire À partir de 18 ans: Le montant du passeport d'une personne majeure dépend du lieu de la demande. dans certains cas, il est possible d'obtenir ou de renouveler son passeport gratuitement . En Guadeloupe Le passeport coûte 86 € Se munir d'une carte bancaire Comment acheter un timbre fiscal ? ",
    "text_reader": "\n Se munir d'une carte bancaire \n Le montant du passeport d'une personne majeure dépend du lieu de la demande. dans certains cas, il est possible  d'obtenir ou de renouveler son passeport gratuitement .\n\nEn Guadeloupe\nLe passeport coûte  86 € \n\nSe munir d'une carte bancaire\n  Comment acheter un timbre fiscal ? \n",
    "link": "https://www.service-public.fr/particuliers/vosdroits/F34752",
    "name": "F34752--a-partir-d-18-ans-18--en-guadelo-eloupe-13.json",
    "arborescence": {
        "theme": "Papiers - Citoyenneté",
        "sous_theme": "Identité - Authentification",
        "dossier": "Passeport",
        "sous_dossier": "Autre",
        "fiche": "Combien coûte un passeport ?",
        "id": "F34752"
    }
}