{
    "text": "Fichier des auteurs d'infractions sexuelles ou violentes (Fijais) : Le fichier judiciaire automatisé des auteurs d'infractions sexuelles et violentes (Fijais) recense les personnes majeures ou mineures condamnées pour certaines infractions sexuelles ou violentes. Ces personnes doivent indiquer leur adresse aux autorités à intervalles réguliers. Une personne fichée peut demander, sous conditions, la communication de ses données, leur rectification ou leur effacement. Pour un majeur: Quelles conséquences pour la personne fichée ?: Avec récidive légale Vous devez respecter les obligations suivantes : Indiquer une 1 re fois votre adresse avec un justificatif de domicile de moins de 3 mois dans les 15 jours suivant la notification de vos obligations Indiquer votre adresse tous les mois Déclarer tout changement d'adresse dans les 15 jours de ce changement Vous devez faire ces démarches auprès du commissariat ou de la gendarmerie de votre domicile. Si vous résidez à l'étranger, vous devez faire ces démarches auprès du consulat de France ou de la section consulaire de l'ambassade de France le plus proche de votre domicile. Vous devez vous déplacer en personne. Ne pas respecter ces obligations est puni d'un maximum de 2 ans de prison et de 30 000 € d'amende.",
    "text_reader": "\n Le fichier judiciaire automatisé des auteurs d'infractions sexuelles et violentes (Fijais)  recense les personnes majeures ou mineures condamnées pour certaines  infractions  sexuelles ou violentes.  Ces personnes doivent indiquer leur adresse  aux autorités à intervalles réguliers. Une personne fichée peut demander, sous conditions, la communication de ses données, leur rectification ou leur effacement. \n Avec récidive légale\nVous devez respecter les obligations suivantes :\nIndiquer une 1 re  fois votre adresse avec un justificatif de domicile de moins de 3 mois dans les 15 jours suivant la  notification   de vos obligations\nIndiquer votre adresse  tous les mois \n\nDéclarer tout changement d'adresse dans les 15 jours de ce changement\nVous devez faire ces démarches auprès du commissariat ou de la gendarmerie de votre domicile.\nSi vous résidez à l'étranger, vous devez faire ces démarches auprès du consulat de France ou de la section consulaire de l'ambassade de France le plus proche de votre domicile.\nVous devez vous déplacer en personne.\nNe pas respecter ces obligations est puni d'un maximum de  2 ans  de prison et de  30 000 €   d'amende.",
    "link": "https://www.service-public.fr/particuliers/vosdroits/F34836",
    "name": "F34836--pour-un-ma-majeur-14--quelles-co-fichee-46--avec-recid-legale-20.json",
    "arborescence": {
        "theme": "Papiers - Citoyenneté",
        "sous_theme": "Fichiers et protection de la vie privée",
        "dossier": "Fichiers judiciaires et de police judiciaire",
        "sous_dossier": "",
        "fiche": "Fichier des auteurs d'infractions sexuelles ou violentes (Fijais)",
        "id": "F34836"
    }
}