{
    "text": "Habiter un logement social en colocation : à quelles conditions ? : Un logement en colocation est un logement loué par plusieurs \" locataires en titre\" (personnes signataires du contrat de location conclu avec le bailleur). S'il s'agit d'un logement social, le bailleur social (office public de l'habitat, société d'économie mixte, ...) signe avec chaque colocataire un contrat de location. La colocation obéit à des règles spécifiques. Attention, un logement loué par un couple pacsé ou marié n'est pas une colocation. Contrat de location (bail): Le bailleur social signe avec chaque colocataire du logement un contrat de location (bail). Chaque bail doit préciser : la pièce du logement dont chaque colocataire a la jouissance exclusive, les parties communes mises à disposition de l'ensemble des colocataires (cuisine, salle de bain, salon, etc.). Chaque colocataire doit disposer d'une surface au moins égale à 9 m 2 et d'un volume au moins égal à 20 m 3 (pièces communes non prises en compte). le caractère décent ou non du logement s'apprécie en prenant en compte l'ensemble des éléments, équipements et pièces du logement (et non de la seule partie du logement dont le locataire a la jouissance exclusive). ",
    "text_reader": "\n Un logement en colocation est un logement loué par plusieurs \"  locataires en titre\" (personnes signataires du contrat de location conclu avec le bailleur).  S'il s'agit d'un logement social, le bailleur social (office public de l'habitat, société d'économie mixte, ...) signe avec chaque  colocataire   un contrat de location. La colocation obéit à des règles spécifiques. Attention, un logement loué par un couple pacsé ou  marié n'est pas une colocation. \n Le  bailleur social  signe avec chaque colocataire du logement un contrat de location (bail). Chaque  bail doit préciser : la pièce du logement dont chaque colocataire a la jouissance exclusive, les parties communes mises à disposition de l'ensemble des colocataires (cuisine, salle de bain, salon, etc.). Chaque  colocataire doit disposer d'une surface au moins égale à 9 m 2  et d'un volume au moins égal à 20 m 3  (pièces communes non prises en compte). le   caractère décent ou non du logement  s'apprécie en prenant en compte l'ensemble des éléments, équipements et pièces du logement (et non de la seule partie du logement dont le locataire a la jouissance exclusive).\n\n",
    "link": "https://www.service-public.fr/particuliers/vosdroits/F34819",
    "name": "F34819--contrat-de-n-bail-26.json",
    "arborescence": {
        "theme": "Logement",
        "sous_theme": "Location immobilière",
        "dossier": "Location immobilière : contrat de location (bail)",
        "sous_dossier": "",
        "fiche": "Habiter un logement social en colocation : à quelles conditions ?",
        "id": "F34819"
    }
}