{
    "text": "Phishing (hameçonnage) : Que faire si vous recevez un mail d'un expéditeur se faisant passer pour un organisme officiel ou familier (banque, impôts, Caf ) pour avoir accès à vos données personnelles sur internet ? Vous êtes probablement victime d'une escroquerie couramment appelée phishing ou hameçonnage . Comment se protéger ?: Installer un logiciel anti-spam Être vigilant si vous recevez un mail qui vous demande une action urgente Entrer manuellement l'adresse (URL) du site dans le navigateur ",
    "text_reader": "\n Que faire si vous recevez un mail d'un expéditeur se faisant passer pour un organisme officiel ou  familier (banque, impôts,  Caf ) pour avoir accès à vos données personnelles sur internet ?  Vous êtes probablement victime d'une escroquerie couramment appelée  phishing  ou  hameçonnage . \n Installer un logiciel anti-spam Être  vigilant si vous recevez un mail qui vous demande une action urgente Entrer manuellement l'adresse (URL) du site dans le navigateur\n\n",
    "link": "https://www.service-public.fr/particuliers/vosdroits/F34800",
    "name": "F34800--comment-se-oteger-21.json",
    "arborescence": {
        "theme": "Justice",
        "sous_theme": "Infractions",
        "dossier": "Infractions sur internet",
        "sous_dossier": "",
        "fiche": "Phishing (hameçonnage)",
        "id": "F34800"
    }
}