{
    "text": "Plan d'épargne retraite (PER) : Le PER est un nouveau produit d'épargne retraite. Il est disponible depuis le 1 er octobre 2019 et remplacera progressivement les autres plans d'épargne retraite. Le PER se décline sous 3 formes : un PER individuel, et deux PER d'entreprise. Le PER individuel succède au Perp et au contrat Madelin . Le PER d'entreprise collectif succède au Perco . Le PER d'entreprise obligatoire succède au contrat article 83 . Vous pouvez transférer l'épargne des anciens plans déjà ouverts sur votre nouveau PER. PER individuel : Fiscalité: Sortie en rente Si vous optez pour une sortie en rente, la part de la rente correspondant à vos versements volontaires ou provenant de revenus exonérés est imposée suivant les règles applicables aux rentes viagères à titre onéreux. Le solde est imposé suivant les règles applicables aux pensions et retraites .",
    "text_reader": "\n Le  PER      est un nouveau produit d'épargne retraite. Il est disponible depuis le 1 er  octobre 2019 et remplacera progressivement les autres plans d'épargne retraite. Le PER se décline sous 3 formes : un PER individuel, et deux PER d'entreprise. Le PER individuel succède au  Perp  et au  contrat Madelin . Le PER d'entreprise collectif succède au  Perco . Le  PER d'entreprise obligatoire succède au  contrat article 83 . Vous pouvez transférer l'épargne des anciens plans déjà ouverts   sur votre nouveau  PER. \n Sortie en rente\nSi vous optez pour une sortie en rente, la part de la rente correspondant à vos versements volontaires  ou provenant de revenus exonérés  est imposée suivant les  règles applicables aux rentes viagères à titre onéreux. \n\nLe solde est imposé suivant les   règles applicables aux pensions et retraites .",
    "link": "https://www.service-public.fr/particuliers/vosdroits/F34982",
    "name": "F34982--per-indivi-viduel-15--fiscalite-calite-9--sortie-en---rente-15.json",
    "arborescence": {
        "theme": "Argent",
        "sous_theme": "Épargne",
        "dossier": "Épargne salariale, participation et intéressement",
        "sous_dossier": "Plans d'épargne salariale",
        "fiche": "Plan d'épargne retraite (PER)",
        "id": "F34982"
    }
}