{
    "text": "Prime de transition énergétique \"MaPrimeRénov\" : La prime de transition énergétique appelée MaPrimeRénov' peut être attribuée à tout propriétaire pour financer les travaux et/ou dépenses de rénovation énergétique de sa résidence principale . Cette prime est soumise à des conditions de ressources. Les travaux doivent être réalisés par une entreprise reconnue garant de l'environnement (RGE) . La demande de prime doit être déposée avant le démarrage des travaux, sauf exception. Cette prime se cumule avec d'autres aides. Cumul avec d'autres aides: La prime est cumulable notamment avec : la TVA réduite (5,5 %) sur les travaux d'économies d'énergie, l'éco-prêt à taux zéro (éco-PTZ) pour financer le montant qu'il vous reste à payer, les certificats d'économies d'énergie (CEE) versés directement par les fournisseurs d'énergie, le chèque énergie . Vous pouvez utiliser un simulateur pour connaître et estimer le montant des aides financières dont vous pouvez bénéficier pour rénover votre logement : ",
    "text_reader": "\n La prime de transition énergétique appelée  MaPrimeRénov'  peut être attribuée à tout propriétaire pour financer les travaux et/ou dépenses de rénovation énergétique de sa  résidence principale . Cette prime est soumise à des conditions de ressources. Les travaux doivent être réalisés par une entreprise  reconnue garant de l'environnement (RGE) . La demande de prime doit être déposée avant le démarrage des travaux, sauf exception. Cette prime se cumule avec d'autres aides. \n La prime est cumulable notamment avec : la  TVA  réduite (5,5 %) sur les travaux d'économies d'énergie,   l'éco-prêt à taux zéro (éco-PTZ)  pour financer le montant qu'il vous reste à payer, les  certificats d'économies d'énergie (CEE)    versés directement par les fournisseurs d'énergie, le  chèque énergie . Vous pouvez utiliser un simulateur pour connaître et estimer le montant des aides financières dont vous pouvez bénéficier pour rénover votre logement :\n\n",
    "link": "https://www.service-public.fr/particuliers/vosdroits/F35083",
    "name": "F35083--cumul-avec--aides-25.json",
    "arborescence": {
        "theme": "Logement",
        "sous_theme": "Aides financières pour le logement",
        "dossier": "Aides et prêts pour l'amélioration et la rénovation énergétique de l'habitat",
        "sous_dossier": "Aides financières",
        "fiche": "Prime \"MaPrimeRénov'\"",
        "id": "F35083"
    }
}