{
    "text": "Impôt sur le revenu - Quotient familial d'un parent isolé : Enfant en garde exclusive: Vous avez droit à 1 part de quotient familial . Si vous vivez seul et que vous avez au moins un enfant à charge exclusive (mineur ou majeur célibataire), vous pouvez bénéficier d'une demi-part supplémentaire : Enfant Nombre de parts 1 2 2 2,5 Par enfant supplémentaire 1 Vous avez aussi droit à une majoration d'une demi-part pour chaque personne à charge titulaire de la carte mobilité inclusion portant la mention \"invalidité\", qu'il s'agisse de votre enfant ou de toute autre personne, dans certaines conditions. Vous pouvez également bénéficier d'une majoration du nombre de part dans certaines situations. Vous avez élevé seul(e) un enfant pendant 5 ans Vous bénéficiez d'une demi-part supplémentaire si vous remplissez les 3 conditions suivantes : Vous viviez seul au 1 er janvier 2019 sans aucune personne à charge Vous êtes dans l'une des 3 situations suivantes : Vous avez un ou plusieurs enfants majeurs ou mineurs faisant l'objet d'une imposition personnelle Vous avez adopté un enfant. En cas d'adoption après l'âge de 10 ans, vous devez l'avoir compté à charge comme enfant recueilli depuis l'âge de 10 ans. L'enfant adopté ne doit pas être décédé avant d'avoir atteint l'âge de 16 ans. Vous avez eu un ou plusieurs enfants qui sont décédés après l'âge de 16 ans ou par suite de faits de guerre. Vous avez supporté la charge exclusive ou principale d'un ou de plusieurs de ces enfants pendant au moins 5 années au cours desquelles vous viviez seul. L'avantage fiscal est limité à 936 € pour la demi-part supplémentaire accordée.",
    "text_reader": "Vous avez droit à 1 part de  quotient familial . Si vous  vivez seul et que vous avez au moins un enfant  à charge exclusive (mineur ou majeur célibataire), vous pouvez bénéficier d'une demi-part supplémentaire : Enfant Nombre de parts 1 2 2 2,5 Par enfant supplémentaire 1 Vous avez aussi droit à une majoration d'une demi-part pour chaque personne à charge titulaire de la carte mobilité inclusion portant la mention \"invalidité\", qu'il s'agisse de votre enfant ou de toute autre personne, dans certaines conditions. Vous pouvez également bénéficier d'une majoration du nombre de part dans certaines situations.\n\nVous avez élevé seul(e) un enfant pendant 5 ans\nVous bénéficiez d'une demi-part supplémentaire si vous remplissez les 3 conditions suivantes :\nVous viviez seul au 1 er  janvier 2019 sans aucune personne à charge\nVous êtes dans l'une des 3 situations suivantes :\nVous avez un ou plusieurs enfants majeurs ou mineurs faisant l'objet d'une imposition personnelle\nVous avez adopté un enfant. En cas d'adoption après l'âge de 10 ans, vous devez l'avoir compté à charge comme enfant recueilli depuis l'âge de 10 ans. L'enfant adopté ne doit pas être décédé avant d'avoir atteint l'âge de 16 ans.\nVous avez eu un ou plusieurs enfants qui sont décédés après l'âge de 16 ans ou par suite de faits de guerre.\nVous avez supporté la charge exclusive ou principale d'un ou de plusieurs de ces enfants pendant au moins 5 années au cours desquelles vous viviez seul.\nL'avantage fiscal est limité à  936 €  pour la demi-part supplémentaire  accordée.",
    "link": "https://www.service-public.fr/particuliers/vosdroits/F35120",
    "name": "F35120--enfant-en--lusive-25--vous-avez---5-ans-47.json",
    "arborescence": {
        "theme": "Argent",
        "sous_theme": "Impôts, taxes et douane",
        "dossier": "Impôt sur le revenu : déclaration et revenus à déclarer",
        "sous_dossier": "Quotient familial selon les personnes à charge",
        "fiche": "Parent isolé avec au moins 1 enfant",
        "id": "F35120"
    }
}