{
    "text": "Prime à la conversion pour remplacer un véhicule : à partir du 3 août 2020 : Vous pouvez bénéficier, sous conditions, d'une prime à la conversion lors de l'achat ou de la location d'un véhicule peu polluant si, dans le même temps, vous mettez à la casse un ancien véhicule diesel ou essence. Cette prime s'ajoute à l'aide dite bonus écologique. Cette page indique les règles à partir du 3 août 2020. Revenu fiscal de référence > 13 489 € par part: Montant de l'aide: vous bénéficiez d'une surprime si vous habitez ou travaillez dans une zone à faible émission mobilité (ZFE) et que votre collectivité territoriale vous a versé une aide pour acheter ou louer un véhicule propre . Le montant de la surprime est identique à l'aide versée par la collectivité territoriale, dans la limite de 1 000 € . Camionnette hybride rechargeable Autonomie > 50 km Le montant est de 5 000 € . Un bonus peut s'ajouter si le véhicule est neuf. Si la camionnette hybride coûte 50 000 € maximum, le montant maximum de l'aide ( bonus + prime à la conversion) est de 7 000 € . Autonomie < 50 km Le montant est de 1 500 € . Dans tous les cas, le coût d'achat du véhicule doit être de 50 000 € maximum. Le véhicule doit être classé Crit'air 1 Le coût d'achat du véhicule doit être de 50 000 € maximum. Il n'y a pas de bonus pour ces véhicules.",
    "text_reader": "\n Vous pouvez bénéficier, sous conditions, d'une prime à la conversion lors de l'achat ou de la location d'un véhicule peu polluant si, dans le même temps, vous mettez à la casse un ancien véhicule diesel ou essence. Cette prime s'ajoute à l'aide dite bonus écologique. Cette page indique les règles à partir du 3 août 2020. \n vous bénéficiez d'une surprime  si   vous habitez ou travaillez dans une  zone à faible émission mobilité (ZFE)  et que votre  collectivité territoriale  vous a versé une aide  pour acheter ou louer un véhicule  propre . Le montant de la surprime est identique à l'aide versée par la collectivité territoriale, dans la limite de  1 000 € .\n\nCamionnette hybride rechargeable\nAutonomie > 50 km\nLe montant est de   5 000 € .\nUn   bonus   peut s'ajouter si le véhicule est neuf.\nSi la   camionnette  hybride  coûte  50 000 €  maximum, le montant maximum de l'aide ( bonus  + prime à la conversion) est de  7 000 € .\nAutonomie < 50 km\nLe montant est de   1 500 € .\nDans tous les cas, le coût d'achat du véhicule doit être de  50 000 €  maximum.\nLe véhicule doit être classé Crit'air 1\nLe coût d'achat du véhicule doit être de  50 000 €  maximum.\nIl n'y a pas de  bonus  pour ces véhicules.",
    "link": "https://www.service-public.fr/particuliers/vosdroits/F35354",
    "name": "F35354--revenu-fis-r-part-46--montant-de--laide-17--camionnett-geable-32.json",
    "arborescence": {
        "theme": "Transports",
        "sous_theme": "",
        "dossier": "Mesures antipollution",
        "sous_dossier": "Prime à la conversion et rétrofit électrique",
        "fiche": "À partir du 3 août 2020",
        "id": "F35354"
    }
}