{
    "text": "Faire un stage dans une entreprise en Europe : Les programmes Erasmus + et Eurodyssée permettent de partir en stage dans une entreprise ou dans un établissement de formation en Europe. Ces programmes peuvent vous concerner si vous êtes apprenti, étudiant ou demandeur d'emploi. Divers financements vous sont proposés. Apprenti: Pays concernés: Vous pouvez partir dans un pays de l'Espace économique européen (EEE), ainsi qu'en Turquie et en Macédoine. ",
    "text_reader": "\n Les programmes  Erasmus +  et  Eurodyssée  permettent de partir en stage dans une entreprise ou dans un établissement de formation en Europe.\n\t\tCes programmes peuvent vous concerner si vous êtes apprenti, étudiant ou demandeur d'emploi.  Divers financements  vous sont proposés. \n Vous pouvez partir dans un pays de  l'Espace économique européen (EEE),  ainsi qu'en Turquie et en Macédoine.\n\n",
    "link": "https://www.service-public.fr/particuliers/vosdroits/F382",
    "name": "F382--apprenti-prenti-8--pays-conce-cernes-14.json",
    "arborescence": {
        "theme": "Famille",
        "sous_theme": "Études supérieures",
        "dossier": "Étudier à l'étranger",
        "sous_dossier": "Étudier ou faire un stage en Europe",
        "fiche": "Stage en entreprise",
        "id": "F382"
    }
}