{
    "text": "Assurance maladie d'un Français vivant à l'étranger : Lorsque vous vous installez à l'étranger, vos droits à l'assurance maladie dépendent de votre pays de résidence et de votre statut. Si vous partez résider dans un autre pays européen ou en Suisse, vous ne perdez pas vos droits à l'assurance maladie. Si vous êtes détaché à l'étranger, vous restez assuré du régime français de sécurité sociale, sans cotisation supplémentaire. Si vous êtes expatrié à l'étranger, vous cessez de dépendre de la sécurité sociale française. Dans un autre pays: Vous êtes étudiant: Si vous partez étudier moins de 6 mois Vous pouvez bénéficier d'un remboursement forfaitaire des soins sans que celui-ci puisse excéder le montant du remboursement qui aurait été alloué pour des soins reçus en France (même si les soins sont plus chers dans l'autre pays).",
    "text_reader": "\n Lorsque vous vous installez à l'étranger, vos droits à l'assurance maladie dépendent de votre pays de résidence et de votre statut. Si vous partez résider dans un autre pays européen ou en Suisse, vous ne perdez pas vos droits à l'assurance maladie. Si vous êtes détaché à l'étranger, vous restez assuré du régime français de sécurité sociale, sans cotisation supplémentaire.  Si vous êtes expatrié à l'étranger, vous cessez de dépendre de la sécurité sociale française. \n Si vous partez étudier moins de 6 mois\nVous pouvez bénéficier d'un remboursement forfaitaire des soins sans que celui-ci puisse excéder le montant du remboursement qui aurait été alloué pour des soins reçus en France (même si les soins sont plus chers dans l'autre pays).",
    "link": "https://www.service-public.fr/particuliers/vosdroits/F407",
    "name": "F407--dans-un-au-e-pays-18--vous-etes--udiant-18--si-vous-pa-6-mois-38.json",
    "arborescence": {
        "theme": "Social - Santé",
        "sous_theme": "Sécurité sociale",
        "dossier": "Assurance maladie et santé d'un Français à l'étranger",
        "sous_dossier": "",
        "fiche": "Installation à l'étranger",
        "id": "F407"
    }
}