{
    "text": "Impôt sur le revenu : faut-il déclarer l'épargne salariale ? : Vous devez déclarer en 2020 les sommes reçues en 2019 dans le cadre d'un système d'épargne salariale. Toutefois, il existe des exonérations. Participation aux bénéfices: Vous n'avez pas à déclarer les sommes reçues mais elles doivent rester bloquées pendant une durée minimale (en principe 5 ans), sauf dans les cas autorisés de déblocage anticipé. ",
    "text_reader": "\n Vous devez déclarer en 2020 les sommes reçues en 2019 dans le cadre d'un système d'épargne salariale. Toutefois, il existe des exonérations. \n Vous n'avez pas à déclarer les sommes reçues mais elles doivent rester bloquées pendant une durée minimale (en principe 5 ans), sauf dans les cas autorisés de déblocage anticipé.\n\n",
    "link": "https://www.service-public.fr/particuliers/vosdroits/F487",
    "name": "F487--participat-efices-27.json",
    "arborescence": {
        "theme": "Argent",
        "sous_theme": "Impôts, taxes et douane",
        "dossier": "Impôt sur le revenu : déclaration et revenus à déclarer",
        "sous_dossier": "Autre",
        "fiche": "Impôt sur le revenu : faut-il déclarer l'épargne salariale ?",
        "id": "F487"
    }
}