{
    "text": "Fonction publique : un contractuel peut-il être placé en disponibilité ? : Territoriale (FPT): Non, seul un fonctionnaire titulaire peut être placé en disponibilité. Toutefois, un contractuel peut bénéficier de congés pour des motifs identiques à ceux prévus pour disponibilité. Ils peuvent être accordés d'office sur demande de l'agent ou sous réserve des nécessités de service . Élever un enfant de moins de 8 ans Si vous êtes employé depuis plus d'un an, vous pouvez demander un congé non rémunéré pour élever un enfant de moins de 8 ans. Si vous remplissez les conditions pour en bénéficier, vous pouvez percevoir la prestation partagée d'éducation de l'enfant (PréParÉ) . La durée du congé est fixée à 3 ans maximum, renouvelables jusqu'au 8 me anniversaire de l'enfant. Le congé est accordé dans les 2 mois maximum suivant la réception de votre demande. L'administration ne peut pas vous le refuser. Vous devez demander son renouvellement ou votre réintégration par lettre recommandée avec accusé de réception au moins 3 mois avant la fin de votre congé en cours. Toutefois, en cas de motif grave, notamment en cas de diminution des revenus de votre ménage, vous pouvez être réintégré dès réception de votre demande par l'administration. Que votre réintégration intervienne de manière anticipée ou non, vous êtes réaffecté sur votre précédent poste. Si cela n'est pas possible, vous êtes prioritaire pour occuper un emploi similaire doté d'une rémunération équivalente. En l‘absence de demande de renouvellement ou de réintégration au moins 3 mois avant la fin de votre congé en cours, vous êtes considéré comme renonçant à votre emploi. L'administration vous en informe sans délai, par lettre recommandée avec accusé de réception. En l'absence de réponse de votre part dans les 15 jours, il est mis fin à votre contrat, sans indemnité, à la fin de votre congé.",
    "text_reader": "Non, seul un fonctionnaire titulaire peut être placé en disponibilité. Toutefois, un contractuel peut bénéficier de congés pour des motifs identiques à ceux prévus pour disponibilité. Ils peuvent être accordés d'office sur demande de l'agent ou sous réserve des  nécessités de service .\n\nÉlever un enfant de moins de 8 ans\nSi vous êtes employé depuis plus d'un an, vous pouvez demander un congé non rémunéré pour élever un enfant de moins de 8 ans.\nSi vous remplissez les conditions pour en bénéficier, vous pouvez percevoir la  prestation partagée d'éducation de l'enfant (PréParÉ) .\nLa durée du congé est fixée à 3 ans maximum, renouvelables jusqu'au 8 me  anniversaire de l'enfant.\nLe congé est accordé dans les 2 mois maximum suivant la réception de votre demande. L'administration ne peut pas vous le refuser.\nVous devez demander son renouvellement ou votre réintégration par lettre recommandée avec accusé de réception au moins 3 mois avant la fin de votre congé en cours.\nToutefois, en cas de motif grave, notamment en cas de diminution des revenus de votre ménage, vous pouvez être réintégré dès réception de votre demande par l'administration.\nQue votre réintégration intervienne de manière anticipée ou non, vous êtes réaffecté sur votre précédent poste. Si cela n'est pas possible, vous êtes prioritaire pour occuper un emploi similaire doté d'une rémunération équivalente.\nEn l‘absence de demande de renouvellement ou de réintégration au moins 3 mois avant la fin de votre congé en cours, vous êtes considéré comme renonçant à votre emploi. L'administration vous en informe sans délai, par lettre recommandée avec accusé de réception. En l'absence de réponse de votre part dans les 15 jours, il est mis fin à votre contrat, sans indemnité, à la fin de votre congé.",
    "link": "https://www.service-public.fr/particuliers/vosdroits/F539",
    "name": "F539--territoria-le-fpt-18--elever-un---8-ans-34.json",
    "arborescence": {
        "theme": "Travail",
        "sous_theme": "Contrats et carrière",
        "dossier": "Mobilité dans la fonction publique",
        "sous_dossier": "",
        "fiche": "Fonction publique : un contractuel peut-il être placé en disponibilité ?",
        "id": "F539"
    }
}