{
    "text": "BCG : vaccin contre la tuberculose : La vaccination contre la tuberculose n'est plus obligatoire. Elle reste recommandée pour certains enfants. Où se faire vacciner ?: Il est possible de se faire vacciner chez un médecin ou dans un centre de protection maternelle et infantile (PMI) ou dans un centre de vaccination gratuit. Votre mairie peut également vous donner l'adresse des organismes les plus proches de chez vous. ",
    "text_reader": "\n La vaccination contre la tuberculose n'est plus obligatoire. Elle reste recommandée pour certains enfants. \n Il est possible de se faire vacciner  chez un médecin ou dans un centre de protection maternelle et infantile (PMI)  ou dans un centre de vaccination gratuit. Votre mairie peut également vous donner l'adresse des organismes les plus proches de chez vous.\n\n",
    "link": "https://www.service-public.fr/particuliers/vosdroits/F700",
    "name": "F700--ou-se-fair-cciner-22.json",
    "arborescence": {
        "theme": "Social - Santé",
        "sous_theme": "Santé",
        "dossier": "Prévention - Vaccinations",
        "sous_dossier": "Vaccinations",
        "fiche": "BCG (tuberculose)",
        "id": "F700"
    }
}