{
    "text": "Quelles sont les activités sportives accessibles aux personnes handicapées ? : Structures accessibles aux personnes handicapées Le ministère des sports répertorie toutes les structures sportives (clubs, associations...) accessibles aux personnes handicapées. L'accueil peut être mixte (avec des pratiquants valides) ou réservé aux personnes handicapées. il existe également un label espace loisirs handisport . Il concerne uniquement les structures d'hébergement (centre de vacances...) offrant des possibilités de loisirs aux personnes handicapées. Les clubs sportifs réservés aux personnes en situation de déficience mentale sont regroupés au sein de la fédération française du sport adapté (FFSA) : Les clubs sportifs réservés aux personnes en situation de handicap sensoriel ou moteur sont regroupés au sein de la fédération française handisport (FFH) : Une personne handicapée peut également pratiquer un sport en dehors de toute structure et sans accompagnement spécifique. En effet, tous les équipements sportifs (piscine, gymnase...) doivent être entièrement accessibles aux personnes handicapées : présence de rampes, d'ascenseurs, etc. Aide matérielle ou financière Pour pratiquer un sport, la personne handicapée peut demander une aide financière ou matérielle (déplacement, ...). La demande se fait grâce à un formulaire. Lot (46) Vous devez remplir un formulaire et l'envoyer à votre MDPH, de préférence par lettre recommandée avec avis de réception. À joindre à toute demande",
    "text_reader": "\n\nStructures accessibles aux personnes handicapées Le ministère des sports répertorie toutes les structures sportives (clubs, associations...) accessibles aux personnes handicapées. L'accueil peut être mixte (avec des pratiquants valides) ou réservé aux personnes handicapées. il existe également un label  espace loisirs   handisport . Il concerne uniquement les structures d'hébergement (centre de vacances...) offrant des possibilités de loisirs aux personnes handicapées. Les clubs sportifs réservés aux personnes en situation de déficience mentale sont regroupés au sein de la fédération française du sport adapté (FFSA) : Les clubs sportifs réservés aux personnes en situation de handicap sensoriel ou moteur sont regroupés au sein de la fédération française handisport (FFH) : Une personne handicapée peut également pratiquer un sport en dehors de toute structure et sans accompagnement spécifique. En effet, tous les équipements sportifs (piscine, gymnase...)  doivent être entièrement accessibles aux personnes handicapées : présence de rampes, d'ascenseurs, etc. Aide matérielle ou financière Pour pratiquer un sport, la personne handicapée peut demander une aide financière ou matérielle (déplacement, ...). La demande se fait grâce à un formulaire.Lot (46)\nVous devez remplir un formulaire et l'envoyer à votre MDPH, de préférence par lettre recommandée avec avis de réception.\nÀ joindre à toute demande",
    "link": "https://www.service-public.fr/particuliers/vosdroits/F711",
    "name": "F711--lot-46-lot-46-8.json",
    "arborescence": {
        "theme": "Loisirs",
        "sous_theme": "Temps libre",
        "dossier": "Sport",
        "sous_dossier": "Autre",
        "fiche": "Quelles sont les activités sportives accessibles aux personnes handicapées ?",
        "id": "F711"
    }
}