{
    "text": "Quelles sont les conditions pour obtenir un logement social ? : Pour obtenir un logement social (ou logement HLM ), il faut en faire la demande et respecter notamment des conditions de revenu. Le montant du revenu maximum admis dépend du type de logement, de sa localisation et du nombre de personnes à loger. Pour un logement social situé dans les Dom , des montants spécifiques maximum s'appliquent. Ils ne sont pas présentés sur cette page. En Île-de-France: Conditions de revenu: Pour obtenir un logement, le total des revenus annuels (revenu fiscal de référence indiqué sur l'avis d'imposition) des personnes à loger ne doit pas dépasser un montant maximum. Ce montant maximum dépend du lieu où se situe le logement. 4 personnes Nombre de personnes à loger Maximum du total des revenus annuels de 2018 pour une demande de logement en 2020 Couple + 2 personnes 67 157 € 1 personne + 3 personnes à charge 79 500 € ",
    "text_reader": "\n Pour  obtenir un logement social (ou  logement HLM ), il faut en faire la demande et  respecter notamment des conditions de revenu. Le montant du revenu maximum admis  dépend du type de logement,  de sa localisation et du nombre de personnes à loger.   Pour un  logement social situé dans les  Dom , des  montants spécifiques maximum s'appliquent. Ils ne sont pas présentés sur cette page. \n Pour obtenir un logement, le total des  revenus annuels (revenu fiscal de référence indiqué sur l'avis d'imposition) des  personnes à loger  ne doit pas dépasser un montant maximum. Ce montant maximum dépend du lieu où se situe le logement.\n\n4 personnes\nNombre de personnes à loger\nMaximum du total des revenus annuels de 2018 pour une demande de logement en 2020\nCouple + 2 personnes\n\n 67 157 € \n\n1 personne + 3 personnes à charge\n\n 79 500 € \n",
    "link": "https://www.service-public.fr/particuliers/vosdroits/F869",
    "name": "F869--en-ile-de--france-16--conditions-revenu-20--4-personne-sonnes-11.json",
    "arborescence": {
        "theme": "Logement",
        "sous_theme": "Location immobilière",
        "dossier": "Accéder à un logement social",
        "sous_dossier": "",
        "fiche": "Quelles sont les conditions pour obtenir un logement social ?",
        "id": "F869"
    }
}