{
    "text": "Quelles sont les conditions pour obtenir un logement social ? : Pour obtenir un logement social (ou logement HLM ), il faut en faire la demande et respecter notamment des conditions de revenu. Le montant du revenu maximum admis dépend du type de logement, de sa localisation et du nombre de personnes à loger. Pour un logement social situé dans les Dom , des montants spécifiques maximum s'appliquent. Ils ne sont pas présentés sur cette page. En Province: Démarche: Vous pouvez faire votre demande de logement social en ligne ou sur place (guichet enregistreur) . ",
    "text_reader": "\n Pour  obtenir un logement social (ou  logement HLM ), il faut en faire la demande et  respecter notamment des conditions de revenu. Le montant du revenu maximum admis  dépend du type de logement,  de sa localisation et du nombre de personnes à loger.   Pour un  logement social situé dans les  Dom , des  montants spécifiques maximum s'appliquent. Ils ne sont pas présentés sur cette page. \n Vous pouvez faire votre demande de logement social  en ligne ou  sur place (guichet enregistreur) .\n\n",
    "link": "https://www.service-public.fr/particuliers/vosdroits/F869",
    "name": "F869--en-provinc-ovince-11--demarche-marche-8.json",
    "arborescence": {
        "theme": "Logement",
        "sous_theme": "Location immobilière",
        "dossier": "Accéder à un logement social",
        "sous_dossier": "",
        "fiche": "Quelles sont les conditions pour obtenir un logement social ?",
        "id": "F869"
    }
}