{
    "text": "L'employeur peut-il instaurer du travail à temps partiel dans l'entreprise ? : Oui, l'employeur peut instaurer la mise en place d'horaires à temps partiel dans l'entreprise. Toutefois, il doit respecter les conditions prévues par convention ou accord d'entreprise ou d'établissement. En l'absence de convention ou d'accord, l'employeur fixe directement les horaires de travail dans le respect de la durée minimale de travail hebdomadaire obligatoire. L'employeur consulte le comité social et économique (CSE) s'il existe dans l'entreprise. L'employeur peut proposer un temps partiel soit dès la procédure d'embauche d'un nouveau salarié, soit à un salarié de l'entreprise qui travaille à temps plein. Le salarié à temps plein à qui l'employeur propose de passer à temps partiel n'est pas obligé d'accepter la proposition. Selon qu'il accepte ou qu'il refuse la proposition, les conséquences sur son contrat de travail sont différentes. Accord du salarié Le salarié qui accepte de passer à temps partiel signe un avenant à son contrat de travail.",
    "text_reader": "\n\nOui,  l'employeur peut instaurer la mise en place d'horaires à temps partiel dans l'entreprise. Toutefois, il doit respecter les conditions prévues par convention ou accord d'entreprise ou d'établissement. En l'absence de convention ou d'accord, l'employeur fixe directement les horaires de travail dans le respect de la  durée minimale de travail  hebdomadaire obligatoire. L'employeur consulte le  comité social et économique (CSE)  s'il existe dans l'entreprise. L'employeur peut proposer un temps partiel soit dès la procédure d'embauche d'un nouveau salarié, soit à un salarié de l'entreprise qui travaille à temps plein. Le salarié à temps plein à qui l'employeur propose de passer à temps partiel n'est pas obligé d'accepter la proposition. Selon qu'il accepte ou qu'il refuse la proposition, les conséquences sur son contrat de travail sont différentes.Accord du salarié\nLe salarié qui accepte de passer à temps partiel signe un  avenant  à son contrat de travail.",
    "link": "https://www.service-public.fr/particuliers/vosdroits/F874",
    "name": "F874--accord-du--alarie-17.json",
    "arborescence": {
        "theme": "Travail",
        "sous_theme": "Temps de travail",
        "dossier": "Temps de travail dans le secteur privé",
        "sous_dossier": "Autre",
        "fiche": "L'employeur peut-il instaurer du travail à temps partiel dans l'entreprise ?",
        "id": "F874"
    }
}