{
    "text": "Congé de conversion : Le congé de conversion permet au salarié dont le licenciement économique est envisagé de bénéficier, sous conditions, d'actions destinées à favoriser son reclassement. Bénéficiaires: Le salarié peut bénéficier d'un congé de conversion dans les conditions suivantes : son emploi doit être supprimé dans le cadre d'un licenciement pour motif économique, l'entreprise a signé avec l'État une convention de congé de conversion, il est volontaire pour y adhérer. ",
    "text_reader": "\n \n Le congé de conversion permet au salarié dont le licenciement économique est envisagé de bénéficier, sous conditions, d'actions destinées à favoriser son reclassement. \n Le salarié peut bénéficier d'un congé de conversion dans les conditions suivantes : son emploi doit être supprimé dans le cadre d'un licenciement pour motif économique, l'entreprise a signé avec l'État une convention de congé de conversion, il est volontaire pour y adhérer.\n\n",
    "link": "https://www.service-public.fr/particuliers/vosdroits/F884",
    "name": "F884--beneficiai-iaires-13.json",
    "arborescence": {
        "theme": "Travail",
        "sous_theme": "Quitter son emploi",
        "dossier": "Licenciement économique",
        "sous_dossier": "Congés spécifiques",
        "fiche": "Congé de conversion",
        "id": "F884"
    }
}