{
    "text": "Changement de prénom : Vous êtes né à l'étranger: Où faire la démarche ?: Cas général Si vous vivez en France, vous devez vous rendre à la mairie de votre lieu de résidence.",
    "text_reader": "Cas général\nSi vous vivez en France, vous devez vous rendre à la mairie de votre lieu de résidence.",
    "link": "https://www.service-public.fr/particuliers/vosdroits/F885",
    "name": "F885--vous-etes--ranger-25--ou-faire-l-marche-22--cas-genera-eneral-11.json",
    "arborescence": {
        "theme": "Papiers - Citoyenneté",
        "sous_theme": "État civil",
        "dossier": "Changement d'état civil",
        "sous_dossier": "Modification de l'acte d'état civil",
        "fiche": "Changement de prénom",
        "id": "F885"
    }
}