{
    "text": "Que faire en cas de décès d'un proche à l'étranger ? : Pour toute information complémentaire, vous pouvez :: Consulter le site diplomatie.gouv.fr Téléphoner au 0 826 08 06 04 du lundi au vendredi de 9h à 12h et de 13h à 16h Numéro violet ou majoré : coût d'un appel vers un numéro fixe + service payant, depuis un téléphone fixe ou mobile Accès gratuit à un service de visio-interprétation ou de transcription instantanée de la parole pour sourds ou malentendants Depuis l'étranger : composer le +33 1 41 86 42 47 Envoyer un mail à courrier.scec@diplomatie.gouv.fr ",
    "text_reader": "Consulter le site  diplomatie.gouv.fr   Téléphoner au   0 826 08 06 04  du lundi au vendredi de 9h à 12h et de 13h à 16h Numéro violet ou majoré : coût d'un appel vers un numéro fixe + service payant, depuis un téléphone fixe ou mobile Accès gratuit à un service  de visio-interprétation ou de transcription instantanée de la parole pour sourds ou malentendants   Depuis l'étranger  : composer le +33 1 41 86 42 47 Envoyer un mail à  courrier.scec@diplomatie.gouv.fr\n\n",
    "link": "https://www.service-public.fr/particuliers/vosdroits/F911",
    "name": "F911--pour-toute-pouvez-52.json",
    "arborescence": {
        "theme": "Famille",
        "sous_theme": "Décès",
        "dossier": "Déclaration de décès, obsèques et sépulture",
        "sous_dossier": "",
        "fiche": "Que faire en cas de décès d'un proche à l'étranger ?",
        "id": "F911"
    }
}