{
    "text": "Rédaction du bail d'habitation (contrat de location) : Le bail (ou contrat de location ) recense les droits et les obligations du propriétaire et du locataire. Si le logement loué sert de résidence principale au locataire, le bail conclu doit respecter les règles (mentions et informations obligatoires) relatives aux locations à usage d'habitation principale. Ces règles diffèrent notamment selon le type de location (logement loué vide ou meublé). Logement vide: Bail signé entre 2018 et juin 2019: Absence de superficie Si le contrat de location ne mentionne pas la surface habitable du logement loué, le locataire peut mettre en demeure le propriétaire de le faire dans un délai d'1 mois après la date de signature du bail. Le propriétaire dispose à son tour d'1 mois pour apporter cette précision. En cas de refus de sa part ou à défaut de réponse dans ce délai, le locataire a 3 mois à compter de la mise en demeure pour saisir le juge des contentieux de la protection du tribunal dont dépend le logement afin d'obtenir une diminution de loyer.",
    "text_reader": "\n Le bail  (ou  contrat de location ) recense  les droits et les obligations du propriétaire et du locataire. Si le logement loué sert de résidence principale au locataire, le bail conclu doit respecter les règles (mentions et informations obligatoires) relatives aux locations à usage d'habitation principale. Ces règles diffèrent notamment selon le type de location (logement loué vide ou meublé). \n Absence de superficie\nSi le contrat de location  ne mentionne pas la surface habitable du logement loué, le locataire peut mettre en demeure le propriétaire de le faire dans un délai d'1 mois après la date de signature du bail.\nLe propriétaire dispose à son tour d'1 mois pour apporter cette précision.\nEn cas de refus de sa part ou à défaut de réponse dans ce délai, le locataire a 3 mois à compter de la mise en demeure pour saisir le juge des contentieux de la protection du tribunal  dont dépend le logement afin d'obtenir une diminution de loyer.",
    "link": "https://www.service-public.fr/particuliers/vosdroits/F920",
    "name": "F920--logement-v-t-vide-13--bail-signe-n-2019-34--absence-de-rficie-21.json",
    "arborescence": {
        "theme": "Logement",
        "sous_theme": "Location immobilière",
        "dossier": "Location immobilière : contrat de location (bail)",
        "sous_dossier": "",
        "fiche": "Rédaction du contrat",
        "id": "F920"
    }
}