{
    "text": "Mariage en France : Pour se marier en France, il faut respecter certaines conditions d'âge, de résidence, d'absence de lien de parenté. Un dossier contenant certains documents obligatoires doit être déposé à la mairie de la commune choisie pour la cérémonie. Publication des bans: L'annonce officielle du prochain mariage est réalisée par la publication d'avis appelés bans . Ils contiennent les prénoms, noms, professions, domiciles ou résidences des futurs époux, ainsi que le lieu où le mariage doit être célébré. Ils sont affichés à la porte de la mairie du mariage, ainsi qu'à celle des mairies où l'un ou l'autre des époux a son domicile, pendant 10 jours. ",
    "text_reader": "\n Pour se marier en France, il faut respecter certaines conditions d'âge, de résidence, d'absence de lien de parenté. Un dossier contenant certains documents obligatoires doit être déposé à la mairie de la commune choisie pour la cérémonie. \n L'annonce officielle du prochain mariage est réalisée par la publication   d'avis  appelés  bans . Ils contiennent  les prénoms, noms, professions, domiciles ou résidences des futurs époux, ainsi que le lieu où le mariage doit être célébré. Ils sont  affichés à la porte de la mairie du mariage, ainsi qu'à celle des mairies où l'un ou l'autre des époux a son domicile, pendant 10 jours.\n\n",
    "link": "https://www.service-public.fr/particuliers/vosdroits/F930",
    "name": "F930--publicatio-s-bans-20.json",
    "arborescence": {
        "theme": "Famille",
        "sous_theme": "Couple",
        "dossier": "Mariage",
        "sous_dossier": "Célébration",
        "fiche": "Mariage en France",
        "id": "F930"
    }
}