{
    "text": "Obligations des encadrants d'activités sportives menées en structure d'animation : Sports à contraintes particulières: Pour les sports à contraintes particulières , une réglementation spécifique s'applique. Qualification des encadrants Les encadrants doivent être majeurs. Ils doivent également avoir des qualifications spécifiques à l'activité, comme un diplôme d'éducateur sportif . Règles d'encadrement Le nombre de participants, le nombre d'encadrants et le lieu de l'activité sont également encadrés. même si la baignade se déroule dans une piscine surveillée, un animateur de la structure doit être dans l'eau pendant l'activité. Il doit y avoir au moins 1 animateur pour 5 enfants s'il y a des enfants de moins de 6 ans. Et 1 animateur pour 8 enfants si les enfants ont 6 ans ou plus. Aptitude sportive des participants L'aptitude sportive des participants à pratiquer la discipline doit parfois être contrôlée. pour faire du canoë, du kayak ou de la plongée, la structure d'animation doit vérifier que les enfants ont préalablement réussi un test de natation officiel. Les épreuves comprennent notamment une épreuve de déplacement dans l'eau sur 20 mètres, un saut dans l'eau ou le passage sous un objet flottant. Pour connaître les modalités de contrôle par discipline, vous pouvez vous renseigner auprès des services locaux du ministère des sports. une structure d'accueil d'enfants spécialisées dans l'apprentissage du ski, aussi appelée jardin des neiges , n'est pas une structure d'animation. L'encadrement doit donc y être assuré uniquement par des éducateurs sportifs. ",
    "text_reader": "Pour les  sports à contraintes particulières , une réglementation spécifique s'applique. Qualification des encadrants Les encadrants doivent être majeurs. Ils doivent également avoir des qualifications spécifiques à l'activité, comme un  diplôme d'éducateur sportif . Règles d'encadrement Le nombre de participants, le nombre d'encadrants et le lieu de l'activité sont également encadrés. même si la baignade se déroule dans une piscine surveillée, un animateur de la structure doit être dans l'eau pendant l'activité. Il doit y  avoir au moins 1 animateur pour 5 enfants s'il y a des enfants de   moins de 6 ans. Et 1 animateur pour 8 enfants si les enfants   ont 6 ans ou plus. Aptitude sportive des participants L'aptitude sportive des participants à pratiquer la discipline doit parfois être contrôlée. pour faire du canoë, du kayak ou de la plongée, la structure d'animation doit vérifier que les enfants ont préalablement réussi un test de natation officiel. Les épreuves comprennent notamment une épreuve de déplacement dans l'eau sur 20 mètres, un saut dans l'eau ou le passage sous un objet flottant. Pour connaître les modalités de contrôle par discipline, vous pouvez vous renseigner auprès des services locaux du ministère des sports. une structure d'accueil d'enfants spécialisées dans l'apprentissage du ski, aussi appelée  jardin des neiges , n'est  pas une structure d'animation. L'encadrement doit donc y être assuré uniquement par des éducateurs sportifs.\n\n",
    "link": "https://www.service-public.fr/particuliers/vosdroits/F946",
    "name": "F946--sports-a-c-lieres-34.json",
    "arborescence": {
        "theme": "Loisirs",
        "sous_theme": "Temps libre",
        "dossier": "Sport",
        "sous_dossier": "Encadrement des activités sportives",
        "fiche": "Obligations des encadrants d'activités sportives menées en structure d'animation",
        "id": "F946"
    }
}