{
    "text": "Séparation de corps : La séparation de corps concerne uniquement les couples mariés. Contrairement au divorce, elle permet aux époux de rester mariés, mais de ne plus vivre ensemble. Elle peut être établie par acte sous signature privée contresigné par chacun des avocats des époux ou au tribunal du domicile des époux. Plusieurs conséquences sont à prévoir (enfants, biens, tiers etc.). Le régime de la séparation cesse notamment si les époux reprennent la vie commune ou si l'un d'entre eux décède. Consentement mutuel, avec un enfant auditionné: Fin du régime de la séparation: Le régime de la séparation cesse si les époux reprennent la vie commune, s'ils divorcent ou si l'un d'entre eux décède. Décès La séparation de corps prend fin lorsque l'un des époux décède.",
    "text_reader": "\n La séparation de corps concerne uniquement les couples mariés. Contrairement au divorce, elle permet aux époux de rester mariés, mais de ne plus vivre ensemble. Elle peut être établie par acte sous signature privée contresigné par chacun des avocats des époux ou au  tribunal du domicile des époux. Plusieurs conséquences sont à prévoir (enfants, biens, tiers etc.).  Le régime de la séparation cesse notamment si les époux reprennent la vie commune ou si l'un d'entre eux décède. \n Le régime de la séparation cesse si les époux reprennent la vie commune, s'ils divorcent ou si l'un d'entre eux décède. \n\nDécès\nLa séparation de corps prend fin lorsque l'un des époux décède.",
    "link": "https://www.service-public.fr/particuliers/vosdroits/F980",
    "name": "F980--consenteme-tionne-46--fin-du-reg-ration-30--deces-deces-5.json",
    "arborescence": {
        "theme": "Famille",
        "sous_theme": "Couple",
        "dossier": "Divorce, séparation de corps",
        "sous_dossier": "",
        "fiche": "Séparation de corps",
        "id": "F980"
    }
}