{
    "text": "Bourse des collèges : La bourse des collèges est une aide versée aux responsables d'un enfant inscrit au collège ou au Cned . Pour en bénéficier, vos ressources annuelles ne doivent pas dépasser des plafonds, selon le nombre d'enfants que vous avez à charge. Pour l'année scolaire 2020-2021, les montants de la bourse des collèges sont 35 € , 98 € ou 153 € par trimestre. Si vous y avez droit, vous devez faire la demande entre la rentrée scolaire et le 15 octobre 2020 (ou le 31 octobre si votre enfant est inscrit au Cned). Collège public: Démarche: La demande de bourse de collège pour la rentrée 2020 se fera en ligne entre le 1 er septembre et le 15 octobre 2020 . Cette téléprocédure se fait sur le portail Scolarité Services de l'académie dans lequel se trouve le collège de votre enfant. L'adresse de connexion vous sera communiquée par le collège en même temps qu'un identifiant et un mot de passe. Une fois sur le portail Scolarité Services , vous vous connectez : soit avec l'identifiant et le mot de passe ATEN que le collège vous a communiqués (vous devrez vous munir de votre avis d'imposition 2020 sur les revenus de l'année 2019), soit avec votre identifiant FranceConnect . S'il s'agit d'une 1 re connexion au portail Scolarité Services , vous aurez également besoin de l'identifiant et du mot de passe ATEN . Vos informations fiscales seront directement transmises au collège et vous n'aurez pas d'autre information à fournir. Vous obtiendrez à la fin de la procédure un accusé d'enregistrement de votre demande. Le collège vous remettra ensuite un accusé de réception. Guadeloupe",
    "text_reader": "\n La bourse des collèges est une aide versée aux responsables d'un enfant inscrit au collège ou au  Cned . Pour en bénéficier, vos ressources annuelles ne doivent pas dépasser des plafonds, selon le nombre d'enfants que vous avez à charge. Pour l'année scolaire 2020-2021, les montants de la bourse des collèges sont  35 € ,  98 €  ou  153 €  par trimestre. Si vous y avez droit, vous devez faire la demande entre la rentrée scolaire et le 15 octobre 2020 (ou le 31 octobre si votre enfant est inscrit au Cned). \n La demande de bourse de collège pour la rentrée 2020 se fera en ligne  entre le 1 er  septembre et le 15 octobre 2020 . Cette téléprocédure se fait sur le portail  Scolarité Services  de l'académie dans lequel se trouve le collège de votre enfant. L'adresse de connexion vous sera communiquée par le collège en même temps qu'un identifiant et un mot de passe. Une fois sur le portail  Scolarité Services , vous vous connectez : soit avec l'identifiant et le mot de passe  ATEN  que le  collège vous  a communiqués (vous devrez vous munir de votre avis d'imposition 2020 sur les revenus de l'année 2019), soit  avec votre  identifiant FranceConnect . S'il s'agit d'une 1 re  connexion au portail  Scolarité Services , vous aurez également besoin de l'identifiant et du mot de passe  ATEN .   Vos informations fiscales seront directement transmises au collège et vous n'aurez pas d'autre information à fournir. Vous obtiendrez à la fin de la procédure un accusé d'enregistrement de votre demande. Le collège vous remettra ensuite un accusé de réception.\n\nGuadeloupe",
    "link": "https://www.service-public.fr/particuliers/vosdroits/F984",
    "name": "F984--college-pu-public-14--demarche-marche-8--guadeloupe-eloupe-10.json",
    "arborescence": {
        "theme": "Famille",
        "sous_theme": "Scolarité",
        "dossier": "Aides financières pour la scolarité",
        "sous_dossier": "Collège",
        "fiche": "Bourse des collèges",
        "id": "F984"
    }
}