{
    "text": "Bourse des collèges : La bourse des collèges est une aide versée aux responsables d'un enfant inscrit au collège ou au Cned . Pour en bénéficier, vos ressources annuelles ne doivent pas dépasser des plafonds, selon le nombre d'enfants que vous avez à charge. Pour l'année scolaire 2020-2021, les montants de la bourse des collèges sont 35 € , 98 € ou 153 € par trimestre. Si vous y avez droit, vous devez faire la demande entre la rentrée scolaire et le 15 octobre 2020 (ou le 31 octobre si votre enfant est inscrit au Cned). Collège privé: Décision d'attribution et recours: Le collège vous adressera selon les cas : une notification d'attribution de bourse, indiquant le montant de celle-ci ou une notification de refus. La bourse est attribuée pour la durée de la scolarité au collège si les parents ont accepté, au moment de la demande sur le portail Scolarité Services , d'actualiser leurs données fiscales. Sinon, la bourse est attribuée pour une année scolaire. En cas de contestation du refus ou de désaccord avec le montant de la bourse, vous pouvez faire un recours dans un délai de 2 mois après la notification d'attribution ou de refus. Vous pouvez exercer un recours administratif devant le recteur de l'académie. Vous pouvez également exercer un recours en justice devant le juge administratif . ",
    "text_reader": "\n La bourse des collèges est une aide versée aux responsables d'un enfant inscrit au collège ou au  Cned . Pour en bénéficier, vos ressources annuelles ne doivent pas dépasser des plafonds, selon le nombre d'enfants que vous avez à charge. Pour l'année scolaire 2020-2021, les montants de la bourse des collèges sont  35 € ,  98 €  ou  153 €  par trimestre. Si vous y avez droit, vous devez faire la demande entre la rentrée scolaire et le 15 octobre 2020 (ou le 31 octobre si votre enfant est inscrit au Cned). \n Le collège vous adressera selon les cas : une notification d'attribution de bourse, indiquant le montant de celle-ci ou une notification de refus. La bourse est attribuée pour la durée de la scolarité au collège si les parents ont accepté, au moment de la demande sur le portail  Scolarité Services , d'actualiser leurs données fiscales. Sinon, la bourse est attribuée pour une année scolaire. En cas de contestation du refus ou de désaccord avec le montant de la bourse, vous pouvez faire un recours dans un délai de  2 mois  après la notification d'attribution ou de refus. Vous pouvez exercer un  recours administratif  devant  le recteur de l'académie. Vous pouvez également exercer un recours en justice devant le  juge administratif .\n\n",
    "link": "https://www.service-public.fr/particuliers/vosdroits/F984",
    "name": "F984--college-pr--prive-13--decision-d-ecours-33.json",
    "arborescence": {
        "theme": "Famille",
        "sous_theme": "Scolarité",
        "dossier": "Aides financières pour la scolarité",
        "sous_dossier": "Collège",
        "fiche": "Bourse des collèges",
        "id": "F984"
    }
}