{
    "text": "Naissance : À l'occasion de la naissance d'un enfant, les parents doivent effectuer certaines formalités. Par la suite, il est encore possible d'établir ou de contester une filiation en saisissant le juge. ",
    "text_reader": "\n À l'occasion de la naissance d'un enfant, les parents doivent effectuer certaines formalités. Par la suite, il est encore possible d'établir ou de contester une filiation en saisissant le juge. \n ",
    "link": "https://www.service-public.fr/particuliers/vosdroits/N15660",
    "name": "N15660.json",
    "arborescence": {
        "theme": "Famille",
        "sous_theme": "Enfant",
        "dossier": "Naissance",
        "sous_dossier": "",
        "fiche": "",
        "id": ""
    }
}