{
    "text": "Litiges avec l'administration : recours administratif, défenseur des droits : En cas de litige avec une administration, vous pouvez saisir le juge administratif. Mais vous pouvez aussi faire une réclamation auprès de cette administration. Il y a deux types de réclamations possibles : le recours gracieux, adressé à l'agent qui a pris la décision, et le recours hiérarchique, adressé à son supérieur. Vous pouvez également saisir le Défenseur des droits et, dans certains cas particuliers, un médiateur spécialisé, pour trouver une solution amiable. ",
    "text_reader": "\n \n\t\t\tEn cas de litige avec une administration, vous pouvez   saisir le juge  administratif. Mais vous   pouvez  aussi  faire une réclamation auprès de cette administration. Il y a deux types de réclamations possibles : le  recours gracieux,  adressé à l'agent  qui a pris la décision, et le  recours hiérarchique, adressé à son supérieur. Vous pouvez également saisir le Défenseur des droits et, dans certains cas particuliers, un  médiateur spécialisé, pour trouver une solution amiable. \n ",
    "link": "https://www.service-public.fr/particuliers/vosdroits/N20312",
    "name": "N20312.json",
    "arborescence": {
        "theme": "Papiers - Citoyenneté",
        "sous_theme": "Relations avec l'administration",
        "dossier": "Litiges avec l'administration : recours administratif, défenseur des droits",
        "sous_dossier": "",
        "fiche": "",
        "id": ""
    }
}