{
    "text": "Faire une demande de logement social (HLM) : Pour obtenir un logement social (ou logement HLM), vous devez faire votre demande en ligne ou sur place (au guichet). Vous avez besoin d'un justificatif d'identité ou d'un titre de séjour. Si vous remplissez les conditions pour avoir droit à un logement, le temps d'attente pour l'obtenir dépend du lieu où vous voulez habiter et du nombre de personnes à loger. En Île-de-France: Conditions de revenu: Pour obtenir un logement, votre revenu annuel ne doit pas dépasser un montant maximum. Paris et communes limitrophes les communes limitrophes de Paris sont Aubervilliers, Bagnolet, Boulogne-Billancourt, Charenton-le-Pont, Clichy, Fontenay-Sous-Bois, Gentilly, Issy-les-Moulineaux, Ivry-sur-Seine, Joinville-le-Pont, Le Kremlin-Bicêtre, Les Lilas, Le Pré-Saint-Gervais, Levallois-Perret, Malakoff, Montreuil, Montrouge, Neuilly-sur-Seine, Nogent-sur-Marne, Pantin, Puteaux, Saint-Cloud, Saint-Denis, Saint-Mandé, Saint-Maurice, Saint-Ouen, Suresnes, Vanves, Vincennes. Personnes à loger (personnes vivant au foyer) Montant maximum selon le type de logement social PLAI PLUS PLS 1 personne 1 personne seule 13 207 € 24 006 € 31 208 € 1 personne seule ayant la carte mobilité inclusion invalidité 21 527 € 35 877 € 46 640 € 2 personnes Cas général 21 527 € 35 877 € 46 640 € Jeune couple 28 218 € 47 031 € 61 140 € 1 personne + 1 personne à charge 28 218 € 47 031 € 61 140 € Au moins 1 personne a la carte mobilité inclusion invalidité 28 218 € 47 031 € 61 140 € 3 personnes Cas général 28 218 € 47 031 € 61 140 € 1 personne + 2 personnes à charge 30 887 € 56 152 € 72 998 € Au moins 1 personne a la carte mobilité inclusion invalidité 30 887 € 56 152 € 72 998 € 4 personnes Cas général 30 887 € 56 152 € 72 998 € 1 personne + 3 personnes à charge 36 743 € 66 809 € 86 852 € Au moins 1 personne a la carte mobilité inclusion invalidité 36 743 € 66 809 € 86 852 € 5 personnes Cas général 36 743 € 66 809 € 86 852 € 1 personne + 4 personnes à charge 41 349 € 75 177 € 97 730 € Au moins 1 personne a la carte mobilité inclusion invalidité 41 349 € 75 177 € 97 730 € 6 personnes 41 349 € 75 177 € 97 730 € Par personne supplémentaire + 4 607 € + 8 377 € + 10 890 € Si vous dépassez ces montants, un logement intermédiaire (PLI) peut vous être attribué. Pour ces logements, il existe également des conditions de revenu à respecter. Les montants à ne pas dépasser dépendent notamment de la localisation du logement (zone A, A bis, B1, B2 ou C). Pour identifier ces zones, vous pouvez utiliser ce simulateur :",
    "text_reader": "\n Pour obtenir un logement social (ou logement HLM), vous devez faire votre demande en ligne ou sur place (au guichet). Vous avez besoin d'un  justificatif d'identité ou d'un titre de séjour.  Si vous remplissez les conditions  pour avoir droit à un logement, le temps d'attente pour l'obtenir dépend du lieu où vous voulez habiter et du nombre de personnes à loger. \n Pour obtenir  un logement,  votre  revenu annuel ne doit pas dépasser   un montant maximum.\n\nParis et communes limitrophes\nles communes limitrophes de Paris sont Aubervilliers, Bagnolet, Boulogne-Billancourt, Charenton-le-Pont, Clichy, Fontenay-Sous-Bois, Gentilly, Issy-les-Moulineaux, Ivry-sur-Seine, Joinville-le-Pont, Le Kremlin-Bicêtre, Les Lilas, Le Pré-Saint-Gervais, Levallois-Perret, Malakoff, Montreuil, Montrouge, Neuilly-sur-Seine, Nogent-sur-Marne, Pantin, Puteaux, Saint-Cloud, Saint-Denis, Saint-Mandé, Saint-Maurice, Saint-Ouen, Suresnes, Vanves, Vincennes.\nPersonnes à loger\n(personnes vivant au foyer)\nMontant maximum selon le type de logement social\n\n PLAI \n\n\n PLUS \n\n\n PLS \n\n1 personne\n1 personne seule\n\n 13 207 € \n\n\n 24 006 € \n\n\n 31 208 € \n\n1 personne seule ayant la  carte mobilité inclusion invalidité \n\n\n 21 527 € \n\n\n 35 877 € \n\n\n 46 640 € \n\n2 personnes\nCas général\n\n 21 527 € \n\n\n 35 877 € \n\n\n 46 640 € \n\n\n Jeune couple \n\n\n 28 218 € \n\n\n 47 031 € \n\n\n 61 140 € \n\n1 personne + 1 personne à charge\n\n 28 218 € \n\n\n 47 031 € \n\n\n 61 140 € \n\nAu moins 1 personne a  la carte mobilité inclusion invalidité\n\n 28 218 € \n\n\n 47 031 € \n\n\n 61 140 € \n\n3 personnes\nCas général\n\n 28 218 € \n\n\n 47 031 € \n\n\n 61 140 € \n\n1 personne + 2 personnes à charge\n\n 30 887 € \n\n\n 56 152 € \n\n\n 72 998 € \n\nAu moins 1 personne a la carte mobilité inclusion invalidité\n\n 30 887 € \n\n\n 56 152 € \n\n\n 72 998 € \n\n4 personnes\nCas général\n\n 30 887 € \n\n\n 56 152 € \n\n\n 72 998 € \n\n1 personne + 3 personnes à charge\n\n 36 743 € \n\n\n 66 809 € \n\n\n 86 852 € \n\nAu moins 1 personne a la carte mobilité inclusion invalidité\n\n 36 743 € \n\n\n 66 809 € \n\n\n 86 852 € \n\n5 personnes\nCas général\n\n 36 743 € \n\n\n 66 809 € \n\n\n 86 852 € \n\n1 personne + 4 personnes à charge\n\n 41 349 € \n\n\n 75 177 € \n\n\n 97 730 € \n\nAu moins 1 personne a la carte mobilité inclusion invalidité\n\n 41 349 € \n\n\n 75 177 € \n\n\n 97 730 € \n\n6 personnes\n\n 41 349 € \n\n\n 75 177 € \n\n\n 97 730 € \n\nPar personne supplémentaire\n+  4 607 € \n\n+  8 377 € \n\n+  10 890 € \n\nSi vous dépassez ces montants, un  logement intermédiaire (PLI)   peut vous être attribué.\nPour ces logements, il existe également des conditions de revenu à respecter.\nLes montants à ne pas dépasser \n\n  dépendent notamment de la localisation du logement (zone A, A bis, B1, B2 ou C). Pour identifier ces zones, vous pouvez utiliser ce simulateur :",
    "link": "https://www.service-public.fr/particuliers/vosdroits/F10007",
    "name": "F10007--en-ile-de--france-16--conditions-revenu-20--paris-et-c-rophes-29.json",
    "arborescence": {
        "audience": "Particuliers",
        "theme": "Logement",
        "dossier": "Accéder à un logement social",
        "sous_dossier": "",
        "titre": "Faire une demande de logement social (HLM)"
    }
}