{
    "text": "Pension alimentaire impayée : faire intervenir la Caf ou la MSA : Lorsqu'un parent ( parent débiteur ) ne verse pas à l'autre parent ( parent créancier ) la pension alimentaire de l'enfant, la Caf ou la MSA peut se charger du recouvrement (récupération des sommes impayées). Le parent créancier doit en faire la demande. Il peut alors recevoir l'allocation de soutien familial (ASF) , sous certaines conditions. Il peut aussi charger la Caf ou la MSA de collecter chaque mois à sa place la pension alimentaire auprès de l'autre parent ( intermédiation ). Parent créancier qui vit en couple: Démarche: Pour être aidé dans cette démarche, il est possible de contacter par téléphone un conseiller de l'Agence de recouvrement et d'intermédiation des pensions alimentaires : MSA (régime agricole) Le parent créancier doit envoyer le formulaire suivant :",
    "text_reader": "\n Lorsqu'un parent ( parent débiteur ) ne verse pas à l'autre parent ( parent créancier )  la pension alimentaire de l'enfant, la  Caf ou la MSA   peut se charger du recouvrement (récupération des   sommes impayées). Le  parent créancier  doit en faire la demande.  Il peut alors recevoir    l'allocation de soutien familial (ASF) , sous certaines conditions. Il  peut aussi charger la Caf ou la MSA de collecter chaque mois à sa place  la pension alimentaire auprès de l'autre parent ( intermédiation ). \n Pour être aidé dans cette démarche, il est possible de contacter par téléphone un conseiller de   l'Agence de recouvrement et d'intermédiation des pensions alimentaires :\n\nMSA (régime agricole)\nLe  parent créancier  doit envoyer le   formulaire  suivant :",
    "link": "https://www.service-public.fr/particuliers/vosdroits/F1002",
    "name": "F1002--parent-cre-couple-34--demarche-marche-8--msa-regime-ricole-21.json",
    "arborescence": {
        "audience": "Particuliers",
        "theme": "Justice",
        "dossier": "Saisies et recouvrements",
        "sous_dossier": "Recouvrement d'impayés de pension alimentaire",
        "titre": "Pension alimentaire impayée : faire intervenir la Caf ou la MSA"
    }
}