{
    "text": "Chômage : aide à la mobilité : Une aide à la mobilité peut vous être accordée en tant que demandeur d'emploi inscrit à Pôle emploi. Cette aide consiste en une prise de tout ou en partie de vos frais de déplacement, de repas, et d'hébergement. L'aide peut être accordée si vous vous rendez à un entretien d'embauche, si vous entrez en formation éloignée de votre lieu de résidence ou si vous participez à un concours. Concours: Versement de l'aide: Si le bon de l'aide à la mobilité est d'un montant inférieur à 150 € , le bon doit être présenté au guichet du Trésor public. Il doit être remis dans un délai maximal de 7 jours après la date de signature du bon. L'aide est versée par Pôle emploi après réception du justificatif de présence au stage de formation. L'aide à la mobilité n'est pas imposable sur le revenu. ",
    "text_reader": "\n Une aide à la mobilité peut vous être accordée en tant que demandeur d'emploi inscrit à Pôle emploi. Cette aide consiste en une prise de tout ou en partie de vos frais de déplacement, de repas, et d'hébergement. L'aide peut  être accordée si vous vous rendez à un entretien d'embauche, si vous entrez en formation éloignée de votre lieu de résidence  ou si vous participez à un concours. \n Si le bon de l'aide à la mobilité est d'un montant inférieur à  150 € , le bon doit être présenté au guichet du Trésor public. Il doit être remis dans un délai maximal de 7 jours après la date de signature du bon. L'aide est versée par Pôle emploi après réception du justificatif de présence au stage de formation. L'aide à la mobilité n'est pas imposable sur le revenu.\n\n",
    "link": "https://www.service-public.fr/particuliers/vosdroits/F1011",
    "name": "F1011--concours-ncours-8--versement---laide-19.json",
    "arborescence": {
        "audience": "Particuliers",
        "theme": "Social - Santé",
        "dossier": "Chômage : aides à la reprise d'activité",
        "sous_dossier": "",
        "titre": "Chômage : aide à la mobilité"
    }
}