{
    "text": "Achat à distance : moyens de paiement, date de paiement et contestation : En cas d'achat sur internet, par correspondance, par téléachat ou par téléphone auprès d'un professionnel, vous disposez de plusieurs solutions de paiement pour régler votre commande. Selon les vendeurs, votre commande peut être débitée (encaissée) immédiatement au moment de l'achat, à la réception du produit ou bien lors de la fourniture de la prestation de service. Vous pouvez contester une opération de paiement auprès de votre banque. Date de paiement: La loi autorise le professionnel à encaisser votre paiement dès la conclusion de la commande. Certains professionnels proposent à leurs clients d'effectuer le paiement à la livraison du produit ou lors de la fourniture de la prestation. Vous pouvez obtenir des informations sur la date du paiement dans les conditions générales de vente (CGV) . Ces dernières doivent vous être indiquées de façon claire et visible notamment sur le site du vendeur. ",
    "text_reader": "\n En cas d'achat sur internet, par correspondance, par téléachat ou par téléphone auprès d'un professionnel, vous disposez de plusieurs solutions de paiement pour régler votre commande. Selon les vendeurs, votre commande peut être débitée (encaissée) immédiatement au moment de l'achat, à la réception du produit ou bien lors de la fourniture de la prestation de service. Vous pouvez contester une opération de paiement auprès de votre banque. \n La loi autorise le professionnel à encaisser votre paiement dès la conclusion de la commande. Certains professionnels proposent à leurs clients d'effectuer le paiement à la livraison du produit ou lors de la fourniture de la prestation. Vous pouvez  obtenir des informations sur la date du paiement dans les  conditions générales de vente (CGV) . Ces dernières doivent vous être indiquées de façon claire et visible notamment sur le site du vendeur.\n\n",
    "link": "https://www.service-public.fr/particuliers/vosdroits/F10486",
    "name": "F10486--date-de-pa-iement-16.json",
    "arborescence": {
        "audience": "Particuliers",
        "theme": "Argent",
        "dossier": "Achat à distance",
        "sous_dossier": "",
        "titre": "Achat à distance : moyens de paiement, date de paiement et contestation"
    }
}