{
    "text": "Handicap : accueil temporaire en établissement : L'accueil temporaire permet à des personnes en situation de handicap de tous âges d'être accueillies dans un établissement pour une durée limitée avec ou sans hébergement. Pour y être admis, il faut en faire la demande auprès de la maison départementale des personnes handicapées (MDPH). Une participation aux frais d'accueil est parfois exigée. Demande d'admission: La commission des droits et de l'autonomie des personnes handicapées (CDAPH) se réunit ensuite pour se prononcer sur la demande d'admission. Sa réponse intervient généralement dans un délai de 4 mois à partir de la date de dépôt de votre demande. En l'absence de réponse au delà de 4 mois, la demande est considérée comme rejetée. Haute-Saône (70) Vous devez remplir un formulaire et l'envoyer à votre MDPH, de préférence par lettre recommandée avec avis de réception. À joindre à toute demande",
    "text_reader": "\n L'accueil temporaire permet à des personnes en situation de handicap de tous âges d'être accueillies dans un établissement pour une durée limitée avec ou sans hébergement. Pour y être admis, il faut en faire la demande auprès de la maison départementale des personnes handicapées (MDPH). Une participation aux frais d'accueil est parfois exigée. \n La commission des droits et de l'autonomie des personnes handicapées (CDAPH) se réunit ensuite pour se prononcer sur la demande d'admission. Sa réponse intervient généralement dans un délai de 4 mois à partir de la date de dépôt de votre demande. En l'absence de réponse au delà de 4 mois, la demande est considérée comme rejetée.\n\nHaute-Saône (70)\nVous devez remplir un formulaire et l'envoyer à votre MDPH, de préférence par lettre recommandée avec avis de réception.\nÀ joindre à toute demande",
    "link": "https://www.service-public.fr/particuliers/vosdroits/F10468",
    "name": "F10468--demande-da-ission-19--haute-saon-one-70-16.json",
    "arborescence": {
        "audience": "Particuliers",
        "theme": "Social - Santé",
        "dossier": "Hébergement d'une personne en situation de handicap",
        "sous_dossier": "Séjour court ou non médicalisé",
        "titre": "Handicap : accueil temporaire en établissement"
    }
}