{
    "text": "Détention provisoire : La détention provisoire est l'emprisonnement d'une personne qui n'a pas encore été jugée. Cette détention ne peut être ordonnée que dans les conditions prévues par la loi et pour une durée limitée. La détention provisoire est possible en cas d'information judiciaire , de comparution immédiate, de comparution à délai différé ou de comparution sur reconnaissance préalable de culpabilité ( plaider coupable ). Information judiciaire: Procédure: Saisine du juge des libertés et de la détention Le placement en détention provisoire est décidé par le juge des libertés et de la détention (JLD). Pour saisir le JLD, le juge d'instruction rédige une ordonnance . C'est le JLD qui examine ensuite la demande de placement en détention provisoire. Audience devant le juge des libertés et de la détention Le JLD reçoit la personne mise en examen. Elle doit obligatoirement être assistée d'un avocat. Si la personne mise en examen est sans avocat, le juge l'informe qu'elle doit en choisir un. Si la personne ne fait pas de choix, un avocat est désigné par le bâtonnier . La décision définitive intervient après un débat contradictoire . Lors de ce débat, le procureur de la République , le mis en examen et son avocat ont la parole à tour de rôle. la personne mise en examen a le droit de demander un délai pour préparer sa défense. Dans ce cas, le JLD peut mettre en prison le mis en examen pour une durée maximum de 4 jours ouvrables . Une nouvelle audience doit avoir lieu avant la fin du délai. Décision du juge des libertés et de la détention Le JLD rend une ordonnance . Dans cette ordonnance, le JLD peut ordonner le placement en détention provisoire. Dans ce cas, le mis en examen part en prison immédiatement. Le JLD peut aussi refuser de placer la personne mise en examen en détention provisoire. Dans ce cas, il peut ordonner un placement sous contrôle judiciaire ou un placement sous bracelet électronique. Cette ordonnance est notifiée à la personne mise en examen à la fin de l'audience. Recours La personne mise en examen peut faire appel de l'ordonnance de placement en détention provisoire. L'appel peut être effectué juste après l'audience par déclaration auprès du greffier du JLD. Une fois que la personne mise en examen est détenue, l'appel doit être effectué par un formulaire de déclaration d'appel rempli auprès du greffe de l'établissement pénitentiaire. La personne mise en examen mis en examen peut aussi charger son avocat de faire appel. L'appel est examiné par la chambre de l'instruction de la cour d'appel.",
    "text_reader": "\n La détention provisoire est l'emprisonnement   d'une personne   qui n'a pas encore été jugée. Cette détention  ne peut être ordonnée que dans les conditions prévues par la loi et pour une   durée  limitée. La détention provisoire est possible en cas  d'information judiciaire ,  de comparution immédiate, de  comparution à délai différé  ou de comparution sur reconnaissance préalable de culpabilité ( plaider coupable ). \n Procédure\nSaisine du juge des libertés et de la détention\nLe placement en détention provisoire est décidé par le juge des libertés et de la détention (JLD).\nPour saisir le JLD, le juge d'instruction rédige une  ordonnance .\nC'est le JLD qui examine ensuite la demande de placement en détention provisoire.\nAudience devant le juge des libertés et de la détention\nLe JLD reçoit la personne mise en examen. Elle doit obligatoirement être assistée d'un avocat. Si la personne mise en examen est sans avocat, le juge l'informe qu'elle doit en choisir un. Si la personne ne fait pas de choix, un avocat est désigné par le  bâtonnier .\nLa décision définitive intervient après un  débat contradictoire . Lors de ce débat, le  procureur de la République , le mis en examen et son avocat ont la parole à tour de rôle.\nla personne mise en examen a le droit de demander un délai pour préparer sa défense. Dans ce cas, le JLD peut mettre en prison le mis en examen pour une durée maximum de 4  jours ouvrables . Une nouvelle audience doit avoir lieu avant la fin du délai.\nDécision du juge des libertés et de la détention\nLe JLD rend une  ordonnance .\nDans cette ordonnance, le JLD peut ordonner le placement en  détention provisoire. Dans ce cas, le mis en examen part en prison immédiatement.\nLe JLD peut aussi refuser de placer la personne mise en examen en détention provisoire. Dans ce cas, il peut ordonner un placement sous contrôle judiciaire ou un placement sous bracelet électronique.\nCette ordonnance est   notifiée  à la personne mise en examen à la fin de l'audience.\nRecours\nLa personne mise en examen peut faire  appel  de l'ordonnance de placement en détention provisoire.\nL'appel peut être effectué juste après l'audience par déclaration auprès du greffier du JLD.\nUne fois que la personne mise en examen est détenue, l'appel doit être effectué par un formulaire de déclaration d'appel rempli auprès du greffe de l'établissement pénitentiaire.\nLa personne mise en examen mis en examen peut aussi charger son avocat de faire appel.\nL'appel est examiné par la chambre de l'instruction de la cour d'appel.",
    "link": "https://www.service-public.fr/particuliers/vosdroits/F1042",
    "name": "F1042--informatio-ciaire-22--procedure-cedure-9.json",
    "arborescence": {
        "audience": "Particuliers",
        "theme": "Justice",
        "dossier": "Affaire pénale",
        "sous_dossier": "Moyens de contrainte",
        "titre": "Détention provisoire"
    }
}