{
    "text": "Plan de développement des compétences : L'employeur doit assurer l'adaptation de ses salariés à leur poste de travail et veiller au maintien de leur capacité à occuper leur emploi, au regard notamment des évolutions technologiques. Pour cela, il doit leur proposer des formations prévues dans le cadre du plan de développement des compétences (ex-plan de formation). De quoi s'agit-il ?: Le plan de développement des compétences (ex-plan de formation) est un document qui rassemble l'ensemble des actions de formation retenues par l'employeur pour ses salariés. La loi n'oblige pas l'employeur à mettre en place un plan de développement des compétences, mais il y est fortement incité. Le plan de développement des compétences présenté par l'employeur distingue 2 types d'actions de formation : les actions de formation obligatoires, en application d'accords ou conventions collectives, et les autres actions de formation, dites non obligatoires . Le plan de développement des compétences peut également prévoir d'autres actions : bilan de compétences validation des acquis de l'expérience (VAE) ou lutte contre l'illettrisme. les formations peuvent être suivies en interne dans l'entreprise ou en externe par un organisme de formation. ",
    "text_reader": "\n L'employeur doit assurer l'adaptation de ses salariés à leur poste de travail et veiller au maintien de leur capacité à occuper leur emploi, au regard notamment des évolutions technologiques. Pour cela, il doit leur proposer des formations prévues dans le cadre du plan de développement des compétences (ex-plan de formation). \n Le plan de développement des compétences (ex-plan de formation) est un document qui rassemble l'ensemble des actions de formation retenues par l'employeur pour ses salariés. La loi n'oblige pas l'employeur à mettre en place un plan de développement des compétences, mais il y est fortement incité. Le plan de développement des compétences présenté par l'employeur distingue 2 types d'actions de formation : les actions de formation obligatoires, en application d'accords ou conventions collectives, et les autres actions de formation, dites  non obligatoires . Le plan de développement des compétences peut également prévoir d'autres actions :   bilan de compétences     validation des acquis de l'expérience (VAE)   ou lutte contre l'illettrisme. les formations peuvent être suivies en interne dans l'entreprise ou en externe par un organisme de formation. \n\n",
    "link": "https://www.service-public.fr/particuliers/vosdroits/F11267",
    "name": "F11267--de-quoi-sa-git-il-19.json",
    "arborescence": {
        "audience": "Particuliers",
        "theme": "Travail",
        "dossier": "Formation des salariés du secteur privé",
        "sous_dossier": "Dispositifs d'accès à la formation",
        "titre": "Plan de développement des compétences"
    }
}