{
    "text": "Voyage en avion : bagage perdu, retardé ou endommagé : Lors d'un voyage en avion, si un de vos bagages est retardé, perdu ou abîmé, la compagnie aérienne doit vous indemniser. Seuls les bagages enregistrés et en soute sont concernés. L'indemnisation dépend de la convention applicable au vol : convention de Varsovie ou convention de Montréal. Bagage perdu ou en retard: Quelle sera l'indemnisation ?: L'indemnité due par la compagnie est fixé en Droits de tirage spéciaux (DTS). Cette indemnité est plafonnée et dépend de la convention qui s'applique au vol. Selon les cas, il s'agit de la Convention de Varsovie ou de la Convention de Montréal . Cette information est indiquée sur votre billet d'avion. Si elle ne l'est pas, contactez la compagnie aérienne pour la connaître. Ce montant est l'indemnisation maximale que vous pouvez percevoir. Cependant, vous pouvez, en payant une somme supplémentaire, faire une déclaration spéciale d'intérêt à l'enregistrement de vos bagages. Il s'agit d'une déclaration de valeur attribuée à vos bagages qui permet d'augmenter le plafond de responsabilité de la compagnie aérienne. Dans ce cas, la compagnie aérienne devra vous indemniser de la somme déclarée. La compagnie aérienne est européenne La convention de Montréal s'applique. L'indemnisation est plafonnée à 1.131 DTS, soit environ 1.391 € .",
    "text_reader": "\n Lors d'un voyage en avion, si un de vos bagages est retardé, perdu ou abîmé, la compagnie aérienne doit vous indemniser. Seuls les bagages enregistrés et en soute sont concernés. L'indemnisation dépend de la convention applicable au vol : convention de Varsovie ou convention de Montréal. \n L'indemnité due par la compagnie est fixé en Droits de tirage spéciaux (DTS). Cette indemnité est plafonnée et dépend de la convention qui s'applique au vol. Selon les cas, il s'agit de la   Convention de Varsovie    ou de la    Convention de Montréal   . Cette information est indiquée sur  votre billet d'avion. Si elle ne l'est pas,  contactez la compagnie aérienne pour la connaître. Ce montant est l'indemnisation maximale que vous pouvez percevoir. Cependant, vous pouvez, en payant une somme supplémentaire, faire une  déclaration spéciale d'intérêt  à l'enregistrement de vos bagages. Il s'agit d'une déclaration de valeur attribuée à vos bagages qui permet d'augmenter le plafond de responsabilité de la compagnie aérienne. Dans ce cas, la compagnie aérienne devra vous indemniser de la somme déclarée.\n\nLa compagnie aérienne est européenne\nLa convention de Montréal s'applique. L'indemnisation est plafonnée à  1.131  DTS, soit environ  1.391 € .",
    "link": "https://www.service-public.fr/particuliers/vosdroits/F11370",
    "name": "F11370--bagage-per-retard-25--quelle-ser-sation-29--la-compagn-peenne-36.json",
    "arborescence": {
        "audience": "Particuliers",
        "theme": "Transports",
        "dossier": "Voyage en avion",
        "sous_dossier": "",
        "titre": "Voyage en avion : bagage perdu, retardé ou endommagé"
    }
}