{
    "text": "Volontariat : réserve opérationnelle dans les armées : La réserve opérationnelle est composée de volontaires qui s'engagent à servir dans les armées (Terre, Marine nationale...). Pour être candidat à la réserve opérationnelle, vous devez respecter certaines conditions (âge, aptitude physique, nationalité,...). Vous signez un contrat d'engagement pour une durée d'1 à 5 ans, renouvelable une fois. Vous recevez une rémunération et certains autres avantages. Vous pouvez rompre ou suspendre votre engagement. Conséquences si vous exercez une activité professionnelle: Si vos activités se déroulent pendant votre temps de travail, vous devez prévenir votre employeur au moins 1 mois avant votre absence, de préférence par courrier recommandé avec avis de réception. Ce délai est réduit à 15 jours si votre contrat d'engagement comporte une clause de réactivité. Lorsque les activités accomplies pendant le temps de travail dépassent 5 jours par année civile, vous devez en plus obtenir l'accord de votre employeur. En cas de refus, votre employeur doit vous envoyer sa décision motivée dans les 15 jours qui suivent votre demande, de préférence par lettre recommandée avec avis de réception. Vous êtes fonctionnaire Vos activités dans la réserve sont inférieures ou égales à 30 jours par année Vous êtes placé en position d'activité . Supérieures à 30 jours par année Vous êtes placé en position de détachement .",
    "text_reader": "\n La réserve opérationnelle  est composée de volontaires qui s'engagent à servir dans les armées (Terre, Marine nationale...). Pour être candidat à la réserve opérationnelle, vous devez respecter certaines conditions (âge, aptitude physique, nationalité,...). Vous signez un contrat d'engagement pour une durée d'1 à 5 ans, renouvelable une fois. Vous recevez une rémunération et certains autres avantages. Vous pouvez rompre ou suspendre votre engagement. \n Si vos activités se déroulent pendant votre temps de travail, vous devez prévenir votre employeur au moins  1 mois  avant votre absence, de préférence par courrier recommandé avec avis de réception. Ce délai est réduit à  15 jours  si votre contrat d'engagement comporte une clause de réactivité. Lorsque les activités accomplies pendant le temps de travail dépassent 5 jours par année civile, vous devez en plus obtenir l'accord de votre employeur. En cas de refus, votre employeur doit vous envoyer sa décision motivée dans les 15 jours qui suivent votre demande, de préférence par lettre recommandée avec avis de réception.\n\nVous êtes fonctionnaire\nVos activités dans la réserve sont inférieures ou égales à 30 jours par année\nVous êtes placé en  position d'activité .\nSupérieures à 30 jours par année\nVous êtes placé en  position de détachement .",
    "link": "https://www.service-public.fr/particuliers/vosdroits/F1188",
    "name": "F1188--consequenc-nnelle-57--vous-etes--nnaire-23.json",
    "arborescence": {
        "audience": "Particuliers",
        "theme": "Papiers - Citoyenneté",
        "dossier": "Volontariats",
        "sous_dossier": "Garde nationale et volontariat dans les armées",
        "titre": "Volontariat : réserve opérationnelle dans les armées"
    }
}