{
    "text": "Paiement du loyer par le locataire : Logement social: Montant du loyer: Le montant du loyer d'un logement social : est fixé selon une procédure strictement réglementé, peut faire l'objet d'une réduction mensuelle, est révisé chaque année. Un supplément de loyer de solidarité (SLS) dit surloyer peut être réclamé au locataire lorsque ces revenus dépassent un montant maximum, dans certains cas . Au-delà d'un certain montant , le locataire peut perdre le droit de rester dans le logement social. ",
    "text_reader": "Le  montant du loyer  d'un logement social : est fixé selon une procédure strictement réglementé, peut faire l'objet d'une réduction mensuelle, est révisé chaque  année. Un supplément de loyer de solidarité (SLS)  dit  surloyer  peut être réclamé au locataire lorsque ces revenus dépassent  un  montant maximum, dans certains cas .   Au-delà d'un certain montant , le locataire peut perdre le droit de rester dans le logement social.\n\n",
    "link": "https://www.service-public.fr/particuliers/vosdroits/F1214",
    "name": "F1214--logement-s-social-15--montant-du--loyer-16.json",
    "arborescence": {
        "audience": "Particuliers",
        "theme": "Logement",
        "dossier": "Location immobilière : obligations du locataire",
        "sous_dossier": "Dépenses locatives",
        "titre": "Paiement du loyer par le locataire"
    }
}