{
    "text": "DSE (dossier social étudiant) : comment demander une bourse et/ou un logement ? : Vous devez constituer votre DSE pour faire votre demande de bourse sur critères sociaux (BCS) et de logement en résidence universitaire. Pour cela, vous devez préparer un certain nombre de documents. Pour l'année universitaire 2020-2021, vous devez saisir votre demande entre le 15 janvier et le 15 mai 2020. La demande est réalisée sur internet au moyen du dossier social étudiant (DSE). Vous avez un compte (adresse mail et mot de passe) : si vous avez déjà fait un DSE, ou si vous êtes inscrit sur Parcoursup . Si vous n'avez pas de compte, vous devrez en créer un avec votre numéro INE (identification nationale étudiant). Ce numéro se trouve sur votre carte d'étudiant ou sur l'imprimé de confirmation d'inscription au bac. Joignez à votre DSE la copie des pièces suivantes : Votre propre avis fiscal 2019 sur les revenus perçus en 2018 et celui de vos parents (si vous n'avez pas d'avis fiscal, vous joignez celui de vos parents) Vos justificatifs de scolarité, et ceux de vos frères et sœurs s'ils sont également étudiants si vos parents sont divorcés, vous devez joindre la copie de l'extrait du jugement de divorce vous confiant à l'un de vos parents et fixant le montant de la pension alimentaire. S'il n'y a pas de pension alimentaire, l'avis d'imposition de l'autre parent doit être transmis. Selon votre situation, vous devrez fournir des documents supplémentaires : Pour constituer votre DSE, vous devez vous connecter au téléservice suivant : Vous êtes inscrit à Pôle Emploi et ne percevez pas d'indemnisation Joindre une attestation de l'organisme ",
    "text_reader": "\n Vous devez constituer votre DSE pour faire votre demande de bourse sur critères sociaux (BCS) et de logement en résidence universitaire. Pour cela, vous devez préparer un certain nombre de documents. \n \n\n\nPour l'année universitaire 2020-2021, vous devez saisir votre demande entre le 15 janvier et le 15 mai 2020. La demande est réalisée sur internet au moyen du dossier social étudiant (DSE). Vous avez un compte (adresse mail et mot de passe) : si vous avez déjà fait un DSE, ou si vous êtes inscrit sur    Parcoursup   . Si vous n'avez pas de compte, vous devrez en créer un avec votre numéro INE (identification nationale étudiant). Ce numéro se trouve sur votre carte d'étudiant ou sur l'imprimé de confirmation d'inscription au bac. Joignez à votre DSE la copie des pièces suivantes : Votre propre avis fiscal 2019  sur les revenus perçus   en 2018  et celui de vos parents (si vous n'avez pas d'avis fiscal, vous joignez celui de vos parents) Vos justificatifs de  scolarité, et ceux de vos frères et sœurs s'ils sont également étudiants si vos parents sont divorcés, vous devez joindre la copie de l'extrait du jugement de divorce vous confiant à l'un de vos parents et fixant le montant de la pension alimentaire. S'il n'y a pas de pension alimentaire, l'avis d'imposition de l'autre parent doit être transmis. Selon votre situation, vous devrez fournir des documents supplémentaires : Pour constituer votre DSE, vous devez vous connecter au téléservice suivant :Vous êtes inscrit à Pôle Emploi et ne percevez pas d'indemnisation\nJoindre une  attestation de l'organisme \n",
    "link": "https://www.service-public.fr/particuliers/vosdroits/F12216",
    "name": "F12216--vous-etes--sation-66.json",
    "arborescence": {
        "audience": "Particuliers",
        "theme": "Famille",
        "dossier": "Bourses et aides pour étudiant",
        "sous_dossier": "",
        "titre": "DSE (dossier social étudiant) : comment demander une bourse et/ou un logement ?"
    }
}