{
    "text": "Retraite complémentaire d'un fonctionnaire (Rafp) : La retraite additionnelle de la fonction publique (RAFP) est une pension de retraite versée en complément de la retraite de base. Pendant votre carrière en tant que fonctionnaire, vous accumulez des points de retraite. Ceux-ci sont calculés en prenant en compte diverses primes et indemnités versées durant votre carrière. Prestation de réversion: Si vous décédez, une prestation de réversion peut être versée par la RAFP , sous conditions : à l'époux(se) survivant(e), à l'époux(se) séparé(e) de corps, à l'ex-époux(se) divorcé(e), sauf s'il/elle vit en couple. Une prestation est également versée, sous conditions, aux enfants orphelins . ",
    "text_reader": "\n La  retraite additionnelle de la fonction publique (RAFP) est une pension de retraite versée en complément de la retraite de base. Pendant votre carrière en tant que fonctionnaire, vous accumulez des points de retraite. Ceux-ci sont calculés en prenant en compte diverses primes et indemnités versées durant votre carrière. \n Si vous décédez, une  prestation de réversion     peut être versée par la  RAFP , sous conditions : à l'époux(se)  survivant(e), à l'époux(se) séparé(e) de corps, à l'ex-époux(se) divorcé(e), sauf s'il/elle vit en couple. Une prestation est également versée, sous conditions, aux  enfants orphelins   .\n\n",
    "link": "https://www.service-public.fr/particuliers/vosdroits/F12387",
    "name": "F12387--prestation-ersion-23.json",
    "arborescence": {
        "audience": "Particuliers",
        "theme": "Travail",
        "dossier": "Retraite d'un agent de la fonction publique (titulaire et non titulaire)",
        "sous_dossier": "Pension de retraite complémentaire",
        "titre": "Retraite complémentaire d'un fonctionnaire (Rafp)"
    }
}