{
    "text": "Chômage : compte personnel de formation (CPF) d'un demandeur d'emploi : À votre initiative, et que vous soyez inscrit ou non à Pôle emploi, vous avez le droit d'ouvrir un CPF. Vous n'obtiendrez pas de droits à formation sur le CPF pendant votre période de chômage. Pour connaître vos droits acquis, connectez-vous directement à votre CPF. Seules certaines formations sont admissibles au CPF. Quelles formations peut-on suivre ?: Les formations admises au CPF permettent : d'effectuer une formation sanctionnée par les certifications professionnelles enregistrées au répertoire national , d'être accompagné pour la validation des acquis de l'expérience (VAE) , d'acquérir les connaissances de base (socle de connaissances et de compétences) , d'effectuer un bilan de compétence en mobilisant les heures inscrites sur le CPF acquises en poste. Pour rappel, le bilan de compétence peut être effectué notamment dans le cadre du conseil en évolution professionnelle , de préparer l'épreuve théorique du code de la route et l'épreuve pratique du permis de conduire des véhicules du groupe léger et du groupe lourd , de suivre une formation dispensée aux créateurs ou repreneurs d'entreprises. les actions d'accompagnement et de conseil dispensées aux créateurs ou repreneurs d'entreprises ne sont pas admises au CPF lorsqu'elles sont entièrement réalisées ou financées notamment par Pôle emploi et l' Apec . Vous pouvez suivre également une formation dans un pays membre de l'Union européenne si vous n'êtes pas inscrit auprès de Pôle emploi et qu'il existe une convention entre Pôle emploi et l'organisme public du pays concerné. Pour rechercher une formation admissible, rendez-vous directement sur le site du compte formation (avec votre numéro de sécurité sociale) ou connectez-vous à Mon compte formation . Se munir de ses identifiants ou via France Connect ",
    "text_reader": "\n À votre initiative, et que vous soyez inscrit ou non à Pôle emploi, vous avez le droit d'ouvrir un CPF. Vous n'obtiendrez pas de droits à formation sur le CPF pendant votre période de chômage. Pour connaître vos droits acquis, connectez-vous directement à votre CPF. Seules certaines formations sont admissibles au CPF. \n Les formations admises au CPF permettent : d'effectuer une formation sanctionnée par les   certifications professionnelles enregistrées au répertoire national , d'être accompagné pour la   validation des acquis de l'expérience (VAE) , d'acquérir les connaissances de base  (socle de connaissances et de compétences) , d'effectuer un bilan de compétence en mobilisant les heures inscrites sur le CPF acquises en poste. Pour rappel, le bilan de compétence peut être effectué notamment dans le cadre du   conseil en évolution professionnelle , de préparer l'épreuve théorique du code de la route et  l'épreuve pratique du  permis de conduire des véhicules du groupe léger et du groupe lourd , de suivre une formation dispensée aux créateurs ou repreneurs d'entreprises. les actions d'accompagnement et de conseil dispensées aux créateurs ou repreneurs d'entreprises ne sont pas admises au CPF lorsqu'elles sont entièrement réalisées ou financées notamment par Pôle emploi et l' Apec . Vous pouvez suivre également une formation dans un pays membre de  l'Union européenne  si vous n'êtes pas inscrit auprès de Pôle emploi et qu'il existe une convention entre Pôle emploi et l'organisme public du pays concerné. Pour rechercher une formation admissible, rendez-vous directement sur le  site du compte formation (avec votre numéro de sécurité sociale) ou connectez-vous à  Mon compte formation . Se munir de ses identifiants ou via France Connect\n\n",
    "link": "https://www.service-public.fr/particuliers/vosdroits/F12382",
    "name": "F12382--quelles-fo-suivre-35.json",
    "arborescence": {
        "audience": "Particuliers",
        "theme": "Social - Santé",
        "dossier": "Chômage : aides à la formation",
        "sous_dossier": "",
        "titre": "Chômage : compte personnel de formation (CPF) d'un demandeur d'emploi"
    }
}