{
    "text": "Règles en matière d'héritage : défunt ayant eu des enfants : Quand le défunt n'a pas fait de testament, ses biens vont à ses descendants , ainsi qu'à son époux s'il était marié. Quand le défunt a fait un testament, il doit réserver une partie de son patrimoine à ses descendants. Il peut attribuer la part restante librement (au profit d'un héritier ou d'un tiers). En l'absence de testament: Que reçoit un enfant ?: Adoption plénière Un enfant ayant fait l'objet d'une adoption plénière a droit à la succession de ses parents adoptifs. Il bénéficie de la gratuité des droits de mutation . Toutefois, cette adoption lui fait perdre ses droits sur la succession de ses parents biologiques.",
    "text_reader": "\n Quand le défunt  n'a pas fait de testament, ses biens vont à ses  descendants , ainsi qu'à son époux s'il était marié. Quand le défunt a fait un testament, il doit réserver une partie de son patrimoine à ses descendants. Il peut attribuer la part restante librement (au profit d'un héritier ou d'un tiers). \n Adoption plénière\nUn enfant ayant fait l'objet d'une adoption plénière a droit à la succession de ses parents adoptifs. Il bénéficie de la gratuité des    droits de mutation .\nToutefois, cette adoption lui fait perdre ses droits sur la succession de ses parents biologiques.",
    "link": "https://www.service-public.fr/particuliers/vosdroits/F1270",
    "name": "F1270--en-labsenc-tament-25--que-recoit-enfant-22--adoption-p-eniere-17.json",
    "arborescence": {
        "audience": "Particuliers",
        "theme": "Famille",
        "dossier": "Héritage : ordre et droits des héritiers",
        "sous_dossier": "",
        "titre": "Règles en matière d'héritage : défunt ayant eu des enfants"
    }
}