{
    "text": "Acte de vente d'un terrain situé dans un lotissement : L'acte de vente pour l'achat d'un terrain situé dans un lotissement est réalisé chez un notaire. Il contient certaines informations obligatoires. Le solde du prix de vente est versé à la signature de l'acte de vente. Publicité foncière: Pour que la vente soit opposable aux tiers, le notaire doit assurer la publicité foncière en publiant l'acte de vente au fichier immobilier du service de publicité foncière dont dépend le terrain. En Alsace-Moselle, l'acte est publié au livre foncier. ",
    "text_reader": "\n L'acte de vente pour l'achat d'un terrain situé dans un lotissement est réalisé chez un notaire. Il contient certaines informations obligatoires. Le solde du prix de vente est versé à la signature de l'acte de vente. \n Pour que la vente soit  opposable  aux tiers, le notaire doit assurer la  publicité foncière  en publiant l'acte de vente au fichier immobilier du service de publicité foncière dont dépend le terrain. En Alsace-Moselle, l'acte est publié au livre foncier.\n\n",
    "link": "https://www.service-public.fr/particuliers/vosdroits/F12702",
    "name": "F12702--publicite--nciere-18.json",
    "arborescence": {
        "audience": "Particuliers",
        "theme": "Logement",
        "dossier": "Achat d'un terrain",
        "sous_dossier": "Achat d'un terrain situé dans un lotissement",
        "titre": "Acte de vente d'un terrain situé dans un lotissement"
    }
}