{
    "text": "Assurance maladie d'un Étranger en France : Les droits diffèrent si vous êtes citoyen d'un pays de l'Espace économique européen (EEE) ou d'un autre pays. Les règles applicables et les démarches à faire dépendent de votre statut (salarié, retraité, étudiant...). Européen: Travailleur: Si vous êtes expatrié Si vous venez travailler en France, en tant que salarié ou indépendant, vous êtes assuré en France (sauf exceptions, par exemple si vous êtes fonctionnaire). Vous perdez votre qualité d'assuré dans votre pays de provenance et devez cotiser au régime français de sécurité sociale. Avant votre départ pour la France, vous devez : vous procurer auprès de votre organisme d'affiliation le formulaire E 104 (attestation concernant la totalisation des périodes d'assurance, d'emploi ou de résidence - maladie, maternité, paternité), et le remettre à votre caisse d'assurance maladie française. Ce formulaire récapitule les périodes d'assurance accomplies dans votre précédent pays d'emploi. Ces périodes sont prises en compte comme des périodes d'assurance françaises pour l'ouverture de vos droits aux prestations d'assurance maladie en France. Les membres de votre famille sont également couverts en France, qu'ils y résident ou pas. S'ils continuent à résider dans votre pays d'origine, vous devez demander le document S1 (attestation pour l'inscription des membres de la famille du travailleur salarié ou non salarié) à votre caisse d'assurance maladie en France. Vous devez le remettre ensuite à l'organisme d'assurance maladie compétent à l'étranger, afin que les membres de votre famille y soient enregistrés.",
    "text_reader": "\n Les droits diffèrent si vous êtes citoyen  d'un  pays de l'Espace économique européen (EEE)    ou d'un autre pays.  Les règles applicables et les démarches à faire dépendent de  votre statut (salarié, retraité, étudiant...). \n Si vous êtes expatrié\nSi vous venez travailler  en France, en tant que  salarié ou indépendant, vous êtes assuré en France (sauf exceptions, par exemple si vous êtes   fonctionnaire). Vous perdez votre qualité d'assuré dans votre pays de provenance et devez cotiser au régime français de sécurité sociale.\nAvant votre départ pour la France, vous devez :\nvous procurer auprès de votre organisme d'affiliation le formulaire E 104 (attestation concernant la totalisation des périodes d'assurance, d'emploi ou de résidence - maladie, maternité, paternité),\net le remettre à votre caisse d'assurance maladie française.\nCe formulaire récapitule les périodes d'assurance accomplies dans votre précédent pays d'emploi. Ces périodes sont prises en compte comme des périodes d'assurance françaises pour l'ouverture de vos droits aux prestations d'assurance maladie en France.\nLes membres de votre famille  sont également couverts en France, qu'ils y résident ou pas.\n\t\tS'ils continuent à résider dans votre pays d'origine, vous devez demander le document S1 (attestation pour l'inscription des membres de la famille du travailleur salarié ou non salarié) à votre caisse d'assurance maladie en France. Vous devez le remettre ensuite à l'organisme d'assurance maladie compétent à l'étranger, afin que les membres de votre famille y soient enregistrés.",
    "link": "https://www.service-public.fr/particuliers/vosdroits/F12859",
    "name": "F12859--europeen-ropeen-8--travailleu-illeur-11--si-vous-et-patrie-21.json",
    "arborescence": {
        "audience": "Particuliers",
        "theme": "Social - Santé",
        "dossier": "Assurance maladie d'un Étranger en France",
        "sous_dossier": "",
        "titre": "Assurance maladie d'un Étranger en France"
    }
}