{
    "text": "Retraite du combattant : La retraite du combattant est un avantage versé en témoignage de la reconnaissance nationale par le ministère en charge des anciens combattants, sous conditions. À partir de 65 ans: Montant: 757,64 € par an. ",
    "text_reader": "\n La retraite du combattant est un avantage versé en témoignage de la reconnaissance nationale par le ministère en charge des anciens combattants, sous conditions. \n   757,64 €  par an.\n\n",
    "link": "https://www.service-public.fr/particuliers/vosdroits/F1293",
    "name": "F1293--a-partir-d-65-ans-18--montant-ontant-7.json",
    "arborescence": {
        "audience": "Particuliers",
        "theme": "Papiers - Citoyenneté",
        "dossier": "Anciens combattants",
        "sous_dossier": "",
        "titre": "Retraite du combattant"
    }
}