{
    "text": "Prime de Noël : comment en bénéficier ? : La prime de Noël est une aide exceptionnelle forfaitaire, qui sera versée entre le 13 décembre 2019 et le jour de Noël à certains bénéficiaires de minima sociaux. La prime de Noël est versée si vous avez perçu pour le mois de novembre 2019 ou pour celui de décembre 2019 : le revenu de solidarité active (RSA), ou la prime forfaitaire pour reprise d'activité, ou l'allocation de solidarité spécifique (ASS), ou l'allocation équivalent retraite (AER). cette page ne présente pas les règles spécifiques prévues pour Mayotte. Vous percevez l'ASS ou l'AER ou la prime forfaitaire pour reprise d'activité Le montant de la prime de Noël est fixe quel que soit le nombre de personnes de votre foyer. Le montant forfaitaire est égal à 152,45 € . La prime est versée automatiquement par Pôle emploi, vous n'avez aucune démarche à faire .",
    "text_reader": "\n\nLa prime de Noël est une aide exceptionnelle forfaitaire, qui sera versée  entre le 13 décembre 2019 et le jour de Noël   à certains bénéficiaires de minima sociaux. La prime de Noël est versée si vous avez perçu pour le mois de novembre 2019 ou pour celui de décembre 2019 : le revenu de solidarité active (RSA), ou la prime forfaitaire pour reprise d'activité, ou l'allocation de solidarité spécifique (ASS), ou l'allocation équivalent retraite (AER). cette page ne présente pas les règles spécifiques prévues pour Mayotte.Vous percevez l'ASS ou l'AER ou la prime forfaitaire pour reprise d'activité\nLe montant de la prime de Noël est  fixe quel que soit le nombre de  personnes de votre foyer.\nLe montant forfaitaire est égal à  152,45 € .\nLa prime est  versée automatiquement par Pôle emploi,  vous n'avez aucune démarche à faire .",
    "link": "https://www.service-public.fr/particuliers/vosdroits/F1325",
    "name": "F1325--vous-perce-tivite-76.json",
    "arborescence": {
        "audience": "Particuliers",
        "theme": "Social - Santé",
        "dossier": "Revenu de solidarité active (RSA)",
        "sous_dossier": "",
        "titre": "Prime de Noël : comment en bénéficier ?"
    }
}