{
    "text": "Certificat de situation administrative (non gage et non opposition) : L'obtention d'une carte grise pour un véhicule à moteur immatriculé en France (désormais appelée certificat d'immatriculation ) doit être effectuée au nom du nouveau propriétaire, après cession.Le certificat de situation administrative (CSA) du véhicule doit être obligatoirement remis par le vendeur à l'acheteur avant la cession. En effet, il garantit qu'aucun gage ou qu'aucune opposition empêchent une nouvelle immatriculation. Obtenir la levée du gage ou de l'opposition: Si le véhicule est gagé ou fait l'objet d'une opposition, le titulaire de la carte grise doit d'abord régulariser la situation en fonction de la nature du blocage. Il pourra ensuite obtenir la levée du gage ou de l'opposition. judiciaire Tant qu'il y a inscription au fichier des véhicules volés (FVV), l'opposition ne peut pas être levée. En revanche, si le véhicule volé est retrouvé, l'inscription au FVV sera automatiquement levée dès lors que le véhicule est restitué. Le CSA sans mention de gage ou d'opposition pourra être délivré ensuite.",
    "text_reader": "\n L'obtention d'une  carte grise  pour un véhicule à moteur immatriculé en France (désormais appelée  certificat d'immatriculation ) doit être effectuée au nom du nouveau propriétaire, après cession.Le certificat de situation administrative (CSA) du véhicule doit être obligatoirement remis par le vendeur à l'acheteur avant la cession. En effet, il garantit qu'aucun gage  ou qu'aucune opposition empêchent une nouvelle immatriculation. \n Si le véhicule est gagé ou fait l'objet d'une opposition, le titulaire de la carte grise doit  d'abord régulariser la situation en fonction de la nature du blocage. Il pourra ensuite obtenir la levée du gage ou de l'opposition.\n\nOpposition judiciaire\nTant qu'il y a inscription au fichier des véhicules volés (FVV), l'opposition ne peut pas être levée.\nEn revanche, si le véhicule volé est retrouvé, l'inscription au FVV sera automatiquement levée dès lors que le véhicule est restitué.\nLe CSA sans mention de gage ou d'opposition pourra être délivré ensuite.",
    "link": "https://www.service-public.fr/particuliers/vosdroits/F1360",
    "name": "F1360--obtenir-la-sition-43--opposition-ciaire-21.json",
    "arborescence": {
        "audience": "Particuliers",
        "theme": "Transports",
        "dossier": "Carte grise (certificat d'immatriculation)",
        "sous_dossier": "Vendre (ou donner) un véhicule",
        "titre": "Certificat de situation administrative (non gage et non opposition)"
    }
}