{
    "text": "Télétravail dans le secteur privé : Le télétravail est une activité professionnelle effectuée en tout ou partie hors des locaux de l'entreprise à la demande du salarié ou de l'employeur. Le salarié en télétravail bénéficie de garanties particulières. Organisation du travail: L'accord collectif ou la charte élaborée par l'employeur précise les éléments suivants : Postes éligibles au télétravail Conditions de passage en télétravail (en cas d'épisode de pollution par exemple) et de retour à une exécution du contrat de travail sans télétravail Mode d'acceptation par le salarié des conditions de mise en œuvre du télétravail Mode de contrôle du temps de travail ou de régulation de la charge de travail Détermination des plages horaires durant lesquelles l'employeur peut habituellement contacter le salarié en télétravail ",
    "text_reader": "\n Le télétravail est une activité professionnelle effectuée en tout ou partie hors des locaux de l'entreprise à la demande du salarié ou de l'employeur. Le salarié en télétravail bénéficie de garanties particulières. \n L'accord collectif ou la charte élaborée par l'employeur précise les éléments suivants : Postes éligibles au télétravail Conditions de passage en télétravail (en cas d'épisode de pollution par exemple) et de retour à une exécution du contrat de travail sans télétravail Mode d'acceptation par le salarié des conditions de mise en œuvre du télétravail Mode de contrôle du temps de travail ou de régulation de la charge de travail Détermination des plages horaires durant lesquelles l'employeur peut habituellement contacter le salarié en télétravail\n\n",
    "link": "https://www.service-public.fr/particuliers/vosdroits/F13851",
    "name": "F13851--organisati-ravail-23.json",
    "arborescence": {
        "audience": "Particuliers",
        "theme": "Travail",
        "dossier": "Conditions de travail dans le secteur privé",
        "sous_dossier": "Hygiène, sécurité et conditions de travail",
        "titre": "Télétravail dans le secteur privé"
    }
}