{
    "text": "Attestation des services accomplis (service national ou militaire) : L'attestation des services accomplis, également appelée état signalétique des services , prouve que le service militaire (ou assimilé) a bien été accompli. Elle peut être réclamée par les organismes de retraite ou de sécurité sociale. Marine: BCRM Toulon: Bureau maritime des matricules BP 413 - 83800 TOULON CEDEX 9 ",
    "text_reader": "\n L'attestation des services accomplis, également appelée  état signalétique des services , prouve que le service militaire (ou assimilé) a bien été accompli. Elle peut être réclamée par  les organismes de retraite ou de sécurité sociale. \n Bureau maritime des matricules BP 413 - 83800 TOULON CEDEX 9\n\n",
    "link": "https://www.service-public.fr/particuliers/vosdroits/F1398",
    "name": "F1398--marine-marine-6--bcrm-toulo-toulon-11.json",
    "arborescence": {
        "audience": "Particuliers",
        "theme": "Papiers - Citoyenneté",
        "dossier": "Recensement, JDC et service national",
        "sous_dossier": "",
        "titre": "Attestation des services accomplis (service national ou militaire)"
    }
}