{
    "text": "Retraite du salarié : pension de retraite à taux plein : Vous pouvez bénéficier d'une pension de retraite de base à taux plein, versée par le régime général de la Sécurité sociale, sous conditions. Ce taux plein, fixé à 50 % de votre salaire annuel moyen, vous permet de ne pas subir de décote (vous n'aurez pas de minoration du montant). Pour cela, vous devez remplir une condition d'âge ou de durée d'assurance retraite (trimestres), qui varie selon votre année de naissance. Sinon, des dispositions spécifiques ouvrent également droit au taux plein. Naissance en 1970, 1971 ou 1972: Vous avez 67 ans (ou plus) Si vous ne justifiez pas d'une durée d'assurance retraite de 171 trimestres, vous bénéficiez automatiquement d'une retraite à taux plein dès lors que vous partez à la retraite à partir de 67 ans.",
    "text_reader": "\n Vous pouvez bénéficier d'une pension de retraite de base à taux plein, versée par le régime général de la Sécurité sociale, sous conditions. Ce taux plein, fixé à  50 %  de votre salaire annuel moyen, vous permet de ne pas subir de décote (vous n'aurez pas de minoration du montant). Pour cela, vous devez remplir une condition d'âge ou de durée d'assurance retraite (trimestres), qui varie selon votre année de naissance. Sinon, des dispositions spécifiques ouvrent également droit au taux plein. \n Vous avez 67 ans (ou plus)\nSi vous ne justifiez pas d'une  durée d'assurance retraite   de 171 trimestres, vous bénéficiez automatiquement d'une retraite à taux plein dès lors que vous partez à la retraite à partir de 67 ans.",
    "link": "https://www.service-public.fr/particuliers/vosdroits/F14044",
    "name": "F14044--naissance--u-1972-31--vous-avez--u-plus-26.json",
    "arborescence": {
        "audience": "Particuliers",
        "theme": "Travail",
        "dossier": "Retraite d'un salarié du secteur privé",
        "sous_dossier": "Pension de retraite",
        "titre": "Retraite du salarié : pension de retraite à taux plein"
    }
}