{
    "text": "Retraite du salarié : pension de retraite à taux plein : Vous pouvez bénéficier d'une pension de retraite de base à taux plein, versée par le régime général de la Sécurité sociale, sous conditions. Ce taux plein, fixé à 50 % de votre salaire annuel moyen, vous permet de ne pas subir de décote (vous n'aurez pas de minoration du montant). Pour cela, vous devez remplir une condition d'âge ou de durée d'assurance retraite (trimestres), qui varie selon votre année de naissance. Sinon, des dispositions spécifiques ouvrent également droit au taux plein. Naissance en 1973 ou après: Vous êtes mère ouvrière d'au moins 3 enfants Vous pouvez bénéficier d'une retraite à taux plein à partir de 62 ans, si vous remplissez toutes les conditions suivantes : Vous êtes une mère de famille ayant élevé au moins 3 enfants de moins de 16 ans, Vous avez été salariée au moins 30 ans, Et vous avez exercé un métier manuel ouvrier pendant au moins 5 ans au cours des 15 dernières années précédant la demande de retraite.",
    "text_reader": "\n Vous pouvez bénéficier d'une pension de retraite de base à taux plein, versée par le régime général de la Sécurité sociale, sous conditions. Ce taux plein, fixé à  50 %  de votre salaire annuel moyen, vous permet de ne pas subir de décote (vous n'aurez pas de minoration du montant). Pour cela, vous devez remplir une condition d'âge ou de durée d'assurance retraite (trimestres), qui varie selon votre année de naissance. Sinon, des dispositions spécifiques ouvrent également droit au taux plein. \n Vous êtes mère ouvrière d'au moins 3 enfants\nVous pouvez bénéficier d'une retraite à taux plein à partir de 62 ans,  si vous remplissez toutes les conditions suivantes :\nVous êtes une mère de famille ayant élevé au moins 3 enfants de moins de 16 ans,\nVous avez été salariée au moins 30 ans,\nEt vous avez exercé un métier manuel ouvrier pendant au moins 5 ans au cours des 15 dernières années précédant la demande de retraite.",
    "link": "https://www.service-public.fr/particuliers/vosdroits/F14044",
    "name": "F14044--naissance---apres-26--vous-etes--nfants-44.json",
    "arborescence": {
        "audience": "Particuliers",
        "theme": "Travail",
        "dossier": "Retraite d'un salarié du secteur privé",
        "sous_dossier": "Pension de retraite",
        "titre": "Retraite du salarié : pension de retraite à taux plein"
    }
}