{
    "text": "Retraite du salarié : pension de retraite à taux plein : Vous pouvez bénéficier d'une pension de retraite de base à taux plein, versée par le régime général de la Sécurité sociale, sous conditions. Ce taux plein, fixé à 50 % de votre salaire annuel moyen, vous permet de ne pas subir de décote (vous n'aurez pas de minoration du montant). Pour cela, vous devez remplir une condition d'âge ou de durée d'assurance retraite (trimestres), qui varie selon votre année de naissance. Sinon, des dispositions spécifiques ouvrent également droit au taux plein. Naissance en 1956 ou 1957: Retraite anticipée Vous pouvez bénéficier d'une retraite à taux plein avant 62 ans, si vous remplissez les conditions permettant de partir à la retraite anticipée : pour carrière longue , ou pour handicap , ou en raison de la pénibilité du travail .",
    "text_reader": "\n Vous pouvez bénéficier d'une pension de retraite de base à taux plein, versée par le régime général de la Sécurité sociale, sous conditions. Ce taux plein, fixé à  50 %  de votre salaire annuel moyen, vous permet de ne pas subir de décote (vous n'aurez pas de minoration du montant). Pour cela, vous devez remplir une condition d'âge ou de durée d'assurance retraite (trimestres), qui varie selon votre année de naissance. Sinon, des dispositions spécifiques ouvrent également droit au taux plein. \n Retraite anticipée\nVous pouvez bénéficier d'une retraite à taux plein avant 62 ans, si vous remplissez les conditions permettant de partir à la retraite anticipée :\n\n pour carrière longue ,\nou  pour handicap ,\nou en raison de la   pénibilité du travail .",
    "link": "https://www.service-public.fr/particuliers/vosdroits/F14044",
    "name": "F14044--naissance--u-1957-25--retraite-a-icipee-18.json",
    "arborescence": {
        "audience": "Particuliers",
        "theme": "Travail",
        "dossier": "Retraite d'un salarié du secteur privé",
        "sous_dossier": "Pension de retraite",
        "titre": "Retraite du salarié : pension de retraite à taux plein"
    }
}