{
    "text": "Prestation de compensation du handicap (PCH) : La prestation de compensation du handicap (PCH) est une aide financière versée par le département. Elle permet de rembourser les dépenses liées à votre perte d'autonomie. La PCH comprend 5 formes d'aides (humaine, technique, aménagement du logement, transport, aide spécifique ou exceptionnelle, animalière). Son attribution dépend de votre degré d'autonomie, de votre âge, de vos ressources et de votre résidence. La PCH est attribuée à vie si votre état de santé ne peut pas s'améliorer. Démarche: La CDAPH se réunit ensuite pour se prononcer sur votre demande de PCH. Sa réponse intervient généralement dans un délai de 4 mois à partir de la date de dépôt de votre demande. En l'absence de réponse au-delà de 4 mois, la demande est considérée comme rejetée. Cantal (15) Vous devez remplir un formulaire et l'envoyer à votre MDPH, de préférence par lettre recommandée avec avis de réception. À joindre à toute demande",
    "text_reader": "\n La prestation de compensation du handicap (PCH) est une aide financière versée par le département. Elle permet de rembourser les dépenses liées à votre perte d'autonomie. La PCH comprend 5 formes d'aides (humaine, technique, aménagement du logement, transport, aide spécifique ou exceptionnelle, animalière). Son attribution dépend de votre degré d'autonomie, de votre âge, de vos ressources et de votre résidence. La PCH est attribuée à vie si votre état de santé ne peut pas s'améliorer. \n La CDAPH se réunit ensuite pour se prononcer sur votre demande de PCH. Sa réponse intervient généralement dans un délai de 4 mois à partir de la date de dépôt de votre demande. En l'absence de réponse au-delà de 4 mois, la demande est considérée comme rejetée.\n\nCantal (15)\nVous devez remplir un formulaire et l'envoyer à votre MDPH, de préférence par lettre recommandée avec avis de réception.\nÀ joindre à toute demande",
    "link": "https://www.service-public.fr/particuliers/vosdroits/F14202",
    "name": "F14202--demarche-marche-8--cantal-15-tal-15-11.json",
    "arborescence": {
        "audience": "Particuliers",
        "theme": "Social - Santé",
        "dossier": "Handicap : allocations (AAH, AEEH) et aides",
        "sous_dossier": "",
        "titre": "Prestation de compensation du handicap (PCH)"
    }
}