{
    "text": "Visiteur de prison : Un visiteur de prison contribue bénévolement au bien-être des personnes détenues. Il les prépare à leur réinsertion dans la société. Il peut participer à des actions d'animation collective. Toute personne majeure et au casier judiciaire vierge peut devenir visiteur de prison. Retrait de l'agrément: L'agrément peut être retiré par le directeur interrégional des services pénitentiaires : soit d'office, par exemple, si le visiteur nuit aux conditions de sécurité en prison, soit à la demande du juge de l'application des peines ou du procureur de la République (par exemple, si le visiteur nuit au secret de l'enquête). En cas d'urgence, et pour des motifs graves, l'agrément peut être suspendu par le chef d'établissement, qui en avise sans délai le directeur interrégional. La décision peut faire l'objet d'un recours amiable auprès du directeur interrégional ou d'un recours contentieux auprès du tribunal administratif. ",
    "text_reader": "\n Un visiteur de prison contribue bénévolement au bien-être des personnes détenues. Il les prépare à leur réinsertion dans la société. Il peut participer à des actions d'animation collective. Toute personne majeure et au casier judiciaire vierge peut devenir visiteur de prison. \n L'agrément peut être retiré par le directeur interrégional des services pénitentiaires : soit d'office, par exemple, si le visiteur nuit aux conditions de sécurité en prison, soit à la demande du juge de l'application des peines ou du procureur de la République (par exemple, si le visiteur nuit au secret de l'enquête). En cas d'urgence, et pour des motifs graves, l'agrément peut être suspendu par le chef d'établissement, qui en avise sans délai le directeur interrégional. La décision peut faire l'objet d'un recours amiable auprès  du directeur interrégional ou d'un  recours contentieux   auprès du tribunal administratif.\n\n",
    "link": "https://www.service-public.fr/particuliers/vosdroits/F1421",
    "name": "F1421--retrait-de-rement-21.json",
    "arborescence": {
        "audience": "Particuliers",
        "theme": "Justice",
        "dossier": "Prison",
        "sous_dossier": "",
        "titre": "Visiteur de prison"
    }
}