{
    "text": "Passeport d'un majeur : première demande : Accessible avec un compte ANTS ou via France Connect À l'étranger: Récupération du passeport: Le passeport qui est délivré est un passeport biométrique . Sur place Vous devez le retirer personnellement au lieu de dépôt du dossier ou auprès d'un consul honoraire habilité et le signer sur place. Il doit être retiré dans les 3 mois . Passé ce délai, le passeport est détruit.",
    "text_reader": "\n Accessible avec un compte ANTS ou via France Connect \n Le passeport qui est délivré est un passeport  biométrique .\n\nSur place\nVous devez le retirer personnellement au lieu de dépôt du dossier  ou auprès d'un  consul honoraire habilité \n\n et le signer sur place.\nIl doit être  retiré  dans les   3 mois . Passé ce délai, le passeport est détruit.",
    "link": "https://www.service-public.fr/particuliers/vosdroits/F14929",
    "name": "F14929--a-letrange-ranger-12--recuperati-seport-25--sur-place--place-9.json",
    "arborescence": {
        "audience": "Particuliers",
        "theme": "Papiers - Citoyenneté",
        "dossier": "Passeport",
        "sous_dossier": "Pour un majeur",
        "titre": "Passeport d'un majeur : première demande"
    }
}