{
    "text": "Carte de priorité d'accès aux lieux publics : La carte de priorité permet d'obtenir un droit de priorité d'accès aux lieux publics. Elle concerne les femmes enceintes, les personnes qui ont des enfants à charge et ceux ayant obtenu la médaille de la famille. La carte est gratuite. Elle est attribuée par votre caisse d'allocations familiales (Caf) ou votre caisse de mutualité sociale agricole (CMSA) selon votre régime. Sa durée varie en fonction de votre situation personnelle. Démarche: Pour en faire la demande, il n'y a pas de procédure spécifique, ni de formulaire. Elle peut être faite sur papier libre ou par mail auprès de l'organisme dont vous dépendez. Régime général",
    "text_reader": "\n La carte de priorité permet d'obtenir un droit de priorité d'accès aux lieux publics. Elle concerne les femmes enceintes, les personnes qui ont des enfants à charge et ceux ayant obtenu la médaille de la famille. La carte est gratuite. Elle est attribuée par votre caisse d'allocations familiales (Caf) ou votre caisse de mutualité sociale agricole (CMSA) selon votre régime. Sa durée varie en fonction de votre situation personnelle. \n Pour en faire la demande, il n'y a pas de procédure spécifique, ni de formulaire. Elle peut être faite sur papier libre ou par mail auprès de l'organisme dont vous dépendez.\n\nRégime général",
    "link": "https://www.service-public.fr/particuliers/vosdroits/F15066",
    "name": "F15066--demarche-marche-8--regime-gen-eneral-14.json",
    "arborescence": {
        "audience": "Particuliers",
        "theme": "Transports",
        "dossier": "Cartes de transport",
        "sous_dossier": "",
        "titre": "Carte de priorité d'accès aux lieux publics"
    }
}