{
    "text": "Handicap : foyer d'accueil médicalisé (Fam) : Le foyer d'accueil médicalisé (Fam) propose un hébergement et un accompagnement à tout adulte handicapé gravement dépendant qui n'arrive pas à réaliser seul les actes de la vie courante (se nourrir, s'habiller...). En principe, le Fam accueille des personnes un peu moins dépendantes que la population hébergée en maison d'accueil spécialisée (Mas). Toutefois, dans la pratique, les publics sont sensiblement les mêmes. Démarche: La commission des droits et de l'autonomie des personnes handicapées (CDAPH) se réunit ensuite pour se prononcer sur votre demande d'admission. Sa réponse intervient généralement dans un délai de 4 mois à partir de la date de dépôt de votre demande. En l'absence de réponse au delà de 4 mois, la demande est considérée comme rejetée. Orne (61) Vous pouvez saisir votre demande en ligne. L'usage de ce service est personnel (vous devez créer un compte) et son accès est sécurisé.",
    "text_reader": "\n Le foyer d'accueil médicalisé (Fam) propose un hébergement et un accompagnement à tout adulte handicapé gravement dépendant qui n'arrive pas à réaliser seul les actes de la vie courante (se nourrir, s'habiller...). En principe, le Fam accueille des personnes un peu moins dépendantes que la population hébergée en maison d'accueil spécialisée (Mas). Toutefois, dans la pratique, les publics sont sensiblement les mêmes. \n La commission des droits et de l'autonomie des personnes handicapées (CDAPH)  se réunit ensuite pour se prononcer sur votre demande d'admission. Sa réponse intervient généralement dans un délai de 4 mois à partir de la date de dépôt de votre demande. En l'absence de réponse au delà de 4 mois, la demande est considérée comme rejetée.\n\nOrne (61)\nVous pouvez saisir votre demande en ligne.\nL'usage de ce service est personnel (vous devez créer un compte) et son accès est sécurisé.",
    "link": "https://www.service-public.fr/particuliers/vosdroits/F15255",
    "name": "F15255--demarche-marche-8--orne-61-rne-61-9.json",
    "arborescence": {
        "audience": "Particuliers",
        "theme": "Social - Santé",
        "dossier": "Hébergement d'une personne en situation de handicap",
        "sous_dossier": "Séjour long et médicalisé",
        "titre": "Handicap : foyer d'accueil médicalisé (Fam)"
    }
}