{
    "text": "Inaptitude au travail du salarié suite à un accident du travail : Le médecin du travail peut déclarer votre inaptitude à reprendre votre emploi si les conséquences de votre accident du travail le justifient. Dans ce cas, sauf exception, votre employeur est tenu de vous proposer un reclassement sur un emploi adapté à vos capacités physiques. Vous pouvez percevoir une indemnité pendant la période d'obligation de reclassement. Rupture du contrat: Vous êtes en CDD Votre CDD peut être rompu de manière anticipée si l'une des conditions suivantes est remplie : Vous avez refusé l'emploi que votre employeur vous a proposé Votre employeur justifie de l'impossibilité de vous proposer un emploi L'avis mentionne que votre maintien dans un emploi serait gravement préjudiciable pour votre santé L'avis mentionne que votre état de santé rend impossible tout reclassement dans un emploi",
    "text_reader": "\n Le médecin du travail peut déclarer votre inaptitude à reprendre votre emploi si les conséquences de votre accident du travail le justifient. Dans ce cas, sauf exception, votre employeur est tenu de vous proposer un reclassement sur un emploi adapté à vos capacités physiques. Vous pouvez percevoir une indemnité pendant la période d'obligation de reclassement. \n Vous êtes en CDD\nVotre CDD peut être  rompu de manière anticipée  si l'une des conditions suivantes est remplie :\nVous avez refusé l'emploi que votre employeur vous a proposé\nVotre employeur justifie de l'impossibilité de vous proposer un emploi\nL'avis mentionne que votre maintien dans un emploi serait gravement préjudiciable pour votre santé\nL'avis mentionne que votre état de santé rend impossible tout reclassement dans un emploi",
    "link": "https://www.service-public.fr/particuliers/vosdroits/F15341",
    "name": "F15341--rupture-du-ontrat-18--vous-etes--en-cdd-16.json",
    "arborescence": {
        "audience": "Particuliers",
        "theme": "Travail",
        "dossier": "Maladie ou accident du travail dans le secteur privé",
        "sous_dossier": "Accident du travail",
        "titre": "Inaptitude au travail du salarié suite à un accident du travail"
    }
}