{
    "text": "Demande d'asile : instruction par l'Ofpra : Votre demande d’asile est examinée par l’ Ofpra . La procédure peut être normale ou accélérée. Vous êtes auditionné, sauf dans certains cas. À l'issue de l'instruction, l'Ofpra prend une décision et vous la notifie. Examen médical: L'Ofpra peut vous demander de vous soumettre à un examen médical, mais si vous refusez, il ne peut pas refuser d'instruire votre demande. ",
    "text_reader": "\n Votre demande d’asile est examinée par l’ Ofpra . La procédure peut être normale ou accélérée. \n\t\tVous êtes  auditionné, sauf dans certains cas.\n\t\t\n\t\t\tÀ l'issue de l'instruction, l'Ofpra prend une décision et vous la notifie. \n L'Ofpra peut vous demander de vous soumettre à un examen médical, mais si vous refusez, il ne peut pas refuser d'instruire votre demande.\n\n",
    "link": "https://www.service-public.fr/particuliers/vosdroits/F15376",
    "name": "F15376--examen-med-edical-14.json",
    "arborescence": {
        "audience": "Particuliers",
        "theme": "Étranger",
        "dossier": "Demande d'asile (réfugié, protection subsidiaire, apatride)",
        "sous_dossier": "Dépôt et examen de la demande d'asile",
        "titre": "Demande d'asile : instruction par l'Ofpra"
    }
}