{
    "text": "Chasse accompagnée : comment chasser sans permis ? : La chasse accompagnée consiste à pratiquer la chasse en présence et sous la responsabilité d'un chasseur expérimenté, sous conditions. Elle permet de découvrir la chasse avant de passer le permis de chasser. Vous devez avoir plus de 15 ans, suivre une formation et demander une autorisation à la fédération départementale des chasseurs. La démarche est gratuite. L'autorisation est délivrée pour une période d'un an non renouvelable. Sanctions: Chasser sans être titulaire de l'autorisation de chasser est sanctionné par une amende pouvant aller jusqu'à 1 500 € . Chasser sans avoir avec soi l'autorisation de chasser est sanctionné par une amende pouvant aller jusqu'à 38 € . ",
    "text_reader": "\n La chasse accompagnée consiste à pratiquer la chasse en présence et sous la responsabilité d'un chasseur expérimenté, sous conditions. Elle permet de découvrir la chasse avant de passer le permis de chasser. Vous devez avoir plus de 15 ans,  suivre une formation et demander une autorisation à la fédération départementale des chasseurs. La démarche est gratuite. L'autorisation est délivrée pour une période d'un an non renouvelable. \n Chasser sans être titulaire de l'autorisation de chasser est sanctionné par une amende pouvant aller jusqu'à  1 500 € . Chasser sans avoir avec soi l'autorisation de chasser est sanctionné par une amende pouvant aller jusqu'à  38 € .\n\n",
    "link": "https://www.service-public.fr/particuliers/vosdroits/F15819",
    "name": "F15819--sanctions-ctions-9.json",
    "arborescence": {
        "audience": "Particuliers",
        "theme": "Loisirs",
        "dossier": "Chasse",
        "sous_dossier": "",
        "titre": "Chasse accompagnée : comment chasser sans permis ?"
    }
}