{
    "text": "Visa de long séjour (séjour de plus de 3 mois à 1 an) : Pour entrer et séjourner plus de 3 mois en France, un étranger doit obligatoirement détenir un visa de long séjour ( type D ). Ce visa est accordé par les autorités consulaires françaises. Il est délivré le plus souvent pour les études, le travail ou des raisons familiales. Plusieurs types de visas de long séjour existent en fonction du motif du séjour, de sa durée et de l'intention de demander un titre de séjour pour s'installer durablement en France. De quoi s'agit-il ?: Un visa est une vignette apposée par l'administration d'un pays sur le passeport d'une personne afin de l'autoriser à entrer et séjourner pendant une période déterminée. Le visa de long séjour, type D , vous permet d'entrer et séjourner en France de 4 mois à 1 an. Si vous êtes majeur, vous devez demander un visa de long séjour même si votre nationalité vous dispense de visa de court séjour. Il existe différents types de visas suivant le motif et la durée de votre séjour et votre intention de vous installer durablement en France. il permet aussi de circuler (sans autre visa) dans l'ensemble de l'espace Schengen , sous réserve de ne pas dépasser 90 jours durant sa période de validité. Canada Ce visa s'adresse aux jeunes de 18 à 35 ans. Il a une durée maximum de 1an et vous dispense de demander une carte de séjour.",
    "text_reader": "\n Pour entrer et séjourner plus de 3 mois en France, un étranger doit obligatoirement détenir un visa de long séjour ( type D ). Ce visa est accordé par les autorités consulaires françaises. Il est délivré le plus souvent pour les études, le travail ou des raisons familiales. Plusieurs types de visas de long séjour existent en fonction du motif du séjour, de sa durée et de l'intention de demander un titre de séjour pour s'installer durablement en France. \n Un visa est une vignette apposée par l'administration d'un pays sur le passeport d'une personne afin de l'autoriser  à entrer et séjourner pendant une période déterminée. Le visa de long séjour,  type D , vous permet d'entrer et séjourner en France de 4 mois à 1 an. Si vous êtes majeur, vous devez demander un visa de long séjour même si votre nationalité vous dispense de visa de court séjour. Il existe différents types de visas suivant le motif et la durée de votre séjour et votre intention de vous installer durablement en France. il permet aussi de circuler (sans autre visa) dans l'ensemble de l'espace  Schengen , sous réserve de ne pas dépasser 90 jours durant sa période de validité.\n\nCanada\nCe visa s'adresse aux jeunes de 18 à 35 ans. Il a une durée maximum de 1an et vous dispense de demander une carte de séjour.",
    "link": "https://www.service-public.fr/particuliers/vosdroits/F16162",
    "name": "F16162--de-quoi-sa-git-il-19--canada-canada-6.json",
    "arborescence": {
        "audience": "Particuliers",
        "theme": "Étranger",
        "dossier": "Entrée d'un étranger en France",
        "sous_dossier": "Étranger d'un autre pays",
        "titre": "Visa de long séjour (séjour de plus de 3 mois à 1 an)"
    }
}