{
    "text": "Peut-on transmettre un bien à deux bénéficiaires successifs ? : Oui, vous pouvez transmettre un bien mobilier ou immobilier à deux bénéficiaires successifs. La transmission du bien peut être faite par donation ou legs . Vous devez désigner les deux bénéficiaires du bien dans l'acte de donation ou le testament. Au décès du 1 er bénéficiaire, le bien est transmis au 2 nd bénéficiaire. La transmission peut être graduelle ou résiduelle . Dans le cas d'une donation ou d'un legs graduel , l'acte de donation ou le testament oblige le 1 er bénéficiaire à : conserver les biens transmis et les transmettre, à son décès, à un 2 nd bénéficiaire que vous avez préalablement désigné dans l'acte. pour maintenir des bijoux dans la famille, une mère les lègue à sa fille. Celle-ci devra les conserver et les remettre à ses propres enfants. Dans le cas d'une donation ou d'un legs résiduel , l'acte de donation ou le testament n'impose pas au 1 er bénéficiaire de conserver les biens. Il doit simplement transmettre ce qu'il en reste à un 2 nd bénéficiaire que vous avez préalablement désigné dans l'acte. pour garantir un logement à son fils en situation de handicap, un père lui donne un appartement. Le père désigne sa petite fille comme second bénéficiaire. Le fils en situation de handicap ne peut plus entretenir l'appartement et décide de le vendre. A son décès, la petite fille n'obtiendra pas la donation de l'appartement. Les bénéficiaires d'une donation ou d'un legs graduel ou résiduel n'ont pas obligatoirement de lien de parenté avec le donateur ou le testateur . La transmission peut porter sur tout type de biens (biens immobiliers, meubles, portefeuille de valeurs mobilières, etc.). Chaque bien donné ou légué doit être identifié. Il est impossible de transmettre une partie de son patrimoine sans avoir déterminé les biens qui figurent dans celle-ci. Si vous souhaitez effectuer un legs graduel ou résiduel, vous devez l'indiquer dans votre testament . Si vous souhaitez effectuer une donation graduelle ou résiduelle, vous devez obligatoirement faire appel à un notaire.",
    "text_reader": "\n Oui, vous pouvez transmettre un bien mobilier ou immobilier à deux bénéficiaires successifs. La transmission du bien peut être faite par donation ou  legs . Vous devez désigner les deux bénéficiaires du bien dans l'acte de donation ou le testament.   Au décès du 1 er  bénéficiaire, le bien est transmis au 2 nd  bénéficiaire. La transmission peut être   graduelle  ou  résiduelle . \n Dans le cas d'une donation ou d'un  legs  graduel , l'acte de donation ou le testament oblige le 1 er   bénéficiaire à :\nconserver les biens transmis\net les transmettre, à son décès, à un 2 nd  bénéficiaire que vous avez préalablement désigné dans l'acte.\npour maintenir des bijoux dans la famille, une mère les lègue à sa fille. Celle-ci devra les conserver et les remettre à ses propres enfants.\nDans le cas d'une donation ou d'un   legs   résiduel , l'acte de donation ou le testament n'impose pas au 1 er  bénéficiaire de conserver les biens.\nIl doit simplement transmettre ce qu'il en reste à un 2 nd  bénéficiaire que vous avez préalablement désigné dans l'acte.\npour garantir un logement à son fils en situation de handicap, un père lui donne un appartement. Le père désigne sa petite fille comme second bénéficiaire. Le fils en situation de handicap ne peut plus entretenir l'appartement et décide de le vendre. A son décès, la petite fille n'obtiendra pas la donation de l'appartement.\nLes bénéficiaires d'une donation ou d'un  legs graduel ou résiduel n'ont pas obligatoirement de lien de parenté avec le donateur ou le  testateur .\nLa transmission peut porter sur tout type de biens (biens immobiliers, meubles, portefeuille de valeurs mobilières, etc.).\nChaque bien donné ou légué doit être identifié. Il est impossible de transmettre une partie de son patrimoine sans avoir déterminé les biens qui figurent dans celle-ci.\nSi vous souhaitez effectuer un legs graduel ou résiduel, vous devez l'indiquer dans votre   testament .\nSi vous souhaitez effectuer une donation graduelle ou résiduelle, vous devez obligatoirement faire appel à un notaire.",
    "link": "https://www.service-public.fr/particuliers/vosdroits/F16235",
    "name": "F16235.json",
    "arborescence": {
        "audience": "Particuliers",
        "theme": "Famille",
        "dossier": "Testament",
        "sous_dossier": "",
        "titre": "Peut-on transmettre un bien à deux bénéficiaires successifs ?"
    }
}