{
    "text": "Actualisation mensuelle Pôle emploi : Vous devez actualiser et renouveler chaque mois votre inscription sur la liste des demandeurs d'emploi selon le calendrier mensuel officiel de Pôle emploi (ex-Assedic). Vous devez aussi signaler dans votre espace personnel tout changement de situation pouvant modifier votre disponibilité et vos droits aux allocations chômage. Votre situation a changé: Effets: Votre titre de séjour n'est plus valide Si vous êtes un demandeur d'emploi étranger et que votre titre de séjour n'est plus valide, vous cessez d'être inscrit sur la liste des demandeurs d'emploi. Vous devez donc présenter le renouvellement de votre titre après chaque expiration. Un courrier de rappel vous est adressé 30 jours avant la date d'expiration du titre de séjour.",
    "text_reader": "\n Vous devez actualiser et renouveler chaque mois votre inscription sur la liste des demandeurs d'emploi selon le calendrier mensuel officiel de Pôle emploi (ex-Assedic).\nVous devez aussi signaler dans votre espace personnel tout changement de situation pouvant modifier votre disponibilité et  vos droits aux allocations chômage. \n Votre titre de séjour n'est plus valide\nSi vous êtes un demandeur d'emploi étranger et que votre titre de séjour n'est plus valide, vous cessez d'être inscrit sur la liste des demandeurs d'emploi.\nVous devez donc présenter le renouvellement de votre titre après chaque expiration. Un courrier de rappel vous est adressé 30 jours avant la date d'expiration du titre de séjour.",
    "link": "https://www.service-public.fr/particuliers/vosdroits/F1637",
    "name": "F1637--votre-situ-change-24--effets-effets-6--votre-titr-valide-39.json",
    "arborescence": {
        "audience": "Particuliers",
        "theme": "Social - Santé",
        "dossier": "Chômage : démarches auprès de Pôle emploi",
        "sous_dossier": "",
        "titre": "Actualisation mensuelle Pôle emploi"
    }
}