{
    "text": "Certificat d'urbanisme : Le certificat d'urbanisme est un document d'information, ce n'est pas une autorisation. Il en existe 2 types : le certificat d'information et le certificat opérationnel. Le 1 er donne les règles d'urbanisme sur un terrain donné, le 2e vous renseigne sur la faisabilité d'un projet. La demande de certificat est facultative, mais elle est recommandée dans le cadre de l'achat d'un bien immobilier (terrain à bâtir ou immeuble) ou d'une opération de construction. Certificat opérationnel: Réponses de la mairie: tive Le certificat d'information est adressé par lettre recommandée avec avis de réception. Lorsqu'il est positif, le certificat porte uniquement sur les points suivants : Localisation approximative du ou des bâtiments projetés dans l'unité foncière Destination des futurs bâtiments Modes de desserte par les équipements publics existants ou prévus",
    "text_reader": "\n Le certificat d'urbanisme est un document d'information, ce n'est pas une autorisation. Il en existe 2 types : le certificat d'information et le certificat opérationnel. Le 1 er  donne les règles d'urbanisme sur un terrain donné, le 2e vous renseigne sur la faisabilité d'un projet. La demande de certificat est facultative, mais elle est  recommandée dans le cadre de l'achat d'un bien immobilier (terrain à bâtir ou immeuble) ou d'une opération de construction. \n Réponse positive\nLe certificat d'information est adressé par lettre recommandée avec avis de réception.\nLorsqu'il est positif, le certificat porte uniquement sur les points suivants :\nLocalisation approximative du ou des bâtiments projetés dans  l'unité foncière \n\nDestination des futurs bâtiments\nModes de desserte par les équipements publics existants ou prévus",
    "link": "https://www.service-public.fr/particuliers/vosdroits/F1633",
    "name": "F1633--certificat-ionnel-23--reponses-d-mairie-21--reponse-po-sitive-16.json",
    "arborescence": {
        "audience": "Particuliers",
        "theme": "Logement",
        "dossier": "Autorisations d'urbanisme",
        "sous_dossier": "",
        "titre": "Certificat d'urbanisme"
    }
}