{
    "text": "Passeport talent : carte de séjour pluriannuelle d'un étranger en France : Si vous êtes étranger (sauf citoyen d'un pays européen ou Algérien) et souhaitez travailler en France plus de 3 mois, vous pouvez bénéficier d'une carte de séjour pluriannuelle passeport talent . Cette carte vous est délivrée dans plusieurs situations, notamment si vous êtes hautement qualifié, souhaitez créer une entreprise ou investir en France, ou si vous êtes artiste. Elle est valable 4 ans maximum et renouvelable. Profession artistique et culturelle: Vous devez demander une carte si la durée de séjour envisagée est d'au moins 1 an. Si la durée de séjour est inférieure à 1 an, un visa de long séjour valant titre de séjour (VL-TS ) mention passeport talent suffit. Votre demande est refusée Si le préfet vous a notifié le refus La décision du préfet vous est notifiée par lettre motivée (décision explicite). Ce refus est assorti, sauf exception, d'une obligation de quitter le territoire français (OQTF) fixant le pays où vous serez renvoyé. Vous pouvez former un recours contentieux devant le tribunal administratif (dans un délai de 48 heures, 15 jours ou 30 jours selon le type d'OQTF). Absence de réponse du préfet sur votre demande Si la préfecture n'a pas répondu à l'issue de la validité du récépissé, il s'agit d'un refus implicite. Vous pouvez former dans un délai de 2 mois : un recours administratif ( recours gracieux devant le préfet et/ou recours hiérarchique devant le ministre de l'intérieur), et/ou un recours contentieux devant le tribunal administratif .",
    "text_reader": "\n Si vous êtes étranger (sauf citoyen d'un pays  européen  ou Algérien) et souhaitez travailler en France plus de 3 mois, vous pouvez bénéficier d'une carte de séjour pluriannuelle  passeport talent . Cette carte vous est délivrée dans plusieurs situations, notamment si vous êtes hautement qualifié, souhaitez créer une entreprise ou investir en France, ou si vous êtes artiste. Elle est valable 4 ans maximum et renouvelable. \n Vous devez demander une carte si la durée de séjour envisagée est d'au moins 1 an. Si la durée de séjour est inférieure à 1 an, un  visa de long séjour valant titre de séjour (VL-TS ) mention  passeport talent  suffit.\n\nVotre demande est refusée\nSi le préfet vous a notifié le refus\nLa décision du préfet vous est  notifiée  par lettre motivée (décision explicite). Ce refus est assorti, sauf exception, d'une  obligation de quitter le territoire français (OQTF)  fixant le pays où vous serez renvoyé.\nVous pouvez former un   recours contentieux devant le tribunal administratif  (dans un délai de 48 heures, 15 jours ou 30 jours selon le type d'OQTF).\nAbsence de réponse du préfet sur votre demande\nSi la préfecture n'a pas répondu à l'issue de la validité du récépissé, il s'agit d'un refus implicite.\nVous pouvez former dans un délai de 2 mois :\n\n un recours administratif  ( recours gracieux  devant le préfet et/ou   recours hiérarchique  devant le ministre de l'intérieur),\net/ou  un recours contentieux devant le tribunal administratif .",
    "link": "https://www.service-public.fr/particuliers/vosdroits/F16922",
    "name": "F16922--profession-urelle-35--votre-dema-efusee-25.json",
    "arborescence": {
        "audience": "Particuliers",
        "theme": "Étranger",
        "dossier": "Titres, carte de séjour et documents de circulation pour étranger en France",
        "sous_dossier": "Carte de séjour",
        "titre": "Passeport talent : carte de séjour pluriannuelle d'un étranger en France"
    }
}