{
    "text": "Congé de proche aidant : Le congé de proche aidant permet de s'occuper d'une personne handicapée ou faisant l'objet d'une perte d'autonomie d'une particulière gravité. Ce congé est accessible sous conditions (lien familial ou étroit avec la personne aidée, résidence en France de la personne aidée) et pour une durée limitée. Situation du salarié pendant le congé: Avant le 30 septembre 2020 Le congé de proche aidant n'est pas rémunéré par l'employeur (sauf dispositions conventionnelles ou collectives le prévoyant).",
    "text_reader": "\n Le congé de proche aidant permet de s'occuper d'une personne handicapée ou faisant l'objet d'une perte d'autonomie d'une particulière gravité. Ce congé est accessible sous conditions (lien familial ou étroit avec la personne aidée, résidence en France de la personne aidée) et pour une durée limitée. \n Avant le 30 septembre 2020\nLe congé de proche aidant n'est pas rémunéré par l'employeur (sauf dispositions conventionnelles ou collectives le prévoyant).",
    "link": "https://www.service-public.fr/particuliers/vosdroits/F16920",
    "name": "F16920--situation---conge-37--avant-le-3-e-2020-26.json",
    "arborescence": {
        "audience": "Particuliers",
        "theme": "Travail",
        "dossier": "Congés dans le secteur privé",
        "sous_dossier": "Congés pour maladie, handicap ou dépendance d'un membre de la famille",
        "titre": "Congé de proche aidant"
    }
}