{
    "text": "Comment un étranger malade peut-il obtenir un titre de séjour ? : Vous pouvez obtenir une carte de séjour temporaire vie privée et familiale pour soins si vous remplissez l'ensemble des conditions suivantes : Vous êtes étranger (sauf citoyen d'un pays européen ) Vous résidez habituellement en France Votre état nécessite une prise en charge médicale sans laquelle votre santé serait très gravement compromise Vous ne pouvez pas avoir accès au traitement approprié dans votre pays d'origine Vous ne représentez pas une menace pour l'ordre public vous pouvez demander ce titre même si vous êtes en situation irrégulière. Vous devez retirer un dossier à la préfecture de votre domicile comprenant : un certificat médical vierge à faire remplir par votre médecin habituel (ou un médecin praticien hospitalier), une notice qui explique la procédure, et une enveloppe secret médical comportant l'adresse du service médical de l' Ofii pour envoyer votre dossier complet. Vous devez ensuite adresser le dossier complet à l'Ofii : certificat médical fournissant les informations les plus complètes possibles pour permettre l'instruction de votre dossier dans les meilleurs délais, daté, signé, avec le cachet du médecin, tous les originaux des documents relatifs à la situation de santé déclarée (analyses biologiques, examens complémentaires, compte(s) rendu(s) d'hospitalisation(s), etc.). aucune information médicale, ni aucun certificat médical ne doivent être communiqués ou remis en préfecture. Le médecin de l'Ofii qui examine votre dossier peut demander des informations médicales complémentaires au médecin qui a établi le certificat médical. Vous en serez informé. Ces compléments d'information doivent parvenir au médecin de l'Ofii dans un délai de 15 jours à partir de la date de sa demande. Le médecin de l'Ofii peut vous convoquer pour un examen médical (gratuit) s'il le juge nécessaire. Vous devrez présenter un justificatif d'identité. Le médecin de l'Ofii peut également demander des examens complémentaires (vous n'avez rien à payer). Les résultats de ces examens doivent être communiqués au médecin de l'Ofii dans un délai de 15 jours à partir de la date de sa demande. Si vous ne répondez pas aux demandes du médecin de l'Ofii, vous ne pourrez pas obtenir de récépissé de demande de titre de séjour . Le rapport médical vous concernant est transmis à un collège de médecins de l'Ofii, qui rend son avis au préfet de votre lieu de votre résidence. Le collège de médecins de l'Ofii peut vous convoquer. Vous pouvez être accompagné du médecin de votre choix et d'un interprète. Vous devrez présenter un justificatif d'identité. Le collège de médecins de l'Ofii peut faire procéder à des examens complémentaires. La décision concernant votre demande de titre de séjour est prise, après cet avis, par le préfet. Elle vous sera notifiée par la préfecture. À Paris",
    "text_reader": "\n\nVous pouvez obtenir une carte de séjour temporaire  vie privée et familiale  pour soins si vous remplissez  l'ensemble  des conditions suivantes : Vous êtes étranger (sauf citoyen d'un pays  européen ) Vous résidez habituellement en France Votre état nécessite une prise en charge médicale sans laquelle votre santé serait très gravement compromise Vous ne pouvez pas avoir accès au traitement approprié dans votre pays d'origine Vous ne représentez pas une menace pour l'ordre public vous pouvez demander ce titre même si vous êtes en situation irrégulière.  Vous devez retirer un dossier à la préfecture de votre domicile comprenant : un certificat médical vierge à faire remplir par votre médecin habituel (ou un médecin praticien hospitalier), une notice qui explique la procédure, et une enveloppe  secret médical  comportant l'adresse du service médical de l' Ofii  pour envoyer votre dossier complet. Vous devez ensuite adresser le dossier complet à l'Ofii : certificat médical fournissant les informations les plus complètes possibles pour permettre l'instruction de votre dossier dans les meilleurs délais, daté, signé, avec le cachet du médecin, tous les originaux des documents relatifs à la situation de santé déclarée (analyses biologiques, examens complémentaires, compte(s) rendu(s) d'hospitalisation(s), etc.). aucune information médicale, ni aucun certificat médical ne doivent être communiqués ou remis en préfecture. Le médecin de l'Ofii qui examine votre dossier peut demander des informations médicales complémentaires au médecin qui a établi le certificat médical. Vous en serez informé. Ces compléments d'information doivent parvenir au médecin de l'Ofii dans un délai de 15 jours à partir de la date de sa demande. Le médecin de l'Ofii peut vous convoquer pour un examen médical (gratuit) s'il le juge nécessaire. Vous devrez présenter un justificatif d'identité. Le médecin de l'Ofii peut également demander des examens complémentaires (vous n'avez rien à payer). Les résultats de ces examens doivent être communiqués au médecin de l'Ofii dans un délai de 15 jours à partir de la date de sa demande. Si vous ne répondez pas aux demandes du médecin de l'Ofii, vous ne pourrez pas obtenir de  récépissé de demande de titre de séjour . Le rapport médical vous concernant est transmis à un collège de médecins de l'Ofii, qui rend son avis au préfet de votre lieu de votre résidence. Le collège de médecins de l'Ofii peut vous convoquer. Vous pouvez être accompagné du médecin de votre choix et d'un interprète. Vous devrez présenter un justificatif d'identité. Le collège de médecins de l'Ofii peut  faire procéder à des examens complémentaires. La décision concernant votre demande de titre de séjour est prise, après cet avis, par le préfet. Elle vous sera  notifiée  par la préfecture.À Paris",
    "link": "https://www.service-public.fr/particuliers/vosdroits/F17164",
    "name": "F17164--a-paris--paris-7.json",
    "arborescence": {
        "audience": "Particuliers",
        "theme": "Étranger",
        "dossier": "Titres, carte de séjour et documents de circulation pour étranger en France",
        "sous_dossier": "",
        "titre": "Comment un étranger malade peut-il obtenir un titre de séjour ?"
    }
}