{
    "text": "Quels sont les droits sur le logement du conjoint du défunt ? : Vous étiez en union libre: Si vous viviez en union libre (ou concubinage ) avec le défunt, votre droit d'habiter le logement est différent selon que vous étiez locataires ou propriétaires. vous pouvez également avoir acheté votre logement par le biais d'une société civile immobilière (SCI) . Dans ce cas, les statuts de la SCI peuvent prévoir le maintien dans le logement. Cas général Vous bénéficiez du transfert de bail si : vous viviez avec le défunt depuis au moins 1 an avant le décès et que le concubinage était notoire (relations continues, stables et connues). La preuve de ce concubinage peut se faire par tout moyen : attestation des proches, factures, certificat de vie commune , etc. Si votre concubinage a duré moins d'1 an, vous devrez obtenir l'accord du bailleur et signer un nouveau bail.",
    "text_reader": "Si vous viviez en  union libre  (ou  concubinage ) avec le défunt, votre droit d'habiter le logement est différent selon que vous étiez  locataires  ou propriétaires. vous pouvez également avoir acheté votre logement par le biais d'une  société civile immobilière (SCI)   . Dans ce cas, les statuts de la SCI peuvent prévoir le maintien dans le logement.\n\nCas général\nVous bénéficiez du transfert de bail si :\nvous viviez avec le défunt  depuis au moins 1 an avant le décès\net que le concubinage était notoire (relations continues, stables et connues).\nLa preuve de ce concubinage peut se faire par tout moyen : attestation des proches, factures,  certificat de vie commune , etc.\nSi votre concubinage a duré moins d'1 an, vous devrez obtenir l'accord du bailleur et signer un nouveau bail.",
    "link": "https://www.service-public.fr/particuliers/vosdroits/F1725",
    "name": "F1725--vous-etiez--libre-25--cas-genera-eneral-11.json",
    "arborescence": {
        "audience": "Particuliers",
        "theme": "Famille",
        "dossier": "Héritage : ordre et droits des héritiers",
        "sous_dossier": "",
        "titre": "Quels sont les droits sur le logement du conjoint du défunt ?"
    }
}