{
    "text": "L'inaptitude du salarié en CDD peut-elle justifier la rupture de son contrat ? : Oui. L'inaptitude du salarié (qu'elle soit d'origine professionnelle ou non) constitue un motif permettant de rompre un CDD de manière anticipée. Dès lors que l'inaptitude est reconnue, l'employeur doit respecter la procédure d'obligation de reclassement du salarié. L'employeur doit proposer au salarié un autre emploi approprié à ses capacités. Toutefois, l'employeur est dispensé de rechercher un poste de reclassement si l'avis d'inaptitude mentionne : que le maintien dans un emploi serait gravement préjudiciable pour la santé du salarié, ou que l'état de santé du salarié rend impossible tout reclassement dans un emploi. Si, au bout d'1 mois à partir de la date de l'examen médical constatant l'inaptitude, le salarié n'est pas reclassé, l'employeur peut rompre le CDD. Dans le cas contraire, l'employeur doit de nouveau verser le salaire correspondant à l'emploi occupé par le salarié avant la suspension de son contrat de travail. Lorsque le CDD est rompu, le salarié a droit à une indemnité de rupture, dont le montant est au moins égal : soit à celui de l'indemnité légale de licenciement , soit au double de l'indemnité de licenciement, si l'inaptitude est d'origine professionnelle. En cas d'ancienneté inférieure à 1 an, le montant de l'indemnité est calculé proportionnellement à la durée d'emploi. L'indemnité de précarité est due au salarié.",
    "text_reader": "Oui. L'inaptitude du salarié (qu'elle soit d'origine professionnelle ou non) constitue un motif permettant de rompre un  CDD  de manière anticipée.\nDès lors que l'inaptitude est reconnue, l'employeur doit respecter la procédure d'obligation de reclassement du salarié.\nL'employeur doit proposer au salarié un autre emploi approprié à ses capacités.\nToutefois, l'employeur est dispensé de rechercher un poste de reclassement si l'avis d'inaptitude mentionne :\nque le maintien dans un emploi serait gravement préjudiciable pour la santé du salarié,\nou que l'état de santé du salarié rend impossible tout reclassement dans un emploi.\nSi, au bout d'1 mois à partir de la date de l'examen médical constatant l'inaptitude, le salarié n'est pas reclassé, l'employeur peut rompre le CDD. Dans le cas contraire, l'employeur doit de nouveau verser le salaire correspondant à l'emploi occupé par le salarié avant la suspension de son contrat de travail.\nLorsque le CDD est rompu, le salarié a droit à une indemnité de rupture, dont le montant est au moins égal :\nsoit à celui de  l'indemnité légale de licenciement ,\nsoit au double de l'indemnité de licenciement, si l'inaptitude est d'origine professionnelle.\nEn cas d'ancienneté inférieure à 1 an, le montant de l'indemnité est calculé proportionnellement à la durée d'emploi.\n\n L'indemnité de précarité  est due au salarié.",
    "link": "https://www.service-public.fr/particuliers/vosdroits/F1729",
    "name": "F1729.json",
    "arborescence": {
        "audience": "Particuliers",
        "theme": "Travail",
        "dossier": "Maladie ou accident du travail dans le secteur privé",
        "sous_dossier": "",
        "titre": "L'inaptitude du salarié en CDD peut-elle justifier la rupture de son contrat ?"
    }
}