{
    "text": "Échange d'un permis de conduire obtenu en Europe (EEE + Royaume-Uni) : Accessible avec un compte ANTS ou via FranceConnect Conditions à remplir: Vous devez remplir les conditions suivantes : Avoir votre résidence normale en France Avoir l'âge minimal pour conduire le véhicule de la catégorie équivalente de votre permis (pour le permis B , 18 ans ou plus ) Respecter les prescriptions médicales notées sur votre permis. Par exemple, port de lunettes obligatoire. Si nécessaire, avoir passé un examen médical d'aptitude à la conduite . Par exemple, votre état de santé implique une restriction de la durée de validité du permis. Ne pas avoir été sanctionné par une suspension, une restriction ou une annulation de votre droit à conduire dans le pays de délivrance du permis Ne pas avoir obtenu votre permis pendant une période où vous aviez l'interdiction en France de demander un permis de conduire Si votre permis européen a été obtenu par échange, il doit avoir été délivré par un État pratiquant la réciprocité d'échange de permis avec la France . si votre permis européen a été obtenu par échange, il doit avoir été délivré par un État pratiquant la réciprocité d'échange de permis avec la France . Sinon, il est impossible de l'échanger contre un permis français. Vous pouvez l'utiliser en France pendant 1 an à partir de l'acquisition de votre résidence normale en France. Pour continuer à conduire en France au-delà de ce délai, vous devez passer l'examen du permis de conduire français . ",
    "text_reader": "\n Accessible avec un compte ANTS ou via   FranceConnect \n \n Vous devez remplir les  conditions suivantes : Avoir  votre   résidence normale  en France Avoir l'âge minimal  pour conduire le véhicule de la catégorie équivalente de votre permis (pour le  permis B , 18 ans ou plus ) Respecter les prescriptions médicales notées sur  votre permis. Par exemple, port de lunettes obligatoire. Si nécessaire, avoir passé un  examen médical d'aptitude à la conduite . Par exemple, votre état de santé implique une restriction de la durée de validité du permis. Ne pas avoir été sanctionné par une suspension, une restriction ou une annulation de votre droit à conduire dans  le pays de délivrance du permis Ne pas avoir  obtenu votre permis pendant une période où vous aviez l'interdiction  en France de demander un permis de conduire Si votre permis  européen  a été obtenu par échange, il doit avoir été délivré par  un État pratiquant la réciprocité d'échange de permis avec la France   . si votre permis  européen  a été obtenu par échange, il doit avoir été délivré par  un État pratiquant la réciprocité d'échange de permis avec la France   . Sinon, il est impossible de l'échanger contre un permis français. Vous pouvez l'utiliser en France pendant 1 an à partir de l'acquisition de votre  résidence normale  en France. Pour  continuer à conduire en France au-delà de ce délai, vous devez passer   l'examen du permis de conduire français .\n\n",
    "link": "https://www.service-public.fr/particuliers/vosdroits/F1758",
    "name": "F1758--conditions-emplir-20.json",
    "arborescence": {
        "audience": "Particuliers",
        "theme": "Transports",
        "dossier": "Conduire en France avec un permis étranger",
        "sous_dossier": "Permis européen",
        "titre": "Échange d'un permis de conduire obtenu en Europe (EEE + Royaume-Uni)"
    }
}