{
    "text": "Maladie professionnelle : démarches à effectuer : Si votre médecin constate une dégradation de votre état de santé qu'il estime liée à votre travail, celle-ci peut être reconnue d'origine professionnelle. Vous devez faire une demande de reconnaissance de votre maladie professionnelle auprès de votre caisse primaire d’assurance maladie (CPAM). À la fin de l'instruction, la CPAM vous informe de sa décision. Une procédure spécifique est prévue pour les travailleurs atteints du Covid-19 dans le cadre de leur activité professionnelle. Cas général: Procédure d'instruction: La CPAM dispose d'un délai de 3 mois pour statuer sur le caractère professionnel de votre maladie, à partir de la date à laquelle elle a reçu le dossier complet. Celui-ci comprend la déclaration de la maladie professionnelle intégrant le certificat médical initial et le résultat des examens médicaux complémentaires (s'ils ont été prescrits). La CPAM dispose d'un délai de 3 mois pour statuer sur le caractère professionnel de votre maladie, à partir de la date à laquelle elle a reçu le dossier complet. Celui-ci comprend la déclaration de la maladie professionnelle intégrant le certificat médical initial et le résultat des examens médicaux complémentaires (s'ils ont été prescrits). Examen médical ou enquête complémentaire La CPAM procède à un examen, sous forme de questionnaire, des circonstances ou de la cause de la maladie, ou à une enquête (obligatoire en cas de décès du salarié) dans les cas suivants : en présence de réserves motivées de l'employeur sur le caractère professionnel de la maladie, ou si la CPAM elle-même l'estime nécessaire. La CPAM vous informe (ainsi que votre employeur), par lettre recommandée avec accusé de réception, de cette démarche avant l'expiration du délai d'instruction. La CPAM peut aussi vous soumettre à un examen médical par un médecin-conseil . Avis du comité régional de reconnaissance des maladies professionnelles (CRRMP) La reconnaissance de la maladie professionnelle est soumise à l'avis du CRRMP dans l'un des cas suivants : La maladie figure au tableau des maladies professionnelles mais n'a pas été contractée dans les conditions précisées à ces tableaux, et il est établi qu'elle est directement causée par votre travail habituel. La maladie ne figure pas au tableau des maladies professionnelles, mais il est établi qu’elle est essentiellement et directement causée par le travail et qu'elle a entraîné une incapacité permanente d’au moins 25 % (ou le décès). Le CRRMP dispose alors de 4 mois pour rendre son avis motivé (plus 2 mois supplémentaires lorsqu'un examen ou une enquête complémentaire est nécessaire). Le délai d’instruction de la CPAM n'est pas prolongé du fait que le CRRMP a été saisi.",
    "text_reader": "\n Si votre médecin constate une dégradation de votre état de santé qu'il estime liée à votre travail, celle-ci peut être reconnue d'origine professionnelle. Vous devez faire une demande de reconnaissance de votre maladie professionnelle auprès de votre caisse primaire d’assurance maladie (CPAM). À la fin de l'instruction, la CPAM vous informe de sa décision. Une procédure spécifique est prévue pour les travailleurs atteints du Covid-19 dans le cadre de leur activité professionnelle. \n La CPAM dispose d'un délai de 3 mois pour statuer sur le caractère professionnel de votre maladie, à partir de la date à laquelle elle a reçu le dossier complet. Celui-ci comprend la déclaration de la maladie professionnelle intégrant le certificat médical initial et le résultat des examens médicaux complémentaires (s'ils ont été prescrits).\n\nProcédure d'instruction\nLa CPAM dispose d'un délai de 3 mois pour statuer sur le caractère professionnel de votre maladie, à partir de la date à laquelle elle a reçu le dossier complet. Celui-ci comprend la déclaration de la maladie professionnelle intégrant le certificat médical initial et le résultat des examens médicaux complémentaires (s'ils ont été prescrits).\nExamen médical ou enquête complémentaire\nLa CPAM procède à un examen, sous forme de questionnaire, des circonstances ou de la cause de la maladie, ou à une enquête (obligatoire en cas de décès du salarié) dans les cas suivants :\nen présence de réserves motivées de l'employeur sur le caractère professionnel de la maladie,\nou si la CPAM elle-même l'estime nécessaire.\nLa CPAM vous informe (ainsi que votre employeur), par lettre recommandée avec accusé de réception, de cette démarche avant l'expiration du délai d'instruction.\nLa CPAM peut aussi vous soumettre à un examen médical par un  médecin-conseil .\nAvis du comité régional de reconnaissance des maladies professionnelles (CRRMP)\nLa reconnaissance de la maladie professionnelle est soumise à l'avis du CRRMP dans l'un des cas suivants :\nLa maladie figure au tableau des maladies professionnelles mais n'a pas été contractée dans les conditions précisées à ces tableaux, et il est établi qu'elle est directement causée par votre travail habituel.\nLa maladie ne figure pas au tableau des maladies professionnelles, mais il est établi qu’elle est essentiellement et directement causée par le travail et qu'elle a entraîné une incapacité permanente d’au moins  25 %  (ou le décès).\nLe CRRMP dispose alors de 4 mois pour rendre son avis motivé (plus 2 mois supplémentaires lorsqu'un examen ou une enquête complémentaire est nécessaire).\nLe délai d’instruction de la CPAM n'est pas prolongé du fait que le CRRMP a été saisi.",
    "link": "https://www.service-public.fr/particuliers/vosdroits/F176",
    "name": "F176--cas-genera-eneral-11--procedure--uction-23.json",
    "arborescence": {
        "audience": "Particuliers",
        "theme": "Travail",
        "dossier": "Maladie ou accident du travail dans le secteur privé",
        "sous_dossier": "Maladie professionnelle",
        "titre": "Maladie professionnelle : démarches à effectuer"
    }
}