{
    "text": "Pension de retraite à taux plein d'un fonctionnaire : Vous bénéficiez d'une retraite à taux plein, c'est-à-dire sans décote, si vous justifiez d'un certain nombre de trimestres d'assurance retraite ou une condition d'âge. Ces conditions varient selon que vous êtes fonctionnaire de catégorie sédentaire ou active . Fonctionnaire actif: Vous bénéficiez d’une retraite à taux plein, c'est-à-dire sans décote , si vous justifiez : d'un certain nombre de trimestres d'assurance retraite. Tous les trimestres acquis auprès des différents régimes de retraite obligatoires (dans la fonction publique et le secteur privé) sont pris en compte, ou d'un certain âge. Cet âge d'annulation de la décote (ou âge du taux plein automatique) varie en fonction de votre année de naissance et/ou de l'année à partir de laquelle vous avez le droit de prendre votre retraite. vous pouvez partir à la retraite de manière anticipée si vous avez effectué un certain nombre d'années de services sur un ou plusieurs emplois de votre catégorie active. Surveillant pénitentiaire Année de naissance Nombre de trimestres exigé Âge d'annulation de la décote 1964 166 trimestres (41 ans + 6 mois) 55 ans et 4 mois 1964 166 trimestres (41 ans + 6 mois) 55 ans et 7 mois 1965 166 trimestres (41 ans + 6 mois) 56 ans et 3 mois 1966 167 trimestres (41 ans + 9 mois) 56 ans et 6 mois 1967 167 trimestres (41 ans + 9 mois) 56 ans et 9 mois 1968 167 trimestres (41 ans + 9 mois) 57 ans 1969 à 1971 168 trimestres (42 ans) 57 ans 1972 à 1974 169 trimestres (42 ans + 3mois) 57 ans 1975 à 1977 170 trimestres (42 ans + 6 mois) 57 ans 1978 à 1980 171 trimestres (42 ans + 9 mois) 57 ans 1981 et après 172 trimestres (43 ans) 57 ans",
    "text_reader": "\n Vous bénéficiez d'une retraite à taux plein, c'est-à-dire sans décote, si vous justifiez d'un certain nombre de trimestres d'assurance retraite ou une condition d'âge. Ces conditions varient selon que vous êtes fonctionnaire de catégorie  sédentaire  ou  active . \n Vous bénéficiez d’une retraite à taux plein,  c'est-à-dire sans  décote , si vous justifiez : d'un certain nombre de trimestres d'assurance retraite. Tous les trimestres acquis auprès des différents régimes de retraite obligatoires (dans la fonction publique et le secteur privé) sont pris en compte, ou d'un certain âge. Cet âge d'annulation de la décote (ou âge du taux plein automatique) varie  en fonction de votre année de naissance et/ou de l'année à partir de laquelle vous avez le droit de prendre votre retraite. vous pouvez partir à la retraite de manière anticipée si vous avez effectué un certain nombre d'années de services sur un ou plusieurs emplois de votre catégorie active.\n\nSurveillant pénitentiaire\nAnnée de naissance\nNombre de trimestres exigé\nÂge d'annulation de la décote\n1964\n166 trimestres (41 ans + 6 mois)\n55 ans et 4 mois\n1964\n166 trimestres (41 ans + 6 mois)\n55 ans et 7 mois\n1965\n166 trimestres (41 ans + 6 mois)\n56 ans et 3 mois\n1966\n167 trimestres (41 ans + 9 mois)\n56 ans et 6 mois\n1967\n167 trimestres (41 ans + 9 mois)\n56 ans et 9 mois\n1968\n167 trimestres (41 ans + 9 mois)\n57 ans\n1969 à 1971\n168 trimestres (42 ans)\n57 ans\n1972 à 1974\n169 trimestres (42 ans + 3mois)\n57 ans\n1975 à 1977\n170 trimestres (42 ans + 6 mois)\n57 ans\n1978 à 1980\n171 trimestres (42 ans + 9 mois)\n57 ans\n1981 et après\n172 trimestres (43 ans)\n57 ans",
    "link": "https://www.service-public.fr/particuliers/vosdroits/F1781",
    "name": "F1781--fonctionna--actif-19--surveillan-tiaire-25.json",
    "arborescence": {
        "audience": "Particuliers",
        "theme": "Travail",
        "dossier": "Retraite d'un agent de la fonction publique (titulaire et non titulaire)",
        "sous_dossier": "Retraite à taux plein",
        "titre": "Pension de retraite à taux plein d'un fonctionnaire"
    }
}