{
    "text": "Aide juridictionnelle : L'aide juridictionnelle est une prise en charge par l’État de vos frais de justice (avocat, huissier, etc.). Vous pouvez bénéficier de cette aide si vous avez de faibles ressources. L'aide peut couvrir la totalité de vos frais de justice ou une partie. Vous pouvez la demander avant ou après le début de votre procédure en justice. La demande doit se faire auprès de la juridiction chargée de votre affaire. Vous devez remplir un formulaire et fournir des pièces justificatives. Vous êtes étranger: Conditions d'attribution: Le niveau de l'aide dépend de votre situation financière et du nombre de personnes à votre charge. Les personnes suivantes, si elles vivent habituellement à votre foyer, sont considérées à votre charge : La personne avec qui vous vivez en couple si elle n'a pas de ressources Vos enfants mineurs au 1 er janvier de l'année en cours (ou de moins de 25 ans, s'ils sont étudiants ou invalides ) Vos ascendants dont les ressources ne dépassent pas l'Aspa Les ressources prises en compte sont : les vôtres, celle de la personne avec qui vous vivez en couple , et celles des autres personnes vivant dans votre foyer, même à votre charge (salaire des enfants, pension d'un parent , etc.). Cependant, si la procédure oppose plusieurs personnes de votre foyer (vous et votre époux(se) par exemple), seules vos ressources sont prises en compte. Les ressources prises en compte sont les ressources nettes que vous percevez avant abattements . D'autres éléments (biens immobiliers par exemple) peuvent être pris en compte. Certaines ressources sont exclues . Si vos ressources n'ont pas changé depuis l'an dernier, les ressources prises en compte sont celles que vous devez déclarer pour la période allant du 1 er janvier au 31 décembre 2018. Si votre situation a changé, ce sont vos ressources actuelles qui sont prises en compte, à partir du 1 er janvier 2019 et jusqu'à la date de votre demande. Dans tous les cas, le montant retenu est la moyenne des ressources perçues au cours de la période considérée. Pour savoir si vous avez droit à l'aide juridictionnelle et calculer vos droits, vous pouvez utiliser le simulateur suivant : l'aide juridictionnelle est accordée automatiquement de manière provisoire dans les procédures urgentes liées à la violence conjugale. ",
    "text_reader": "\n L'aide juridictionnelle est une prise en charge par  l’État de vos  frais de justice (avocat, huissier, etc.). Vous pouvez bénéficier de cette aide si vous avez de  faibles ressources. L'aide peut couvrir la totalité de vos frais de justice ou une partie. Vous pouvez la demander  avant ou après le début de votre procédure  en justice. La demande doit se faire auprès de la juridiction chargée de votre affaire. Vous devez remplir un formulaire et fournir des pièces justificatives. \n Le niveau de l'aide dépend de votre situation financière et du nombre de personnes à votre charge. Les personnes suivantes,  si elles vivent habituellement à votre foyer,  sont considérées à votre charge :   La personne avec qui vous  vivez en couple  si elle n'a pas de  ressources Vos enfants mineurs au 1 er  janvier de l'année en cours (ou de moins de 25 ans, s'ils sont étudiants ou  invalides ) Vos  ascendants  dont les ressources ne dépassent pas  l'Aspa     Les ressources prises en compte  sont : les vôtres, celle de la personne avec qui vous  vivez en couple , et celles des autres personnes vivant dans votre foyer, même à votre charge (salaire des enfants, pension d'un  parent , etc.). Cependant, si la procédure oppose plusieurs personnes de votre foyer (vous et votre époux(se) par exemple), seules vos ressources sont prises en compte. Les ressources prises en compte sont les ressources nettes que vous percevez avant  abattements . D'autres éléments (biens immobiliers par exemple) peuvent être pris en compte. Certaines ressources sont  exclues . Si vos ressources n'ont pas changé depuis l'an dernier, les ressources prises en compte sont celles que vous devez déclarer pour la période allant du 1 er  janvier au 31 décembre 2018. Si votre situation a changé, ce sont vos ressources actuelles qui sont prises en compte, à partir du 1 er  janvier 2019 et jusqu'à la date de votre demande. Dans tous les cas, le montant retenu est la moyenne des ressources perçues au cours de la période considérée. Pour savoir si vous avez droit à l'aide juridictionnelle et calculer vos droits, vous pouvez utiliser le simulateur suivant : l'aide juridictionnelle est accordée automatiquement de manière provisoire dans les procédures urgentes liées à la violence conjugale.\n\n",
    "link": "https://www.service-public.fr/particuliers/vosdroits/F18074",
    "name": "F18074--vous-etes--ranger-18--conditions-bution-24.json",
    "arborescence": {
        "audience": "Particuliers",
        "theme": "Justice",
        "dossier": "Accès au droit et à la justice",
        "sous_dossier": "",
        "titre": "Aide juridictionnelle"
    }
}