{
    "text": "Aide juridictionnelle : L'aide juridictionnelle est une prise en charge par l’État de vos frais de justice (avocat, huissier, etc.). Vous pouvez bénéficier de cette aide si vous avez de faibles ressources. L'aide peut couvrir la totalité de vos frais de justice ou une partie. Vous pouvez la demander avant ou après le début de votre procédure en justice. La demande doit se faire auprès de la juridiction chargée de votre affaire. Vous devez remplir un formulaire et fournir des pièces justificatives. Vous êtes étranger: Procédures concernées: France L'aide juridictionnelle peut être accordée pour les cas suivants : Procès en matière gracieuse ou contentieuse (divorce par exemple) Transaction Exécution d'une décision de justice Mineur auditionné par un juge Procédure de comparution sur reconnaissance préalable de culpabilité Procédure de médiation Divorce par consentement mutuel par acte sous signature privée contresigné par avocats depuis le 1 er novembre 2019, l'aide juridictionnelle ne peut plus être accordée pour les procédures devant le tribunal départemental des pensions et devant la cour régionale des pensions.",
    "text_reader": "\n L'aide juridictionnelle est une prise en charge par  l’État de vos  frais de justice (avocat, huissier, etc.). Vous pouvez bénéficier de cette aide si vous avez de  faibles ressources. L'aide peut couvrir la totalité de vos frais de justice ou une partie. Vous pouvez la demander  avant ou après le début de votre procédure  en justice. La demande doit se faire auprès de la juridiction chargée de votre affaire. Vous devez remplir un formulaire et fournir des pièces justificatives. \n Procédure en France\nL'aide juridictionnelle peut être accordée pour les cas suivants :\nProcès en matière gracieuse ou contentieuse (divorce par exemple)\nTransaction\nExécution d'une décision de justice\nMineur auditionné par un juge\nProcédure de comparution sur  reconnaissance préalable de culpabilité \n\nProcédure de  médiation \n\nDivorce par consentement mutuel par acte sous signature privée contresigné par avocats\ndepuis le 1 er  novembre 2019, l'aide juridictionnelle ne peut plus être accordée pour les procédures  devant le tribunal départemental des pensions et devant la cour régionale des pensions.",
    "link": "https://www.service-public.fr/particuliers/vosdroits/F18074",
    "name": "F18074--vous-etes--ranger-18--procedures-ernees-21--procedure--france-19.json",
    "arborescence": {
        "audience": "Particuliers",
        "theme": "Justice",
        "dossier": "Accès au droit et à la justice",
        "sous_dossier": "",
        "titre": "Aide juridictionnelle"
    }
}