{
    "text": "Travail à temps partiel d'un agent contractuel de la fonction publique : Un agent contractuel peut être autorisé, à sa demande, à travailler à temps partiel pour différents motifs. Selon le motif pour lequel il est demandé, le temps partiel est de droit (c'est-à-dire que l'administration ne peut pas le refuser) ou accordé sous réserve des nécessités de service . Le temps partiel est accordé pour une période de 6 mois à 1 an, renouvelable. Territoriale (FPT): Motif thérapeutique: L'agent contractuel peut bénéficier d'un temps partiel pour motif thérapeutique dans les conditions prévues par le régime général de la sécurité sociale. ",
    "text_reader": "\n Un agent contractuel peut être autorisé, à sa demande, à travailler à temps partiel pour différents motifs. Selon le motif pour lequel il est demandé, le temps partiel est de droit (c'est-à-dire que l'administration ne peut pas le refuser) ou accordé sous réserve des  nécessités de service . Le temps partiel est accordé pour une période de 6 mois à 1 an, renouvelable. \n L'agent contractuel peut bénéficier d'un  temps partiel pour motif thérapeutique  dans les conditions prévues par le régime général de la sécurité sociale.\n\n",
    "link": "https://www.service-public.fr/particuliers/vosdroits/F18029",
    "name": "F18029--territoria-le-fpt-18--motif-ther-utique-19.json",
    "arborescence": {
        "audience": "Particuliers",
        "theme": "Travail",
        "dossier": "Temps de travail dans la fonction publique",
        "sous_dossier": "Travail à temps partiel",
        "titre": "Travail à temps partiel d'un agent contractuel de la fonction publique"
    }
}