{
    "text": "Avoir un chien susceptible d'être dangereux : quelles sont les règles ? : Les chiens susceptibles d'être dangereux sont classés en 2 catégories : chien de garde et de défense et chien d'attaque. Certaines personnes n'ont pas le droit de posséder un chien appartenant à ces 2 catégories. La détention d'un chien appartenant à ces 2 catégories est soumise à plusieurs conditions : formation et attestation d'aptitude du propriétaire, permis de détention, souscription d'une assurance responsabilité civile, identification, évaluation comportementale du chien, etc. Chien d'attaque (1re catégorie): Par messagerie: Accès au formulaire de contact ",
    "text_reader": "\n Les chiens susceptibles d'être dangereux sont classés en 2 catégories : chien de garde et de défense et chien d'attaque. Certaines personnes n'ont pas le droit  de posséder un chien appartenant à ces 2 catégories. La détention d'un chien appartenant à ces 2 catégories est soumise à plusieurs conditions : formation et attestation d'aptitude du propriétaire,  permis de détention, souscription d'une assurance responsabilité civile, identification, évaluation comportementale du chien, etc. \n Accès au  formulaire de contact  \n\n",
    "link": "https://www.service-public.fr/particuliers/vosdroits/F1839",
    "name": "F1839--chien-datt-egorie-31--par-messag-agerie-14.json",
    "arborescence": {
        "audience": "Particuliers",
        "theme": "Loisirs",
        "dossier": "Animal de compagnie",
        "sous_dossier": "",
        "titre": "Avoir un chien susceptible d'être dangereux : quelles sont les règles ?"
    }
}