{
    "text": "Incidents de paiement : Les découverts non autorisés et les rejets par la banque de chèques, de virements ou de prélèvements constituent des incidents de paiement. Ils génèrent des frais. Découvert non autorisé: Vous n'en bénéficiez pas Les frais d'incident bancaires sont plafonnés à 25 € par mois.",
    "text_reader": "\n Les découverts non autorisés et les rejets par la banque de chèques, de virements ou de prélèvements  constituent des incidents de paiement.\n\t\t\n\t\t\tIls génèrent des frais. \n Vous n'en bénéficiez pas\nLes frais d'incident bancaires sont plafonnés à  25 €  par mois.",
    "link": "https://www.service-public.fr/particuliers/vosdroits/F18777",
    "name": "F18777--decouvert--torise-22--vous-nen-b-ez-pas-24.json",
    "arborescence": {
        "audience": "Particuliers",
        "theme": "Argent",
        "dossier": "Comptes bancaires",
        "sous_dossier": "Problèmes de trésorerie",
        "titre": "Incidents de paiement"
    }
}