{
    "text": "Stage ou observation d'un jeune de moins de 16 ans : quelles sont les règles ? : Les entreprises peuvent accueillir des élèves mineurs de moins de 16 ans, pour différents types d'accueil, notamment les stages. L'élève reste cependant sous statut scolaire pendant la période où il est accueilli dans l'entreprise, c'est-à-dire soumis au règlement intérieur de leur établissement. Séquence d'observation au collège et au lycée: La séquence d'observation est obligatoire pour les élèves de 3 e ( stage de 3 e ). Sa durée maximum est d'1 semaine. Elle permet aux élèves de préparer leur projet d'orientation. Ces séquences peuvent également être proposées, dans certains cas, aux élèves de 4 e et aux lycéens. Elles ne dispensent pas de la séquence obligatoire, mais s'y ajoutent. L'élève peut, sous le contrôle de son tuteur, participer à des activités sans pouvoir accéder aux machines et aux produits. Il n'est pas rémunéré, mais une gratification peut lui être versée. la visite médicale n'est pas nécessaire pour une séquence d'observation. La séquence d'observation est obligatoire pour les élèves de 3 e ( stage de 3 e ). Sa durée maximum est d'1 semaine. Elle permet aux élèves de préparer leur projet d'orientation. Ces séquences peuvent également être proposées, dans certains cas, aux élèves de 4 e et aux lycéens. Elles ne dispensent pas de la séquence obligatoire, mais s'y ajoutent. L'élève peut, sous le contrôle de son tuteur, participer à des activités sans pouvoir accéder aux machines et aux produits. Il n'est pas rémunéré, mais une gratification peut lui être versée. la visite médicale n'est pas nécessaire pour une séquence d'observation. Convention d'accueil obligatoire Le chef d'établissement scolaire doit signer une convention avec le responsable de l'entreprise, ainsi que l'élève s'il s'agit d'un stage individuel. Cette convention précise notamment : les objectifs pédagogiques, l'élève ou les élèves concerné(s), l'organisation prévue (calendrier, nature des tâches confiées, conditions d'encadrement, suivi), la prise en charge, éventuelle, des frais d'hébergement, de restauration, de transport et d'assurance. Le chef d'entreprise s'engage à prendre toutes les mesures nécessaires pour assurer la sécurité des élèves qui lui sont confiés. Assurance Le chef d'établissement doit avoir une assurance couvrant la responsabilité de l'élève (pour les dommages qu'il pourrait causer en milieu professionnel).",
    "text_reader": "\n Les entreprises peuvent accueillir des élèves mineurs de moins de 16 ans, pour différents types d'accueil, notamment les stages. L'élève reste cependant  sous statut scolaire pendant la période où il est accueilli dans l'entreprise, c'est-à-dire soumis au règlement intérieur de leur établissement. \n La séquence d'observation  est obligatoire pour les élèves de 3 e  ( stage de 3 e   ). Sa durée maximum est d'1 semaine. Elle permet aux élèves de préparer leur projet d'orientation. Ces séquences peuvent également être proposées, dans certains cas, aux élèves  de 4 e  et aux lycéens. Elles ne dispensent pas de la séquence obligatoire, mais s'y ajoutent. L'élève peut, sous le contrôle de son tuteur, participer à des activités  sans pouvoir accéder aux machines et aux produits. Il n'est pas rémunéré, mais une  gratification  peut lui être versée. la visite médicale n'est pas nécessaire pour une séquence d'observation.\n\nSéquence d'observation au collège et au lycée\nLa séquence d'observation  est obligatoire pour les élèves de 3 e  ( stage de 3 e \n ). Sa durée maximum est d'1 semaine. Elle permet aux élèves de préparer leur projet d'orientation.\nCes séquences peuvent également être proposées, dans certains cas, aux élèves  de 4 e  et aux lycéens. Elles ne dispensent pas de la séquence obligatoire, mais s'y ajoutent.\nL'élève peut, sous le contrôle de son tuteur, participer à des activités  sans pouvoir accéder aux machines et aux produits.\nIl n'est pas rémunéré, mais une  gratification  peut lui être versée.\nla visite médicale n'est pas nécessaire pour une séquence d'observation.\nConvention d'accueil obligatoire\nLe chef d'établissement scolaire doit signer une convention avec le responsable de l'entreprise, ainsi que l'élève s'il s'agit d'un stage individuel.\nCette convention précise notamment :\nles objectifs pédagogiques,\nl'élève ou les élèves concerné(s),\nl'organisation prévue (calendrier, nature des tâches confiées, conditions d'encadrement, suivi),\nla prise en charge, éventuelle, des frais d'hébergement, de restauration, de transport et d'assurance.\nLe chef d'entreprise s'engage à prendre toutes les mesures nécessaires pour assurer la sécurité des élèves qui lui sont confiés.\nAssurance\nLe chef d'établissement doit avoir une assurance couvrant la responsabilité de l'élève (pour les dommages qu'il pourrait causer en milieu professionnel).",
    "link": "https://www.service-public.fr/particuliers/vosdroits/F1882",
    "name": "F1882--sequence-d--lycee-45.json",
    "arborescence": {
        "audience": "Particuliers",
        "theme": "Famille",
        "dossier": "Collège et lycée",
        "sous_dossier": "",
        "titre": "Stage ou observation d'un jeune de moins de 16 ans : quelles sont les règles ?"
    }
}