{
    "text": "Peut-on revendre son logement avant d'avoir remboursé le prêt immobilier ? : Autre prêt Pour d'autres types de prêts, contactez la banque auprès de laquelle vous avez souscrit ces prêts.",
    "text_reader": "Autre prêt\nPour d'autres types de prêts, contactez la banque auprès de laquelle vous avez souscrit ces prêts.",
    "link": "https://www.service-public.fr/particuliers/vosdroits/F19069",
    "name": "F19069--autre-pret-e-pret-10.json",
    "arborescence": {
        "audience": "Particuliers",
        "theme": "Logement",
        "dossier": "Achat ou vente d'un logement",
        "sous_dossier": "",
        "titre": "Peut-on revendre son logement avant d'avoir remboursé le prêt immobilier ?"
    }
}