{
    "text": "Heures d'équivalence dans le secteur privé : Une durée de travail supérieure à la durée légale peut être instituée dans certaines professions et pour des emplois déterminés comportant des périodes d'inaction. Ce mode spécifique de détermination du temps de travail est appelé régime d'équivalence . La mise en place d'un régime d'heures d'équivalence a des conséquences sur la durée hebdomadaire de travail et la rémunération du salarié. Durée du travail: Lorsque des durées d'équivalences sont instituées, la durée du travail du salarié est fixée : Soit par convention ou accord de branche étendu Soit par un décret La durée légale hebdomadaire du salarié soumis à un régime d'équivalence est nécessairement plus élevée que la durée légale de 35 heures. Toutefois, le salarié peut être amené à travailler au-delà de la durée hebdomadaire fixée par le régime d'équivalence. Dans ce cas, ces heures sont considérées comme des heures supplémentaires . Par exemple, si un régime d'équivalence fixe la durée du travail hebdomadaire à 38 heures, le décompte des heures supplémentaires débute à partir de la 39 e heure. ",
    "text_reader": "\n Une durée de travail  supérieure à la durée légale  peut être instituée dans certaines professions et pour des emplois déterminés comportant des périodes d'inaction. Ce mode spécifique de détermination du temps de travail est appelé  régime d'équivalence . La mise en place d'un régime d'heures d'équivalence a des conséquences sur la durée hebdomadaire de travail et la rémunération du salarié. \n Lorsque des durées d'équivalences sont instituées, la durée du travail du salarié est fixée : Soit par  convention ou accord de branche étendu   Soit par un décret La durée légale hebdomadaire du salarié soumis à un régime d'équivalence est nécessairement plus élevée que la durée légale de 35 heures. Toutefois, le salarié peut être amené à travailler au-delà de la durée hebdomadaire fixée par le régime d'équivalence. Dans ce cas, ces heures sont considérées comme des  heures supplémentaires . Par exemple, si un régime d'équivalence fixe la durée du travail hebdomadaire à 38 heures, le décompte des heures supplémentaires débute à partir de la 39 e  heure.\n\n",
    "link": "https://www.service-public.fr/particuliers/vosdroits/F1903",
    "name": "F1903--duree-du-t-ravail-16.json",
    "arborescence": {
        "audience": "Particuliers",
        "theme": "Travail",
        "dossier": "Temps de travail dans le secteur privé",
        "sous_dossier": "Heures supplémentaires, équivalence et astreintes",
        "titre": "Heures d'équivalence dans le secteur privé"
    }
}