{
    "text": "Surendettement : mesures imposées par la commission : Lorsque le dossier de surendettement est déclaré recevable et que la dette est considérée comme remboursable, la commission peut décider de mesures imposées : directement après le dépôt du dossier de surendettement ou après échec de la tentative de conciliation entre les créanciers et le surendetté (quand il possède un bien immobilier). Après échec de la conciliation: Constat de l'échec de la conciliation: Si aucun accord n'a été trouvé sur le plan conventionnel de redressement , la commission constate l'échec de la procédure amiable par procès-verbal. Le surendetté en est informé par lettre recommandée avec accusé de réception. ",
    "text_reader": "\n Lorsque le dossier de surendettement est déclaré recevable et que la dette est considérée comme remboursable, la commission peut décider de  mesures imposées : directement après le dépôt du dossier de surendettement ou après échec de la tentative de conciliation entre les créanciers et le surendetté (quand il possède un bien immobilier). \n Si aucun accord n'a été trouvé sur le  plan conventionnel de redressement , la commission constate l'échec de la procédure amiable par procès-verbal. Le surendetté en est informé par lettre recommandée avec accusé de réception.\n\n",
    "link": "https://www.service-public.fr/particuliers/vosdroits/F1947",
    "name": "F1947--apres-eche-iation-30--constat-de-iation-37.json",
    "arborescence": {
        "audience": "Particuliers",
        "theme": "Argent",
        "dossier": "Surendettement",
        "sous_dossier": "",
        "titre": "Surendettement : mesures imposées par la commission"
    }
}