{
    "text": "Élections régionales et départementales (ex-cantonales) : Les conseillers régionaux sont élus dans le cadre de la région, les conseillers départementaux sont élus dans le cadre du canton. Les prochaines élections régionales et départementales sont prévues en 2021. Élections régionales: Les électeurs français inscrits sur les listes électorales élisent les conseillers régionaux lors des élections régionales. Les prochaines élections régionales sont prévues en 2021. Les conseillers régionaux sont élus pour une durée de 6 ans. Les conseillers régionaux sont élus au scrutin de liste selon un système mixte combinant les règles des scrutins majoritaire et proportionnel. Certaines collectivités territoriales à statut particulier ne sont pas concernées par les élections régionales : Mayotte Nouvelle-Calédonie Polynésie française Saint-Barthélémy Saint-Martin Saint-Pierre-et-Miquelon Wallis-et-Futuna Au 1er tour Si une liste obtient la majorité absolue des suffrages exprimés (plus de 50 % ), elle obtient le quart des sièges à pourvoir. Les autres sièges sont répartis à la représentation proportionnelle entre toutes les listes ayant obtenu au moins 5 % des suffrages exprimés. Sinon, il est procédé à un second tour la semaine suivante. Les listes ayant obtenu au moins 10 % des suffrages exprimés peuvent se maintenir au second tour, et éventuellement fusionner avec les listes ayant obtenu au moins 5 % des suffrages.",
    "text_reader": "\n Les conseillers régionaux sont élus  dans le cadre de la région, les conseillers départementaux sont élus dans le cadre du canton. Les prochaines élections régionales et départementales sont prévues en  2021. \n Les électeurs français inscrits sur les listes électorales élisent les conseillers régionaux lors des élections régionales. Les prochaines élections régionales sont prévues en 2021. Les conseillers régionaux sont  élus pour une durée de 6 ans. Les conseillers régionaux sont élus au scrutin de liste selon un système mixte combinant les règles des scrutins majoritaire et proportionnel. Certaines collectivités territoriales à statut particulier ne sont pas concernées par les élections régionales : Mayotte Nouvelle-Calédonie Polynésie française Saint-Barthélémy Saint-Martin Saint-Pierre-et-Miquelon Wallis-et-Futuna\n\nAu 1er tour\nSi une liste obtient la majorité absolue des suffrages exprimés (plus de  50 % ), elle obtient le quart des sièges à pourvoir.\nLes autres sièges sont répartis à la représentation proportionnelle entre toutes les listes ayant obtenu au moins  5 %  des suffrages exprimés.\nSinon, il est procédé à un second tour la semaine suivante.\nLes listes ayant obtenu au moins  10 %  des suffrages exprimés peuvent se maintenir au second tour, et éventuellement fusionner avec les listes ayant obtenu au moins  5 %  des suffrages.",
    "link": "https://www.service-public.fr/particuliers/vosdroits/F1958",
    "name": "F1958--elections--onales-20--au-1er-tou-r-tour-11.json",
    "arborescence": {
        "audience": "Particuliers",
        "theme": "Papiers - Citoyenneté",
        "dossier": "Élections",
        "sous_dossier": "Élections et référendums",
        "titre": "Élections régionales et départementales (ex-cantonales)"
    }
}