{
    "text": "PIX : plateforme d'évaluation et de certification des compétences numériques : Le dispositif PIX remplace le Brevet informatique et internet (B2i) et le niveau 1 de la Certification informatique et internet (C2i) depuis la rentrée scolaire 2019. PIX permet d'évaluer en ligne les compétences numériques des élèves, des étudiants et des stagiaires en formation continue. La plateforme détermine s'ils maîtrisent les savoir-faire définis par le cadre de référence des compétences numériques (CRCN) . PIX délivre à ses usagers une certification de leur niveau de compétence. Comment se déroule l'évaluation ?: Dans les établissements d'enseignement supérieur Les établissement d'enseignement supérieur peuvent organiser l'évaluation des compétences numériques de leurs étudiants sur la plateforme PIX. Ce n'est pas une obligation. Dans l'enseignement supérieur, PIX remplace le niveau 1 de la certification informatique et internet (C2i) depuis la rentrée scolaire 2019. L'évaluation est gratuite. Pour vous inscrire, vous devez créer un compte sur la plateforme en ligne.",
    "text_reader": "\n Le dispositif PIX remplace le Brevet informatique et internet (B2i) et le niveau 1 de la Certification informatique et internet (C2i) depuis la rentrée scolaire 2019. PIX permet d'évaluer en ligne les compétences numériques des élèves, des étudiants et des stagiaires en formation continue. La plateforme détermine s'ils maîtrisent les savoir-faire définis par  le cadre de référence des compétences numériques (CRCN) . PIX délivre à ses usagers une certification de leur niveau de compétence. \n Dans les établissements d'enseignement supérieur\nLes établissement d'enseignement supérieur peuvent organiser l'évaluation des compétences numériques de leurs étudiants sur la plateforme PIX. Ce n'est pas une obligation.\nDans l'enseignement supérieur, PIX remplace le niveau 1 de la certification informatique et internet (C2i) depuis la rentrée scolaire 2019.\nL'évaluation est gratuite. Pour vous inscrire, vous devez créer un compte sur la plateforme en ligne.",
    "link": "https://www.service-public.fr/particuliers/vosdroits/F19608",
    "name": "F19608--comment-se-uation-33--dans-les-e-erieur-48.json",
    "arborescence": {
        "audience": "Particuliers",
        "theme": "Famille",
        "dossier": "Diplômes",
        "sous_dossier": "",
        "titre": "PIX : plateforme d'évaluation et de certification des compétences numériques"
    }
}