{
    "text": "Licenciement économique : lettre de licenciement : L'employeur notifie le licenciement d’un salarié pour motif économique en lui adressant une lettre de licenciement. Celle-ci doit comporter notamment l'énoncé des motifs du licenciement et la possibilité pour le salarié licencié de bénéficier de la priorité de réembauche. Elle doit être notifiée dans des conditions qui varient en fonction du nombre de salariés licenciés sur une période de 30 jours. Contenu: Le contenu de la lettre de licenciement pour motif économique varie selon que l'entreprise emploie plus ou moins de 1 000 salariés. 1 000 salariés ou plus La lettre de licenciement doit mentionner : L'énoncé des motifs économiques invoqués par l'employeur La possibilité de bénéficier d'un congé de reclassement La possibilité de bénéficier d'une priorité de réembauche pendant 1 an à dater de la rupture du contrat et les conditions de sa mise en œuvre.",
    "text_reader": "\n L'employeur notifie le licenciement d’un salarié pour motif économique en lui adressant une lettre de licenciement. Celle-ci doit comporter notamment l'énoncé des motifs du licenciement et la possibilité pour le salarié licencié de bénéficier de la priorité de réembauche. Elle doit être notifiée dans des conditions qui varient en fonction du nombre de salariés licenciés sur une période de 30 jours. \n Le contenu  de la lettre de licenciement pour motif économique varie selon que l'entreprise emploie plus ou moins de 1 000 salariés.\n\n1 000 salariés ou plus\nLa lettre de licenciement doit mentionner :\nL'énoncé des motifs économiques invoqués par l'employeur\nLa possibilité de bénéficier d'un  congé de reclassement \n\nLa possibilité de bénéficier d'une  priorité de réembauche  pendant 1 an à dater de la rupture du contrat et les conditions de sa mise en œuvre.",
    "link": "https://www.service-public.fr/particuliers/vosdroits/F19645",
    "name": "F19645--contenu-ontenu-7--1-000-sala-u-plus-22.json",
    "arborescence": {
        "audience": "Particuliers",
        "theme": "Travail",
        "dossier": "Licenciement économique",
        "sous_dossier": "Procédure de licenciement",
        "titre": "Licenciement économique : lettre de licenciement"
    }
}