{
    "text": "Carte électorale : La carte électorale (appelée carte d'électeur ) est un document prouvant l'inscription sur la liste électorale de la commune. Elle est envoyée aux nouveaux électeurs l'année suivant leur inscription ou, en cas d'élection, l'année de leur inscription. Certaines années, tous les électeurs reçoivent une nouvelle carte. La carte doit être présentée au bureau de vote le jour de l'élection. Si vous ne l'avez plus, vous pouvez voter en présentant uniquement une pièce d'identité. Préalable : inscription sur la liste électorale: Pour obtenir une carte électorale, il faut être inscrit sur les listes électorales. L'inscription sur les listes électorales peut être faite : automatiquement, comme par exemple l'inscription d'office d'un jeune atteignant l'âge de 18 ans ou de façon volontaire ou à la suite d'un déménagement ou à la suite de l'obtention de la nationalité française . Il est possible de vérifier votre inscription électorale et de connaître votre bureau de vote : ",
    "text_reader": "\n La carte électorale (appelée  carte d'électeur )    est un document prouvant  l'inscription sur la  liste électorale de la commune.\n\t\t\n\t\t\tElle est envoyée aux nouveaux électeurs l'année suivant  leur inscription ou, en cas d'élection, l'année de leur inscription. Certaines années, tous les électeurs reçoivent une nouvelle carte.\n\t\t\n\t\t\tLa carte doit être présentée au bureau de vote le jour de l'élection. Si vous ne l'avez plus,  vous pouvez voter en présentant uniquement une pièce d'identité. \n Pour obtenir une carte électorale, il faut être inscrit sur les listes électorales. L'inscription sur les listes électorales peut être faite : automatiquement, comme par exemple  l'inscription d'office  d'un jeune atteignant l'âge de 18 ans ou de façon   volontaire   ou à la suite d'un   déménagement   ou à la suite de  l'obtention  de la nationalité française . Il est possible de vérifier votre inscription électorale et de connaître votre bureau de vote :\n\n",
    "link": "https://www.service-public.fr/particuliers/vosdroits/F1962",
    "name": "F1962--prealable--torale-47.json",
    "arborescence": {
        "audience": "Particuliers",
        "theme": "Papiers - Citoyenneté",
        "dossier": "Élections",
        "sous_dossier": "Opérations de vote",
        "titre": "Carte électorale"
    }
}