{
    "text": "Comment consulter les listes électorales ? : Un citoyen inscrit sur les listes électorales a le droit de consulter ces listes, sous certaines conditions. Les conditions varient selon que l'électeur est inscrit sur une liste électorale communale ou consulaire. Le droit de consulter les listes électorales a pour objectif de permettre aux électeurs de vérifier la régularité des inscriptions. Liste électorale consulaire: Par courrier: Ministère des affaires étrangères et du développement international 27, rue de la Convention 75 732 PARIS Cedex 15 ",
    "text_reader": "\n Un citoyen inscrit sur les listes électorales a le droit de consulter ces listes, sous certaines conditions. Les conditions varient selon que l'électeur est inscrit sur une liste électorale communale ou consulaire. Le droit de consulter les listes électorales a pour objectif de  permettre aux électeurs de vérifier la régularité des inscriptions. \n Ministère des affaires étrangères et du développement international 27, rue de la Convention 75 732 PARIS Cedex 15\n\n",
    "link": "https://www.service-public.fr/particuliers/vosdroits/F1963",
    "name": "F1963--liste-elec-ulaire-27--par-courri-urrier-12.json",
    "arborescence": {
        "audience": "Particuliers",
        "theme": "Papiers - Citoyenneté",
        "dossier": "Élections",
        "sous_dossier": "",
        "titre": "Comment consulter les listes électorales ?"
    }
}