{
    "text": "RSA demandeur de 25 ans et plus : Une personne française ou étrangère d'au moins 25 ans peut bénéficier du RSA si elle en remplit les conditions. Le calcul du montant dépend des ressources et de la composition du foyer. Pour obtenir le RSA, il est nécessaire de faire une 1 ère demande, puis d'actualiser la situation tous les trimestres. La procédure varie en fonction de la caisse d'affiliation ( Caf ou MSA ). Cas général (Caf): Recours: Haute-Garonne Pour contester une décision relative au RSA (refus d'attribution, contestation du montant attribué, etc.), vous devez respecter les étapes suivantes : Recours préalable devant le président du département par courrier de préférence en recommandé avec avis de réception (votre courrier doit indiquer l'objet du litige et vous devez joindre la décision contestée) Médiation obligatoire devant le Défenseur des droits en cas d'échec Recours contentieux devant le tribunal administratif ",
    "text_reader": "\n Une personne française ou étrangère d'au moins 25 ans peut bénéficier du  RSA  si elle en remplit les conditions. Le calcul du montant dépend des ressources et de la composition du foyer. Pour obtenir le RSA, il est nécessaire de faire une 1 ère  demande, puis d'actualiser la situation tous les trimestres. La procédure varie en fonction de la caisse d'affiliation ( Caf  ou  MSA ). \n Haute-Garonne\nPour contester une décision relative au RSA (refus d'attribution, contestation du montant attribué, etc.), vous devez respecter les étapes suivantes :\nRecours préalable devant le président du département par courrier de préférence en recommandé avec avis de réception (votre courrier doit indiquer l'objet du litige et vous devez joindre la décision contestée)\nMédiation obligatoire devant le  Défenseur des droits  en cas d'échec\nRecours contentieux devant le   tribunal administratif \n",
    "link": "https://www.service-public.fr/particuliers/vosdroits/F19778",
    "name": "F19778--cas-genera-al-caf-17--recours-ecours-7--haute-garo-aronne-13.json",
    "arborescence": {
        "audience": "Particuliers",
        "theme": "Social - Santé",
        "dossier": "Revenu de solidarité active (RSA)",
        "sous_dossier": "",
        "titre": "RSA demandeur de 25 ans et plus"
    }
}