{
    "text": "Taxe malus sur les véhicules les plus polluants : Vous devez payez une taxe lors de l'immatriculation de certains véhicules particulièrement polluants. Pour un véhicule neuf, la taxe, dite malus, est calculée selon les émissions de CO2 ou de la puissance fiscale, selon que le véhicule a fait l'objet d'une réception communautaire ou pas. Pour un véhicule d'occasion, la taxe dépend de la puissance fiscale du véhicule. De plus, les véhicules les plus polluants sont soumis à une taxe annuelle. Achat à l'étranger: Véhicule neuf: 'ayant pas fait l'objet d'une réception communautaire Puissance administrative (en ch ) Montant ≤ 5 0 € Entre 6 et 7 3 125 € Entre 8 et 9 6 250 € Entre 10 et 11 9 375 € Entre 12 et 13 12 500 € Entre 14 et 15 15 625 € Entre 16 et 17 18 750 € ≥ 18 20 000 € ",
    "text_reader": "\n Vous devez payez une taxe  lors de l'immatriculation de certains véhicules particulièrement polluants. Pour un véhicule neuf, la taxe, dite malus, est calculée selon les émissions de CO2  ou de la puissance fiscale, selon que le véhicule  a  fait l'objet d'une  réception communautaire  ou pas. Pour un véhicule d'occasion, la taxe dépend de la puissance fiscale du véhicule. De plus, les véhicules les plus polluants sont soumis à une taxe annuelle. \n Véhicule n'ayant pas fait l'objet d'une réception communautaire\nPuissance administrative (en  ch )\nMontant\n≤ 5\n\n 0 € \n\nEntre 6 et 7\n\n 3 125 € \n\nEntre 8 et 9\n\n 6 250 € \n\nEntre 10 et 11\n\n 9 375 € \n\nEntre 12 et 13\n\n 12 500 € \n\nEntre 14 et 15\n\n 15 625 € \n\nEntre 16 et 17\n\n 18 750 € \n\n≥ 18\n\n 20 000 € \n",
    "link": "https://www.service-public.fr/particuliers/vosdroits/F19911",
    "name": "F19911--achat-a-le-ranger-18--vehicule-n-e-neuf-13--vehicule-n-utaire-63.json",
    "arborescence": {
        "audience": "Particuliers",
        "theme": "Transports",
        "dossier": "Mesures antipollution",
        "sous_dossier": "Pollution",
        "titre": "Taxe malus sur les véhicules les plus polluants"
    }
}