{
    "text": "Dans quels cas un enfant peut-il être considéré à charge pour le RSA ? : Entre 16 et 25 ans: Changement de situation: Modification de la composition du foyer Si la composition de votre foyer change ou que vous recevez de nouvelles aides (par exemple, une aide au logement) ou revenus (par exemple, en cas d'embauche en CDD ), vous devez signaler le plus rapidement possible ce changement à votre Caf ou à votre CMSA . Principe de non-cumul Il ne vous sera plus possible de déclarer l'enfant à charge, si celui-ci demande une prestation à la Caf ou à la MSA . Par exemple, si l'enfant a déménagé de votre résidence, et qu'il souhaite percevoir une aide au logement, vous devez déclarer le plus rapidement votre changement de situation à votre Caf ou à votre CMSA . Tout trop-perçu doit être remboursé.",
    "text_reader": "Changement de situation\nModification de la composition du foyer\nSi la composition de votre foyer change ou que vous recevez de nouvelles aides (par exemple, une aide au logement) ou revenus (par exemple, en cas d'embauche en  CDD ), vous devez signaler le plus rapidement possible ce changement à votre   Caf  ou à votre  CMSA . \nPrincipe de non-cumul\nIl ne vous sera plus possible de déclarer l'enfant à charge, si celui-ci  demande  une prestation à la  Caf  ou à la  MSA . \nPar exemple, si l'enfant a déménagé de votre résidence, et qu'il souhaite percevoir une aide au logement, vous devez déclarer le plus rapidement votre changement de situation à votre  Caf  ou à votre  CMSA . \n\n Tout trop-perçu   doit être remboursé.",
    "link": "https://www.service-public.fr/particuliers/vosdroits/F20199",
    "name": "F20199--entre-16-e-25-ans-18--changement-uation-23.json",
    "arborescence": {
        "audience": "Particuliers",
        "theme": "Social - Santé",
        "dossier": "Revenu de solidarité active (RSA)",
        "sous_dossier": "",
        "titre": "Dans quels cas un enfant peut-il être considéré à charge pour le RSA ?"
    }
}