{
    "text": "Retraite de base d'un fonctionnaire : décote : Si vous partez en retraite avant un certain âge et sans avoir le nombre de trimestres d'assurance vieillesse exigé pour bénéficier d'une retraite à taux plein, le montant de votre pension fait l'objet d'une réduction appelée décote . Le pourcentage de décote appliqué dépend du nombre de trimestres d'assurance vieillesse manquants par rapport aux nombre de trimestres exigés pour bénéficier d’une retraite à taux plein. Fonctionnaire de catégorie active: Calcul de la décote: Si vous partez à la retraite sans remplir l'une des 2 conditions pour bénéficier d'une retraite à taux plein, votre pension est réduite de 1,25 % par trimestre manquant par rapport au nombre de trimestres exigé. Le nombre maximum de trimestres manquant retenu est limité à 20. Et le nombre de trimestres manquants retenu est le plus petit des 2 nombres suivants : Nombre de trimestres manquants entre l'âge de départ en retraite et l'âge d'annulation de la décote applicable selon votre année de naissance, Nombre de trimestres manquants, à la date de départ en retraite, pour atteindre le nombre de trimestres requis pour bénéficier d'une retraite à taux plein. Par exemple, pour bénéficier d'une pension à taux plein, un fonctionnaire de la police nationale né en 1966 doit justifier de 167 trimestres d'assurance ou partir à la retraite à 56 ans et 6 mois. S'il décide de prendre sa retraite dès 2020 à 54 ans en justifiant seulement de 157 trimestres : le nombre de trimestres manquants entre son âge de départ en retraite (54 ans) et l'âge d'annulation de la décote (56 ans 9 mois) est de 18 (2 ans 6 mois), le nombre de trimestres manquants à la date de son départ en retraite pour atteindre le nombre de trimestres requis pour bénéficier d'une retraite à taux plein est de 10 (167 - 157). La décote de sa pension sera donc calculée sur la base de 10 trimestres. Le taux de décote sera de 10 x 1,25 % = 0,125. Pour une retraite par exemple de 1 900 € , le montant de la décote est 1 900 x 0,125 = 237,50 € . ",
    "text_reader": "\n Si vous partez en retraite avant un certain âge et sans avoir le nombre de trimestres d'assurance vieillesse exigé pour bénéficier d'une retraite à taux plein,  le montant de votre pension fait l'objet d'une réduction appelée  décote . Le pourcentage de décote appliqué dépend du nombre de trimestres d'assurance vieillesse manquants par rapport aux nombre de trimestres exigés pour bénéficier d’une retraite à taux plein. \n Si vous partez à la retraite sans remplir l'une des 2 conditions pour bénéficier d'une retraite à taux plein, votre pension est réduite de  1,25 %   par trimestre manquant par rapport au nombre de trimestres exigé. Le nombre maximum de trimestres manquant retenu est limité à 20. Et le nombre de trimestres manquants retenu est le plus petit des 2 nombres suivants : Nombre de trimestres manquants entre l'âge de départ en retraite et l'âge d'annulation de la décote applicable selon votre année de naissance, Nombre de trimestres manquants, à la date de départ en retraite, pour atteindre le nombre de trimestres requis pour bénéficier d'une retraite à taux plein. Par exemple, pour bénéficier d'une pension à taux plein, un fonctionnaire de la police nationale    né en 1966 doit justifier  de 167 trimestres d'assurance  ou partir à la retraite à  56 ans et 6 mois. S'il décide de prendre sa retraite dès 2020 à 54 ans en justifiant seulement de 157 trimestres : le nombre de trimestres manquants entre son âge de départ en retraite (54 ans) et l'âge d'annulation de la décote (56 ans  9 mois) est de 18 (2 ans 6 mois), le nombre de trimestres manquants à la date de son départ en retraite pour atteindre le nombre de trimestres requis pour bénéficier d'une retraite à taux plein est de 10 (167 - 157). La décote de sa pension sera donc calculée sur la base de 10 trimestres. Le taux de décote sera de 10 x  1,25 %  = 0,125. Pour une retraite par exemple de  1 900 € , le montant de la décote est 1 900 x 0,125 =  237,50 € .\n\n",
    "link": "https://www.service-public.fr/particuliers/vosdroits/F20349",
    "name": "F20349--fonctionna-active-33--calcul-de--decote-19.json",
    "arborescence": {
        "audience": "Particuliers",
        "theme": "Travail",
        "dossier": "Retraite d'un agent de la fonction publique (titulaire et non titulaire)",
        "sous_dossier": "Pension de retraite de base",
        "titre": "Retraite de base d'un fonctionnaire : décote"
    }
}