{
    "text": "Travaux de construction : assurance dommages-ouvrage : Toute personne qui fait réaliser des travaux de construction par une entreprise doit souscrire une assurance construction dommages-ouvrage . Elle permet en cas de sinistre d'être remboursé rapidement de la totalité des travaux de réparation des dommages couverts par la garantie décennale. Réponse de l'assureur: L'assureur dispose d'un délai maximal de 60 jours, à partir de la réception de la déclaration de sinistre, pour instruire votre demande. Si l'assureur accepte la prise en charge de votre sinistre, il doit vous présenter une offre d'indemnité dans un délai maximal de 90 jours à partir de la réception de la déclaration du sinistre. Si l'assureur propose une offre d'indemnité manifestement insuffisante Vous pouvez engager les travaux nécessaires après avoir informé l'assureur par lettre recommandée avec avis de réception. Dans ce cas, l'indemnité versée par l'assureur est majorée d'un intérêt égal au double du taux d'intérêt légal .",
    "text_reader": "\n Toute personne qui fait  réaliser des travaux de construction par une entreprise doit souscrire une assurance construction  dommages-ouvrage . Elle permet en cas de sinistre d'être remboursé rapidement de la totalité des travaux de réparation des dommages couverts par la garantie décennale. \n L'assureur dispose d'un délai maximal de  60 jours, à partir de la réception de la déclaration de sinistre, pour instruire votre demande. Si l'assureur accepte la prise en charge de votre sinistre, il doit vous présenter une offre d'indemnité dans un délai maximal de 90 jours à partir de la réception de la déclaration du sinistre.\n\nSi l'assureur propose une offre d'indemnité manifestement insuffisante\nVous pouvez engager les travaux nécessaires après avoir informé l'assureur par lettre recommandée avec avis de réception.\nDans ce cas, l'indemnité versée par l'assureur est majorée d'un intérêt égal au double du  taux d'intérêt légal .",
    "link": "https://www.service-public.fr/particuliers/vosdroits/F2032",
    "name": "F2032--reponse-de-sureur-21--si-lassure-isante-70.json",
    "arborescence": {
        "audience": "Particuliers",
        "theme": "Logement",
        "dossier": "Travaux",
        "sous_dossier": "Assurance et garanties",
        "titre": "Travaux de construction : assurance dommages-ouvrage"
    }
}