{
    "text": "Logement décent : Le propriétaire doit fournir au locataire un logement décent, c'est-à-dire un logement d'une surface minimum, qui ne constitue pas un risque pour la sécurité ou la santé du locataire, dans lequel il n'y a pas d'animaux nuisibles, qui respecte un critère de performance énergétique minimale, qui comporte certains équipements. Si ce n'est pas le cas, le locataire dispose de recours. Si le propriétaire ne fait pas les travaux nécessaires, il peut être sanctionné. Logement meublé: Pour être considéré comme une location meublée, le logement doit remplir des critères d'ameublement. La liste de ces critères dépend de la date de signature du bail . ",
    "text_reader": "\n Le propriétaire doit fournir au locataire un logement décent, c'est-à-dire un logement d'une surface  minimum, qui ne constitue pas un risque pour la sécurité ou   la santé du locataire, dans lequel il n'y a pas d'animaux nuisibles, qui respecte  un critère de performance énergétique minimale, qui comporte certains équipements. Si ce n'est pas le cas, le locataire dispose de recours. Si le propriétaire ne fait pas les travaux nécessaires, il peut être sanctionné. \n Pour être considéré comme une location meublée, le logement doit remplir des critères d'ameublement. La  liste de ces critères dépend de la date de signature du bail .\n\n",
    "link": "https://www.service-public.fr/particuliers/vosdroits/F2042",
    "name": "F2042--logement-m-meuble-15.json",
    "arborescence": {
        "audience": "Particuliers",
        "theme": "Logement",
        "dossier": "Location immobilière : obligations du propriétaire (bailleur)",
        "sous_dossier": "",
        "titre": "Logement décent"
    }
}