{
    "text": "Contrat unique d'insertion (CUI) - Parcours emploi compétences (PEC) : Le contrat unique d'insertion (CUI) associe formation et/ou accompagnement professionnel pour son bénéficiaire et aide financière pour l'employeur. Il vise à faciliter l'embauche des personnes ayant des difficultés à trouver un emploi. Le contrat d'accompagnement dans l'emploi (CUI-CAE) s'adresse au secteur non marchand. Le contrat initiative emploi (CUI-CIE) concerne le secteur marchand. Secteur public/associatif (CUI-CAE): Durée du travail: La durée du travail est fixée au minimum à 20 heures par semaine. Exceptionnellement, la durée du travail peut être inférieure à ce seuil pour les salariés ayant des difficultés particulièrement importantes (par exemple, un handicap). ",
    "text_reader": "\n Le contrat unique d'insertion (CUI) associe formation et/ou accompagnement professionnel pour son bénéficiaire et aide financière pour l'employeur. Il vise à faciliter l'embauche des personnes ayant des difficultés à trouver un emploi. Le contrat d'accompagnement dans l'emploi (CUI-CAE) s'adresse au secteur non marchand. Le contrat initiative emploi (CUI-CIE) concerne le secteur marchand.  \n La durée du travail est fixée au minimum à 20 heures par semaine. Exceptionnellement, la durée du travail peut être inférieure à ce seuil pour les salariés ayant des difficultés particulièrement importantes (par exemple, un handicap).\n\n",
    "link": "https://www.service-public.fr/particuliers/vosdroits/F21006",
    "name": "F21006--secteur-pu-ui-cae-35--duree-du-t-ravail-16.json",
    "arborescence": {
        "audience": "Particuliers",
        "theme": "Travail",
        "dossier": "Contrats d'insertion",
        "sous_dossier": "",
        "titre": "Contrat unique d'insertion (CUI) - Parcours emploi compétences (PEC)"
    }
}