{
    "text": "Brevet d'aptitude aux fonctions d'animateur (Bafa) : Le brevet d'aptitude aux fonctions d'animateur (Bafa) est un diplôme qui permet d'exercer la fonction d'animateur dans le cadre d'accueils collectifs de mineurs (colonie de vacances, centre de loisirs...). Vous devez avoir au moins 17 ans. L'obtention du Bafa est soumise à une formation théorique et pratique. Cette formation est payante, mais il est possible de bénéficier d'une aide financière. À l'issue de la formation: En fin de cycle, les 3 étapes validées par les directeurs de session sont examinées par le jury du Bafa de la direction territoriale en charge de la jeunesse et des sports. C'est ce jury qui vous octroie ou non le diplôme. Si vous êtes ajourné, vous disposez d’un délai de 12 mois pour recommencer les sessions de formation ou le stage pratique non validés. vous pouvez ensuite passer le brevet d'aptitude aux fonctions de directeur (BAFD) ou vous engager dans une formation professionnelle afin de vous spécialiser dans une activité (escalade, VTT, ...). ",
    "text_reader": "\n Le brevet d'aptitude aux fonctions d'animateur (Bafa) est un diplôme qui permet d'exercer la fonction d'animateur dans le cadre d'accueils collectifs de mineurs (colonie de vacances, centre de loisirs...). Vous devez avoir au moins 17 ans. L'obtention du Bafa est soumise à une formation théorique et pratique. Cette formation est payante, mais il est possible de bénéficier d'une aide financière. \n En fin de cycle, les 3 étapes validées par les directeurs de session sont examinées par le jury du Bafa de la direction territoriale en charge de la jeunesse et des sports.  C'est ce jury qui vous octroie ou non le diplôme. Si vous êtes ajourné, vous disposez d’un délai de 12 mois pour recommencer les sessions de formation ou le stage pratique non validés. vous pouvez ensuite passer le  brevet d'aptitude aux fonctions de directeur (BAFD)  ou vous engager dans une  formation professionnelle    afin de vous spécialiser dans une activité (escalade, VTT, ...).\n\n",
    "link": "https://www.service-public.fr/particuliers/vosdroits/F2111",
    "name": "F2111--a-lissue-d-mation-25.json",
    "arborescence": {
        "audience": "Particuliers",
        "theme": "Famille",
        "dossier": "Accueil de loisirs (centre de loisirs, colonie de vacances...)",
        "sous_dossier": "Animateurs",
        "titre": "Brevet d'aptitude aux fonctions d'animateur (Bafa)"
    }
}