{
    "text": "Handicap : contrat ou stage de rééducation professionnelle : Toute personne handicapée qui est devenue inapte à exercer sa profession du fait d'un handicap peut se voir proposer un contrat ou un stage de rééducation professionnelle. Le contrat permet de bénéficier d'une aide pour se réaccoutumer à sa profession et le stage, d'apprendre un nouveau métier. Stage de rééducation professionnelle: Démarche: Provence-Alpes-Côte d'Azur (Paca) Vous devez remplir un formulaire et l'envoyer à votre MDPH, de préférence par lettre recommandée avec avis de réception. À joindre à toute demande",
    "text_reader": "\n Toute personne handicapée qui est devenue inapte à exercer sa profession du fait d'un handicap peut se voir proposer un contrat ou un stage de rééducation professionnelle. Le contrat permet de bénéficier d'une aide pour se réaccoutumer à sa profession et le stage, d'apprendre un nouveau métier. \n Provence-Alpes-Côte d'Azur (Paca)\nVous devez remplir un formulaire et l'envoyer à votre MDPH, de préférence par lettre recommandée avec avis de réception.\nÀ joindre à toute demande",
    "link": "https://www.service-public.fr/particuliers/vosdroits/F212",
    "name": "F212--stage-de-r-nnelle-36--demarche-marche-8--provence-a-r-paca-33.json",
    "arborescence": {
        "audience": "Particuliers",
        "theme": "Travail",
        "dossier": "Formation des personnes handicapées",
        "sous_dossier": "",
        "titre": "Handicap : contrat ou stage de rééducation professionnelle"
    }
}