{
    "text": "Qu'est-ce qu'un projet d'accueil individualisé (PAI) ? : Le projet d'accueil individualisé (PAI) concerne les enfants et adolescents atteints de troubles de la santé tels que : pathologie chronique (asthme, par exemple), allergies, intolérance alimentaire. Le PAI est un document écrit qui permet de préciser les adaptations à apporter à la vie de l'enfant ou de l'adolescent en collectivité (crèche, école, collège, lycée, centre de loisirs). Il peut concerner le temps scolaire mais aussi périscolaire, et se nomme ainsi parfois PAIP (projet d'accueil individualisé périscolaire). Le PAI est élaboré à la demande de la famille et/ou du chef d'établissement avec l'accord de la famille. Il contient les besoins spécifiques de l'enfant ou de l'adolescent et est établi en concertation avec le médecin scolaire, de la Protection maternelle et infantile (PMI), ou le médecin et l'infirmier de la collectivité d'accueil. Les besoins thérapeutiques de l'enfant ou de l'adolescent sont précisés dans l'ordonnance signée par le médecin qui suit l'enfant ou l'adolescent pour sa pathologie. Le PAI doit notamment contenir des informations sur : les régimes alimentaires à appliquer, les conditions des prises de repas, les aménagements d'horaires, les dispenses de certaines activités incompatibles avec la santé de l'enfant ou de l'adolescent, les activités de substitution proposées. Il est signé par les différents partenaires convoqués au préalable par le chef d'établissement puis diffusé aux personnes de la communauté éducative concernées. Le PAI concerne une pathologie ou un trouble constaté pendant l'année scolaire. Sa durée de validité peut donc varier. Il peut être reconduit d'une année sur l'autre et être revu et adapté en cas d'évolution de la pathologie ou, par exemple, en prévision d'un voyage ou d'une sortie scolaire.",
    "text_reader": "Le projet d'accueil individualisé (PAI) concerne les enfants et adolescents atteints de troubles de la santé tels que :\npathologie chronique (asthme, par exemple), \nallergies, \nintolérance alimentaire.\nLe PAI est un document écrit qui permet de préciser les adaptations à apporter à la vie de l'enfant ou de l'adolescent en collectivité (crèche, école, collège, lycée, centre de loisirs).\nIl peut concerner le temps scolaire mais aussi périscolaire, et se nomme ainsi parfois PAIP (projet d'accueil individualisé périscolaire).\nLe PAI est élaboré à la demande de la famille et/ou du chef d'établissement avec l'accord de la famille.\nIl contient les besoins spécifiques de l'enfant ou de l'adolescent et est établi en concertation avec le médecin scolaire, de la Protection maternelle et infantile (PMI), ou le médecin et l'infirmier de la collectivité d'accueil.\nLes besoins thérapeutiques de l'enfant ou de l'adolescent sont précisés dans l'ordonnance signée par le médecin qui suit l'enfant ou l'adolescent pour sa pathologie.\nLe PAI doit notamment contenir des informations sur :\nles régimes alimentaires à appliquer,\nles conditions des prises de repas,\nles aménagements d'horaires,\nles dispenses de certaines activités incompatibles avec la santé de l'enfant ou de l'adolescent,\nles activités de substitution proposées.\nIl est signé par les différents partenaires convoqués au préalable par le chef d'établissement puis diffusé aux personnes de la communauté éducative concernées.\nLe PAI concerne une pathologie ou un trouble constaté pendant l'année scolaire. Sa durée de validité peut donc varier. Il peut être reconduit d'une année sur l'autre et être revu et adapté en cas d'évolution de la pathologie ou, par exemple, en prévision d'un voyage ou d'une sortie scolaire.",
    "link": "https://www.service-public.fr/particuliers/vosdroits/F21392",
    "name": "F21392.json",
    "arborescence": {
        "audience": "Particuliers",
        "theme": "Famille",
        "dossier": "École primaire (maternelle et élémentaire)",
        "sous_dossier": "",
        "titre": "Qu'est-ce qu'un projet d'accueil individualisé (PAI) ?"
    }
}