{
    "text": "Intéressement : L'intéressement est un dispositif d'épargne salariale lié aux résultats ou aux performances de l'entreprise. Toutes les entreprises peuvent le mettre en place, par voie d'accord avec les salariés. Le bénéficiaire de l'intéressement perçoit une prime dont le montant et les conditions de versement sont fixés par l'accord d'entreprise. Les sommes sont immédiatement disponibles, mais le salarié peut choisir de les placer sur un plan d'épargne salariale ou un compte épargne-temps. Information du salarié: Vous recevez un livret d'épargne salariale qui vous présente les dispositifs d'épargne salariale mis en place au sein de l'entreprise. De plus, l'accord d'intéressement doit prévoir un système d'information des salariés et de vérification d'exécution de l'accord. À chaque versement lié à l'intéressement, vous recevez une fiche, distincte du bulletin de paie. Cette fiche précise notamment le montant des droits qui vous sont attribués. En annexe, la fiche comporte une note pour rappeler les règles de calcul et de répartition prévues par l'accord d'intéressement. Cette fiche peut vous être remise par la voie électronique. Lorsque vous quittez l'entreprise, vous recevez un état récapitulatif de l'ensemble des sommes et des valeurs mobilières épargnées ou transférées. Ce document précise si les frais de tenue de compte-conservation sont pris en charge par l'entreprise ou par prélèvement sur les avoirs. si vous êtes bénéficiaire ou susceptible de bénéficier de l'accord d'intéressement après votre départ de l'entreprise, vous continuez d'être informé de vos droits. ",
    "text_reader": "\n L'intéressement est un dispositif d'épargne salariale   lié aux résultats  ou aux performances de l'entreprise. Toutes les entreprises  peuvent le mettre en place, par  voie d'accord avec les salariés. Le bénéficiaire de l'intéressement perçoit une prime dont le montant et les conditions de versement sont fixés par  l'accord d'entreprise. Les sommes sont immédiatement disponibles, mais le salarié peut choisir de les placer sur un plan d'épargne salariale ou un compte épargne-temps. \n Vous recevez un livret d'épargne salariale qui vous présente les dispositifs d'épargne salariale mis en place au sein de l'entreprise. De plus, l'accord d'intéressement doit prévoir un système d'information des salariés et de vérification d'exécution de l'accord. À chaque versement lié à l'intéressement, vous recevez une fiche, distincte du bulletin de paie. Cette fiche précise notamment le montant des droits qui vous sont attribués. En annexe, la fiche comporte une note pour rappeler les règles de calcul et de répartition prévues par l'accord d'intéressement. Cette fiche peut vous être remise par la voie électronique. Lorsque vous quittez l'entreprise, vous recevez un état récapitulatif de l'ensemble des sommes et des valeurs mobilières épargnées ou transférées. Ce document précise si les frais de  tenue de compte-conservation  sont pris en charge par l'entreprise ou par prélèvement sur les avoirs. si vous êtes bénéficiaire ou susceptible de bénéficier de l'accord d'intéressement après votre départ de l'entreprise, vous continuez d'être informé de vos droits.\n\n",
    "link": "https://www.service-public.fr/particuliers/vosdroits/F2140",
    "name": "F2140--informatio-alarie-22.json",
    "arborescence": {
        "audience": "Particuliers",
        "theme": "Argent",
        "dossier": "Épargne salariale, participation et intéressement",
        "sous_dossier": "Intéressement et participation",
        "titre": "Intéressement"
    }
}