{
    "text": "Carte de résident de 10 ans d'un étranger en France : Vous pouvez bénéficier d'une carte de résident de 10 ans, sous certaines conditions. Cette carte peut vous être remise en 1 er titre de séjour ou à l'issue d'une carte de séjour temporaire ou pluriannuelle, notamment en raison de vos attaches familiales en France, des services que vous avez rendus à la France ou de la protection qui vous a été accordée. Parent d'enfant français: À Paris",
    "text_reader": "\n Vous pouvez bénéficier d'une carte de résident de 10 ans, sous certaines conditions. Cette carte peut vous être remise en 1 er  titre de séjour ou à l'issue d'une carte de séjour temporaire ou pluriannuelle, notamment en raison de vos attaches familiales en France, des services que vous avez rendus à la France ou de la protection qui vous a été accordée. \n À Paris",
    "link": "https://www.service-public.fr/particuliers/vosdroits/F2208",
    "name": "F2208--parent-den-ancais-24--a-paris--paris-7.json",
    "arborescence": {
        "audience": "Particuliers",
        "theme": "Étranger",
        "dossier": "Titres, carte de séjour et documents de circulation pour étranger en France",
        "sous_dossier": "Carte de résident",
        "titre": "Carte de résident de 10 ans d'un étranger en France"
    }
}