{
    "text": "Travail de nuit du salarié du secteur privé : Le travail de nuit est justifié par la nécessité d'assurer la continuité de l'activité de l'entreprise. Il doit être exceptionnel. La période de travail de nuit est d'une durée de 9 heures minimum. Dans certains secteurs (la presse par exemple) cette période est d'une durée de 7 heures. Au-delà d'une certaine fréquence, le salarié est considéré comme travailleur de nuit et bénéficie de droits particuliers. Autre situation: Quelles sont les garanties du travailleur de nuit ?: Le salarié qui travaille de nuit de bénéficier d'un certain nombre de garanties. Cas général L'employeur ne peut pas imposer le travail de nuit à un travailleur de jour. L'affectation à un poste de nuit est une modification du contrat de travail que le salarié est en droit de refuser. Face au refus du salarié l'employeur peut annuler cette proposition de modification du contrat de travail ou entamer une procédure de licenciement.",
    "text_reader": "\n Le travail de nuit est justifié par la nécessité d'assurer la continuité de l'activité de l'entreprise. Il doit être exceptionnel. La période de travail de nuit est d'une durée de 9 heures minimum. Dans certains secteurs (la presse par exemple) cette période est d'une durée de 7 heures.  Au-delà d'une certaine fréquence, le salarié est considéré comme travailleur de nuit et bénéficie de droits particuliers. \n Le salarié qui travaille de nuit de bénéficier d'un certain nombre de garanties.\n\nCas général\nL'employeur ne peut pas imposer le travail de nuit à un travailleur de jour. L'affectation à un poste de nuit est une  modification du contrat de travail  que le salarié est en droit de refuser. Face au refus du salarié l'employeur peut annuler cette proposition de modification du contrat de travail ou entamer une procédure de licenciement.",
    "link": "https://www.service-public.fr/particuliers/vosdroits/F2212",
    "name": "F2212--autre-situ-uation-15--quelles-so-e-nuit-51--cas-genera-eneral-11.json",
    "arborescence": {
        "audience": "Particuliers",
        "theme": "Travail",
        "dossier": "Conditions de travail dans le secteur privé",
        "sous_dossier": "Travail de nuit",
        "titre": "Travail de nuit du salarié du secteur privé"
    }
}