{
    "text": "Vol de la carte de séjour d'un Européen ou d'un membre de sa famille : Si vous vous faites voler votre carte de séjour Citoyen UE/EEE/Suisse ou membre de la famille d'un citoyen de l'Union/EEE/Suisse , vous pouvez ou devez accomplir des démarches. Si vous êtes européen , ces démarches sont facultatives. Si vous êtes membre de famille non européen, ces démarches sont obligatoires. Dans tous les cas, il vous est conseillé de faire une déclaration de vol. Famille non européenne: Demande de duplicata obligatoire: Vous devez vous rendre à la préfecture ou à la sous-préfecture de votre domicile pour demander un duplicata de votre carte de séjour. si vous êtes majeur, non européen et membre de la famille d'un Européen , vous devez détenir une carte de séjour. Pièces à fournir : Votre récépissé de déclaration de vol Votre passeport en cours de validité Extrait d'acte de mariage ou attestation de non dissolution du partenariat ou certificat de concubinage, selon votre situation au moment de la demande (mariage, partenariat ou concubinage) 1 photocopie de votre carte volée Indication relative à votre domicile (apportée par tout moyen) 3 photos d'identité Justificatif de paiement de la taxe (demandé au moment de la remise de votre carte) À Paris",
    "text_reader": "\n Si vous vous faites voler votre carte de séjour  Citoyen UE/EEE/Suisse  ou  membre de la famille d'un citoyen de l'Union/EEE/Suisse , vous pouvez ou devez accomplir des démarches. Si vous êtes   européen , ces démarches sont facultatives. Si vous êtes membre de famille non européen, ces démarches sont obligatoires. Dans tous les cas, il vous est conseillé de faire une déclaration de vol. \n Vous devez vous rendre à la préfecture ou à la sous-préfecture de votre domicile pour demander un duplicata de votre carte de séjour. si vous êtes majeur, non européen et membre  de la famille d'un  Européen , vous devez détenir une carte de séjour.   Pièces à fournir :   Votre récépissé de déclaration de vol Votre passeport en cours de validité Extrait d'acte de mariage ou attestation de non dissolution du partenariat ou certificat de concubinage, selon votre situation au moment de la demande (mariage, partenariat ou concubinage) 1 photocopie de votre carte volée Indication relative à votre domicile (apportée par tout moyen) 3  photos d'identité   Justificatif de paiement de la taxe (demandé au moment de la remise de votre carte)\n\nÀ Paris",
    "link": "https://www.service-public.fr/particuliers/vosdroits/F22118",
    "name": "F22118--famille-no-peenne-22--demande-de-atoire-32--a-paris--paris-7.json",
    "arborescence": {
        "audience": "Particuliers",
        "theme": "Étranger",
        "dossier": "Titres, carte de séjour et documents de circulation pour étranger en France",
        "sous_dossier": "Carte de séjour pour Européen",
        "titre": "Vol de la carte de séjour d'un Européen ou d'un membre de sa famille"
    }
}