{
    "text": "Arme de catégorie D (acquisition et détention libres) : Une arme de la catégorie D peut être achetée et détenue librement. Toutefois, il y a des restrictions, notamment en matière de vente aux mineurs. Porter ou transporter une arme de catégorie D sans motif légitime est interdit. Port et transport: Vous ne pouvez pas porter sur vous ou transporter une arme de catégorie D sans motif légitime. Par exemple, dans votre voiture. En cas de contrôle de sécurité (vérification d'un sac, d'un véhicule....), vous devez être en mesure de fournir une raison valable. Pour déterminer si vous avez une raison valable de porter ou transporter l'arme, les forces de l'ordre ou le juge tiennent compte du lieu, des circonstances et du contexte. Prétendre que l'arme servirait à mieux affronter une altercation ou un danger ne constitue pas un motif légitime. ",
    "text_reader": "\n Une arme de la catégorie D peut être achetée et détenue librement. Toutefois, il y a des restrictions, notamment en matière de vente aux mineurs. Porter ou transporter une arme de catégorie D sans motif légitime est interdit. \n Vous ne pouvez pas porter sur vous ou transporter une arme de catégorie D sans motif légitime. Par exemple, dans votre voiture. En cas de contrôle de sécurité (vérification d'un sac, d'un véhicule....), vous devez être en mesure de fournir une raison valable. Pour déterminer si vous avez une raison valable de porter ou transporter l'arme, les forces de l'ordre ou le juge tiennent compte du lieu, des circonstances et du contexte. Prétendre que l'arme servirait à mieux affronter une altercation ou un danger ne constitue pas un motif légitime.\n\n",
    "link": "https://www.service-public.fr/particuliers/vosdroits/F2248",
    "name": "F2248--port-et-tr-nsport-17.json",
    "arborescence": {
        "audience": "Particuliers",
        "theme": "Loisirs",
        "dossier": "Armes",
        "sous_dossier": "",
        "titre": "Arme de catégorie D (acquisition et détention libres)"
    }
}