{
    "text": "Taxe d'aménagement (TA) : La taxe d'aménagement s'applique à toutes les opérations soumises à autorisation d'urbanisme : construction, reconstruction et agrandissement de bâtiments, aménagement et installation de toute nature. Elle s'applique également aux changements de destination des locaux agricoles. Elle est due par le bénéficiaire de l'autorisation de construire ou d'aménager ou par le responsable d'une construction illégale. En Île-de-France: Institution de la taxe d'aménagement: La taxe d'aménagement est une taxe unique composée de 3 parts : communale ou intercommunale, départementale, régionale. Chaque part est instaurée par délibération de l'autorité locale : Ville de Paris et conseil régional d'Île de France. La délibération d'instituer ou de renoncer à la TA sont valables 3 ans. Elles doivent être prises avant le 30 novembre pour une application au 1 er janvier de l'année suivante. ",
    "text_reader": "\n La taxe d'aménagement  s'applique à toutes les opérations soumises à autorisation d'urbanisme : construction, reconstruction et agrandissement de bâtiments, aménagement et installation de toute nature. Elle s'applique également aux changements de destination des locaux agricoles. Elle est due par le bénéficiaire de l'autorisation de construire ou d'aménager ou par le responsable d'une construction illégale. \n La taxe d'aménagement est une taxe unique composée de 3 parts : communale ou intercommunale, départementale, régionale. Chaque part est instaurée par délibération de l'autorité locale : Ville de Paris et conseil régional d'Île de France. La délibération d'instituer ou de renoncer à la TA sont valables 3 ans. Elles doivent être prises avant le 30 novembre pour une application au 1 er  janvier de l'année suivante.\n\n",
    "link": "https://www.service-public.fr/particuliers/vosdroits/F23263",
    "name": "F23263--en-ile-de--france-16--institutio-gement-36.json",
    "arborescence": {
        "audience": "Particuliers",
        "theme": "Logement",
        "dossier": "Autorisations d'urbanisme",
        "sous_dossier": "",
        "titre": "Taxe d'aménagement (TA)"
    }
}