{
    "text": "Jeune de 15 à 18 ans en entreprise : travaux interdits et travaux réglementés : Un jeune de moins de 18 ans ne peut pas effectuer de travaux comportant des risques pour sa santé ou sa sécurité. Toutefois, pour les besoins de sa formation, il peut être employé à certains travaux réglementés. Les jeunes qualifiés ou habilités, en formation ou non, peuvent aussi accomplir certains de ces travaux. Risques pour la sécurité: Un jeune de 15 à 18 ans, employé ou en formation professionnelle, ne peut pas effectuer des travaux présentant des risques pour sa sécurité. Toutefois, le jeune en formation professionnelle peut effectuer certains de ces travaux si son employeur ou son chef d'établissement fait une déclaration de dérogation auprès de l'inspection du travail. si le jeune possède le diplôme ou le titre professionnel correspondant à l'activité qu'il exerce, il peut accomplir les travaux réglementés de sa profession, après avis médical. Contact avec des animaux Un jeune, employé ou en formation professionnelle, ne peut pas effectuer des travaux d'abattage, d'euthanasie et d'équarrissage d'animaux ni être en contact avec des animaux dangereux ou venimeux.",
    "text_reader": "\n Un jeune de moins de 18 ans ne peut pas effectuer de travaux comportant des risques pour sa santé ou sa sécurité. Toutefois, pour les besoins de sa formation, il peut être employé à certains travaux réglementés. Les jeunes qualifiés ou habilités, en formation ou non, peuvent aussi accomplir certains de ces travaux. \n Un jeune de 15 à 18 ans, employé ou en formation professionnelle, ne peut pas effectuer des travaux présentant des risques pour sa sécurité. Toutefois, le jeune en formation professionnelle peut effectuer certains de ces travaux si son employeur ou son chef d'établissement fait une déclaration de dérogation auprès de l'inspection du travail. si le jeune possède le diplôme ou le titre professionnel correspondant à l'activité qu'il exerce, il peut accomplir les travaux réglementés de sa profession, après avis médical.\n\nContact avec des animaux\nUn jeune, employé ou en formation professionnelle, ne peut pas effectuer des travaux d'abattage, d'euthanasie et d'équarrissage d'animaux ni être en contact avec des animaux dangereux ou venimeux.",
    "link": "https://www.service-public.fr/particuliers/vosdroits/F2344",
    "name": "F2344--risques-po-curite-24--contact-av-nimaux-24.json",
    "arborescence": {
        "audience": "Particuliers",
        "theme": "Travail",
        "dossier": "Conditions de travail dans le secteur privé",
        "sous_dossier": "Hygiène, sécurité et conditions de travail",
        "titre": "Jeune de 15 à 18 ans en entreprise : travaux interdits et travaux réglementés"
    }
}