{
    "text": "Parcoursup : La plateforme Parcoursup remplace la procédure d'admission post bac (APB). Elle s'adresse aux lycéens, apprentis ou étudiants en réorientation qui souhaitent s'inscrire dans l'enseignement supérieur public. La procédure se déroule selon un calendrier au cours duquel le futur étudiant s'informe sur les différentes formations et établissements qui l'intéressent, formule des vœux et valide les propositions d'admission reçues. Phase complémentaire du 25 juin au 24 septembre 2020: Du 25 juin au 21 septembre 2020 : dépôt des vœux Si vous n'avez reçu aucune réponse positive d'admission dans un établissement supérieur auquel vous avez candidaté, vous disposez d'une phase complémentaire. Du 25 juin au 21 septembre 2020, vous pouvez formuler de nouveaux vœux pour des formations disposant de places vacantes. les candidats n'ayant pas participé à la phase principale de la procédure nationale de préinscription qui souhaitent formuler des vœux dans le cadre de la phase complémentaire peuvent s'inscrire sur Parcoursup jusqu'à fin juillet 2020. Après les résultats du bac , la commission d'accès à l'enseignement supérieur étudie vos souhaits de formation prioritaires et vous fait des propositions de formation au plus près de vos choix initiaux. Jusqu'au 23 septembre 2020 : envoi des propositions Les établissements examinent les vœux jusqu'au 22 septembre 2020. Ils peuvent envoyer leurs propositions aux candidats jusqu'au 23 septembre 2020. Jusqu'au 24 septembre 2020 : réponse aux propositions Au fur et à mesure que vous recevez des propositions, vous devez y répondre en respectant un délai. Le délai de réponse dépend de la date à laquelle vous avez reçu la proposition. une fois que vous êtes admis dans une formation, vous devez procéder à l'inscription administrative dans cette formation. Réception le 15 ou le 16 août Vous devez répondre à la proposition le 17 août à 23h59 au plus tard.",
    "text_reader": "\n La plateforme  Parcoursup  remplace la procédure d'admission post bac (APB). Elle s'adresse aux lycéens, apprentis ou étudiants en réorientation qui souhaitent s'inscrire dans l'enseignement supérieur public. La procédure  se déroule selon un calendrier au cours duquel le futur étudiant s'informe sur  les différentes formations et établissements qui l'intéressent, formule des vœux et valide les propositions d'admission reçues. \n   Du 25 juin au 21 septembre 2020 : dépôt des vœux    Si vous n'avez reçu aucune réponse positive d'admission dans un établissement supérieur auquel vous avez candidaté, vous disposez d'une phase complémentaire. Du 25 juin au 21 septembre 2020, vous pouvez formuler de nouveaux vœux pour des formations disposant de places vacantes. les candidats n'ayant pas participé à la phase principale de la procédure nationale de préinscription qui souhaitent formuler des vœux dans le cadre de la phase complémentaire peuvent s'inscrire sur  Parcoursup  jusqu'à fin juillet 2020. Après les  résultats du bac , la commission d'accès à l'enseignement supérieur étudie vos souhaits de formation prioritaires et vous fait des propositions de formation au plus près de vos choix initiaux.   Jusqu'au 23 septembre 2020 : envoi des propositions   Les établissements examinent les vœux jusqu'au 22 septembre 2020. Ils peuvent envoyer leurs propositions aux candidats jusqu'au 23 septembre 2020.   Jusqu'au 24 septembre 2020 : réponse aux propositions   Au fur et à mesure que vous recevez des propositions, vous devez y répondre en respectant un délai. Le délai de réponse dépend de la date à laquelle vous avez reçu la proposition. une fois que vous êtes admis dans une formation, vous devez procéder à  l'inscription administrative  dans cette formation.\n\nRéception le 15 ou le 16 août\nVous devez répondre à la proposition le 17 août à 23h59 au plus tard.",
    "link": "https://www.service-public.fr/particuliers/vosdroits/F23476",
    "name": "F23476--phase-comp-e-2020-52--reception--6-aout-29.json",
    "arborescence": {
        "audience": "Particuliers",
        "theme": "Famille",
        "dossier": "Collège et lycée",
        "sous_dossier": "Parcours scolaire et orientation",
        "titre": "Parcoursup"
    }
}