{
    "text": "Activité partielle : démarches de l'employeur (chômage partiel ou technique) : En cas de recours à l'activité partielle au sein d'une entreprise, les salariés touchés par une perte de salaire sont indemnisés (dispositif appelé aussi chômage partiel ou chômage technique ) par l'employeur. Pour bénéficier de ce dispositif et obtenir l'allocation de l'État correspondant aux heures dites chômées , l'employeur doit engager des démarches auprès de la Direccte . Depuis juin 2020: Allocation d'activité partielle: L'allocation d'activité partielle versée par l'État varie en fonction du secteur d'activité dont dépend l'entreprise. Secteur de la culture Si l'employeur a obtenu l'autorisation administrative , il peut déposer une demande d'indemnisation qui lui permet d'obtenir le remboursement mensuel des rémunérations versées aux salariés concernés. L'employeur peut percevoir l'allocation d'activité partielle dans la limite de 1 607 heures par salarié en 2020 . L'allocation est fixée à 70 % de la rémunération horaire brute. Elles est égale à : 8,03 € minimum, 31,97 € maximum. Le paiement est effectué par l'Agence de services et de paiement (ASP) qui agit pour le compte de l'État. Afin d'estimer le montant d'indemnisation en cas de recours à l'activité partielle, l'employeur peut utiliser un simulateur en ligne de calcul de l'indemnisation d'activité partielle.",
    "text_reader": "\n En cas de recours à l'activité partielle au sein d'une entreprise, les salariés touchés par une perte de salaire sont  indemnisés  (dispositif appelé aussi  chômage partiel  ou  chômage technique ) par l'employeur. Pour bénéficier de ce dispositif et obtenir l'allocation de l'État correspondant aux heures dites  chômées , l'employeur doit engager des démarches auprès de la  Direccte . \n L'allocation d'activité partielle versée par l'État varie en fonction du secteur d'activité dont dépend l'entreprise.\n\nSecteur de la culture\nSi l'employeur a obtenu  l'autorisation administrative , il peut déposer une demande d'indemnisation  qui lui permet d'obtenir le remboursement mensuel des rémunérations versées aux salariés concernés.\nL'employeur peut percevoir l'allocation d'activité partielle dans la limite de  1 607 heures  par salarié en 2020 .\nL'allocation est fixée à  70 %  de la rémunération horaire  brute.\nElles est égale à :\n\n 8,03 €  minimum,\n\n 31,97 €  maximum.\nLe paiement est effectué par l'Agence de services et de paiement (ASP) qui agit pour le compte de l'État.\nAfin d'estimer le montant d'indemnisation  en cas de recours à l'activité partielle, l'employeur peut utiliser un simulateur en ligne de calcul de l'indemnisation d'activité partielle.",
    "link": "https://www.service-public.fr/particuliers/vosdroits/F23503",
    "name": "F23503--depuis-jui-n-2020-16--allocation-tielle-31--secteur-de-ulture-21.json",
    "arborescence": {
        "audience": "Particuliers",
        "theme": "Social - Santé",
        "dossier": "Chômage partiel (activité partielle)",
        "sous_dossier": "",
        "titre": "Activité partielle : démarches de l'employeur (chômage partiel ou technique)"
    }
}