{
    "text": "Licenciement : protection du représentant du personnel : Le salarié ayant des fonctions représentatives dans l'entreprise bénéficie d'une protection spéciale contre le licenciement. En plus de la procédure de licenciement habituelle, le licenciement est soumis à l'autorisation préalable de l'inspecteur du travail. Cette protection s'applique pendant des durées qui sont variables en fonction des mandats. De quoi s'agit-il ?: Le statut de salarié protégé permet de s'assurer que le licenciement du salarié n'a pas de lien avec ses fonctions en tant que représentant du personnel. Cette protection vise également à le protéger d'éventuelles représailles de l'employeur. ",
    "text_reader": "\n Le salarié ayant des fonctions représentatives dans l'entreprise bénéficie d'une protection spéciale contre le licenciement. En plus de la procédure de licenciement habituelle, le licenciement est soumis à l'autorisation préalable de l'inspecteur du travail. Cette protection s'applique pendant  des durées qui sont variables en fonction des mandats. \n Le statut de salarié protégé permet  de s'assurer que le licenciement du salarié n'a pas de lien avec ses fonctions en tant que représentant du personnel. Cette protection vise également à le protéger d'éventuelles représailles de l'employeur.\n\n",
    "link": "https://www.service-public.fr/particuliers/vosdroits/F2406",
    "name": "F2406--de-quoi-sa-git-il-19.json",
    "arborescence": {
        "audience": "Particuliers",
        "theme": "Travail",
        "dossier": "Licenciement pour motif personnel (secteur privé)",
        "sous_dossier": "Protections spécifiques",
        "titre": "Licenciement : protection du représentant du personnel"
    }
}