{
    "text": "Compte bancaire individuel : Le compte individuel est un compte bancaire ouvert par une seule personne (qu'on appelle le titulaire ). Il peut s'agir de tout type de compte (courant, d'épargne, etc.). Seul le titulaire peut utiliser les moyens de paiement. L'ouverture et la clôture du compte doivent respecter certaines formalités. Des frais de tenue de compte peuvent être facturés. Clôture: À l'initiative de la banque Le compte peut être fermé à l'initiative de la banque . Pour cela, elle doit respecter un préavis de 2 mois. La banque n'a pas à motiver sa décision.",
    "text_reader": "\n Le compte individuel est un compte bancaire ouvert par une seule personne (qu'on appelle le  titulaire ). Il peut s'agir de tout type de compte (courant,  d'épargne, etc.). Seul le titulaire  peut utiliser les moyens de paiement. L'ouverture et la clôture du compte doivent respecter certaines formalités. Des frais de tenue de compte peuvent être facturés. \n À l'initiative de la banque\nLe compte peut être  fermé à l'initiative de la banque . Pour cela, elle doit respecter un préavis de 2 mois. La banque n'a pas à motiver sa décision.",
    "link": "https://www.service-public.fr/particuliers/vosdroits/F2413",
    "name": "F2413--cloture-loture-7--a-linitiat-banque-27.json",
    "arborescence": {
        "audience": "Particuliers",
        "theme": "Argent",
        "dossier": "Comptes bancaires",
        "sous_dossier": "Types de compte",
        "titre": "Compte bancaire individuel"
    }
}