{
    "text": "Prise d'acte de la rupture du contrat de travail : La prise d'acte de la rupture du contrat de travail constitue un mode de rupture du contrat prise par décision de justice. Le salarié saisit le juge afin que ce dernier statue sur les reproches qu'il impute à son employeur (manquements suffisamment graves pour empêcher la poursuite du contrat de travail). Cela produit les effets d'un licenciement sans cause réelle et sérieuse si les faits invoqués par le salarié le justifient. Dans le cas contraire, cela produit les effets d'une démission. De quoi s'agit-il ?: La rupture du contrat de travail par le salarié en raison de faits qu'il reproche à son employeur constitue une prise d'acte de la rupture du contrat. Ce mode de rupture produit les effets : soit d'un licenciement injustifié , soit, dans le cas contraire, d'une démission . Les effets de la prise d'acte ont des conséquences sur le droit à l'allocation d'aide au retour à l'emploi (ARE) , d'indemnités de fin de contrat et d'exécution du préavis . La prise d'acte peut être envisagée lorsque le salarié reproche à l'employeur des manquements suffisamment graves pour empêcher la poursuite du contrat de travail. Elle peut être justifiée, par exemple, dans les cas suivants : Discrimination ou harcèlement commis par l'employeur Non-paiement de tout ou partie du salaire Modification du contrat de travail sans l'accord du salarié Absence d'organisation des visites médicales obligatoires (sauf si l'absence de visite médicale est due à une simple négligence de l'employeur) ",
    "text_reader": "\n La prise d'acte de la rupture du contrat de travail constitue un mode de rupture du contrat prise par décision de justice. Le salarié saisit le juge afin  que ce dernier statue sur les reproches qu'il impute à son employeur (manquements suffisamment graves pour empêcher la poursuite du contrat de travail). Cela produit les effets d'un licenciement sans cause réelle et sérieuse si les faits invoqués par le salarié le justifient. Dans le cas contraire, cela produit les effets d'une démission. \n La rupture du contrat de travail par le salarié en raison de faits qu'il reproche à son employeur constitue une prise d'acte de la rupture du contrat. Ce mode de rupture produit les effets : soit d'un  licenciement injustifié , soit, dans le cas contraire, d'une  démission . Les effets de la prise d'acte ont des conséquences sur le  droit à  l'allocation d'aide au retour à l'emploi (ARE) , d'indemnités de fin de contrat et d'exécution du  préavis . La prise d'acte peut être envisagée lorsque le salarié reproche à l'employeur des manquements suffisamment graves pour empêcher la poursuite du contrat de travail. Elle peut être justifiée, par exemple, dans les cas suivants :   Discrimination  ou  harcèlement  commis par l'employeur   Non-paiement  de tout ou partie du salaire   Modification du contrat  de travail sans l'accord du salarié Absence d'organisation des  visites médicales  obligatoires (sauf si l'absence de visite médicale est due à une simple négligence de l'employeur)\n\n",
    "link": "https://www.service-public.fr/particuliers/vosdroits/F24409",
    "name": "F24409--de-quoi-sa-git-il-19.json",
    "arborescence": {
        "audience": "Particuliers",
        "theme": "Travail",
        "dossier": "Rupture du contrat de travail dans le secteur privé",
        "sous_dossier": "Formes de rupture",
        "titre": "Prise d'acte de la rupture du contrat de travail"
    }
}