{
    "text": "Faire appel devant la cour administrative d'appel (CAA) : Si vous contestez une décision rendue par un tribunal administratif, vous pouvez faire appel devant une cour administrative d'appel (CAA). Dans la plupart des cas, le délai de recours est de 2 mois. L'assistance d'un avocat est obligatoire sauf cas particulier. La procédure est gratuite, mais peut entraîner certains frais. La décision du juge vous est notifiée après l'audience. Vous pouvez la contester par un recours en opposition ou en cassation devant le Conseil d’État. Appel non suspensif: Le recours en appel n'est pas suspensif. Cela signifie que vous devez exécuter la décision contestée jusqu'à la décision de la cour administrative d'appel. Toutefois, vous pouvez demander au juge d'appel un sursis à exécution . ",
    "text_reader": "\n Si vous contestez une décision rendue par un tribunal administratif, vous pouvez faire appel devant une cour administrative d'appel (CAA). Dans la plupart des cas, le délai de recours est de 2 mois. L'assistance d'un avocat est obligatoire sauf cas particulier. La procédure est gratuite, mais peut entraîner certains frais. La décision du juge vous est  notifiée  après l'audience. Vous pouvez la contester par un recours en opposition ou en cassation devant le Conseil d’État. \n Le recours en appel n'est pas suspensif. Cela signifie que vous devez exécuter la décision contestée jusqu'à la décision de la cour administrative d'appel. Toutefois, vous pouvez demander au juge d'appel un  sursis à exécution .\n\n",
    "link": "https://www.service-public.fr/particuliers/vosdroits/F2494",
    "name": "F2494--appel-non--pensif-19.json",
    "arborescence": {
        "audience": "Particuliers",
        "theme": "Papiers - Citoyenneté",
        "dossier": "Agir en justice contre l'administration",
        "sous_dossier": "Voies de recours",
        "titre": "Faire appel devant la cour administrative d'appel (CAA)"
    }
}