{
    "text": "Litige avec l'administration : référé-suspension : Vous pouvez utiliser un référé-suspension si l'administration a pris à votre encontre une décision exécutoire dont vous souhaitez obtenir la suspension en attendant le jugement sur le fond du litige. Vous devez adresser votre requête au tribunal administratif. L'assistance d'un avocat n'est pas obligatoire. Le juge se prononce dans un délai variant de quelques jours à un mois. Vous pouvez contester sa décision devant le Conseil d'État. De quoi s'agit-il ?: Le référé suspension permet d'obtenir la suspension de l'exécution d'une décision prise par l'administration (par exemple, un refus de titre de séjour, un permis de construire). La décision est prise par le juge des référés. Son effet cesse lorsque le juge s'est prononcé sur le fond. ",
    "text_reader": "\n Vous pouvez utiliser un  référé-suspension si l'administration a pris à votre encontre une décision exécutoire dont vous souhaitez obtenir la suspension en attendant le jugement sur le fond du litige. Vous devez adresser votre requête au tribunal administratif. L'assistance d'un avocat n'est pas obligatoire. Le juge se prononce dans un délai variant de quelques jours à un mois. Vous pouvez contester sa décision devant le Conseil d'État. \n Le référé suspension permet d'obtenir la suspension de l'exécution d'une décision prise par l'administration (par exemple, un refus de titre de séjour, un permis de construire). La décision est prise par le juge des référés. Son effet cesse lorsque le juge s'est prononcé sur le fond.\n\n",
    "link": "https://www.service-public.fr/particuliers/vosdroits/F2549",
    "name": "F2549--de-quoi-sa-git-il-19.json",
    "arborescence": {
        "audience": "Particuliers",
        "theme": "Papiers - Citoyenneté",
        "dossier": "Agir en justice contre l'administration",
        "sous_dossier": "Procédures d'urgence et autres référés",
        "titre": "Litige avec l'administration : référé-suspension"
    }
}