{
    "text": "Allocation de base de la Paje versée à la naissance d'un enfant : L'allocation de base de la prestation d'accueil du jeune enfant (Paje) a pour objet d'aider à assurer les dépenses liées à l'entretien et l'éducation d'un enfant. Elle est destinée aux parents d'un enfant de moins de 3 ans. Elle est versée sous conditions de ressources. Enfant né depuis avril 2018: Durée de versement: L'allocation de base est versée mensuellement pendant 3 ans . Elle est due à partir du 1 er jour du mois suivant la naissance de l'enfant. Si l'enfant est né le 15 février, l'allocation commence à être versée le 1 er avril pour mars. ",
    "text_reader": "\n L'allocation de base de la prestation d'accueil du jeune enfant (Paje) a pour objet d'aider à assurer les dépenses liées à l'entretien et l'éducation d'un enfant. Elle est destinée aux parents d'un enfant de moins de 3 ans. Elle est versée sous conditions de ressources. \n L'allocation de base est versée mensuellement pendant  3 ans . Elle est due à partir du 1 er  jour du mois suivant la naissance de l'enfant. Si l'enfant est né le 15 février, l'allocation commence à être versée le 1 er  avril pour mars.\n\n",
    "link": "https://www.service-public.fr/particuliers/vosdroits/F2552",
    "name": "F2552--enfant-ne--l-2018-27--duree-de-v-sement-18.json",
    "arborescence": {
        "audience": "Particuliers",
        "theme": "Famille",
        "dossier": "Allocations destinées aux familles",
        "sous_dossier": "Allocations versées à partir du 1er enfant",
        "titre": "Allocation de base de la Paje versée à la naissance d'un enfant"
    }
}