{
    "text": "Allocation de base de la Paje versée à la naissance d'un enfant : L'allocation de base de la prestation d'accueil du jeune enfant (Paje) a pour objet d'aider à assurer les dépenses liées à l'entretien et l'éducation d'un enfant. Elle est destinée aux parents d'un enfant de moins de 3 ans. Elle est versée sous conditions de ressources. Enfant né depuis avril 2018: Montant mensuel: Couple avec 1 revenu Nombre d'enfants à charge Revenus Montant 1 enfant Moins de 26 923 € 171,74 € Entre 26 923 € et 32 165 € 85,87 € 2 enfants Moins de 32 307 € 171,74 € Entre 32 307 € et 38 598 € 85,87 € 3 enfants Moins de 38 769 € 171,74 € Entre 38 769 € et 46 318 € 85,87 € ",
    "text_reader": "\n L'allocation de base de la prestation d'accueil du jeune enfant (Paje) a pour objet d'aider à assurer les dépenses liées à l'entretien et l'éducation d'un enfant. Elle est destinée aux parents d'un enfant de moins de 3 ans. Elle est versée sous conditions de ressources. \n Couple avec 1 revenu\nNombre d'enfants à charge\nRevenus\nMontant\n1 enfant\nMoins de  26 923 € \n\n\n 171,74 € \n\nEntre  26 923 €  et  32 165 € \n\n\n 85,87 € \n\n2 enfants\nMoins de  32 307 € \n\n\n 171,74 € \n\nEntre  32 307 €  et  38 598 € \n\n\n 85,87 € \n\n3 enfants\nMoins de  38 769 € \n\n\n 171,74 € \n\nEntre  38 769 €  et  46 318 € \n\n\n 85,87 € \n",
    "link": "https://www.service-public.fr/particuliers/vosdroits/F2552",
    "name": "F2552--enfant-ne--l-2018-27--montant-me-ensuel-15--couple-ave-revenu-20.json",
    "arborescence": {
        "audience": "Particuliers",
        "theme": "Famille",
        "dossier": "Allocations destinées aux familles",
        "sous_dossier": "Allocations versées à partir du 1er enfant",
        "titre": "Allocation de base de la Paje versée à la naissance d'un enfant"
    }
}