{
    "text": "S'occuper d'un enfant ou d'un proche : quels effets sur la retraite (AVPF) ? : Les périodes non travaillées ou travaillées à temps partiel, pour élever vos enfants ou vous occuper d'un enfant ou d'un proche handicapé ou malade, peuvent être prises en compte pour la retraite. Pendant ces périodes, vous pouvez être affilié(e) gratuitement, sans verser de cotisations, à l'assurance vieillesse des parents au foyer (AVPF). C'est la Cnaf qui verse les cotisations à la Cnav . Les conditions pour bénéficier de cette affiliation gratuite varient selon votre situation. S'occuper d'un enfant: Complément familial: Vous vivez en couple Conditions à remplir Vous êtes obligatoirement affilié à l'AVPF si vous remplissez les conditions suivantes : Vous n'exercez pas d'activité professionnelle Vous avez au moins 3 enfants à charge Vos revenus professionnels en 2018 ne dépassaient pas 4 943,04 € Les ressources de votre couple ne dépassent pas le plafond de ressources retenu pour l'attribution du complément familial . Démarche Vous n'avez pas de démarche à effectuer. La Caf (ou la MSA ) effectue d'elle-même votre affiliation à l'AVPF si vous remplissez les conditions requises. La Caf ou la MSA verse directement le montant des cotisations à l'assurance retraite du régime général.",
    "text_reader": "\n Les périodes non travaillées ou travaillées à temps partiel, pour élever vos enfants ou vous occuper d'un enfant ou d'un proche handicapé ou malade, peuvent être prises en compte pour la retraite. Pendant ces périodes, vous pouvez être affilié(e) gratuitement, sans verser de cotisations, à l'assurance vieillesse  des parents au foyer (AVPF). C'est la  Cnaf  qui  verse les cotisations  à la  Cnav .  Les conditions pour bénéficier de cette affiliation gratuite varient selon votre situation. \n Vous vivez en couple\n\n Conditions à remplir \n\nVous êtes obligatoirement affilié à l'AVPF si vous remplissez les conditions suivantes :\nVous n'exercez pas d'activité professionnelle\nVous avez  au moins 3 enfants à charge\nVos revenus professionnels en 2018 ne  dépassaient pas  4 943,04 € \n\nLes ressources de votre couple ne dépassent pas  le plafond de ressources  retenu pour l'attribution du  complément familial .\n\n Démarche \n\nVous n'avez pas de démarche à effectuer. La  Caf  (ou la  MSA ) effectue d'elle-même votre affiliation à l'AVPF si vous  remplissez les conditions requises.\nLa Caf ou la MSA verse directement le montant des cotisations à l'assurance retraite du régime général.",
    "link": "https://www.service-public.fr/particuliers/vosdroits/F2574",
    "name": "F2574--soccuper-d-enfant-21--complement-milial-19--vous-vivez-couple-20.json",
    "arborescence": {
        "audience": "Particuliers",
        "theme": "Travail",
        "dossier": "Retraite d'un salarié du secteur privé",
        "sous_dossier": "",
        "titre": "S'occuper d'un enfant ou d'un proche : quels effets sur la retraite (AVPF) ?"
    }
}