{
    "text": "Impôt sur le revenu - Revenus financiers : Le régime fiscal des revenus mobiliers varie selon qu'ils sont fixes (obligations, titres de créances, etc.) ou variables (actions et parts de sociétés). Par ailleurs, des régimes spéciaux sont prévus pour certains types de placements (plan d'épargne en actions, assurance-vie, plan d'épargne entreprise). Les plans et comptes d'épargne réglementés sont exonérés d'impôt sur le revenu (Livret A, livret de développement durable, etc.). Revenus perçus en 2019: Produits des actions ou parts de sociétés: Option Barème Vous pouvez choisir le barème progressif de l'impôt sur le revenu , selon votre tranche marginale d'imposition . Vous pourrez alors bénéficier également d'un abattement de 40 % . Vous devrez également régler les prélèvements sociaux ( 17,20 % ).",
    "text_reader": "\n Le régime fiscal des revenus mobiliers varie selon qu'ils sont  fixes (obligations, titres de créances, etc.) ou variables (actions et parts de sociétés). Par ailleurs, des régimes spéciaux sont prévus pour certains types de placements (plan d'épargne en actions, assurance-vie, plan d'épargne entreprise). Les plans et comptes d'épargne réglementés sont exonérés d'impôt sur le revenu (Livret A, livret de développement durable, etc.). \n Option Barème\nVous pouvez choisir le  barème progressif de l'impôt sur le revenu , selon votre  tranche marginale d'imposition .\nVous pourrez alors bénéficier également d'un  abattement  de  40 % .\nVous devrez également régler les    prélèvements sociaux  ( 17,20 % ).",
    "link": "https://www.service-public.fr/particuliers/vosdroits/F2613",
    "name": "F2613--revenus-pe-n-2019-22--produits-d-cietes-41--option-bar-bareme-13.json",
    "arborescence": {
        "audience": "Particuliers",
        "theme": "Argent",
        "dossier": "Impôt sur le revenu : déclaration et revenus à déclarer",
        "sous_dossier": "Revenus fonciers et mobiliers",
        "titre": "Impôt sur le revenu - Revenus financiers"
    }
}