{
    "text": "Assurance auto (véhicule à moteur) : résiliation du contrat : Le contrat d'assurance auto est prévu pour être reconduit automatiquement à chaque échéance annuelle. Néanmoins, la loi prévoit plusieurs possibilités de résiliation. Les règles applicables ne sont pas les mêmes pour l'assuré et pour l'assureur. Résiliation par l'assureur: En cas de non-paiement de la cotisation: Dans les 10 jours calendaires suivant la date d'échéance, si vous n'avez pas réglé votre cotisation, l'assureur peut vous relancer. Il vous adresse une mise en demeure de règlement de la prime sous 30 jours calendaires en lettre recommandée. Si vous ne régularisez pas votre situation, l'assureur peut résilier votre contrat 10 jours calendaires après la fin de ce délai. La prime ou fraction de prime impayée reste due à l'assureur, même si le contrat a été résilié. ",
    "text_reader": "\n Le contrat d'assurance auto est prévu pour être reconduit automatiquement  à chaque échéance annuelle. Néanmoins, la loi prévoit plusieurs possibilités de résiliation.  Les règles applicables ne sont pas les mêmes pour l'assuré et pour l'assureur. \n Dans les 10  jours calendaires   suivant la date d'échéance, si vous n'avez pas réglé votre cotisation, l'assureur peut vous relancer. Il vous adresse une  mise en demeure de règlement  de la prime sous 30  jours calendaires en lettre recommandée. Si vous ne régularisez pas votre situation, l'assureur peut résilier votre contrat 10  jours calendaires après la fin de ce délai. La prime ou fraction de prime impayée reste due à l'assureur, même si le contrat a été résilié.\n\n",
    "link": "https://www.service-public.fr/particuliers/vosdroits/F2659",
    "name": "F2659--resiliatio-sureur-26--en-cas-de--sation-39.json",
    "arborescence": {
        "audience": "Particuliers",
        "theme": "Argent",
        "dossier": "Assurance automobile (véhicule)",
        "sous_dossier": "Souscription et vie du contrat",
        "titre": "Assurance auto (véhicule à moteur) : résiliation du contrat"
    }
}