{
    "text": "Reconduite d'un étranger vers un autre pays de l'Union européenne : Un étranger peut être renvoyé de France vers un autre pays de l'Union européenne. C'est notamment le cas s'il y a déjà présenté une demande d'asile. Procédure: Le préfet (ou le ministre de l'intérieur pour un demandeur d'asile) vous informe par décision écrite et motivée de votre remise aux autorités du pays européen concerné. Vous devez pouvoir présenter des observations et avertir (ou faire avertir) votre consulat, un avocat ou toute personne de votre choix. La décision de remise peut être exécutée de force avec escorte par les forces de l'ordre. ",
    "text_reader": "\n Un étranger peut être renvoyé de France vers un autre pays de l'Union européenne. C'est notamment le cas s'il y a déjà présenté une demande d'asile. \n Le préfet (ou le ministre de l'intérieur pour un demandeur d'asile) vous informe par décision écrite et motivée de votre remise aux autorités du pays européen concerné. Vous devez pouvoir présenter des observations et avertir (ou faire avertir) votre consulat, un avocat ou toute personne de votre choix. La décision de remise peut être exécutée de force avec escorte par les forces de l'ordre.\n\n",
    "link": "https://www.service-public.fr/particuliers/vosdroits/F2650",
    "name": "F2650--procedure-cedure-9.json",
    "arborescence": {
        "audience": "Particuliers",
        "theme": "Étranger",
        "dossier": "Éloignement d'un étranger (expulsion, OQTF...)",
        "sous_dossier": "Mesures d'éloignement",
        "titre": "Reconduite d'un étranger vers un autre pays de l'Union européenne"
    }
}