{
    "text": "Un étranger peut-il travailler durant ses études en France ? : Vous êtes de nationalité algérienne: Vous êtes en contrat d'apprentissage ou de professionnalisation Titre requis Certificat de résidence Algérien étudiant Durée de travail autorisée Dans le cadre de vos études, vous pouvez travailler au-delà de 50 % de la durée annuelle de travail pratiquée dans la branche ou la profession concernée. Formalités Vous devez demander une autorisation provisoire de travail (APT) à l'unité territoriale de la Direccte de votre domicile, avant de débuter votre activité.",
    "text_reader": "Vous êtes en contrat d'apprentissage ou de professionnalisation\n\n Titre requis \n\nCertificat de résidence  Algérien  étudiant \n\n\n Durée de travail autorisée \n\nDans le cadre de vos études, vous pouvez  travailler au-delà de  50 %  de la durée annuelle de travail  pratiquée dans la branche ou la profession concernée.\n\n Formalités \n\nVous devez demander une  autorisation provisoire de travail (APT)  à l'unité territoriale de la  Direccte  de votre domicile, avant de débuter votre activité.",
    "link": "https://www.service-public.fr/particuliers/vosdroits/F2713",
    "name": "F2713--vous-etes--rienne-35--vous-etes--sation-63.json",
    "arborescence": {
        "audience": "Particuliers",
        "theme": "Étranger",
        "dossier": "Travail d'un étranger en France",
        "sous_dossier": "",
        "titre": "Un étranger peut-il travailler durant ses études en France ?"
    }
}