{
    "text": "Document de circulation pour étranger mineur (DCEM) : Un mineur étranger résidant en France, n'est pas soumis à l'obligation de détenir un titre de séjour. Toutefois, pour faciliter ses déplacements hors de France, il peut obtenir un document de circulation pour étranger mineur (DCEM). La personne qui exerce l'autorité parentale sur l'enfant doit en faire la demande en préfecture en fournissant certains justificatifs. Le document est valable pendant une durée de 5 ans, renouvelable. Le titre d'identité républicaine a été supprimé. Autre situation: Pièces à fournir: les actes d'état civil en langue étrangère doivent être obligatoirement accompagnés de leur traduction en français par un traducteur interprète agréé . Si le demandeur a recours à un mandataire, il doit fournir aussi le mandat (courrier, déclaration écrite, acte authentique, etc.), et la pièce d'identité du mandataire. Mineur résidant à Mayotte né à l'étranger Carte de séjour ou carte de résident en cours de validité de l'un au moins des deux parents Justificatifs de l'entrée régulière à Mayotte avant l'âge de 13 ans.",
    "text_reader": "\n Un mineur étranger résidant en France, n'est pas soumis à l'obligation de détenir un titre de séjour.\n\t\t\tToutefois, pour  faciliter ses déplacements hors de France, il peut obtenir un document de circulation pour étranger mineur (DCEM).\n\t\t\t La personne qui exerce l'autorité parentale sur l'enfant doit en faire la demande en préfecture en fournissant certains justificatifs. Le document est valable pendant une durée de 5 ans,  renouvelable. Le titre d'identité républicaine a été supprimé. \n les actes d'état civil en langue étrangère doivent être obligatoirement accompagnés de  leur traduction en français par un traducteur interprète agréé .  Si le demandeur a recours à un mandataire, il doit fournir aussi le mandat  (courrier, déclaration écrite, acte authentique, etc.), et la pièce d'identité du mandataire.\n\nMineur résidant à Mayotte né à l'étranger\nCarte de séjour ou carte de résident en cours de validité de l'un au moins des deux parents\nJustificatifs de l'entrée régulière à Mayotte avant l'âge de 13 ans.",
    "link": "https://www.service-public.fr/particuliers/vosdroits/F2718",
    "name": "F2718--autre-situ-uation-15--pieces-a-f-ournir-16--mineur-res-ranger-41.json",
    "arborescence": {
        "audience": "Particuliers",
        "theme": "Étranger",
        "dossier": "Titres, carte de séjour et documents de circulation pour étranger en France",
        "sous_dossier": "Document de circulation pour mineur étranger",
        "titre": "Document de circulation pour étranger mineur (DCEM)"
    }
}