{
    "text": "Période de professionnalisation dans la fonction publique d'État (FPE) : Les périodes de professionnalisation permettent aux agents de l'État de réaliser un projet professionnel au sein de l'administration. Elles intègrent des phases de service et de formation. Elles sont à l'initiative de l'administration ou de l'agent. Demande: L'agent peut s'engager dans une période de professionnalisation à l'initiative de son administration ou à sa demande. Lorsque l'agent demande à bénéficier d'une période de professionnalisation, son chef de service l'informe, dans un délai de 2 mois, de son acceptation ou de son refus. Le refus est soumis à l'avis préalable de la CAP et doit être motivé. Seuls 2 % des agents d'un même service peuvent bénéficier simultanément d'une période de professionnalisation. Dans un service de moins de 50 agents, l'acceptation d'une période de professionnalisation peut être différée lorsqu'un autre agent du service en bénéficie déjà. ",
    "text_reader": "\n Les périodes de professionnalisation permettent aux agents de l'État de réaliser un projet professionnel au sein de l'administration. Elles intègrent des phases de service et de formation. Elles sont à l'initiative de l'administration ou de l'agent. \n L'agent peut s'engager dans une période de professionnalisation à l'initiative de son administration ou à sa  demande. Lorsque l'agent demande à bénéficier d'une période de professionnalisation, son chef de service l'informe,  dans un  délai de 2 mois, de son acceptation ou de son refus. Le refus est  \t\t\t soumis à l'avis préalable de la  CAP  et doit être motivé. Seuls  2 %  des agents d'un même service peuvent bénéficier simultanément d'une période de professionnalisation. Dans un service de moins de 50 agents, l'acceptation d'une période de professionnalisation peut être différée lorsqu'un autre agent du service en bénéficie déjà.\n\n",
    "link": "https://www.service-public.fr/particuliers/vosdroits/F2749",
    "name": "F2749--demande-emande-7.json",
    "arborescence": {
        "audience": "Particuliers",
        "theme": "Travail",
        "dossier": "Formation professionnelle dans la fonction publique",
        "sous_dossier": "Fonction publique d'État (FPE)",
        "titre": "Période de professionnalisation dans la fonction publique d'État (FPE)"
    }
}