{
    "text": "Achat ou vente en viager : quelles sont les règles ? : Le viager libre ou occupé consiste à vendre un logement à une personne (appelée débirentier ) en échange du versement mensuel d'une rente jusqu'au décès imprévisible du vendeur (appelé crédirentier ). La répartition du paiement des charges du bien vendu est fonction du type de viager. Qui paye quoi ?: Viager occupé avec usufruit Sont à la charge du crédirentier : les réparations et entretiens courants du logement sauf s'il libère totalement le bien vendu, les taxes d'habitation, foncière et d'enlèvement des ordures ménagères (sauf si l'acte prévoit un remboursement de ces sommes par le débirentier), les factures d'énergie. Les grosses réparations sont payées par le débirentier.",
    "text_reader": "\n Le viager libre ou occupé consiste à vendre un logement à une personne (appelée  débirentier ) en échange du versement mensuel d'une rente jusqu'au décès imprévisible du vendeur (appelé  crédirentier ). La répartition du paiement des charges du bien vendu est fonction du type de viager. \n Viager occupé avec usufruit\nSont à la charge du crédirentier :\nles réparations et entretiens courants du logement sauf s'il libère totalement le bien vendu,\nles taxes d'habitation, foncière et d'enlèvement des ordures ménagères (sauf si l'acte prévoit un remboursement de ces sommes par le débirentier),\nles factures d'énergie.\nLes grosses réparations sont payées par le débirentier.",
    "link": "https://www.service-public.fr/particuliers/vosdroits/F2762",
    "name": "F2762--qui-paye-q-e-quoi-15--viager-occ-ufruit-27.json",
    "arborescence": {
        "audience": "Particuliers",
        "theme": "Logement",
        "dossier": "Achat ou vente d'un logement",
        "sous_dossier": "",
        "titre": "Achat ou vente en viager : quelles sont les règles ?"
    }
}