{
    "text": "Âge minimum de départ à la retraite dans la fonction publique : Vous ne pouvez pas partir en retraite avant d'avoir atteint un âge minimum. Cet âge varie selon votre statut (fonctionnaire ou contractuel) et la nature de votre emploi. Fonctionnaire: L'âge minimum de départ à la retraite dépend de la nature de votre emploi : sédentaire ou de catégorie active . Catégorie active Pour pouvoir percevoir une pension de retraite en tant que fonctionnaire de catégorie active, vous devez justifier d'une durée de services minimum dans un ou plusieurs emplois de catégorie active. Cette durée peut être de 12, 17, 27 ou 32 ans selon votre emploi. L'âge minimum à partir duquel vous avez le droit de prendre votre retraite est fixé à 57 ans . Il est de 52 ans si vous êtes : personnel actif de la Police nationale ou personnel de surveillance de l'administration pénitentiaire ou contrôleur aérien (Icna) ou agent des réseaux souterrains des égouts ou agent du corps des identificateurs de l'institut médico-légal de la préfecture de police de Paris. Des dispositifs autorisent, dans certaines situations et sous certaines conditions, un départ en retraite anticipé : Vous pouvez partir en retraite pour invalidité sans condition d'âge Si vous êtes atteint d’une incapacité permanente d'au moins 50 % ou êtes reconnu travailleur handicapé, vous pouvez partir à partir de 55 ans Vous pouvez partir en retraite anticipée si vous avez eu une carrière longue Vous pouvez partir à la retraite sans condition d’âge, si vous avez au moins 15 ans de services dans la fonction publique et êtes parent d'un enfant atteint d'une invalidité d'au moins 80 % Vous pouvez partir à la retraite sans condition d’âge, si vous êtes fonctionnaire d'État, avez au moins 15 ans de services et si vous-même ou votre époux(se) est atteint d'une infirmité ou d'une maladie incurable rendant l’exercice de toute profession impossible.",
    "text_reader": "\n Vous ne pouvez pas partir en retraite avant d'avoir atteint un âge minimum. \n\t\t\tCet âge varie selon votre statut (fonctionnaire ou contractuel) et la nature de votre emploi. \n L'âge minimum de départ à la retraite dépend de la nature de votre emploi :  sédentaire  ou de  catégorie active .\n\nCatégorie active\nPour pouvoir percevoir une pension de retraite en tant que fonctionnaire de catégorie active, vous devez justifier d'une durée de services minimum dans un ou plusieurs emplois de catégorie active. Cette durée peut être de 12, 17, 27 ou 32 ans selon votre emploi.\nL'âge minimum à partir duquel vous avez le droit de prendre votre retraite est fixé à  57 ans .\nIl est de   52 ans  si vous êtes :\npersonnel actif de la Police nationale\nou personnel de surveillance de l'administration pénitentiaire\nou contrôleur aérien (Icna)\nou agent des réseaux souterrains des égouts\nou agent du corps des identificateurs de l'institut médico-légal de la préfecture de police de Paris.\nDes dispositifs autorisent, dans certaines situations et sous certaines conditions, un départ en retraite anticipé :\nVous pouvez partir en   retraite pour invalidité  sans condition d'âge\nSi vous êtes atteint d’une incapacité permanente d'au moins  50 %  ou  êtes reconnu travailleur handicapé, vous pouvez partir  à partir de 55 ans \n\nVous pouvez partir en retraite anticipée si vous avez eu une  carrière longue \n\nVous pouvez partir à la retraite sans condition d’âge, si vous avez au moins 15 ans de services dans la fonction publique et  êtes parent d'un enfant atteint d'une invalidité  d'au moins  80 % \n\nVous pouvez partir à la retraite sans condition d’âge, si vous êtes fonctionnaire d'État, avez  au moins 15 ans de services et si vous-même ou votre époux(se) est atteint d'une  infirmité ou d'une maladie incurable  rendant l’exercice de toute profession impossible.",
    "link": "https://www.service-public.fr/particuliers/vosdroits/F2786",
    "name": "F2786--fonctionna-nnaire-13--categorie--active-16.json",
    "arborescence": {
        "audience": "Particuliers",
        "theme": "Travail",
        "dossier": "Retraite d'un agent de la fonction publique (titulaire et non titulaire)",
        "sous_dossier": "Âge de départ à la retraite",
        "titre": "Âge minimum de départ à la retraite dans la fonction publique"
    }
}