{
    "text": "Cellule de reclassement (FNE) : La cellule de reclassement est un dispositif facultatif visant à faciliter le reclassement dans un nouvel emploi d'un salarié dont le licenciement pour motif économique est envisagé. Fonctionnement: La cellule de reclassement est mise en place à titre facultatif, par convention entre l'État et l'entreprise. Elle a un rôle d'accueil, d'évaluation, d'orientation et de conseil. Elle se charge d'examiner avec le salarié sa situation professionnelle, ses attentes et les emplois envisageables. Elle collabore avec Pôle emploi. Elle prospecte directement les offres d'emploi auprès du réseau de relations de l'entreprise. ",
    "text_reader": "\n La cellule de reclassement est un dispositif facultatif visant à faciliter le reclassement  dans un nouvel emploi d'un salarié dont le licenciement pour motif économique est envisagé. \n La cellule de reclassement est mise en place à titre facultatif, par convention entre l'État et l'entreprise. Elle a un rôle d'accueil, d'évaluation, d'orientation et de conseil. Elle se charge d'examiner avec le salarié sa situation professionnelle, ses attentes et les emplois envisageables. Elle collabore avec Pôle emploi. Elle prospecte directement les offres d'emploi auprès du réseau de relations de l'entreprise.\n\n",
    "link": "https://www.service-public.fr/particuliers/vosdroits/F2829",
    "name": "F2829--fonctionne-nement-14.json",
    "arborescence": {
        "audience": "Particuliers",
        "theme": "Travail",
        "dossier": "Licenciement économique",
        "sous_dossier": "Mesures d'accompagnement",
        "titre": "Cellule de reclassement (FNE)"
    }
}