{
    "text": "Coût d'une inscription dans l'enseignement supérieur : Les droits d'inscription pour la préparation des diplômes nationaux de licence, master ou doctorat (LMD) sont fixés chaque année au niveau national. Vous devez également payer une cotisation vie étudiante et de campus (CVEC) d'un montant de 92 € . Dans certains cas, vous pouvez être exonérés des frais d'inscription et de la CVEC. Boursier: Médecine préventive: Depuis la rentrée 2018, les frais liés à la participation des étudiants aux dépenses de la médecine préventive de l'enseignement supérieur sont inclus dans le montant de la CVEC. ",
    "text_reader": "\n Les droits d'inscription pour la préparation des diplômes nationaux de licence, master ou doctorat (LMD) sont fixés chaque année au niveau national.  Vous devez également payer une cotisation vie étudiante et de campus (CVEC) d'un montant de  92 € . Dans certains cas, vous pouvez être exonérés des frais d'inscription et de la CVEC. \n Depuis la rentrée 2018, les frais liés à la participation des étudiants aux dépenses de la médecine préventive de l'enseignement supérieur sont inclus dans le montant de la CVEC.\n\n",
    "link": "https://www.service-public.fr/particuliers/vosdroits/F2865",
    "name": "F2865--boursier-ursier-8--medecine-p-entive-19.json",
    "arborescence": {
        "audience": "Particuliers",
        "theme": "Famille",
        "dossier": "Inscription dans l'enseignement supérieur",
        "sous_dossier": "",
        "titre": "Coût d'une inscription dans l'enseignement supérieur"
    }
}