{
    "text": "Habitat contenant de l'amiante : Dans les immeubles construits avant le 1 er juillet 1997, le propriétaire ou le syndicat de copropriétaires a l'obligation de faire vérifier l'état des matériaux et produits pouvant contenir de l'amiante. Les maisons individuelles ne sont pas concernées. Ces vérifications doivent être réalisées par un professionnel du bâtiment. Des sanctions sont prévues si les vérifications n'ont pas été faites. Résultats et préconisations: Matériaux et produits de la liste B Le rapport doit faire des recommandations en cas de risque de dégradation rapide de l'amiante.",
    "text_reader": "\n Dans les immeubles construits avant le 1 er  juillet 1997, le propriétaire ou le syndicat de copropriétaires a l'obligation de faire vérifier l'état des matériaux et produits  pouvant contenir de l'amiante. Les maisons individuelles ne sont pas concernées. Ces vérifications doivent être réalisées par un professionnel du bâtiment. Des sanctions sont prévues si les vérifications n'ont pas été faites. \n Matériaux et produits de la liste B\nLe rapport doit faire des recommandations en cas de risque de dégradation rapide de l'amiante.",
    "link": "https://www.service-public.fr/particuliers/vosdroits/F288",
    "name": "F288--resultats--ations-27--materiaux--iste-b-35.json",
    "arborescence": {
        "audience": "Particuliers",
        "theme": "Logement",
        "dossier": "Risques sanitaires et sécurité du logement",
        "sous_dossier": "Amiante, plomb, termites, radon",
        "titre": "Habitat contenant de l'amiante"
    }
}