{
    "text": "Contrat d'apprentissage : Le contrat d'apprentissage est un contrat de travail écrit à durée limitée (CDL) ou à durée indéterminée (CDI) entre un salarié et un employeur. Il permet à l'apprenti de suivre une formation en alternance en entreprise sous la responsabilité d'un maître d'apprentissage et en centre de formation des apprentis (CFA) pendant 6 mois à 3 ans. Contrat conclu à partir de 2019 jusqu'au 31 mars 2020: Établissement du contrat: Le contrat d'apprentissage est un contrat écrit de droit privé. Il comporte un certain nombre de mentions obligatoires, notamment : Nom et la qualification du maître d'apprentissage Salaire Formation suivie Convention collective applicable Conditions de sécurité Conditions de déduction des avantages en nature Il est conclu au moyen du formulaire cerfa n°10103. Le contrat est signé par l'employeur et l'apprenti (et par son représentant légal , si l'apprenti est mineur). Le 1 er exemplaire est conservé par l'apprenti, le 2 e est remis à l'employeur et le 3 e conservé par l'organisme d'enregistrement. Si l'employeur est un ascendant de l'apprenti mineur, une déclaration peut remplacer le contrat. Secteur public Dans les 5 jours ouvrables qui suivent le début de l'exécution du contrat d'apprentissage, l'employeur transmet le contrat à l'unité départementale de la Direccte compétente. Cette transmission peut se faire par voie dématérialisée. L'unité départementale de la Direccte a 20 jours pour statuer sur la prise en charge du contrat. Sans réponse de la Direccte dans ce délai, la demande est acceptée.",
    "text_reader": "\n Le contrat d'apprentissage est un contrat de travail écrit à durée limitée (CDL) ou à durée indéterminée (CDI) entre un salarié et un employeur. Il permet à l'apprenti de suivre une formation en alternance en entreprise sous la responsabilité d'un maître d'apprentissage et en centre de formation des apprentis (CFA) pendant 6 mois à 3 ans. \n Le contrat d'apprentissage est un contrat écrit de droit privé. Il comporte un certain nombre de mentions obligatoires, notamment : Nom et la qualification du maître d'apprentissage Salaire Formation suivie   Convention collective  applicable Conditions de sécurité Conditions de déduction des avantages en nature Il est conclu au moyen du formulaire cerfa n°10103. Le contrat est signé par l'employeur et l'apprenti (et par son  représentant légal , si l'apprenti est mineur). Le 1 er  exemplaire est conservé par l'apprenti, le 2 e  est remis à l'employeur et le 3 e  conservé par l'organisme d'enregistrement. Si l'employeur est un  ascendant  de l'apprenti mineur, une déclaration peut remplacer le contrat.\n\nSecteur public\nDans les 5  jours ouvrables  qui suivent le début de l'exécution du contrat d'apprentissage, l'employeur transmet le contrat à l'unité départementale de la  Direccte  compétente.\nCette transmission peut se faire par voie dématérialisée.\nL'unité départementale de la Direccte a 20 jours pour statuer sur la prise en charge du contrat. Sans réponse de la Direccte dans ce délai, la demande est acceptée.",
    "link": "https://www.service-public.fr/particuliers/vosdroits/F2918",
    "name": "F2918--contrat-co-s-2020-53--etablissem-ontrat-24--secteur-pu-public-14.json",
    "arborescence": {
        "audience": "Particuliers",
        "theme": "Travail",
        "dossier": "Alternance",
        "sous_dossier": "",
        "titre": "Contrat d'apprentissage"
    }
}