{
    "text": "Peut-on adopter un adulte ? : Oui, vous pouvez adopter un adulte sous réserve de respecter certaines conditions tenant au fait que vous adoptez en couple ou seul. Cette adoption a pour but de concrétiser l'existence d'un lien affectif ancien ou d'une relation filiale avec cette personne majeure. Adoption par un couple: Forme de l'adoption: L'adoption d'un majeur se fait par adoption simple. Le lien de filiation avec la famille d'origine n'est pas rompu et coexiste avec le nouveau lien créé avec la famille adoptive. Le couple doit présenter une requête sur papier libre ou à l'aide du formulaire. Il doit être complété et adressé au procureur de la République, déposé ou envoyé par lettre recommandée avec accusé de réception au tribunal judiciaire de son lieu de résidence. Le recours à un avocat est obligatoire si l'adopté a été recueilli après ses 15 ans. Toutefois, l'adoption plénière d'un jeune de 20 ans au plus est possible uniquement si vous êtes dans l'un des 2 cas suivants : Vous l'avez accueilli alors qu'il avait moins de 15 ans et vous ne remplissiez pas les conditions pour l'adopter Vous l'avez adopté en la forme simple alors qu'il avait moins de 15 ans. ",
    "text_reader": "\n Oui, vous pouvez adopter un adulte sous réserve de respecter certaines conditions tenant au fait que vous adoptez en couple ou seul. Cette adoption a pour but de concrétiser l'existence d'un lien affectif ancien ou d'une relation filiale avec cette personne majeure. \n L'adoption d'un majeur se fait par adoption simple. Le lien de filiation avec la famille d'origine n'est pas rompu et coexiste avec le nouveau lien créé avec la famille adoptive. Le couple doit présenter une requête sur papier libre ou à l'aide du formulaire. Il doit être complété et adressé au procureur de la République, déposé ou envoyé par lettre recommandée avec accusé de réception au tribunal judiciaire de son lieu de résidence. Le recours à un avocat est obligatoire si l'adopté a été recueilli  après ses 15 ans. Toutefois,  l'adoption plénière  d'un jeune de 20 ans au plus est possible uniquement si vous êtes dans l'un des 2 cas suivants : Vous l'avez accueilli alors qu'il avait moins de 15 ans et vous ne remplissiez pas les conditions pour l'adopter Vous l'avez adopté en la forme simple alors qu'il avait moins de 15 ans.\n\n",
    "link": "https://www.service-public.fr/particuliers/vosdroits/F2973",
    "name": "F2973--adoption-p-couple-22--forme-de-l-option-19.json",
    "arborescence": {
        "audience": "Particuliers",
        "theme": "Famille",
        "dossier": "Adoption",
        "sous_dossier": "",
        "titre": "Peut-on adopter un adulte ?"
    }
}