{
    "text": "Capital décès versé pour le décès d'un salarié du secteur privé : Le capital décès est une indemnité qui garantit le versement d'un capital aux ayants droit d'un salarié décédé, sous certaines conditions. Son montant est forfaitaire. Les ayants droit doivent en faire la demande à la caisse primaire d'assurance maladie (CPAM) dont dépendait le défunt au moment du décès. La demande de capital décès doit être faite dans un certain délai. Demande: Date de la demande Le délai pour demander le capital décès diffère selon que vous êtes bénéficiaire prioritaire ou pas : Si vous n'êtes pas bénéficiaire prioritaire, vous avez 2 ans à partir de la date du décès. Si vous êtes bénéficiaire prioritaire, vous avez un mois maximum à partir de la date du décès. Passé ce délai, vous perdez votre droit de priorité, mais vous pouvez vous manifester dans le délai de 2 ans comme les autres bénéficiaires. Dossier de demande Vous devez remplir le formulaire cerfa de demande de capital décès. Les documents à joindre sont indiqués dans la notice du formulaire. Où adresser la demande ? Vous devez adresser la demande à la caisse primaire d'assurance maladie (CPAM) dont dépendait le défunt au moment du décès.",
    "text_reader": "\n Le capital décès est une indemnité qui garantit le versement d'un capital aux ayants droit d'un salarié décédé, sous certaines conditions. Son montant est forfaitaire. Les ayants droit doivent en faire la demande à la caisse primaire d'assurance maladie (CPAM) dont dépendait le défunt au moment du décès. La demande de capital décès doit être faite dans un certain délai. \n Demande\nDate de la demande\nLe délai pour demander le capital décès diffère selon que vous êtes bénéficiaire prioritaire ou pas :\nSi vous n'êtes pas bénéficiaire prioritaire, vous avez 2 ans à partir de la date du décès.\nSi vous êtes bénéficiaire prioritaire, vous avez un mois maximum à partir de la date du décès. Passé ce délai, vous perdez votre droit de priorité, mais vous pouvez vous manifester dans le délai de 2 ans comme les autres bénéficiaires.\nDossier de demande\nVous devez remplir le formulaire cerfa  de demande de capital décès.\nLes documents à joindre sont indiqués dans la notice du formulaire.\nOù adresser la demande ?\nVous devez adresser la demande à la caisse primaire d'assurance maladie (CPAM) dont dépendait le défunt au moment du décès.",
    "link": "https://www.service-public.fr/particuliers/vosdroits/F3005",
    "name": "F3005--demande-emande-7.json",
    "arborescence": {
        "audience": "Particuliers",
        "theme": "Famille",
        "dossier": "Rentes et capitaux versés en cas de décès",
        "sous_dossier": "Capital décès",
        "titre": "Capital décès versé pour le décès d'un salarié du secteur privé"
    }
}