{
    "text": "Formation initiale et continue dans la fonction publique hospitalière (FPH) : La formation des agents de la fonction publique hospitalière se compose notamment de la formation initiale et de la formation continue. La formation initiale permet aux agents accédant à un emploi de les préparer à occuper cet emploi. La formation continue vise à garantir, maintenir ou parfaire les connaissances ou les compétences des agents. Fonctionnaire: Passeport de formation: Un passeport de formation est remis à chaque fonctionnaire lors de son entrée dans la fonction publique hospitalière. Ce passeport est sa propriété. Il lui appartient de le mettre à jour tout au long de sa carrière. Le passeport de formation recense notamment : les diplômes, titres et certifications à finalité professionnelle obtenus par l'agent, les formations suivies et dispensées pour la formation continue, les bilans de compétences réalisés. Il permet aussi de mentionner les emplois exercés et les aptitudes professionnelles mises en œuvre dans le cadre de ces emplois. Il mentionne également en annexe les décisions prises lors des entretiens annuels de formation ou à la suite de bilans de compétences. ",
    "text_reader": "\n La formation des agents de la fonction publique hospitalière se compose notamment de la formation initiale et de la formation continue. La formation initiale permet aux agents accédant à un emploi de les préparer à occuper cet emploi. La formation continue vise à garantir, maintenir ou parfaire les connaissances ou les compétences des agents. \n Un passeport de formation est remis à chaque fonctionnaire lors de son entrée dans la fonction publique hospitalière. Ce passeport est sa propriété. Il lui appartient de le mettre à jour tout au long de sa carrière. Le passeport de formation recense notamment : les diplômes, titres et certifications à finalité professionnelle obtenus par l'agent, les formations suivies et dispensées pour la formation continue, les bilans de compétences réalisés. Il permet aussi de mentionner les emplois exercés et les aptitudes professionnelles mises en œuvre dans le cadre de ces emplois. Il mentionne également en annexe les décisions prises lors des entretiens annuels de formation ou à la suite de bilans de compétences.\n\n",
    "link": "https://www.service-public.fr/particuliers/vosdroits/F3033",
    "name": "F3033--fonctionna-nnaire-13--passeport--mation-22.json",
    "arborescence": {
        "audience": "Particuliers",
        "theme": "Travail",
        "dossier": "Formation professionnelle dans la fonction publique",
        "sous_dossier": "Fonction publique hospitalière (FPH)",
        "titre": "Formation initiale et continue dans la fonction publique hospitalière (FPH)"
    }
}