{
    "text": "Assurance et catastrophe naturelle (ou technologiques) : Vous pouvez être indemnisé pour un sinistre dû à une catastrophe naturelle ou technologique si vous êtes assuré contre ces risques. Mais il faut qu'un arrêté interministériel reconnaisse l'état de catastrophe naturelle ou technologique. Vous devez déclarer le sinistre à votre assureur le plus tôt possible après la parution de l'arrêté au Journal officiel. Le montant de l'indemnisation est limité et est versé en deux temps. Assurance et catastrophes naturelles: Niveau d'indemnisation: Limitations de l'indemnisation Vous êtes indemnisé uniquement pour les biens couverts par votre contrat, et dans la limite des plafonds de garantie. Ainsi par exemple, vous ne pourrez pas faire jouer votre multirisque habitation si c'est votre véhicule qui a été endommagé. Vous ne serez indemnisé que des frais directs. Les frais indirects seront à votre charge (immobilisation d'un véhicule, pertes de jouissance de biens). Franchises Lors de la mise en jeu de la garantie catastrophe naturelle, une franchise s'applique. Cette franchise légale est modulée selon la nature des biens endommagés. Pour les biens personnels, il y a : une franchise de 380 € pour les habitations ou tout autre bien à usage non professionnel, une franchise de 1 520 € si le dommage est imputable à un mouvement de terrain consécutif à la sécheresse ou à une réhydratation du sol.",
    "text_reader": "\n Vous pouvez être indemnisé pour un sinistre dû à une catastrophe naturelle ou technologique si vous êtes assuré   contre ces risques. Mais il faut qu'un arrêté interministériel reconnaisse l'état de catastrophe naturelle ou technologique.\n\t\t\n\t\t\tVous devez déclarer le sinistre à  votre assureur le plus tôt possible après   la parution de l'arrêté au Journal officiel. Le montant de l'indemnisation est limité et est versé en deux temps. \n Niveau d'indemnisation\nLimitations de l'indemnisation\nVous êtes indemnisé uniquement pour les biens couverts par votre contrat, et dans la limite des plafonds de garantie.\n\t\t\nAinsi par exemple, vous ne pourrez pas faire jouer votre multirisque habitation si c'est votre véhicule qui a été endommagé.\nVous ne serez indemnisé que  des frais directs. Les frais indirects seront à votre charge (immobilisation d'un véhicule, pertes de jouissance de biens).\nFranchises\nLors de la mise en jeu de la garantie catastrophe naturelle, une  franchise  s'applique.\nCette franchise  légale est modulée selon la nature des biens endommagés.\n\n Pour les biens personnels,  il y a :\nune franchise de  380 €  pour les  habitations ou tout autre bien à usage non professionnel,\nune franchise de  1 520 €   si le dommage est imputable à un mouvement de terrain consécutif à la sécheresse ou à une réhydratation du sol.",
    "link": "https://www.service-public.fr/particuliers/vosdroits/F3076",
    "name": "F3076--assurance--relles-36--niveau-din-sation-22.json",
    "arborescence": {
        "audience": "Particuliers",
        "theme": "Argent",
        "dossier": "Assurance habitation",
        "sous_dossier": "Sinistre",
        "titre": "Assurance et catastrophe naturelle (ou technologiques)"
    }
}