{
    "text": "Programmes et horaires au collège : Les programmes et les horaires des matières enseignées au collège sont fixés au niveau national. La répartition des heures de cours entre les matières dépend de la classe fréquentée. En 6e: La classe de 6 e est la dernière du cycle de consolidation, débuté en CM2. Des enseignements obligatoires sont dispensés à chaque élève, ainsi que des enseignements complémentaires sous la forme de temps d'accompagnement personnalisé ou d'enseignements pratiques interdisciplinaires (EPI). La répartition entre enseignements complémentaires est déterminée par l’établissement et est la même pour tous les élèves du même niveau. L'accompagnement personnalisé est destiné : à soutenir sa capacité d'apprendre et de progresser, notamment dans son travail personnel, à améliorer ses compétences, à contribuer à la construction de son autonomie intellectuelle. Les EPI permettent de construire et d'approfondir, dans une démarche de projet, des connaissances et des compétences. Ce projet doit s’accompagner d'une réalisation concrète qu'elle soit individuelle ou collective. Si l'élève a bénéficié de l'apprentissage d'une langue régionale ou d'une autre langue étrangère que l'anglais pendant sa scolarité en école primaire, il pourra le poursuivre, en plus de l'enseignement de l'anglais. Les différentes matières suivent un programme national . La répartition des heures de cours est la suivante : Matière Horaires Français 4 heures 30 Mathématiques 4 heures 30 Éducation physique et sportive 4 heures Langue vivante 4 heures SVT, technologie, physique-chimie 4 heures Histoire - Géographie - Enseignement moral et civique 3 heures Enseignements artistiques : - arts plastiques, - éducation musicale 2 heures, soit : 1 heure 1 heure Total 26 heures Dans ce total de 26 heures, 3 heures sont consacrées aux enseignements complémentaires. Il faut ajouter à ces horaires 10 heures dans l'année de vie de classe. Chaque classe peut également bénéficier d'heures d'enseignements facultatifs : 2 nde langue vivante étrangère ou régionale (2 heures au maximum par semaine) Langues et cultures européennes (2 heures au maximum par semaine) Langues et cultures régionales (2 heures au maximum par semaine) Chant choral (1 heure au minimum par semaine réparties sur 72 heures par an). la journée de cours de l'élève ne peut pas dépasser 6 heures (sauf dérogation du recteur d'académie) et il doit avoir une pause-déjeuner d'au moins 1 heure 30. ",
    "text_reader": "\n Les programmes et les horaires des matières enseignées au collège  sont fixés au niveau national. La répartition des heures de cours entre les matières dépend de la classe fréquentée. \n La classe de 6 e  est la dernière du cycle de consolidation, débuté en CM2. Des enseignements obligatoires sont dispensés à chaque élève, ainsi que des enseignements complémentaires sous la forme de temps d'accompagnement personnalisé ou d'enseignements pratiques interdisciplinaires (EPI). La répartition entre enseignements complémentaires est déterminée par l’établissement et est la même pour tous les élèves du même niveau. L'accompagnement personnalisé est destiné : à soutenir sa capacité d'apprendre et de progresser, notamment dans son travail personnel, à améliorer ses compétences, à contribuer à la construction de son autonomie intellectuelle. Les EPI permettent de construire et d'approfondir, dans une démarche de projet, des connaissances et des compétences. Ce projet doit s’accompagner d'une réalisation concrète qu'elle soit individuelle ou collective. Si l'élève a bénéficié de l'apprentissage d'une langue régionale ou d'une autre langue étrangère que l'anglais pendant sa scolarité en école primaire, il pourra le poursuivre, en plus de l'enseignement de l'anglais. Les différentes matières suivent un  programme national   . La répartition des heures de cours est la suivante : Matière Horaires Français 4 heures 30 Mathématiques 4 heures 30 Éducation physique et sportive 4 heures Langue vivante 4 heures SVT, technologie, physique-chimie 4 heures Histoire - Géographie - Enseignement moral et civique 3 heures Enseignements artistiques : - arts plastiques, - éducation musicale 2 heures, soit : 1 heure 1 heure   Total     26 heures   Dans ce total de 26 heures, 3 heures sont consacrées aux enseignements complémentaires. Il faut ajouter à ces horaires 10 heures dans l'année de vie de classe. Chaque classe peut également bénéficier d'heures d'enseignements facultatifs : 2 nde  langue vivante étrangère ou régionale (2 heures au maximum par semaine) Langues et cultures européennes (2 heures au maximum par semaine) Langues et cultures régionales (2 heures au maximum par semaine) Chant choral (1 heure au minimum par semaine réparties sur 72 heures par an). la journée de cours de l'élève ne peut pas dépasser 6 heures (sauf dérogation du recteur d'académie) et il doit avoir une pause-déjeuner d'au moins 1 heure 30.\n\n",
    "link": "https://www.service-public.fr/particuliers/vosdroits/F31099",
    "name": "F31099--en-6e-en-6e-5.json",
    "arborescence": {
        "audience": "Particuliers",
        "theme": "Famille",
        "dossier": "Collège et lycée",
        "sous_dossier": "Horaires et programmes",
        "titre": "Programmes et horaires au collège"
    }
}