{
    "text": "Permis D1E : transport de personnes - 16 passagers et remorque de + de 750 kg : Le permis D1E autorise la conduite d'un véhicule de la catégorie D1 auquel est attelée une remorque dont le PTAC dépasse 750 kg. Pour passer le permis D1E., il faut avoir au moins 21 ans et être titulaire du permis D1. Un contrôle médical est obligatoire. La durée de validité du permis DE dépend de votre âge. Son renouvellement s'obtient sous réserve d'un avis médical favorable. En ligne: https://permisdeconduire.ants.gouv.fr/ ",
    "text_reader": "\n Le permis D1E autorise la conduite d'un véhicule de la catégorie D1 auquel est attelée une remorque dont le  PTAC  dépasse 750 kg. Pour passer le permis D1E., il faut avoir au moins 21 ans et être titulaire du permis D1. Un contrôle médical est obligatoire. La durée de validité du permis DE dépend de votre âge. Son renouvellement s'obtient sous réserve d'un avis médical favorable. \n   https://permisdeconduire.ants.gouv.fr/  \n\n",
    "link": "https://www.service-public.fr/particuliers/vosdroits/F31129",
    "name": "F31129--en-ligne--ligne-8.json",
    "arborescence": {
        "audience": "Particuliers",
        "theme": "Transports",
        "dossier": "Permis de conduire",
        "sous_dossier": "Permis pour le transport de marchandises et de personnes",
        "titre": "Permis D1E : transport de personnes - 16 passagers et remorque de + de 750 kg"
    }
}