{
    "text": "État des lieux d'entrée dans un contrat de location : Un état des lieux d'entrée doit être réalisé lors de la remise des clés (en pratique, le jour de la signature du bail) et joint au contrat de bail. Ce document décrit l'état du logement et de ses équipements à l'entrée dans les lieux du locataire. Un nouvel état des lieux sera dressé lorsque le locataire quittera le logement et rendra les clés. En cas de litige, la comparaison de ces 2 documents permettra d'établir les responsabilités de chaque partie. Comment faire l'état des lieux ?: Le propriétaire et le locataire doivent constater ensemble l'état des lieux d'entrée , d'un commun accord et dans de bonnes conditions d'éclairage. Le logement doit contenir les équipements mentionnés au contrat de location . Ces documents doivent être établis par écrit en 2 exemplaires (un exemplaire pour le locataire, l'autre pour le propriétaire) à l'amiable par le propriétaire et le locataire (ou un tiers mandaté par eux : agent immobilier par exemple), ou par huissier de justice si l'état des lieux ne peut pas être réalisé à l'amiable. La forme du document doit permettre la comparaison de l'état du logement constaté à l'entrée et à la sortie des lieux. Les états des lieux d'entrée et de sortie peuvent être réalisés : sur un document unique, comportant pour chaque pièce du logement une colonne \" à l'entrée du locataire \" et une colonne \" à la sortie du locataire \" ou sur des documents distincts ayant une présentation similaire. pour comparer l'état du logement constaté à l'entrée et à la sortie des lieux, le locataire et le bailleur peuvent convenir d'appliquer une grille de vétusté à la signature du contrat de bail. L'état des lieux, établi sur support papier ou sous forme électronique, est remis en main propre ou par voie dématérialisée à chacune des parties (bailleur, locataire) ou à leur mandataire au moment de sa signature. ",
    "text_reader": "\n Un état des lieux d'entrée doit être réalisé lors de la remise des clés (en pratique, le jour de la signature du bail) et joint au contrat de bail. Ce document décrit l'état du logement et de ses équipements à   l'entrée dans les lieux du locataire. Un nouvel état des lieux sera dressé  lorsque le locataire quittera le logement et rendra les clés. En cas de litige,  la comparaison de ces 2 documents permettra d'établir les responsabilités de chaque partie. \n Le propriétaire et le locataire doivent constater ensemble l'état des lieux d'entrée , d'un commun accord et dans de bonnes conditions d'éclairage. Le logement doit contenir  les  équipements mentionnés au  contrat de location . Ces documents doivent être établis par écrit en 2 exemplaires (un exemplaire pour le locataire, l'autre pour le propriétaire) à l'amiable par le propriétaire et le locataire (ou un tiers mandaté par eux : agent immobilier par exemple), ou par  huissier de justice  si l'état des lieux ne peut pas être réalisé à l'amiable. La forme du document doit permettre la comparaison de l'état du logement constaté à l'entrée et à la sortie des lieux. Les  états des lieux d'entrée et de sortie peuvent être réalisés : sur un document unique, comportant pour chaque pièce du logement une colonne \" à l'entrée du locataire \" et une colonne \" à la sortie du locataire \" ou sur des  documents distincts ayant une présentation similaire. pour comparer l'état du logement constaté à l'entrée et à la sortie des lieux, le locataire et le bailleur peuvent convenir d'appliquer une  grille de vétusté  à la signature du contrat de bail. L'état des lieux, établi sur support papier ou sous forme électronique, est remis en main propre ou par voie dématérialisée à chacune des parties (bailleur, locataire) ou à leur mandataire  au moment de sa signature.\n\n",
    "link": "https://www.service-public.fr/particuliers/vosdroits/F31270",
    "name": "F31270--comment-fa--lieux-32.json",
    "arborescence": {
        "audience": "Particuliers",
        "theme": "Logement",
        "dossier": "Location immobilière : contrat de location (bail)",
        "sous_dossier": "",
        "titre": "État des lieux d'entrée dans un contrat de location"
    }
}