{
    "text": "Caution du locataire (ou colocataire) dans un logement privé : La caution est la personne qui, dans un document écrit appelé acte de cautionnement , s'engage envers le propriétaire du logement loué à payer les dettes locatives du locataire. Il existe 2 formes de caution : la caution simple et la caution solidaire. Colocation (plusieurs contrats): Acte de cautionnement: Depuis le 25 novembre 2018 Il est possible d'utiliser ce modèle de lettre : Permet à une personne de se déclarer comme caution (simple ou solidaire) d'un locataire. Lettre à remettre au bailleur.",
    "text_reader": "\n La caution est la personne qui, dans un document écrit appelé  acte de cautionnement , s'engage envers le propriétaire du logement loué à payer les dettes locatives du locataire.\n\t\tIl existe 2 formes de caution : la caution simple et la caution solidaire. \n Depuis le 25 novembre 2018\nIl est possible d'utiliser ce modèle de lettre :\nPermet à une personne de se déclarer comme caution (simple ou solidaire) d'un locataire. Lettre à remettre au bailleur.",
    "link": "https://www.service-public.fr/particuliers/vosdroits/F31267",
    "name": "F31267--colocation-ntrats-31--acte-de-ca-nement-21--depuis-le--e-2018-26.json",
    "arborescence": {
        "audience": "Particuliers",
        "theme": "Logement",
        "dossier": "Devenir locataire d'un logement privé",
        "sous_dossier": "",
        "titre": "Caution du locataire (ou colocataire) dans un logement privé"
    }
}