{
    "text": "Assurance véhicule : comment se déroule l'expertise ? : L'expertise est obligatoire dans certains cas. Si l'expertise n'est pas imposée par la loi, c'est l'assureur qui décide s'il faut la faire. Le rôle de l'expertise est d'établir les circonstances du sinistre, d'évaluer les dégâts et de proposer un mode de réparation. Le choix de l'expert est fait par l'assureur ou par le juge en cas de procédure judiciaire. Si le rapport établi par l'expert de l'assureur ne vous convient pas, vous pouvez le contester et demander une contre-expertise à vos frais. Rôle de l'expert: Généralement, l'expert se déplace sur le lieu du sinistre ou le garage où le véhicule endommagé a été remorqué. Il constate les dégâts et peut éventuellement en déterminer les causes. Il peut aussi parfois faire son constat à partir de photos, sans se rendre personnellement sur le lieu du sinistre. Il rédige un rapport d'expertise qui sert de base à l'assurance pour proposer une indemnisation à l'assuré. Ce rapport doit indiquer notamment : les circonstances du sinistre, les biens endommagés lors du sinistre, une évaluation des dommages subis, les conditions de remise en état (remplacement ou réparation). ",
    "text_reader": "\n L'expertise est obligatoire dans certains cas. Si l'expertise n'est pas imposée par la loi, c'est l'assureur qui  décide s'il faut la faire. Le rôle de l'expertise est d'établir les circonstances du sinistre, d'évaluer les dégâts et de proposer un mode de réparation. Le choix de l'expert est fait par l'assureur ou par le juge en cas de procédure judiciaire. Si le rapport établi par l'expert de l'assureur ne vous convient pas, vous pouvez le contester et demander une contre-expertise à vos frais. \n Généralement, l'expert se déplace sur le lieu du sinistre ou le garage où le véhicule endommagé a été remorqué. Il constate les dégâts et peut éventuellement en déterminer les causes. Il peut aussi parfois faire son constat à partir de photos, sans se rendre personnellement sur le lieu du sinistre. Il rédige un rapport d'expertise qui sert de base à l'assurance pour proposer une indemnisation à l'assuré. Ce rapport doit indiquer notamment : les circonstances du sinistre, les biens endommagés lors du sinistre, une évaluation des dommages subis, les conditions de remise en état (remplacement ou réparation).\n\n",
    "link": "https://www.service-public.fr/particuliers/vosdroits/F31268",
    "name": "F31268--role-de-le-expert-16.json",
    "arborescence": {
        "audience": "Particuliers",
        "theme": "Argent",
        "dossier": "Assurance automobile (véhicule)",
        "sous_dossier": "",
        "titre": "Assurance véhicule : comment se déroule l'expertise ?"
    }
}