{
    "text": "Quelles sont les voies de recours dans un litige locatif ? : En cas de conflit dans le cadre d'une location immobilière, il est recommandé de tenter de trouver une solution amiable. En cas d'échec, il faut parfois tenter une conciliation, pour ensuite avoir le droit de saisir le juge. Les délais de saisine dépendent de la nature du litige. Contrat de location (bail): Quel que soit le litige qui vous oppose à votre locataire ou à votre bailleur (ou à son représentant, notamment une agence immobilière), il est toujours préférable de trouver une solution amiable pour conserver de bons rapports locatifs. dans le cas d'un bail mobilité, une autre procédure s'applique . Quel que soit le litige qui vous oppose à votre locataire ou à votre bailleur (ou à son représentant, notamment une agence immobilière), il est toujours préférable de trouver une solution amiable pour conserver de bons rapports locatifs. dans le cas d'un bail mobilité, une autre procédure s'applique . Démarche amiable Si vous ne parvenez pas à vous parler, il est conseillé d'adresser un courrier recommandé avec accusé de réception. Le courrier doit relatant les faits le plus précisément possible. Il doit être accompagné des arguments et preuves pour étayer votre propos (références juridiques, factures, photos etc...). Ce courrier est une première étape préalable incontournable pour engager ensuite un recours éventuel devant le juge. Conciliation Si vous n'obtenez pas gain de cause avec un courrier, il peut être utile d'engager une procédure de conciliation : auprès de la commission départementale de conciliation dont dépend le logement, auprès d'un conciliateur de justice . la conciliation est facultative. Elle est toujours gratuite. Recours au juge Pour un litige concernant le contrat de bail , vous pouvez saisir le tribunal dont dépend le logement loué. Vous avez 3 ans pour saisir le juge des contentieux de la protection après l'apparition du litige.",
    "text_reader": "\n En cas de conflit dans le cadre d'une location immobilière, il est recommandé de  tenter de trouver une solution amiable. En cas d'échec, il faut parfois tenter une conciliation, pour ensuite avoir le droit de saisir le juge. Les délais de saisine dépendent de  la nature du litige. \n Quel que soit le litige qui vous oppose à votre locataire ou à votre bailleur (ou à son représentant, notamment une agence immobilière), il est toujours préférable de trouver une solution amiable pour conserver de bons rapports locatifs. dans le cas d'un bail mobilité, une  autre procédure s'applique .\n\nContrat de location (bail)\nQuel que soit le litige qui vous oppose à votre locataire ou à votre bailleur (ou à son représentant, notamment une agence immobilière), il est toujours préférable de trouver une solution amiable pour conserver de bons rapports locatifs.\ndans le cas d'un bail mobilité, une  autre procédure s'applique .\nDémarche amiable\nSi vous ne parvenez pas à vous parler, il est conseillé d'adresser un courrier recommandé avec accusé de réception.\nLe courrier doit relatant les faits le plus précisément possible.\nIl doit être  accompagné des arguments et preuves pour étayer votre propos (références juridiques, factures, photos etc...).\nCe courrier est une première étape préalable incontournable pour engager ensuite un recours éventuel devant le juge.\nConciliation\nSi vous n'obtenez pas gain de cause avec un courrier, il peut être utile  d'engager une procédure de conciliation :\nauprès de la    commission départementale de conciliation  dont dépend le logement,\nauprès d'un  conciliateur de justice .\nla conciliation est facultative. Elle est toujours gratuite.\nRecours au juge\nPour un litige concernant le  contrat de bail , vous pouvez saisir le tribunal  dont dépend le logement loué.\nVous avez 3 ans pour saisir le juge des contentieux de la protection après l'apparition du litige.",
    "link": "https://www.service-public.fr/particuliers/vosdroits/F31301",
    "name": "F31301--contrat-de-n-bail-26.json",
    "arborescence": {
        "audience": "Particuliers",
        "theme": "Logement",
        "dossier": "Location immobilière : contrat de location (bail)",
        "sous_dossier": "",
        "titre": "Quelles sont les voies de recours dans un litige locatif ?"
    }
}