{
    "text": "Retrait de l'autorité parentale : Les parents peuvent se voir retirer l'autorité parentale en cas de danger ou désintérêt envers l'enfant ou en cas de condamnation pour crime ou délit des parents ou de l'enfant. Le retrait peut être total ou partiel. Il peut concerner un seul parent ou les 2. Le retrait ne peut être prononcé que par un juge : le juge civil ou le juge pénal. Le retrait est provisoire. Les parents peuvent se voir restituer, sous conditions, une partie ou la totalité de leur autorité parentale. Condamnation pour crime ou délit: Procédure de retrait: Le retrait de l'autorité parentale du ou des parents est prononcée par le juge pénal. ",
    "text_reader": "\n Les parents peuvent se voir retirer l'autorité parentale en cas de danger ou désintérêt envers l'enfant ou en cas de condamnation pour  crime  ou  délit  des parents ou de l'enfant.\t\t\n\t\t\tLe retrait peut être total ou partiel. Il peut concerner un seul parent ou les 2. Le retrait ne peut être  prononcé que par un juge : le juge civil ou le juge pénal.\n\t\t\n\t\t\tLe retrait est  provisoire. Les parents peuvent se voir restituer, sous conditions, une partie ou la totalité de leur autorité parentale. \n Le retrait de l'autorité parentale du ou des parents est prononcée par le juge pénal.\n\n",
    "link": "https://www.service-public.fr/particuliers/vosdroits/F3135",
    "name": "F3135--condamnati--delit-32--procedure--etrait-20.json",
    "arborescence": {
        "audience": "Particuliers",
        "theme": "Famille",
        "dossier": "Autorité parentale",
        "sous_dossier": "",
        "titre": "Retrait de l'autorité parentale"
    }
}