{
    "text": "Comment rembourser un trop-perçu de rémunération ? : Un agent public qui a reçu à tort une rémunération peut se voir réclamer son remboursement par l'administration. Le remboursement peut être réclamé dans un certain délai et dans certaines limites de montant. De quoi s'agit-il ?: Lorsque l'administration verse à tort (ou indûment) une rémunération à un agent, elle peut en demander le remboursement dans un certain délai, que le paiement indu résulte : d'une erreur de calcul (ou erreur de liquidation) de la rémunération (par exemple, erreur dans la codification informatique du nombre d'enfants pour le versement du supplément familial de traitement - SFT ), ou d'une décision créatrice de droits irrégulière (par exemple, rémunération sur la base d'une décision d'avancement de grade classant l'agent à un échelon supérieur à celui auquel il a droit). ",
    "text_reader": "\n Un agent public qui a reçu à tort une rémunération peut se voir réclamer son remboursement par l'administration. Le remboursement peut être réclamé dans un certain délai et dans certaines limites de montant. \n Lorsque l'administration verse à tort (ou indûment) une rémunération à un agent, elle peut en demander le remboursement dans un certain délai, que le paiement indu résulte : d'une erreur de calcul (ou erreur de liquidation) de la rémunération (par exemple, erreur dans la codification informatique du nombre d'enfants pour le versement du  supplément familial de traitement - SFT ), ou d'une décision créatrice de droits irrégulière (par exemple, rémunération sur la base d'une décision d'avancement de grade classant l'agent à un échelon supérieur à celui auquel il a droit).\n\n",
    "link": "https://www.service-public.fr/particuliers/vosdroits/F31441",
    "name": "F31441--de-quoi-sa-git-il-19.json",
    "arborescence": {
        "audience": "Particuliers",
        "theme": "Travail",
        "dossier": "Rémunération dans la fonction publique",
        "sous_dossier": "",
        "titre": "Comment rembourser un trop-perçu de rémunération ?"
    }
}