{
    "text": "Un locataire peut-il quitter son logement sans préavis ? : Le locataire souhaitant quitter son logement avant l'échéance du bail doit adresser un préavis ( donner congé ) au bailleur 1 à 3 mois avant son départ. Toutefois, en cas de manquements graves du propriétaire à ses obligations (logement en péril ou insalubre), il peut quitter son logement sans préavis. Toutefois, il doit au préalable avoir averti son propriétaire des désordres constatés et avoir engagé les démarches pour le contraindre à réaliser les travaux relevant de sa responsabilité. Effets d'un départ sans préavis: Le locataire qui quitte son logement sans préavis paie son loyer uniquement pour son temps d'occupation, à la condition de ne pas avoir conservé les clés après son départ. Exemples : si le locataire part le 15 juin sans avoir conservé les clés, il doit payer : (montant du loyer x 15)/30, si le locataire part le 15 août sans avoir conservé les clés, il doit payer : (montant du loyer x 15)/31. Il peut également récupérer son dépôt de garantie . ",
    "text_reader": "\n Le locataire souhaitant  quitter son logement  avant l'échéance du bail doit adresser un préavis ( donner congé ) au bailleur  1 à 3 mois avant son départ. Toutefois, en cas de manquements graves du propriétaire à ses obligations (logement en péril ou insalubre), il peut  quitter son logement sans préavis. Toutefois, il doit au préalable avoir averti son propriétaire des désordres constatés et  avoir engagé les démarches pour le contraindre à réaliser les travaux relevant de  sa responsabilité. \n Le locataire qui quitte son logement sans préavis paie son loyer uniquement pour son temps d'occupation, à la condition de ne pas  avoir conservé les clés après son départ. Exemples : si le locataire part le 15 juin sans avoir conservé les clés, il doit payer : (montant du loyer x 15)/30, si le locataire part le 15 août sans avoir conservé les clés, il doit payer : (montant du loyer x 15)/31. Il peut également récupérer son  dépôt de garantie .\n\n",
    "link": "https://www.service-public.fr/particuliers/vosdroits/F31559",
    "name": "F31559--effets-dun-reavis-31.json",
    "arborescence": {
        "audience": "Particuliers",
        "theme": "Logement",
        "dossier": "Location immobilière : fin du bail",
        "sous_dossier": "",
        "titre": "Un locataire peut-il quitter son logement sans préavis ?"
    }
}