{
    "text": "Comment payer ses impôts locaux ? : Vous pouvez choisir le mode de paiement de vos taxes foncières, taxe d'habitation et contribution à l'audiovisuel public. Cependant, lorsque le montant de votre impôt dépasse 300 € , vous devez payer directement en ligne ou par prélèvements automatiques. Impôt de 300 à 1000 €: Cas général: Sur smartphone ou tablette Téléchargez l'application \"Impots.gouv\" qui vous permet de payer en flashant le code imprimé en bas à gauche de la première page de votre avis d'imposition.",
    "text_reader": "\n Vous pouvez choisir le mode de paiement de vos taxes foncières, taxe d'habitation et contribution à l'audiovisuel public. Cependant, lorsque le montant de votre impôt dépasse  300 € , vous devez payer directement en ligne ou par prélèvements automatiques. \n Sur smartphone ou tablette\nTéléchargez l'application \"Impots.gouv\" qui vous permet de payer en flashant le code imprimé en bas à gauche de la première page de votre avis d'imposition.",
    "link": "https://www.service-public.fr/particuliers/vosdroits/F31686",
    "name": "F31686--impot-de-3-a-1000-21--cas-genera-eneral-11--sur-smartp-blette-26.json",
    "arborescence": {
        "audience": "Particuliers",
        "theme": "Argent",
        "dossier": "Impôts locaux",
        "sous_dossier": "",
        "titre": "Comment payer ses impôts locaux ?"
    }
}