{
    "text": "Prestation partagée d'éducation de l'enfant (PreParE) : La prestation partagée d'éducation de l'enfant (PreParE) fait partie de la prestation d'accueil du jeune enfant (Paje). Elle permet à un ou aux deux parents ayant au moins un enfant à charge de moins de 3 ans (ou moins de 20 ans en cas d'adoption) de cesser ou de réduire leur activité professionnelle pour s'en occuper. La durée de versement dépend du nombre d'enfant(s) à charge et de la situation familiale. PreParE majorée: Changement de situation: cile Vous pouvez signaler votre changement de domicile en utilisant le service de changement d'adresse en ligne : Pour déclarer vos nouvelles coordonnées, simultanément auprès de plusieurs services de l'administration et de fournisseurs d'énergie. si vous changez de département, la MSA de votre domicile de départ s'occupera automatiquement du transfert du dossier vers votre nouvelle caisse. Ce transfert se fera dès l'enregistrement de votre nouvelle adresse.",
    "text_reader": "\n La prestation partagée d'éducation de l'enfant (PreParE) fait partie de la prestation d'accueil du jeune enfant (Paje). Elle permet à un ou aux deux parents ayant au moins un enfant à charge de moins de 3 ans (ou moins de 20 ans en cas d'adoption) de cesser ou de réduire leur activité professionnelle pour s'en occuper. La durée de versement dépend du nombre d'enfant(s) à charge et de la situation familiale. \n Changement de domicile\nVous pouvez signaler votre changement de domicile en utilisant le service de changement d'adresse en ligne :\nPour déclarer vos nouvelles coordonnées, simultanément auprès de plusieurs services de l'administration et de fournisseurs d'énergie.\nsi vous changez de département, la MSA de votre domicile de départ s'occupera automatiquement du transfert du dossier vers votre nouvelle caisse. Ce transfert se fera dès l'enregistrement de votre nouvelle adresse.",
    "link": "https://www.service-public.fr/particuliers/vosdroits/F32485",
    "name": "F32485--prepare-ma-ajoree-15--changement-uation-23--changement-micile-22.json",
    "arborescence": {
        "audience": "Particuliers",
        "theme": "Famille",
        "dossier": "Allocations destinées aux familles",
        "sous_dossier": "Enfant gardé par un parent",
        "titre": "Prestation partagée d'éducation de l'enfant (PreParE)"
    }
}