{
    "text": "Copropriété : dispositifs de sécurité incendie : Certains équipements doivent être installés pour assurer la sécurité des habitants en cas d'incendie. Les équipements mis en place doivent faire l'objet de vérification au minimum tous les ans. Par ailleurs, les plans et consignes de sécurité en cas d'incendie doivent être affichés dans certains immeubles. Équipements à mettre en place: Chaufferie Chauffage au fioul Il faut au moins 2 extincteurs dans la chaufferie. Si le local de stockage du fioul est différent de la chaufferie, il faut ajouter 1 extincteur sur le lieu de stockage. Chauffage au gaz Il faut 1 extincteur à poudre polyvalente dans la chaufferie. L'extincteur doit être accompagné d'un panneau précisant Ne pas utiliser sur flamme gaz . Chauffage au charbon Il faut 1 extincteur dans la chaufferie.",
    "text_reader": "\n Certains équipements doivent être installés pour assurer la sécurité des habitants en cas d'incendie. Les équipements mis en place doivent faire l'objet de vérification au minimum tous les ans. Par ailleurs, les plans et consignes de sécurité en cas d'incendie doivent être affichés dans certains immeubles. \n Chaufferie\nChauffage au fioul\nIl faut au moins 2 extincteurs dans la chaufferie.\nSi le local de stockage du fioul est différent de la chaufferie, il faut ajouter 1 extincteur sur le lieu de stockage.\nChauffage au gaz\nIl faut 1 extincteur à poudre polyvalente dans la chaufferie. L'extincteur doit être accompagné d'un panneau précisant  Ne pas utiliser sur flamme gaz .\nChauffage au charbon\nIl faut 1 extincteur dans la chaufferie.",
    "link": "https://www.service-public.fr/particuliers/vosdroits/F32573",
    "name": "F32573--equipement--place-29--chaufferie-fferie-10.json",
    "arborescence": {
        "audience": "Particuliers",
        "theme": "Logement",
        "dossier": "Risques sanitaires et sécurité du logement",
        "sous_dossier": "Sécurité incendie",
        "titre": "Copropriété : dispositifs de sécurité incendie"
    }
}