{
    "text": "Comment un détenu est-il suivi après sa sortie de prison ? : Sortie à la fin prévue de la peine À l'issue de sa peine de prison, la personne peut être suivie dans le cadre d'une peine de suivi en milieu ouvert prononcée par la juridiction de condamnation. Par exemple : un sursis avec mise à l'épreuve ou un suivi socio-judiciaire. En l'absence de telles mesures, elle peut également se voir imposer un suivi sur le temps des réductions de peine dont elle a bénéficié au cours de son incarcération. Ceci dans le cadre d'un suivi post-peine ou d'une surveillance judiciaire . Dans ces différents cadres, la personne est soumise à des mesures de surveillance et de contrôle, ainsi qu'à des obligations particulières plus ou moins contraignantes selon la nature de la mesure, la gravité de l'infraction commise et la durée de la peine de prison initialement prononcée. Pour les crimes les plus graves (meurtre, viol...), la personne condamnée peut être placée en en rétention de sûreté à l'issue de sa peine de prison ou être soumise à une surveillance de sûreté à l'issue du suivi socio-judiciaire ou de la surveillance judiciaire. Ces 2 mesures peuvent être renouvelées sans limitation dans le temps. La personne condamnée peut être inscrite dans un fichier : Si elle a été condamnée pour infractions sexuelles (viol, attouchements...) ou violentes (torture et actes de barbaries...), elle sera inscrite dans le FIJAIS . Ce fichier permet le suivi et la localisation des personnes condamnées après leur sortie de prison. Si elle a été condamnée pour actes de terrorisme, elle sera inscrite dans le fichier judiciaire national automatisé des auteurs d'infractions terroristes (FIJAIT). la victime peut s'adresser au juge délégué aux victimes pour être tenue au courant lorsque la personne condamnée sort de prison.",
    "text_reader": "Sortie à la fin prévue de la peine\nÀ l'issue de sa peine de prison, la personne peut être suivie dans le cadre d'une peine de suivi en milieu ouvert prononcée par la juridiction de condamnation. Par exemple : un sursis avec mise à l'épreuve ou un suivi socio-judiciaire.\nEn l'absence de telles mesures, elle peut également se voir imposer un suivi sur le temps des  réductions de peine  dont elle a bénéficié au cours de son incarcération. Ceci dans le cadre d'un suivi post-peine ou d'une  surveillance judiciaire .\nDans ces différents cadres, la personne est soumise\nà des mesures de surveillance et de contrôle,\nainsi qu'à des obligations particulières plus ou moins contraignantes selon la nature de la mesure, la gravité de l'infraction commise et la durée de la peine de prison initialement prononcée.\nPour les crimes les plus graves (meurtre, viol...), la personne condamnée peut\nêtre placée en en  rétention de sûreté  à l'issue de sa peine de prison\nou être soumise à une  surveillance de sûreté  à l'issue du suivi socio-judiciaire ou de la surveillance judiciaire.\nCes 2 mesures peuvent être renouvelées sans limitation dans le temps.\nLa personne condamnée peut être inscrite dans un fichier :\nSi elle a été condamnée pour infractions sexuelles (viol, attouchements...) ou violentes (torture et actes de barbaries...), elle sera inscrite dans le  FIJAIS . Ce fichier permet le suivi et la localisation des personnes condamnées après leur sortie de prison.\nSi elle a été condamnée pour actes de terrorisme, elle sera inscrite dans le fichier judiciaire national automatisé des auteurs d'infractions terroristes (FIJAIT).\nla victime peut  s'adresser au juge délégué aux victimes  pour être tenue au courant lorsque la personne condamnée sort de prison.",
    "link": "https://www.service-public.fr/particuliers/vosdroits/F32584",
    "name": "F32584--sortie-a-l--peine-34.json",
    "arborescence": {
        "audience": "Particuliers",
        "theme": "Justice",
        "dossier": "Condamnations et peines",
        "sous_dossier": "",
        "titre": "Comment un détenu est-il suivi après sa sortie de prison ?"
    }
}