{
    "text": "Indemnités horaires pour travaux supplémentaires (IHTS) : Des indemnités horaires pour travaux supplémentaires (IHTS) peuvent être versées principalement aux agents de catégories B et C, qui effectuent des heures supplémentaires. Le nombre d'heures supplémentaires que peut accomplir par mois un agent est limité. Les heures supplémentaires sont rémunérées différemment selon qu'il s'agit des 14 premières heures ou des heures au-delà, d'heures de nuit ou d'heures effectuées un dimanche ou un jour férié. Territoriale (FPT): Montant: Heures supplémentaires Rémunération Les 14 premières heures [( Traitement brut annuel + indemnité de résidence annuelle ) / 1 820] x 1,25 À partir de la 15 e heure [( Traitement brut annuel + indemnité de résidence annuelle ) / 1 820] x 1,27 Heure de nuit (accomplie entre 22 heures et 7 heures) [( Traitement brut annuel + indemnité de résidence annuelle ) / 1 820] x 1,25 (s'il s'agit des 14 premières heures, ou 1,27 à partir de la 15 e heure) x 2 Heure accomplie un dimanche ou un jour férié [( Traitement brut annuel + indemnité de résidence annuelle ) / 1 820] x 1,25 (s'il s'agit des 14 premières heures, ou 1,27 à partir de la 15 e heure) + [( traitement brut annuel + indemnité de résidence annuelle ) / 1 820] x 1,25 (ou 1,27) x 2/3 Les majorations de nuit et de dimanche ou jour férié ne se cumulent pas. Pour un agent rémunéré sur la base de l'indice majoré 330 et en zone 1 (pour l'indemnité de résidence) : Heures supplémentaires Rémunération Les 14 premières heures [(18 556,66 + 556,70)/1 820] x 1,25 = 13,13 € À partir de la 15 e heure [(18 556,66 + 556,70)/1 820] x 1,27 = 13,34 € Heure de nuit (accomplie entre 22 heures et 7 heures) [(18 556,66 + 556,70)/1 820] x 1,25 (ou 1,27) x 2 = 26,25 € ou 26,67 € Heure accomplie un dimanche ou un jour férié [(18 556,66 + 556,70)/1 820] x 1,25 (ou 1,27) + [(18 556,66 + 556,70)/1 820] x 1,25 (ou 1,27) x 2/3 = 21,88 € ou 22,23 € la compensation des heures supplémentaires peut être effectuée, en tout ou partie, sous la forme d'un repos compensateur . Une même heure supplémentaire ne peut pas donner lieu à la fois à repos compensateur et à indemnisation. ",
    "text_reader": "\n Des indemnités horaires pour travaux supplémentaires (IHTS) peuvent être versées principalement aux agents de catégories B et C, qui effectuent des heures  supplémentaires. Le nombre d'heures supplémentaires que peut accomplir par mois un agent est limité. Les heures supplémentaires sont rémunérées différemment selon qu'il s'agit des 14 premières heures ou des heures au-delà,  d'heures de nuit ou d'heures  effectuées un dimanche ou un jour férié. \n Heures supplémentaires Rémunération Les 14 premières heures [( Traitement brut annuel  +  indemnité de résidence annuelle ) / 1 820] x 1,25 À partir de  la 15 e  heure [( Traitement brut annuel  +  indemnité de résidence annuelle ) / 1 820] x 1,27 Heure de nuit (accomplie entre 22 heures et 7 heures) [( Traitement brut annuel  +  indemnité de résidence annuelle ) / 1 820] x 1,25 (s'il s'agit des 14 premières heures, ou 1,27 à partir de la 15 e  heure) x 2 Heure accomplie un dimanche ou un jour férié [( Traitement brut annuel  +  indemnité de résidence annuelle ) / 1 820] x 1,25 (s'il s'agit des 14 premières heures, ou 1,27 à partir de la 15 e  heure) + [( traitement brut annuel  +  indemnité de résidence annuelle ) / 1 820] x 1,25 (ou 1,27) x 2/3 Les majorations de nuit et de dimanche ou jour férié ne se cumulent pas. Pour un agent rémunéré sur la base de l'indice majoré 330 et en zone 1 (pour l'indemnité de résidence) : Heures supplémentaires Rémunération Les 14 premières heures [(18 556,66 + 556,70)/1 820] x 1,25 =  13,13 €   À partir de  la 15 e  heure [(18 556,66 + 556,70)/1 820] x 1,27 =  13,34 €   Heure de nuit (accomplie entre 22 heures et 7 heures) [(18 556,66 + 556,70)/1 820] x 1,25 (ou 1,27) x 2 =  26,25 €  ou  26,67 €   Heure accomplie un dimanche ou un jour férié [(18 556,66 + 556,70)/1 820] x 1,25 (ou 1,27) + [(18 556,66 + 556,70)/1 820] x 1,25 (ou 1,27) x 2/3 =  21,88 €  ou  22,23 €   la compensation des heures supplémentaires peut être effectuée, en tout ou partie, sous la forme d'un  repos compensateur . Une même heure supplémentaire ne peut pas donner lieu à la fois à  repos compensateur et à  indemnisation.\n\n",
    "link": "https://www.service-public.fr/particuliers/vosdroits/F32787",
    "name": "F32787--territoria-le-fpt-18--montant-ontant-7.json",
    "arborescence": {
        "audience": "Particuliers",
        "theme": "Travail",
        "dossier": "Rémunération dans la fonction publique",
        "sous_dossier": "Primes et indemnités",
        "titre": "Indemnités horaires pour travaux supplémentaires (IHTS)"
    }
}