{
    "text": "Français expatrié : vivre à l'étranger (hors Europe) : Si vous partez vivre dans un pays situé en dehors de l'Espace économique européen (EEE) , vous avez plusieurs démarches à faire avant de partir (passeport, visa, couverture sociale...) et une fois sur place (permis de séjour, inscription au registre des Français établis hors de France...). Visa, droit au séjour, permis de travail: Dans la plupart des pays situés hors de l' EEE , un visa est exigé à l'entrée. Consultez les dossiers pays de l'expatriation pour vérifier les conditions d'entrée. Le visa est adapté à votre situation : études, travail, résidence... Vous devez demander le visa au consulat étranger en France. Faites la demande à l'avance car démarches peuvent prendre plusieurs semaines. Le coût et le délai de délivrance des visas sont variables selon les pays. Vous devez produire des documents à l'appui de votre demande : passeport, photo d'identité, extrait de casier judiciaire, relevé bancaire, billet de transport aller et retour... Certains pays exigent une durée de validité minimum du passeport. ",
    "text_reader": "\n Si vous partez vivre dans un pays situé en dehors de  l'Espace économique européen (EEE) , vous avez plusieurs démarches à faire avant de partir (passeport, visa, couverture sociale...) et une fois sur place (permis de séjour, inscription au registre des Français établis hors de France...). \n Dans la plupart des pays situés hors de l' EEE , un visa est exigé à l'entrée. Consultez les  dossiers pays de l'expatriation    pour vérifier les conditions d'entrée. Le visa est adapté à votre situation : études, travail, résidence... Vous devez demander le visa au  consulat étranger en France. Faites la demande à l'avance car  démarches peuvent prendre plusieurs semaines. Le coût et le délai de délivrance des visas sont variables selon les pays. Vous devez produire des documents à l'appui de votre demande : passeport, photo d'identité, extrait de casier judiciaire, relevé bancaire, billet de transport aller et retour... Certains pays exigent une durée de validité minimum du passeport.\n\n",
    "link": "https://www.service-public.fr/particuliers/vosdroits/F32885",
    "name": "F32885--visa-droit-ravail-40.json",
    "arborescence": {
        "audience": "Particuliers",
        "theme": "Étranger",
        "dossier": "Vivre à l'étranger",
        "sous_dossier": "S'installer à l'étranger",
        "titre": "Français expatrié : vivre à l'étranger (hors Europe)"
    }
}