{
    "text": "Élevage et vente de chiens et de chats : Élevage: Identification de l'animal: Un chien ou un chat doit obligatoirement être identifié avant toute cession. Et en dehors de toute cession, un chien doit obligatoirement être identifié à partir de 4 mois, un chat à partir de 7 mois. L'identification est effectuée par un vétérinaire. Elle comporte : d'une part, le marquage de l'animal par puce électronique ou tatouage, et d'autre part, l'inscription au fichier national d'identification des carnivores domestiques (I-cad). L'identification permet d'attribuer un numéro unique à un animal et d'enregistrer les nom et adresse de son détenteur à l'I-cad. L'identification permet de retrouver le propriétaire d'un animal perdu ou volé. Le vétérinaire délivre immédiatement au propriétaire de l'animal un document attestant le marquage et adresse également un document attestant le marquage à l'I-cad dans les 8 jours. Le détenteur d'un animal qui change d'adresse doit en informer l'I-cad. Tout animal vendu (ou donné gratuitement) doit être identifié même s'il est cédé avant 4 mois, s'agissant d'un chien, ou avant 7 mois, s'agissant d'un chat. L'identification est à la charge de l'éleveur. Le fait de céder un animal non identité ou de détenir un chien non identifié peut être puni d’une amende de 750 € . ",
    "text_reader": "Un chien ou un chat doit obligatoirement être identifié avant toute cession. Et en dehors de toute cession, un chien doit obligatoirement être identifié  à partir de 4 mois, un chat à partir de 7 mois. L'identification est effectuée par un vétérinaire. Elle comporte : d'une part, le marquage de l'animal par puce électronique ou tatouage, et d'autre part, l'inscription au fichier national d'identification des carnivores domestiques (I-cad). L'identification permet d'attribuer un numéro unique à un animal et d'enregistrer les nom et adresse de son détenteur à l'I-cad. L'identification permet de retrouver le propriétaire d'un animal perdu ou volé. Le vétérinaire délivre immédiatement au propriétaire de l'animal un document attestant le marquage et adresse également un document attestant le marquage à l'I-cad dans les 8 jours. Le détenteur d'un animal qui change d'adresse doit en informer l'I-cad. Tout animal vendu (ou donné gratuitement) doit être identifié même s'il est cédé avant 4 mois, s'agissant d'un chien,  ou avant 7 mois, s'agissant d'un chat. L'identification est à la charge de l'éleveur. Le fait de céder un animal non identité ou de détenir un chien non identifié peut être puni d’une amende de  750 € .\n\n",
    "link": "https://www.service-public.fr/particuliers/vosdroits/F33452",
    "name": "F33452--elevage-levage-7--identifica-animal-26.json",
    "arborescence": {
        "audience": "Particuliers",
        "theme": "Loisirs",
        "dossier": "Animal de compagnie",
        "sous_dossier": "",
        "titre": "Élevage et vente de chiens et de chats"
    }
}