{
    "text": "L'instance unique des représentants du personnel (IRP) existe-t-elle toujours ? : Non. Les attributions de l'instance unique des représentants du personnel (IRP) sont confiées désormais depuis le 1 er janvier 2020 au comité social et économique (CSE) .",
    "text_reader": "Non. Les attributions de l'instance unique des représentants du personnel (IRP) sont confiées désormais depuis le 1 er  janvier 2020 au  comité social et économique (CSE) .",
    "link": "https://www.service-public.fr/particuliers/vosdroits/F33481",
    "name": "F33481.json",
    "arborescence": {
        "audience": "Particuliers",
        "theme": "Travail",
        "dossier": "Représentation du personnel dans l'entreprise",
        "sous_dossier": "",
        "titre": "L'instance unique des représentants du personnel (IRP) existe-t-elle toujours ?"
    }
}