{
    "text": "Complément de libre choix du mode de garde (CMG) - Micro-crèche : Le complément de libre choix du mode de garde (CMG) fait partie de la prestation d'accueil du jeune enfant (Paje). Il s'agit d'une prise en charge partielle des frais de garde en micro-crèche. Son montant varie selon le nombre d'enfants à charge, l'âge de votre enfant et vos ressources. Un minimum de 15 % des frais restera à votre charge. Montant: Enfant handicapé Une majoration de 30 % s'applique si votre enfant a droit à l'allocation d'éducation de l'enfant handicapé (AEEH) .",
    "text_reader": "\n Le complément de libre choix du mode de garde (CMG) fait partie de la prestation d'accueil du jeune enfant (Paje). Il s'agit d'une prise en charge partielle des frais de garde en micro-crèche. Son montant varie selon le nombre d'enfants à charge, l'âge de votre enfant et vos ressources. Un minimum de  15 %    des frais restera à votre charge. \n Enfant handicapé\nUne majoration de   30 %  s'applique si votre enfant a droit à  l'allocation d'éducation de l'enfant handicapé (AEEH) .",
    "link": "https://www.service-public.fr/particuliers/vosdroits/F33648",
    "name": "F33648--montant-ontant-7--enfant-han-dicape-16.json",
    "arborescence": {
        "audience": "Particuliers",
        "theme": "Famille",
        "dossier": "Allocations destinées aux familles",
        "sous_dossier": "Enfant gardé par un tiers",
        "titre": "Complément de libre choix du mode de garde (CMG) - Micro-crèche"
    }
}