{
    "text": "RSA jeunes parents : Si vous êtes enceinte ou si vous avez déjà un enfant à charge, vous pouvez percevoir le RSA sous certaines conditions. Il n'est pas nécessaire d'être âgé de plus de 25 ans. Le calcul du montant dépend des ressources et de la composition du foyer. Pour obtenir le RSA, il est nécessaire de faire une 1ère demande, puis d'actualiser la situation tous les trimestres. La procédure varie en fonction de la caisse d'affiliation (Caf ou CMSA). Régime agricole (MSA): Demande: Par courrier Vous devez remplir les formulaires cerfa n°15481 (ou n°15482 si vous êtes non salarié) et le cerfa n°14130 et envoyer à votre MSA . À remplir si vous êtes commerçant, artisan, exploitant non salarié agricole, ou si vous exercez une profession libérale.",
    "text_reader": "\n Si vous êtes  enceinte ou si vous avez  déjà  un enfant à charge, vous pouvez  percevoir le  RSA  sous certaines conditions. Il n'est pas nécessaire d'être âgé de plus de 25 ans. Le calcul du montant dépend des ressources et de la composition du foyer. Pour obtenir le RSA, il est nécessaire de faire une 1ère demande, puis d'actualiser la situation tous les trimestres. La procédure varie en fonction de la caisse d'affiliation (Caf ou CMSA). \n Par courrier\nVous devez remplir les formulaires cerfa n°15481 (ou n°15482 si vous êtes non salarié) et le cerfa n°14130 et envoyer à votre  MSA .\nÀ remplir si vous êtes commerçant, artisan, exploitant non salarié agricole, ou si vous exercez une profession libérale.",
    "link": "https://www.service-public.fr/particuliers/vosdroits/F33692",
    "name": "F33692--regime-agr-le-msa-21--demande-emande-7--par-courri-urrier-12.json",
    "arborescence": {
        "audience": "Particuliers",
        "theme": "Social - Santé",
        "dossier": "Revenu de solidarité active (RSA)",
        "sous_dossier": "",
        "titre": "RSA jeunes parents"
    }
}