{
    "text": "Agression sexuelle sur une personne majeure : L'agression sexuelle est une atteinte sexuelle commise sans le consentement clair et explicite de la victime. Par exemple, des attouchements. La victime peut bénéficier du soutien de différentes structures. Par téléphone: 116 006 (appel gratuit) Ouvert 7 jours sur 7 de 9h à 19h Le service est également accessible en composant le +33 (0)1 80 52 33 76 (numéro à tarification normale). ",
    "text_reader": "\n L'agression sexuelle est une atteinte sexuelle commise sans le consentement clair et explicite de la victime. Par exemple, des attouchements. La victime peut bénéficier du soutien de différentes structures. \n   116 006   (appel gratuit) Ouvert 7 jours sur 7 de 9h à 19h  \t\t\tLe service est  également accessible en composant le  +33 (0)1 80 52 33 76  (numéro à tarification normale).\n\n",
    "link": "https://www.service-public.fr/particuliers/vosdroits/F33891",
    "name": "F33891--par-teleph-ephone-13.json",
    "arborescence": {
        "audience": "Particuliers",
        "theme": "Justice",
        "dossier": "Violence - Atteinte à l'intégrité",
        "sous_dossier": "",
        "titre": "Agression sexuelle sur une personne majeure"
    }
}