{
    "text": "Lunettes et lentilles : La prise en charge des lunettes de vue ou des lentilles de contact varie en fonction de votre âge et de votre degré de correction. Si vous cassez, ou perdez, vos lunettes ou si votre vue change, vous pouvez renouveler vos lunettes, ou lentilles, auprès d'un opticien (dans le respect de la durée de validité de l'ordonnance). Les verres teintés peuvent être pris en charge dans certains cas. Lentilles de contact: Taux de remboursement: Les lentilles de contact sont remboursées à 60 % sur la base d'un forfait annuel, de date à date, par œil appareillé, fixé à 39,48 € , quel que soit le type de lentilles (réutilisables ou non, journalières ou hebdomadaires, etc.). ",
    "text_reader": "\n La prise en charge des lunettes de vue ou des lentilles de contact varie en fonction de votre âge et de votre degré de correction. Si vous  cassez, ou perdez, vos lunettes ou si votre vue change, vous pouvez renouveler vos lunettes, ou lentilles, auprès d'un opticien (dans le respect de la durée de validité de l'ordonnance). Les verres teintés peuvent être pris en charge dans certains cas. \n Les lentilles de contact sont remboursées à  60 %  sur la base d'un forfait annuel, de date à date, par œil appareillé, fixé à  39,48 € , quel que soit le type de lentilles (réutilisables ou non, journalières ou hebdomadaires, etc.).\n\n",
    "link": "https://www.service-public.fr/particuliers/vosdroits/F33950",
    "name": "F33950--lentilles--ontact-20--taux-de-re-sement-21.json",
    "arborescence": {
        "audience": "Particuliers",
        "theme": "Social - Santé",
        "dossier": "Remboursement des soins par la sécurité sociale",
        "sous_dossier": "Remboursement par type de dépense",
        "titre": "Lunettes et lentilles"
    }
}