{
    "text": "Impôt sur le revenu - Prélèvement à la source (PAS) : Par téléphone: 0809 401 401 Service gratuit + prix appel ",
    "text_reader": "  0809 401 401   Service gratuit + prix appel\n\n",
    "link": "https://www.service-public.fr/particuliers/vosdroits/F34009",
    "name": "F34009--par-teleph-ephone-13.json",
    "arborescence": {
        "audience": "Particuliers",
        "theme": "Argent",
        "dossier": "Impôt sur le revenu : calcul et paiement",
        "sous_dossier": "",
        "titre": "Impôt sur le revenu - Prélèvement à la source (PAS)"
    }
}