{
    "text": "Où consulter les résultats des contrôles sanitaires d'un restaurant ? : Le site Alim'confiance répertorie les résultats des contrôles sanitaires effectués par l'administration dans le secteur alimentaire. Les contrôles portent notamment sur l'hygiène des restaurants, boucheries, fromagers, boulangeries, cantines scolaires ou d'entreprise, abattoirs. Ces résultats sont librement accessibles à tous. Il est possible de faire une recherche par ville, rue ou par nom d'établissement. Pour chaque établissement, la date du dernier contrôle et le niveau d'hygiène établi par ce contrôle sont indiqués. Le niveau d'hygiène est noté sur 4 niveaux : Très satisfaisant si l'établissement est conforme ou présente des non-conformités mineures Satisfaisant si l'administration a délivré un simple avertissement à l'établissement (courrier de rappel de la réglementation en vue d'une amélioration des pratiques), mais n'a pas prononcé de sanctions À améliorer si l'administration a mis en demeure l'établissement de se conformer aux règles sanitaires dans un certain délai sous peine de sanction (un nouveau contrôle aura lieu pour vérifier la mise en place des mesures correctives) À corriger de manière urgente si l'établissement est susceptible de mettre en danger la santé du consommateur. L'administration a prononcé une sanction (par exemple, la fermeture de l'établissement). En cas de danger pour la santé du consommateur, des mesures d'urgence sont mises en œuvre, telles que la fermeture de l'établissement ou le retrait de l'agrément sanitaire pour une industrie agroalimentaire. Les données des contrôles sanitaires restent disponibles sur le site Alim'confiance pendant 1 an à partir de la date de réalisation du contrôle. L'affichage du niveau d'hygiène n'a pas à être affiché sur les devantures des établissements.",
    "text_reader": "Le site Alim'confiance répertorie les résultats des contrôles sanitaires effectués par l'administration dans le secteur alimentaire.\nLes contrôles portent notamment sur l'hygiène des restaurants, boucheries, fromagers, boulangeries, cantines scolaires ou d'entreprise, abattoirs.\nCes résultats sont librement accessibles à tous.\nIl est possible de faire une recherche par ville, rue ou par nom d'établissement.\nPour chaque établissement, la date du dernier contrôle et le niveau d'hygiène établi par ce contrôle sont indiqués.\nLe niveau d'hygiène est noté sur 4 niveaux :\n\n Très satisfaisant  si l'établissement est conforme ou présente des non-conformités mineures\n\n Satisfaisant  si l'administration a délivré un simple avertissement à l'établissement (courrier de rappel de la réglementation en vue d'une amélioration des pratiques), mais n'a pas prononcé de sanctions\n\n À améliorer  si l'administration a mis en demeure l'établissement de se conformer aux règles sanitaires dans un certain délai sous peine de sanction (un nouveau contrôle aura lieu pour vérifier la mise en place des mesures correctives)\n\n À corriger de manière urgente  si l'établissement est susceptible de mettre en danger la santé du consommateur. L'administration a prononcé une sanction  (par exemple, la fermeture de l'établissement).\nEn cas de danger pour la santé du consommateur, des mesures d'urgence sont mises en œuvre, telles que la fermeture de l'établissement ou le retrait de l'agrément sanitaire pour une industrie agroalimentaire.\nLes données des contrôles sanitaires restent disponibles sur le site Alim'confiance pendant 1 an à partir de la date de réalisation du contrôle.\nL'affichage du niveau d'hygiène n'a pas à être affiché sur les devantures des établissements.",
    "link": "https://www.service-public.fr/particuliers/vosdroits/F34201",
    "name": "F34201.json",
    "arborescence": {
        "audience": "Particuliers",
        "theme": "Argent",
        "dossier": "Alimentation, restauration",
        "sous_dossier": "",
        "titre": "Où consulter les résultats des contrôles sanitaires d'un restaurant ?"
    }
}