{
    "text": "Information sur les prix : Presque tous les prix sont librement déterminés par les professionnels. La contrepartie de cette liberté est l'obligation pour les professionnels d'afficher les prix de tous les produits et prestations de services afin que le consommateur fasse jouer la concurrence. ",
    "text_reader": "\n Presque tous les prix sont librement déterminés par les professionnels. La contrepartie de cette liberté est l'obligation pour les professionnels d'afficher les prix de tous les produits et prestations de services afin que le consommateur fasse jouer la concurrence. \n ",
    "link": "https://www.service-public.fr/particuliers/vosdroits/F34344",
    "name": "F34344.json",
    "arborescence": {
        "audience": "Particuliers",
        "theme": "Argent",
        "dossier": "Information et protection du consommateur",
        "sous_dossier": "",
        "titre": "Information sur les prix"
    }
}