{
    "text": "Habilitation judiciaire pour représentation du conjoint : L'habilitation du conjoint permet à l'un des époux de représenter l'autre, et d'agir ainsi en son nom. La demande se fait auprès du juge des contentieux de la protection. Il est recommandé d'avoir l'accord des enfants majeurs. Qui est concerné ?: Un époux peut ne pas être en mesure d'exprimer sa volonté au quotidien, de faire ou de comprendre des actes de la vie courante. Cela peut être lié à l'altération des capacités mentales, mais aussi à la maladie, à un handicap, un accident, une hospitalisation ou tout autre événement. L'habilitation judiciaire aux fins de représentation du conjoint permet à l'un des époux de représenter l'autre, et d'agir ainsi en son nom. L'habilitation judiciaire est applicable même si l'époux(se) dont la représentation est demandée, est déjà placé(e), en raison de son état de santé, sous un régime général de protection des personnes. Il s'agit d'une mesure applicable à tous les régimes matrimoniaux sans exception. ",
    "text_reader": "\n L'habilitation du conjoint permet à l'un des époux de représenter l'autre, et d'agir ainsi en son nom. La demande se fait auprès du juge des contentieux de la protection. Il est recommandé d'avoir l'accord des enfants majeurs. \n Un époux peut ne pas être en mesure d'exprimer sa volonté au quotidien, de faire ou de comprendre des actes de la vie courante. Cela peut être lié à l'altération des capacités mentales, mais aussi à la maladie, à un handicap, un accident, une hospitalisation ou tout autre événement. L'habilitation judiciaire aux fins de représentation du conjoint permet à l'un des époux de représenter l'autre, et d'agir ainsi en son nom. L'habilitation judiciaire est applicable même si l'époux(se) dont la représentation est demandée, est déjà placé(e), en raison de son état de santé,  sous un régime général de protection des personnes. Il s'agit d'une mesure applicable à tous les régimes matrimoniaux sans exception.\n\n",
    "link": "https://www.service-public.fr/particuliers/vosdroits/F34327",
    "name": "F34327--qui-est-co-ncerne-18.json",
    "arborescence": {
        "audience": "Particuliers",
        "theme": "Famille",
        "dossier": "Protection juridique (tutelle, curatelle...)",
        "sous_dossier": "",
        "titre": "Habilitation judiciaire pour représentation du conjoint"
    }
}