{
    "text": "Impôt sur le revenu - Calcul de l'impôt : L'impôt brut est calculé grâce à un barème progressif. Le montant obtenu est ensuite corrigé (plafonnement, décote) pour déterminer l'impôt net à payer. Calculer votre revenu net imposable: Revenu net imposable = revenu net global - abattements spéciaux Ces abattements spéciaux concernent notamment les personnes âgées ou invalides. Vous pouvez également être concerné si vous rattachez à votre foyer fiscal votre enfant marié ou chargé de famille. Abattement pour les parents rattachant leur enfant marié Vous bénéficiez d'un abattement si vous rattachez à votre foyer fiscal : votre enfant marié ou partenaire d'un Pacs, avec ou sans enfant ou votre enfant chargé de famille. Votre enfant doit par ailleurs : avoir moins de 21 ans, ou moins de 25 ans s'il poursuit des études ou, quel que soit son âge, s'il effectue son service national. Vous pouvez ainsi bénéficier d'un abattement de 5 947 € .",
    "text_reader": "\n L'impôt brut est calculé grâce à un barème progressif. Le montant obtenu est ensuite corrigé (plafonnement, décote) pour déterminer l'impôt net à payer. \n Revenu net imposable =  revenu net global - abattements spéciaux   Ces abattements spéciaux concernent notamment les personnes âgées ou invalides. Vous pouvez également être concerné si vous rattachez  à votre foyer fiscal votre enfant marié ou chargé de famille.\n\nAbattement pour les parents rattachant leur enfant marié\nVous bénéficiez d'un abattement si vous rattachez à votre foyer fiscal :\nvotre enfant marié ou partenaire d'un Pacs, avec ou sans enfant\nou votre enfant chargé de famille.\nVotre enfant doit par ailleurs :\navoir moins de 21 ans, ou moins de 25 ans s'il poursuit des études\nou, quel que soit son âge, s'il effectue son service national.\nVous pouvez ainsi bénéficier d'un abattement de  5 947 € .",
    "link": "https://www.service-public.fr/particuliers/vosdroits/F34328",
    "name": "F34328--calculer-v-osable-35--abattement--marie-56.json",
    "arborescence": {
        "audience": "Particuliers",
        "theme": "Argent",
        "dossier": "Impôt sur le revenu : calcul et paiement",
        "sous_dossier": "",
        "titre": "Impôt sur le revenu - Calcul de l'impôt"
    }
}