{
    "text": "Complément de loyer : quelles sont les règles ? : Le propriétaire peut faire payer un un complément de loyer lorsque le logement présente des caractéristiques exceptionnelles par rapport aux logements voisins. Cette possibilité ne s'applique que pour un logement situé à Paris, ou Lille, ou Hellemmes ou Lomme et selon la date de signature du bail. Le locataire peut contester le complément de loyer , s'il estime que le complément de loyer demandé n'est pas justifié. Il doit alors respecter une procédure spécifique. À Paris: Contestation: La possibilité de contester le complément de loyer dépend de la date de signature du bail (1 re mise en location, renouvellement du bail ou remise en location). Après juin 2019 Le locataire peut contester le complément de loyer en saisissant préalablement la commission départementale de conciliation dans un délai de 3 mois à partir de la date de signature du bail. C'est au propriétaire de prouver que le complément de loyer est justifié. Si la commission de conciliation parvient à un accord, le montant du loyer est celui fixé par le document de conciliation délivré par la commission. Ce nouveau montant s'applique à partir de la date d'entrée en vigueur du bail. Si le désaccord persiste, le locataire a 3 mois à partir de la réception de l'avis de la commission pour demander, au juge des contentieux de la protection du tribunal dont dépend le logement, d'annuler ou de diminuer le complément de loyer . Le montant du loyer fixé par la décision du juge s'applique à partir de la date d'entrée en vigueur du bail. en cas de bail mobilité , le recours préalable à la commission de conciliation n'est pas possible.",
    "text_reader": "\n Le propriétaire peut faire payer un un   complément de loyer  lorsque le logement présente des caractéristiques exceptionnelles par rapport aux logements voisins. Cette possibilité ne s'applique que pour un  logement situé à Paris, ou Lille, ou Hellemmes ou Lomme et selon la date de signature du bail. Le locataire peut contester le  complément de loyer , s'il estime que le  complément de loyer  demandé n'est pas justifié. Il doit alors respecter une procédure spécifique. \n La possibilité de contester le  complément de loyer  dépend de la date de signature du bail (1 re  mise en location, renouvellement du bail ou remise en location).\n\nAprès juin 2019\nLe locataire peut  contester le  complément de loyer  en saisissant préalablement  la  commission départementale de conciliation  dans un délai de 3 mois à partir de  la date de signature du bail.  C'est au  propriétaire de prouver que le  complément de loyer  est justifié.\nSi la  commission de conciliation  parvient à un accord,  le montant du loyer  est celui fixé par le document de conciliation délivré par la commission. Ce nouveau montant  s'applique à partir  de la date d'entrée en vigueur du bail.\nSi le désaccord persiste,    le locataire a 3 mois à partir  de la réception de l'avis de la commission pour demander, au   juge des contentieux de la protection  du tribunal dont dépend  le logement, d'annuler ou de diminuer le  complément de loyer . Le montant du loyer fixé par la décision du juge  s'applique à partir de la date d'entrée en vigueur du bail.\nen cas de  bail mobilité , le recours préalable à la  commission de conciliation  n'est pas possible.",
    "link": "https://www.service-public.fr/particuliers/vosdroits/F34401",
    "name": "F34401--a-paris--paris-7--contestati-tation-12--apres-juin-n-2019-15.json",
    "arborescence": {
        "audience": "Particuliers",
        "theme": "Logement",
        "dossier": "Location immobilière : loyer",
        "sous_dossier": "",
        "titre": "Complément de loyer : quelles sont les règles ?"
    }
}