{
    "text": "Forfait post-stationnement en cas de stationnement non payé : Le forfait post stationnement (FPS) remplace l'amende de 17 € en cas de stationnement non payé ou insuffisamment réglé. Le montant du FPS varie d'une commune à l'autre. Il est à payer dans un délai de 3 mois. Le montant peut être minoré si vous payez rapidement. Le montant est majoré si vous payez avec retard. Vous pouvez contester le FPS via un recours administratif préalable obligatoire (Rapo). Si le Rapo n'aboutit pas, vous pouvez saisir la Commission du contentieux du stationnement payant (CCSP). Par télécopie: 05 44 24 80 51 Toutefois, vous devez adresser un double de votre dossier dans un délai de 15 jours à la CCSP, par courrier ou en ligne. ",
    "text_reader": "\n Le forfait post stationnement (FPS) remplace l'amende de  17 €  en cas de stationnement non payé ou insuffisamment réglé. Le montant du  FPS  varie d'une commune à l'autre. Il est à payer dans un délai de 3 mois. Le montant peut être minoré si vous payez rapidement. Le montant est majoré si vous payez avec retard. Vous pouvez contester le FPS via un recours administratif préalable obligatoire (Rapo). Si le Rapo n'aboutit pas, vous pouvez saisir la Commission du contentieux du stationnement payant (CCSP). \n 05 44 24 80 51 Toutefois, vous devez adresser un double de votre dossier  dans un délai de 15 jours à la CCSP, par courrier ou en ligne.\n\n",
    "link": "https://www.service-public.fr/particuliers/vosdroits/F34440",
    "name": "F34440--par-teleco-ecopie-13.json",
    "arborescence": {
        "audience": "Particuliers",
        "theme": "Transports",
        "dossier": "Infractions routières",
        "sous_dossier": "Stationnement",
        "titre": "Forfait post-stationnement en cas de stationnement non payé"
    }
}