{
    "text": "Colocation : quelles sont les règles ? : Une colocation est la location par plusieurs locataires ( colocataires ) d'un même logement devenant leur résidence principale. Elle peut prendre la forme d'un bail unique signé par les tous colocataires, ou d'autant de contrats de location qu'il y a de colocataires. Dans les 2 cas, la colocation obéit à des règles spécifiques. La location d'un logement par un seul couple pacsé au moment de la signature du bail ou par un seul couple marié n'est pas une colocation. Un bail unique: Départ de tous les colocataires: Les colocataires adressent au propriétaire un préavis (ou congé ) commun (avec tous les noms et signatures) en respectant les conditions de forme et de délais Il peuvent aussi envoyer un préavis (ou congé ) individuel par colocataire, en respectant les conditions de forme et de délais . Dans ce cas, il est nécessaire de bien envoyer tous les courriers en même temps. ",
    "text_reader": "\n Une colocation est la location par plusieurs locataires ( colocataires )  d'un même logement devenant  leur résidence principale. Elle peut prendre la forme d'un bail unique signé par les tous colocataires, ou d'autant de  contrats de location qu'il y a de colocataires. Dans les 2 cas, la colocation obéit à des règles spécifiques. La location d'un logement par un seul couple pacsé au moment de la signature du bail ou par  un seul couple marié n'est pas une colocation. \n Les colocataires adressent au propriétaire un  préavis (ou   congé ) commun (avec tous les noms et signatures) en respectant les  conditions de forme et de délais   Il peuvent aussi envoyer    un préavis (ou  congé ) individuel par colocataire, en respectant les  conditions de forme et de délais . Dans ce cas, il est nécessaire de bien envoyer tous les courriers en même temps.\n\n",
    "link": "https://www.service-public.fr/particuliers/vosdroits/F34661",
    "name": "F34661--un-bail-un-unique-14--depart-de--taires-31.json",
    "arborescence": {
        "audience": "Particuliers",
        "theme": "Logement",
        "dossier": "Location immobilière : contrat de location (bail)",
        "sous_dossier": "",
        "titre": "Colocation : quelles sont les règles ?"
    }
}