{
    "text": "Colocation : quelles sont les règles ? : Une colocation est la location par plusieurs locataires ( colocataires ) d'un même logement devenant leur résidence principale. Elle peut prendre la forme d'un bail unique signé par les tous colocataires, ou d'autant de contrats de location qu'il y a de colocataires. Dans les 2 cas, la colocation obéit à des règles spécifiques. La location d'un logement par un seul couple pacsé au moment de la signature du bail ou par un seul couple marié n'est pas une colocation. Un bail unique: Paiement des charges locatives: Les charges locatives sont à payer au propriétaire selon la forme indiquée dans le bail : Soit sous forme de provisions pour charges, avec régularisation annuelle Soit sous la forme d'un forfait à verser simultanément au loyer par forfait Le montant du forfait doit être inscrit dans le bail. Il ne peut pas être manifestement disproportionné au regard du montant de charges appliqué au précédent locataire. Le forfait ne peut pas donner lieu à complément ou à régularisation ultérieure. Son montant peut être révisé chaque année aux mêmes conditions que le loyer principal . Son versement est fait en même temps que le loyer. La périodicité est prévue dans le bail.",
    "text_reader": "\n Une colocation est la location par plusieurs locataires ( colocataires )  d'un même logement devenant  leur résidence principale. Elle peut prendre la forme d'un bail unique signé par les tous colocataires, ou d'autant de  contrats de location qu'il y a de colocataires. Dans les 2 cas, la colocation obéit à des règles spécifiques. La location d'un logement par un seul couple pacsé au moment de la signature du bail ou par  un seul couple marié n'est pas une colocation. \n Les  charges locatives    sont à payer  au propriétaire selon  la forme indiquée dans le bail : Soit sous forme de provisions pour charges, avec régularisation annuelle Soit sous la forme d'un forfait à verser simultanément au loyer\n\nPaiement par forfait\nLe montant du forfait doit être inscrit dans le bail. Il ne peut pas être manifestement disproportionné au regard du montant de charges appliqué au précédent locataire.\nLe forfait ne peut pas donner lieu à complément ou à régularisation ultérieure.\nSon montant peut être   révisé chaque année aux mêmes conditions que le loyer principal .\nSon versement est fait en même temps que le loyer. La périodicité est prévue dans le bail.",
    "link": "https://www.service-public.fr/particuliers/vosdroits/F34661",
    "name": "F34661--un-bail-un-unique-14--paiement-d-atives-30--paiement-p-orfait-20.json",
    "arborescence": {
        "audience": "Particuliers",
        "theme": "Logement",
        "dossier": "Location immobilière : contrat de location (bail)",
        "sous_dossier": "",
        "titre": "Colocation : quelles sont les règles ?"
    }
}