{
    "text": "Drone : règles de pilotage à respecter : Un drone est un engin volant sans passagers, piloté à distance. Certains drones de loisir nécessitent une autorisation pour voler. Dans tous les cas, un certain nombre de règles conditionnent leur pilotage. Certaines zones sont interdites au vol et d'autres soumises à restrictions. En cas d'incident, votre responsabilité peut être engagée. Si le poids de votre drone est supérieur ou égal à 800 grammes, vous devez l'enregistrer et suivre une formation en ligne. Cas général: Hauteur de vol: En dehors des sites d'aéromodélisme, la hauteur maximale est de 150 mètres. Elle est inférieure aux alentours des aérodromes et dans certaines zones d'entraînement de l'aviation militaire. Pendant leurs horaires d'activation, elle est limitée à moins de 50 mètres. Il faut avant tout vol vérifier la hauteur maximale autorisée à l'endroit souhaité. Vous pouvez procéder à ces vérifications sur le Géoportail dédié en ligne. En cas de violation des règles de sécurité et des interdictions de survol, vous risquez de 1 à 6 mois d'emprisonnement et de 15 000 € à 75 000 € d'amende et vous faire confisquer votre drone. ",
    "text_reader": "\n Un drone est un engin volant sans passagers, piloté à distance. Certains drones de loisir nécessitent une autorisation pour voler. Dans tous les cas, un certain nombre de règles conditionnent leur pilotage. Certaines zones sont interdites au vol et d'autres soumises à restrictions. En cas d'incident, votre responsabilité peut être engagée. Si le poids de votre drone est supérieur ou égal à 800 grammes, vous devez l'enregistrer et suivre une formation en ligne. \n En dehors des sites d'aéromodélisme, la hauteur maximale  est de 150 mètres. Elle est inférieure aux alentours des aérodromes et dans certaines zones d'entraînement de l'aviation militaire. Pendant leurs horaires d'activation, elle est limitée à moins de 50 mètres. Il faut avant tout vol vérifier la hauteur maximale autorisée à l'endroit souhaité. Vous pouvez procéder à ces vérifications sur le Géoportail dédié en ligne. En cas de violation des règles de sécurité et des interdictions de survol, vous risquez de 1 à 6 mois d'emprisonnement et de  15 000 €  à  75 000  €  d'amende et vous faire confisquer votre drone.\n\n",
    "link": "https://www.service-public.fr/particuliers/vosdroits/F34630",
    "name": "F34630--cas-genera-eneral-11--hauteur-de-de-vol-14.json",
    "arborescence": {
        "audience": "Particuliers",
        "theme": "Loisirs",
        "dossier": "Sport",
        "sous_dossier": "Règles spécifiques de sécurité",
        "titre": "Drone : règles de pilotage à respecter"
    }
}