{
    "text": "Que faire si vous n'arrivez pas à faire votre démarche de carte grise en ligne ? : Des points numériques (avec ordinateurs, imprimantes et scanners) sont mis à votre disposition dans chaque préfecture et dans la plupart des sous-préfectures. Vous pouvez y accomplir la démarche, aidé par des médiateurs si vous rencontrez des difficultés avec l'utilisation d'internet. Vous pouvez aussi être accompagné dans votre démarche dans une maison de services au public. Pour certaines démarches relatives à la carte grise, vous pouvez également faire appel à un professionnel de l'automobile habilité par le ministère de l'intérieur . Il vous facturera une somme correspondant à l'opération qu'il réalise à votre place. Cette somme est librement fixée par ce professionnel.",
    "text_reader": "Des  points numériques \n\n (avec ordinateurs, imprimantes et scanners) sont mis à votre disposition dans chaque préfecture et dans la plupart des sous-préfectures. Vous pouvez y accomplir la démarche, aidé par des médiateurs si vous rencontrez des difficultés avec l'utilisation d'internet.\nVous pouvez aussi être accompagné dans votre démarche dans une maison de services au public.\nPour certaines démarches relatives à la carte grise, vous pouvez également  faire appel à un professionnel de l'automobile habilité par le ministère de l'intérieur . Il vous facturera une somme correspondant à l'opération qu'il réalise à votre place. Cette somme est librement fixée par ce professionnel.",
    "link": "https://www.service-public.fr/particuliers/vosdroits/F34743",
    "name": "F34743.json",
    "arborescence": {
        "audience": "Particuliers",
        "theme": "Transports",
        "dossier": "Carte grise (certificat d'immatriculation)",
        "sous_dossier": "",
        "titre": "Que faire si vous n'arrivez pas à faire votre démarche de carte grise en ligne ?"
    }
}