{
    "text": "Un particulier peut-il tuer lui-même un animal pour le manger ? : Non, un particulier n'a pas le droit de tuer lui-même un animal (poule, mouton, etc.) pour le manger. Seuls, les éleveurs de volaille, de lapins, de moutons, de chèvres ou de porcs peuvent tuer eux-mêmes un animal qu'ils ont élevés. La totalité de l'animal doit être destinée à leur consommation familiale.",
    "text_reader": "Non, un particulier n'a pas le droit de tuer lui-même un animal (poule, mouton, etc.) pour le manger.\nSeuls, les éleveurs de volaille, de lapins, de moutons, de chèvres ou de porcs peuvent tuer eux-mêmes un animal qu'ils ont élevés. La totalité de l'animal doit être destinée à leur consommation familiale.",
    "link": "https://www.service-public.fr/particuliers/vosdroits/F34981",
    "name": "F34981.json",
    "arborescence": {
        "audience": "Particuliers",
        "theme": "Loisirs",
        "dossier": "Animal de compagnie",
        "sous_dossier": "",
        "titre": "Un particulier peut-il tuer lui-même un animal pour le manger ?"
    }
}