{
    "text": "Titres-restaurant dans la fonction publique : quelles sont les règles ? : Le titre-restaurant (Ticket restaurant, Chèque déjeuner, Pass restaurant, etc.) est un titre de paiement qui vous permet de payer votre repas, si vous n'avez pas de cantine. La remise de titres-restaurant n'est pas une obligation pour l'employeur. Attribution: L'administration employeur n'est pas obligée de remettre des titres-restaurant à ses agents. Elle peut choisir de mettre à leur disposition une cantine ou une salle de restauration. Si votre administration a choisi d'accorder des titres-restaurant, vous avez droit à un titre par repas compris dans votre horaire de travail journalier. Les titres-restaurant sont accordés que vous travaillez à temps plein ou à temps partiel et que vous soyez fonctionnaire (titulaire ou stagiaire) ou contractuel. Vous n'êtes pas obligé d'accepter les titres-restaurant. Si vous ne souhaitez pas utiliser de titres, il est recommandé d'en informer votre employeur par écrit. Le titre-restaurant est partiellement financé par l'employeur, qui prend à sa charge entre 50 % et 60 % de sa valeur. Les titres-restaurant peuvent vous être remis sous plusieurs formats : Tickets papier sous forme de chéquier Carte à puce prépayée et rechargeable (utilisable dans les mêmes terminaux que les cartes bancaires) Accès à une application sur votre téléphone mobile ( smartphone ) Lorsque vous bénéficiez d'une carte ou d'une application sur votre smartphone , vous pouvez gratuitement accéder (par SMS par exemple) au solde de votre compte personnel de titres-restaurant. ",
    "text_reader": "\n Le titre-restaurant (Ticket restaurant, Chèque déjeuner, Pass restaurant, etc.) est un titre de paiement qui vous permet de payer votre repas, si vous n'avez pas de cantine. La remise de titres-restaurant n'est pas une obligation pour l'employeur. \n L'administration employeur n'est pas obligée de remettre des titres-restaurant à ses agents. Elle peut choisir de mettre à leur disposition une cantine ou une salle de restauration. Si votre administration a choisi d'accorder des titres-restaurant, vous avez droit à un titre par repas compris dans votre horaire de travail journalier. Les titres-restaurant sont accordés que vous travaillez à temps plein ou à temps partiel et que vous soyez fonctionnaire (titulaire ou stagiaire) ou contractuel. Vous n'êtes pas obligé d'accepter les titres-restaurant. Si vous ne souhaitez pas utiliser de titres, il est recommandé d'en informer votre employeur par écrit. Le titre-restaurant est partiellement  financé par l'employeur, qui  prend à sa charge entre  50 %  et  60 %  de sa valeur. Les titres-restaurant peuvent vous être remis sous plusieurs formats : Tickets papier sous forme de chéquier Carte à puce prépayée et rechargeable (utilisable dans les mêmes terminaux que les cartes bancaires) Accès à une application sur votre téléphone mobile ( smartphone ) Lorsque vous bénéficiez d'une carte  ou d'une application sur votre  smartphone , vous pouvez gratuitement  accéder (par SMS par exemple) au solde de votre compte personnel de titres-restaurant.\n\n",
    "link": "https://www.service-public.fr/particuliers/vosdroits/F34956",
    "name": "F34956--attributio-bution-11.json",
    "arborescence": {
        "audience": "Particuliers",
        "theme": "Travail",
        "dossier": "Conditions de travail dans la fonction publique",
        "sous_dossier": "",
        "titre": "Titres-restaurant dans la fonction publique : quelles sont les règles ?"
    }
}