{
    "text": "Plan d'épargne retraite (PER) : Le PER est un nouveau produit d'épargne retraite. Il est disponible depuis le 1 er octobre 2019 et remplacera progressivement les autres plans d'épargne retraite. Le PER se décline sous 3 formes : un PER individuel, et deux PER d'entreprise. Le PER individuel succède au Perp et au contrat Madelin . Le PER d'entreprise collectif succède au Perco . Le PER d'entreprise obligatoire succède au contrat article 83 . Vous pouvez transférer l'épargne des anciens plans déjà ouverts sur votre nouveau PER. PER d'entreprise collectif: De quoi s'agit-il ?: Le PER d'entreprise collectif est un produit d'épargne à long terme. Il vous permet d'économiser pendant votre période d'activité pour obtenir, avec l'aide de votre entreprise, un capital ou une rente à l'âge de la retraite. ",
    "text_reader": "\n Le  PER      est un nouveau produit d'épargne retraite. Il est disponible depuis le 1 er  octobre 2019 et remplacera progressivement les autres plans d'épargne retraite. Le PER se décline sous 3 formes : un PER individuel, et deux PER d'entreprise. Le PER individuel succède au  Perp  et au  contrat Madelin . Le PER d'entreprise collectif succède au  Perco . Le  PER d'entreprise obligatoire succède au  contrat article 83 . Vous pouvez transférer l'épargne des anciens plans déjà ouverts   sur votre nouveau  PER. \n Le PER d'entreprise collectif est un produit d'épargne à long terme. Il vous permet d'économiser pendant votre période d'activité pour obtenir, avec l'aide de votre entreprise, un  capital  ou une  rente  à l'âge de la retraite.\n\n",
    "link": "https://www.service-public.fr/particuliers/vosdroits/F34982",
    "name": "F34982--per-dentre-lectif-26--de-quoi-sa-git-il-19.json",
    "arborescence": {
        "audience": "Particuliers",
        "theme": "Argent",
        "dossier": "Épargne salariale, participation et intéressement",
        "sous_dossier": "Plans d'épargne salariale",
        "titre": "Plan d'épargne retraite (PER)"
    }
}