{
    "text": "Que faire si une société de recouvrement vous réclame de l'argent ? : Si vous devez de l'argent et que vous ne remboursez pas votre dette, une société de recouvrement peut vous contacter pour vous réclamer de payer la somme due. Cette société est chargée par la personne à qui vous devez de l'argent, de vous réclamer cette somme à sa place. En conséquence, les frais liés à l'intervention de la société de recouvrement ne doivent pas vous être facturés. Moyens d'action de la société de recouvrement: La société de recouvrement peut réclamer la somme due : par courrier (lettres de mise en demeure de payer), ou par téléphone. La première lettre (courrier simple ou recommandé avec accusé de réception) envoyée par la société de recouvrement doit obligatoirement indiquer les informations suivantes : Nom, adresse ou siège social de la société, et le fait qu'elle exerce une activité de recouvrement amiable Nom, adresse ou siège social du créancier Origine et montant des sommes dues (montant principal, intérêts éventuels et sommes accessoires) Fait d'avoir à payer la somme due et les exigences de paiement de cette dette (délais, lieu, ...), Texte suivant : Les frais de recouvrement entrepris sans titre exécutoire restent à la charge du créancier, sauf s'ils concernent un acte dont l'accomplissement est prescrit par la loi au créancier. Toute stipulation contraire est réputée non écrite, sauf disposition législative contraire. Cependant, le créancier qui justifie du caractère nécessaire des démarches entreprises pour recouvrer sa créance peut demander au juge de l'exécution de laisser tout ou partie des frais ainsi exposés à la charge du débiteur de mauvaise foi. les frais de rédaction et d'envoi de cette lettre ne doivent pas vous être facturés. Lors de toute démarche ultérieure auprès du débiteur, la société de recouvrement doit rappeler la date d'envoi et la référence de cette lettre. ",
    "text_reader": "\n Si vous devez de l'argent  et que vous ne remboursez pas votre dette, une société de recouvrement peut vous contacter pour vous réclamer de  payer la somme due. Cette société est chargée  par la personne à qui vous devez de l'argent, de vous réclamer cette somme à sa place. En conséquence, les frais liés à l'intervention de la société de recouvrement ne doivent pas vous être facturés. \n La société de recouvrement peut réclamer la somme due : par courrier (lettres de mise en demeure de payer), ou par téléphone. La première lettre   (courrier simple ou recommandé avec accusé de réception) envoyée par la société de  recouvrement doit obligatoirement indiquer les informations suivantes : Nom, adresse ou siège social de la société, et  le  fait qu'elle exerce une activité de recouvrement amiable Nom, adresse ou siège social du  créancier   Origine et montant des sommes dues (montant principal, intérêts éventuels et sommes accessoires) Fait d'avoir à payer la somme due et les exigences de paiement de  cette dette (délais, lieu, ...), Texte suivant :  Les frais de recouvrement entrepris sans titre exécutoire restent à la charge du créancier, sauf s'ils concernent un acte dont l'accomplissement est prescrit par la loi au créancier. Toute stipulation contraire est réputée non écrite, sauf disposition législative contraire.    Cependant, le créancier qui justifie du caractère nécessaire des démarches entreprises pour recouvrer sa créance peut demander au juge de l'exécution de laisser tout ou partie des frais ainsi exposés à la charge du débiteur de mauvaise foi.   les frais de rédaction et d'envoi de cette lettre ne doivent pas vous être  facturés. Lors de  toute démarche ultérieure  auprès du débiteur, la société de recouvrement doit rappeler la date d'envoi et la référence de cette lettre.\n\n",
    "link": "https://www.service-public.fr/particuliers/vosdroits/F35106",
    "name": "F35106--moyens-dac-rement-45.json",
    "arborescence": {
        "audience": "Particuliers",
        "theme": "Justice",
        "dossier": "Saisies et recouvrements",
        "sous_dossier": "",
        "titre": "Que faire si une société de recouvrement vous réclame de l'argent ?"
    }
}