{
    "text": "Que faire si une société de recouvrement vous réclame de l'argent ? : Si vous devez de l'argent et que vous ne remboursez pas votre dette, une société de recouvrement peut vous contacter pour vous réclamer de payer la somme due. Cette société est chargée par la personne à qui vous devez de l'argent, de vous réclamer cette somme à sa place. En conséquence, les frais liés à l'intervention de la société de recouvrement ne doivent pas vous être facturés. Réponses à la société de recouvrement: Demander conseil Vous avez la possibilité de demander l'aide d'un avocat ou d'un huissier. Il existe des consultations gratuites dans une maison de justice et du droit ou en mairie. Rembourser la dette Lorsque que vous remboursez votre dette (en totalité ou en partie) à la société de recouvrement, celle-ci doit vous remettre gratuitement une quittance attestant du paiement effectué. Elle reverse ensuite la somme au créancier. Vous pouvez choisir de payer directement le créancier. Dans ce cas, il faut en informer la société de recouvrement. La société de recouvrement ne peut pas vous facturer les frais qu'elle engage pour vous contacter (exemple : frais de rédaction et d'envoi d'un courrier recommandé). Ces frais doivent être facturés au créancier qui a engagé la société de recouvrement. Si vous ne pouvez pas rembourser votre dette, vous pouvez demander à la société de recouvrement ou au créancier de vous accorder un délai de paiement. si vous ne remboursez pas intégralement la dette, le créancier peut choisir d'engager une procédure judiciaire (démarche auprès du tribunal) pour obtenir la saisie de la somme due. Cette procédure engendre des frais qui sont facturés au débiteur .",
    "text_reader": "\n Si vous devez de l'argent  et que vous ne remboursez pas votre dette, une société de recouvrement peut vous contacter pour vous réclamer de  payer la somme due. Cette société est chargée  par la personne à qui vous devez de l'argent, de vous réclamer cette somme à sa place. En conséquence, les frais liés à l'intervention de la société de recouvrement ne doivent pas vous être facturés. \n Réponses à la société de recouvrement\nDemander conseil\nVous avez la possibilité de demander l'aide d'un avocat ou d'un huissier. Il existe des consultations gratuites dans une maison de justice et du droit ou en mairie.\nRembourser la dette\nLorsque que vous remboursez votre dette (en totalité  ou en partie) à la société de  recouvrement, celle-ci doit vous  remettre gratuitement une quittance attestant du paiement effectué. Elle reverse ensuite la somme  au créancier.\nVous pouvez  choisir de payer directement le créancier. Dans ce cas, il faut en informer la société de recouvrement.\nLa société de recouvrement ne peut pas vous facturer les frais qu'elle engage pour vous contacter (exemple : frais de rédaction et d'envoi d'un courrier recommandé). Ces frais doivent être facturés au  créancier  qui a engagé la société de recouvrement.\nSi vous ne pouvez pas rembourser votre dette, vous pouvez demander à la société de recouvrement ou au   créancier  de vous accorder un délai de paiement.\nsi vous ne  remboursez pas  intégralement la   dette, le  créancier  peut choisir  d'engager une  procédure judiciaire (démarche auprès du  tribunal)  pour obtenir la saisie de la somme due. Cette procédure engendre des frais qui sont facturés au  débiteur .",
    "link": "https://www.service-public.fr/particuliers/vosdroits/F35106",
    "name": "F35106--reponses-a-rement-37.json",
    "arborescence": {
        "audience": "Particuliers",
        "theme": "Justice",
        "dossier": "Saisies et recouvrements",
        "sous_dossier": "",
        "titre": "Que faire si une société de recouvrement vous réclame de l'argent ?"
    }
}