{
    "text": "Permis de conduire à points : comment faire une réclamation ? : La procédure pour faire une réclamation en matière de permis de conduire varie selon les situations. Vous pouvez contester avoir commis une infraction et devoir payer une amende, un retrait de points, une suspension ou une annulation du permis, récupérer vos points après un stage. Vous pouvez faire une réclamation s'il y a une erreur sur votre permis. Contester une amende: Votre véhicule a été volé, détruit, vendu ou vous êtes victime d'une usurpation de plaques Vous pouvez contester l'amende en ligne ou par courrier si votre véhicule a été volé, détruit, vendu ou vous êtes victime d'une usurpation de plaques . Permet de contester en ligne une amende forfaitaire ou une amende forfaitaire majorée ou de désigner un autre conducteur. Attention : vous ne pouvez plus contester si vous avez payé l'amende. En effet, payer l'amende signifie que vous reconnaissez avoir commis une infraction.",
    "text_reader": "\n La procédure pour faire une réclamation en matière de permis de conduire varie selon les situations. Vous pouvez contester avoir commis une infraction et devoir payer une amende, un retrait de points, une suspension ou une annulation du permis, récupérer vos points après un stage. Vous pouvez faire une réclamation s'il y a une erreur sur votre permis. \n Votre véhicule a été volé, détruit, vendu ou vous êtes victime d'une usurpation de plaques\nVous pouvez contester  l'amende en ligne ou par courrier si votre véhicule a été volé, détruit, vendu ou vous êtes victime d'une  usurpation de plaques .\nPermet de contester en ligne une amende forfaitaire ou une amende forfaitaire majorée ou de désigner un autre conducteur.\nAttention : vous ne pouvez plus contester si vous avez payé l'amende. En effet, payer l'amende signifie que vous reconnaissez avoir commis une infraction.",
    "link": "https://www.service-public.fr/particuliers/vosdroits/F35218",
    "name": "F35218--contester--amende-20--votre-vehi-laques-90.json",
    "arborescence": {
        "audience": "Particuliers",
        "theme": "Transports",
        "dossier": "Infractions routières",
        "sous_dossier": "",
        "titre": "Permis de conduire à points : comment faire une réclamation ?"
    }
}