{
    "text": "Prime \"Coup de pouce thermostat avec régulation performante\" : La prime Coup de pouce thermostat avec régulation performante est versée en cas d'installation d'un thermostat programmable dans un logement équipé d'un système de chauffage individuel. Elle concerne les propriétaires de leur logement. L'installation doit être faite par un professionnel. Le montant de la prime est de 150 € . La prime n'est pas cumulable avec d'autres dispositifs (par exemple, prime Coup de pouce économies d'énergie . De quoi s'agit-il ?: La prime Coup de pouce thermostat avec régulation performante est versée en cas d'installation d'un thermostat programmable dans un logement équipé d'un système de chauffage individuel. Elle est versée par les signataires de la charte Coup de pouce thermostat avec régulation performante , c'est-à-dire principalement les vendeurs d'énergie (ou leur partenaire). Cette prime a pour objectif d'inciter financièrement les consommateurs à réguler l'utilisation de leur équipement de chauffage pour diminuer leur consommation d'énergie et leur facture énergétique. Cette prime peut être demandée jusqu'au 31 décembre 2021 . ",
    "text_reader": "\n La prime  Coup de pouce thermostat avec régulation performante  est versée en cas d'installation d'un thermostat programmable dans un logement équipé d'un système de chauffage individuel. Elle concerne les propriétaires de leur logement. L'installation doit être faite par un professionnel. Le montant de la prime est de  150 € . La prime n'est pas cumulable avec d'autres dispositifs (par exemple, prime  Coup de pouce économies d'énergie . \n La prime  Coup de pouce thermostat avec régulation performante  est versée en cas d'installation d'un thermostat programmable dans un logement équipé d'un système de chauffage individuel. Elle est versée par les signataires de la charte   Coup de pouce thermostat avec régulation performante , c'est-à-dire principalement les vendeurs d'énergie (ou leur partenaire). Cette prime a pour objectif d'inciter financièrement les consommateurs à réguler l'utilisation de leur équipement de chauffage pour diminuer leur consommation d'énergie et leur facture énergétique. Cette prime peut être demandée jusqu'au  31 décembre 2021 .\n\n",
    "link": "https://www.service-public.fr/particuliers/vosdroits/F35338",
    "name": "F35338--de-quoi-sa-git-il-19.json",
    "arborescence": {
        "audience": "Particuliers",
        "theme": "Logement",
        "dossier": "Aides et prêts pour l'amélioration et la rénovation énergétique de l'habitat",
        "sous_dossier": "Aides financières",
        "titre": "Prime \"Coup de pouce thermostat avec régulation performante\""
    }
}