{
    "text": "Prime \"Coup de pouce thermostat avec régulation performante\" : La prime Coup de pouce thermostat avec régulation performante est versée en cas d'installation d'un thermostat programmable dans un logement équipé d'un système de chauffage individuel. Elle concerne les propriétaires de leur logement. L'installation doit être faite par un professionnel. Le montant de la prime est de 150 € . La prime n'est pas cumulable avec d'autres dispositifs (par exemple, prime Coup de pouce économies d'énergie . Démarche: Vous devez sélectionner une entreprise signataire de la charte Coup de pouce thermostat avec régulation performante (ou un de ses partenaires). Ce sont principalement les vendeurs d'énergie. Ensuite, vous devez accepter l'offre de l'entreprise signataire (ou de son partenaire) correspondant à vos travaux d'installation avant de signer le devis de vos travaux. Puis vous devez signer le devis proposé par le professionnel que vous avez choisi pour vos travaux. L'installation doit inclure : pour un système de chauffage avec boucle d'eau chaude, une régulation de température de classes VI, VII ou VIII, pour un système de chauffage sans boucle d'eau chaude, une régulation automatique de la température par pièce ou, si cela est justifié, par zone de chauffage. Les classes sont définies de la manière suivante : VI correspond à la régulation sur température extérieure et sonde d'ambiance, utilisée avec des émetteurs de chaleur modulant VII correspond à la régulation sur température extérieure et sonde d'ambiance, utilisée avec des émetteurs de chaleur ON/OFF VIII correspond à la régulation multi-zones par sondes de température, utilisée avec des émetteurs de chaleur modulant La facture doit mentionner les éléments suivants : Mise en place d'un programmateur par intermittence au sens de la norme de l'Association française de normalisation (Afnor) EN 12098-5 Classe de régulation de température de l'équipement ou intégration d'une régulation automatique par pièce ou zone de chauffage, selon la nature du système de chauffage Enfin, vous devez envoyer la facture à l'entreprise signataire de la charte (ou à son partenaire) que vous avez sélectionnée. pour vous aider dans votre démarche, vous pouvez gratuitement faire appel à un conseiller spécialisé en rénovation énergétique. ",
    "text_reader": "\n La prime  Coup de pouce thermostat avec régulation performante  est versée en cas d'installation d'un thermostat programmable dans un logement équipé d'un système de chauffage individuel. Elle concerne les propriétaires de leur logement. L'installation doit être faite par un professionnel. Le montant de la prime est de  150 € . La prime n'est pas cumulable avec d'autres dispositifs (par exemple, prime  Coup de pouce économies d'énergie . \n Vous devez sélectionner une entreprise signataire de la charte  Coup de pouce thermostat avec régulation performante  (ou un de ses partenaires).  Ce sont principalement les vendeurs d'énergie. Ensuite, vous devez accepter l'offre de l'entreprise signataire (ou de son partenaire) correspondant à vos travaux d'installation avant de signer le devis de vos travaux. Puis vous devez signer le devis proposé par le professionnel que vous avez choisi pour vos travaux. L'installation doit inclure : pour un système de chauffage avec boucle d'eau chaude, une régulation de température de classes VI, VII ou VIII, pour un système de chauffage sans boucle d'eau chaude, une régulation automatique de la température par pièce ou, si cela est justifié, par zone de chauffage. Les classes sont définies de la manière suivante : VI correspond à la régulation sur température extérieure et sonde d'ambiance, utilisée avec des émetteurs de chaleur modulant VII correspond à la régulation sur température extérieure et sonde d'ambiance, utilisée avec des émetteurs de chaleur ON/OFF VIII correspond à la régulation multi-zones par sondes de température, utilisée avec des émetteurs de chaleur modulant La facture doit  mentionner les éléments suivants : Mise en place d'un programmateur par intermittence au sens de la norme de l'Association française de normalisation (Afnor) EN 12098-5 Classe de régulation de température de l'équipement ou intégration d'une régulation automatique par pièce ou zone de chauffage, selon la nature du système de chauffage Enfin, vous devez envoyer la facture à l'entreprise signataire de la charte (ou à son partenaire) que vous avez sélectionnée. pour vous aider dans votre démarche, vous pouvez gratuitement faire appel à un conseiller spécialisé en rénovation énergétique.\n\n",
    "link": "https://www.service-public.fr/particuliers/vosdroits/F35338",
    "name": "F35338--demarche-marche-8.json",
    "arborescence": {
        "audience": "Particuliers",
        "theme": "Logement",
        "dossier": "Aides et prêts pour l'amélioration et la rénovation énergétique de l'habitat",
        "sous_dossier": "Aides financières",
        "titre": "Prime \"Coup de pouce thermostat avec régulation performante\""
    }
}