{
    "text": "Droit de grève dans la fonction publique : La grève est une cessation collective et concertée du travail destinée à appuyer des revendications professionnelles. Le droit de grève est reconnu aux agents publics. L'exercice du droit de grève est soumis à un préavis, fait l'objet de certaines limitations et entraîne des retenues sur rémunération. Effets sur la rémunération: Territoriale (FPT) L'absence de service fait donne lieu à une retenue proportionnelle à la durée de la grève, en comparant cette durée aux obligations de service auxquelles l'agent était soumis pendant la période de grève. Ainsi, la retenue est égale à : 1/30 è pour une journée d'absence, 1/60 è pour une demi-journée d'absence, 1/151,67 è par heure d'absence. Pour un agent qui assure son service sous forme de gardes de 24 heures suivies d'un repos, et dont le nombre total est fixé pour l'année, l'administration doit prendre en compte le nombre de gardes non effectuées par rapport au nombre moyen de gardes par mois. Par exemple, un agent dont le service consiste à accomplir 120 gardes de 24 heures par an, soit en moyenne 10 gardes par mois : s'il n'effectue pas 2 gardes pour grève, la retenue sur rémunération sera égale à 2/10 mes de la rémunération du mois considéré (et non pas à 2/30 mes ). La retenue est calculée sur l'ensemble de la rémunération : traitement indiciaire, indemnité de résidence, primes et indemnités. Les primes versées annuellement sont incluses dans l'assiette de calcul de la retenue. Elles doivent être ramenées à un équivalent moyen mensuel, sur la base du montant versé au cours de l'année précédente, afin de calculer le montant du 30 me à retenir. En revanche, le supplément familial de traitement (SFT) est maintenu en intégralité. Les remboursements de frais ne sont pas pris en compte. La retenue ne doit pas dépasser la quotité saisissable de la rémunération . Aucun texte n'impose que la retenue soit effectuée sur la rémunération du mois au cours duquel la grève a eu lieu. Mais elle doit être calculée sur la rémunération de ce mois-là. La partie de la rémunération non versée n'est pas soumise à cotisation. Si la grève dure plusieurs jours consécutifs, le nombre de 30 mes retenus est égal au nombre de jours compris du 1 er jour inclus au dernier jour inclus de grève. Ce décompte s'applique même si, durant certaines de ces journées, l'agent n'avait aucun service à accomplir (jours fériés, congés, week-ends). Ainsi, par exemple, lorsqu'un agent fait grève un vendredi et le lundi suivant, il lui est retenu 4/30 mes . les jours de grève ne donnant pas lieu à cotisation retraite ne sont pas pris en compte pour la retraite.",
    "text_reader": "\n La grève est une cessation collective et concertée du travail destinée à appuyer des revendications professionnelles. Le droit de grève est reconnu aux agents publics. L'exercice du droit de grève est soumis à un préavis, fait l'objet de certaines limitations et entraîne des retenues sur rémunération. \n Territoriale (FPT)\nL'absence de service fait donne lieu à une retenue proportionnelle à la durée de la grève, en comparant cette durée aux obligations de service auxquelles l'agent  était soumis pendant la période de grève. Ainsi, la retenue est égale à :\n1/30 è  pour une journée d'absence,\n1/60 è  pour une demi-journée d'absence,\n1/151,67 è  par heure d'absence.\nPour un agent qui assure son service sous forme de gardes de 24 heures suivies d'un repos, et dont le nombre total est fixé pour l'année, l'administration doit prendre en compte le nombre de gardes non effectuées par rapport au nombre moyen de gardes par mois. \nPar exemple, un agent dont le service consiste à accomplir 120 gardes de 24 heures par an, soit en moyenne 10 gardes par mois : s'il n'effectue pas 2 gardes pour grève, la retenue sur rémunération sera égale à 2/10 mes  de la rémunération du mois considéré (et non pas à 2/30 mes ).\nLa retenue est calculée sur l'ensemble de la rémunération : traitement indiciaire, indemnité de résidence, primes et indemnités.\nLes primes versées annuellement sont incluses dans l'assiette de calcul de la retenue. Elles doivent être ramenées à un équivalent moyen mensuel, sur la base du montant versé  au cours de l'année précédente, afin de calculer le montant du 30 me  à retenir.\nEn revanche, le  supplément familial de traitement (SFT)  est maintenu en intégralité. Les remboursements de frais ne sont pas pris en compte.\nLa retenue ne doit pas dépasser  la  quotité saisissable de la rémunération .\nAucun texte n'impose que la retenue soit effectuée sur la rémunération du mois au cours duquel la grève a eu lieu. Mais elle doit être calculée sur la rémunération de ce mois-là.\nLa partie de la rémunération non versée n'est pas soumise à cotisation.\nSi la grève dure  plusieurs jours consécutifs, le nombre de 30 mes  retenus  est égal au nombre de  jours compris du 1 er  jour inclus au dernier jour inclus de grève. Ce décompte s'applique même si, durant certaines de ces journées, l'agent n'avait aucun service à accomplir  (jours fériés, congés, week-ends). Ainsi, par exemple, lorsqu'un agent fait grève un vendredi et le lundi suivant, il lui est retenu 4/30 mes .\nles jours de grève ne donnant pas lieu à cotisation retraite ne sont pas pris en compte pour la retraite.",
    "link": "https://www.service-public.fr/particuliers/vosdroits/F499",
    "name": "F499--effets-sur-ration-26--territoria-le-fpt-18.json",
    "arborescence": {
        "audience": "Particuliers",
        "theme": "Travail",
        "dossier": "Conflits du travail dans la fonction publique",
        "sous_dossier": "",
        "titre": "Droit de grève dans la fonction publique"
    }
}