{
    "text": "Disponibilité d'un fonctionnaire : La disponibilité est la situation du fonctionnaire qui cesse temporairement d'exercer son activité dans la fonction publique. Elle peut être accordée pour différents motifs. Le fonctionnaire en disponibilité cesse de bénéficier de sa rémunération, de ses droits à avancement (sauf dans certains cas) et de ses droits à la retraite, sauf, sous certaines conditions, s'il exerce une autre activité. Les conditions de réintégration varient selon sa fonction publique d'appartenance. Fonction publique d'État (FPE): Donner des soins à un proche: Fonctionnaire exerçant une activité Si vous exercez une activité rémunérée, vous relevez du régime de protection sociale de votre nouvelle activité professionnelle.",
    "text_reader": "\n La disponibilité est la situation du fonctionnaire qui cesse temporairement d'exercer son activité dans la fonction publique. Elle peut être accordée pour différents motifs. Le fonctionnaire en disponibilité cesse de bénéficier de sa rémunération, de ses droits à avancement (sauf dans certains cas) et de ses droits à la retraite, sauf, sous certaines conditions, s'il exerce une autre activité. Les conditions de réintégration varient selon sa fonction publique d'appartenance. \n Fonctionnaire exerçant une activité\nSi vous exercez une activité rémunérée, vous relevez du régime de protection sociale de votre nouvelle activité professionnelle.",
    "link": "https://www.service-public.fr/particuliers/vosdroits/F544",
    "name": "F544--fonction-p-at-fpe-30--donner-des-proche-28--fonctionna-tivite-35.json",
    "arborescence": {
        "audience": "Particuliers",
        "theme": "Travail",
        "dossier": "Mobilité dans la fonction publique",
        "sous_dossier": "",
        "titre": "Disponibilité d'un fonctionnaire"
    }
}