{
    "text": "Taxe foncière sur les propriétés bâties (TFPB) : La taxe foncière sur les propriétés bâties (TFPB) est due par les propriétaires ou usufruitiers de propriétés bâties. Il existe certaines exonérations, liées à la propriété ou à la personne propriétaire. Déclaration: Si votre propriété n'a pas été modifiée dans l'année, vous n'avez rien à faire. En revanche, vous devez faire une déclaration s'il s'agit d'une construction nouvelle ou d'une modification du bâtiment (agrandissement par exemple). Propriété modifiée Vous devez faire une déclaration lorsque vous avez transformé, restauré ou aménagé une construction existante. Adressez la déclaration au centre des finances publiques dont dépend la propriété dans les 90 jours suivant la fin des travaux.",
    "text_reader": "\n La taxe foncière sur les propriétés bâties (TFPB) est due par les propriétaires ou usufruitiers de propriétés bâties. Il existe certaines exonérations, liées à la propriété ou à la personne propriétaire. \n Si votre propriété n'a pas été modifiée dans l'année, vous n'avez rien à faire. En revanche, vous devez faire une déclaration  s'il s'agit d'une construction nouvelle ou d'une modification du bâtiment (agrandissement par exemple).\n\nPropriété modifiée\nVous devez faire une déclaration lorsque vous avez  transformé, restauré ou aménagé une construction existante.\nAdressez la déclaration au centre des finances publiques dont dépend la propriété  dans les 90 jours suivant la fin des travaux.",
    "link": "https://www.service-public.fr/particuliers/vosdroits/F59",
    "name": "F59--declaratio-ration-11--propriete--difiee-18.json",
    "arborescence": {
        "audience": "Particuliers",
        "theme": "Argent",
        "dossier": "Impôts locaux",
        "sous_dossier": "",
        "titre": "Taxe foncière sur les propriétés bâties (TFPB)"
    }
}