{
    "text": "Inaptitude au travail d'un salarié après un arrêt maladie : Le médecin du travail peut déclarer votre inaptitude à reprendre votre emploi à l'issue d'un arrêt de travail, en fonction des conséquences de votre maladie. Toutefois, vous pouvez être déclaré apte à exercer d'autres fonctions. Dans ce cas, vous pouvez bénéficier, sous conditions, d'un reclassement dans l'entreprise vers un emploi adapté à vos capacités physiques. Rupture du contrat: Vous êtes en CDI Vous pouvez être licencié pour inaptitude si l'une des conditions suivantes est remplie : Vous avez refusé l'emploi que votre employeur vous a proposé Votre employeur justifie de l'impossibilité de vous proposer un emploi L'avis mentionne que votre maintien dans un emploi serait gravement préjudiciable pour votre santé L'avis mentionne que votre état de santé rend impossible tout reclassement dans un emploi",
    "text_reader": "\n Le médecin du travail peut déclarer votre inaptitude à reprendre votre emploi à l'issue d'un arrêt de travail, en fonction des conséquences de votre maladie. Toutefois, vous pouvez être déclaré apte à exercer d'autres fonctions. Dans ce cas, vous pouvez bénéficier, sous conditions, d'un reclassement dans l'entreprise vers un emploi adapté à vos capacités physiques. \n Vous êtes en CDI\nVous pouvez être  licencié pour inaptitude  si l'une des conditions suivantes est remplie :\nVous avez refusé l'emploi que votre employeur vous a proposé\nVotre employeur justifie de l'impossibilité de vous proposer un emploi\nL'avis mentionne que votre maintien dans un emploi serait gravement préjudiciable pour votre santé\nL'avis mentionne que votre état de santé rend impossible tout reclassement dans un emploi",
    "link": "https://www.service-public.fr/particuliers/vosdroits/F726",
    "name": "F726--rupture-du-ontrat-18--vous-etes--en-cdi-16.json",
    "arborescence": {
        "audience": "Particuliers",
        "theme": "Travail",
        "dossier": "Maladie ou accident du travail dans le secteur privé",
        "sous_dossier": "Arrêt maladie",
        "titre": "Inaptitude au travail d'un salarié après un arrêt maladie"
    }
}