{
    "text": "Douanes : sortir de France avec des produits ou marchandises : Avant de partir à l'étranger avec des marchandises, vous devez vérifier que l'exportation de ces marchandises est autorisée ou qu'elle n'est pas soumise à des formalités. Par téléphone: 0 811 20 44 44 Ouvert du lundi au vendredi de 8h30 à 18h Numéro violet ou majoré : service 0,06 € /min + prix d'un appel Hors métropole ou depuis l'étranger, composer le +33 1 72 40 78 50 ",
    "text_reader": "\n Avant de partir à l'étranger avec des marchandises, vous devez vérifier que l'exportation de ces marchandises est autorisée ou qu'elle n'est pas soumise  à des formalités. \n  \t\t\t 0 811 20 44 44    \t\t\tOuvert du lundi au vendredi de 8h30 à 18h Numéro violet ou majoré : service  0,06 €  /min + prix d'un appel  \t\t\tHors métropole ou depuis l'étranger, composer le +33 1 72 40 78 50 \t\t\n\n",
    "link": "https://www.service-public.fr/particuliers/vosdroits/F799",
    "name": "F799--par-teleph-ephone-13.json",
    "arborescence": {
        "audience": "Particuliers",
        "theme": "Argent",
        "dossier": "Douane",
        "sous_dossier": "Transfert de marchandises",
        "titre": "Douanes : sortir de France avec des produits ou marchandises"
    }
}