{
    "text": "Accueil d'un enfant dans une halte-garderie : La halte-garderie accueille les enfants de moins de 3 ans de façon occasionnelle quelle que soit la situation familiale et professionnelle des parents. L'enfant est accueilli par un personnel qualifié. Les conditions d'inscription varient selon les établissements. Le coût varie en fonction de vos revenus et de votre charge de famille. Inscription: Choix de l'établissement Pour trouver une halte-garderie, vous pouvez consulter les coordonnées des différents établissements sur le site de la caisse d'allocations familiales (Caf). le site de la Caf ne donne pas d'indication quant au nombre de places disponibles. Démarches Les conditions d'inscription varient selon les établissements. Il faut contacter préalablement la personne responsable de l'établissement choisi (directrice, puéricultrice...) pour connaître les démarches à effectuer en vue de l'inscription de votre enfant. L'accueil effectif ( admission ) de votre enfant dépend du nombre de places disponibles au sein de l'établissement. En général, celui-ci est d'au minimum 9 places.",
    "text_reader": "\n La halte-garderie accueille les enfants de moins de 3 ans de façon occasionnelle quelle que soit la situation familiale et professionnelle des parents.\n\t\t\n\t\t\tL'enfant est accueilli par un personnel qualifié. Les conditions d'inscription varient selon les établissements. Le coût varie en fonction de vos revenus et de votre charge de famille. \n Inscription\nChoix de l'établissement\nPour trouver une halte-garderie, vous pouvez consulter les coordonnées des différents établissements sur le site de la caisse d'allocations familiales (Caf).\nle site de la Caf ne donne pas d'indication quant au nombre de places disponibles.\nDémarches\nLes conditions d'inscription varient selon les établissements.\nIl faut contacter préalablement la personne responsable de l'établissement choisi (directrice, puéricultrice...) pour connaître les démarches à effectuer en vue de l'inscription de votre enfant.\nL'accueil effectif ( admission ) de votre enfant dépend du nombre de places disponibles au sein de l'établissement. En général, celui-ci est d'au minimum 9 places.",
    "link": "https://www.service-public.fr/particuliers/vosdroits/F853",
    "name": "F853--inscriptio-iption-11.json",
    "arborescence": {
        "audience": "Particuliers",
        "theme": "Famille",
        "dossier": "Garde d'enfants en bas âge",
        "sous_dossier": "",
        "titre": "Accueil d'un enfant dans une halte-garderie"
    }
}