{
    "text": "Quelles sont les conditions pour obtenir un logement social ? : Pour obtenir un logement social (ou logement HLM ), il faut en faire la demande et respecter notamment des conditions de revenu. Le montant du revenu maximum admis dépend du type de logement, de sa localisation et du nombre de personnes à loger. Pour un logement social situé dans les Dom , des montants spécifiques maximum s'appliquent. Ils ne sont pas présentés sur cette page. Cas général: Conditions de revenu: Pour obtenir un logement, votre revenu annuel ne doit pas dépasser un montant maximum. 3 personnes Nombre de personnes à loger PLAI PLUS PLS Cas général 20 110 € 33 516 € 43 571 € 1 personne + 2 personnes à charge 22 376 € 40 462 € 52 601 € Au moins 1 personne a la carte mobilité inclusion invalidité 22 376 € 40 462 € 52 601 € ",
    "text_reader": "\n Pour  obtenir un logement social (ou  logement HLM ), il faut en faire la demande et  respecter notamment des conditions de revenu. Le montant du revenu maximum admis  dépend du type de logement,  de sa localisation et du nombre de personnes à loger.   Pour un  logement social situé dans les  Dom , des  montants spécifiques maximum s'appliquent. Ils ne sont pas présentés sur cette page. \n Pour obtenir un logement, votre revenu annuel ne doit pas dépasser un montant maximum.\n\n3 personnes\nNombre de  personnes à loger \n\n\n PLAI \n\n\n PLUS \n\n\n PLS \n\nCas général\n\n 20 110 € \n\n\n 33 516 € \n\n\n 43 571 € \n\n1 personne + 2 personnes à charge\n\n 22 376 € \n\n\n 40 462 € \n\n\n 52 601 € \n\nAu moins 1 personne a la carte mobilité inclusion invalidité\n\n 22 376 € \n\n\n 40 462 € \n\n\n 52 601 € \n",
    "link": "https://www.service-public.fr/particuliers/vosdroits/F869",
    "name": "F869--cas-genera-eneral-11--conditions-revenu-20--3-personne-sonnes-11.json",
    "arborescence": {
        "audience": "Particuliers",
        "theme": "Logement",
        "dossier": "Accéder à un logement social",
        "sous_dossier": "",
        "titre": "Quelles sont les conditions pour obtenir un logement social ?"
    }
}