{
    "text": "Journée défense et citoyenneté (JDC) : La journée défense et citoyenneté (JDC) est une journée d'information sur les droits du citoyen, ses devoirs et le fonctionnement des institutions. La JDC fait suite au recensement militaire (ou \"recensement citoyen\"). Vous devez y participer avant votre 18 e anniversaire (ou avant votre 25 e anniversaire dans certains cas). La date et le lieu de votre JDC sont indiqués dans l'ordre de convocation que vous recevrez. Si vous habitez à l'étranger, la JDC peut également y être organisée. Jeune vivant en France: Droits et obligations après la JDC: Par mail",
    "text_reader": "\n La journée défense et citoyenneté (JDC) est une journée d'information sur les  droits du citoyen, ses  devoirs et le fonctionnement des institutions. La JDC fait suite au recensement militaire (ou \"recensement citoyen\"). Vous devez y participer avant  votre 18 e  anniversaire (ou avant votre 25 e  anniversaire dans certains cas). La date et le lieu de votre JDC sont indiqués dans l'ordre de convocation que vous recevrez. Si vous habitez à l'étranger, la JDC peut également y être organisée. \n Par mail",
    "link": "https://www.service-public.fr/particuliers/vosdroits/F871",
    "name": "F871--jeune-viva-france-22--droits-et--la-jdc-34--par-mail-r-mail-8.json",
    "arborescence": {
        "audience": "Particuliers",
        "theme": "Papiers - Citoyenneté",
        "dossier": "Recensement, JDC et service national",
        "sous_dossier": "",
        "titre": "Journée défense et citoyenneté (JDC)"
    }
}