{
    "text": "Un salarié peut-il percevoir l'allocation chômage en cas de démission ? : En principe, vous ne bénéficiez pas de l'allocation de retour à l'emploi (ARE) si vous démissionnez. Toutefois, dans certains cas précis, votre démission peut être considérée comme légitime par Pôle emploi. Elle ouvre alors droit à l'ARE dans les conditions habituelles. Si votre démission ne peut pas être considérée comme légitime, vous pouvez demander un réexamen ultérieur de votre dossier. Vous pouvez éventuellement bénéficier d'un reliquat de droits à l'ARE. Déménagement: Pour suivre vos parents (si vous êtes mineur) Votre démission est légitime si vous avez moins de 18 ans et que vous suivez vos parents (ou la personne qui exerce l'autorité parentale) qui déménagent. La démission doit être motivée par le déménagement. Si votre démission n'est pas considérée comme légitime, vous ne pouvez pas percevoir l'ARE. Toutefois, après 121 jours de chômage (4 mois environ), vous pouvez demander à Pôle emploi le réexamen de votre situation pour obtenir l'ARE. Une instance paritaire régionale se charge alors de vérifier les 2 conditions suivantes : Vous remplissez les conditions d'attribution de l'ARE (autres que la condition de privation involontaire d'emploi) Vous apportez des éléments attestant de vos recherches actives d'emploi, vos éventuelles reprises d'emploi de courte durée et vos démarches pour entreprendre des formations. Si votre demande est acceptée, le point de départ du versement de l'ARE est fixé au 122 e jour de chômage.",
    "text_reader": "\n En principe, vous ne bénéficiez pas de l'allocation de retour à l'emploi (ARE) si vous démissionnez. Toutefois, dans certains cas précis, votre démission peut être considérée comme légitime par Pôle emploi. Elle ouvre alors droit à l'ARE dans les conditions habituelles. Si votre démission ne peut pas être considérée comme légitime, vous pouvez demander un réexamen ultérieur de votre dossier. Vous pouvez éventuellement bénéficier d'un reliquat de droits à l'ARE. \n Pour suivre vos parents (si vous êtes mineur)\nVotre démission est légitime si vous avez moins de 18 ans et que vous suivez vos parents (ou la personne qui exerce l'autorité parentale) qui déménagent. La démission doit être motivée par le déménagement.\nSi votre démission n'est pas considérée comme légitime, vous ne pouvez pas percevoir l'ARE.\nToutefois, après 121 jours de chômage (4 mois environ), vous pouvez demander à Pôle emploi le réexamen de votre situation pour obtenir l'ARE.\nUne instance paritaire régionale  se charge alors de vérifier les 2 conditions suivantes :\nVous remplissez les  conditions d'attribution  de l'ARE (autres que  la condition de privation involontaire d'emploi)\nVous apportez des éléments attestant de vos recherches actives d'emploi, vos éventuelles reprises d'emploi de courte durée et vos démarches pour entreprendre des formations.\nSi votre demande est acceptée, le point de départ du versement de l'ARE est fixé au 122 e  jour de chômage.",
    "link": "https://www.service-public.fr/particuliers/vosdroits/F89",
    "name": "F89--demenageme-gement-12--pour-suivr-mineur-45.json",
    "arborescence": {
        "audience": "Particuliers",
        "theme": "Travail",
        "dossier": "Rupture du contrat de travail dans le secteur privé",
        "sous_dossier": "",
        "titre": "Un salarié peut-il percevoir l'allocation chômage en cas de démission ?"
    }
}