{
    "text": "Prêt étudiant garanti par l'État : Le prêt étudiant est un prêt créé pour aider les jeunes de moins de 28 ans à financer leurs études. Il est octroyé uniquement par les banques partenaires de l'opération. Le prêt doit être remboursé avec les intérêts, mais le remboursement peut être différé à la fin des études. L’État garantit le prêt, dans la limite d'un budget spécial voté chaque année. Lorsque ce budget est épuisé avant la fin de l'année, les banques partenaires cessent d'octroyer les prêts ou exigent des garanties. De quoi s'agit-il ?: Le prêt étudiant garanti par l'État vous permet d'emprunter de l'argent pour financer vos études, sans devoir fournir à la banque la caution d'un proche ou une preuve de revenus. le nombre de prêts étudiants garantis par l'État accordés par an est limité. ",
    "text_reader": "\n Le prêt étudiant est un prêt créé pour aider les jeunes de moins de 28 ans à financer leurs  études. Il est octroyé uniquement par les banques partenaires de l'opération. Le prêt   doit être remboursé avec les intérêts, mais le remboursement peut être  différé à la fin des études. L’État  garantit le prêt,  dans la limite d'un budget spécial voté chaque année. Lorsque ce budget est épuisé avant la fin de l'année, les banques partenaires cessent d'octroyer les prêts ou exigent des garanties. \n Le prêt étudiant garanti par l'État vous permet d'emprunter  de l'argent   pour financer vos études, sans devoir fournir à la banque la caution d'un proche ou une  preuve de  revenus. le nombre de prêts étudiants garantis par l'État  accordés par an est limité.\n\n",
    "link": "https://www.service-public.fr/particuliers/vosdroits/F986",
    "name": "F986--de-quoi-sa-git-il-19.json",
    "arborescence": {
        "audience": "Particuliers",
        "theme": "Argent",
        "dossier": "Crédit à la consommation",
        "sous_dossier": "Différents types de crédit",
        "titre": "Prêt étudiant garanti par l'État"
    }
}